Track;Slice;X;Y;Distance;Velocity;Pixel;Sample
T1;2;1624;208;3.390;3.390;-10262430;Fibronectin
T1;3;1622;210;0.959;0.959;-9338771;Fibronectin
T1;4;1624;206;1.516;1.516;-10325152;Fibronectin
T1;5;1618;212;2.877;2.877;-9465480;Fibronectin
T1;6;1618;210;0.678;0.678;-8938884;Fibronectin
T1;7;1620;200;3.457;3.457;-10189731;Fibronectin
T1;8;1620;200;0.000;0.000;-9995424;Fibronectin
T1;9;1622;198;0.959;0.959;-10058899;Fibronectin
T1;10;1622;194;1.356;1.356;-10189715;Fibronectin
T1;11;1622;194;0.000;0.000;-9734542;Fibronectin
T1;12;1618;192;1.516;1.516;-9665426;Fibronectin
T1;13;1620;190;0.959;0.959;-8678282;Fibronectin
T1;14;1616;184;2.445;2.445;-8548227;Fibronectin
T1;15;1616;182;0.678;0.678;-9995925;Fibronectin
T1;16;1616;182;0.000;0.000;-8810380;Fibronectin
T1;17;1610;184;2.144;2.144;-9204626;Fibronectin
T1;18;1610;186;0.678;0.678;-10390183;Fibronectin
T1;19;1604;186;2.034;2.034;-8153472;Fibronectin
T1;20;1604;188;0.678;0.678;-8480912;Fibronectin
T1;21;1606;180;2.795;2.795;-10650532;Fibronectin
T1;22;1606;180;0.000;0.000;-9204366;Fibronectin
T1;23;1610;172;3.032;3.032;-9664652;Fibronectin
T1;24;1614;166;2.445;2.445;-10125217;Fibronectin
T1;25;1616;164;0.959;0.959;-9532037;Fibronectin
T1;26;1616;164;0.000;0.000;-8745104;Fibronectin
T1;27;1610;164;2.034;2.034;-9995147;Fibronectin
T1;28;1608;166;0.959;0.959;-9403036;Fibronectin
T1;29;1606;166;0.678;0.678;-9008024;Fibronectin
T1;30;1604;162;1.516;1.516;-9996178;Fibronectin
T1;31;1600;162;1.356;1.356;-10588321;Fibronectin
T1;32;1598;162;0.678;0.678;-10919080;Fibronectin
T1;33;1600;160;0.959;0.959;-9405338;Fibronectin
T1;34;1600;158;0.678;0.678;-9930391;Fibronectin
T1;35;1600;158;0.000;0.000;-9865879;Fibronectin
T1;36;1600;160;0.678;0.678;-8939662;Fibronectin
T1;37;1598;156;1.516;1.516;-10256025;Fibronectin
T1;38;1594;152;1.918;1.918;-9666970;Fibronectin
T1;39;1592;142;3.457;3.457;-9471621;Fibronectin
T1;40;1592;142;0.000;0.000;-9668248;Fibronectin
T1;41;1596;128;4.936;4.936;-9404298;Fibronectin
T1;42;1596;128;0.000;0.000;-9536912;Fibronectin
T1;43;1596;124;1.356;1.356;-9537167;Fibronectin
T1;44;1596;124;0.000;0.000;-9997214;Fibronectin
T1;45;1598;120;1.516;1.516;-9207185;Fibronectin
T1;46;1598;118;0.678;0.678;-10526871;Fibronectin
T1;47;1598;110;2.712;2.712;-9204879;Fibronectin
T1;48;1600;98;4.124;4.124;-9534873;Fibronectin
T1;49;1600;98;0.000;0.000;-10059410;Fibronectin
T1;50;1598;92;2.144;2.144;-9334153;Fibronectin
T1;51;1600;86;2.144;2.144;-10457481;Fibronectin
T1;52;1604;82;1.918;1.918;-9800347;Fibronectin
T1;53;1608;76;2.445;2.445;-10060178;Fibronectin
T1;54;1614;74;2.144;2.144;-9997465;Fibronectin
T1;55;1614;74;0.000;0.000;-10325141;Fibronectin
T1;56;1620;72;2.144;2.144;-10261651;Fibronectin
T1;57;1620;72;0.000;0.000;-11050656;Fibronectin
T1;58;1616;76;1.918;1.918;-10196386;Fibronectin
T1;59;1614;72;1.516;1.516;-11905703;Fibronectin
T1;60;1614;72;0.000;0.000;-8813444;Fibronectin
T1;61;1620;76;2.445;2.445;-10654615;Fibronectin
T1;62;1620;76;0.000;0.000;-9208452;Fibronectin
T1;63;1616;72;1.918;1.918;-9077893;Fibronectin
T1;64;1620;72;1.356;1.356;-10784912;Fibronectin
T1;65;1618;72;0.678;0.678;-9865350;Fibronectin
T1;66;1618;70;0.678;0.678;-10262420;Fibronectin
T1;67;1614;74;1.918;1.918;-11117989;Fibronectin
T1;68;1614;74;0.000;0.000;-10128538;Fibronectin
T1;69;1602;70;4.288;4.288;-11379880;Fibronectin
T1;70;1602;68;0.678;0.678;-10653853;Fibronectin
T1;71;1604;70;0.959;0.959;-10389905;Fibronectin
T1;72;1602;72;0.959;0.959;-11048344;Fibronectin
T1;73;1602;72;0.000;0.000;-11643303;Fibronectin
T1;74;1602;68;1.356;1.356;-10136456;Fibronectin
T1;75;1604;64;1.516;1.516;-8290683;Fibronectin
T1;76;1610;60;2.445;2.445;-10658959;Fibronectin
T1;77;1612;54;2.144;2.144;-10863506;Fibronectin
T1;78;1614;52;0.959;0.959;-10918559;Fibronectin
T1;79;1612;54;0.959;0.959;-10588824;Fibronectin
T1;80;1608;54;1.356;1.356;-11185052;Fibronectin
T1;81;1608;52;0.678;0.678;-9014392;Fibronectin
T1;82;1612;48;1.918;1.918;-10731665;Fibronectin
T1;83;1616;44;1.918;1.918;-10327192;Fibronectin
T1;84;1614;48;1.516;1.516;-11379361;Fibronectin
T1;85;1614;48;0.000;0.000;-10327444;Fibronectin
T1;86;1614;48;0.000;0.000;-9799834;Fibronectin
T1;87;1614;48;0.000;0.000;-10852248;Fibronectin
T1;88;1618;42;2.445;2.445;-11050917;Fibronectin
T1;89;1618;34;2.712;2.712;-10457757;Fibronectin
T1;90;1586;38;10.932;10.932;-9801877;Fibronectin
T1;91;1576;40;3.457;3.457;-9341328;Fibronectin
T1;92;1574;34;2.144;2.144;-9469583;Fibronectin
T1;93;1580;36;2.144;2.144;-11446946;Fibronectin
T1;94;1574;38;2.144;2.144;-10988972;Fibronectin
T1;95;1582;38;2.712;2.712;-9669013;Fibronectin
T1;96;1578;38;1.356;1.356;-10061980;Fibronectin
T1;97;1576;34;1.516;1.516;-11704225;Fibronectin
T1;98;1576;36;0.678;0.678;-11443871;Fibronectin
T1;99;1578;38;0.959;0.959;-10983582;Fibronectin
T1;100;1576;42;1.516;1.516;-12167597;Fibronectin
T1;101;1574;44;0.959;0.959;-11643820;Fibronectin
T1;102;1576;42;0.959;0.959;-11248032;Fibronectin
T1;103;1580;36;2.445;2.445;-11447975;Fibronectin
T1;104;1582;32;1.516;1.516;-12038832;Fibronectin
T1;105;1582;34;0.678;0.678;-12891320;Fibronectin
T1;106;1582;36;0.678;0.678;-10658976;Fibronectin
T1;107;1588;36;2.034;2.034;-12560559;Fibronectin
T1;108;1588;38;0.678;0.678;-11181228;Fibronectin
T1;109;1596;40;2.795;2.795;-8158084;Fibronectin
T1;110;1612;46;5.793;5.793;-10388622;Fibronectin
T1;111;1638;56;9.443;9.443;-13810879;Fibronectin
T1;112;1636;62;2.144;2.144;-11638178;Fibronectin
T1;113;1634;66;1.516;1.516;-10461337;Fibronectin
T1;114;1640;64;2.144;2.144;-12368556;Fibronectin
T1;115;1644;60;1.918;1.918;-7831680;Fibronectin
T1;116;1664;56;6.914;6.914;-12563895;Fibronectin
T1;117;1668;58;1.516;1.516;-12628923;Fibronectin
T1;118;1672;56;1.516;1.516;-12364206;Fibronectin
T1;119;1676;56;1.356;1.356;-11970477;Fibronectin
T1;120;1676;56;0.000;0.000;-12033200;Fibronectin
T1;121;1678;52;1.516;1.516;-13355441;Fibronectin
T1;122;1684;48;2.445;2.445;-12625584;Fibronectin
T1;123;1692;44;3.032;3.032;-10653855;Fibronectin
T1;124;1694;44;0.678;0.678;-12962990;Fibronectin
T1;125;1702;42;2.795;2.795;-12167327;Fibronectin
T1;126;1708;36;2.877;2.877;-10852265;Fibronectin
T1;127;1712;28;3.032;3.032;-13490877;Fibronectin
T1;128;1726;4;9.419;9.419;-11048611;Fibronectin
T1;129;1730;2;1.516;1.516;-10518159;Fibronectin
T10;2;2436;882;3.390;3.390;-11714468;Fibronectin
T10;3;2436;882;0.000;0.000;-11845025;Fibronectin
T10;4;2436;882;0.000;0.000;-10658467;Fibronectin
T10;5;2428;866;6.064;6.064;-9210518;Fibronectin
T10;6;2430;854;4.124;4.124;-8885380;Fibronectin
T10;7;2436;844;3.953;3.953;-10658726;Fibronectin
T10;8;2432;840;1.918;1.918;-10128542;Fibronectin
T10;9;2426;828;4.548;4.548;-10258845;Fibronectin
T10;10;2430;792;12.279;12.279;-11185060;Fibronectin
T10;11;2440;772;7.580;7.580;-10924200;Fibronectin
T10;12;2460;766;7.079;7.079;-10063258;Fibronectin
T10;13;2474;760;5.163;5.163;-10331293;Fibronectin
T10;14;2486;750;5.295;5.295;-10919080;Fibronectin
T10;15;2496;748;3.457;3.457;-9743768;Fibronectin
T10;16;2504;754;3.390;3.390;-10653590;Fibronectin
T10;17;2504;754;0.000;0.000;-9867160;Fibronectin
T10;18;2524;762;7.302;7.302;-10324888;Fibronectin
T10;19;2528;764;1.516;1.516;-9406355;Fibronectin
T10;20;2546;788;10.170;10.170;-10130842;Fibronectin
T10;21;2554;800;4.889;4.889;-11252898;Fibronectin
T10;22;2548;816;5.793;5.793;-8687238;Fibronectin
T10;23;2552;836;6.914;6.914;-13026239;Fibronectin
T10;24;2554;840;1.516;1.516;-10656159;Fibronectin
T10;25;2552;838;0.959;0.959;-11906212;Fibronectin
T10;26;2550;838;0.678;0.678;-13288882;Fibronectin
T10;27;2550;844;2.034;2.034;-12561836;Fibronectin
T10;28;2552;842;0.959;0.959;-9602960;Fibronectin
T10;29;2552;846;1.356;1.356;-10520709;Fibronectin
T10;30;2550;848;0.959;0.959;-12828850;Fibronectin
T10;31;2554;850;1.516;1.516;-9863822;Fibronectin
T10;32;2554;846;1.356;1.356;-11051166;Fibronectin
T10;33;2552;848;0.959;0.959;-10661549;Fibronectin
T10;34;2550;858;3.457;3.457;-10520475;Fibronectin
T10;35;2548;860;0.959;0.959;-10459307;Fibronectin
T10;36;2536;856;4.288;4.288;-11645101;Fibronectin
T10;37;2532;862;2.445;2.445;-12370627;Fibronectin
T10;38;2532;868;2.034;2.034;-9535384;Fibronectin
T10;39;2516;870;5.466;5.466;-10655657;Fibronectin
T10;40;2498;864;6.432;6.432;-9666206;Fibronectin
T10;41;2498;864;0.000;0.000;-13030847;Fibronectin
T10;42;2494;852;4.288;4.288;-11977140;Fibronectin
T10;43;2494;840;4.068;4.068;-9473954;Fibronectin
T10;44;2490;822;6.251;6.251;-11779242;Fibronectin
T10;45;2478;812;5.295;5.295;-9868712;Fibronectin
T10;46;2482;802;3.651;3.651;-9078685;Fibronectin
T10;47;2492;804;3.457;3.457;-9078943;Fibronectin
T10;48;2492;800;1.356;1.356;-10725539;Fibronectin
T10;49;2496;790;3.651;3.651;-9074320;Fibronectin
T10;50;2506;788;3.457;3.457;-9144466;Fibronectin
T10;51;2504;782;2.144;2.144;-8945303;Fibronectin
T10;52;2504;780;0.678;0.678;-9667736;Fibronectin
T10;53;2508;768;4.288;4.288;-9336738;Fibronectin
T10;54;2506;756;4.124;4.124;-8355220;Fibronectin
T10;55;2508;754;0.959;0.959;-9734050;Fibronectin
T10;56;2508;750;1.356;1.356;-8681617;Fibronectin
T10;57;2518;748;3.457;3.457;-8809105;Fibronectin
T10;58;2496;740;7.936;7.936;-10062999;Fibronectin
T10;59;2498;730;3.457;3.457;-10196125;Fibronectin
T10;60;2502;698;10.932;10.932;-10004387;Fibronectin
T10;61;2496;678;7.079;7.079;-9341847;Fibronectin
T10;62;2490;668;3.953;3.953;-10659481;Fibronectin
T10;63;2486;648;6.914;6.914;-10917540;Fibronectin
T10;64;2478;646;2.795;2.795;-10323106;Fibronectin
T10;65;2472;652;2.877;2.877;-11585428;Fibronectin
T10;66;2460;646;4.548;4.548;-11259535;Fibronectin
T10;67;2454;636;3.953;3.953;-10133136;Fibronectin
T10;68;2448;630;2.877;2.877;-10921888;Fibronectin
T10;69;2452;624;2.445;2.445;-11576489;Fibronectin
T10;70;2446;620;2.445;2.445;-11181488;Fibronectin
T10;71;2450;616;1.918;1.918;-11315884;Fibronectin
T10;72;2446;608;3.032;3.032;-10721180;Fibronectin
T10;73;2438;618;4.341;4.341;-10986143;Fibronectin
T10;74;2436;610;2.795;2.795;-9473684;Fibronectin
T10;75;2428;612;2.795;2.795;-9804939;Fibronectin
T10;76;2430;606;2.144;2.144;-10725274;Fibronectin
T10;77;2436;606;2.034;2.034;-9474195;Fibronectin
T10;78;2432;600;2.445;2.445;-9014151;Fibronectin
T10;79;2436;596;1.918;1.918;-10593183;Fibronectin
T10;80;2434;592;1.516;1.516;-9211530;Fibronectin
T10;81;2428;594;2.144;2.144;-9412483;Fibronectin
T10;82;2426;588;2.144;2.144;-10722183;Fibronectin
T10;83;2424;586;0.959;0.959;-11636651;Fibronectin
T10;84;2414;576;4.794;4.794;-10195095;Fibronectin
T10;85;2412;560;5.466;5.466;-10849177;Fibronectin
T10;86;2416;544;5.591;5.591;-11248294;Fibronectin
T10;87;2414;534;3.457;3.457;-10193039;Fibronectin
T10;88;2412;514;6.814;6.814;-10065566;Fibronectin
T10;89;2394;522;6.678;6.678;-11315384;Fibronectin
T10;90;2396;522;0.678;0.678;-11119772;Fibronectin
T10;91;2394;510;4.124;4.124;-11780784;Fibronectin
T10;92;2390;500;3.651;3.651;-10798004;Fibronectin
T10;93;2394;484;5.591;5.591;-11713974;Fibronectin
T10;94;2392;482;0.959;0.959;-11388847;Fibronectin
T10;95;2384;476;3.390;3.390;-8949128;Fibronectin
T10;96;2378;464;4.548;4.548;-11908524;Fibronectin
T10;97;2376;456;2.795;2.795;-10326689;Fibronectin
T10;98;2372;450;2.445;2.445;-11706792;Fibronectin
T10;99;2352;432;9.122;9.122;-10329502;Fibronectin
T10;100;2340;422;5.295;5.295;-10656935;Fibronectin
T10;101;2338;416;2.144;2.144;-11383471;Fibronectin
T10;102;2338;416;0.000;0.000;-9276802;Fibronectin
T10;103;2334;416;1.356;1.356;-9931413;Fibronectin
T10;104;2324;416;3.390;3.390;-12571576;Fibronectin
T10;105;2326;412;1.516;1.516;-12573352;Fibronectin
T10;106;2328;410;0.959;0.959;-10066582;Fibronectin
T10;107;2330;408;0.959;0.959;-12309159;Fibronectin
T10;108;2328;404;1.516;1.516;-12704436;Fibronectin
T10;109;2326;404;0.678;0.678;-9278621;Fibronectin
T10;110;2324;402;0.959;0.959;-9205388;Fibronectin
T10;111;2324;402;0.000;0.000;-11453884;Fibronectin
T10;112;2326;404;0.959;0.959;-9216639;Fibronectin
T10;113;2328;398;2.144;2.144;-10402443;Fibronectin
T10;114;2332;394;1.918;1.918;-10268824;Fibronectin
T10;115;2332;394;0.000;0.000;-11783844;Fibronectin
T10;116;2328;392;1.516;1.516;-10727334;Fibronectin
T10;117;2336;392;2.712;2.712;-9873551;Fibronectin
T11;2;1010;174;2.144;2.144;-9943982;Fibronectin
T11;3;1010;168;2.034;2.034;-8302233;Fibronectin
T11;4;1010;168;0.000;0.000;-7374744;Fibronectin
T11;5;1010;166;0.678;0.678;-8616865;Fibronectin
T11;6;1012;166;0.678;0.678;-9009315;Fibronectin
T11;7;1012;166;0.000;0.000;-10593705;Fibronectin
T11;8;1006;152;5.163;5.163;-10461617;Fibronectin
T11;9;1008;158;2.144;2.144;-10976660;Fibronectin
T11;10;1012;162;1.918;1.918;-9548707;Fibronectin
T11;11;1012;156;2.034;2.034;-11837612;Fibronectin
T11;12;1014;156;0.678;0.678;-9474728;Fibronectin
T11;13;1014;154;0.678;0.678;-9207959;Fibronectin
T11;14;1014;148;2.034;2.034;-9930381;Fibronectin
T11;15;1014;146;0.678;0.678;-9476511;Fibronectin
T11;16;1016;142;1.516;1.516;-11443882;Fibronectin
T11;17;1016;142;0.000;0.000;-9279647;Fibronectin
T11;18;1016;142;0.000;0.000;-9078681;Fibronectin
T11;19;1016;142;0.000;0.000;-8158335;Fibronectin
T11;20;1014;138;1.516;1.516;-7699340;Fibronectin
T11;21;1014;134;1.356;1.356;-7960200;Fibronectin
T11;22;1016;130;1.516;1.516;-11247021;Fibronectin
T11;23;1020;132;1.516;1.516;-8555401;Fibronectin
T11;24;1022;126;2.144;2.144;-9608089;Fibronectin
T11;25;1022;124;0.678;0.678;-9403545;Fibronectin
T11;26;1028;120;2.445;2.445;-11507624;Fibronectin
T11;27;1026;122;0.959;0.959;-10257818;Fibronectin
T11;28;1026;122;0.000;0.000;-9735857;Fibronectin
T11;29;1024;122;0.678;0.678;-10068137;Fibronectin
T11;30;1020;120;1.516;1.516;-12702136;Fibronectin
T11;31;1028;132;4.889;4.889;-10261166;Fibronectin
T11;32;1036;138;3.390;3.390;-8354204;Fibronectin
T11;33;1030;134;2.445;2.445;-8351890;Fibronectin
T11;34;1030;132;0.678;0.678;-11767986;Fibronectin
T11;35;1028;130;0.959;0.959;-13481665;Fibronectin
T11;36;1022;134;2.445;2.445;-11835560;Fibronectin
T11;37;1018;136;1.516;1.516;-9211298;Fibronectin
T11;38;1018;138;0.678;0.678;-7300481;Fibronectin
T11;39;1020;134;1.516;1.516;-10656422;Fibronectin
T11;40;1022;134;0.678;0.678;-9267859;Fibronectin
T11;41;1022;140;2.034;2.034;-7759743;Fibronectin
T11;42;1024;132;2.795;2.795;-7114369;Fibronectin
T11;43;1030;130;2.144;2.144;-9610643;Fibronectin
T11;44;1032;128;0.959;0.959;-8620189;Fibronectin
T11;45;1024;140;4.889;4.889;-8815513;Fibronectin
T11;46;1024;140;0.000;0.000;-9929880;Fibronectin
T11;47;1016;140;2.712;2.712;-10196876;Fibronectin
T11;48;1028;142;4.124;4.124;-7435139;Fibronectin
T11;49;1010;154;7.334;7.334;-9408935;Fibronectin
T11;50;1012;146;2.795;2.795;-9142685;Fibronectin
T11;51;1014;184;12.900;12.900;-12567994;Fibronectin
T11;52;990;290;36.844;36.844;-8289427;Fibronectin
T11;53;996;284;2.877;2.877;-9738919;Fibronectin
T11;54;986;266;6.980;6.980;-8749457;Fibronectin
T11;55;1002;284;8.164;8.164;-10523547;Fibronectin
T11;56;984;224;21.236;21.236;-11385775;Fibronectin
T11;57;994;222;3.457;3.457;-10127764;Fibronectin
T11;58;974;218;6.914;6.914;-10055851;Fibronectin
T11;59;952;196;10.547;10.547;-11645637;Fibronectin
T11;60;952;222;8.814;8.814;-9605029;Fibronectin
T11;61;962;218;3.651;3.651;-10592423;Fibronectin
T11;62;980;228;6.980;6.980;-10590362;Fibronectin
T11;63;976;196;10.932;10.932;-10788559;Fibronectin
T11;64;982;192;2.445;2.445;-12240318;Fibronectin
T11;65;968;224;11.841;11.841;-10782367;Fibronectin
T11;66;976;222;2.795;2.795;-11109277;Fibronectin
T11;67;990;226;4.936;4.936;-13226452;Fibronectin
T11;68;992;200;8.840;8.840;-13948366;Fibronectin
T11;69;988;204;1.918;1.918;-12426173;Fibronectin
T11;70;1004;198;5.793;5.793;-12103080;Fibronectin
T11;71;1004;196;0.678;0.678;-13421512;Fibronectin
T11;72;998;186;3.953;3.953;-11309463;Fibronectin
T11;73;970;220;14.931;14.931;-10729902;Fibronectin
T11;74;974;238;6.251;6.251;-11309976;Fibronectin
T11;75;992;206;12.446;12.446;-10990496;Fibronectin
T11;76;994;184;7.489;7.489;-10653603;Fibronectin
T11;77;1002;188;3.032;3.032;-10126481;Fibronectin
T11;78;1000;192;1.516;1.516;-9407363;Fibronectin
T11;79;996;220;9.588;9.588;-9352336;Fibronectin
T11;80;996;216;1.356;1.356;-7565706;Fibronectin
T11;81;996;204;4.068;4.068;-6841970;Fibronectin
T11;82;996;200;1.356;1.356;-9348510;Fibronectin
T11;83;996;200;0.000;0.000;-10196135;Fibronectin
T11;84;1004;200;2.712;2.712;-9670810;Fibronectin
T11;85;1002;200;0.678;0.678;-10783649;Fibronectin
T11;86;1004;206;2.144;2.144;-10202025;Fibronectin
T11;87;998;200;2.877;2.877;-10334363;Fibronectin
T11;88;1008;202;3.457;3.457;-7105894;Fibronectin
T11;89;992;184;8.164;8.164;-9743006;Fibronectin
T11;90;1000;186;2.795;2.795;-10592163;Fibronectin
T11;91;1002;186;0.678;0.678;-9736076;Fibronectin
T11;92;1000;190;1.516;1.516;-7567501;Fibronectin
T11;93;1000;188;0.678;0.678;-9283471;Fibronectin
T11;94;998;184;1.516;1.516;-10795686;Fibronectin
T11;95;998;182;0.678;0.678;-9414291;Fibronectin
T11;96;994;178;1.918;1.918;-7626373;Fibronectin
T11;97;1004;192;5.832;5.832;-8436897;Fibronectin
T11;98;998;176;5.793;5.793;-5856635;Fibronectin
T11;99;1014;168;6.064;6.064;-11117740;Fibronectin
T11;100;1014;168;0.000;0.000;-12032921;Fibronectin
T11;101;1014;166;0.678;0.678;-13222336;Fibronectin
T11;102;1010;172;2.445;2.445;-12041650;Fibronectin
T11;103;1002;180;3.835;3.835;-6710635;Fibronectin
T11;104;1028;146;14.510;14.510;-10597538;Fibronectin
T11;105;1018;156;4.794;4.794;-11186852;Fibronectin
T11;106;1002;146;6.396;6.396;-11777962;Fibronectin
T11;107;990;158;5.753;5.753;-9744295;Fibronectin
T11;108;984;180;7.730;7.730;-9286332;Fibronectin
T11;109;1002;228;17.379;17.379;-13224386;Fibronectin
T11;110;988;220;5.466;5.466;-7825806;Fibronectin
T12;3;1962;612;4.288;4.288;-11585964;Fibronectin
T12;4;1962;612;0.000;0.000;-7566707;Fibronectin
T12;5;1980;610;6.140;6.140;-8884879;Fibronectin
T12;6;1980;610;0.000;0.000;-8165768;Fibronectin
T12;7;1988;604;3.390;3.390;-10786468;Fibronectin
T12;8;1988;608;1.356;1.356;-5205099;Fibronectin
T12;9;2000;598;5.295;5.295;-13423806;Fibronectin
T12;10;2000;588;3.390;3.390;-13553116;Fibronectin
T12;11;2016;580;6.064;6.064;-8953237;Fibronectin
T12;12;2018;584;1.516;1.516;-9280412;Fibronectin
T12;13;2034;576;6.064;6.064;-8357539;Fibronectin
T12;14;2040;568;3.390;3.390;-8426403;Fibronectin
T12;15;2074;538;15.371;15.371;-14071993;Fibronectin
T12;16;2076;532;2.144;2.144;-10059675;Fibronectin
T12;17;2080;530;1.516;1.516;-8750231;Fibronectin
T12;18;2080;528;0.678;0.678;-12174265;Fibronectin
T12;19;2080;520;2.712;2.712;-13291725;Fibronectin
T12;20;2078;524;1.516;1.516;-11911866;Fibronectin
T12;21;2096;520;6.251;6.251;-12498604;Fibronectin
T12;22;2094;510;3.457;3.457;-10132649;Fibronectin
T12;23;2110;508;5.466;5.466;-12567743;Fibronectin
T12;24;2124;512;4.936;4.936;-10726075;Fibronectin
T12;25;2130;512;2.034;2.034;-11122368;Fibronectin
T12;26;2130;516;1.356;1.356;-9876649;Fibronectin
T12;27;2132;516;0.678;0.678;-11518891;Fibronectin
T12;28;2140;508;3.835;3.835;-10069412;Fibronectin
T12;29;2138;516;2.795;2.795;-8820374;Fibronectin
T12;30;2148;504;5.295;5.295;-11977391;Fibronectin
T12;31;2156;500;3.032;3.032;-5734513;Fibronectin
T12;32;2160;494;2.445;2.445;-5795201;Fibronectin
T12;33;2158;486;2.795;2.795;-9799826;Fibronectin
T12;34;2160;482;1.516;1.516;-6646903;Fibronectin
T12;35;2156;476;2.445;2.445;-12958138;Fibronectin
T12;36;2154;474;0.959;0.959;-10397857;Fibronectin
T12;37;2146;474;2.712;2.712;-8355999;Fibronectin
T12;38;2144;472;0.959;0.959;-11241103;Fibronectin
T12;39;2146;478;2.144;2.144;-11707293;Fibronectin
T12;40;2142;484;2.445;2.445;-10387609;Fibronectin
T12;41;2190;454;19.189;19.189;-5989239;Fibronectin
T12;42;2234;372;31.547;31.547;-9409180;Fibronectin
T12;43;2236;348;8.164;8.164;-9802649;Fibronectin
T12;44;2230;362;5.163;5.163;-9412777;Fibronectin
T12;45;2224;362;2.034;2.034;-10202028;Fibronectin
T12;46;2220;362;1.356;1.356;-8881304;Fibronectin
T12;47;2212;364;2.795;2.795;-12565702;Fibronectin
T12;48;2212;370;2.034;2.034;-11314605;Fibronectin
T12;49;2218;370;2.034;2.034;-8355222;Fibronectin
T12;50;2214;366;1.918;1.918;-8092314;Fibronectin
T12;51;2216;356;3.457;3.457;-10726067;Fibronectin
T12;52;2216;354;0.678;0.678;-11450301;Fibronectin
T12;53;2214;348;2.144;2.144;-10591643;Fibronectin
T12;54;2220;308;13.712;13.712;-12042430;Fibronectin
T12;55;2220;284;8.136;8.136;-12698040;Fibronectin
T12;56;2218;304;6.814;6.814;-8621980;Fibronectin
T12;57;2214;300;1.918;1.918;-11046819;Fibronectin
T12;58;2220;300;2.034;2.034;-10259105;Fibronectin
T12;59;2220;290;3.390;3.390;-7828103;Fibronectin
T12;60;2220;260;10.170;10.170;-9350055;Fibronectin
T12;61;2212;250;4.341;4.341;-8951977;Fibronectin
T12;62;2210;246;1.516;1.516;-10193814;Fibronectin
T12;63;2218;228;6.678;6.678;-8682395;Fibronectin
T12;64;2214;224;1.918;1.918;-9541777;Fibronectin
T12;65;2212;224;0.678;0.678;-9867393;Fibronectin
T12;66;2216;226;1.516;1.516;-7440010;Fibronectin
T12;67;2208;222;3.032;3.032;-7697279;Fibronectin
T12;68;2208;222;0.000;0.000;-10458794;Fibronectin
T12;69;2210;226;1.516;1.516;-10591395;Fibronectin
T12;70;2214;232;2.445;2.445;-12162743;Fibronectin
T12;71;2210;226;2.445;2.445;-11977658;Fibronectin
T12;72;2210;234;2.712;2.712;-10852010;Fibronectin
T12;73;2210;228;2.034;2.034;-12704946;Fibronectin
T12;74;2208;202;8.840;8.840;-10859680;Fibronectin
T12;75;2210;188;4.794;4.794;-11443874;Fibronectin
T12;76;2214;180;3.032;3.032;-9282204;Fibronectin
T12;77;2202;186;4.548;4.548;-9348759;Fibronectin
T12;78;2208;186;2.034;2.034;-10401968;Fibronectin
T12;79;2202;172;5.163;5.163;-7632267;Fibronectin
T12;80;2212;168;3.651;3.651;-11910074;Fibronectin
T12;81;2230;144;10.170;10.170;-8096400;Fibronectin
T12;82;2234;134;3.651;3.651;-9605279;Fibronectin
T12;83;2240;108;9.046;9.046;-10327459;Fibronectin
T12;84;2248;102;3.390;3.390;-11113626;Fibronectin
T12;85;2254;90;4.548;4.548;-11779240;Fibronectin
T12;86;2262;82;3.835;3.835;-8353166;Fibronectin
T12;87;2264;82;0.678;0.678;-10267818;Fibronectin
T12;88;2264;76;2.034;2.034;-10990506;Fibronectin
T12;89;2268;62;4.936;4.936;-8821915;Fibronectin
T12;90;2264;56;2.445;2.445;-7899498;Fibronectin
T12;91;2270;48;3.390;3.390;-9868690;Fibronectin
T12;92;2262;40;3.835;3.835;-10195858;Fibronectin
T12;93;2262;40;0.000;0.000;-8161417;Fibronectin
T12;94;2258;28;4.288;4.288;-9081226;Fibronectin
T13;2;468;984;0.678;0.678;-10077866;Fibronectin
T13;3;468;972;4.068;4.068;-9485486;Fibronectin
T13;4;478;958;5.832;5.832;-6970999;Fibronectin
T13;5;480;956;0.959;0.959;-8745112;Fibronectin
T13;6;482;958;0.959;0.959;-11186351;Fibronectin
T13;7;480;956;0.959;0.959;-9932450;Fibronectin
T13;8;480;950;2.034;2.034;-9863318;Fibronectin
T13;9;480;950;0.000;0.000;-10322598;Fibronectin
T13;10;480;946;1.356;1.356;-11115186;Fibronectin
T13;11;476;940;2.445;2.445;-12427954;Fibronectin
T13;12;484;948;3.835;3.835;-10266793;Fibronectin
T13;13;462;948;7.458;7.458;-12434128;Fibronectin
T13;14;476;954;5.163;5.163;-10387359;Fibronectin
T13;15;474;952;0.959;0.959;-13023408;Fibronectin
T13;16;480;948;2.445;2.445;-11176611;Fibronectin
T13;17;480;952;1.356;1.356;-10715555;Fibronectin
T13;18;480;954;0.678;0.678;-11768494;Fibronectin
T13;19;482;954;0.678;0.678;-14469333;Fibronectin
T13;20;482;952;0.678;0.678;-12756410;Fibronectin
T13;21;480;946;2.144;2.144;-11838388;Fibronectin
T13;22;478;938;2.795;2.795;-9012631;Fibronectin
T13;23;486;926;4.889;4.889;-9343134;Fibronectin
T13;24;484;920;2.144;2.144;-7696751;Fibronectin
T13;25;482;928;2.795;2.795;-7894150;Fibronectin
T13;26;480;926;0.959;0.959;-8223887;Fibronectin
T13;27;476;928;1.516;1.516;-8223123;Fibronectin
T13;28;470;922;2.877;2.877;-8158870;Fibronectin
T13;29;470;918;1.356;1.356;-8552341;Fibronectin
T13;30;468;912;2.144;2.144;-8618641;Fibronectin
T13;31;468;918;2.034;2.034;-8549767;Fibronectin
T13;32;468;908;3.390;3.390;-8224136;Fibronectin
T13;33;462;910;2.144;2.144;-8094094;Fibronectin
T13;34;464;922;4.124;4.124;-8028562;Fibronectin
T13;35;456;938;6.064;6.064;-9015451;Fibronectin
T13;36;452;940;1.516;1.516;-10648738;Fibronectin
T13;37;456;940;1.356;1.356;-12498612;Fibronectin
T13;38;462;944;2.445;2.445;-12957362;Fibronectin
T13;39;472;946;3.457;3.457;-12035017;Fibronectin
T13;40;472;946;0.000;0.000;-12098237;Fibronectin
T13;41;472;946;0.000;0.000;-10847133;Fibronectin
T13;42;472;942;1.356;1.356;-12432049;Fibronectin
T13;43;480;948;3.390;3.390;-12498135;Fibronectin
T13;44;480;948;0.000;0.000;-11506594;Fibronectin
T13;45;480;942;2.034;2.034;-12693951;Fibronectin
T13;46;480;942;0.000;0.000;-12561864;Fibronectin
T13;47;480;942;0.000;0.000;-11967644;Fibronectin
T13;48;482;942;0.678;0.678;-12430776;Fibronectin
T13;49;486;944;1.516;1.516;-12363444;Fibronectin
T13;50;486;942;0.678;0.678;-12164524;Fibronectin
T13;51;486;942;0.000;0.000;-12561600;Fibronectin
T13;52;484;940;0.959;0.959;-11835306;Fibronectin
T13;53;482;942;0.959;0.959;-11239848;Fibronectin
T13;54;480;936;2.144;2.144;-10388391;Fibronectin
T13;55;480;936;0.000;0.000;-11765673;Fibronectin
T13;56;480;938;0.678;0.678;-10847145;Fibronectin
T13;57;480;938;0.000;0.000;-11966124;Fibronectin
T13;58;470;944;3.953;3.953;-11574682;Fibronectin
T13;59;470;944;0.000;0.000;-13353939;Fibronectin
T13;60;472;946;0.959;0.959;-12893117;Fibronectin
T13;61;476;946;1.356;1.356;-13482168;Fibronectin
T13;62;476;946;0.000;0.000;-11900582;Fibronectin
T13;63;476;946;0.000;0.000;-13415344;Fibronectin
T13;64;478;944;0.959;0.959;-11507119;Fibronectin
T13;65;480;948;1.516;1.516;-10715546;Fibronectin
T13;66;480;950;0.678;0.678;-12495038;Fibronectin
T13;67;472;956;3.390;3.390;-11244711;Fibronectin
T13;68;476;952;1.918;1.918;-11502481;Fibronectin
T13;69;476;946;2.034;2.034;-13155782;Fibronectin
T13;70;476;946;0.000;0.000;-12429765;Fibronectin
T13;71;476;944;0.678;0.678;-12165815;Fibronectin
T13;72;480;946;1.516;1.516;-11241641;Fibronectin
T13;73;480;946;0.000;0.000;-10451379;Fibronectin
T13;74;480;950;1.356;1.356;-12429999;Fibronectin
T13;75;480;950;0.000;0.000;-11836335;Fibronectin
T13;76;480;950;0.000;0.000;-11637940;Fibronectin
T13;77;480;950;0.000;0.000;-11178425;Fibronectin
T13;78;480;950;0.000;0.000;-11506602;Fibronectin
T13;79;480;950;0.000;0.000;-10459560;Fibronectin
T13;80;476;940;3.651;3.651;-11439278;Fibronectin
T13;81;474;938;0.959;0.959;-11905715;Fibronectin
T13;82;474;938;0.000;0.000;-11380909;Fibronectin
T13;83;474;944;2.034;2.034;-11042469;Fibronectin
T13;84;474;942;0.678;0.678;-11642817;Fibronectin
T13;85;472;944;0.959;0.959;-11773627;Fibronectin
T13;86;468;946;1.516;1.516;-10918305;Fibronectin
T13;87;468;944;0.678;0.678;-11836848;Fibronectin
T13;88;468;944;0.000;0.000;-11901610;Fibronectin
T13;89;464;946;1.516;1.516;-10259372;Fibronectin
T13;90;464;942;1.356;1.356;-11444402;Fibronectin
T13;91;464;942;0.000;0.000;-10981280;Fibronectin
T13;92;462;946;1.516;1.516;-11053486;Fibronectin
T13;93;468;944;2.144;2.144;-9734034;Fibronectin
T13;94;468;946;0.678;0.678;-11184300;Fibronectin
T13;95;468;946;0.000;0.000;-11973039;Fibronectin
T13;96;468;946;0.000;0.000;-12298405;Fibronectin
T13;97;468;942;1.356;1.356;-11510704;Fibronectin
T13;98;468;942;0.000;0.000;-11243961;Fibronectin
T13;99;468;940;0.678;0.678;-12626356;Fibronectin
T13;100;466;940;0.678;0.678;-12764629;Fibronectin
T13;101;466;940;0.000;0.000;-10982052;Fibronectin
T13;102;466;938;0.678;0.678;-11902366;Fibronectin
T13;103;466;938;0.000;0.000;-11578540;Fibronectin
T13;104;466;938;0.000;0.000;-12174288;Fibronectin
T13;105;466;938;0.000;0.000;-11455691;Fibronectin
T13;106;466;938;0.000;0.000;-11775406;Fibronectin
T13;107;466;938;0.000;0.000;-12106691;Fibronectin
T13;108;466;938;0.000;0.000;-10073039;Fibronectin
T13;109;466;938;0.000;0.000;-12174277;Fibronectin
T13;110;466;940;0.678;0.678;-10005676;Fibronectin
T13;111;466;940;0.000;0.000;-9808035;Fibronectin
T14;2;1420;1038;2.445;2.445;-7571093;Fibronectin
T14;3;1422;1032;2.144;2.144;-9024914;Fibronectin
T14;4;1424;1030;0.959;0.959;-9998997;Fibronectin
T14;5;1434;1022;4.341;4.341;-9156002;Fibronectin
T14;6;1442;1020;2.795;2.795;-8435868;Fibronectin
T14;7;1446;1020;1.356;1.356;-9611682;Fibronectin
T14;8;1454;1018;2.795;2.795;-8359044;Fibronectin
T14;9;1456;1014;1.516;1.516;-11780012;Fibronectin
T14;10;1460;1012;1.516;1.516;-8293520;Fibronectin
T14;11;1458;1014;0.959;0.959;-12240569;Fibronectin
T14;12;1450;1008;3.390;3.390;-10199205;Fibronectin
T14;13;1448;1010;0.959;0.959;-9085338;Fibronectin
T14;14;1436;1018;4.889;4.889;-9350569;Fibronectin
T14;15;1430;1014;2.445;2.445;-10395557;Fibronectin
T14;16;1432;1004;3.457;3.457;-9867920;Fibronectin
T14;17;1432;1004;0.000;0.000;-8685439;Fibronectin
T14;18;1430;1002;0.959;0.959;-9609627;Fibronectin
T14;19;1428;1000;0.959;0.959;-10130331;Fibronectin
T14;20;1428;996;1.356;1.356;-11046052;Fibronectin
T14;21;1426;992;1.516;1.516;-9800848;Fibronectin
T14;22;1398;1010;11.284;11.284;-9210769;Fibronectin
T14;23;1396;1006;1.516;1.516;-9020046;Fibronectin
T14;24;1394;1008;0.959;0.959;-8882084;Fibronectin
T14;25;1394;1008;0.000;0.000;-10524348;Fibronectin
T14;26;1396;1010;0.959;0.959;-8618641;Fibronectin
T14;27;1390;1008;2.144;2.144;-9608879;Fibronectin
T14;28;1400;1014;3.953;3.953;-8751774;Fibronectin
T14;29;1394;1010;2.445;2.445;-10265249;Fibronectin
T14;30;1394;1006;1.356;1.356;-8493720;Fibronectin
T14;31;1394;1002;1.356;1.356;-9475735;Fibronectin
T14;32;1394;1002;0.000;0.000;-8625076;Fibronectin
T14;33;1394;1008;2.034;2.034;-8486307;Fibronectin
T14;34;1394;1008;0.000;0.000;-9345176;Fibronectin
T14;35;1392;1012;1.516;1.516;-9605027;Fibronectin
T14;36;1392;1016;1.356;1.356;-8749720;Fibronectin
T14;37;1392;1016;0.000;0.000;-9342617;Fibronectin
T14;38;1396;1022;2.445;2.445;-7314058;Fibronectin
T14;39;1396;1014;2.712;2.712;-7436425;Fibronectin
T14;40;1394;1016;0.959;0.959;-8161665;Fibronectin
T14;41;1394;1016;0.000;0.000;-9206945;Fibronectin
T14;42;1394;1016;0.000;0.000;-9013652;Fibronectin
T14;43;1394;1016;0.000;0.000;-8946058;Fibronectin
T14;44;1396;1020;1.516;1.516;-9019042;Fibronectin
T14;45;1398;1020;0.678;0.678;-12756412;Fibronectin
T14;46;1398;1018;0.678;0.678;-8952988;Fibronectin
T14;47;1400;1012;2.144;2.144;-9480622;Fibronectin
T14;48;1400;1010;0.678;0.678;-9351845;Fibronectin
T14;49;1398;1006;1.516;1.516;-7767449;Fibronectin
T14;50;1398;1006;0.000;0.000;-10002606;Fibronectin
T14;51;1398;1002;1.356;1.356;-10726819;Fibronectin
T14;52;1398;1004;0.678;0.678;-10404260;Fibronectin
T14;53;1400;1010;2.144;2.144;-9086401;Fibronectin
T14;54;1400;1008;0.678;0.678;-8754053;Fibronectin
T14;55;1400;1004;1.356;1.356;-9545124;Fibronectin
T14;56;1400;1004;0.000;0.000;-10265767;Fibronectin
T14;57;1402;998;2.144;2.144;-9737113;Fibronectin
T14;58;1400;998;0.678;0.678;-10658726;Fibronectin
T14;59;1400;998;0.000;0.000;-10663069;Fibronectin
T14;60;1396;996;1.516;1.516;-10072213;Fibronectin
T14;61;1396;996;0.000;0.000;-10335636;Fibronectin
T14;62;1394;994;0.959;0.959;-8094114;Fibronectin
T14;63;1394;994;0.000;0.000;-9220010;Fibronectin
T14;64;1392;994;0.678;0.678;-11058589;Fibronectin
T14;65;1390;998;1.516;1.516;-11321777;Fibronectin
T14;66;1386;1002;1.918;1.918;-11507624;Fibronectin
T14;67;1348;1026;15.236;15.236;-12034203;Fibronectin
T14;68;1346;1038;4.124;4.124;-11969699;Fibronectin
T14;69;1346;1032;2.034;2.034;-9538205;Fibronectin
T14;70;1332;1040;5.466;5.466;-10581669;Fibronectin
T14;71;1332;1044;1.356;1.356;-9473701;Fibronectin
T14;72;1330;1048;1.516;1.516;-12693673;Fibronectin
T14;73;1328;1048;0.678;0.678;-10655896;Fibronectin
T14;74;1328;1046;0.678;0.678;-11378338;Fibronectin
T14;75;1326;1036;3.457;3.457;-13152949;Fibronectin
T14;76;1326;1038;0.678;0.678;-9142657;Fibronectin
T14;77;1330;1030;3.032;3.032;-9140099;Fibronectin
T14;78;1334;1024;2.445;2.445;-8021632;Fibronectin
T14;79;1336;1016;2.795;2.795;-11511468;Fibronectin
T14;80;1336;1016;0.000;0.000;-10392215;Fibronectin
T14;81;1336;1016;0.000;0.000;-10595233;Fibronectin
T14;82;1336;1016;0.000;0.000;-10657703;Fibronectin
T14;83;1334;1012;1.516;1.516;-9411734;Fibronectin
T14;84;1344;1012;3.390;3.390;-9408909;Fibronectin
T14;85;1350;1008;2.445;2.445;-9611674;Fibronectin
T14;86;1370;986;10.079;10.079;-10461597;Fibronectin
T14;87;1370;984;0.678;0.678;-11114665;Fibronectin
T14;88;1372;994;3.457;3.457;-11646393;Fibronectin
T14;89;1382;998;3.651;3.651;-10856349;Fibronectin
T14;90;1372;1000;3.457;3.457;-10261176;Fibronectin
T14;91;1376;1000;1.356;1.356;-8680855;Fibronectin
T14;92;1374;996;1.516;1.516;-11642549;Fibronectin
T14;93;1380;990;2.877;2.877;-10523797;Fibronectin
T14;94;1374;994;2.445;2.445;-9277602;Fibronectin
T14;95;1360;992;4.794;4.794;-8357530;Fibronectin
T14;96;1358;998;2.144;2.144;-12031155;Fibronectin
T14;97;1358;998;0.000;0.000;-7697032;Fibronectin
T14;98;1360;1004;2.144;2.144;-10329002;Fibronectin
T14;99;1358;1002;0.959;0.959;-11116975;Fibronectin
T14;100;1358;1004;0.678;0.678;-12039083;Fibronectin
T14;101;1362;1006;1.516;1.516;-12231866;Fibronectin
T14;102;1370;1010;3.032;3.032;-11381939;Fibronectin
T14;103;1372;1016;2.144;2.144;-9670830;Fibronectin
T14;104;1374;1020;1.516;1.516;-8682645;Fibronectin
T14;105;1374;1020;0.000;0.000;-10522277;Fibronectin
T14;106;1376;1026;2.144;2.144;-7842710;Fibronectin
T14;107;1374;1016;3.457;3.457;-8953000;Fibronectin
T16;2;1108;1568;3.390;3.390;-10531234;Fibronectin
T16;3;1106;1552;5.466;5.466;-9669262;Fibronectin
T16;4;1114;1542;4.341;4.341;-11648185;Fibronectin
T16;5;1116;1540;0.959;0.959;-10534581;Fibronectin
T16;6;1120;1534;2.445;2.445;-11833776;Fibronectin
T16;7;1114;1532;2.144;2.144;-11383221;Fibronectin
T16;8;1124;1532;3.390;3.390;-10388638;Fibronectin
T16;9;1112;1528;4.288;4.288;-10787510;Fibronectin
T16;10;1126;1536;5.466;5.466;-11585472;Fibronectin
T16;11;1124;1534;0.959;0.959;-12901324;Fibronectin
T16;12;1128;1530;1.918;1.918;-12243635;Fibronectin
T16;13;1126;1512;6.140;6.140;-11115443;Fibronectin
T16;14;1124;1500;4.124;4.124;-11640247;Fibronectin
T16;15;1120;1484;5.591;5.591;-11308194;Fibronectin
T16;16;1116;1476;3.032;3.032;-12756662;Fibronectin
T16;17;1120;1484;3.032;3.032;-11644586;Fibronectin
T16;18;1116;1468;5.591;5.591;-13022389;Fibronectin
T16;19;1086;1462;10.371;10.371;-11839930;Fibronectin
T16;20;1094;1462;2.712;2.712;-11507105;Fibronectin
T16;21;1092;1466;1.516;1.516;-12236711;Fibronectin
T16;22;1106;1466;4.746;4.746;-10658206;Fibronectin
T16;23;1106;1464;0.678;0.678;-13613752;Fibronectin
T16;24;1106;1458;2.034;2.034;-11646399;Fibronectin
T16;25;1106;1466;2.712;2.712;-11316900;Fibronectin
T16;26;1100;1470;2.445;2.445;-10394794;Fibronectin
T16;27;1148;1494;18.193;18.193;-11116199;Fibronectin
T16;28;1164;1500;5.793;5.793;-9734580;Fibronectin
T16;29;1184;1504;6.914;6.914;-7700629;Fibronectin
T16;30;1192;1480;8.576;8.576;-10992812;Fibronectin
T16;31;1218;1472;9.222;9.222;-10857637;Fibronectin
T16;32;1234;1440;12.128;12.128;-8290454;Fibronectin
T16;33;1230;1432;3.032;3.032;-9471907;Fibronectin
T16;34;1260;1416;11.526;11.526;-10469297;Fibronectin
T16;35;1272;1394;8.495;8.495;-9675432;Fibronectin
T16;36;1272;1382;4.068;4.068;-12298933;Fibronectin
T16;37;1274;1372;3.457;3.457;-11836587;Fibronectin
T16;38;1274;1376;1.356;1.356;-11116195;Fibronectin
T16;39;1268;1376;2.034;2.034;-11122329;Fibronectin
T16;40;1268;1378;0.678;0.678;-11048577;Fibronectin
T16;41;1266;1380;0.959;0.959;-10325919;Fibronectin
T16;42;1276;1382;3.457;3.457;-11641764;Fibronectin
T16;43;1280;1396;4.936;4.936;-9215384;Fibronectin
T16;44;1290;1412;6.396;6.396;-10064298;Fibronectin
T16;45;1282;1402;4.341;4.341;-10591146;Fibronectin
T16;46;1290;1416;5.466;5.466;-12168121;Fibronectin
T16;47;1284;1420;2.445;2.445;-10462125;Fibronectin
T16;48;1280;1424;1.918;1.918;-9939356;Fibronectin
T16;49;1280;1428;1.356;1.356;-8496550;Fibronectin
T16;50;1280;1424;1.356;1.356;-10267294;Fibronectin
T16;51;1270;1422;3.457;3.457;-8947623;Fibronectin
T16;52;1262;1432;4.341;4.341;-9342096;Fibronectin
T16;53;1256;1432;2.034;2.034;-10005414;Fibronectin
T16;54;1248;1434;2.795;2.795;-9217702;Fibronectin
T16;55;1240;1430;3.032;3.032;-10003871;Fibronectin
T16;56;1238;1412;6.140;6.140;-10523558;Fibronectin
T16;57;1240;1408;1.516;1.516;-12107202;Fibronectin
T16;58;1238;1404;1.516;1.516;-12040108;Fibronectin
T16;59;1254;1380;9.778;9.778;-10132366;Fibronectin
T16;60;1264;1378;3.457;3.457;-10335657;Fibronectin
T16;61;1278;1368;5.832;5.832;-11048611;Fibronectin
T16;62;1282;1376;3.032;3.032;-9604239;Fibronectin
T16;63;1276;1362;5.163;5.163;-10593705;Fibronectin
T16;64;1272;1372;3.651;3.651;-11322292;Fibronectin
T16;65;1274;1358;4.794;4.794;-12569795;Fibronectin
T16;66;1276;1362;1.516;1.516;-12174517;Fibronectin
T16;67;1270;1352;3.953;3.953;-10858408;Fibronectin
T16;68;1272;1358;2.144;2.144;-11650728;Fibronectin
T16;69;1264;1356;2.795;2.795;-11052194;Fibronectin
T16;70;1272;1356;2.712;2.712;-9931934;Fibronectin
T16;71;1280;1364;3.835;3.835;-11968935;Fibronectin
T16;72;1280;1368;1.356;1.356;-11249323;Fibronectin
T16;73;1278;1374;2.144;2.144;-12104884;Fibronectin
T16;74;1272;1378;2.445;2.445;-11450544;Fibronectin
T16;75;1272;1376;0.678;0.678;-9669781;Fibronectin
T16;76;1276;1360;5.591;5.591;-11777951;Fibronectin
T16;77;1282;1354;2.877;2.877;-9547133;Fibronectin
T16;78;1280;1344;3.457;3.457;-10655135;Fibronectin
T16;79;1288;1350;3.390;3.390;-7894156;Fibronectin
T16;80;1284;1342;3.032;3.032;-11251115;Fibronectin
T16;81;1280;1346;1.918;1.918;-11584173;Fibronectin
T16;82;1280;1344;0.678;0.678;-12565176;Fibronectin
T16;83;1276;1354;3.651;3.651;-11649463;Fibronectin
T16;84;1268;1350;3.032;3.032;-9804967;Fibronectin
T16;85;1268;1342;2.712;2.712;-9213329;Fibronectin
T16;86;1266;1346;1.516;1.516;-12363705;Fibronectin
T16;87;1258;1350;3.032;3.032;-12108987;Fibronectin
T16;88;1258;1348;0.678;0.678;-11444672;Fibronectin
T16;89;1258;1352;1.356;1.356;-12164004;Fibronectin
T16;90;1256;1360;2.795;2.795;-10391463;Fibronectin
T16;91;1252;1358;1.516;1.516;-13554121;Fibronectin
T16;92;1252;1358;0.000;0.000;-9666693;Fibronectin
T16;93;1254;1360;0.959;0.959;-10526121;Fibronectin
T16;94;1254;1362;0.678;0.678;-10788774;Fibronectin
T16;95;1260;1364;2.144;2.144;-8943247;Fibronectin
T16;96;1266;1358;2.877;2.877;-8820115;Fibronectin
T16;97;1262;1360;1.516;1.516;-6780792;Fibronectin
T16;98;1264;1360;0.678;0.678;-7432567;Fibronectin
T16;99;1264;1360;0.000;0.000;-9347999;Fibronectin
T16;100;1262;1360;0.678;0.678;-8289668;Fibronectin
T16;101;1262;1360;0.000;0.000;-9271951;Fibronectin
T16;102;1254;1360;2.712;2.712;-8618124;Fibronectin
T16;103;1256;1362;0.959;0.959;-7499140;Fibronectin
T16;104;1260;1364;1.516;1.516;-9934233;Fibronectin
T16;105;1264;1366;1.516;1.516;-11252142;Fibronectin
T16;106;1266;1366;0.678;0.678;-10460310;Fibronectin
T16;107;1266;1362;1.356;1.356;-10268295;Fibronectin
T16;108;1266;1360;0.678;0.678;-8419486;Fibronectin
T16;109;1266;1360;0.000;0.000;-12168374;Fibronectin
T16;110;1260;1372;4.548;4.548;-11051944;Fibronectin
T16;111;1268;1370;2.795;2.795;-10531509;Fibronectin
T18;3;2490;1482;3.390;3.390;-8292730;Fibronectin
T18;4;2490;1476;2.034;2.034;-7033466;Fibronectin
T18;5;2492;1476;0.678;0.678;-7960461;Fibronectin
T18;6;2498;1464;4.548;4.548;-9407397;Fibronectin
T18;7;2496;1462;0.959;0.959;-8944033;Fibronectin
T18;8;2498;1456;2.144;2.144;-10718882;Fibronectin
T18;9;2500;1456;0.678;0.678;-12103354;Fibronectin
T18;10;2502;1460;1.516;1.516;-9733279;Fibronectin
T18;11;2498;1458;1.516;1.516;-9272489;Fibronectin
T18;12;2500;1454;1.516;1.516;-8289947;Fibronectin
T18;13;2498;1458;1.516;1.516;-11974337;Fibronectin
T18;14;2492;1454;2.445;2.445;-9735582;Fibronectin
T18;15;2494;1456;0.959;0.959;-9017743;Fibronectin
T18;16;2492;1456;0.678;0.678;-8221331;Fibronectin
T18;17;2494;1452;1.516;1.516;-8812178;Fibronectin
T18;18;2498;1452;1.356;1.356;-9801893;Fibronectin
T18;19;2504;1456;2.445;2.445;-10594212;Fibronectin
T18;20;2508;1452;1.918;1.918;-9271935;Fibronectin
T18;21;2508;1452;0.000;0.000;-9866416;Fibronectin
T18;22;2512;1454;1.516;1.516;-9009808;Fibronectin
T18;23;2512;1458;1.356;1.356;-9344676;Fibronectin
T18;24;2508;1458;1.356;1.356;-8417429;Fibronectin
T18;25;2508;1456;0.678;0.678;-8418962;Fibronectin
T18;26;2510;1454;0.959;0.959;-10262680;Fibronectin
T18;27;2512;1458;1.516;1.516;-9801905;Fibronectin
T18;28;2510;1454;1.516;1.516;-11387572;Fibronectin
T18;29;2506;1454;1.356;1.356;-10132398;Fibronectin
T18;30;2506;1452;0.678;0.678;-9610656;Fibronectin
T18;31;2510;1446;2.445;2.445;-10529193;Fibronectin
T18;32;2506;1440;2.445;2.445;-10128538;Fibronectin
T18;33;2504;1434;2.144;2.144;-11319712;Fibronectin
T18;34;2502;1436;0.959;0.959;-12302263;Fibronectin
T18;35;2506;1440;1.918;1.918;-11444131;Fibronectin
T18;36;2504;1436;1.516;1.516;-12633789;Fibronectin
T18;37;2502;1438;0.959;0.959;-11706016;Fibronectin
T18;38;2502;1438;0.000;0.000;-10460837;Fibronectin
T18;39;2510;1434;3.032;3.032;-11445160;Fibronectin
T18;40;2522;1426;4.889;4.889;-12168895;Fibronectin
T18;41;2526;1420;2.445;2.445;-10919848;Fibronectin
T18;42;2524;1410;3.457;3.457;-11183782;Fibronectin
T18;43;2528;1416;2.445;2.445;-12438453;Fibronectin
T18;44;2526;1432;5.466;5.466;-9404815;Fibronectin
T18;45;2532;1432;2.034;2.034;-12631979;Fibronectin
T18;46;2542;1438;3.953;3.953;-12831176;Fibronectin
T18;47;2524;1434;6.251;6.251;-9404298;Fibronectin
T18;48;2522;1434;0.678;0.678;-9141378;Fibronectin
T18;49;2534;1432;4.124;4.124;-12698790;Fibronectin
T18;50;2540;1430;2.144;2.144;-10920099;Fibronectin
T18;51;2546;1430;2.034;2.034;-12961715;Fibronectin
T18;52;2546;1432;0.678;0.678;-12698301;Fibronectin
T18;53;2542;1428;1.918;1.918;-13616323;Fibronectin
T18;54;2540;1426;0.959;0.959;-12959680;Fibronectin
T18;55;2540;1424;0.678;0.678;-9799082;Fibronectin
T18;56;2540;1426;0.678;0.678;-12105661;Fibronectin
T18;57;2536;1432;2.445;2.445;-12762816;Fibronectin
T18;58;2534;1434;0.959;0.959;-12368808;Fibronectin
T18;59;2534;1428;2.034;2.034;-13285308;Fibronectin
T18;60;2532;1430;0.959;0.959;-12229288;Fibronectin
T18;61;2532;1428;0.678;0.678;-12893386;Fibronectin
T18;62;2530;1428;0.678;0.678;-12297641;Fibronectin
T18;63;2530;1426;0.678;0.678;-11116438;Fibronectin
T18;64;2522;1418;3.835;3.835;-11123897;Fibronectin
T18;65;2524;1416;0.959;0.959;-9805466;Fibronectin
T18;66;2528;1414;1.516;1.516;-11713449;Fibronectin
T18;67;2528;1412;0.678;0.678;-10912391;Fibronectin
T18;68;2528;1410;0.678;0.678;-13744308;Fibronectin
T18;69;2522;1408;2.144;2.144;-12238787;Fibronectin
T18;70;2526;1406;1.516;1.516;-12233649;Fibronectin
T18;71;2524;1404;0.959;0.959;-10854055;Fibronectin
T18;72;2530;1402;2.144;2.144;-11118254;Fibronectin
T18;73;2530;1402;0.000;0.000;-10072213;Fibronectin
T18;74;2532;1404;0.959;0.959;-10855597;Fibronectin
T18;75;2528;1400;1.918;1.918;-10460587;Fibronectin
T18;76;2526;1400;0.678;0.678;-10989477;Fibronectin
T18;77;2524;1398;0.959;0.959;-12236986;Fibronectin
T18;78;2522;1394;1.516;1.516;-10523557;Fibronectin
T18;79;2528;1394;2.034;2.034;-10854843;Fibronectin
T18;80;2528;1394;0.000;0.000;-9867946;Fibronectin
T18;81;2528;1394;0.000;0.000;-11908785;Fibronectin
T18;82;2528;1394;0.000;0.000;-10592700;Fibronectin
T18;83;2524;1392;1.516;1.516;-10657178;Fibronectin
T18;84;2524;1392;0.000;0.000;-9802396;Fibronectin
T18;85;2530;1394;2.144;2.144;-9208478;Fibronectin
T18;86;2528;1394;0.678;0.678;-10655895;Fibronectin
T18;87;2534;1400;2.877;2.877;-10594491;Fibronectin
T18;88;2538;1398;1.516;1.516;-11055535;Fibronectin
T18;89;2536;1400;0.959;0.959;-10133446;Fibronectin
T18;90;2532;1404;1.918;1.918;-10659496;Fibronectin
T18;91;2532;1404;0.000;0.000;-12757663;Fibronectin
T18;92;2532;1402;0.678;0.678;-12763055;Fibronectin
T18;93;2530;1400;0.959;0.959;-9212838;Fibronectin
T18;94;2530;1402;0.678;0.678;-10659756;Fibronectin
T18;95;2528;1406;1.516;1.516;-12103092;Fibronectin
T18;96;2518;1408;3.457;3.457;-10000037;Fibronectin
T18;97;2520;1412;1.516;1.516;-9801880;Fibronectin
T18;98;2520;1420;2.712;2.712;-11117490;Fibronectin
T18;99;2516;1420;1.356;1.356;-11376044;Fibronectin
T18;100;2516;1420;0.000;0.000;-12298931;Fibronectin
T18;101;2514;1414;2.144;2.144;-8944787;Fibronectin
T18;102;2516;1416;0.959;0.959;-11121063;Fibronectin
T18;103;2516;1416;0.000;0.000;-8681882;Fibronectin
T18;104;2516;1418;0.678;0.678;-7105681;Fibronectin
T18;105;2510;1418;2.034;2.034;-8881813;Fibronectin
T18;106;2506;1422;1.918;1.918;-8159121;Fibronectin
T18;107;2500;1422;2.034;2.034;-7899520;Fibronectin
T18;108;2494;1418;2.445;2.445;-8682634;Fibronectin
T18;109;2494;1410;2.712;2.712;-11386802;Fibronectin
T18;110;2488;1414;2.445;2.445;-8881813;Fibronectin
T18;111;2484;1424;3.651;3.651;-7367051;Fibronectin
T19;5;2380;1478;6.251;6.251;-11836858;Fibronectin
T19;6;2380;1478;0.000;0.000;-12566716;Fibronectin
T19;7;2380;1478;0.000;0.000;-12102841;Fibronectin
T19;8;2384;1462;5.591;5.591;-11838632;Fibronectin
T19;9;2384;1462;0.000;0.000;-12168634;Fibronectin
T19;10;2382;1456;2.144;2.144;-11976889;Fibronectin
T19;11;2382;1452;1.356;1.356;-11452082;Fibronectin
T19;12;2382;1456;1.356;1.356;-12303043;Fibronectin
T19;13;2386;1464;3.032;3.032;-11517885;Fibronectin
T19;14;2386;1474;3.390;3.390;-11706804;Fibronectin
T19;15;2386;1474;0.000;0.000;-10525603;Fibronectin
T19;16;2388;1448;8.840;8.840;-10003358;Fibronectin
T19;17;2392;1442;2.445;2.445;-13222072;Fibronectin
T19;18;2392;1442;0.000;0.000;-11389898;Fibronectin
T19;19;2388;1450;3.032;3.032;-13488579;Fibronectin
T19;20;2392;1448;1.516;1.516;-12301477;Fibronectin
T19;21;2396;1444;1.918;1.918;-9934483;Fibronectin
T19;22;2400;1436;3.032;3.032;-11909812;Fibronectin
T19;23;2402;1430;2.144;2.144;-10983333;Fibronectin
T19;24;2404;1436;2.144;2.144;-9739434;Fibronectin
T19;25;2404;1432;1.356;1.356;-12107192;Fibronectin
T19;26;2404;1432;0.000;0.000;-9939625;Fibronectin
T19;27;2400;1432;1.356;1.356;-9012628;Fibronectin
T19;28;2402;1426;2.144;2.144;-11116708;Fibronectin
T19;29;2398;1422;1.918;1.918;-11247023;Fibronectin
T19;30;2396;1420;0.959;0.959;-13217464;Fibronectin
T19;31;2386;1408;5.295;5.295;-12305083;Fibronectin
T19;32;2388;1396;4.124;4.124;-11975855;Fibronectin
T19;33;2390;1406;3.457;3.457;-12366524;Fibronectin
T19;34;2386;1402;1.918;1.918;-13223354;Fibronectin
T19;35;2386;1404;0.678;0.678;-11184035;Fibronectin
T19;36;2384;1408;1.516;1.516;-10140074;Fibronectin
T19;37;2384;1406;0.678;0.678;-7962017;Fibronectin
T19;38;2384;1398;2.712;2.712;-9209742;Fibronectin
T19;39;2394;1394;3.651;3.651;-6711940;Fibronectin
T19;40;2440;1356;20.227;20.227;-9741467;Fibronectin
T19;41;2438;1364;2.795;2.795;-9216673;Fibronectin
T19;42;2438;1364;0.000;0.000;-8423083;Fibronectin
T19;43;2436;1348;5.466;5.466;-8822667;Fibronectin
T19;44;2440;1348;1.356;1.356;-9015988;Fibronectin
T19;45;2446;1348;2.034;2.034;-10463657;Fibronectin
T19;46;2456;1352;3.651;3.651;-9280146;Fibronectin
T19;47;2462;1354;2.144;2.144;-8027008;Fibronectin
T19;48;2464;1320;11.546;11.546;-11246243;Fibronectin
T19;49;2464;1318;0.678;0.678;-12890041;Fibronectin
T19;50;2462;1322;1.516;1.516;-8421515;Fibronectin
T19;51;2462;1318;1.356;1.356;-12300720;Fibronectin
T19;52;2462;1316;0.678;0.678;-12568497;Fibronectin
T19;53;2462;1312;1.356;1.356;-12694970;Fibronectin
T19;54;2462;1310;0.678;0.678;-12563643;Fibronectin
T19;55;2462;1310;0.000;0.000;-13745599;Fibronectin
T19;56;2458;1308;1.516;1.516;-10923961;Fibronectin
T19;57;2496;1302;13.042;13.042;-13546690;Fibronectin
T19;58;2492;1296;2.445;2.445;-12823754;Fibronectin
T19;59;2490;1298;0.959;0.959;-12364732;Fibronectin
T19;60;2482;1294;3.032;3.032;-13092032;Fibronectin
T19;61;2482;1286;2.712;2.712;-11971247;Fibronectin
T19;62;2486;1278;3.032;3.032;-9867924;Fibronectin
T19;63;2486;1278;0.000;0.000;-12956359;Fibronectin
T19;64;2482;1280;1.516;1.516;-10262444;Fibronectin
T19;65;2482;1280;0.000;0.000;-12108221;Fibronectin
T19;66;2482;1280;0.000;0.000;-10920107;Fibronectin
T19;67;2478;1278;1.516;1.516;-9475751;Fibronectin
T19;68;2480;1282;1.516;1.516;-10986670;Fibronectin
T19;69;2480;1282;0.000;0.000;-10329241;Fibronectin
T19;70;2480;1282;0.000;0.000;-11842240;Fibronectin
T19;71;2480;1282;0.000;0.000;-9605530;Fibronectin
T19;72;2480;1282;0.000;0.000;-11512996;Fibronectin
T19;73;2476;1288;2.445;2.445;-10983584;Fibronectin
T19;74;2476;1288;0.000;0.000;-11443128;Fibronectin
T19;75;2478;1284;1.516;1.516;-10918307;Fibronectin
T19;76;2478;1280;1.356;1.356;-10263721;Fibronectin
T19;77;2480;1278;0.959;0.959;-10913185;Fibronectin
T19;78;2480;1278;0.000;0.000;-10452364;Fibronectin
T19;79;2480;1278;0.000;0.000;-11376808;Fibronectin
T19;80;2482;1276;0.959;0.959;-10128538;Fibronectin
T19;81;2484;1274;0.959;0.959;-10854567;Fibronectin
T19;82;2484;1274;0.000;0.000;-12033451;Fibronectin
T19;83;2484;1274;0.000;0.000;-11181479;Fibronectin
T19;84;2486;1270;1.516;1.516;-11119028;Fibronectin
T19;85;2486;1270;0.000;0.000;-10129564;Fibronectin
T19;86;2486;1270;0.000;0.000;-9215146;Fibronectin
T19;87;2486;1270;0.000;0.000;-11051687;Fibronectin
T19;88;2486;1270;0.000;0.000;-9603747;Fibronectin
T19;89;2486;1270;0.000;0.000;-8358042;Fibronectin
T19;90;2486;1270;0.000;0.000;-8684177;Fibronectin
T19;91;2486;1270;0.000;0.000;-10326683;Fibronectin
T19;92;2488;1272;0.959;0.959;-9670561;Fibronectin
T19;93;2488;1272;0.000;0.000;-10524348;Fibronectin
T19;94;2488;1272;0.000;0.000;-9076616;Fibronectin
T19;95;2488;1272;0.000;0.000;-10981028;Fibronectin
T19;96;2490;1272;0.678;0.678;-12694200;Fibronectin
T19;97;2490;1272;0.000;0.000;-10454431;Fibronectin
T19;98;2490;1272;0.000;0.000;-9604501;Fibronectin
T19;99;2490;1270;0.678;0.678;-11056295;Fibronectin
T19;100;2490;1270;0.000;0.000;-10395556;Fibronectin
T19;101;2488;1272;0.959;0.959;-7961967;Fibronectin
T19;102;2488;1274;0.678;0.678;-11184811;Fibronectin
T19;103;2490;1278;1.516;1.516;-12229288;Fibronectin
T19;104;2490;1276;0.678;0.678;-11768235;Fibronectin
T19;105;2490;1272;1.356;1.356;-12293537;Fibronectin
T19;106;2492;1270;0.959;0.959;-11834538;Fibronectin
T19;107;2492;1268;0.678;0.678;-11512521;Fibronectin
T19;108;2490;1262;2.144;2.144;-9998496;Fibronectin
T19;109;2490;1262;0.000;0.000;-11642793;Fibronectin
T19;110;2490;1262;0.000;0.000;-9801880;Fibronectin
T19;111;2490;1262;0.000;0.000;-10463406;Fibronectin
T20;2;1912;1156;3.457;3.457;-8363420;Fibronectin
T20;3;1914;1154;0.959;0.959;-7172226;Fibronectin
T20;4;1912;1148;2.144;2.144;-8295597;Fibronectin
T20;5;1914;1146;0.959;0.959;-8425650;Fibronectin
T20;6;1914;1146;0.000;0.000;-8162981;Fibronectin
T20;7;1916;1142;1.516;1.516;-10467743;Fibronectin
T20;8;1916;1142;0.000;0.000;-10525852;Fibronectin
T20;9;1916;1136;2.034;2.034;-10135455;Fibronectin
T20;10;1916;1132;1.356;1.356;-11380399;Fibronectin
T20;11;1914;1128;1.516;1.516;-7830942;Fibronectin
T20;12;1912;1132;1.516;1.516;-8425112;Fibronectin
T20;13;1910;1128;1.516;1.516;-10721441;Fibronectin
T20;14;1910;1128;0.000;0.000;-9472905;Fibronectin
T20;15;1908;1132;1.516;1.516;-10524561;Fibronectin
T20;16;1908;1136;1.356;1.356;-10787492;Fibronectin
T20;17;1908;1136;0.000;0.000;-10526629;Fibronectin
T20;18;1910;1132;1.516;1.516;-9475250;Fibronectin
T20;19;1912;1132;0.678;0.678;-9217704;Fibronectin
T20;20;1912;1128;1.356;1.356;-10070182;Fibronectin
T20;21;1918;1124;2.445;2.445;-8358812;Fibronectin
T20;22;1922;1126;1.516;1.516;-9672360;Fibronectin
T20;23;1922;1126;0.000;0.000;-10661798;Fibronectin
T20;24;1920;1120;2.144;2.144;-10130078;Fibronectin
T20;25;1920;1120;0.000;0.000;-8160138;Fibronectin
T20;26;1922;1116;1.516;1.516;-10393011;Fibronectin
T20;27;1922;1112;1.356;1.356;-8489893;Fibronectin
T20;28;1922;1116;1.356;1.356;-11910579;Fibronectin
T20;29;1922;1116;0.000;0.000;-9996687;Fibronectin
T20;30;1894;1124;9.872;9.872;-10529987;Fibronectin
T20;31;1854;1110;14.367;14.367;-12100280;Fibronectin
T20;32;1858;1108;1.516;1.516;-8419997;Fibronectin
T20;33;1860;1102;2.144;2.144;-13877961;Fibronectin
T20;34;1862;1098;1.516;1.516;-14273732;Fibronectin
T20;35;1872;1108;4.794;4.794;-9540515;Fibronectin
T20;36;1872;1108;0.000;0.000;-12959931;Fibronectin
T20;37;1876;1110;1.516;1.516;-12892347;Fibronectin
T20;38;1880;1110;1.356;1.356;-7367839;Fibronectin
T20;39;1886;1110;2.034;2.034;-10531008;Fibronectin
T20;40;1884;1104;2.144;2.144;-10854318;Fibronectin
T20;41;1884;1100;1.356;1.356;-10132652;Fibronectin
T20;42;1884;1094;2.034;2.034;-9083311;Fibronectin
T20;43;1878;1096;2.144;2.144;-8093326;Fibronectin
T20;44;1876;1096;0.678;0.678;-10729388;Fibronectin
T20;45;1874;1096;0.678;0.678;-11055784;Fibronectin
T20;46;1872;1096;0.678;0.678;-10130593;Fibronectin
T20;47;1872;1096;0.000;0.000;-10658475;Fibronectin
T20;48;1872;1096;0.000;0.000;-10463133;Fibronectin
T20;49;1872;1096;0.000;0.000;-8683161;Fibronectin
T20;50;1872;1096;0.000;0.000;-11121828;Fibronectin
T20;51;1872;1096;0.000;0.000;-11250866;Fibronectin
T20;52;1868;1096;1.356;1.356;-10395832;Fibronectin
T20;53;1868;1096;0.000;0.000;-11641261;Fibronectin
T20;54;1868;1096;0.000;0.000;-10979999;Fibronectin
T20;55;1868;1098;0.678;0.678;-11115686;Fibronectin
T20;56;1868;1096;0.678;0.678;-9276322;Fibronectin
T20;57;1868;1096;0.000;0.000;-9278093;Fibronectin
T20;58;1868;1100;1.356;1.356;-11577494;Fibronectin
T20;59;1864;1098;1.516;1.516;-7833218;Fibronectin
T20;60;1860;1094;1.918;1.918;-9673104;Fibronectin
T20;61;1860;1094;0.000;0.000;-10202001;Fibronectin
T20;62;1858;1092;0.959;0.959;-12175291;Fibronectin
T20;63;1856;1092;0.678;0.678;-9738404;Fibronectin
T20;64;1856;1092;0.000;0.000;-10862519;Fibronectin
T20;65;1852;1096;1.918;1.918;-9802145;Fibronectin
T20;66;1856;1094;1.516;1.516;-7497080;Fibronectin
T20;67;1856;1090;1.356;1.356;-9669288;Fibronectin
T20;68;1856;1090;0.000;0.000;-9141392;Fibronectin
T20;69;1856;1090;0.000;0.000;-8291223;Fibronectin
T20;70;1856;1090;0.000;0.000;-9533590;Fibronectin
T20;71;1858;1090;0.678;0.678;-10390707;Fibronectin
T20;72;1858;1090;0.000;0.000;-13688266;Fibronectin
T20;73;1858;1090;0.000;0.000;-10398904;Fibronectin
T20;74;1860;1088;0.959;0.959;-10665371;Fibronectin
T20;75;1858;1092;1.516;1.516;-9542304;Fibronectin
T20;76;1852;1098;2.877;2.877;-10459281;Fibronectin
T20;77;1852;1098;0.000;0.000;-12505273;Fibronectin
T20;78;1850;1098;0.678;0.678;-11309742;Fibronectin
T20;79;1850;1098;0.000;0.000;-11649721;Fibronectin
T20;80;1850;1098;0.000;0.000;-10659257;Fibronectin
T20;81;1848;1100;0.959;0.959;-9936571;Fibronectin
T20;82;1842;1106;2.877;2.877;-9607570;Fibronectin
T20;83;1842;1106;0.000;0.000;-9546128;Fibronectin
T20;84;1844;1098;2.795;2.795;-9347221;Fibronectin
T20;85;1844;1098;0.000;0.000;-9147787;Fibronectin
T20;86;1866;1092;7.730;7.730;-10389664;Fibronectin
T20;87;1866;1092;0.000;0.000;-11700397;Fibronectin
T20;88;1872;1090;2.144;2.144;-11517610;Fibronectin
T20;89;1872;1092;0.678;0.678;-10596783;Fibronectin
T20;90;1868;1090;1.516;1.516;-11899058;Fibronectin
T20;91;1868;1090;0.000;0.000;-10387372;Fibronectin
T20;92;1872;1090;1.356;1.356;-11715993;Fibronectin
T20;93;1872;1090;0.000;0.000;-9803912;Fibronectin
T20;94;1872;1090;0.000;0.000;-10000529;Fibronectin
T20;95;1870;1090;0.678;0.678;-9213329;Fibronectin
T20;96;1870;1090;0.000;0.000;-8955282;Fibronectin
T20;97;1870;1090;0.000;0.000;-6650512;Fibronectin
T20;98;1860;1096;3.953;3.953;-8157356;Fibronectin
T20;99;1862;1098;0.959;0.959;-11060398;Fibronectin
T20;100;1864;1098;0.678;0.678;-9410744;Fibronectin
T20;101;1864;1100;0.678;0.678;-9934251;Fibronectin
T20;102;1864;1100;0.000;0.000;-9479080;Fibronectin
T21;2;2212;338;2.144;2.144;-10203054;Fibronectin
T21;3;2208;338;1.356;1.356;-11057083;Fibronectin
T21;4;2208;338;0.000;0.000;-10989754;Fibronectin
T21;5;2208;338;0.000;0.000;-11513265;Fibronectin
T21;6;2214;330;3.390;3.390;-9864878;Fibronectin
T21;7;2214;330;0.000;0.000;-12104122;Fibronectin
T21;8;2216;328;0.959;0.959;-12108977;Fibronectin
T21;9;2218;330;0.959;0.959;-10722468;Fibronectin
T21;10;2218;330;0.000;0.000;-11378089;Fibronectin
T21;11;2222;328;1.516;1.516;-11972017;Fibronectin
T21;12;2222;330;0.678;0.678;-6380917;Fibronectin
T21;13;2216;330;2.034;2.034;-10522530;Fibronectin
T21;14;2214;328;0.959;0.959;-7362174;Fibronectin
T21;15;2212;328;0.678;0.678;-10062745;Fibronectin
T21;16;2212;328;0.000;0.000;-10257316;Fibronectin
T21;17;2212;328;0.000;0.000;-9336203;Fibronectin
T21;18;2212;326;0.678;0.678;-10191770;Fibronectin
T21;19;2212;326;0.000;0.000;-10652825;Fibronectin
T21;20;2214;324;0.959;0.959;-9141905;Fibronectin
T21;21;2214;324;0.000;0.000;-8685734;Fibronectin
T21;22;2216;272;17.641;17.641;-11968937;Fibronectin
T21;23;2216;274;0.678;0.678;-8222596;Fibronectin
T21;24;2214;276;0.959;0.959;-8880540;Fibronectin
T21;25;2208;274;2.144;2.144;-11048862;Fibronectin
T21;26;2208;276;0.678;0.678;-10589610;Fibronectin
T21;27;2206;278;0.959;0.959;-9734044;Fibronectin
T21;28;2198;280;2.795;2.795;-11249072;Fibronectin
T21;29;2196;278;0.959;0.959;-10068111;Fibronectin
T21;30;2196;274;1.356;1.356;-9532830;Fibronectin
T21;31;2192;272;1.516;1.516;-8358022;Fibronectin
T21;32;2184;268;3.032;3.032;-9144719;Fibronectin
T21;33;2170;264;4.936;4.936;-11714229;Fibronectin
T21;34;2160;252;5.295;5.295;-12633797;Fibronectin
T21;35;2156;248;1.918;1.918;-10134445;Fibronectin
T21;36;2142;246;4.794;4.794;-10989239;Fibronectin
T21;37;2138;248;1.516;1.516;-12309444;Fibronectin
T21;38;2142;252;1.918;1.918;-9937840;Fibronectin
T21;39;2148;254;2.144;2.144;-8683664;Fibronectin
T21;40;2146;256;0.959;0.959;-10987430;Fibronectin
T21;41;2142;254;1.516;1.516;-10922918;Fibronectin
T21;42;2142;252;0.678;0.678;-11452094;Fibronectin
T21;43;2144;254;0.959;0.959;-11187380;Fibronectin
T21;44;2148;256;1.516;1.516;-11711145;Fibronectin
T21;45;2148;256;0.000;0.000;-10198953;Fibronectin
T21;46;2150;260;1.516;1.516;-11975865;Fibronectin
T21;47;2152;264;1.516;1.516;-12042155;Fibronectin
T21;48;2150;258;2.144;2.144;-12701110;Fibronectin
T21;49;2160;262;3.651;3.651;-10786979;Fibronectin
T21;50;2162;264;0.959;0.959;-11518406;Fibronectin
T21;51;2162;264;0.000;0.000;-10853264;Fibronectin
T21;52;2156;256;3.390;3.390;-10323861;Fibronectin
T21;53;2156;256;0.000;0.000;-13221581;Fibronectin
T21;54;2158;250;2.144;2.144;-9212828;Fibronectin
T21;55;2166;240;4.341;4.341;-10063769;Fibronectin
T21;56;2166;244;1.356;1.356;-9602458;Fibronectin
T21;57;2168;252;2.795;2.795;-8094599;Fibronectin
T21;58;2160;250;2.795;2.795;-11314339;Fibronectin
T21;59;2160;252;0.678;0.678;-13218222;Fibronectin
T21;60;2162;244;2.795;2.795;-12500910;Fibronectin
T21;61;2162;244;0.000;0.000;-12831168;Fibronectin
T21;62;2162;240;1.356;1.356;-10264489;Fibronectin
T21;63;2162;240;0.000;0.000;-9147056;Fibronectin
T21;64;2162;240;0.000;0.000;-12562363;Fibronectin
T21;65;2162;240;0.000;0.000;-11844532;Fibronectin
T21;66;2162;238;0.678;0.678;-11448244;Fibronectin
T21;67;2164;236;0.959;0.959;-10131109;Fibronectin
T21;68;2164;236;0.000;0.000;-9342356;Fibronectin
T21;69;2164;240;1.356;1.356;-12232622;Fibronectin
T21;70;2164;238;0.678;0.678;-13021877;Fibronectin
T21;71;2164;236;0.678;0.678;-9012615;Fibronectin
T21;72;2170;238;2.144;2.144;-8946570;Fibronectin
T21;73;2170;244;2.034;2.034;-11708091;Fibronectin
T21;74;2166;244;1.356;1.356;-11113887;Fibronectin
T21;75;2166;244;0.000;0.000;-7499649;Fibronectin
T21;76;2166;250;2.034;2.034;-9671063;Fibronectin
T21;77;2170;256;2.445;2.445;-14205624;Fibronectin
T21;78;2168;256;0.678;0.678;-12628923;Fibronectin
T21;79;2168;252;1.356;1.356;-11512986;Fibronectin
T21;80;2168;254;0.678;0.678;-9734552;Fibronectin
T21;81;2168;268;4.746;4.746;-12897212;Fibronectin
T21;82;2168;270;0.678;0.678;-13355454;Fibronectin
T21;83;2168;270;0.000;0.000;-10126238;Fibronectin
T21;84;2170;262;2.795;2.795;-13026489;Fibronectin
T21;85;2170;262;0.000;0.000;-12696243;Fibronectin
T21;86;2170;262;0.000;0.000;-12759734;Fibronectin
T21;87;2174;258;1.918;1.918;-11447205;Fibronectin
T21;88;2174;262;1.356;1.356;-13087408;Fibronectin
T21;89;2176;260;0.959;0.959;-12831930;Fibronectin
T21;90;2180;260;1.356;1.356;-12498110;Fibronectin
T22;2;766;1156;2.795;2.795;-8429467;Fibronectin
T22;3;762;1154;1.516;1.516;-10067387;Fibronectin
T22;4;762;1154;0.000;0.000;-10067618;Fibronectin
T22;5;762;1154;0.000;0.000;-10796449;Fibronectin
T22;6;762;1154;0.000;0.000;-8224429;Fibronectin
T22;7;758;1154;1.356;1.356;-10136250;Fibronectin
T22;8;756;1156;0.959;0.959;-12300473;Fibronectin
T22;9;756;1156;0.000;0.000;-12500420;Fibronectin
T22;10;754;1154;0.959;0.959;-10331294;Fibronectin
T22;11;754;1154;0.000;0.000;-9282482;Fibronectin
T22;12;754;1154;0.000;0.000;-10004138;Fibronectin
T22;13;750;1154;1.356;1.356;-9280952;Fibronectin
T22;14;750;1156;0.678;0.678;-9871026;Fibronectin
T22;15;750;1156;0.000;0.000;-9744038;Fibronectin
T22;16;750;1158;0.678;0.678;-9217945;Fibronectin
T22;17;750;1158;0.000;0.000;-9996703;Fibronectin
T22;18;750;1158;0.000;0.000;-11048615;Fibronectin
T22;19;750;1158;0.000;0.000;-9545654;Fibronectin
T22;20;750;1158;0.000;0.000;-10199223;Fibronectin
T22;21;750;1158;0.000;0.000;-9804000;Fibronectin
T22;22;754;1158;1.356;1.356;-11251661;Fibronectin
T22;23;756;1156;0.959;0.959;-9672374;Fibronectin
T22;24;756;1156;0.000;0.000;-10130082;Fibronectin
T22;25;756;1154;0.678;0.678;-14007742;Fibronectin
T22;26;760;1152;1.516;1.516;-10058654;Fibronectin
T22;27;762;1156;1.516;1.516;-9210008;Fibronectin
T22;28;762;1152;1.356;1.356;-9868961;Fibronectin
T22;29;762;1152;0.000;0.000;-10989213;Fibronectin
T22;30;762;1152;0.000;0.000;-10332299;Fibronectin
T22;31;760;1150;0.959;0.959;-8295050;Fibronectin
T22;32;760;1150;0.000;0.000;-7835512;Fibronectin
T22;33;758;1148;0.959;0.959;-13160418;Fibronectin
T22;34;754;1150;1.516;1.516;-11113367;Fibronectin
T22;35;752;1148;0.959;0.959;-10400176;Fibronectin
T22;36;746;1148;2.034;2.034;-9079459;Fibronectin
T22;37;748;1148;0.678;0.678;-11710877;Fibronectin
T22;38;756;1140;3.835;3.835;-10063270;Fibronectin
T22;39;758;1142;0.959;0.959;-10461086;Fibronectin
T22;40;760;1142;0.678;0.678;-9156008;Fibronectin
T22;41;762;1144;0.959;0.959;-9024674;Fibronectin
T22;42;768;1142;2.144;2.144;-9074572;Fibronectin
T22;43;772;1138;1.918;1.918;-11580858;Fibronectin
T22;44;764;1138;2.712;2.712;-14669528;Fibronectin
T22;45;764;1138;0.000;0.000;-9543569;Fibronectin
T22;46;762;1144;2.144;2.144;-9807786;Fibronectin
T22;47;764;1148;1.516;1.516;-9539483;Fibronectin
T22;48;760;1154;2.445;2.445;-11052948;Fibronectin
T22;49;756;1156;1.516;1.516;-9142934;Fibronectin
T22;50;758;1156;0.678;0.678;-7309230;Fibronectin
T22;51;754;1158;1.516;1.516;-9214414;Fibronectin
T22;52;762;1158;2.712;2.712;-14334138;Fibronectin
T22;53;762;1160;0.678;0.678;-9676462;Fibronectin
T22;54;764;1164;1.516;1.516;-7116938;Fibronectin
T22;55;768;1166;1.516;1.516;-7371664;Fibronectin
T22;56;768;1166;0.000;0.000;-8359572;Fibronectin
T22;57;768;1166;0.000;0.000;-9416349;Fibronectin
T22;58;768;1164;0.678;0.678;-8034491;Fibronectin
T22;59;768;1164;0.000;0.000;-6521980;Fibronectin
T22;60;768;1164;0.000;0.000;-5926522;Fibronectin
T22;61;764;1162;1.516;1.516;-12964794;Fibronectin
T22;62;762;1162;0.678;0.678;-10140575;Fibronectin
T22;63;764;1160;0.959;0.959;-10659756;Fibronectin
T22;64;768;1160;1.356;1.356;-12237248;Fibronectin
T22;65;768;1160;0.000;0.000;-12106924;Fibronectin
T22;66;768;1160;0.000;0.000;-13029056;Fibronectin
T22;67;770;1156;1.516;1.516;-10393486;Fibronectin
T22;68;770;1156;0.000;0.000;-10193340;Fibronectin
T22;69;776;1154;2.144;2.144;-9932935;Fibronectin
T22;70;768;1162;3.835;3.835;-9931159;Fibronectin
T22;71;762;1166;2.445;2.445;-11710391;Fibronectin
T22;72;762;1168;0.678;0.678;-11516846;Fibronectin
T22;73;760;1170;0.959;0.959;-10133401;Fibronectin
T22;74;758;1160;3.457;3.457;-9343134;Fibronectin
T22;75;758;1160;0.000;0.000;-11382198;Fibronectin
T22;76;758;1160;0.000;0.000;-9866691;Fibronectin
T22;77;758;1160;0.000;0.000;-10128291;Fibronectin
T22;78;758;1160;0.000;0.000;-8879018;Fibronectin
T22;79;758;1160;0.000;0.000;-8617126;Fibronectin
T22;80;758;1156;1.356;1.356;-10590629;Fibronectin
T22;81;756;1156;0.678;0.678;-9408174;Fibronectin
T22;82;746;1160;3.651;3.651;-9670040;Fibronectin
T22;83;744;1162;0.959;0.959;-5926037;Fibronectin
T22;84;744;1162;0.000;0.000;-9546639;Fibronectin
T22;85;736;1158;3.032;3.032;-10525349;Fibronectin
T22;86;736;1154;1.356;1.356;-11579569;Fibronectin
T22;87;736;1150;1.356;1.356;-10000294;Fibronectin
T22;88;734;1150;0.678;0.678;-10663606;Fibronectin
T22;89;732;1144;2.144;2.144;-9146034;Fibronectin
T22;90;732;1142;0.678;0.678;-9410730;Fibronectin
T22;91;732;1142;0.000;0.000;-8823694;Fibronectin
T22;92;732;1142;0.000;0.000;-10729616;Fibronectin
T22;93;734;1142;0.678;0.678;-10399381;Fibronectin
T22;94;734;1142;0.000;0.000;-9939595;Fibronectin
T22;95;734;1146;1.356;1.356;-11976639;Fibronectin
T22;96;736;1148;0.959;0.959;-9086140;Fibronectin
T22;97;736;1148;0.000;0.000;-8757426;Fibronectin
T22;98;736;1148;0.000;0.000;-9613738;Fibronectin
T22;99;740;1148;1.356;1.356;-8883847;Fibronectin
T22;100;744;1148;1.356;1.356;-9147546;Fibronectin
T22;101;746;1144;1.516;1.516;-8619921;Fibronectin
T22;102;756;1142;3.457;3.457;-10917807;Fibronectin
T22;103;760;1146;1.918;1.918;-10068901;Fibronectin
T22;104;762;1150;1.516;1.516;-9017018;Fibronectin
T22;105;762;1150;0.000;0.000;-10593713;Fibronectin
T22;106;768;1148;2.144;2.144;-9606056;Fibronectin
T22;107;768;1148;0.000;0.000;-10724545;Fibronectin
T22;108;770;1148;0.678;0.678;-9937315;Fibronectin
T22;109;770;1150;0.678;0.678;-10200749;Fibronectin
T22;110;770;1150;0.000;0.000;-11705767;Fibronectin
T22;111;774;1150;1.356;1.356;-12244683;Fibronectin
T22;112;770;1150;1.356;1.356;-13284286;Fibronectin
T22;113;768;1152;0.959;0.959;-12633564;Fibronectin
T22;114;768;1154;0.678;0.678;-11047330;Fibronectin
T22;115;768;1158;1.356;1.356;-10401447;Fibronectin
T22;116;768;1158;0.000;0.000;-8229759;Fibronectin
T22;117;764;1156;1.516;1.516;-8754823;Fibronectin
T22;118;762;1154;0.959;0.959;-11113387;Fibronectin
T22;119;758;1154;1.356;1.356;-9270157;Fibronectin
T22;120;758;1154;0.000;0.000;-9993629;Fibronectin
T22;121;758;1154;0.000;0.000;-9278128;Fibronectin
T22;122;756;1154;0.678;0.678;-8951681;Fibronectin
T22;123;756;1154;0.000;0.000;-9277327;Fibronectin
T22;124;756;1152;0.678;0.678;-9414042;Fibronectin
T22;125;754;1150;0.959;0.959;-8429768;Fibronectin
T22;126;752;1148;0.959;0.959;-11588291;Fibronectin
T22;127;754;1148;0.678;0.678;-9620411;Fibronectin
T22;128;756;1148;0.678;0.678;-10931892;Fibronectin
T22;129;756;1148;0.000;0.000;-10868156;Fibronectin
T22;130;756;1148;0.000;0.000;-7767936;Fibronectin
T22;131;756;1150;0.678;0.678;-9485729;Fibronectin
T22;132;754;1150;0.678;0.678;-11064231;Fibronectin
T22;133;754;1148;0.678;0.678;-9874092;Fibronectin
T22;134;754;1148;0.000;0.000;-8426919;Fibronectin
T22;135;754;1150;0.678;0.678;-8754348;Fibronectin
T22;136;754;1150;0.000;0.000;-10137756;Fibronectin
T22;137;754;1148;0.678;0.678;-11577007;Fibronectin
T22;138;752;1146;0.959;0.959;-10993073;Fibronectin
T22;139;750;1148;0.959;0.959;-12107679;Fibronectin
T22;140;750;1148;0.000;0.000;-11448994;Fibronectin
T22;141;746;1148;1.356;1.356;-11911345;Fibronectin
T22;142;744;1146;0.959;0.959;-10397617;Fibronectin
T22;143;744;1146;0.000;0.000;-10263447;Fibronectin
T22;144;744;1146;0.000;0.000;-8686494;Fibronectin
T22;145;746;1150;1.516;1.516;-8361880;Fibronectin
T22;146;746;1150;0.000;0.000;-8159388;Fibronectin
T22;147;746;1150;0.000;0.000;-7570557;Fibronectin
T22;148;746;1150;0.000;0.000;-11256489;Fibronectin
T22;149;746;1150;0.000;0.000;-10730430;Fibronectin
T22;150;746;1150;0.000;0.000;-10721950;Fibronectin
T22;151;746;1150;0.000;0.000;-11114137;Fibronectin
T22;152;746;1150;0.000;0.000;-9932199;Fibronectin
T22;153;746;1152;0.678;0.678;-10529427;Fibronectin
T22;154;744;1152;0.678;0.678;-11125671;Fibronectin
T22;155;742;1154;0.959;0.959;-8692890;Fibronectin
T22;156;742;1154;0.000;0.000;-7436685;Fibronectin
T22;157;740;1154;0.678;0.678;-8754055;Fibronectin
T22;158;740;1152;0.678;0.678;-9939358;Fibronectin
T22;159;744;1152;1.356;1.356;-10863253;Fibronectin
T22;160;748;1154;1.516;1.516;-11258288;Fibronectin
T22;161;748;1154;0.000;0.000;-10729638;Fibronectin
T22;162;746;1152;0.959;0.959;-10863795;Fibronectin
T22;163;744;1152;0.678;0.678;-10538425;Fibronectin
T22;164;750;1152;2.034;2.034;-10729375;Fibronectin
T22;165;750;1152;0.000;0.000;-10928032;Fibronectin
T22;166;750;1152;0.000;0.000;-9810840;Fibronectin
T22;167;750;1152;0.000;0.000;-10661296;Fibronectin
T22;168;750;1152;0.000;0.000;-11053738;Fibronectin
T22;169;750;1152;0.000;0.000;-8830652;Fibronectin
T22;170;750;1154;0.678;0.678;-8957341;Fibronectin
T22;171;750;1154;0.000;0.000;-10270392;Fibronectin
T22;172;750;1154;0.000;0.000;-9613730;Fibronectin
T22;173;750;1154;0.000;0.000;-8492429;Fibronectin
T22;174;752;1154;0.678;0.678;-10602945;Fibronectin
T22;175;754;1154;0.678;0.678;-10074549;Fibronectin
T22;176;752;1154;0.678;0.678;-9021851;Fibronectin
T22;177;756;1154;1.356;1.356;-10340274;Fibronectin
T22;178;756;1154;0.000;0.000;-10466755;Fibronectin
T22;179;758;1154;0.678;0.678;-10470061;Fibronectin
T22;180;758;1152;0.678;0.678;-7901583;Fibronectin
T22;181;758;1152;0.000;0.000;-9738688;Fibronectin
T22;182;758;1150;0.678;0.678;-12371128;Fibronectin
T22;183;756;1150;0.678;0.678;-12434619;Fibronectin
T22;184;762;1154;2.445;2.445;-9937316;Fibronectin
T22;185;770;1156;2.795;2.795;-9874868;Fibronectin
T22;186;770;1156;0.000;0.000;-10526622;Fibronectin
T22;187;770;1158;0.678;0.678;-9018815;Fibronectin
T22;188;770;1158;0.000;0.000;-13155529;Fibronectin
T22;189;774;1162;1.918;1.918;-13086917;Fibronectin
T22;190;778;1168;2.445;2.445;-10397877;Fibronectin
T22;191;790;1172;4.288;4.288;-10995114;Fibronectin
T22;192;786;1170;1.516;1.516;-8558505;Fibronectin
T22;193;786;1172;0.678;0.678;-9343922;Fibronectin
T22;194;790;1172;1.356;1.356;-10735794;Fibronectin
T22;195;792;1168;1.516;1.516;-9807286;Fibronectin
T22;196;792;1168;0.000;0.000;-12432586;Fibronectin
T22;197;792;1176;2.712;2.712;-11714740;Fibronectin
T22;198;784;1176;2.712;2.712;-11317177;Fibronectin
T22;199;784;1172;1.356;1.356;-10206682;Fibronectin
T22;200;782;1172;0.678;0.678;-10269374;Fibronectin
T22;201;782;1172;0.000;0.000;-10203298;Fibronectin
T22;202;782;1176;1.356;1.356;-10334363;Fibronectin
T22;203;782;1176;0.000;0.000;-12305872;Fibronectin
T22;204;786;1176;1.356;1.356;-10727620;Fibronectin
T22;205;788;1176;0.678;0.678;-11120307;Fibronectin
T22;206;790;1176;0.678;0.678;-10657705;Fibronectin
T22;207;796;1174;2.144;2.144;-11319228;Fibronectin
T22;208;796;1174;0.000;0.000;-11584708;Fibronectin
T22;209;804;1172;2.795;2.795;-9939133;Fibronectin
T22;210;806;1172;0.678;0.678;-12636107;Fibronectin
T22;211;810;1172;1.356;1.356;-10987693;Fibronectin
T22;212;824;1174;4.794;4.794;-13486285;Fibronectin
T22;213;836;1174;4.068;4.068;-13420760;Fibronectin
T22;214;844;1174;2.712;2.712;-12105163;Fibronectin
T22;215;850;1172;2.144;2.144;-12698048;Fibronectin
T22;216;850;1176;1.356;1.356;-12830924;Fibronectin
T22;217;850;1180;1.356;1.356;-11186880;Fibronectin
T22;218;852;1180;0.678;0.678;-11317460;Fibronectin
T22;219;854;1174;2.144;2.144;-10529712;Fibronectin
T22;220;858;1172;1.516;1.516;-11190931;Fibronectin
T22;221;862;1168;1.918;1.918;-10791358;Fibronectin
T22;222;866;1168;1.356;1.356;-12239817;Fibronectin
T22;223;870;1164;1.918;1.918;-13948366;Fibronectin
T22;224;870;1164;0.000;0.000;-11973826;Fibronectin
T22;225;870;1164;0.000;0.000;-12037575;Fibronectin
T22;226;870;1164;0.000;0.000;-13817544;Fibronectin
T22;227;870;1164;0.000;0.000;-13095116;Fibronectin
T22;228;870;1164;0.000;0.000;-11909298;Fibronectin
T22;229;870;1164;0.000;0.000;-13816529;Fibronectin
T22;230;868;1162;0.959;0.959;-12372416;Fibronectin
T22;231;860;1164;2.795;2.795;-12367823;Fibronectin
T22;232;862;1164;0.678;0.678;-13818069;Fibronectin
T22;233;864;1160;1.516;1.516;-12242378;Fibronectin
T22;234;866;1154;2.144;2.144;-11780549;Fibronectin
T22;235;872;1152;2.144;2.144;-13029301;Fibronectin
T22;236;872;1152;0.000;0.000;-12437727;Fibronectin
T22;237;870;1148;1.516;1.516;-14272983;Fibronectin
T22;238;870;1152;1.356;1.356;-12040398;Fibronectin
T22;239;870;1154;0.678;0.678;-12897005;Fibronectin
T22;240;870;1154;0.000;0.000;-11452873;Fibronectin
T22;241;866;1154;1.356;1.356;-11912671;Fibronectin
T22;242;868;1152;0.959;0.959;-13225447;Fibronectin
T22;243;868;1152;0.000;0.000;-13555667;Fibronectin
T22;244;868;1152;0.000;0.000;-12499929;Fibronectin
T22;245;866;1154;0.959;0.959;-12436185;Fibronectin
T22;246;866;1154;0.000;0.000;-13095914;Fibronectin
T22;247;866;1152;0.678;0.678;-12963802;Fibronectin
T22;248;866;1150;0.678;0.678;-12768743;Fibronectin
T22;249;864;1148;0.959;0.959;-11248537;Fibronectin
T22;250;864;1148;0.000;0.000;-12433615;Fibronectin
T22;251;862;1148;0.678;0.678;-11783341;Fibronectin
T22;252;862;1150;0.678;0.678;-11910830;Fibronectin
T22;253;860;1150;0.678;0.678;-11255709;Fibronectin
T22;254;860;1150;0.000;0.000;-9878189;Fibronectin
T22;255;860;1150;0.000;0.000;-13092772;Fibronectin
T22;256;860;1150;0.000;0.000;-11773868;Fibronectin
T22;257;860;1146;1.356;1.356;-12436122;Fibronectin
T22;258;860;1144;0.678;0.678;-12569000;Fibronectin
T22;259;860;1140;1.356;1.356;-9279637;Fibronectin
T22;260;860;1132;2.712;2.712;-10133701;Fibronectin
T22;261;856;1128;1.918;1.918;-12234678;Fibronectin
T22;262;860;1128;1.356;1.356;-11713200;Fibronectin
T22;263;864;1126;1.516;1.516;-10396861;Fibronectin
T22;264;864;1128;0.678;0.678;-12565938;Fibronectin
T22;265;874;1130;3.457;3.457;-9084350;Fibronectin
T22;266;874;1128;0.678;0.678;-9541554;Fibronectin
T22;267;876;1130;0.959;0.959;-7966131;Fibronectin
T22;268;886;1130;3.390;3.390;-10403759;Fibronectin
T22;269;888;1130;0.678;0.678;-11117987;Fibronectin
T22;270;890;1130;0.678;0.678;-11838139;Fibronectin
T22;271;890;1128;0.678;0.678;-11250882;Fibronectin
T22;272;890;1126;0.678;0.678;-10918066;Fibronectin
T22;273;890;1126;0.000;0.000;-11315392;Fibronectin
T22;274;892;1128;0.959;0.959;-11381949;Fibronectin
T22;275;894;1128;0.678;0.678;-11509665;Fibronectin
T22;276;898;1128;1.356;1.356;-12563902;Fibronectin
T22;277;900;1126;0.959;0.959;-12305578;Fibronectin
T22;278;902;1122;1.516;1.516;-11582130;Fibronectin
T22;279;908;1118;2.445;2.445;-11580834;Fibronectin
T22;280;906;1100;6.140;6.140;-8887458;Fibronectin
T22;281;904;1094;2.144;2.144;-10657427;Fibronectin
T22;282;904;1090;1.356;1.356;-12957136;Fibronectin
T22;283;908;1096;2.445;2.445;-11187893;Fibronectin
T22;284;914;1096;2.034;2.034;-12628425;Fibronectin
T22;285;914;1096;0.000;0.000;-13548745;Fibronectin
T22;286;912;1100;1.516;1.516;-13546938;Fibronectin
T22;287;910;1100;0.678;0.678;-10929090;Fibronectin
T22;288;908;1102;0.959;0.959;-10724773;Fibronectin
T22;289;908;1102;0.000;0.000;-11447491;Fibronectin
T22;290;910;1100;0.959;0.959;-11907529;Fibronectin
T22;291;922;1098;4.124;4.124;-11314605;Fibronectin
T22;292;926;1090;3.032;3.032;-11574179;Fibronectin
T22;293;930;1078;4.288;4.288;-11117730;Fibronectin
T22;294;934;1064;4.936;4.936;-9677237;Fibronectin
T22;295;938;1056;3.032;3.032;-9019258;Fibronectin
T22;296;938;1054;0.678;0.678;-8885371;Fibronectin
T22;297;938;1054;0.000;0.000;-10660502;Fibronectin
T22;298;938;1048;2.034;2.034;-12105923;Fibronectin
T22;299;936;1046;0.959;0.959;-11447448;Fibronectin
T22;300;936;1046;0.000;0.000;-10264998;Fibronectin
T22;301;936;1048;0.678;0.678;-10791595;Fibronectin
T22;302;934;1044;1.516;1.516;-12499909;Fibronectin
T22;303;932;1042;0.959;0.959;-11581899;Fibronectin
T22;304;932;1046;1.356;1.356;-12369334;Fibronectin
T22;305;930;1046;0.678;0.678;-13025734;Fibronectin
T22;306;930;1046;0.000;0.000;-12104882;Fibronectin
T22;307;930;1046;0.000;0.000;-12434916;Fibronectin
T22;308;930;1046;0.000;0.000;-12829123;Fibronectin
T22;309;930;1046;0.000;0.000;-10856911;Fibronectin
T22;310;930;1046;0.000;0.000;-12565185;Fibronectin
T22;311;930;1046;0.000;0.000;-12634062;Fibronectin
T22;312;932;1042;1.516;1.516;-12962288;Fibronectin
T22;313;940;1038;3.032;3.032;-10921165;Fibronectin
T22;314;938;1032;2.144;2.144;-13290716;Fibronectin
T22;315;934;1032;1.356;1.356;-12437190;Fibronectin
T22;316;932;1034;0.959;0.959;-13292515;Fibronectin
T22;317;928;1030;1.918;1.918;-12505550;Fibronectin
T22;318;928;1030;0.000;0.000;-11849925;Fibronectin
T22;319;928;1028;0.678;0.678;-11649998;Fibronectin
T22;320;928;1026;0.678;0.678;-11843781;Fibronectin
T22;321;928;1026;0.000;0.000;-12831202;Fibronectin
T22;322;928;1024;0.678;0.678;-13022890;Fibronectin
T22;323;928;1024;0.000;0.000;-12566716;Fibronectin
T22;324;936;1026;2.795;2.795;-11118793;Fibronectin
T22;325;936;1026;0.000;0.000;-11186375;Fibronectin
T22;326;936;1024;0.678;0.678;-11513514;Fibronectin
T22;327;934;1024;0.678;0.678;-12236973;Fibronectin
T22;328;934;1024;0.000;0.000;-12693450;Fibronectin
T22;329;934;1024;0.000;0.000;-12825550;Fibronectin
T22;330;934;1024;0.000;0.000;-14207187;Fibronectin
T22;331;934;1024;0.000;0.000;-13747638;Fibronectin
T22;332;930;1026;1.516;1.516;-12230569;Fibronectin
T22;333;926;1026;1.356;1.356;-10462125;Fibronectin
T22;334;926;1028;0.678;0.678;-10263970;Fibronectin
T22;335;926;1028;0.000;0.000;-12296360;Fibronectin
T22;336;926;1026;0.678;0.678;-10392476;Fibronectin
T22;337;926;1026;0.000;0.000;-8030607;Fibronectin
T22;338;918;1026;2.712;2.712;-14073284;Fibronectin
T22;339;914;1028;1.516;1.516;-12697272;Fibronectin
T22;340;914;1030;0.678;0.678;-12698040;Fibronectin
T22;341;922;1030;2.712;2.712;-13291729;Fibronectin
T22;342;924;1030;0.678;0.678;-13881079;Fibronectin
T22;343;924;1034;1.356;1.356;-11321548;Fibronectin
T22;344;924;1032;0.678;0.678;-12237247;Fibronectin
T22;345;922;1032;0.678;0.678;-13745626;Fibronectin
T22;346;922;1032;0.000;0.000;-14337770;Fibronectin
T22;347;922;1032;0.000;0.000;-14209498;Fibronectin
T22;348;920;1036;1.516;1.516;-12238526;Fibronectin
T22;349;920;1036;0.000;0.000;-9022639;Fibronectin
T22;350;922;1034;0.959;0.959;-10862525;Fibronectin
T22;351;920;1028;2.144;2.144;-10856873;Fibronectin
T22;352;920;1028;0.000;0.000;-10598074;Fibronectin
T22;353;918;1024;1.516;1.516;-11710642;Fibronectin
T22;354;918;1022;0.678;0.678;-11252170;Fibronectin
T22;355;918;1020;0.678;0.678;-14206952;Fibronectin
T22;356;914;1020;1.356;1.356;-13817319;Fibronectin
T22;357;914;1020;0.000;0.000;-10855872;Fibronectin
T22;358;912;1020;0.678;0.678;-10461340;Fibronectin
T22;359;912;1020;0.000;0.000;-8948627;Fibronectin
T22;360;916;1028;3.032;3.032;-9277602;Fibronectin
T22;361;916;1028;0.000;0.000;-10460083;Fibronectin
T22;362;920;1032;1.918;1.918;-11709900;Fibronectin
T22;363;920;1036;1.356;1.356;-12961735;Fibronectin
T22;364;922;1040;1.516;1.516;-10794699;Fibronectin
T22;365;928;1036;2.445;2.445;-12829136;Fibronectin
T22;366;922;1038;2.144;2.144;-11124887;Fibronectin
T22;367;922;1036;0.678;0.678;-10334116;Fibronectin
T22;368;922;1032;1.356;1.356;-11251633;Fibronectin
T22;369;920;1028;1.516;1.516;-11645873;Fibronectin
T22;370;920;1028;0.000;0.000;-8686231;Fibronectin
T22;371;916;1026;1.516;1.516;-11580347;Fibronectin
T22;372;914;1024;0.959;0.959;-9017770;Fibronectin
T22;373;914;1024;0.000;0.000;-12303792;Fibronectin
T22;374;914;1020;1.356;1.356;-11640752;Fibronectin
T22;375;912;1022;0.959;0.959;-10785176;Fibronectin
T22;376;910;1022;0.678;0.678;-12822704;Fibronectin
T22;377;912;1022;0.678;0.678;-14013381;Fibronectin
T22;378;912;1022;0.000;0.000;-14470076;Fibronectin
T22;379;914;1024;0.959;0.959;-12299981;Fibronectin
T22;380;914;1024;0.000;0.000;-12631754;Fibronectin
T22;381;914;1024;0.000;0.000;-12241627;Fibronectin
T22;382;914;1024;0.000;0.000;-12634290;Fibronectin
T22;383;914;1024;0.000;0.000;-11192242;Fibronectin
T22;384;914;1020;1.356;1.356;-12105937;Fibronectin
T22;385;914;1020;0.000;0.000;-11447229;Fibronectin
T22;386;912;1018;0.959;0.959;-13746652;Fibronectin
T22;387;912;1018;0.000;0.000;-12431804;Fibronectin
T22;388;912;1016;0.678;0.678;-13614548;Fibronectin
T22;389;914;1016;0.678;0.678;-12892610;Fibronectin
T22;390;914;1016;0.000;0.000;-14408443;Fibronectin
T22;391;916;1016;0.678;0.678;-10857137;Fibronectin
T22;392;916;1020;1.356;1.356;-13090500;Fibronectin
T22;393;916;1020;0.000;0.000;-13286589;Fibronectin
T22;394;916;1020;0.000;0.000;-12496572;Fibronectin
T22;395;914;1018;0.959;0.959;-13485256;Fibronectin
T22;396;914;1018;0.000;0.000;-13942986;Fibronectin
T22;397;920;1018;2.034;2.034;-13942475;Fibronectin
T22;398;920;1018;0.000;0.000;-12630994;Fibronectin
T22;399;920;1018;0.000;0.000;-11777475;Fibronectin
T22;400;922;1018;0.678;0.678;-13155519;Fibronectin
T22;401;930;1018;2.712;2.712;-9078440;Fibronectin
T22;402;930;1018;0.000;0.000;-13684432;Fibronectin
T22;403;930;1018;0.000;0.000;-8293797;Fibronectin
T22;404;932;1022;1.516;1.516;-13092808;Fibronectin
T22;405;930;1020;0.959;0.959;-10394802;Fibronectin
T22;406;928;1016;1.516;1.516;-9936048;Fibronectin
T22;407;926;1018;0.959;0.959;-14207931;Fibronectin
T22;408;924;1018;0.678;0.678;-13487841;Fibronectin
T22;409;924;1018;0.000;0.000;-11976635;Fibronectin
T22;410;924;1018;0.000;0.000;-13486786;Fibronectin
T22;411;924;1018;0.000;0.000;-14473447;Fibronectin
T22;412;924;1018;0.000;0.000;-14010576;Fibronectin
T22;413;924;1020;0.678;0.678;-14407128;Fibronectin
T22;414;924;1020;0.000;0.000;-12108973;Fibronectin
T22;415;924;1022;0.678;0.678;-12567752;Fibronectin
T22;416;922;1024;0.959;0.959;-10724252;Fibronectin
T22;417;920;1026;0.959;0.959;-14014437;Fibronectin
T22;418;918;1026;0.678;0.678;-13484735;Fibronectin
T22;419;916;1030;1.516;1.516;-13482685;Fibronectin
T22;420;916;1030;0.000;0.000;-13747632;Fibronectin
T22;421;916;1030;0.000;0.000;-13417664;Fibronectin
T22;422;912;1036;2.445;2.445;-10327470;Fibronectin
T22;423;914;1034;0.959;0.959;-9146532;Fibronectin
T22;424;916;1030;1.516;1.516;-9740186;Fibronectin
T22;425;916;1028;0.678;0.678;-9216662;Fibronectin
T22;426;916;1024;1.356;1.356;-8748176;Fibronectin
T22;427;916;1018;2.034;2.034;-10393250;Fibronectin
T22;428;914;1014;1.516;1.516;-11052483;Fibronectin
T22;429;914;1006;2.712;2.712;-12170695;Fibronectin
T22;430;910;1006;1.356;1.356;-9670820;Fibronectin
T22;431;906;1012;2.445;2.445;-10197162;Fibronectin
T22;432;902;1012;1.356;1.356;-11185070;Fibronectin
T22;433;900;1012;0.678;0.678;-8951675;Fibronectin
T22;434;902;1012;0.678;0.678;-8158620;Fibronectin
T22;435;910;1010;2.795;2.795;-10987180;Fibronectin
T22;436;916;1010;2.034;2.034;-7896737;Fibronectin
T22;437;916;1008;0.678;0.678;-8885641;Fibronectin
T22;438;898;1006;6.140;6.140;-10787767;Fibronectin
T22;439;902;1004;1.516;1.516;-8621705;Fibronectin
T22;440;906;1004;1.356;1.356;-8424854;Fibronectin
T22;441;920;1016;6.251;6.251;-11647704;Fibronectin
T22;442;926;1016;2.034;2.034;-10391982;Fibronectin
T22;443;928;1016;0.678;0.678;-8619937;Fibronectin
T22;444;930;1004;4.124;4.124;-10523801;Fibronectin
T22;445;924;996;3.390;3.390;-9211530;Fibronectin
T22;446;922;994;0.959;0.959;-8161415;Fibronectin
T22;447;904;998;6.251;6.251;-10127772;Fibronectin
T22;448;902;1002;1.516;1.516;-12633001;Fibronectin
T22;449;906;1002;1.356;1.356;-9016221;Fibronectin
T22;450;912;1000;2.144;2.144;-10463384;Fibronectin
T22;451;906;998;2.144;2.144;-10592173;Fibronectin
T22;452;894;998;4.068;4.068;-11580596;Fibronectin
T22;453;896;992;2.144;2.144;-10392987;Fibronectin
T22;454;900;990;1.516;1.516;-8096418;Fibronectin
T22;455;914;988;4.794;4.794;-10987925;Fibronectin
T22;456;922;984;3.032;3.032;-11974828;Fibronectin
T22;457;912;980;3.651;3.651;-10393791;Fibronectin
T22;458;922;982;3.457;3.457;-14275777;Fibronectin
T22;459;924;984;0.959;0.959;-11911632;Fibronectin
T22;460;924;988;1.356;1.356;-11051167;Fibronectin
T22;461;932;998;4.341;4.341;-13745071;Fibronectin
T22;462;934;1000;0.959;0.959;-13023953;Fibronectin
T22;463;934;1004;1.356;1.356;-13747153;Fibronectin
T22;464;936;1004;0.678;0.678;-10262678;Fibronectin
T22;465;934;996;2.795;2.795;-14400950;Fibronectin
T22;466;932;994;0.959;0.959;-13482178;Fibronectin
T22;467;928;990;1.918;1.918;-13678051;Fibronectin
T22;468;926;988;0.959;0.959;-14533822;Fibronectin
T22;469;924;992;1.516;1.516;-13876934;Fibronectin
T22;470;924;984;2.712;2.712;-14144191;Fibronectin
T22;471;930;990;2.877;2.877;-15065559;Fibronectin
T22;472;930;990;0.000;0.000;-14735072;Fibronectin
T22;473;932;992;0.959;0.959;-10921673;Fibronectin
T22;474;932;994;0.678;0.678;-9804976;Fibronectin
T22;475;930;996;0.959;0.959;-10069464;Fibronectin
T22;476;922;1002;3.390;3.390;-11379894;Fibronectin
T22;477;914;1004;2.795;2.795;-12763592;Fibronectin
T22;478;912;1002;0.959;0.959;-11251918;Fibronectin
T22;479;906;1008;2.877;2.877;-14867140;Fibronectin
T22;480;906;1006;0.678;0.678;-12103352;Fibronectin
T22;481;910;1004;1.516;1.516;-13748679;Fibronectin
T22;482;910;1006;0.678;0.678;-13423038;Fibronectin
T22;483;910;1006;0.000;0.000;-12961723;Fibronectin
T22;484;910;1006;0.000;0.000;-14470352;Fibronectin
T22;485;908;1006;0.678;0.678;-13349561;Fibronectin
T22;486;908;1004;0.678;0.678;-13153219;Fibronectin
T22;487;906;1002;0.959;0.959;-13153722;Fibronectin
T22;488;906;1002;0.000;0.000;-13285824;Fibronectin
T22;489;914;1000;2.795;2.795;-15063266;Fibronectin
T22;490;912;1004;1.516;1.516;-12499907;Fibronectin
T22;491;914;1006;0.959;0.959;-12105674;Fibronectin
T22;492;914;1006;0.000;0.000;-10133404;Fibronectin
T22;493;904;1000;3.953;3.953;-11315905;Fibronectin
T22;494;898;998;2.144;2.144;-11780012;Fibronectin
T22;495;892;1000;2.144;2.144;-12304349;Fibronectin
T22;496;884;996;3.032;3.032;-14863065;Fibronectin
T22;497;886;998;0.959;0.959;-13550813;Fibronectin
T22;498;886;1000;0.678;0.678;-10990001;Fibronectin
T22;499;892;1000;2.034;2.034;-11710393;Fibronectin
T22;500;900;998;2.795;2.795;-12892858;Fibronectin
T22;501;906;1002;2.445;2.445;-12828605;Fibronectin
T22;502;900;1002;2.034;2.034;-12367804;Fibronectin
T22;503;898;1008;2.144;2.144;-14075601;Fibronectin
T22;504;892;1014;2.877;2.877;-13352910;Fibronectin
T22;505;900;1012;2.795;2.795;-13683415;Fibronectin
T22;506;894;1016;2.445;2.445;-12369611;Fibronectin
T22;507;892;1022;2.144;2.144;-12041688;Fibronectin
T22;508;890;1018;1.516;1.516;-12040407;Fibronectin
T22;509;890;1012;2.034;2.034;-11318466;Fibronectin
T22;510;890;1008;1.356;1.356;-13684191;Fibronectin
T22;511;892;1002;2.144;2.144;-14536681;Fibronectin
T22;512;892;1002;0.000;0.000;-11054781;Fibronectin
T22;513;896;1004;1.516;1.516;-12894929;Fibronectin
T22;514;900;1010;2.445;2.445;-13158601;Fibronectin
T22;515;912;1008;4.124;4.124;-11776974;Fibronectin
T22;516;914;1008;0.678;0.678;-13356732;Fibronectin
T22;517;908;1008;2.034;2.034;-15198194;Fibronectin
T22;518;906;1006;0.959;0.959;-12370116;Fibronectin
T22;519;906;1008;0.678;0.678;-13948379;Fibronectin
T22;520;902;1008;1.356;1.356;-12764369;Fibronectin
T22;521;906;1008;1.356;1.356;-12958643;Fibronectin
T22;522;920;1006;4.794;4.794;-13356770;Fibronectin
T22;523;912;1016;4.341;4.341;-13357017;Fibronectin
T22;524;910;1016;0.678;0.678;-12500699;Fibronectin
T22;525;910;1014;0.678;0.678;-11581394;Fibronectin
T22;526;910;1012;0.678;0.678;-15000543;Fibronectin
T22;527;908;1010;0.959;0.959;-14538714;Fibronectin
T22;528;908;1012;0.678;0.678;-13028569;Fibronectin
T22;529;908;1012;0.000;0.000;-12303069;Fibronectin
T22;530;908;1014;0.678;0.678;-12301788;Fibronectin
T22;531;912;1016;1.516;1.516;-13421013;Fibronectin
T22;532;912;1014;0.678;0.678;-12831174;Fibronectin
T22;533;914;1014;0.678;0.678;-12830398;Fibronectin
T22;534;920;1016;2.144;2.144;-11645414;Fibronectin
T22;535;920;1016;0.000;0.000;-11381430;Fibronectin
T22;536;912;1020;3.032;3.032;-10988749;Fibronectin
T22;537;904;1020;2.712;2.712;-10588064;Fibronectin
T22;538;892;1024;4.288;4.288;-13159413;Fibronectin
T22;539;890;1028;1.516;1.516;-11842992;Fibronectin
T22;540;890;1026;0.678;0.678;-13549533;Fibronectin
T22;541;888;1022;1.516;1.516;-13877710;Fibronectin
T22;542;886;1026;1.516;1.516;-15194601;Fibronectin
T22;543;886;1030;1.356;1.356;-14799566;Fibronectin
T22;544;884;1034;1.516;1.516;-13948360;Fibronectin
T22;545;884;1038;1.356;1.356;-13356730;Fibronectin
T22;546;888;1034;1.918;1.918;-13349558;Fibronectin
T22;547;884;1032;1.516;1.516;-14212031;Fibronectin
T22;548;884;1034;0.678;0.678;-13614524;Fibronectin
T22;549;886;1036;0.959;0.959;-10331032;Fibronectin
T22;550;890;1038;1.516;1.516;-10920625;Fibronectin
T22;551;896;1034;2.445;2.445;-9935520;Fibronectin
T22;552;896;1030;1.356;1.356;-12564655;Fibronectin
T22;553;898;1026;1.516;1.516;-12632534;Fibronectin
T22;554;894;1026;1.356;1.356;-14081486;Fibronectin
T22;555;892;1032;2.144;2.144;-13287141;Fibronectin
T22;556;896;1034;1.516;1.516;-12040900;Fibronectin
T22;557;892;1042;3.032;3.032;-11711945;Fibronectin
T22;558;892;1042;0.000;0.000;-12960221;Fibronectin
T22;559;892;1042;0.000;0.000;-11381446;Fibronectin
T22;560;890;1044;0.959;0.959;-11710678;Fibronectin
T22;561;888;1044;0.678;0.678;-12439239;Fibronectin
T22;562;888;1038;2.034;2.034;-14412243;Fibronectin
T22;563;888;1038;0.000;0.000;-12106715;Fibronectin
T22;564;892;1034;1.918;1.918;-12500412;Fibronectin
T22;565;890;1034;0.678;0.678;-11775695;Fibronectin
T22;566;890;1034;0.000;0.000;-11975881;Fibronectin
T22;567;894;1032;1.516;1.516;-13024454;Fibronectin
T22;568;894;1032;0.000;0.000;-13028044;Fibronectin
T22;569;898;1030;1.516;1.516;-12695758;Fibronectin
T22;570;898;1032;0.678;0.678;-13750227;Fibronectin
T22;571;898;1032;0.000;0.000;-12368595;Fibronectin
T22;572;900;1030;0.959;0.959;-12237750;Fibronectin
T22;573;902;1026;1.516;1.516;-11841977;Fibronectin
T22;574;900;1032;2.144;2.144;-11448496;Fibronectin
T22;575;898;1032;0.678;0.678;-11775695;Fibronectin
T22;576;898;1034;0.678;0.678;-12238028;Fibronectin
T22;577;898;1034;0.000;0.000;-12167872;Fibronectin
T22;578;898;1034;0.000;0.000;-11972286;Fibronectin
T22;579;896;1036;0.959;0.959;-12822963;Fibronectin
T22;580;896;1034;0.678;0.678;-13415603;Fibronectin
T22;581;896;1032;0.678;0.678;-13616056;Fibronectin
T22;582;896;1030;0.678;0.678;-12565955;Fibronectin
T22;583;896;1030;0.000;0.000;-13489598;Fibronectin
T22;584;896;1028;0.678;0.678;-14474684;Fibronectin
T22;585;896;1028;0.000;0.000;-13422312;Fibronectin
T22;586;896;1028;0.000;0.000;-13618400;Fibronectin
T22;587;896;1028;0.000;0.000;-12635591;Fibronectin
T22;588;898;1026;0.959;0.959;-12695237;Fibronectin
T22;589;898;1026;0.000;0.000;-12563132;Fibronectin
T22;590;898;1026;0.000;0.000;-13088455;Fibronectin
T22;591;898;1026;0.000;0.000;-14275037;Fibronectin
T22;592;898;1026;0.000;0.000;-13551284;Fibronectin
T22;593;898;1026;0.000;0.000;-12105921;Fibronectin
T22;594;896;1032;2.144;2.144;-10921390;Fibronectin
T22;595;894;1030;0.959;0.959;-9674948;Fibronectin
T22;596;894;1028;0.678;0.678;-10662303;Fibronectin
T22;597;896;1022;2.144;2.144;-11908295;Fibronectin
T22;598;894;1020;0.959;0.959;-11582919;Fibronectin
T22;599;892;1020;0.678;0.678;-12038088;Fibronectin
T22;600;892;1020;0.000;0.000;-13021864;Fibronectin
T22;601;892;1020;0.000;0.000;-14211253;Fibronectin
T22;602;890;1024;1.516;1.516;-14672099;Fibronectin
T22;603;894;1030;2.445;2.445;-13417921;Fibronectin
T22;604;894;1034;1.356;1.356;-12827318;Fibronectin
T22;605;896;1034;0.678;0.678;-10724547;Fibronectin
T22;606;894;1032;0.959;0.959;-12699367;Fibronectin
T22;607;894;1030;0.678;0.678;-12961230;Fibronectin
T22;608;898;1028;1.516;1.516;-12240344;Fibronectin
T22;609;904;1028;2.034;2.034;-11114943;Fibronectin
T22;610;904;1032;1.356;1.356;-9935532;Fibronectin
T22;611;904;1034;0.678;0.678;-8750771;Fibronectin
T22;612;906;1036;0.959;0.959;-11779027;Fibronectin
T22;613;906;1040;1.356;1.356;-9017017;Fibronectin
T22;614;902;1042;1.516;1.516;-14409179;Fibronectin
T22;615;902;1042;0.000;0.000;-9539760;Fibronectin
T22;616;912;1040;3.457;3.457;-11842214;Fibronectin
T22;617;912;1040;0.000;0.000;-10068371;Fibronectin
T22;618;912;1036;1.356;1.356;-12700593;Fibronectin
T22;619;908;1032;1.918;1.918;-13618376;Fibronectin
T22;620;908;1026;2.034;2.034;-11775669;Fibronectin
T22;621;916;1022;3.032;3.032;-10327988;Fibronectin
T22;622;916;1008;4.746;4.746;-10263950;Fibronectin
T22;623;910;1022;5.163;5.163;-9617064;Fibronectin
T22;624;902;1020;2.795;2.795;-8619171;Fibronectin
T22;625;894;1020;2.712;2.712;-9933743;Fibronectin
T22;626;898;1020;1.356;1.356;-10724795;Fibronectin
T22;627;898;1024;1.356;1.356;-9542053;Fibronectin
T22;628;906;1024;2.712;2.712;-9080474;Fibronectin
T22;629;900;1026;2.144;2.144;-10462377;Fibronectin
T22;630;888;1024;4.124;4.124;-10856875;Fibronectin
T22;631;890;1028;1.516;1.516;-10464437;Fibronectin
T22;632;890;1038;3.390;3.390;-13354188;Fibronectin
T22;633;890;1040;0.678;0.678;-13747676;Fibronectin
T22;634;890;1040;0.000;0.000;-11250845;Fibronectin
T22;635;888;1042;0.959;0.959;-12431546;Fibronectin
T22;636;904;1038;5.591;5.591;-11384769;Fibronectin
T22;637;906;1046;2.795;2.795;-10329263;Fibronectin
T22;638;908;1048;0.959;0.959;-11053510;Fibronectin
T22;639;908;1052;1.356;1.356;-9871557;Fibronectin
T22;640;904;1058;2.445;2.445;-14146023;Fibronectin
T22;641;902;1064;2.144;2.144;-13616339;Fibronectin
T22;642;902;1064;0.000;0.000;-12761307;Fibronectin
T22;643;896;1068;2.445;2.445;-13878741;Fibronectin
T22;644;898;1068;0.678;0.678;-12630222;Fibronectin
T22;645;900;1064;1.516;1.516;-11776455;Fibronectin
T22;646;896;1070;2.445;2.445;-12698048;Fibronectin
T22;647;896;1076;2.034;2.034;-11187883;Fibronectin
T22;648;892;1066;3.651;3.651;-10921641;Fibronectin
T22;649;906;1038;10.612;10.612;-12564906;Fibronectin
T22;650;908;1030;2.795;2.795;-10790582;Fibronectin
T22;651;908;1020;3.390;3.390;-11057113;Fibronectin
T22;652;902;1010;3.953;3.953;-13814991;Fibronectin
T22;653;892;1016;3.953;3.953;-10459305;Fibronectin
T22;654;882;1032;6.396;6.396;-11707544;Fibronectin
T22;655;886;1024;3.032;3.032;-11775957;Fibronectin
T22;656;896;1018;3.953;3.953;-11249590;Fibronectin
T22;657;890;1020;2.144;2.144;-11118491;Fibronectin
T22;658;896;1014;2.877;2.877;-10592926;Fibronectin
T22;659;890;1022;3.390;3.390;-10986942;Fibronectin
T22;660;888;1032;3.457;3.457;-11446702;Fibronectin
T22;661;888;1032;0.000;0.000;-12233892;Fibronectin
T22;662;886;1026;2.144;2.144;-11381690;Fibronectin
T22;663;882;1024;1.516;1.516;-12038328;Fibronectin
T22;664;880;1024;0.678;0.678;-11118515;Fibronectin
T22;665;876;1042;6.251;6.251;-11905723;Fibronectin
T22;666;880;1044;1.516;1.516;-11838891;Fibronectin
T22;667;884;1052;3.032;3.032;-11314364;Fibronectin
T22;668;892;1056;3.032;3.032;-13615831;Fibronectin
T22;669;896;1058;1.516;1.516;-11708344;Fibronectin
T22;670;896;1058;0.000;0.000;-11118777;Fibronectin
T22;671;896;1064;2.034;2.034;-13814223;Fibronectin
T22;672;894;1064;0.678;0.678;-11642318;Fibronectin
T22;673;890;1064;1.356;1.356;-10920895;Fibronectin
T22;674;888;1062;0.959;0.959;-9147540;Fibronectin
T22;675;884;1050;4.288;4.288;-11125160;Fibronectin
T22;676;884;1040;3.390;3.390;-10068365;Fibronectin
T22;677;886;1034;2.144;2.144;-10526642;Fibronectin
T22;678;882;1024;3.651;3.651;-10850967;Fibronectin
T22;679;888;1016;3.390;3.390;-9865620;Fibronectin
T23;2;2308;168;3.457;3.457;-9857165;Fibronectin
T23;3;2308;168;0.000;0.000;-8887708;Fibronectin
T23;4;2302;172;2.445;2.445;-8558759;Fibronectin
T23;5;2306;180;3.032;3.032;-10721431;Fibronectin
T23;6;2308;180;0.678;0.678;-9731474;Fibronectin
T23;7;2316;176;3.032;3.032;-9278380;Fibronectin
T23;8;2318;166;3.457;3.457;-12234168;Fibronectin
T23;9;2318;162;1.356;1.356;-12429750;Fibronectin
T23;10;2318;158;1.356;1.356;-8291475;Fibronectin
T23;11;2324;156;2.144;2.144;-12229540;Fibronectin
T23;12;2326;158;0.959;0.959;-12893624;Fibronectin
T23;13;2328;162;1.516;1.516;-10191521;Fibronectin
T23;14;2330;156;2.144;2.144;-8548513;Fibronectin
T23;15;2328;156;0.678;0.678;-13945035;Fibronectin
T23;16;2324;160;1.918;1.918;-12958663;Fibronectin
T23;17;2324;154;2.034;2.034;-14074315;Fibronectin
T23;18;2326;154;0.678;0.678;-9804189;Fibronectin
T23;19;2324;156;0.959;0.959;-12434369;Fibronectin
T23;20;2324;160;1.356;1.356;-12304297;Fibronectin
T23;21;2328;158;1.516;1.516;-12629945;Fibronectin
T23;22;2326;158;0.678;0.678;-12956341;Fibronectin
T23;23;2322;160;1.516;1.516;-9994133;Fibronectin
T23;24;2316;164;2.445;2.445;-7242621;Fibronectin
T23;25;2314;174;3.457;3.457;-9208488;Fibronectin
T23;26;2314;184;3.390;3.390;-13223106;Fibronectin
T23;27;2324;172;5.295;5.295;-11570329;Fibronectin
T23;28;2324;174;0.678;0.678;-10517657;Fibronectin
T23;29;2330;174;2.034;2.034;-14276320;Fibronectin
T23;30;2336;174;2.034;2.034;-9929103;Fibronectin
T23;31;2342;170;2.445;2.445;-6448501;Fibronectin
T23;32;2340;162;2.795;2.795;-10322847;Fibronectin
T23;33;2346;154;3.390;3.390;-8095640;Fibronectin
T23;34;2344;168;4.794;4.794;-13091779;Fibronectin
T23;35;2342;164;1.516;1.516;-11579830;Fibronectin
T23;36;2342;164;0.000;0.000;-7170696;Fibronectin
T23;37;2346;168;1.918;1.918;-6251653;Fibronectin
T23;38;2346;174;2.034;2.034;-8486798;Fibronectin
T23;39;2350;176;1.516;1.516;-12428474;Fibronectin
T23;40;2344;184;3.390;3.390;-12433069;Fibronectin
T23;41;2344;174;3.390;3.390;-11634857;Fibronectin
T23;42;2344;176;0.678;0.678;-9803166;Fibronectin
T23;43;2342;176;0.678;0.678;-9933984;Fibronectin
T23;44;2340;170;2.144;2.144;-7039102;Fibronectin
T23;45;2336;156;4.936;4.936;-10322572;Fibronectin
T23;46;2338;150;2.144;2.144;-9468811;Fibronectin
T23;47;2332;148;2.144;2.144;-11838630;Fibronectin
T23;48;2330;140;2.795;2.795;-11042201;Fibronectin
T23;49;2334;136;1.918;1.918;-9729440;Fibronectin
T23;50;2328;134;2.144;2.144;-12754351;Fibronectin
T23;51;2332;130;1.918;1.918;-8355746;Fibronectin
T23;52;2330;120;3.457;3.457;-11506104;Fibronectin
T23;53;2326;116;1.918;1.918;-12558251;Fibronectin
T23;54;2324;112;1.516;1.516;-10191243;Fibronectin
T23;55;2300;108;8.248;8.248;-7369856;Fibronectin
T23;56;2310;100;4.341;4.341;-6184053;Fibronectin
T24;2;960;1598;4.936;4.936;-10270154;Fibronectin
T24;3;964;1600;1.516;1.516;-11055304;Fibronectin
T24;4;964;1600;0.000;0.000;-9151901;Fibronectin
T24;5;964;1600;0.000;0.000;-9809839;Fibronectin
T24;6;964;1600;0.000;0.000;-9345982;Fibronectin
T24;7;964;1600;0.000;0.000;-10067387;Fibronectin
T24;8;964;1602;0.678;0.678;-10728144;Fibronectin
T24;9;964;1602;0.000;0.000;-11380650;Fibronectin
T24;10;962;1604;0.959;0.959;-10926526;Fibronectin
T24;11;958;1600;1.918;1.918;-7897238;Fibronectin
T24;12;958;1600;0.000;0.000;-8754346;Fibronectin
T24;13;958;1598;0.678;0.678;-9539996;Fibronectin
T24;14;952;1598;2.034;2.034;-13355990;Fibronectin
T24;15;952;1598;0.000;0.000;-12761802;Fibronectin
T24;16;950;1604;2.144;2.144;-12047294;Fibronectin
T24;17;954;1606;1.516;1.516;-13552354;Fibronectin
T24;18;956;1610;1.516;1.516;-11847869;Fibronectin
T24;19;962;1610;2.034;2.034;-11776976;Fibronectin
T24;20;952;1608;3.457;3.457;-12635838;Fibronectin
T24;21;952;1608;0.000;0.000;-13614801;Fibronectin
T24;22;948;1622;4.936;4.936;-10665136;Fibronectin
T24;23;952;1616;2.445;2.445;-12436685;Fibronectin
T24;24;952;1616;0.000;0.000;-10668723;Fibronectin
T24;25;958;1620;2.445;2.445;-10007685;Fibronectin
T24;26;958;1618;0.678;0.678;-9348552;Fibronectin
T24;27;972;1618;4.746;4.746;-10000294;Fibronectin
T24;28;966;1616;2.144;2.144;-12629444;Fibronectin
T24;29;966;1616;0.000;0.000;-10925025;Fibronectin
T24;30;966;1620;1.356;1.356;-11973818;Fibronectin
T24;31;960;1618;2.144;2.144;-11714000;Fibronectin
T24;32;960;1618;0.000;0.000;-10732222;Fibronectin
T24;33;952;1622;3.032;3.032;-13948119;Fibronectin
T24;34;952;1622;0.000;0.000;-13883381;Fibronectin
T24;35;958;1624;2.144;2.144;-10991831;Fibronectin
T24;36;966;1624;2.712;2.712;-12368833;Fibronectin
T24;37;962;1618;2.445;2.445;-11778262;Fibronectin
T24;38;962;1616;0.678;0.678;-9475518;Fibronectin
T24;39;956;1616;2.034;2.034;-8163775;Fibronectin
T24;40;954;1620;1.516;1.516;-9611171;Fibronectin
T24;41;952;1618;0.959;0.959;-10265026;Fibronectin
T24;42;952;1620;0.678;0.678;-11383243;Fibronectin
T24;43;952;1620;0.000;0.000;-11317711;Fibronectin
T24;44;952;1618;0.678;0.678;-12831192;Fibronectin
T24;45;952;1618;0.000;0.000;-14538949;Fibronectin
T24;46;954;1620;0.959;0.959;-9614516;Fibronectin
T24;47;958;1622;1.516;1.516;-10337976;Fibronectin
T24;48;946;1624;4.124;4.124;-12892909;Fibronectin
T24;49;948;1628;1.516;1.516;-11056038;Fibronectin
T24;50;952;1632;1.918;1.918;-10598577;Fibronectin
T24;51;954;1634;0.959;0.959;-12373464;Fibronectin
T24;52;942;1634;4.068;4.068;-10461096;Fibronectin
T24;53;944;1632;0.959;0.959;-13091025;Fibronectin
T24;54;942;1628;1.516;1.516;-8883873;Fibronectin
T24;55;944;1632;1.516;1.516;-13744566;Fibronectin
T24;56;950;1636;2.445;2.445;-12037046;Fibronectin
T24;57;948;1636;0.678;0.678;-12107451;Fibronectin
T24;58;950;1636;0.678;0.678;-12761557;Fibronectin
T24;59;950;1636;0.000;0.000;-12171704;Fibronectin
T24;60;952;1638;0.959;0.959;-10464409;Fibronectin
T24;61;952;1638;0.000;0.000;-9939657;Fibronectin
T24;62;956;1638;1.356;1.356;-11180460;Fibronectin
T24;63;956;1638;0.000;0.000;-10594212;Fibronectin
T24;64;958;1632;2.144;2.144;-10726088;Fibronectin
T24;65;954;1634;1.516;1.516;-12432560;Fibronectin
T24;66;954;1636;0.678;0.678;-11386275;Fibronectin
T24;67;950;1634;1.516;1.516;-13090262;Fibronectin
T24;68;944;1634;2.034;2.034;-9811369;Fibronectin
T24;69;948;1638;1.918;1.918;-11650239;Fibronectin
T24;70;958;1622;6.396;6.396;-11516088;Fibronectin
T24;71;962;1620;1.516;1.516;-12962012;Fibronectin
T24;72;958;1632;4.288;4.288;-12168382;Fibronectin
T24;73;952;1626;2.877;2.877;-10467797;Fibronectin
T24;74;952;1624;0.678;0.678;-10856133;Fibronectin
T24;75;954;1618;2.144;2.144;-10664621;Fibronectin
T24;76;956;1622;1.516;1.516;-11248569;Fibronectin
T24;77;958;1622;0.678;0.678;-13683179;Fibronectin
T24;78;950;1626;3.032;3.032;-9936819;Fibronectin
T24;79;954;1630;1.918;1.918;-9414554;Fibronectin
T24;80;958;1626;1.918;1.918;-9021340;Fibronectin
T24;81;958;1630;1.356;1.356;-9022882;Fibronectin
T24;82;960;1628;0.959;0.959;-11645364;Fibronectin
T24;83;962;1626;0.959;0.959;-9609673;Fibronectin
T24;84;962;1626;0.000;0.000;-10469552;Fibronectin
T24;85;958;1626;1.356;1.356;-11777209;Fibronectin
T24;86;952;1628;2.144;2.144;-9605553;Fibronectin
T24;87;952;1634;2.034;2.034;-9482898;Fibronectin
T24;88;948;1632;1.516;1.516;-10594982;Fibronectin
T24;89;944;1630;1.516;1.516;-11126440;Fibronectin
T24;90;940;1632;1.516;1.516;-10989754;Fibronectin
T24;91;942;1634;0.959;0.959;-10139546;Fibronectin
T24;92;946;1634;1.356;1.356;-11840698;Fibronectin
T24;93;952;1646;4.548;4.548;-10329009;Fibronectin
T24;94;952;1646;0.000;0.000;-10787759;Fibronectin
T24;95;950;1648;0.959;0.959;-13091830;Fibronectin
T24;96;956;1644;2.445;2.445;-11311518;Fibronectin
T24;97;958;1636;2.795;2.795;-12564948;Fibronectin
T24;98;958;1632;1.356;1.356;-10657222;Fibronectin
T24;99;970;1630;4.124;4.124;-11644107;Fibronectin
T24;100;974;1628;1.516;1.516;-10926768;Fibronectin
T24;101;972;1624;1.516;1.516;-12828358;Fibronectin
T24;102;972;1624;0.000;0.000;-12825527;Fibronectin
T24;103;976;1620;1.918;1.918;-11977934;Fibronectin
T24;104;982;1614;2.877;2.877;-10596317;Fibronectin
T24;105;982;1614;0.000;0.000;-9475516;Fibronectin
T24;106;982;1620;2.034;2.034;-12764406;Fibronectin
T24;107;982;1614;2.034;2.034;-10396324;Fibronectin
T24;108;982;1612;0.678;0.678;-9674391;Fibronectin
T24;109;982;1612;0.000;0.000;-10270414;Fibronectin
T24;110;984;1610;0.959;0.959;-11320482;Fibronectin
T24;111;986;1610;0.678;0.678;-11053487;Fibronectin
T24;112;986;1610;0.000;0.000;-11706300;Fibronectin
T24;113;988;1608;0.959;0.959;-12177086;Fibronectin
T24;114;988;1602;2.034;2.034;-9739423;Fibronectin
T24;115;988;1600;0.678;0.678;-10658226;Fibronectin
T24;116;988;1600;0.000;0.000;-12498913;Fibronectin
T24;117;990;1604;1.516;1.516;-10592708;Fibronectin
T24;118;992;1608;1.516;1.516;-10199733;Fibronectin
T24;119;992;1608;0.000;0.000;-10396352;Fibronectin
T24;120;992;1610;0.678;0.678;-9348534;Fibronectin
T24;121;990;1612;0.959;0.959;-8952244;Fibronectin
T24;122;988;1612;0.678;0.678;-10131369;Fibronectin
T24;123;984;1612;1.356;1.356;-13156289;Fibronectin
T24;124;984;1612;0.000;0.000;-11909324;Fibronectin
T24;125;976;1608;3.032;3.032;-7837330;Fibronectin
T24;126;966;1608;3.390;3.390;-11649738;Fibronectin
T24;127;966;1604;1.356;1.356;-13155278;Fibronectin
T24;128;968;1608;1.516;1.516;-9941147;Fibronectin
T24;129;972;1608;1.356;1.356;-9220259;Fibronectin
T24;130;972;1608;0.000;0.000;-10660546;Fibronectin
T24;131;964;1608;2.712;2.712;-13359314;Fibronectin
T24;132;964;1610;0.678;0.678;-13750730;Fibronectin
T24;133;966;1612;0.959;0.959;-11975618;Fibronectin
T24;134;970;1614;1.516;1.516;-10200737;Fibronectin
T24;135;972;1610;1.516;1.516;-11315118;Fibronectin
T24;136;974;1612;0.959;0.959;-10848662;Fibronectin
T24;137;974;1614;0.678;0.678;-13354702;Fibronectin
T24;138;974;1616;0.678;0.678;-12436945;Fibronectin
T24;139;974;1618;0.678;0.678;-11846902;Fibronectin
T24;140;972;1620;0.959;0.959;-12171467;Fibronectin
T24;141;972;1620;0.000;0.000;-10131371;Fibronectin
T24;142;972;1618;0.678;0.678;-10599624;Fibronectin
T24;143;972;1618;0.000;0.000;-11319002;Fibronectin
T24;144;972;1618;0.000;0.000;-10012857;Fibronectin
T24;145;970;1620;0.959;0.959;-11912394;Fibronectin
T24;146;970;1620;0.000;0.000;-9348023;Fibronectin
T24;147;970;1620;0.000;0.000;-9737122;Fibronectin
T24;148;970;1620;0.000;0.000;-10988996;Fibronectin
T24;149;970;1620;0.000;0.000;-10204088;Fibronectin
T24;150;972;1622;0.959;0.959;-10790302;Fibronectin
T24;151;970;1622;0.678;0.678;-11907754;Fibronectin
T24;152;966;1624;1.516;1.516;-12764629;Fibronectin
T24;153;962;1620;1.918;1.918;-11978205;Fibronectin
T24;154;962;1620;0.000;0.000;-11980479;Fibronectin
T24;155;962;1620;0.000;0.000;-10457516;Fibronectin
T24;156;962;1620;0.000;0.000;-11455683;Fibronectin
T24;157;964;1616;1.516;1.516;-11579595;Fibronectin
T24;158;966;1616;0.678;0.678;-12039907;Fibronectin
T24;159;966;1616;0.000;0.000;-14862815;Fibronectin
T24;160;966;1616;0.000;0.000;-11973326;Fibronectin
T24;161;968;1616;0.678;0.678;-12965058;Fibronectin
T24;162;964;1622;2.445;2.445;-12371143;Fibronectin
T24;163;964;1622;0.000;0.000;-11852997;Fibronectin
T24;164;964;1622;0.000;0.000;-11517409;Fibronectin
T24;165;964;1622;0.000;0.000;-12829638;Fibronectin
T24;166;966;1620;0.959;0.959;-12171706;Fibronectin
T24;167;972;1616;2.445;2.445;-10329001;Fibronectin
T24;168;976;1614;1.516;1.516;-11386301;Fibronectin
T24;169;974;1618;1.516;1.516;-10790566;Fibronectin
T24;170;974;1610;2.712;2.712;-11382703;Fibronectin
T24;171;972;1606;1.516;1.516;-10927029;Fibronectin
T24;172;974;1600;2.144;2.144;-11580104;Fibronectin
T24;173;974;1602;0.678;0.678;-10007206;Fibronectin
T24;174;974;1600;0.678;0.678;-12303580;Fibronectin
T24;175;974;1602;0.678;0.678;-12303533;Fibronectin
T24;176;974;1606;1.356;1.356;-11251368;Fibronectin
T24;177;978;1606;1.356;1.356;-14860495;Fibronectin
T24;178;978;1606;0.000;0.000;-11256269;Fibronectin
T24;179;980;1610;1.516;1.516;-11519190;Fibronectin
T24;180;988;1608;2.795;2.795;-11117987;Fibronectin
T24;181;986;1608;0.678;0.678;-9741742;Fibronectin
T24;182;984;1612;1.516;1.516;-9746605;Fibronectin
T24;183;972;1610;4.124;4.124;-11647167;Fibronectin
T24;184;976;1608;1.516;1.516;-10791344;Fibronectin
T24;185;978;1608;0.678;0.678;-11908031;Fibronectin
T24;186;976;1606;0.959;0.959;-13220043;Fibronectin
T24;187;968;1604;2.795;2.795;-12109797;Fibronectin
T24;188;964;1604;1.356;1.356;-12767219;Fibronectin
T24;189;960;1604;1.356;1.356;-12830145;Fibronectin
T24;190;960;1602;0.678;0.678;-13030097;Fibronectin
T24;191;960;1602;0.000;0.000;-13685699;Fibronectin
T24;192;962;1606;1.516;1.516;-13290700;Fibronectin
T24;193;960;1604;0.959;0.959;-12108259;Fibronectin
T24;194;958;1604;0.678;0.678;-11320756;Fibronectin
T24;195;962;1606;1.516;1.516;-10335393;Fibronectin
T24;196;960;1606;0.678;0.678;-9744287;Fibronectin
T24;197;962;1606;0.678;0.678;-10461597;Fibronectin
T24;198;964;1608;0.959;0.959;-8816289;Fibronectin
T24;199;962;1606;0.959;0.959;-9275561;Fibronectin
T24;200;960;1604;0.959;0.959;-11588057;Fibronectin
T24;201;952;1604;2.712;2.712;-10590629;Fibronectin
T24;202;952;1604;0.000;0.000;-10001568;Fibronectin
T24;203;952;1604;0.000;0.000;-11517149;Fibronectin
T24;204;956;1604;1.356;1.356;-10199484;Fibronectin
T24;205;956;1604;0.000;0.000;-13028330;Fibronectin
T24;206;956;1604;0.000;0.000;-10460588;Fibronectin
T24;207;960;1606;1.516;1.516;-13093594;Fibronectin
T24;208;960;1610;1.356;1.356;-12044748;Fibronectin
T24;209;964;1614;1.918;1.918;-9607871;Fibronectin
T24;210;964;1616;0.678;0.678;-12239352;Fibronectin
T24;211;966;1612;1.516;1.516;-12038839;Fibronectin
T24;212;966;1610;0.678;0.678;-9479109;Fibronectin
T24;213;964;1608;0.959;0.959;-14078690;Fibronectin
T24;214;964;1612;1.356;1.356;-12824799;Fibronectin
T24;215;964;1614;0.678;0.678;-12698802;Fibronectin
T24;216;966;1618;1.516;1.516;-9539485;Fibronectin
T24;217;958;1626;3.835;3.835;-12305101;Fibronectin
T24;218;956;1626;0.678;0.678;-11580098;Fibronectin
T24;219;956;1620;2.034;2.034;-11524048;Fibronectin
T24;220;952;1624;1.918;1.918;-11516860;Fibronectin
T24;221;946;1630;2.877;2.877;-11061474;Fibronectin
T24;222;940;1636;2.877;2.877;-11650742;Fibronectin
T24;223;938;1646;3.457;3.457;-12172235;Fibronectin
T24;224;934;1652;2.445;2.445;-12566990;Fibronectin
T24;225;926;1654;2.795;2.795;-13223642;Fibronectin
T24;226;934;1640;5.466;5.466;-13290448;Fibronectin
T24;227;930;1640;1.356;1.356;-14077922;Fibronectin
T24;228;930;1638;0.678;0.678;-14539762;Fibronectin
T24;229;930;1638;0.000;0.000;-14013938;Fibronectin
T24;230;930;1640;0.678;0.678;-13086941;Fibronectin
T24;231;938;1638;2.795;2.795;-9409707;Fibronectin
T24;232;938;1642;1.356;1.356;-11258322;Fibronectin
T24;233;936;1644;0.959;0.959;-12038075;Fibronectin
T24;234;942;1642;2.144;2.144;-9743545;Fibronectin
T24;235;942;1644;0.678;0.678;-6647169;Fibronectin
T24;236;940;1646;0.959;0.959;-9342631;Fibronectin
T24;237;938;1648;0.959;0.959;-9339794;Fibronectin
T24;238;938;1652;1.356;1.356;-8880273;Fibronectin
T24;239;936;1654;0.959;0.959;-10928537;Fibronectin
T24;240;940;1656;1.516;1.516;-10533027;Fibronectin
T24;241;940;1658;0.678;0.678;-11714987;Fibronectin
T24;242;940;1658;0.000;0.000;-10534591;Fibronectin
T24;243;938;1658;0.678;0.678;-11255240;Fibronectin
T24;244;938;1658;0.000;0.000;-11513802;Fibronectin
T24;245;938;1658;0.000;0.000;-11973314;Fibronectin
T24;246;938;1658;0.000;0.000;-12563651;Fibronectin
T24;247;938;1658;0.000;0.000;-11182776;Fibronectin
T24;248;938;1660;0.678;0.678;-12166843;Fibronectin
T24;249;940;1662;0.959;0.959;-12365261;Fibronectin
T24;250;942;1666;1.516;1.516;-10984121;Fibronectin
T24;251;944;1670;1.516;1.516;-12964849;Fibronectin
T24;252;944;1670;0.000;0.000;-11645650;Fibronectin
T24;253;948;1670;1.356;1.356;-11977148;Fibronectin
T24;254;948;1670;0.000;0.000;-8627631;Fibronectin
T24;255;944;1670;1.356;1.356;-10661589;Fibronectin
T24;256;940;1670;1.356;1.356;-11317939;Fibronectin
T24;257;940;1672;0.678;0.678;-10990764;Fibronectin
T24;258;940;1672;0.000;0.000;-12573159;Fibronectin
T24;259;940;1672;0.000;0.000;-9080941;Fibronectin
T24;260;940;1672;0.000;0.000;-8490871;Fibronectin
T24;261;944;1660;4.288;4.288;-10399127;Fibronectin
T24;262;946;1656;1.516;1.516;-9149337;Fibronectin
T24;263;950;1644;4.288;4.288;-10787995;Fibronectin
T24;264;960;1640;3.651;3.651;-13753320;Fibronectin
T24;265;966;1630;3.953;3.953;-12302828;Fibronectin
T24;266;958;1630;2.712;2.712;-11648173;Fibronectin
T24;267;958;1634;1.356;1.356;-11185575;Fibronectin
T24;268;958;1634;0.000;0.000;-10664362;Fibronectin
T24;269;958;1634;0.000;0.000;-10665648;Fibronectin
T24;270;954;1630;1.918;1.918;-12635070;Fibronectin
T24;271;952;1632;0.959;0.959;-9215133;Fibronectin
T24;272;948;1634;1.516;1.516;-11445424;Fibronectin
T24;273;944;1638;1.918;1.918;-13217462;Fibronectin
T24;274;944;1646;2.712;2.712;-10389917;Fibronectin
T24;275;952;1644;2.795;2.795;-11448494;Fibronectin
T24;276;952;1646;0.678;0.678;-10588598;Fibronectin
T24;277;952;1648;0.678;0.678;-8424839;Fibronectin
T24;278;952;1648;0.000;0.000;-8882084;Fibronectin
T24;279;952;1648;0.000;0.000;-11057292;Fibronectin
T24;280;952;1648;0.000;0.000;-12111060;Fibronectin
T24;281;954;1648;0.678;0.678;-12570326;Fibronectin
T24;282;960;1640;3.390;3.390;-10855369;Fibronectin
T24;283;962;1642;0.959;0.959;-10794976;Fibronectin
T24;284;962;1644;0.678;0.678;-11780533;Fibronectin
T24;285;962;1642;0.678;0.678;-12046292;Fibronectin
T24;286;960;1640;0.959;0.959;-11193825;Fibronectin
T24;287;958;1640;0.678;0.678;-11383766;Fibronectin
T24;288;960;1636;1.516;1.516;-11977912;Fibronectin
T24;289;960;1636;0.000;0.000;-13098980;Fibronectin
T24;290;964;1632;1.918;1.918;-12832205;Fibronectin
T24;291;964;1632;0.000;0.000;-12044018;Fibronectin
T24;292;966;1624;2.795;2.795;-13424083;Fibronectin
T24;293;968;1620;1.516;1.516;-13419741;Fibronectin
T24;294;966;1618;0.959;0.959;-13028806;Fibronectin
T24;295;966;1614;1.356;1.356;-12962780;Fibronectin
T24;296;958;1626;4.889;4.889;-11843531;Fibronectin
T24;297;952;1634;3.390;3.390;-12699365;Fibronectin
T24;298;942;1634;3.390;3.390;-12501477;Fibronectin
T24;299;948;1628;2.877;2.877;-11249609;Fibronectin
T24;300;952;1630;1.516;1.516;-11715518;Fibronectin
T24;301;960;1630;2.712;2.712;-11058902;Fibronectin
T24;302;958;1628;0.959;0.959;-12507853;Fibronectin
T24;303;954;1628;1.356;1.356;-10404823;Fibronectin
T24;304;954;1628;0.000;0.000;-14270679;Fibronectin
T24;305;958;1624;1.918;1.918;-11059361;Fibronectin
T24;306;958;1626;0.678;0.678;-8229303;Fibronectin
T24;307;962;1624;1.516;1.516;-9282717;Fibronectin
T24;308;962;1618;2.034;2.034;-9608123;Fibronectin
T24;309;956;1622;2.445;2.445;-14207965;Fibronectin
T24;310;960;1624;1.516;1.516;-12962010;Fibronectin
T24;311;962;1626;0.959;0.959;-12955832;Fibronectin
T24;312;964;1630;1.516;1.516;-10596307;Fibronectin
T24;313;964;1630;0.000;0.000;-11051695;Fibronectin
T24;314;968;1626;1.918;1.918;-11249062;Fibronectin
T24;315;964;1632;2.445;2.445;-10659227;Fibronectin
T24;316;964;1632;0.000;0.000;-10853277;Fibronectin
T24;317;958;1630;2.144;2.144;-11973298;Fibronectin
T24;318;950;1628;2.795;2.795;-12371128;Fibronectin
T24;319;950;1622;2.034;2.034;-12102099;Fibronectin
T24;320;954;1616;2.445;2.445;-11318476;Fibronectin
T24;321;954;1622;2.034;2.034;-10534601;Fibronectin
T24;322;954;1626;1.356;1.356;-12507888;Fibronectin
T24;323;954;1626;0.000;0.000;-13288906;Fibronectin
T24;324;954;1624;0.678;0.678;-14475239;Fibronectin
T24;325;954;1622;0.678;0.678;-11778516;Fibronectin
T24;326;954;1620;0.678;0.678;-12234956;Fibronectin
T24;327;954;1622;0.678;0.678;-13884367;Fibronectin
T24;328;954;1624;0.678;0.678;-13883902;Fibronectin
T24;329;956;1624;0.678;0.678;-13293293;Fibronectin
T24;330;956;1624;0.000;0.000;-11775953;Fibronectin
T24;331;956;1628;1.356;1.356;-10657222;Fibronectin
T24;332;956;1630;0.678;0.678;-13155018;Fibronectin
T24;333;958;1628;0.959;0.959;-12825286;Fibronectin
T24;334;960;1630;0.959;0.959;-12105410;Fibronectin
T24;335;960;1632;0.678;0.678;-11907006;Fibronectin
T24;336;960;1634;0.678;0.678;-12299727;Fibronectin
T24;337;966;1636;2.144;2.144;-12369363;Fibronectin
T24;338;968;1638;0.959;0.959;-11709877;Fibronectin
T24;339;974;1642;2.445;2.445;-11712218;Fibronectin
T24;340;966;1640;2.795;2.795;-11119270;Fibronectin
T24;341;962;1640;1.356;1.356;-12891327;Fibronectin
T24;342;960;1638;0.959;0.959;-13751514;Fibronectin
T24;343;956;1632;2.445;2.445;-13492982;Fibronectin
T24;344;956;1632;0.000;0.000;-11381687;Fibronectin
T24;345;948;1636;3.032;3.032;-11119305;Fibronectin
T24;346;948;1634;0.678;0.678;-12764131;Fibronectin
T24;347;948;1634;0.000;0.000;-11184849;Fibronectin
T24;348;952;1630;1.918;1.918;-12301764;Fibronectin
T24;349;952;1632;0.678;0.678;-11184823;Fibronectin
T24;350;952;1638;2.034;2.034;-12767193;Fibronectin
T24;351;954;1636;0.959;0.959;-9089956;Fibronectin
T24;352;954;1638;0.678;0.678;-9151911;Fibronectin
T24;353;954;1636;0.678;0.678;-9938869;Fibronectin
T24;354;954;1640;1.356;1.356;-12242415;Fibronectin
T24;355;954;1642;0.678;0.678;-12302014;Fibronectin
T24;356;954;1638;1.356;1.356;-11063229;Fibronectin
T24;357;952;1640;0.959;0.959;-11451859;Fibronectin
T24;358;952;1636;1.356;1.356;-10986427;Fibronectin
T24;359;952;1636;0.000;0.000;-12438227;Fibronectin
T24;360;954;1640;1.516;1.516;-13554933;Fibronectin
T24;361;954;1640;0.000;0.000;-13025477;Fibronectin
T24;362;950;1642;1.516;1.516;-13356509;Fibronectin
T24;363;950;1644;0.678;0.678;-10661603;Fibronectin
T24;364;948;1642;0.959;0.959;-12501198;Fibronectin
T24;365;948;1640;0.678;0.678;-12107471;Fibronectin
T24;366;948;1642;0.678;0.678;-12831464;Fibronectin
T24;367;948;1642;0.000;0.000;-12177374;Fibronectin
T24;368;948;1642;0.000;0.000;-12964071;Fibronectin
T24;369;948;1642;0.000;0.000;-13751528;Fibronectin
T24;370;950;1642;0.678;0.678;-13424630;Fibronectin
T24;371;950;1642;0.000;0.000;-12830701;Fibronectin
T24;372;952;1638;1.516;1.516;-13624534;Fibronectin
T24;373;950;1636;0.959;0.959;-13421009;Fibronectin
T24;374;952;1634;0.959;0.959;-13621724;Fibronectin
T24;375;952;1634;0.000;0.000;-14012629;Fibronectin
T24;376;950;1628;2.144;2.144;-12373223;Fibronectin
T24;377;950;1628;0.000;0.000;-11651766;Fibronectin
T24;378;948;1630;0.959;0.959;-11061964;Fibronectin
T24;379;948;1630;0.000;0.000;-12240872;Fibronectin
T24;380;946;1632;0.959;0.959;-13290462;Fibronectin
T24;381;946;1632;0.000;0.000;-13814237;Fibronectin
T24;382;944;1630;0.959;0.959;-10332082;Fibronectin
T24;383;942;1632;0.959;0.959;-12632568;Fibronectin
T24;384;942;1632;0.000;0.000;-11972821;Fibronectin
T24;385;942;1632;0.000;0.000;-11387045;Fibronectin
T24;386;942;1634;0.678;0.678;-12699618;Fibronectin
T24;387;942;1634;0.000;0.000;-12566991;Fibronectin
T24;388;940;1636;0.959;0.959;-11841478;Fibronectin
T24;389;940;1640;1.356;1.356;-13032631;Fibronectin
T24;390;938;1640;0.678;0.678;-12899030;Fibronectin
T24;391;938;1640;0.000;0.000;-12176354;Fibronectin
T24;392;938;1640;0.000;0.000;-13424081;Fibronectin
T24;393;938;1640;0.000;0.000;-14080212;Fibronectin
T24;394;938;1640;0.000;0.000;-12175330;Fibronectin
T24;395;938;1640;0.000;0.000;-14143705;Fibronectin
T24;396;936;1640;0.678;0.678;-12696795;Fibronectin
T24;397;936;1640;0.000;0.000;-11448270;Fibronectin
T24;398;936;1642;0.678;0.678;-13491165;Fibronectin
T24;399;936;1642;0.000;0.000;-13422328;Fibronectin
T24;400;938;1642;0.678;0.678;-11712220;Fibronectin
T24;401;936;1638;1.516;1.516;-13950688;Fibronectin
T24;402;934;1638;0.678;0.678;-11716773;Fibronectin
T24;403;934;1638;0.000;0.000;-10659257;Fibronectin
T24;404;934;1638;0.000;0.000;-10205624;Fibronectin
T24;405;932;1636;0.959;0.959;-8823971;Fibronectin
T24;406;930;1634;0.959;0.959;-10130358;Fibronectin
T24;407;928;1630;1.516;1.516;-12368592;Fibronectin
T24;408;930;1632;0.959;0.959;-12043703;Fibronectin
T24;409;934;1634;1.516;1.516;-11387341;Fibronectin
T24;410;934;1634;0.000;0.000;-11513048;Fibronectin
T24;411;934;1634;0.000;0.000;-10852766;Fibronectin
T24;412;936;1630;1.516;1.516;-11841740;Fibronectin
T24;413;938;1630;0.678;0.678;-10657974;Fibronectin
T24;414;940;1630;0.678;0.678;-9086142;Fibronectin
T24;415;940;1632;0.678;0.678;-9671097;Fibronectin
T24;416;944;1634;1.516;1.516;-11712462;Fibronectin
T24;417;950;1632;2.144;2.144;-12044730;Fibronectin
T24;418;954;1632;1.356;1.356;-9868189;Fibronectin
T24;419;956;1632;0.678;0.678;-12236713;Fibronectin
T24;420;956;1630;0.678;0.678;-11710126;Fibronectin
T24;421;954;1628;0.959;0.959;-10660274;Fibronectin
T24;422;948;1628;2.034;2.034;-12567226;Fibronectin
T24;423;946;1628;0.678;0.678;-11382452;Fibronectin
T24;424;946;1630;0.678;0.678;-12108283;Fibronectin
T24;425;946;1630;0.000;0.000;-11841730;Fibronectin
T24;426;946;1630;0.000;0.000;-11117740;Fibronectin
T24;427;942;1628;1.516;1.516;-12633007;Fibronectin
T24;428;940;1626;0.959;0.959;-11774387;Fibronectin
T24;429;934;1626;2.034;2.034;-11188707;Fibronectin
T24;430;928;1628;2.144;2.144;-10532309;Fibronectin
T24;431;930;1628;0.678;0.678;-12043469;Fibronectin
T24;432;932;1630;0.959;0.959;-9935556;Fibronectin
T24;433;932;1630;0.000;0.000;-11186387;Fibronectin
T24;434;936;1632;1.516;1.516;-12309193;Fibronectin
T24;435;936;1634;0.678;0.678;-11586501;Fibronectin
T24;436;936;1634;0.000;0.000;-11255483;Fibronectin
T24;437;936;1634;0.000;0.000;-10534840;Fibronectin
T24;438;936;1634;0.000;0.000;-10535102;Fibronectin
T24;439;936;1634;0.000;0.000;-10268104;Fibronectin
T24;440;936;1634;0.000;0.000;-9540012;Fibronectin
T24;441;936;1636;0.678;0.678;-9411231;Fibronectin
T24;442;936;1636;0.000;0.000;-11646401;Fibronectin
T24;443;936;1634;0.678;0.678;-10131897;Fibronectin
T24;444;938;1634;0.678;0.678;-10596786;Fibronectin
T24;445;938;1632;0.678;0.678;-10662854;Fibronectin
T24;446;944;1632;2.034;2.034;-10860984;Fibronectin
T24;447;944;1632;0.000;0.000;-10858154;Fibronectin
T24;448;944;1634;0.678;0.678;-10136751;Fibronectin
T24;449;944;1630;1.356;1.356;-13029834;Fibronectin
T24;450;942;1630;0.678;0.678;-11385815;Fibronectin
T24;451;942;1630;0.000;0.000;-12435953;Fibronectin
T24;452;942;1630;0.000;0.000;-13621997;Fibronectin
T24;453;942;1630;0.000;0.000;-13359327;Fibronectin
T24;454;944;1630;0.678;0.678;-13031902;Fibronectin
T24;455;944;1630;0.000;0.000;-12763353;Fibronectin
T24;456;944;1632;0.678;0.678;-13489384;Fibronectin
T24;457;944;1632;0.000;0.000;-11188135;Fibronectin
T24;458;944;1632;0.000;0.000;-11649464;Fibronectin
T24;459;944;1634;0.678;0.678;-10132675;Fibronectin
T24;460;946;1638;1.516;1.516;-11647670;Fibronectin
T24;461;946;1636;0.678;0.678;-13949398;Fibronectin
T24;462;948;1636;0.678;0.678;-13092307;Fibronectin
T24;463;952;1636;1.356;1.356;-11777736;Fibronectin
T24;464;950;1632;1.516;1.516;-12699590;Fibronectin
T24;465;950;1632;0.000;0.000;-11844799;Fibronectin
T24;466;950;1632;0.000;0.000;-12765635;Fibronectin
T24;467;952;1628;1.516;1.516;-12438227;Fibronectin
T24;468;952;1632;1.356;1.356;-12375257;Fibronectin
T24;469;952;1630;0.678;0.678;-13091520;Fibronectin
T24;470;952;1626;1.356;1.356;-13426912;Fibronectin
T24;471;950;1620;2.144;2.144;-12765901;Fibronectin
T24;472;946;1616;1.918;1.918;-13026753;Fibronectin
T24;473;946;1610;2.034;2.034;-13621474;Fibronectin
T24;474;946;1610;0.000;0.000;-10922944;Fibronectin
T24;475;942;1610;1.356;1.356;-15593704;Fibronectin
T24;476;942;1614;1.356;1.356;-14276045;Fibronectin
T24;477;948;1620;2.877;2.877;-14996179;Fibronectin
T24;478;952;1626;2.445;2.445;-13750772;Fibronectin
T24;479;960;1630;3.032;3.032;-11316154;Fibronectin
T24;480;964;1642;4.288;4.288;-13555711;Fibronectin
T24;481;964;1652;3.390;3.390;-14145235;Fibronectin
T24;482;962;1636;5.466;5.466;-12901609;Fibronectin
T24;483;958;1642;2.445;2.445;-13752781;Fibronectin
T24;484;960;1636;2.144;2.144;-13421801;Fibronectin
T24;485;962;1634;0.959;0.959;-14341587;Fibronectin
T24;486;958;1636;1.516;1.516;-14212053;Fibronectin
T24;487;956;1634;0.959;0.959;-14541543;Fibronectin
T24;488;954;1624;3.457;3.457;-13818338;Fibronectin
T24;489;948;1630;2.877;2.877;-14343665;Fibronectin
T24;490;946;1626;1.516;1.516;-15131128;Fibronectin
T24;491;950;1630;1.918;1.918;-13225451;Fibronectin
T24;492;950;1634;1.356;1.356;-13558510;Fibronectin
T24;493;952;1636;0.959;0.959;-11712719;Fibronectin
T24;494;956;1634;1.516;1.516;-13687263;Fibronectin
T24;495;956;1642;2.712;2.712;-13752807;Fibronectin
T24;496;952;1636;2.445;2.445;-13223902;Fibronectin
T24;497;954;1636;0.678;0.678;-12700153;Fibronectin
T24;498;952;1640;1.516;1.516;-11385274;Fibronectin
T24;499;952;1638;0.678;0.678;-12706009;Fibronectin
T24;500;952;1638;0.000;0.000;-11651265;Fibronectin
T24;501;948;1644;2.445;2.445;-12635379;Fibronectin
T24;502;950;1638;2.144;2.144;-12770264;Fibronectin
T24;503;950;1640;0.678;0.678;-12434639;Fibronectin
T24;504;948;1636;1.516;1.516;-12369871;Fibronectin
T24;505;950;1636;0.678;0.678;-11651255;Fibronectin
T24;506;950;1632;1.356;1.356;-13097184;Fibronectin
T24;507;950;1632;0.000;0.000;-13028840;Fibronectin
T24;508;952;1628;1.516;1.516;-12631515;Fibronectin
T24;509;952;1634;2.034;2.034;-14211840;Fibronectin
T24;510;954;1634;0.678;0.678;-13164504;Fibronectin
T24;511;958;1638;1.918;1.918;-13424847;Fibronectin
T24;512;964;1632;2.877;2.877;-12897991;Fibronectin
T24;513;968;1630;1.516;1.516;-12435931;Fibronectin
T24;514;966;1634;1.516;1.516;-14407390;Fibronectin
T24;515;958;1634;2.712;2.712;-12638926;Fibronectin
T24;516;956;1638;1.516;1.516;-11847094;Fibronectin
T24;517;956;1642;1.356;1.356;-11126225;Fibronectin
T24;518;954;1648;2.144;2.144;-10993587;Fibronectin
T24;519;956;1642;2.144;2.144;-11915464;Fibronectin
T24;520;958;1642;0.678;0.678;-12832459;Fibronectin
T24;521;956;1642;0.678;0.678;-13555434;Fibronectin
T24;522;952;1644;1.516;1.516;-12308897;Fibronectin
T24;523;956;1640;1.918;1.918;-13817854;Fibronectin
T24;524;956;1636;1.356;1.356;-13227705;Fibronectin
T24;525;958;1638;0.959;0.959;-12043745;Fibronectin
T24;526;960;1638;0.678;0.678;-11648422;Fibronectin
T24;527;962;1636;0.959;0.959;-14080240;Fibronectin
T24;528;960;1638;0.959;0.959;-14474749;Fibronectin
T24;529;958;1640;0.959;0.959;-12832195;Fibronectin
T24;530;958;1640;0.000;0.000;-12039107;Fibronectin
T24;531;958;1644;1.356;1.356;-12178112;Fibronectin
T24;532;962;1640;1.918;1.918;-12045267;Fibronectin
T24;533;962;1640;0.000;0.000;-12502981;Fibronectin
T24;534;962;1640;0.000;0.000;-14012370;Fibronectin
T24;535;962;1640;0.000;0.000;-11782590;Fibronectin
T24;536;960;1642;0.959;0.959;-11586499;Fibronectin
T24;537;960;1644;0.678;0.678;-12307896;Fibronectin
T24;538;960;1648;1.356;1.356;-13096131;Fibronectin
T24;539;958;1646;0.959;0.959;-14278887;Fibronectin
T24;540;956;1644;0.959;0.959;-12507075;Fibronectin
T24;541;954;1644;0.678;0.678;-13886675;Fibronectin
T24;542;954;1642;0.678;0.678;-11450565;Fibronectin
T24;543;956;1642;0.678;0.678;-11780308;Fibronectin
T24;544;956;1642;0.000;0.000;-13291745;Fibronectin
T24;545;956;1646;1.356;1.356;-14278360;Fibronectin
T24;546;958;1650;1.516;1.516;-14012645;Fibronectin
T24;547;958;1654;1.356;1.356;-12565714;Fibronectin
T24;548;958;1654;0.000;0.000;-12040655;Fibronectin
T24;549;960;1654;0.678;0.678;-11385799;Fibronectin
T24;550;964;1654;1.356;1.356;-10666931;Fibronectin
T24;551;970;1652;2.144;2.144;-12698325;Fibronectin
T24;552;976;1652;2.034;2.034;-11118515;Fibronectin
T24;553;970;1650;2.144;2.144;-12044507;Fibronectin
T24;554;964;1650;2.034;2.034;-12370903;Fibronectin
T24;555;962;1652;0.959;0.959;-13620970;Fibronectin
T24;556;964;1652;0.678;0.678;-12700895;Fibronectin
T24;557;968;1652;1.356;1.356;-11979224;Fibronectin
T24;558;968;1650;0.678;0.678;-11121093;Fibronectin
T24;559;966;1650;0.678;0.678;-10989784;Fibronectin
T24;560;960;1648;2.144;2.144;-13488105;Fibronectin
T24;561;964;1648;1.356;1.356;-11975358;Fibronectin
T24;562;966;1650;0.959;0.959;-12171706;Fibronectin
T24;563;970;1650;1.356;1.356;-12046542;Fibronectin
T24;564;970;1648;0.678;0.678;-13421783;Fibronectin
T24;565;972;1648;0.678;0.678;-11315897;Fibronectin
T24;566;972;1648;0.000;0.000;-12300723;Fibronectin
T24;567;970;1646;0.959;0.959;-13421280;Fibronectin
T24;568;964;1648;2.144;2.144;-11976181;Fibronectin
T24;569;962;1650;0.959;0.959;-12700372;Fibronectin
T24;570;960;1650;0.678;0.678;-12634040;Fibronectin
T24;571;960;1644;2.034;2.034;-12173498;Fibronectin
T24;572;966;1640;2.445;2.445;-14074805;Fibronectin
T24;573;966;1640;0.000;0.000;-14013160;Fibronectin
T24;574;968;1634;2.144;2.144;-11585474;Fibronectin
T24;575;972;1634;1.356;1.356;-12636633;Fibronectin
T24;576;972;1638;1.356;1.356;-13422058;Fibronectin
T24;577;972;1634;1.356;1.356;-12244696;Fibronectin
T24;578;964;1636;2.795;2.795;-12568543;Fibronectin
T24;579;964;1638;0.678;0.678;-12440009;Fibronectin
T24;580;964;1640;0.678;0.678;-11781307;Fibronectin
T24;581;964;1640;0.000;0.000;-14343878;Fibronectin
T24;582;962;1642;0.959;0.959;-13950411;Fibronectin
T24;583;960;1646;1.516;1.516;-13421522;Fibronectin
T24;584;960;1648;0.678;0.678;-13555643;Fibronectin
T24;585;960;1650;0.678;0.678;-13491149;Fibronectin
T24;586;958;1646;1.516;1.516;-13553359;Fibronectin
T24;587;952;1644;2.144;2.144;-13883864;Fibronectin
T24;588;954;1640;1.516;1.516;-12178128;Fibronectin
T24;589;954;1636;1.356;1.356;-14016232;Fibronectin
T24;590;956;1638;0.959;0.959;-11582944;Fibronectin
T24;591;954;1636;0.959;0.959;-11583429;Fibronectin
T24;592;954;1636;0.000;0.000;-13229509;Fibronectin
T24;593;954;1636;0.000;0.000;-12438987;Fibronectin
T24;594;956;1632;1.516;1.516;-10134980;Fibronectin
T24;595;956;1632;0.000;0.000;-11251143;Fibronectin
T24;596;956;1636;1.356;1.356;-10202795;Fibronectin
T24;597;956;1636;0.000;0.000;-8556197;Fibronectin
T24;598;956;1636;0.000;0.000;-11323319;Fibronectin
T24;599;956;1638;0.678;0.678;-11450026;Fibronectin
T24;600;956;1642;1.356;1.356;-12105151;Fibronectin
T24;601;956;1642;0.000;0.000;-11582131;Fibronectin
T24;602;956;1640;0.678;0.678;-11382180;Fibronectin
T24;603;954;1640;0.678;0.678;-12633296;Fibronectin
T24;604;952;1638;0.959;0.959;-13885134;Fibronectin
T24;605;952;1638;0.000;0.000;-12771302;Fibronectin
T24;606;952;1632;2.034;2.034;-11517149;Fibronectin
T24;607;952;1632;0.000;0.000;-12501976;Fibronectin
T24;608;956;1632;1.356;1.356;-10926301;Fibronectin
T24;609;952;1634;1.516;1.516;-10723796;Fibronectin
T24;610;952;1634;0.000;0.000;-12836566;Fibronectin
T24;611;952;1636;0.678;0.678;-13294546;Fibronectin
T24;612;954;1638;0.959;0.959;-12703955;Fibronectin
T24;613;954;1638;0.000;0.000;-10993349;Fibronectin
T24;614;954;1642;1.356;1.356;-10661064;Fibronectin
T24;615;954;1648;2.034;2.034;-13421514;Fibronectin
T24;616;956;1642;2.144;2.144;-13296606;Fibronectin
T24;617;958;1640;0.959;0.959;-12506803;Fibronectin
T24;618;958;1644;1.356;1.356;-12238279;Fibronectin
T24;619;958;1642;0.678;0.678;-12501206;Fibronectin
T24;620;954;1642;1.356;1.356;-12038075;Fibronectin
T24;621;948;1642;2.034;2.034;-12702660;Fibronectin
T24;622;942;1640;2.144;2.144;-13094626;Fibronectin
T24;623;946;1642;1.516;1.516;-12303053;Fibronectin
T24;624;952;1646;2.445;2.445;-11712711;Fibronectin
T24;625;948;1650;1.918;1.918;-13361338;Fibronectin
T24;626;950;1646;1.516;1.516;-13162182;Fibronectin
T24;627;950;1642;1.356;1.356;-12964069;Fibronectin
T24;628;952;1646;1.516;1.516;-13361622;Fibronectin
T24;629;958;1648;2.144;2.144;-12304331;Fibronectin
T24;630;958;1640;2.712;2.712;-12106715;Fibronectin
T24;631;958;1650;3.390;3.390;-11976649;Fibronectin
T24;632;960;1650;0.678;0.678;-13487307;Fibronectin
T24;633;962;1654;1.516;1.516;-12761274;Fibronectin
T24;634;948;1654;4.746;4.746;-10792898;Fibronectin
T24;635;948;1660;2.034;2.034;-11585973;Fibronectin
T24;636;954;1656;2.445;2.445;-11121346;Fibronectin
T24;637;956;1658;0.959;0.959;-12765381;Fibronectin
T24;638;956;1658;0.000;0.000;-11453616;Fibronectin
T24;639;954;1652;2.144;2.144;-12637621;Fibronectin
T24;640;952;1656;1.516;1.516;-12441547;Fibronectin
T24;641;952;1656;0.000;0.000;-13293261;Fibronectin
T24;642;952;1658;0.678;0.678;-11973565;Fibronectin
T24;643;950;1658;0.678;0.678;-11775190;Fibronectin
T24;644;942;1658;2.712;2.712;-11314352;Fibronectin
T24;645;938;1664;2.445;2.445;-11254680;Fibronectin
T24;646;934;1666;1.516;1.516;-12890298;Fibronectin
T24;647;936;1662;1.516;1.516;-12311453;Fibronectin
T24;648;936;1662;0.000;0.000;-11581107;Fibronectin
T24;649;930;1664;2.144;2.144;-11054262;Fibronectin
T24;650;932;1668;1.516;1.516;-10000026;Fibronectin
T24;651;936;1660;3.032;3.032;-12964833;Fibronectin
T24;652;936;1654;2.034;2.034;-12699833;Fibronectin
T24;653;932;1660;2.445;2.445;-9342080;Fibronectin
T24;654;934;1652;2.795;2.795;-11840958;Fibronectin
T24;655;940;1652;2.034;2.034;-11520726;Fibronectin
T24;656;948;1650;2.795;2.795;-9935019;Fibronectin
T24;657;954;1646;2.445;2.445;-12306626;Fibronectin
T24;658;958;1644;1.516;1.516;-11125447;Fibronectin
T24;659;958;1636;2.712;2.712;-11119804;Fibronectin
T24;660;960;1640;1.516;1.516;-7829106;Fibronectin
T25;2;2412;702;6.064;6.064;-11250891;Fibronectin
T25;3;2412;702;0.000;0.000;-12240058;Fibronectin
T25;4;2412;702;0.000;0.000;-9606038;Fibronectin
T25;5;2412;702;0.000;0.000;-7499141;Fibronectin
T25;6;2412;704;0.678;0.678;-11837862;Fibronectin
T25;7;2414;702;0.959;0.959;-11252948;Fibronectin
T25;8;2414;702;0.000;0.000;-10593452;Fibronectin
T25;9;2414;704;0.678;0.678;-12300982;Fibronectin
T25;10;2416;702;0.959;0.959;-12363707;Fibronectin
T25;11;2416;702;0.000;0.000;-11512485;Fibronectin
T25;12;2416;702;0.000;0.000;-11318956;Fibronectin
T25;13;2416;702;0.000;0.000;-11575988;Fibronectin
T25;14;2418;698;1.516;1.516;-14208442;Fibronectin
T25;15;2418;698;0.000;0.000;-8162479;Fibronectin
T25;16;2416;696;0.959;0.959;-7832967;Fibronectin
T25;17;2408;696;2.712;2.712;-10658479;Fibronectin
T25;18;2402;706;3.953;3.953;-10664886;Fibronectin
T25;19;2404;726;6.814;6.814;-10592951;Fibronectin
T25;20;2404;730;1.356;1.356;-9215631;Fibronectin
T25;21;2406;720;3.457;3.457;-8024491;Fibronectin
T25;22;2414;716;3.032;3.032;-6383775;Fibronectin
T25;23;2420;718;2.144;2.144;-10465197;Fibronectin
T25;24;2430;710;4.341;4.341;-11183771;Fibronectin
T25;25;2430;708;0.678;0.678;-12624054;Fibronectin
T25;26;2430;710;0.678;0.678;-12300471;Fibronectin
T25;27;2432;708;0.959;0.959;-10923682;Fibronectin
T25;28;2434;716;2.795;2.795;-11572914;Fibronectin
T25;29;2432;718;0.959;0.959;-13749198;Fibronectin
T25;30;2430;718;0.678;0.678;-9931172;Fibronectin
T25;31;2416;724;5.163;5.163;-9866918;Fibronectin
T25;32;2416;724;0.000;0.000;-9212344;Fibronectin
T25;33;2414;736;4.124;4.124;-12957888;Fibronectin
T25;34;2410;738;1.516;1.516;-13680068;Fibronectin
T25;35;2414;736;1.516;1.516;-13945272;Fibronectin
T25;36;2410;736;1.356;1.356;-13748679;Fibronectin
T25;37;2410;734;0.678;0.678;-11906766;Fibronectin
T25;38;2414;726;3.032;3.032;-12039115;Fibronectin
T25;39;2414;728;0.678;0.678;-11383471;Fibronectin
T25;40;2416;726;0.959;0.959;-9606318;Fibronectin
T25;41;2416;726;0.000;0.000;-10264990;Fibronectin
T25;42;2416;726;0.000;0.000;-9143221;Fibronectin
T25;43;2420;726;1.356;1.356;-12435379;Fibronectin
T25;44;2420;724;0.678;0.678;-12041401;Fibronectin
T25;45;2420;724;0.000;0.000;-13221045;Fibronectin
T25;46;2420;726;0.678;0.678;-12567469;Fibronectin
T25;47;2420;726;0.000;0.000;-10265275;Fibronectin
T25;48;2424;724;1.516;1.516;-12239317;Fibronectin
T25;49;2426;724;0.678;0.678;-10527156;Fibronectin
T25;50;2430;726;1.516;1.516;-10528709;Fibronectin
T25;51;2432;722;1.516;1.516;-10789814;Fibronectin
T25;52;2434;720;0.959;0.959;-13420008;Fibronectin
T25;53;2434;718;0.678;0.678;-12037561;Fibronectin
T25;54;2434;718;0.000;0.000;-13289910;Fibronectin
T25;55;2434;720;0.678;0.678;-13021625;Fibronectin
T25;56;2430;722;1.516;1.516;-12892606;Fibronectin
T25;57;2430;718;1.356;1.356;-12893624;Fibronectin
T25;58;2430;718;0.000;0.000;-12955842;Fibronectin
T25;59;2428;718;0.678;0.678;-13743804;Fibronectin
T25;60;2426;718;0.678;0.678;-13809607;Fibronectin
T25;61;2416;712;3.953;3.953;-8819096;Fibronectin
T25;62;2418;710;0.959;0.959;-11190189;Fibronectin
T25;63;2418;710;0.000;0.000;-10133951;Fibronectin
T25;64;2418;708;0.678;0.678;-9608863;Fibronectin
T25;65;2416;704;1.516;1.516;-11058086;Fibronectin
T25;66;2418;702;0.959;0.959;-9473932;Fibronectin
T25;67;2418;704;0.678;0.678;-10730155;Fibronectin
T25;68;2418;706;0.678;0.678;-11648442;Fibronectin
T25;69;2422;708;1.516;1.516;-9146542;Fibronectin
T25;70;2422;706;0.678;0.678;-9543844;Fibronectin
T25;71;2424;700;2.144;2.144;-9674421;Fibronectin
T25;72;2424;700;0.000;0.000;-10922399;Fibronectin
T25;73;2428;696;1.918;1.918;-8428954;Fibronectin
T25;74;2434;694;2.144;2.144;-11385011;Fibronectin
T25;75;2434;688;2.034;2.034;-14599117;Fibronectin
T25;76;2434;686;0.678;0.678;-14403027;Fibronectin
T25;77;2434;688;0.678;0.678;-14269123;Fibronectin
T25;78;2434;690;0.678;0.678;-13682132;Fibronectin
T25;79;2434;690;0.000;0.000;-14601922;Fibronectin
T25;80;2434;690;0.000;0.000;-13815474;Fibronectin
T25;81;2434;690;0.000;0.000;-13286078;Fibronectin
T25;82;2432;692;0.959;0.959;-12892355;Fibronectin
T25;83;2430;692;0.678;0.678;-13022138;Fibronectin
T25;84;2428;692;0.678;0.678;-14469584;Fibronectin
T25;85;2428;692;0.000;0.000;-12828623;Fibronectin
T25;86;2428;694;0.678;0.678;-14340303;Fibronectin
T25;87;2428;694;0.000;0.000;-11054516;Fibronectin
T25;88;2428;694;0.000;0.000;-13615567;Fibronectin
T25;89;2424;690;1.918;1.918;-12105661;Fibronectin
T25;90;2424;688;0.678;0.678;-13488623;Fibronectin
T25;91;2418;684;2.445;2.445;-12501975;Fibronectin
T25;92;2416;682;0.959;0.959;-10987691;Fibronectin
T25;93;2416;674;2.712;2.712;-13749707;Fibronectin
T25;94;2402;676;4.794;4.794;-14865895;Fibronectin
T25;95;2398;672;1.918;1.918;-10466490;Fibronectin
T25;96;2376;674;7.489;7.489;-11185054;Fibronectin
T25;97;2380;670;1.918;1.918;-13486251;Fibronectin
T25;98;2386;666;2.445;2.445;-11449774;Fibronectin
T25;99;2388;674;2.795;2.795;-8886933;Fibronectin
T25;100;2396;686;4.889;4.889;-12303049;Fibronectin
T25;101;2396;692;2.034;2.034;-14470360;Fibronectin
T25;102;2396;698;2.034;2.034;-14472669;Fibronectin
T25;103;2396;700;0.678;0.678;-10198443;Fibronectin
T25;104;2398;704;1.516;1.516;-11720120;Fibronectin
T25;105;2396;698;2.144;2.144;-11181477;Fibronectin
T25;106;2396;702;1.356;1.356;-9872073;Fibronectin
T25;107;2396;704;0.678;0.678;-10399433;Fibronectin
T25;108;2396;704;0.000;0.000;-10332359;Fibronectin
T25;109;2396;704;0.000;0.000;-11186594;Fibronectin
T25;110;2396;704;0.000;0.000;-11381697;Fibronectin
T25;111;2398;704;0.678;0.678;-12237258;Fibronectin
T25;112;2392;702;2.144;2.144;-11316675;Fibronectin
T25;113;2392;700;0.678;0.678;-10335393;Fibronectin
T25;114;2384;698;2.795;2.795;-10858667;Fibronectin
T25;115;2378;688;3.953;3.953;-12175038;Fibronectin
T25;116;2376;674;4.794;4.794;-9539485;Fibronectin
T25;117;2376;672;0.678;0.678;-11383468;Fibronectin
T25;118;2390;660;6.251;6.251;-8819621;Fibronectin
T25;119;2390;658;0.678;0.678;-12502989;Fibronectin
T25;120;2390;654;1.356;1.356;-13221835;Fibronectin
T25;121;2390;654;0.000;0.000;-14273220;Fibronectin
T25;122;2386;656;1.516;1.516;-13420492;Fibronectin
T25;123;2384;660;1.516;1.516;-14537910;Fibronectin
T25;124;2384;664;1.356;1.356;-10395834;Fibronectin
T25;125;2382;666;0.959;0.959;-10068113;Fibronectin
T25;126;2382;666;0.000;0.000;-9343133;Fibronectin
T25;127;2380;668;0.959;0.959;-7897784;Fibronectin
T25;128;2380;668;0.000;0.000;-8753578;Fibronectin
T25;129;2378;666;0.959;0.959;-10658994;Fibronectin
T25;130;2378;666;0.000;0.000;-11776198;Fibronectin
T25;131;2378;666;0.000;0.000;-11515340;Fibronectin
T25;132;2378;666;0.000;0.000;-11447239;Fibronectin
T25;133;2380;666;0.678;0.678;-10203841;Fibronectin
T25;134;2380;666;0.000;0.000;-10791342;Fibronectin
T25;135;2382;660;2.144;2.144;-11447241;Fibronectin
T25;136;2386;660;1.356;1.356;-10003394;Fibronectin
T25;137;2382;664;1.918;1.918;-10724035;Fibronectin
T25;138;2380;662;0.959;0.959;-9935283;Fibronectin
T25;139;2384;658;1.918;1.918;-10004385;Fibronectin
T25;140;2384;658;0.000;0.000;-9875123;Fibronectin
T25;141;2382;658;0.678;0.678;-11386328;Fibronectin
T25;142;2380;656;0.959;0.959;-12307401;Fibronectin
T25;143;2378;654;0.959;0.959;-12369093;Fibronectin
T25;144;2382;652;1.516;1.516;-11249860;Fibronectin
T25;145;2384;654;0.959;0.959;-13350338;Fibronectin
T25;146;2384;654;0.000;0.000;-10854593;Fibronectin
T25;147;2384;656;0.678;0.678;-10988749;Fibronectin
T25;148;2386;654;0.959;0.959;-13226452;Fibronectin
T25;149;2386;650;1.356;1.356;-13094362;Fibronectin
T25;150;2386;650;0.000;0.000;-11120045;Fibronectin
T25;151;2386;650;0.000;0.000;-12038077;Fibronectin
T25;152;2384;652;0.959;0.959;-12438954;Fibronectin
T25;153;2382;652;0.678;0.678;-13881036;Fibronectin
T25;154;2382;652;0.000;0.000;-12435656;Fibronectin
T25;155;2382;652;0.000;0.000;-11317147;Fibronectin
T25;156;2384;654;0.959;0.959;-10469586;Fibronectin
T25;157;2392;650;3.032;3.032;-12899556;Fibronectin
T25;158;2384;650;2.712;2.712;-10729401;Fibronectin
T25;159;2384;650;0.000;0.000;-12568020;Fibronectin
T25;160;2386;650;0.678;0.678;-12044232;Fibronectin
T25;161;2386;650;0.000;0.000;-12569796;Fibronectin
T25;162;2386;650;0.000;0.000;-12102330;Fibronectin
T25;163;2386;650;0.000;0.000;-10856622;Fibronectin
T25;164;2394;646;3.032;3.032;-9735069;Fibronectin
T25;165;2388;646;2.034;2.034;-11577526;Fibronectin
T25;166;2386;648;0.959;0.959;-9536675;Fibronectin
T25;167;2386;646;0.678;0.678;-9671323;Fibronectin
T25;168;2384;644;0.959;0.959;-10913703;Fibronectin
T25;169;2384;644;0.000;0.000;-14466990;Fibronectin
T25;170;2386;644;0.678;0.678;-11508386;Fibronectin
T25;171;2386;646;0.678;0.678;-9604739;Fibronectin
T25;172;2386;648;0.678;0.678;-10066068;Fibronectin
T25;173;2384;650;0.959;0.959;-10398405;Fibronectin
T25;174;2384;650;0.000;0.000;-13092028;Fibronectin
T25;175;2388;646;1.918;1.918;-12833198;Fibronectin
T25;176;2390;642;1.516;1.516;-9278368;Fibronectin
T25;177;2398;636;3.390;3.390;-11770780;Fibronectin
T25;178;2400;638;0.959;0.959;-9340592;Fibronectin
T25;179;2400;636;0.678;0.678;-13553134;Fibronectin
T25;180;2400;636;0.000;0.000;-14212302;Fibronectin
T25;181;2404;638;1.516;1.516;-12433589;Fibronectin
T25;182;2408;640;1.516;1.516;-11313852;Fibronectin
T25;183;2412;642;1.516;1.516;-13290185;Fibronectin
T25;184;2414;642;0.678;0.678;-10404019;Fibronectin
T25;185;2416;646;1.516;1.516;-8228237;Fibronectin
T25;186;2420;646;1.356;1.356;-9671821;Fibronectin
T25;187;2420;644;0.678;0.678;-11645111;Fibronectin
T25;188;2414;640;2.445;2.445;-10522002;Fibronectin
T25;189;2414;640;0.000;0.000;-13016727;Fibronectin
T25;190;2414;640;0.000;0.000;-9409463;Fibronectin
T25;191;2416;642;0.959;0.959;-12760761;Fibronectin
T25;192;2418;640;0.959;0.959;-14137032;Fibronectin
T25;193;2416;640;0.678;0.678;-10263457;Fibronectin
T25;194;2414;642;0.959;0.959;-9475256;Fibronectin
T25;195;2412;640;0.959;0.959;-12302029;Fibronectin
T25;196;2412;642;0.678;0.678;-12105171;Fibronectin
T25;197;2412;642;0.000;0.000;-14797521;Fibronectin
T25;198;2412;642;0.000;0.000;-14536943;Fibronectin
T25;199;2414;644;0.959;0.959;-14403276;Fibronectin
T25;200;2414;644;0.000;0.000;-13156039;Fibronectin
T25;201;2416;644;0.678;0.678;-13424873;Fibronectin
T25;202;2418;646;0.959;0.959;-14736368;Fibronectin
T25;203;2418;648;0.678;0.678;-11185850;Fibronectin
T25;204;2420;652;1.516;1.516;-11379369;Fibronectin
T25;205;2420;654;0.678;0.678;-9932211;Fibronectin
T25;206;2410;654;3.390;3.390;-10262695;Fibronectin
T25;207;2408;650;1.516;1.516;-14199972;Fibronectin
T25;208;2410;648;0.959;0.959;-7305376;Fibronectin
T25;209;2408;650;0.959;0.959;-10266805;Fibronectin
T25;210;2408;646;1.356;1.356;-8686752;Fibronectin
T25;211;2406;644;0.959;0.959;-11119280;Fibronectin
T25;212;2396;636;4.341;4.341;-9869452;Fibronectin
T25;213;2398;638;0.959;0.959;-8028303;Fibronectin
T25;214;2398;642;1.356;1.356;-12042199;Fibronectin
T25;215;2398;640;0.678;0.678;-11451306;Fibronectin
T25;216;2390;640;2.712;2.712;-12565938;Fibronectin
T25;217;2384;642;2.144;2.144;-10526931;Fibronectin
T25;218;2392;644;2.795;2.795;-13028529;Fibronectin
T25;219;2384;642;2.795;2.795;-13555150;Fibronectin
T25;220;2384;644;0.678;0.678;-14277595;Fibronectin
T25;221;2384;646;0.678;0.678;-12239843;Fibronectin
T25;222;2380;646;1.356;1.356;-13356257;Fibronectin
T25;223;2380;646;0.000;0.000;-13612733;Fibronectin
T25;224;2378;646;0.678;0.678;-11646150;Fibronectin
T25;225;2378;646;0.000;0.000;-11447493;Fibronectin
T25;226;2372;646;2.034;2.034;-12834513;Fibronectin
T25;227;2368;646;1.356;1.356;-12372417;Fibronectin
T25;228;2368;648;0.678;0.678;-12633323;Fibronectin
T25;229;2362;652;2.445;2.445;-12435165;Fibronectin
T25;230;2362;654;0.678;0.678;-14931164;Fibronectin
T25;231;2366;654;1.356;1.356;-14011348;Fibronectin
T25;232;2368;654;0.678;0.678;-10860735;Fibronectin
T25;233;2368;654;0.000;0.000;-12174288;Fibronectin
T25;234;2368;654;0.000;0.000;-9935283;Fibronectin
T25;235;2366;656;0.959;0.959;-12435413;Fibronectin
T25;236;2364;652;1.516;1.516;-13096432;Fibronectin
T25;237;2362;652;0.678;0.678;-12891317;Fibronectin
T25;238;2362;648;1.356;1.356;-11388368;Fibronectin
T25;239;2364;646;0.959;0.959;-10462119;Fibronectin
T25;240;2364;646;0.000;0.000;-9802943;Fibronectin
T25;241;2364;646;0.000;0.000;-11842249;Fibronectin
T25;242;2368;644;1.516;1.516;-11774636;Fibronectin
T25;243;2364;646;1.516;1.516;-10725315;Fibronectin
T25;244;2366;646;0.678;0.678;-10334884;Fibronectin
T25;245;2366;646;0.000;0.000;-10203304;Fibronectin
T25;246;2364;648;0.959;0.959;-13152949;Fibronectin
T25;247;2364;648;0.000;0.000;-14073274;Fibronectin
T25;248;2366;652;1.516;1.516;-8288657;Fibronectin
T25;249;2368;652;0.678;0.678;-9933228;Fibronectin
T25;250;2368;656;1.356;1.356;-12495810;Fibronectin
T25;251;2370;660;1.516;1.516;-11054513;Fibronectin
T25;252;2374;662;1.516;1.516;-11650776;Fibronectin
T25;253;2374;664;0.678;0.678;-11584199;Fibronectin
T25;254;2372;666;0.959;0.959;-12964043;Fibronectin
T25;255;2376;664;1.516;1.516;-12963801;Fibronectin
T25;256;2382;660;2.445;2.445;-14469069;Fibronectin
T25;257;2382;662;0.678;0.678;-13681875;Fibronectin
T25;258;2390;666;3.032;3.032;-13749707;Fibronectin
T25;259;2394;670;1.918;1.918;-12700125;Fibronectin
T25;260;2398;670;1.356;1.356;-12173775;Fibronectin
T25;261;2398;672;0.678;0.678;-11057337;Fibronectin
T25;262;2398;672;0.000;0.000;-13029595;Fibronectin
T25;263;2396;672;0.678;0.678;-13554899;Fibronectin
T25;264;2392;672;1.356;1.356;-12107705;Fibronectin
T25;265;2392;672;0.000;0.000;-12236747;Fibronectin
T25;266;2388;674;1.516;1.516;-10130860;Fibronectin
T25;267;2384;674;1.356;1.356;-11124159;Fibronectin
T25;268;2370;674;4.746;4.746;-10198982;Fibronectin
T25;269;2366;674;1.356;1.356;-10200513;Fibronectin
T25;270;2358;672;2.795;2.795;-9015994;Fibronectin
T25;271;2356;668;1.516;1.516;-8487322;Fibronectin
T25;272;2350;664;2.445;2.445;-9540762;Fibronectin
T25;273;2350;656;2.712;2.712;-12372419;Fibronectin
T25;274;2354;650;2.445;2.445;-12895678;Fibronectin
T25;275;2360;646;2.445;2.445;-14142424;Fibronectin
T25;276;2364;648;1.516;1.516;-11247280;Fibronectin
T25;277;2368;652;1.918;1.918;-13622234;Fibronectin
T25;278;2368;652;0.000;0.000;-13816292;Fibronectin
T25;279;2372;656;1.918;1.918;-13162166;Fibronectin
T25;280;2376;660;1.918;1.918;-14081494;Fibronectin
T25;281;2382;672;4.548;4.548;-11582667;Fibronectin
T25;282;2390;668;3.032;3.032;-12368054;Fibronectin
T25;283;2394;668;1.356;1.356;-12239027;Fibronectin
T25;284;2394;672;1.356;1.356;-10856847;Fibronectin
T25;285;2394;674;0.678;0.678;-11511484;Fibronectin
T25;286;2388;672;2.144;2.144;-9737393;Fibronectin
T25;287;2384;666;2.445;2.445;-12565437;Fibronectin
T25;288;2382;660;2.144;2.144;-12034742;Fibronectin
T25;289;2378;658;1.516;1.516;-11117756;Fibronectin
T25;290;2374;658;1.356;1.356;-12304345;Fibronectin
T25;291;2366;658;2.712;2.712;-14082777;Fibronectin
T25;292;2362;648;3.651;3.651;-13816543;Fibronectin
T25;293;2360;648;0.678;0.678;-13422025;Fibronectin
T25;294;2358;654;2.144;2.144;-13224671;Fibronectin
T25;295;2356;648;2.144;2.144;-14210547;Fibronectin
T25;296;2358;644;1.516;1.516;-12371413;Fibronectin
T25;297;2358;644;0.000;0.000;-13683666;Fibronectin
T25;298;2362;644;1.356;1.356;-11578825;Fibronectin
T25;299;2364;644;0.678;0.678;-11582691;Fibronectin
T25;300;2364;644;0.000;0.000;-10399145;Fibronectin
T25;301;2366;646;0.959;0.959;-12237760;Fibronectin
T25;302;2372;646;2.034;2.034;-13354953;Fibronectin
T25;303;2376;654;3.032;3.032;-11711694;Fibronectin
T25;304;2380;656;1.516;1.516;-10791368;Fibronectin
T25;305;2374;654;2.144;2.144;-12370363;Fibronectin
T25;306;2382;654;2.712;2.712;-11384762;Fibronectin
T25;307;2384;660;2.144;2.144;-13489098;Fibronectin
T25;308;2384;662;0.678;0.678;-12435389;Fibronectin
T25;309;2384;666;1.356;1.356;-12567517;Fibronectin
T25;310;2384;666;0.000;0.000;-14015224;Fibronectin
T25;311;2384;660;2.034;2.034;-10138052;Fibronectin
T25;312;2386;660;0.678;0.678;-11122642;Fibronectin
T25;313;2386;662;0.678;0.678;-11193281;Fibronectin
T25;314;2384;662;0.678;0.678;-11383995;Fibronectin
T25;315;2384;662;0.000;0.000;-11848131;Fibronectin
T25;316;2382;662;0.678;0.678;-11190965;Fibronectin
T25;317;2384;662;0.678;0.678;-10333852;Fibronectin
T25;318;2384;662;0.000;0.000;-8752036;Fibronectin
T25;319;2384;662;0.000;0.000;-8427448;Fibronectin
T25;320;2384;662;0.000;0.000;-11716268;Fibronectin
T25;321;2384;662;0.000;0.000;-11975631;Fibronectin
T25;322;2384;662;0.000;0.000;-12238790;Fibronectin
T25;323;2384;662;0.000;0.000;-12698585;Fibronectin
T25;324;2384;662;0.000;0.000;-12701633;Fibronectin
T25;325;2384;664;0.678;0.678;-12698026;Fibronectin
T25;326;2388;664;1.356;1.356;-13025975;Fibronectin
T25;327;2390;664;0.678;0.678;-10988485;Fibronectin
T25;328;2390;666;0.678;0.678;-13354450;Fibronectin
T25;329;2388;668;0.959;0.959;-13815781;Fibronectin
T25;330;2388;672;1.356;1.356;-10724017;Fibronectin
T25;331;2388;676;1.356;1.356;-12041937;Fibronectin
T25;332;2388;676;0.000;0.000;-11979204;Fibronectin
T25;333;2388;676;0.000;0.000;-12507316;Fibronectin
T25;334;2384;678;1.516;1.516;-7964828;Fibronectin
T25;335;2384;674;1.356;1.356;-10341046;Fibronectin
T25;336;2380;672;1.516;1.516;-12172759;Fibronectin
T25;337;2376;674;1.516;1.516;-11383722;Fibronectin
T25;338;2374;678;1.516;1.516;-11185597;Fibronectin
T25;339;2372;682;1.516;1.516;-10201517;Fibronectin
T25;340;2372;686;1.356;1.356;-12766173;Fibronectin
T25;341;2372;684;0.678;0.678;-11253166;Fibronectin
T25;342;2374;684;0.678;0.678;-12633009;Fibronectin
T25;343;2378;676;3.032;3.032;-11443881;Fibronectin
T25;344;2378;676;0.000;0.000;-12364984;Fibronectin
T25;345;2378;672;1.356;1.356;-9935550;Fibronectin
T25;346;2378;672;0.000;0.000;-11382467;Fibronectin
T25;347;2378;674;0.678;0.678;-11052725;Fibronectin
T25;348;2378;672;0.678;0.678;-12041948;Fibronectin
T25;349;2386;672;2.712;2.712;-10134192;Fibronectin
T25;350;2386;672;0.000;0.000;-10601421;Fibronectin
T25;351;2386;674;0.678;0.678;-8490671;Fibronectin
T25;352;2380;676;2.144;2.144;-9873581;Fibronectin
T25;353;2378;676;0.678;0.678;-12701120;Fibronectin
T25;354;2374;680;1.918;1.918;-11977433;Fibronectin
T25;355;2374;680;0.000;0.000;-10989249;Fibronectin
T25;356;2374;680;0.000;0.000;-13025734;Fibronectin
T25;357;2374;680;0.000;0.000;-12433350;Fibronectin
T25;358;2374;680;0.000;0.000;-11122352;Fibronectin
T25;359;2374;676;1.356;1.356;-11839910;Fibronectin
T25;360;2374;678;0.678;0.678;-11381440;Fibronectin
T25;361;2374;678;0.000;0.000;-12629724;Fibronectin
T25;362;2376;678;0.678;0.678;-11974854;Fibronectin
T25;363;2376;676;0.678;0.678;-11052963;Fibronectin
T25;364;2376;676;0.000;0.000;-11054503;Fibronectin
T25;365;2374;674;0.959;0.959;-9211033;Fibronectin
T25;366;2376;674;0.678;0.678;-10860476;Fibronectin
T25;367;2378;674;0.678;0.678;-11451608;Fibronectin
T25;368;2380;672;0.959;0.959;-10794667;Fibronectin
T25;369;2380;674;0.678;0.678;-9999009;Fibronectin
T25;370;2374;674;2.034;2.034;-10532763;Fibronectin
T25;371;2374;672;0.678;0.678;-9805480;Fibronectin
T25;372;2368;670;2.144;2.144;-11187129;Fibronectin
T25;373;2366;666;1.516;1.516;-8821930;Fibronectin
T25;374;2364;666;0.678;0.678;-11781285;Fibronectin
T25;375;2356;664;2.795;2.795;-8948378;Fibronectin
T25;376;2348;656;3.835;3.835;-10002344;Fibronectin
T25;377;2354;652;2.445;2.445;-10851998;Fibronectin
T25;378;2358;648;1.918;1.918;-12043180;Fibronectin
T25;379;2358;648;0.000;0.000;-12170679;Fibronectin
T25;380;2358;646;0.678;0.678;-12243905;Fibronectin
T25;381;2346;644;4.124;4.124;-11709114;Fibronectin
T25;382;2352;642;2.144;2.144;-12370363;Fibronectin
T25;383;2352;642;0.000;0.000;-11248292;Fibronectin
T25;384;2352;644;0.678;0.678;-11645398;Fibronectin
T25;385;2354;648;1.516;1.516;-11119056;Fibronectin
T25;386;2358;646;1.516;1.516;-11578793;Fibronectin
T25;387;2362;638;3.032;3.032;-11515129;Fibronectin
T25;388;2362;638;0.000;0.000;-12633248;Fibronectin
T25;389;2362;638;0.000;0.000;-14470599;Fibronectin
T25;390;2362;638;0.000;0.000;-14273751;Fibronectin
T25;391;2358;644;2.445;2.445;-11775660;Fibronectin
T25;392;2356;642;0.959;0.959;-10658469;Fibronectin
T25;393;2358;644;0.959;0.959;-9802657;Fibronectin
T25;394;2356;642;0.959;0.959;-9869254;Fibronectin
T25;395;2356;642;0.000;0.000;-9210795;Fibronectin
T25;396;2354;642;0.678;0.678;-10333126;Fibronectin
T25;397;2350;638;1.918;1.918;-9145264;Fibronectin
T25;398;2354;638;1.356;1.356;-10064295;Fibronectin
T25;399;2354;638;0.000;0.000;-9676212;Fibronectin
T25;400;2354;636;0.678;0.678;-8882084;Fibronectin
T25;401;2346;636;2.712;2.712;-12568784;Fibronectin
T25;402;2352;636;2.034;2.034;-11908796;Fibronectin
T25;403;2354;636;0.678;0.678;-13950938;Fibronectin
T25;404;2354;634;0.678;0.678;-13092808;Fibronectin
T25;405;2354;632;0.678;0.678;-12236747;Fibronectin
T25;406;2352;628;1.516;1.516;-11580635;Fibronectin
T25;407;2352;626;0.678;0.678;-12303553;Fibronectin
T25;408;2356;626;1.356;1.356;-12303567;Fibronectin
T25;409;2358;628;0.959;0.959;-10857915;Fibronectin
T25;410;2358;628;0.000;0.000;-11117263;Fibronectin
T25;411;2356;628;0.678;0.678;-11977176;Fibronectin
T25;412;2358;624;1.516;1.516;-12237533;Fibronectin
T25;413;2362;618;2.445;2.445;-14673899;Fibronectin
T25;414;2360;624;2.144;2.144;-14278874;Fibronectin
T25;415;2348;630;4.548;4.548;-12435137;Fibronectin
T25;416;2360;630;4.068;4.068;-12368080;Fibronectin
T25;417;2360;624;2.034;2.034;-13815027;Fibronectin
T25;418;2360;622;0.678;0.678;-13029864;Fibronectin
T25;419;2360;622;0.000;0.000;-13025737;Fibronectin
T25;420;2360;622;0.000;0.000;-13356507;Fibronectin
T25;421;2362;626;1.516;1.516;-13225434;Fibronectin
T25;422;2364;626;0.678;0.678;-12895670;Fibronectin
T25;423;2364;624;0.678;0.678;-13948652;Fibronectin
T25;424;2360;620;1.918;1.918;-11448235;Fibronectin
T25;425;2362;620;0.678;0.678;-13094875;Fibronectin
T25;426;2362;620;0.000;0.000;-11054767;Fibronectin
T25;427;2364;620;0.678;0.678;-11908546;Fibronectin
T25;428;2382;532;30.450;30.450;-12369362;Fibronectin
T25;429;2378;522;3.651;3.651;-14213848;Fibronectin
T25;430;2380;522;0.678;0.678;-13157588;Fibronectin
T25;431;2390;522;3.390;3.390;-13686726;Fibronectin
T25;432;2390;522;0.000;0.000;-11908282;Fibronectin
T25;433;2390;520;0.678;0.678;-12305369;Fibronectin
T25;434;2390;520;0.000;0.000;-10791617;Fibronectin
T25;435;2392;518;0.959;0.959;-12176352;Fibronectin
T25;436;2392;518;0.000;0.000;-10666187;Fibronectin
T25;437;2390;522;1.516;1.516;-12438990;Fibronectin
T25;438;2388;524;0.959;0.959;-12772818;Fibronectin
T25;439;2392;524;1.356;1.356;-12440781;Fibronectin
T25;440;2390;524;0.678;0.678;-12039627;Fibronectin
T25;441;2390;526;0.678;0.678;-11647983;Fibronectin
T25;442;2388;528;0.959;0.959;-12568556;Fibronectin
T25;443;2388;530;0.678;0.678;-11060959;Fibronectin
T25;444;2390;534;1.516;1.516;-11976924;Fibronectin
T25;445;2388;536;0.959;0.959;-13027554;Fibronectin
T25;446;2388;536;0.000;0.000;-11318440;Fibronectin
T25;447;2396;534;2.795;2.795;-11647405;Fibronectin
T25;448;2396;534;0.000;0.000;-13225656;Fibronectin
T25;449;2388;532;2.795;2.795;-11579307;Fibronectin
T25;450;2392;530;1.516;1.516;-12499911;Fibronectin
T25;451;2396;530;1.356;1.356;-11520958;Fibronectin
T25;452;2400;534;1.918;1.918;-12632291;Fibronectin
T25;453;2406;534;2.034;2.034;-9738931;Fibronectin
T25;454;2404;534;0.678;0.678;-11713274;Fibronectin
T25;455;2402;534;0.678;0.678;-11513537;Fibronectin
T25;456;2396;532;2.144;2.144;-9803980;Fibronectin
T25;457;2398;534;0.959;0.959;-11980443;Fibronectin
T25;458;2404;534;2.034;2.034;-11642292;Fibronectin
T25;459;2404;534;0.000;0.000;-12371628;Fibronectin
T25;460;2402;534;0.678;0.678;-11515819;Fibronectin
T25;461;2402;534;0.000;0.000;-10856373;Fibronectin
T25;462;2404;534;0.678;0.678;-11382200;Fibronectin
T25;463;2404;536;0.678;0.678;-11317951;Fibronectin
T25;464;2404;534;0.678;0.678;-9934519;Fibronectin
T25;465;2410;536;2.144;2.144;-9604032;Fibronectin
T25;466;2410;536;0.000;0.000;-11385575;Fibronectin
T25;467;2404;536;2.034;2.034;-12697047;Fibronectin
T25;468;2402;532;1.516;1.516;-11975632;Fibronectin
T25;469;2406;534;1.516;1.516;-10790107;Fibronectin
T25;470;2406;534;0.000;0.000;-12303041;Fibronectin
T25;471;2400;532;2.144;2.144;-12240599;Fibronectin
T25;472;2406;534;2.144;2.144;-11381697;Fibronectin
T25;473;2410;536;1.516;1.516;-10531302;Fibronectin
T25;474;2412;536;0.678;0.678;-12830950;Fibronectin
T25;475;2412;536;0.000;0.000;-13287893;Fibronectin
T25;476;2410;526;3.457;3.457;-11642827;Fibronectin
T25;477;2414;518;3.032;3.032;-12441802;Fibronectin
T25;478;2418;522;1.918;1.918;-11122116;Fibronectin
T25;479;2426;524;2.795;2.795;-11580860;Fibronectin
T25;480;2420;522;2.144;2.144;-12766941;Fibronectin
T25;481;2416;518;1.918;1.918;-11581384;Fibronectin
T25;482;2416;518;0.000;0.000;-12043996;Fibronectin
T25;483;2416;518;0.000;0.000;-11842733;Fibronectin
T25;484;2416;516;0.678;0.678;-11119044;Fibronectin
T25;485;2416;518;0.678;0.678;-9407900;Fibronectin
T25;486;2414;516;0.959;0.959;-11050414;Fibronectin
T25;487;2416;516;0.678;0.678;-10725048;Fibronectin
T25;488;2416;518;0.678;0.678;-11185587;Fibronectin
T25;489;2416;518;0.000;0.000;-11775937;Fibronectin
T25;490;2416;518;0.000;0.000;-13287618;Fibronectin
T25;491;2414;516;0.959;0.959;-10988988;Fibronectin
T25;492;2412;512;1.516;1.516;-11320499;Fibronectin
T25;493;2412;514;0.678;0.678;-9145252;Fibronectin
T25;494;2416;516;1.516;1.516;-12438202;Fibronectin
T25;495;2414;514;0.959;0.959;-13357268;Fibronectin
T25;496;2414;508;2.034;2.034;-11713716;Fibronectin
T25;497;2414;508;0.000;0.000;-11446202;Fibronectin
T25;498;2416;508;0.678;0.678;-12368072;Fibronectin
T25;499;2420;506;1.516;1.516;-12169938;Fibronectin
T25;500;2422;504;0.959;0.959;-11052220;Fibronectin
T25;501;2430;498;3.390;3.390;-11712946;Fibronectin
T25;502;2430;498;0.000;0.000;-12696005;Fibronectin
T25;503;2434;494;1.918;1.918;-13161172;Fibronectin
T25;504;2434;494;0.000;0.000;-12039879;Fibronectin
T25;505;2440;492;2.144;2.144;-13553608;Fibronectin
T25;506;2448;488;3.032;3.032;-10527410;Fibronectin
T25;507;2448;486;0.678;0.678;-9805727;Fibronectin
T25;508;2452;484;1.516;1.516;-12634826;Fibronectin
T25;509;2452;480;1.356;1.356;-11118268;Fibronectin
T25;510;2452;478;0.678;0.678;-12500705;Fibronectin
T25;511;2456;474;1.918;1.918;-10859704;Fibronectin
T25;512;2456;476;0.678;0.678;-9740491;Fibronectin
T25;513;2456;478;0.678;0.678;-9736873;Fibronectin
T25;514;2458;478;0.678;0.678;-10592700;Fibronectin
T25;515;2458;476;0.678;0.678;-11579579;Fibronectin
T25;516;2454;474;1.516;1.516;-12439983;Fibronectin
T25;517;2452;474;0.678;0.678;-12571064;Fibronectin
T25;518;2452;482;2.712;2.712;-13425647;Fibronectin
T25;519;2452;480;0.678;0.678;-11516347;Fibronectin
T25;520;2450;480;0.678;0.678;-12368836;Fibronectin
T25;521;2450;480;0.000;0.000;-13031645;Fibronectin
T25;522;2450;482;0.678;0.678;-12831464;Fibronectin
T25;523;2450;484;0.678;0.678;-13028822;Fibronectin
T25;524;2450;488;1.356;1.356;-15003351;Fibronectin
T25;525;2450;488;0.000;0.000;-12506304;Fibronectin
T25;526;2450;488;0.000;0.000;-12895930;Fibronectin
T25;527;2448;486;0.959;0.959;-11978977;Fibronectin
T25;528;2448;486;0.000;0.000;-11778504;Fibronectin
T25;529;2448;486;0.000;0.000;-12500432;Fibronectin
T25;530;2448;486;0.000;0.000;-11776709;Fibronectin
T25;531;2444;484;1.516;1.516;-10336175;Fibronectin
T25;532;2446;488;1.516;1.516;-11188142;Fibronectin
T25;533;2446;490;0.678;0.678;-14214082;Fibronectin
T25;534;2446;490;0.000;0.000;-13819077;Fibronectin
T25;535;2446;488;0.678;0.678;-13752003;Fibronectin
T25;536;2446;486;0.678;0.678;-13030095;Fibronectin
T25;537;2444;484;0.959;0.959;-11187131;Fibronectin
T25;538;2444;484;0.000;0.000;-12893897;Fibronectin
T25;539;2444;486;0.678;0.678;-11649248;Fibronectin
T25;540;2446;488;0.959;0.959;-10922168;Fibronectin
T25;541;2444;486;0.959;0.959;-12372684;Fibronectin
T25;542;2440;484;1.516;1.516;-12632794;Fibronectin
T25;543;2442;486;0.959;0.959;-13159112;Fibronectin
T25;544;2444;488;0.959;0.959;-12831178;Fibronectin
T25;545;2444;488;0.000;0.000;-12438963;Fibronectin
T25;546;2444;488;0.000;0.000;-13884116;Fibronectin
T25;547;2444;488;0.000;0.000;-13945286;Fibronectin
T25;548;2444;486;0.678;0.678;-13230046;Fibronectin
T25;549;2444;484;0.678;0.678;-12501711;Fibronectin
T25;550;2444;482;0.678;0.678;-13885153;Fibronectin
T25;551;2444;478;1.356;1.356;-11384007;Fibronectin
T25;552;2448;482;1.918;1.918;-12104634;Fibronectin
T25;553;2448;482;0.000;0.000;-11513788;Fibronectin
T25;554;2448;482;0.000;0.000;-12826823;Fibronectin
T25;555;2448;480;0.678;0.678;-11911640;Fibronectin
T25;556;2446;478;0.959;0.959;-12703452;Fibronectin
T25;557;2446;480;0.678;0.678;-12437701;Fibronectin
T25;558;2446;482;0.678;0.678;-12106452;Fibronectin
T25;559;2446;484;0.678;0.678;-12173013;Fibronectin
T25;560;2446;486;0.678;0.678;-12506063;Fibronectin
T25;561;2446;486;0.000;0.000;-14211828;Fibronectin
T25;562;2446;486;0.000;0.000;-13882073;Fibronectin
T25;563;2446;480;2.034;2.034;-10989259;Fibronectin
T25;564;2446;480;0.000;0.000;-9344674;Fibronectin
T25;565;2446;482;0.678;0.678;-12569025;Fibronectin
T25;566;2446;484;0.678;0.678;-10528188;Fibronectin
T25;567;2446;484;0.000;0.000;-12762078;Fibronectin
T25;568;2446;486;0.678;0.678;-12567996;Fibronectin
T25;569;2446;486;0.000;0.000;-12370150;Fibronectin
T25;570;2446;486;0.000;0.000;-10462141;Fibronectin
T25;571;2446;484;0.678;0.678;-11647959;Fibronectin
T25;572;2446;484;0.000;0.000;-10132652;Fibronectin
T25;573;2446;484;0.000;0.000;-9210531;Fibronectin
T25;574;2444;484;0.678;0.678;-10396853;Fibronectin
T25;575;2444;484;0.000;0.000;-10721968;Fibronectin
T25;576;2444;488;1.356;1.356;-9737894;Fibronectin
T25;577;2444;488;0.000;0.000;-10724787;Fibronectin
T25;578;2444;490;0.678;0.678;-11643050;Fibronectin
T25;579;2444;490;0.000;0.000;-10196915;Fibronectin
T25;580;2442;486;1.516;1.516;-11050933;Fibronectin
T25;581;2442;488;0.678;0.678;-10590916;Fibronectin
T25;582;2442;490;0.678;0.678;-10330827;Fibronectin
T25;583;2442;490;0.000;0.000;-9147556;Fibronectin
T25;584;2440;492;0.959;0.959;-9475759;Fibronectin
T25;585;2438;492;0.678;0.678;-9080225;Fibronectin
T25;586;2434;496;1.918;1.918;-9408659;Fibronectin
T25;587;2432;496;0.678;0.678;-9344149;Fibronectin
T25;588;2428;494;1.516;1.516;-9538454;Fibronectin
T25;589;2428;496;0.678;0.678;-7828357;Fibronectin
T25;590;2428;496;0.000;0.000;-9277590;Fibronectin
T25;591;2424;494;1.516;1.516;-9012631;Fibronectin
T26;2;1136;1734;2.144;2.144;-10598808;Fibronectin
T26;3;1136;1732;0.678;0.678;-11714253;Fibronectin
T26;4;1136;1732;0.000;0.000;-12891327;Fibronectin
T26;5;1136;1730;0.678;0.678;-13157815;Fibronectin
T26;6;1136;1730;0.000;0.000;-12702401;Fibronectin
T26;7;1144;1722;3.835;3.835;-10257826;Fibronectin
T26;8;1144;1722;0.000;0.000;-12106442;Fibronectin
T26;9;1146;1718;1.516;1.516;-9156260;Fibronectin
T26;10;1146;1718;0.000;0.000;-9019060;Fibronectin
T26;11;1148;1712;2.144;2.144;-9211801;Fibronectin
T26;12;1150;1706;2.144;2.144;-11251643;Fibronectin
T26;13;1158;1704;2.795;2.795;-13091794;Fibronectin
T26;14;1158;1704;0.000;0.000;-13357510;Fibronectin
T26;15;1164;1714;3.953;3.953;-9673892;Fibronectin
T26;16;1170;1712;2.144;2.144;-13156783;Fibronectin
T26;17;1172;1712;0.678;0.678;-12039332;Fibronectin
T26;18;1172;1712;0.000;0.000;-12299191;Fibronectin
T26;19;1170;1712;0.678;0.678;-12698289;Fibronectin
T26;20;1170;1712;0.000;0.000;-13418709;Fibronectin
T26;21;1170;1712;0.000;0.000;-12106979;Fibronectin
T26;22;1170;1712;0.000;0.000;-11843543;Fibronectin
T26;23;1170;1712;0.000;0.000;-14144983;Fibronectin
T26;24;1160;1714;3.457;3.457;-9735558;Fibronectin
T26;25;1160;1714;0.000;0.000;-11383255;Fibronectin
T26;26;1168;1714;2.712;2.712;-11251382;Fibronectin
T26;27;1168;1714;0.000;0.000;-10858130;Fibronectin
T26;28;1168;1714;0.000;0.000;-9546659;Fibronectin
T26;29;1168;1712;0.678;0.678;-11776687;Fibronectin
T26;30;1168;1710;0.678;0.678;-13285824;Fibronectin
T26;31;1168;1710;0.000;0.000;-11375795;Fibronectin
T26;32;1168;1710;0.000;0.000;-11773876;Fibronectin
T26;33;1168;1710;0.000;0.000;-11838129;Fibronectin
T26;34;1168;1710;0.000;0.000;-12239534;Fibronectin
T26;35;1168;1710;0.000;0.000;-10267316;Fibronectin
T26;36;1168;1710;0.000;0.000;-11973827;Fibronectin
T26;37;1168;1710;0.000;0.000;-13221835;Fibronectin
T26;38;1168;1710;0.000;0.000;-12302029;Fibronectin
T26;39;1168;1710;0.000;0.000;-11450562;Fibronectin
T26;40;1168;1710;0.000;0.000;-10468010;Fibronectin
T26;41;1166;1712;0.959;0.959;-9935775;Fibronectin
T26;42;1162;1722;3.651;3.651;-12302261;Fibronectin
T26;43;1156;1734;4.548;4.548;-9674191;Fibronectin
T26;44;1156;1734;0.000;0.000;-11578039;Fibronectin
T26;45;1156;1736;0.678;0.678;-9602995;Fibronectin
T26;46;1156;1738;0.678;0.678;-10201000;Fibronectin
T26;47;1156;1738;0.000;0.000;-10726329;Fibronectin
T26;48;1150;1730;3.390;3.390;-10131096;Fibronectin
T26;49;1146;1734;1.918;1.918;-13949122;Fibronectin
T26;50;1142;1728;2.445;2.445;-8159901;Fibronectin
T26;51;1142;1728;0.000;0.000;-10396334;Fibronectin
T26;52;1142;1728;0.000;0.000;-11254742;Fibronectin
T26;53;1142;1728;0.000;0.000;-10198453;Fibronectin
T26;54;1142;1728;0.000;0.000;-9280926;Fibronectin
T26;55;1142;1728;0.000;0.000;-10793903;Fibronectin
T26;56;1142;1724;1.356;1.356;-9809623;Fibronectin
T26;57;1148;1716;3.390;3.390;-10135247;Fibronectin
T26;58;1148;1716;0.000;0.000;-13216696;Fibronectin
T26;59;1148;1716;0.000;0.000;-12703165;Fibronectin
T26;60;1148;1714;0.678;0.678;-10393527;Fibronectin
T26;61;1154;1706;3.390;3.390;-13479894;Fibronectin
T26;62;1156;1706;0.678;0.678;-13819076;Fibronectin
T26;63;1150;1714;3.390;3.390;-12170711;Fibronectin
T26;64;1150;1714;0.000;0.000;-10662315;Fibronectin
T26;65;1150;1714;0.000;0.000;-11054793;Fibronectin
T26;66;1148;1714;0.678;0.678;-13285587;Fibronectin
T26;67;1148;1714;0.000;0.000;-11509693;Fibronectin
T26;68;1148;1714;0.000;0.000;-13817317;Fibronectin
T26;69;1138;1712;3.457;3.457;-9802418;Fibronectin
T26;70;1138;1716;1.356;1.356;-11320275;Fibronectin
T26;71;1144;1716;2.034;2.034;-12567771;Fibronectin
T26;72;1144;1716;0.000;0.000;-10919604;Fibronectin
T26;73;1144;1714;0.678;0.678;-11516122;Fibronectin
T26;74;1144;1714;0.000;0.000;-8356767;Fibronectin
T26;75;1146;1714;0.678;0.678;-12964302;Fibronectin
T26;76;1152;1712;2.144;2.144;-12888245;Fibronectin
T26;77;1152;1716;1.356;1.356;-13479617;Fibronectin
T26;78;1144;1716;2.712;2.712;-11055284;Fibronectin
T26;79;1148;1710;2.445;2.445;-12833201;Fibronectin
T26;80;1148;1708;0.678;0.678;-10200511;Fibronectin
T26;81;1148;1710;0.678;0.678;-11049124;Fibronectin
T26;82;1150;1710;0.678;0.678;-11968185;Fibronectin
T26;83;1150;1712;0.678;0.678;-12366777;Fibronectin
T26;84;1152;1712;0.678;0.678;-14468556;Fibronectin
T26;85;1152;1712;0.000;0.000;-12822967;Fibronectin
T26;86;1152;1712;0.000;0.000;-13155277;Fibronectin
T26;87;1152;1712;0.000;0.000;-13090516;Fibronectin
T26;88;1152;1712;0.000;0.000;-13087426;Fibronectin
T26;89;1152;1712;0.000;0.000;-13152182;Fibronectin
T26;90;1154;1714;0.959;0.959;-12696035;Fibronectin
T26;91;1154;1714;0.000;0.000;-14406360;Fibronectin
T26;92;1154;1714;0.000;0.000;-13947103;Fibronectin
T26;93;1154;1716;0.678;0.678;-12230318;Fibronectin
T26;94;1154;1716;0.000;0.000;-12366015;Fibronectin
T26;95;1154;1716;0.000;0.000;-11704498;Fibronectin
T26;96;1154;1716;0.000;0.000;-13348298;Fibronectin
T26;97;1150;1714;1.516;1.516;-12362681;Fibronectin
T26;98;1150;1714;0.000;0.000;-12232117;Fibronectin
T26;99;1150;1714;0.000;0.000;-11907006;Fibronectin
T26;100;1150;1714;0.000;0.000;-11377327;Fibronectin
T26;101;1150;1714;0.000;0.000;-12102582;Fibronectin
T26;102;1150;1714;0.000;0.000;-12692903;Fibronectin
T26;103;1148;1714;0.678;0.678;-13025232;Fibronectin
T26;104;1146;1710;1.516;1.516;-13814496;Fibronectin
T26;105;1142;1706;1.918;1.918;-12433867;Fibronectin
T26;106;1142;1706;0.000;0.000;-11119293;Fibronectin
T26;107;1140;1702;1.516;1.516;-11184311;Fibronectin
T26;108;1142;1702;0.678;0.678;-12828106;Fibronectin
T26;109;1140;1698;1.516;1.516;-11318476;Fibronectin
T26;110;1140;1700;0.678;0.678;-12694970;Fibronectin
T26;111;1140;1702;0.678;0.678;-12827577;Fibronectin
T26;112;1142;1704;0.959;0.959;-10201291;Fibronectin
T26;113;1148;1706;2.144;2.144;-13678767;Fibronectin
T26;114;1150;1708;0.959;0.959;-12493741;Fibronectin
T26;115;1150;1708;0.000;0.000;-14142149;Fibronectin
T26;116;1150;1708;0.000;0.000;-12557475;Fibronectin
T26;117;1150;1706;0.678;0.678;-13086913;Fibronectin
T26;118;1152;1708;0.959;0.959;-10659002;Fibronectin
T26;119;1158;1704;2.445;2.445;-10067110;Fibronectin
T26;120;1160;1706;0.959;0.959;-8489391;Fibronectin
T26;121;1160;1708;0.678;0.678;-11647680;Fibronectin
T26;122;1156;1710;1.516;1.516;-12362930;Fibronectin
T26;123;1156;1710;0.000;0.000;-12036284;Fibronectin
T26;124;1156;1710;0.000;0.000;-10659756;Fibronectin
T26;125;1152;1706;1.918;1.918;-10007216;Fibronectin
T26;126;1148;1700;2.445;2.445;-9478321;Fibronectin
T26;127;1128;1696;6.914;6.914;-11716284;Fibronectin
T26;128;1130;1698;0.959;0.959;-10466755;Fibronectin
T26;129;1132;1698;0.678;0.678;-10729398;Fibronectin
T26;130;1134;1696;0.959;0.959;-13945535;Fibronectin
T26;131;1134;1698;0.678;0.678;-13289411;Fibronectin
T26;132;1136;1704;2.144;2.144;-9341614;Fibronectin
T26;133;1138;1704;0.678;0.678;-8624284;Fibronectin
T26;134;1138;1702;0.678;0.678;-11119293;Fibronectin
T26;135;1136;1704;0.959;0.959;-9019058;Fibronectin
T26;136;1134;1702;0.959;0.959;-11846072;Fibronectin
T26;137;1134;1698;1.356;1.356;-9739408;Fibronectin
T26;138;1132;1698;0.678;0.678;-12372417;Fibronectin
T26;139;1132;1708;3.390;3.390;-13152719;Fibronectin
T26;140;1138;1710;2.144;2.144;-10000549;Fibronectin
T26;141;1140;1714;1.516;1.516;-10856134;Fibronectin
T26;142;1140;1716;0.678;0.678;-13023191;Fibronectin
T26;143;1140;1720;1.356;1.356;-14730462;Fibronectin
T26;144;1140;1720;0.000;0.000;-13745107;Fibronectin
T26;145;1136;1722;1.516;1.516;-12896744;Fibronectin
T26;146;1138;1724;0.959;0.959;-13420762;Fibronectin
T26;147;1140;1730;2.144;2.144;-11642791;Fibronectin
T26;148;1140;1730;0.000;0.000;-9081765;Fibronectin
T26;149;1140;1730;0.000;0.000;-10653606;Fibronectin
T26;150;1138;1720;3.457;3.457;-10988713;Fibronectin
T26;151;1140;1718;0.959;0.959;-8553119;Fibronectin
T26;152;1146;1716;2.144;2.144;-9145218;Fibronectin
T26;153;1146;1714;0.678;0.678;-9672583;Fibronectin
T26;154;1152;1714;2.034;2.034;-12234419;Fibronectin
T26;155;1148;1714;1.356;1.356;-10194836;Fibronectin
T26;156;1140;1714;2.712;2.712;-11247781;Fibronectin
T26;157;1140;1714;0.000;0.000;-13020334;Fibronectin
T26;158;1140;1716;0.678;0.678;-13284055;Fibronectin
T26;159;1140;1718;0.678;0.678;-12499666;Fibronectin
T26;160;1138;1720;0.959;0.959;-9080750;Fibronectin
T26;161;1138;1720;0.000;0.000;-10856636;Fibronectin
T26;162;1140;1720;0.678;0.678;-8560265;Fibronectin
T26;163;1140;1720;0.000;0.000;-9869239;Fibronectin
T26;164;1140;1718;0.678;0.678;-13552583;Fibronectin
T26;165;1140;1718;0.000;0.000;-9540513;Fibronectin
T26;166;1146;1732;5.163;5.163;-10528958;Fibronectin
T26;167;1146;1734;0.678;0.678;-11774117;Fibronectin
T26;168;1142;1740;2.445;2.445;-11836605;Fibronectin
T26;169;1142;1740;0.000;0.000;-10332074;Fibronectin
T26;170;1140;1736;1.516;1.516;-10988964;Fibronectin
T26;171;1138;1734;0.959;0.959;-9084099;Fibronectin
T26;172;1136;1732;0.959;0.959;-10000547;Fibronectin
T26;173;1136;1730;0.678;0.678;-10398880;Fibronectin
T26;174;1136;1730;0.000;0.000;-8950682;Fibronectin
T26;175;1132;1726;1.918;1.918;-8820123;Fibronectin
T26;176;1128;1722;1.918;1.918;-11848610;Fibronectin
T26;177;1128;1722;0.000;0.000;-9471406;Fibronectin
T26;178;1122;1720;2.144;2.144;-9671564;Fibronectin
T26;179;1130;1720;2.712;2.712;-11646930;Fibronectin
T26;180;1120;1714;3.953;3.953;-11576989;Fibronectin
T26;181;1122;1716;0.959;0.959;-12040372;Fibronectin
T26;182;1124;1718;0.959;0.959;-10661324;Fibronectin
T26;183;1132;1714;3.032;3.032;-11052973;Fibronectin
T26;184;1140;1714;2.712;2.712;-11906238;Fibronectin
T26;185;1146;1710;2.445;2.445;-11450562;Fibronectin
T26;186;1146;1712;0.678;0.678;-12042428;Fibronectin
T26;187;1148;1716;1.516;1.516;-13361595;Fibronectin
T26;188;1142;1718;2.144;2.144;-11581614;Fibronectin
T26;189;1136;1718;2.034;2.034;-12102600;Fibronectin
T26;190;1134;1720;0.959;0.959;-11057803;Fibronectin
T26;191;1124;1722;3.457;3.457;-9540512;Fibronectin
T26;192;1114;1720;3.457;3.457;-10657958;Fibronectin
T26;193;1120;1716;2.445;2.445;-12361124;Fibronectin
T26;194;1120;1718;0.678;0.678;-11703457;Fibronectin
T26;195;1120;1720;0.678;0.678;-10925990;Fibronectin
T26;196;1114;1720;2.034;2.034;-10796977;Fibronectin
T26;197;1120;1720;2.034;2.034;-12237761;Fibronectin
T26;198;1120;1720;0.000;0.000;-12244930;Fibronectin
T26;199;1128;1720;2.712;2.712;-10786241;Fibronectin
T26;200;1128;1720;0.000;0.000;-11446972;Fibronectin
T26;201;1124;1718;1.516;1.516;-11908821;Fibronectin
T26;202;1124;1718;0.000;0.000;-11246768;Fibronectin
T26;203;1126;1718;0.678;0.678;-13155519;Fibronectin
T26;204;1126;1720;0.678;0.678;-12897496;Fibronectin
T26;205;1128;1724;1.516;1.516;-12501182;Fibronectin
T26;206;1130;1724;0.678;0.678;-13096393;Fibronectin
T26;207;1134;1726;1.516;1.516;-12759731;Fibronectin
T26;208;1136;1726;0.678;0.678;-12303292;Fibronectin
T26;209;1136;1726;0.000;0.000;-11514833;Fibronectin
T26;210;1136;1722;1.356;1.356;-11190444;Fibronectin
T26;211;1136;1722;0.000;0.000;-12438989;Fibronectin
T26;212;1130;1718;2.445;2.445;-12632269;Fibronectin
T26;213;1132;1718;0.678;0.678;-14208229;Fibronectin
T26;214;1132;1718;0.000;0.000;-14206687;Fibronectin
T26;215;1132;1718;0.000;0.000;-13357772;Fibronectin
T26;216;1132;1718;0.000;0.000;-11907002;Fibronectin
T26;217;1132;1718;0.000;0.000;-13290739;Fibronectin
T26;218;1132;1718;0.000;0.000;-12306392;Fibronectin
T26;219;1132;1718;0.000;0.000;-11580598;Fibronectin
T26;220;1132;1718;0.000;0.000;-11712982;Fibronectin
T26;221;1132;1714;1.356;1.356;-11053762;Fibronectin
T26;222;1134;1714;0.678;0.678;-10526642;Fibronectin
T26;223;1140;1714;2.034;2.034;-12370390;Fibronectin
T26;224;1140;1714;0.000;0.000;-11909573;Fibronectin
T26;225;1140;1712;0.678;0.678;-13548231;Fibronectin
T26;226;1142;1712;0.678;0.678;-13222351;Fibronectin
T26;227;1142;1712;0.000;0.000;-13289158;Fibronectin
T26;228;1142;1712;0.000;0.000;-11976657;Fibronectin
T26;229;1142;1712;0.000;0.000;-11579831;Fibronectin
T26;230;1142;1712;0.000;0.000;-10725798;Fibronectin
T26;231;1144;1712;0.678;0.678;-11515557;Fibronectin
T26;232;1144;1712;0.000;0.000;-12164257;Fibronectin
T26;233;1146;1712;0.678;0.678;-11372698;Fibronectin
T26;234;1146;1712;0.000;0.000;-11575470;Fibronectin
T26;235;1144;1712;0.678;0.678;-9799575;Fibronectin
T26;236;1144;1714;0.678;0.678;-10917554;Fibronectin
T26;237;1144;1714;0.000;0.000;-12957647;Fibronectin
T26;238;1144;1714;0.000;0.000;-11709097;Fibronectin
T26;239;1144;1714;0.000;0.000;-11838907;Fibronectin
T26;240;1144;1714;0.000;0.000;-12105664;Fibronectin
T26;241;1144;1714;0.000;0.000;-12894434;Fibronectin
T26;242;1138;1716;2.144;2.144;-11515352;Fibronectin
T26;243;1136;1718;0.959;0.959;-12241100;Fibronectin
T26;244;1134;1720;0.959;0.959;-12237024;Fibronectin
T26;245;1132;1718;0.959;0.959;-14274018;Fibronectin
T26;246;1132;1718;0.000;0.000;-12369873;Fibronectin
T26;247;1132;1720;0.678;0.678;-10659520;Fibronectin
T26;248;1130;1724;1.516;1.516;-11646650;Fibronectin
T26;249;1132;1722;0.959;0.959;-13028078;Fibronectin
T26;250;1132;1722;0.000;0.000;-12895188;Fibronectin
T26;251;1132;1722;0.000;0.000;-12038858;Fibronectin
T26;252;1132;1722;0.000;0.000;-13291729;Fibronectin
T26;253;1132;1722;0.000;0.000;-14145774;Fibronectin
T26;254;1132;1722;0.000;0.000;-12704721;Fibronectin
T26;255;1134;1722;0.678;0.678;-11510965;Fibronectin
T26;256;1132;1722;0.678;0.678;-13817321;Fibronectin
T26;257;1132;1722;0.000;0.000;-12371407;Fibronectin
T26;258;1132;1720;0.678;0.678;-11321278;Fibronectin
T26;259;1128;1720;1.356;1.356;-12302278;Fibronectin
T26;260;1128;1720;0.000;0.000;-10788034;Fibronectin
T26;261;1130;1714;2.144;2.144;-10924211;Fibronectin
T26;262;1130;1712;0.678;0.678;-11185589;Fibronectin
T26;263;1134;1710;1.516;1.516;-11579810;Fibronectin
T26;264;1136;1710;0.678;0.678;-12565688;Fibronectin
T26;265;1140;1710;1.356;1.356;-10527918;Fibronectin
T26;266;1146;1710;2.034;2.034;-12833494;Fibronectin
T26;267;1148;1708;0.959;0.959;-12366266;Fibronectin
T26;268;1152;1708;1.356;1.356;-10327444;Fibronectin
T26;269;1152;1712;1.356;1.356;-11779807;Fibronectin
T26;270;1152;1710;0.678;0.678;-11710642;Fibronectin
T26;271;1152;1708;0.678;0.678;-11048862;Fibronectin
T26;272;1148;1708;1.356;1.356;-12301750;Fibronectin
T26;273;1146;1708;0.678;0.678;-12104902;Fibronectin
T26;274;1146;1710;0.678;0.678;-12963794;Fibronectin
T26;275;1148;1710;0.678;0.678;-12694234;Fibronectin
T26;276;1148;1710;0.000;0.000;-13616092;Fibronectin
T26;277;1148;1710;0.000;0.000;-14404559;Fibronectin
T26;278;1148;1710;0.000;0.000;-13226203;Fibronectin
T26;279;1148;1714;1.356;1.356;-12958409;Fibronectin
T26;280;1148;1718;1.356;1.356;-10660285;Fibronectin
T26;281;1148;1716;0.678;0.678;-10857923;Fibronectin
T26;282;1146;1714;0.959;0.959;-11646938;Fibronectin
T26;283;1146;1712;0.678;0.678;-12176834;Fibronectin
T26;284;1146;1712;0.000;0.000;-12438738;Fibronectin
T26;285;1146;1712;0.000;0.000;-11710680;Fibronectin
T26;286;1144;1712;0.678;0.678;-12834266;Fibronectin
T26;287;1140;1710;1.516;1.516;-12699878;Fibronectin
T26;288;1138;1710;0.678;0.678;-15068415;Fibronectin
T26;289;1136;1712;0.959;0.959;-12895706;Fibronectin
T26;290;1140;1710;1.516;1.516;-11843267;Fibronectin
T26;291;1144;1708;1.516;1.516;-13028296;Fibronectin
T26;292;1146;1706;0.959;0.959;-12302548;Fibronectin
T26;293;1138;1706;2.712;2.712;-11910844;Fibronectin
T26;294;1140;1702;1.516;1.516;-12894653;Fibronectin
T26;295;1140;1702;0.000;0.000;-12694475;Fibronectin
T26;296;1140;1702;0.000;0.000;-10988711;Fibronectin
T26;297;1140;1702;0.000;0.000;-11773884;Fibronectin
T26;298;1142;1702;0.678;0.678;-12034227;Fibronectin
T26;299;1142;1702;0.000;0.000;-12296637;Fibronectin
T26;300;1148;1706;2.445;2.445;-11250355;Fibronectin
T26;301;1148;1706;0.000;0.000;-11976896;Fibronectin
T26;302;1148;1704;0.678;0.678;-12300256;Fibronectin
T26;303;1146;1702;0.959;0.959;-11907539;Fibronectin
T26;304;1146;1702;0.000;0.000;-11184308;Fibronectin
T26;305;1144;1700;0.959;0.959;-11185338;Fibronectin
T26;306;1144;1700;0.000;0.000;-13158092;Fibronectin
T26;307;1144;1700;0.000;0.000;-13548998;Fibronectin
T26;308;1140;1700;1.356;1.356;-12435931;Fibronectin
T26;309;1142;1702;0.959;0.959;-13224142;Fibronectin
T26;310;1144;1704;0.959;0.959;-13489373;Fibronectin
T26;311;1144;1704;0.000;0.000;-11384761;Fibronectin
T26;312;1140;1702;1.516;1.516;-12106944;Fibronectin
T26;313;1142;1702;0.678;0.678;-11516876;Fibronectin
T26;314;1142;1702;0.000;0.000;-10988248;Fibronectin
T26;315;1142;1702;0.000;0.000;-12499668;Fibronectin
T26;316;1148;1704;2.144;2.144;-10655152;Fibronectin
T26;317;1148;1706;0.678;0.678;-11775937;Fibronectin
T26;318;1148;1706;0.000;0.000;-11185842;Fibronectin
T26;319;1150;1706;0.678;0.678;-11839920;Fibronectin
T26;320;1150;1706;0.000;0.000;-12433600;Fibronectin
T26;321;1150;1708;0.678;0.678;-11907243;Fibronectin
T26;322;1150;1708;0.000;0.000;-11905436;Fibronectin
T26;323;1150;1710;0.678;0.678;-12039868;Fibronectin
T26;324;1150;1710;0.000;0.000;-9735079;Fibronectin
T26;325;1150;1708;0.678;0.678;-11187123;Fibronectin
T26;326;1150;1708;0.000;0.000;-11907253;Fibronectin
T26;327;1150;1708;0.000;0.000;-10526642;Fibronectin
T26;328;1150;1706;0.678;0.678;-12240595;Fibronectin
T26;329;1152;1704;0.959;0.959;-11642549;Fibronectin
T26;330;1152;1704;0.000;0.000;-12824755;Fibronectin
T26;331;1152;1704;0.000;0.000;-13556144;Fibronectin
T26;332;1152;1704;0.000;0.000;-12367557;Fibronectin
T26;333;1152;1706;0.678;0.678;-13156809;Fibronectin
T26;334;1152;1706;0.000;0.000;-13619645;Fibronectin
T26;335;1152;1706;0.000;0.000;-10400711;Fibronectin
T26;336;1152;1706;0.000;0.000;-10592684;Fibronectin
T26;337;1152;1706;0.000;0.000;-11704749;Fibronectin
T26;338;1152;1706;0.000;0.000;-12299468;Fibronectin
T26;339;1152;1706;0.000;0.000;-11511484;Fibronectin
T26;340;1152;1706;0.000;0.000;-12958676;Fibronectin
T26;341;1152;1706;0.000;0.000;-12367806;Fibronectin
T26;342;1152;1708;0.678;0.678;-11514051;Fibronectin
T26;343;1152;1708;0.000;0.000;-12892608;Fibronectin
T26;344;1152;1710;0.678;0.678;-9733782;Fibronectin
T26;345;1152;1710;0.000;0.000;-9340566;Fibronectin
T26;346;1152;1710;0.000;0.000;-9275549;Fibronectin
T26;347;1148;1710;1.356;1.356;-10201766;Fibronectin
T26;348;1148;1708;0.678;0.678;-9016487;Fibronectin
T26;349;1148;1708;0.000;0.000;-10135185;Fibronectin
T26;350;1148;1706;0.678;0.678;-10796231;Fibronectin
T26;351;1148;1704;0.678;0.678;-12173244;Fibronectin
T26;352;1140;1708;3.032;3.032;-10984873;Fibronectin
T26;353;1140;1708;0.000;0.000;-12369871;Fibronectin
T26;354;1142;1710;0.959;0.959;-9481624;Fibronectin
T26;355;1142;1714;1.356;1.356;-12241582;Fibronectin
T26;356;1144;1714;0.678;0.678;-12174239;Fibronectin
T26;357;1144;1714;0.000;0.000;-12240328;Fibronectin
T26;358;1144;1714;0.000;0.000;-10855884;Fibronectin
T26;359;1144;1712;0.678;0.678;-11251618;Fibronectin
T26;360;1142;1710;0.959;0.959;-10592664;Fibronectin
T26;361;1140;1710;0.678;0.678;-9934754;Fibronectin
T26;362;1140;1710;0.000;0.000;-10003860;Fibronectin
T26;363;1140;1708;0.678;0.678;-10002847;Fibronectin
T26;364;1140;1708;0.000;0.000;-11118505;Fibronectin
T26;365;1140;1708;0.000;0.000;-10855856;Fibronectin
T26;366;1140;1708;0.000;0.000;-10922150;Fibronectin
T26;367;1140;1708;0.000;0.000;-11840433;Fibronectin
T26;368;1142;1708;0.678;0.678;-11711945;Fibronectin
T26;369;1142;1704;1.356;1.356;-13028026;Fibronectin
T26;370;1142;1704;0.000;0.000;-12892632;Fibronectin
T26;371;1142;1704;0.000;0.000;-11717080;Fibronectin
T26;372;1142;1704;0.000;0.000;-14474736;Fibronectin
T26;373;1142;1704;0.000;0.000;-12500661;Fibronectin
T26;374;1142;1704;0.000;0.000;-12371130;Fibronectin
T26;375;1142;1704;0.000;0.000;-11582418;Fibronectin
T26;376;1142;1704;0.000;0.000;-12569788;Fibronectin
T26;377;1142;1704;0.000;0.000;-11778229;Fibronectin
T26;378;1142;1704;0.000;0.000;-11316148;Fibronectin
T26;379;1142;1702;0.678;0.678;-10528169;Fibronectin
T26;380;1140;1698;1.516;1.516;-11908283;Fibronectin
T26;381;1136;1696;1.516;1.516;-13088699;Fibronectin
T26;382;1136;1690;2.034;2.034;-13220796;Fibronectin
T26;383;1136;1690;0.000;0.000;-13349299;Fibronectin
T26;384;1136;1690;0.000;0.000;-13222100;Fibronectin
T26;385;1136;1690;0.000;0.000;-13550813;Fibronectin
T26;386;1136;1690;0.000;0.000;-13812932;Fibronectin
T26;387;1138;1690;0.678;0.678;-14274523;Fibronectin
T26;388;1138;1690;0.000;0.000;-13290472;Fibronectin
T26;389;1142;1690;1.356;1.356;-12504002;Fibronectin
T26;390;1144;1690;0.678;0.678;-13288378;Fibronectin
T26;391;1146;1692;0.959;0.959;-13747692;Fibronectin
T26;392;1146;1692;0.000;0.000;-13288932;Fibronectin
T26;393;1144;1692;0.678;0.678;-13288924;Fibronectin
T26;394;1144;1692;0.000;0.000;-13684181;Fibronectin
T26;395;1144;1692;0.000;0.000;-13550028;Fibronectin
T26;396;1144;1694;0.678;0.678;-14209757;Fibronectin
T26;397;1146;1692;0.959;0.959;-14401495;Fibronectin
T26;398;1146;1690;0.678;0.678;-13682910;Fibronectin
T26;399;1146;1690;0.000;0.000;-13485244;Fibronectin
T26;400;1142;1688;1.516;1.516;-14207187;Fibronectin
T26;401;1144;1684;1.516;1.516;-14143728;Fibronectin
T26;402;1144;1682;0.678;0.678;-14211798;Fibronectin
T26;403;1146;1684;0.959;0.959;-13618641;Fibronectin
T26;404;1146;1686;0.678;0.678;-12695740;Fibronectin
T26;405;1146;1684;0.678;0.678;-13619663;Fibronectin
T26;406;1148;1694;3.457;3.457;-13485282;Fibronectin
T26;407;1148;1692;0.678;0.678;-14673344;Fibronectin
T26;408;1148;1690;0.678;0.678;-14348760;Fibronectin
T27;2;2396;426;2.445;2.445;-11514268;Fibronectin
T27;3;2396;426;0.000;0.000;-8885136;Fibronectin
T27;4;2396;426;0.000;0.000;-8948888;Fibronectin
T27;5;2392;422;1.918;1.918;-10070725;Fibronectin
T27;6;2392;422;0.000;0.000;-10593711;Fibronectin
T27;7;2364;368;20.621;20.621;-12572082;Fibronectin
T27;8;2364;368;0.000;0.000;-11977427;Fibronectin
T27;9;2366;356;4.124;4.124;-11714505;Fibronectin
T27;10;2384;358;6.140;6.140;-9605540;Fibronectin
T27;11;2390;360;2.144;2.144;-9675673;Fibronectin
T27;12;2388;354;2.144;2.144;-9935003;Fibronectin
T27;13;2386;350;1.516;1.516;-10716047;Fibronectin
T27;14;2386;354;1.356;1.356;-11903619;Fibronectin
T27;15;2386;354;0.000;0.000;-12564646;Fibronectin
T27;16;2386;356;0.678;0.678;-9408937;Fibronectin
T27;17;2384;360;1.516;1.516;-11179950;Fibronectin
T27;18;2386;370;3.457;3.457;-9143722;Fibronectin
T27;19;2388;370;0.678;0.678;-9675681;Fibronectin
T27;20;2392;366;1.918;1.918;-13491428;Fibronectin
T27;21;2392;372;2.034;2.034;-12629434;Fibronectin
T27;22;2392;376;1.356;1.356;-9804189;Fibronectin
T27;23;2392;376;0.000;0.000;-12103342;Fibronectin
T27;24;2392;380;1.356;1.356;-11572645;Fibronectin
T27;25;2392;388;2.712;2.712;-10133691;Fibronectin
T27;26;2392;380;2.712;2.712;-10528688;Fibronectin
T27;27;2396;384;1.918;1.918;-12632265;Fibronectin
T27;28;2398;382;0.959;0.959;-10002091;Fibronectin
T27;29;2396;376;2.144;2.144;-11252146;Fibronectin
T27;30;2400;374;1.516;1.516;-13421498;Fibronectin
T27;31;2402;376;0.959;0.959;-12299476;Fibronectin
T27;32;2402;378;0.678;0.678;-10788515;Fibronectin
T27;33;2398;380;1.516;1.516;-10922946;Fibronectin
T27;34;2398;380;0.000;0.000;-11780559;Fibronectin
T27;35;2402;378;1.516;1.516;-11381436;Fibronectin
T27;36;2402;378;0.000;0.000;-12825283;Fibronectin
T27;37;2402;374;1.356;1.356;-14013910;Fibronectin
T27;38;2402;380;2.034;2.034;-12305636;Fibronectin
T27;39;2402;380;0.000;0.000;-12373470;Fibronectin
T27;40;2406;372;3.032;3.032;-11047071;Fibronectin
T27;41;2416;350;8.192;8.192;-12174275;Fibronectin
T27;42;2422;346;2.445;2.445;-13618139;Fibronectin
T27;43;2426;344;1.516;1.516;-12502201;Fibronectin
T27;44;2432;346;2.144;2.144;-11711433;Fibronectin
T27;45;2432;346;0.000;0.000;-12237009;Fibronectin
T27;46;2432;346;0.000;0.000;-9804732;Fibronectin
T27;47;2436;342;1.918;1.918;-10591924;Fibronectin
T27;48;2436;340;0.678;0.678;-10262454;Fibronectin
T27;49;2438;342;0.959;0.959;-9865627;Fibronectin
T27;50;2442;336;2.445;2.445;-11901103;Fibronectin
T27;51;2438;334;1.516;1.516;-11049126;Fibronectin
T27;52;2438;334;0.000;0.000;-12559783;Fibronectin
T27;53;2438;332;0.678;0.678;-8161918;Fibronectin
T27;54;2440;334;0.959;0.959;-9417892;Fibronectin
T27;55;2442;324;3.457;3.457;-6183791;Fibronectin
T27;56;2446;326;1.516;1.516;-9739190;Fibronectin
T27;57;2454;326;2.712;2.712;-9012892;Fibronectin
T27;58;2464;316;4.794;4.794;-12890819;Fibronectin
T27;59;2466;322;2.144;2.144;-7829396;Fibronectin
T27;60;2466;316;2.034;2.034;-10132632;Fibronectin
T27;61;2470;310;2.445;2.445;-13027765;Fibronectin
T27;62;2470;306;1.356;1.356;-11251392;Fibronectin
T27;63;2468;308;0.959;0.959;-9673890;Fibronectin
T27;64;2464;302;2.445;2.445;-9275811;Fibronectin
T27;65;2462;300;0.959;0.959;-11379898;Fibronectin
T27;66;2458;300;1.356;1.356;-13287366;Fibronectin
T27;67;2458;296;1.356;1.356;-11911604;Fibronectin
T27;68;2464;294;2.144;2.144;-10135959;Fibronectin
T27;69;2478;292;4.794;4.794;-11838129;Fibronectin
T27;70;2480;290;0.959;0.959;-12102831;Fibronectin
T27;71;2480;288;0.678;0.678;-11378079;Fibronectin
T27;72;2482;290;0.959;0.959;-13350075;Fibronectin
T27;73;2482;290;0.000;0.000;-8683917;Fibronectin
T27;74;2482;286;1.356;1.356;-10656937;Fibronectin
T27;75;2490;282;3.032;3.032;-13019045;Fibronectin
T27;76;2492;278;1.516;1.516;-13220795;Fibronectin
T27;77;2492;276;0.678;0.678;-8163212;Fibronectin
T27;78;2492;274;0.678;0.678;-11973048;Fibronectin
T27;79;2494;268;2.144;2.144;-10984609;Fibronectin
T27;80;2494;266;0.678;0.678;-9280415;Fibronectin
T27;81;2514;250;8.683;8.683;-14410436;Fibronectin
T27;82;2520;244;2.877;2.877;-12499165;Fibronectin
T27;83;2524;240;1.918;1.918;-10592163;Fibronectin
T27;84;2526;242;0.959;0.959;-10529201;Fibronectin
T27;85;2526;238;1.356;1.356;-11315609;Fibronectin
T27;86;2526;234;1.356;1.356;-12109512;Fibronectin
T27;87;2528;230;1.516;1.516;-11707823;Fibronectin
T27;88;2528;228;0.678;0.678;-11707572;Fibronectin
T27;89;2528;228;0.000;0.000;-12300459;Fibronectin
T27;90;2526;226;0.959;0.959;-11577777;Fibronectin
T27;91;2526;230;1.356;1.356;-10796710;Fibronectin
T27;92;2532;232;2.144;2.144;-10728597;Fibronectin
T27;93;2536;234;1.516;1.516;-12298164;Fibronectin
T27;94;2536;238;1.356;1.356;-11308946;Fibronectin
T27;95;2536;236;0.678;0.678;-12098947;Fibronectin
T27;96;2538;232;1.516;1.516;-12037808;Fibronectin
T27;97;2540;234;0.959;0.959;-12632506;Fibronectin
T27;98;2542;236;0.959;0.959;-11908041;Fibronectin
T27;99;2542;238;0.678;0.678;-12699606;Fibronectin
T27;100;2544;238;0.678;0.678;-10330531;Fibronectin
T27;101;2542;240;0.959;0.959;-13223391;Fibronectin
T27;102;2538;244;1.918;1.918;-11710411;Fibronectin
T27;103;2536;248;1.516;1.516;-14340830;Fibronectin
T27;104;2532;246;1.516;1.516;-15066849;Fibronectin
T27;105;2528;250;1.918;1.918;-15459826;Fibronectin
T27;106;2526;250;0.678;0.678;-12697270;Fibronectin
T28;2;1610;368;6.780;6.780;-8885178;Fibronectin
T28;3;1610;368;0.000;0.000;-12691116;Fibronectin
T28;4;1606;360;3.032;3.032;-13483716;Fibronectin
T28;5;1612;344;5.793;5.793;-12304599;Fibronectin
T28;6;1612;344;0.000;0.000;-11121613;Fibronectin
T28;7;1610;346;0.959;0.959;-11316923;Fibronectin
T28;8;1600;346;3.390;3.390;-11774402;Fibronectin
T28;9;1600;346;0.000;0.000;-13221332;Fibronectin
T28;10;1600;342;1.356;1.356;-14737876;Fibronectin
T28;11;1602;342;0.678;0.678;-14803174;Fibronectin
T28;12;1608;342;2.034;2.034;-13094099;Fibronectin
T28;13;1610;342;0.678;0.678;-9279168;Fibronectin
T28;14;1612;346;1.516;1.516;-11843276;Fibronectin
T28;15;1614;350;1.516;1.516;-12567504;Fibronectin
T28;16;1614;346;1.356;1.356;-13159110;Fibronectin
T28;17;1618;340;2.445;2.445;-10464464;Fibronectin
T28;18;1622;332;3.032;3.032;-11053788;Fibronectin
T28;19;1630;324;3.835;3.835;-10331848;Fibronectin
T28;20;1638;304;7.302;7.302;-11914706;Fibronectin
T28;21;1640;298;2.144;2.144;-12634800;Fibronectin
T28;22;1646;288;3.953;3.953;-12042666;Fibronectin
T28;23;1648;282;2.144;2.144;-10728086;Fibronectin
T28;24;1658;274;4.341;4.341;-12436156;Fibronectin
T28;25;1664;270;2.445;2.445;-12504772;Fibronectin
T28;26;1666;270;0.678;0.678;-14276823;Fibronectin
T28;27;1674;274;3.032;3.032;-13159880;Fibronectin
T28;28;1680;276;2.144;2.144;-10995132;Fibronectin
T28;29;1682;278;0.959;0.959;-11188396;Fibronectin
T28;30;1688;280;2.144;2.144;-10591950;Fibronectin
T28;31;1694;282;2.144;2.144;-11839418;Fibronectin
T28;32;1694;282;0.000;0.000;-13156307;Fibronectin
T28;33;1692;280;0.959;0.959;-13614516;Fibronectin
T28;34;1690;278;0.959;0.959;-10791871;Fibronectin
T28;35;1684;270;3.390;3.390;-9277102;Fibronectin
T28;36;1688;266;1.918;1.918;-9542081;Fibronectin
T28;37;1692;262;1.918;1.918;-8422032;Fibronectin
T28;38;1696;256;2.445;2.445;-12307906;Fibronectin
T28;39;1696;256;0.000;0.000;-9801879;Fibronectin
T28;40;1698;256;0.678;0.678;-10198696;Fibronectin
T28;41;1700;250;2.144;2.144;-10594457;Fibronectin
T28;42;1704;250;1.356;1.356;-10986187;Fibronectin
T28;43;1706;246;1.516;1.516;-11119016;Fibronectin
T28;44;1708;246;0.678;0.678;-12373158;Fibronectin
T28;45;1712;244;1.516;1.516;-13161162;Fibronectin
T28;46;1712;242;0.678;0.678;-12696018;Fibronectin
T28;47;1710;244;0.959;0.959;-14011852;Fibronectin
T28;48;1710;244;0.000;0.000;-13557710;Fibronectin
T28;49;1710;246;0.678;0.678;-14018037;Fibronectin
T28;50;1710;252;2.034;2.034;-12435407;Fibronectin
T28;51;1710;250;0.678;0.678;-12963027;Fibronectin
T28;52;1708;246;1.516;1.516;-10590631;Fibronectin
T28;53;1708;248;0.678;0.678;-10000527;Fibronectin
T28;54;1708;248;0.000;0.000;-11381177;Fibronectin
T28;55;1714;248;2.034;2.034;-10660285;Fibronectin
T28;56;1716;250;0.959;0.959;-11315419;Fibronectin
T28;57;1718;250;0.678;0.678;-10594733;Fibronectin
T28;58;1718;250;0.000;0.000;-11578809;Fibronectin
T28;59;1722;236;4.936;4.936;-12370625;Fibronectin
T28;60;1720;230;2.144;2.144;-11385045;Fibronectin
T28;61;1720;230;0.000;0.000;-11383191;Fibronectin
T28;62;1724;234;1.918;1.918;-11252422;Fibronectin
T28;63;1724;234;0.000;0.000;-10858158;Fibronectin
T28;64;1724;234;0.000;0.000;-11644100;Fibronectin
T28;65;1728;232;1.516;1.516;-11446705;Fibronectin
T28;66;1730;226;2.144;2.144;-10524335;Fibronectin
T28;67;1730;222;1.356;1.356;-12829885;Fibronectin
T28;68;1730;220;0.678;0.678;-12828872;Fibronectin
T28;69;1730;220;0.000;0.000;-11315135;Fibronectin
T28;70;1732;220;0.678;0.678;-9932703;Fibronectin
T28;71;1732;218;0.678;0.678;-11651219;Fibronectin
T28;72;1732;214;1.356;1.356;-11388609;Fibronectin
T28;73;1732;214;0.000;0.000;-12175287;Fibronectin
T28;74;1732;214;0.000;0.000;-11051936;Fibronectin
T28;75;1730;214;0.678;0.678;-9864598;Fibronectin
T28;76;1728;208;2.144;2.144;-12043952;Fibronectin
T28;77;1728;208;0.000;0.000;-11978141;Fibronectin
T28;78;1728;206;0.678;0.678;-11784856;Fibronectin
T28;79;1728;206;0.000;0.000;-12702364;Fibronectin
T28;80;1726;206;0.678;0.678;-13223103;Fibronectin
T28;81;1726;206;0.000;0.000;-13358023;Fibronectin
T28;82;1726;206;0.000;0.000;-14080206;Fibronectin
T28;83;1726;206;0.000;0.000;-14537692;Fibronectin
T28;84;1728;208;0.959;0.959;-13486311;Fibronectin
T28;85;1730;208;0.678;0.678;-11710678;Fibronectin
T28;86;1730;208;0.000;0.000;-10854583;Fibronectin
T28;87;1730;208;0.000;0.000;-12961733;Fibronectin
T28;88;1730;202;2.034;2.034;-13026774;Fibronectin
T28;89;1734;198;1.918;1.918;-13028054;Fibronectin
T28;90;1734;196;0.678;0.678;-13354975;Fibronectin
T28;91;1744;196;3.390;3.390;-10530765;Fibronectin
T28;92;1756;188;4.889;4.889;-11120084;Fibronectin
T28;93;1756;184;1.356;1.356;-10657975;Fibronectin
T28;94;1768;170;6.251;6.251;-15392740;Fibronectin
T28;95;1770;170;0.678;0.678;-13552597;Fibronectin
T28;96;1772;172;0.959;0.959;-13224903;Fibronectin
T28;97;1774;172;0.678;0.678;-13486806;Fibronectin
T28;98;1774;172;0.000;0.000;-13289437;Fibronectin
T28;99;1776;166;2.144;2.144;-12039617;Fibronectin
T28;100;1776;166;0.000;0.000;-11579846;Fibronectin
T28;101;1796;158;7.302;7.302;-13555655;Fibronectin
T28;102;1810;158;4.746;4.746;-14406887;Fibronectin
T28;103;1812;158;0.678;0.678;-14012394;Fibronectin
T28;104;1818;160;2.144;2.144;-13616072;Fibronectin
T28;105;1818;160;0.000;0.000;-10001074;Fibronectin
T28;106;1824;156;2.445;2.445;-14466238;Fibronectin
T28;107;1830;152;2.445;2.445;-14075353;Fibronectin
T28;108;1830;150;0.678;0.678;-14076354;Fibronectin
T28;109;1830;150;0.000;0.000;-12170443;Fibronectin
T28;110;1830;150;0.000;0.000;-11321001;Fibronectin
T28;111;1830;140;3.390;3.390;-14539466;Fibronectin
T28;112;1830;136;1.356;1.356;-12766155;Fibronectin
T28;113;1830;136;0.000;0.000;-12106667;Fibronectin
T28;114;1830;134;0.678;0.678;-11908812;Fibronectin
T28;115;1830;130;1.356;1.356;-9343142;Fibronectin
T28;116;1834;128;1.516;1.516;-11317961;Fibronectin
T28;117;1848;102;10.011;10.011;-9802189;Fibronectin
T28;118;1842;96;2.877;2.877;-11578556;Fibronectin
T28;119;1846;96;1.356;1.356;-12302538;Fibronectin
T28;120;1844;94;0.959;0.959;-13156055;Fibronectin
T28;121;1844;92;0.678;0.678;-12106439;Fibronectin
T28;122;1844;92;0.000;0.000;-10006454;Fibronectin
T28;123;1842;94;0.959;0.959;-12694988;Fibronectin
T28;124;1842;96;0.678;0.678;-13153724;Fibronectin
T28;125;1846;94;1.516;1.516;-9478321;Fibronectin
T28;126;1848;92;0.959;0.959;-9080716;Fibronectin
T28;127;1846;94;0.959;0.959;-11445966;Fibronectin
T28;128;1846;94;0.000;0.000;-11315108;Fibronectin
T28;129;1846;92;0.678;0.678;-10789042;Fibronectin
T28;130;1848;92;0.678;0.678;-11051434;Fibronectin
T28;131;1848;92;0.000;0.000;-11841953;Fibronectin
T28;132;1848;90;0.678;0.678;-11313584;Fibronectin
T28;133;1848;88;0.678;0.678;-10459558;Fibronectin
T28;134;1848;88;0.000;0.000;-11379898;Fibronectin
T28;135;1848;88;0.000;0.000;-10984111;Fibronectin
T28;136;1848;82;2.034;2.034;-13346981;Fibronectin
T28;137;1850;80;0.959;0.959;-12954553;Fibronectin
T28;138;1850;80;0.000;0.000;-13088948;Fibronectin
T28;139;1852;82;0.959;0.959;-11775410;Fibronectin
T28;140;1856;80;1.516;1.516;-11838893;Fibronectin
T28;141;1856;80;0.000;0.000;-11710894;Fibronectin
T28;142;1856;80;0.000;0.000;-12300713;Fibronectin
T28;143;1856;80;0.000;0.000;-12956109;Fibronectin
T28;144;1856;80;0.000;0.000;-13415102;Fibronectin
T28;145;1856;80;0.000;0.000;-13480895;Fibronectin
T28;146;1856;80;0.000;0.000;-14204333;Fibronectin
T28;147;1858;80;0.678;0.678;-13810879;Fibronectin
T28;148;1862;76;1.918;1.918;-13941963;Fibronectin
T28;149;1862;76;0.000;0.000;-14271692;Fibronectin
T28;150;1860;76;0.678;0.678;-11777415;Fibronectin
T28;151;1862;74;0.959;0.959;-13545374;Fibronectin
T28;152;1864;70;1.516;1.516;-13084846;Fibronectin
T28;153;1870;66;2.445;2.445;-10852496;Fibronectin
T28;154;1870;66;0.000;0.000;-13481144;Fibronectin
T28;155;1868;70;1.516;1.516;-12103352;Fibronectin
T28;156;1868;68;0.678;0.678;-11514526;Fibronectin
T28;157;1868;66;0.678;0.678;-13614776;Fibronectin
T28;158;1868;66;0.000;0.000;-12562892;Fibronectin
T28;159;1870;64;0.959;0.959;-13151170;Fibronectin
T28;160;1870;64;0.000;0.000;-12891318;Fibronectin
T28;161;1870;66;0.678;0.678;-11246254;Fibronectin
T28;162;1870;66;0.000;0.000;-12956871;Fibronectin
T28;163;1870;68;0.678;0.678;-13676710;Fibronectin
T28;164;1870;70;0.678;0.678;-13418691;Fibronectin
T28;165;1870;70;0.000;0.000;-12298692;Fibronectin
T28;166;1870;72;0.678;0.678;-10523566;Fibronectin
T28;167;1870;72;0.000;0.000;-10982820;Fibronectin
T28;168;1870;72;0.000;0.000;-10325652;Fibronectin
T28;169;1870;72;0.000;0.000;-13286838;Fibronectin
T28;170;1868;70;0.959;0.959;-13679304;Fibronectin
T28;171;1868;70;0.000;0.000;-13484492;Fibronectin
T28;172;1870;66;1.516;1.516;-12431814;Fibronectin
T28;173;1870;66;0.000;0.000;-11711933;Fibronectin
T28;174;1878;62;3.032;3.032;-14142683;Fibronectin
T28;175;1884;60;2.144;2.144;-14471638;Fibronectin
T28;176;1884;60;0.000;0.000;-14538716;Fibronectin
T28;177;1888;62;1.516;1.516;-11445438;Fibronectin
T28;178;1888;62;0.000;0.000;-12236485;Fibronectin
T28;179;1888;64;0.678;0.678;-13551039;Fibronectin
T28;180;1888;64;0.000;0.000;-13618374;Fibronectin
T28;181;1900;78;6.251;6.251;-12105161;Fibronectin
T28;182;1902;76;0.959;0.959;-11380155;Fibronectin
T28;183;1896;74;2.144;2.144;-12499133;Fibronectin
T28;184;1896;72;0.678;0.678;-9607604;Fibronectin
T28;185;1888;68;3.032;3.032;-9869462;Fibronectin
T28;186;1888;68;0.000;0.000;-9480339;Fibronectin
T28;187;1876;72;4.288;4.288;-12760236;Fibronectin
T28;188;1868;68;3.032;3.032;-12302029;Fibronectin
T28;189;1868;72;1.356;1.356;-13087670;Fibronectin
T28;190;1870;74;0.959;0.959;-13220570;Fibronectin
T28;191;1870;76;0.678;0.678;-12956083;Fibronectin
T28;192;1870;76;0.000;0.000;-14207942;Fibronectin
T28;193;1876;74;2.144;2.144;-13029094;Fibronectin
T28;194;1878;76;0.959;0.959;-14141898;Fibronectin
T28;195;1886;76;2.712;2.712;-13748426;Fibronectin
T28;196;1888;78;0.959;0.959;-13615577;Fibronectin
T28;197;1890;78;0.678;0.678;-14670049;Fibronectin
T28;198;1888;76;0.959;0.959;-14078941;Fibronectin
T28;199;1888;76;0.000;0.000;-14666950;Fibronectin
T28;200;1888;76;0.000;0.000;-13550814;Fibronectin
T28;201;1886;78;0.959;0.959;-13941962;Fibronectin
T28;202;1888;86;2.795;2.795;-13292245;Fibronectin
T28;203;1888;86;0.000;0.000;-11975366;Fibronectin
T28;204;1894;84;2.144;2.144;-12963029;Fibronectin
T28;205;1896;82;0.959;0.959;-13877987;Fibronectin
T28;206;1894;82;0.678;0.678;-13614548;Fibronectin
T28;207;1894;82;0.000;0.000;-13946059;Fibronectin
T28;208;1894;82;0.000;0.000;-13815781;Fibronectin
T28;209;1892;80;0.959;0.959;-13617111;Fibronectin
T28;210;1890;80;0.678;0.678;-13817021;Fibronectin
T28;211;1886;80;1.356;1.356;-13420243;Fibronectin
T28;212;1886;80;0.000;0.000;-13682900;Fibronectin
T28;213;1886;78;0.678;0.678;-13750499;Fibronectin
T28;214;1892;78;2.034;2.034;-13944016;Fibronectin
T28;215;1892;78;0.000;0.000;-13945037;Fibronectin
T28;216;1896;78;1.356;1.356;-14205396;Fibronectin
T28;217;1896;80;0.678;0.678;-12760759;Fibronectin
T28;218;1896;80;0.000;0.000;-13947363;Fibronectin
T28;219;1896;80;0.000;0.000;-13550028;Fibronectin
T28;220;1894;82;0.959;0.959;-14337737;Fibronectin
T28;221;1888;78;2.445;2.445;-14211287;Fibronectin
T28;222;1892;82;1.918;1.918;-12169948;Fibronectin
T28;223;1894;82;0.678;0.678;-12366526;Fibronectin
T28;224;1898;80;1.516;1.516;-13224119;Fibronectin
T28;225;1898;80;0.000;0.000;-13948129;Fibronectin
T28;226;1900;80;0.678;0.678;-11118551;Fibronectin
T28;227;1930;56;13.024;13.024;-12896985;Fibronectin
T28;228;1940;50;3.953;3.953;-11911618;Fibronectin
T28;229;1950;36;5.832;5.832;-14205909;Fibronectin
T28;230;1958;34;2.795;2.795;-14138598;Fibronectin
T28;231;1962;24;3.651;3.651;-13748430;Fibronectin
T28;232;1956;22;2.144;2.144;-12170978;Fibronectin
T28;233;1958;16;2.144;2.144;-13484004;Fibronectin
T28;234;1950;16;2.712;2.712;-12038865;Fibronectin
T28;235;1950;12;1.356;1.356;-13884632;Fibronectin
T29;2;2176;94;1.356;1.356;-10789289;Fibronectin
T29;3;2176;96;0.678;0.678;-11181747;Fibronectin
T29;4;2176;98;0.678;0.678;-10913955;Fibronectin
T29;5;2176;98;0.000;0.000;-11044001;Fibronectin
T29;6;2182;98;2.034;2.034;-7636615;Fibronectin
T29;7;2176;102;2.445;2.445;-10586779;Fibronectin
T29;8;2174;102;0.678;0.678;-11373738;Fibronectin
T29;9;2176;100;0.959;0.959;-11174558;Fibronectin
T29;10;2174;104;1.516;1.516;-10778511;Fibronectin
T29;11;2174;106;0.678;0.678;-11769248;Fibronectin
T29;12;2174;102;1.356;1.356;-11181480;Fibronectin
T29;13;2176;106;1.516;1.516;-11438743;Fibronectin
T29;14;2178;108;0.959;0.959;-10585251;Fibronectin
T29;15;2180;106;0.959;0.959;-11302822;Fibronectin
T29;16;2184;104;1.516;1.516;-8094345;Fibronectin
T29;17;2184;110;2.034;2.034;-9352609;Fibronectin
T29;18;2176;110;2.712;2.712;-11040913;Fibronectin
T29;19;2178;112;0.959;0.959;-9219742;Fibronectin
T29;20;2174;112;1.356;1.356;-11842232;Fibronectin
T29;21;2174;112;0.000;0.000;-10524561;Fibronectin
T29;22;2170;110;1.516;1.516;-10452885;Fibronectin
T29;23;2162;108;2.795;2.795;-11377313;Fibronectin
T29;24;2162;106;0.678;0.678;-11897002;Fibronectin
T29;25;2162;106;0.000;0.000;-11043482;Fibronectin
T29;26;2162;106;0.000;0.000;-12032169;Fibronectin
T29;27;2164;110;1.516;1.516;-11900834;Fibronectin
T29;28;2166;110;0.678;0.678;-11897002;Fibronectin
T29;29;2166;110;0.000;0.000;-11505306;Fibronectin
T29;30;2162;106;1.918;1.918;-11171232;Fibronectin
T29;31;2164;104;0.959;0.959;-11698591;Fibronectin
T29;32;2164;100;1.356;1.356;-9735333;Fibronectin
T29;33;2164;100;0.000;0.000;-9145767;Fibronectin
T29;34;2164;102;0.678;0.678;-10847392;Fibronectin
T29;35;2166;102;0.678;0.678;-10520478;Fibronectin
T29;36;2168;104;0.959;0.959;-9541267;Fibronectin
T29;37;2168;104;0.000;0.000;-11046044;Fibronectin
T29;38;2168;106;0.678;0.678;-11182001;Fibronectin
T29;39;2168;106;0.000;0.000;-13484486;Fibronectin
T29;40;2168;106;0.000;0.000;-11053484;Fibronectin
T29;41;2168;106;0.000;0.000;-10990251;Fibronectin
T29;42;2168;106;0.000;0.000;-12492219;Fibronectin
T29;43;2168;108;0.678;0.678;-11376297;Fibronectin
T29;44;2168;112;1.356;1.356;-10138295;Fibronectin
T29;45;2168;114;0.678;0.678;-11712947;Fibronectin
T29;46;2154;118;4.936;4.936;-12032169;Fibronectin
T29;47;2156;114;1.516;1.516;-10258068;Fibronectin
T29;48;2156;114;0.000;0.000;-11110055;Fibronectin
T29;49;2156;116;0.678;0.678;-10057878;Fibronectin
T29;50;2156;116;0.000;0.000;-12293296;Fibronectin
T29;51;2156;118;0.678;0.678;-12433073;Fibronectin
T29;52;2154;122;1.516;1.516;-12887226;Fibronectin
T29;53;2152;124;0.959;0.959;-12620966;Fibronectin
T29;54;2150;124;0.678;0.678;-9865869;Fibronectin
T29;55;2156;118;2.877;2.877;-11186602;Fibronectin
T29;56;2156;118;0.000;0.000;-12103855;Fibronectin
T29;57;2154;118;0.678;0.678;-11048346;Fibronectin
T29;58;2150;116;1.516;1.516;-12296611;Fibronectin
T29;59;2146;112;1.918;1.918;-10193566;Fibronectin
T29;60;2144;108;1.516;1.516;-9278370;Fibronectin
T29;61;2144;102;2.034;2.034;-9676687;Fibronectin
T29;62;2142;102;0.678;0.678;-9016211;Fibronectin
T29;63;2140;98;1.516;1.516;-9800596;Fibronectin
T29;64;2136;94;1.918;1.918;-11780782;Fibronectin
T29;65;2130;96;2.144;2.144;-10924963;Fibronectin
T29;66;2128;90;2.144;2.144;-9537928;Fibronectin
T29;67;2126;86;1.516;1.516;-10857627;Fibronectin
T3;2;1832;812;3.032;3.032;-11056557;Fibronectin
T3;3;1830;810;0.959;0.959;-9529479;Fibronectin
T3;4;1830;810;0.000;0.000;-10253717;Fibronectin
T3;5;1830;810;0.000;0.000;-10184850;Fibronectin
T3;6;1830;810;0.000;0.000;-9791373;Fibronectin
T3;7;1840;810;3.390;3.390;-9860776;Fibronectin
T3;8;1832;810;2.712;2.712;-9727890;Fibronectin
T3;9;1832;810;0.000;0.000;-9794720;Fibronectin
T3;10;1832;806;1.356;1.356;-11184550;Fibronectin
T3;11;1836;810;1.918;1.918;-9663890;Fibronectin
T3;12;1836;812;0.678;0.678;-8938383;Fibronectin
T3;13;1838;808;1.516;1.516;-12430515;Fibronectin
T3;14;1838;812;1.356;1.356;-10911386;Fibronectin
T3;15;1838;812;0.000;0.000;-11828897;Fibronectin
T3;16;1836;814;0.959;0.959;-10251676;Fibronectin
T3;17;1836;814;0.000;0.000;-10055827;Fibronectin
T3;18;1838;814;0.678;0.678;-8940693;Fibronectin
T3;19;1840;814;0.678;0.678;-10711459;Fibronectin
T3;20;1840;814;0.000;0.000;-9859735;Fibronectin
T3;21;1840;814;0.000;0.000;-10054554;Fibronectin
T3;22;1836;816;1.516;1.516;-9864850;Fibronectin
T3;23;1834;820;1.516;1.516;-12039332;Fibronectin
T3;24;1834;818;0.678;0.678;-12434090;Fibronectin
T3;25;1834;814;1.356;1.356;-9531285;Fibronectin
T3;26;1834;812;0.678;0.678;-12369336;Fibronectin
T3;27;1840;812;2.034;2.034;-10782880;Fibronectin
T3;28;1840;812;0.000;0.000;-11904682;Fibronectin
T3;29;1840;816;1.356;1.356;-10054555;Fibronectin
T3;30;1842;816;0.678;0.678;-10320298;Fibronectin
T3;31;1842;818;0.678;0.678;-11638438;Fibronectin
T3;32;1840;814;1.516;1.516;-11835059;Fibronectin
T3;33;1838;812;0.959;0.959;-11313333;Fibronectin
T3;34;1838;812;0.000;0.000;-11579577;Fibronectin
T3;35;1840;810;0.959;0.959;-9926043;Fibronectin
T3;36;1840;806;1.356;1.356;-10846884;Fibronectin
T3;37;1840;806;0.000;0.000;-11504049;Fibronectin
T3;38;1840;804;0.678;0.678;-10646684;Fibronectin
T3;39;1840;800;1.356;1.356;-10451361;Fibronectin
T3;40;1844;796;1.918;1.918;-10319009;Fibronectin
T3;41;1848;790;2.445;2.445;-11310506;Fibronectin
T3;42;1850;786;1.516;1.516;-12836289;Fibronectin
T3;43;1850;786;0.000;0.000;-11838382;Fibronectin
T3;44;1850;786;0.000;0.000;-11179431;Fibronectin
T3;45;1856;784;2.144;2.144;-11910050;Fibronectin
T3;46;1856;786;0.678;0.678;-8416392;Fibronectin
T3;47;1856;786;0.000;0.000;-9471131;Fibronectin
T3;48;1850;788;2.144;2.144;-11773096;Fibronectin
T3;49;1850;788;0.000;0.000;-10386845;Fibronectin
T3;50;1856;782;2.877;2.877;-12044219;Fibronectin
T3;51;1854;782;0.678;0.678;-9203614;Fibronectin
T3;52;1856;778;1.516;1.516;-11772585;Fibronectin
T3;53;1856;776;0.678;0.678;-10595997;Fibronectin
T3;54;1856;774;0.678;0.678;-11192218;Fibronectin
T3;55;1860;776;1.516;1.516;-12371895;Fibronectin
T3;56;1862;772;1.516;1.516;-12562606;Fibronectin
T3;57;1862;770;0.678;0.678;-12699578;Fibronectin
T3;58;1864;768;0.959;0.959;-10258327;Fibronectin
T3;59;1862;770;0.959;0.959;-10009258;Fibronectin
T3;60;1862;772;0.678;0.678;-12239029;Fibronectin
T3;61;1862;772;0.000;0.000;-10388137;Fibronectin
T3;62;1862;768;1.356;1.356;-12564649;Fibronectin
T3;63;1862;766;0.678;0.678;-7964812;Fibronectin
T3;64;1862;766;0.000;0.000;-7632267;Fibronectin
T3;65;1862;772;2.034;2.034;-12368045;Fibronectin
T3;66;1860;772;0.678;0.678;-13221573;Fibronectin
T3;67;1852;770;2.795;2.795;-11374504;Fibronectin
T3;68;1852;770;0.000;0.000;-11979709;Fibronectin
T3;69;1852;770;0.000;0.000;-9738670;Fibronectin
T3;70;1852;776;2.034;2.034;-11899056;Fibronectin
T3;71;1852;776;0.000;0.000;-11633830;Fibronectin
T3;72;1852;776;0.000;0.000;-11841211;Fibronectin
T3;73;1846;778;2.144;2.144;-10785198;Fibronectin
T3;74;1844;778;0.678;0.678;-12567240;Fibronectin
T3;75;1842;778;0.678;0.678;-12166594;Fibronectin
T3;76;1840;776;0.959;0.959;-11771570;Fibronectin
T3;77;1838;774;0.959;0.959;-12888505;Fibronectin
T3;78;1834;770;1.918;1.918;-12372911;Fibronectin
T3;79;1828;770;2.034;2.034;-10792624;Fibronectin
T3;80;1830;772;0.959;0.959;-11979465;Fibronectin
T3;81;1830;776;1.356;1.356;-11765653;Fibronectin
T3;82;1842;776;4.068;4.068;-9862796;Fibronectin
T3;83;1842;772;1.356;1.356;-10853536;Fibronectin
T3;84;1844;772;0.678;0.678;-9679003;Fibronectin
T3;85;1844;776;1.356;1.356;-11306395;Fibronectin
T3;86;1848;776;1.356;1.356;-10260144;Fibronectin
T3;87;1848;776;0.000;0.000;-9729691;Fibronectin
T3;88;1848;772;1.356;1.356;-10454685;Fibronectin
T3;89;1848;774;0.678;0.678;-10718116;Fibronectin
T3;90;1850;774;0.678;0.678;-10186643;Fibronectin
T3;91;1852;772;0.959;0.959;-9070227;Fibronectin
T3;92;1852;772;0.000;0.000;-9924247;Fibronectin
T3;93;1854;772;0.678;0.678;-11241901;Fibronectin
T3;94;1854;770;0.678;0.678;-12300471;Fibronectin
T3;95;1846;770;2.712;2.712;-10653089;Fibronectin
T3;96;1846;770;0.000;0.000;-10457756;Fibronectin
T3;97;1846;772;0.678;0.678;-11651255;Fibronectin
T3;98;1846;772;0.000;0.000;-10073512;Fibronectin
T3;99;1844;774;0.959;0.959;-9664919;Fibronectin
T3;100;1844;776;0.678;0.678;-11901863;Fibronectin
T3;101;1844;776;0.000;0.000;-12166829;Fibronectin
T3;102;1844;776;0.000;0.000;-10585252;Fibronectin
T3;103;1844;776;0.000;0.000;-10589340;Fibronectin
T3;104;1844;776;0.000;0.000;-12300723;Fibronectin
T3;105;1844;776;0.000;0.000;-11898793;Fibronectin
T3;106;1848;776;1.356;1.356;-12359845;Fibronectin
T3;107;1852;774;1.516;1.516;-11579561;Fibronectin
T3;108;1858;774;2.034;2.034;-11521963;Fibronectin
T3;109;1858;778;1.356;1.356;-10661028;Fibronectin
T3;110;1856;774;1.516;1.516;-11376295;Fibronectin
T3;111;1856;774;0.000;0.000;-11045290;Fibronectin
T3;112;1856;770;1.356;1.356;-10651810;Fibronectin
T3;113;1856;770;0.000;0.000;-10851236;Fibronectin
T3;114;1864;774;3.032;3.032;-9537173;Fibronectin
T3;115;1866;776;0.959;0.959;-9145489;Fibronectin
T3;116;1866;776;0.000;0.000;-10854567;Fibronectin
T3;117;1868;780;1.516;1.516;-9864087;Fibronectin
T3;118;1864;780;1.356;1.356;-10124437;Fibronectin
T3;119;1862;780;0.678;0.678;-9931410;Fibronectin
T3;120;1858;780;1.356;1.356;-11579318;Fibronectin
T3;121;1858;782;0.678;0.678;-10523557;Fibronectin
T3;122;1858;786;1.356;1.356;-12432317;Fibronectin
T3;123;1858;790;1.356;1.356;-10849704;Fibronectin
T3;124;1860;802;4.124;4.124;-10455710;Fibronectin
T3;125;1860;802;0.000;0.000;-12636083;Fibronectin
T3;126;1860;798;1.356;1.356;-10458780;Fibronectin
T3;127;1860;788;3.390;3.390;-13686207;Fibronectin
T3;128;1862;786;0.959;0.959;-12898750;Fibronectin
T3;129;1858;780;2.445;2.445;-10978711;Fibronectin
T3;130;1860;770;3.457;3.457;-11970469;Fibronectin
T3;131;1864;758;4.288;4.288;-11305627;Fibronectin
T3;132;1866;736;7.489;7.489;-10721441;Fibronectin
T3;133;1864;732;1.516;1.516;-11056295;Fibronectin
T3;134;1862;724;2.795;2.795;-12570286;Fibronectin
T3;135;1864;714;3.457;3.457;-11380658;Fibronectin
T3;136;1862;704;3.457;3.457;-13161663;Fibronectin
T3;137;1860;692;4.124;4.124;-12107956;Fibronectin
T3;138;1854;686;2.877;2.877;-10464403;Fibronectin
T3;139;1850;668;6.251;6.251;-12104609;Fibronectin
T3;140;1848;648;6.814;6.814;-10526629;Fibronectin
T3;141;1850;640;2.795;2.795;-10127011;Fibronectin
T3;142;1844;640;2.034;2.034;-10918308;Fibronectin
T3;143;1844;642;0.678;0.678;-10649504;Fibronectin
T3;144;1848;644;1.516;1.516;-12440760;Fibronectin
T3;145;1844;638;2.445;2.445;-9403249;Fibronectin
T3;146;1842;624;4.794;4.794;-11372198;Fibronectin
T3;147;1830;614;5.295;5.295;-10649502;Fibronectin
T3;148;1826;604;3.651;3.651;-11708584;Fibronectin
T3;149;1824;600;1.516;1.516;-12761014;Fibronectin
T3;150;1830;592;3.390;3.390;-11114665;Fibronectin
T3;151;1830;596;1.356;1.356;-9999007;Fibronectin
T3;152;1828;590;2.144;2.144;-11840950;Fibronectin
T3;153;1828;590;0.000;0.000;-11704235;Fibronectin
T3;154;1828;590;0.000;0.000;-12625083;Fibronectin
T3;155;1830;594;1.516;1.516;-9605779;Fibronectin
T3;156;1828;592;0.959;0.959;-9344147;Fibronectin
T3;157;1826;590;0.959;0.959;-8948886;Fibronectin
T3;158;1824;588;0.959;0.959;-11046052;Fibronectin
T3;159;1822;582;2.144;2.144;-11713465;Fibronectin
T3;160;1822;578;1.356;1.356;-10917025;Fibronectin
T3;161;1822;576;0.678;0.678;-9403022;Fibronectin
T3;162;1822;572;1.356;1.356;-9273480;Fibronectin
T3;163;1822;572;0.000;0.000;-9477776;Fibronectin
T3;164;1822;566;2.034;2.034;-11250095;Fibronectin
T3;165;1824;558;2.795;2.795;-9400978;Fibronectin
T3;166;1826;558;0.678;0.678;-10455447;Fibronectin
T3;167;1832;552;2.877;2.877;-10131623;Fibronectin
T3;168;1832;550;0.678;0.678;-8685453;Fibronectin
T3;169;1838;548;2.144;2.144;-8552839;Fibronectin
T3;170;1844;548;2.034;2.034;-10978721;Fibronectin
T3;171;1842;548;0.678;0.678;-9472915;Fibronectin
T3;172;1842;548;0.000;0.000;-9473666;Fibronectin
T3;173;1844;546;0.959;0.959;-8946820;Fibronectin
T3;174;1846;546;0.678;0.678;-10196388;Fibronectin
T3;175;1846;550;1.356;1.356;-9470345;Fibronectin
T3;176;1846;552;0.678;0.678;-11114655;Fibronectin
T3;177;1846;554;0.678;0.678;-10128287;Fibronectin
T3;178;1846;554;0.000;0.000;-10847394;Fibronectin
T3;179;1848;552;0.959;0.959;-10253964;Fibronectin
T3;180;1848;546;2.034;2.034;-10784136;Fibronectin
T3;181;1846;544;0.959;0.959;-9803918;Fibronectin
T3;182;1846;540;1.356;1.356;-10465451;Fibronectin
T3;183;1846;536;1.356;1.356;-11119277;Fibronectin
T3;184;1844;532;1.516;1.516;-12045223;Fibronectin
T3;185;1842;528;1.516;1.516;-10256789;Fibronectin
T3;186;1844;532;1.516;1.516;-9994919;Fibronectin
T3;187;1842;540;2.795;2.795;-11510957;Fibronectin
T3;188;1836;540;2.034;2.034;-12698038;Fibronectin
T3;189;1830;532;3.390;3.390;-12307904;Fibronectin
T3;190;1828;528;1.516;1.516;-11304871;Fibronectin
T3;191;1832;534;2.445;2.445;-10778018;Fibronectin
T3;192;1832;534;0.000;0.000;-13945795;Fibronectin
T3;193;1830;528;2.144;2.144;-12109486;Fibronectin
T3;194;1826;532;1.918;1.918;-11573425;Fibronectin
T3;195;1826;530;0.678;0.678;-11967654;Fibronectin
T3;196;1826;528;0.678;0.678;-12565427;Fibronectin
T3;197;1826;528;0.000;0.000;-9076874;Fibronectin
T3;198;1826;526;0.678;0.678;-12560559;Fibronectin
T3;199;1826;526;0.000;0.000;-10400148;Fibronectin
T3;200;1826;524;0.678;0.678;-11979693;Fibronectin
T3;201;1820;526;2.144;2.144;-10061199;Fibronectin
T3;202;1812;522;3.032;3.032;-12168108;Fibronectin
T3;203;1800;522;4.068;4.068;-11645101;Fibronectin
T3;204;1802;518;1.516;1.516;-10783647;Fibronectin
T3;205;1802;514;1.356;1.356;-9733782;Fibronectin
T3;206;1796;512;2.144;2.144;-11508394;Fibronectin
T3;207;1792;516;1.918;1.918;-10060437;Fibronectin
T3;208;1788;512;1.918;1.918;-11776936;Fibronectin
T3;209;1780;510;2.795;2.795;-11973023;Fibronectin
T3;210;1776;508;1.516;1.516;-13619644;Fibronectin
T3;211;1768;508;2.712;2.712;-11904949;Fibronectin
T3;212;1768;508;0.000;0.000;-8420994;Fibronectin
T3;213;1770;506;0.959;0.959;-9996939;Fibronectin
T3;214;1778;508;2.795;2.795;-11585436;Fibronectin
T3;215;1776;504;1.516;1.516;-11641514;Fibronectin
T3;216;1772;496;3.032;3.032;-11316908;Fibronectin
T3;217;1770;492;1.516;1.516;-12637372;Fibronectin
T3;218;1764;488;2.445;2.445;-12161203;Fibronectin
T3;219;1768;486;1.516;1.516;-11249590;Fibronectin
T3;220;1766;482;1.516;1.516;-12696496;Fibronectin
T3;221;1766;478;1.356;1.356;-9739683;Fibronectin
T3;222;1764;476;0.959;0.959;-12228261;Fibronectin
T3;223;1758;478;2.144;2.144;-11182499;Fibronectin
T3;224;1748;476;3.457;3.457;-11500702;Fibronectin
T3;225;1742;474;2.144;2.144;-12244403;Fibronectin
T3;226;1740;476;0.959;0.959;-12965054;Fibronectin
T3;227;1734;478;2.144;2.144;-9861529;Fibronectin
T3;228;1730;480;1.516;1.516;-9535653;Fibronectin
T3;229;1730;476;1.356;1.356;-10387095;Fibronectin
T3;230;1728;480;1.516;1.516;-11441564;Fibronectin
T3;231;1732;476;1.918;1.918;-10907292;Fibronectin
T3;232;1732;476;0.000;0.000;-10783907;Fibronectin
T31;2;2054;464;0.959;0.959;-8562044;Fibronectin
T31;3;2054;464;0.000;0.000;-9810593;Fibronectin
T31;4;2052;464;0.678;0.678;-12566967;Fibronectin
T31;5;2052;464;0.000;0.000;-12240823;Fibronectin
T31;6;2052;464;0.000;0.000;-10664601;Fibronectin
T31;7;2052;464;0.000;0.000;-11518135;Fibronectin
T31;8;2044;466;2.795;2.795;-10848673;Fibronectin
T31;9;2044;466;0.000;0.000;-11112363;Fibronectin
T31;10;2044;468;0.678;0.678;-10789303;Fibronectin
T31;11;2044;472;1.356;1.356;-9741223;Fibronectin
T31;12;2046;474;0.959;0.959;-9218456;Fibronectin
T31;13;2050;480;2.445;2.445;-8479363;Fibronectin
T31;14;2050;480;0.000;0.000;-10979756;Fibronectin
T31;15;2052;480;0.678;0.678;-9926041;Fibronectin
T31;16;2052;480;0.000;0.000;-13290688;Fibronectin
T31;17;2052;482;0.678;0.678;-12569534;Fibronectin
T31;18;2052;484;0.678;0.678;-9203586;Fibronectin
T31;19;2052;484;0.000;0.000;-10654631;Fibronectin
T31;20;2052;484;0.000;0.000;-10271918;Fibronectin
T31;21;2050;488;1.516;1.516;-8745092;Fibronectin
T31;22;2052;490;0.959;0.959;-9735083;Fibronectin
T31;23;2060;494;3.032;3.032;-9411223;Fibronectin
T31;24;2062;496;0.959;0.959;-11709097;Fibronectin
T31;25;2066;500;1.918;1.918;-10924963;Fibronectin
T31;26;2070;510;3.651;3.651;-11839409;Fibronectin
T31;27;2064;522;4.548;4.548;-5076341;Fibronectin
T31;28;2062;528;2.144;2.144;-8355971;Fibronectin
T31;29;2062;532;1.356;1.356;-10786729;Fibronectin
T31;30;2066;528;1.918;1.918;-13158842;Fibronectin
T31;31;2070;536;3.032;3.032;-12695722;Fibronectin
T31;32;2070;540;1.356;1.356;-8674685;Fibronectin
T31;33;2072;544;1.516;1.516;-13614776;Fibronectin
T31;34;2072;544;0.000;0.000;-10590366;Fibronectin
T31;35;2064;548;3.032;3.032;-8747660;Fibronectin
T31;36;2056;546;2.795;2.795;-8946058;Fibronectin
T31;37;2054;546;0.678;0.678;-11317437;Fibronectin
T31;38;2050;546;1.356;1.356;-9337971;Fibronectin
T31;39;2046;544;1.516;1.516;-8027008;Fibronectin
T31;40;2036;540;3.651;3.651;-13290187;Fibronectin
T31;41;2030;536;2.445;2.445;-8222596;Fibronectin
T31;42;2028;534;0.959;0.959;-8360573;Fibronectin
T31;43;2026;532;0.959;0.959;-11383471;Fibronectin
T31;44;2028;532;0.678;0.678;-10921641;Fibronectin
T31;45;2030;532;0.678;0.678;-9808261;Fibronectin
T31;46;2030;532;0.000;0.000;-10856097;Fibronectin
T31;47;2030;532;0.000;0.000;-9797016;Fibronectin
T31;48;2030;532;0.000;0.000;-11514015;Fibronectin
T31;49;2032;532;0.678;0.678;-8488062;Fibronectin
T31;50;2032;532;0.000;0.000;-11454628;Fibronectin
T31;51;2028;532;1.356;1.356;-9539477;Fibronectin
T31;52;2036;538;3.390;3.390;-8613253;Fibronectin
T31;53;2038;542;1.516;1.516;-9480828;Fibronectin
T31;54;2038;542;0.000;0.000;-10064020;Fibronectin
T31;55;2040;534;2.795;2.795;-11640986;Fibronectin
T31;56;2040;534;0.000;0.000;-12354722;Fibronectin
T31;57;2044;552;6.251;6.251;-10784663;Fibronectin
T31;58;2050;566;5.163;5.163;-8225917;Fibronectin
T31;59;2056;570;2.445;2.445;-10063256;Fibronectin
T31;60;2058;562;2.795;2.795;-9667724;Fibronectin
T31;61;2056;560;0.959;0.959;-10063497;Fibronectin
T31;62;2046;548;5.295;5.295;-8223125;Fibronectin
T31;63;2034;540;4.889;4.889;-9140624;Fibronectin
T31;64;2028;536;2.445;2.445;-10658477;Fibronectin
T31;65;2018;528;4.341;4.341;-9338021;Fibronectin
T31;66;2006;528;4.068;4.068;-13095120;Fibronectin
T31;67;2006;536;2.712;2.712;-11184049;Fibronectin
T31;68;2006;536;0.000;0.000;-13419715;Fibronectin
T31;69;2004;536;0.678;0.678;-10187411;Fibronectin
T31;70;2004;534;0.678;0.678;-9278891;Fibronectin
T31;71;2000;538;1.918;1.918;-11773886;Fibronectin
T31;72;1976;542;8.248;8.248;-10188678;Fibronectin
T31;73;1978;548;2.144;2.144;-11446445;Fibronectin
T31;74;1980;548;0.678;0.678;-10193804;Fibronectin
T31;75;1980;546;0.678;0.678;-11579810;Fibronectin
T31;76;1980;544;0.678;0.678;-9995183;Fibronectin
T31;77;1968;542;4.124;4.124;-9208486;Fibronectin
T31;78;1968;542;0.000;0.000;-12363697;Fibronectin
T31;79;1962;546;2.445;2.445;-13027508;Fibronectin
T31;80;1962;546;0.000;0.000;-12431020;Fibronectin
T31;81;1962;544;0.678;0.678;-11971257;Fibronectin
T31;82;1954;542;2.795;2.795;-10982581;Fibronectin
T31;83;1948;542;2.034;2.034;-11178138;Fibronectin
T31;84;1942;540;2.144;2.144;-10076335;Fibronectin
T31;85;1942;542;0.678;0.678;-12168374;Fibronectin
T31;86;1898;566;16.991;16.991;-12102813;Fibronectin
T31;87;1896;574;2.795;2.795;-9867421;Fibronectin
T31;88;1894;570;1.516;1.516;-10066071;Fibronectin
T31;89;1884;574;3.651;3.651;-11515041;Fibronectin
T31;90;1880;574;1.356;1.356;-9733002;Fibronectin
T31;91;1866;568;5.163;5.163;-11840433;Fibronectin
T31;92;1866;572;1.356;1.356;-11775133;Fibronectin
T31;93;1866;566;2.034;2.034;-9340549;Fibronectin
T31;94;1872;562;2.445;2.445;-12765886;Fibronectin
T31;95;1872;562;0.000;0.000;-10523031;Fibronectin
T31;96;1878;560;2.144;2.144;-12300471;Fibronectin
T31;97;1884;558;2.144;2.144;-12497591;Fibronectin
T31;98;1884;558;0.000;0.000;-13155254;Fibronectin
T31;99;1882;558;0.678;0.678;-12761014;Fibronectin
T31;100;1882;554;1.356;1.356;-13025473;Fibronectin
T31;101;1882;552;0.678;0.678;-13551318;Fibronectin
T31;102;1882;544;2.712;2.712;-9613228;Fibronectin
T31;103;1878;548;1.918;1.918;-9872298;Fibronectin
T31;104;1874;552;1.918;1.918;-10987961;Fibronectin
T31;105;1874;552;0.000;0.000;-12299444;Fibronectin
T31;106;1872;552;0.678;0.678;-11176878;Fibronectin
T31;107;1870;548;1.516;1.516;-10981278;Fibronectin
T31;108;1870;548;0.000;0.000;-13026253;Fibronectin
T31;109;1868;550;0.959;0.959;-14079946;Fibronectin
T31;110;1868;552;0.678;0.678;-13153460;Fibronectin
T31;111;1872;554;1.516;1.516;-13678013;Fibronectin
T31;112;1872;554;0.000;0.000;-13553359;Fibronectin
T31;113;1874;554;0.678;0.678;-13230797;Fibronectin
T31;114;1874;554;0.000;0.000;-9087644;Fibronectin
T31;115;1870;554;1.356;1.356;-13218491;Fibronectin
T31;116;1870;554;0.000;0.000;-11506353;Fibronectin
T31;117;1860;556;3.457;3.457;-12967628;Fibronectin
T31;118;1848;554;4.124;4.124;-13676485;Fibronectin
T31;119;1840;554;2.712;2.712;-13814456;Fibronectin
T31;120;1840;552;0.678;0.678;-13030841;Fibronectin
T31;121;1838;552;0.678;0.678;-14143419;Fibronectin
T31;122;1836;552;0.678;0.678;-13812403;Fibronectin
T31;123;1834;552;0.678;0.678;-13152960;Fibronectin
T31;124;1834;550;0.678;0.678;-14073798;Fibronectin
T31;125;1834;550;0.000;0.000;-14468544;Fibronectin
T31;126;1834;550;0.000;0.000;-11908542;Fibronectin
T31;127;1834;552;0.678;0.678;-11978680;Fibronectin
T31;128;1834;552;0.000;0.000;-12169386;Fibronectin
T31;129;1840;542;3.953;3.953;-10463907;Fibronectin
T31;130;1844;540;1.516;1.516;-9680296;Fibronectin
T31;131;1840;542;1.516;1.516;-10923169;Fibronectin
T31;132;1840;542;0.000;0.000;-12571343;Fibronectin
T31;133;1840;538;1.356;1.356;-13882062;Fibronectin
T31;134;1832;532;3.390;3.390;-12309447;Fibronectin
T31;135;1832;530;0.678;0.678;-11515819;Fibronectin
T31;136;1832;524;2.034;2.034;-13215673;Fibronectin
T31;137;1828;514;3.651;3.651;-10457490;Fibronectin
T31;138;1810;512;6.140;6.140;-12558505;Fibronectin
T31;139;1792;512;6.102;6.102;-14076619;Fibronectin
T31;140;1788;514;1.516;1.516;-14600645;Fibronectin
T31;141;1788;510;1.356;1.356;-14666701;Fibronectin
T31;142;1788;512;0.678;0.678;-9345983;Fibronectin
T31;143;1786;512;0.678;0.678;-12238012;Fibronectin
T31;144;1782;514;1.516;1.516;-13950938;Fibronectin
T31;145;1778;518;1.918;1.918;-12765626;Fibronectin
T31;146;1770;508;4.341;4.341;-13950160;Fibronectin
T31;147;1760;502;3.953;3.953;-14010576;Fibronectin
T31;148;1758;498;1.516;1.516;-14600128;Fibronectin
T31;149;1756;496;0.959;0.959;-12828848;Fibronectin
T31;150;1752;496;1.356;1.356;-13814464;Fibronectin
T31;151;1752;494;0.678;0.678;-12570825;Fibronectin
T31;152;1744;492;2.795;2.795;-13617863;Fibronectin
T31;153;1742;490;0.959;0.959;-13284296;Fibronectin
T31;154;1738;488;1.516;1.516;-11251131;Fibronectin
T31;155;1738;486;0.678;0.678;-13872822;Fibronectin
T31;156;1734;482;1.918;1.918;-13423303;Fibronectin
T31;157;1730;476;2.445;2.445;-12308943;Fibronectin
T31;158;1728;474;0.959;0.959;-10594732;Fibronectin
T31;159;1726;470;1.516;1.516;-12039089;Fibronectin
T31;160;1724;468;0.959;0.959;-12893620;Fibronectin
T33;2;154;530;3.032;3.032;-10656424;Fibronectin
T33;3;160;528;2.144;2.144;-11318958;Fibronectin
T33;4;164;528;1.356;1.356;-11838115;Fibronectin
T33;5;164;536;2.712;2.712;-10856624;Fibronectin
T33;6;164;542;2.034;2.034;-10655905;Fibronectin
T33;7;168;544;1.516;1.516;-13811901;Fibronectin
T33;8;170;544;0.678;0.678;-11839409;Fibronectin
T33;9;170;546;0.678;0.678;-12099759;Fibronectin
T33;10;170;550;1.356;1.356;-11441829;Fibronectin
T33;11;170;558;2.712;2.712;-11899813;Fibronectin
T33;12;166;562;1.918;1.918;-12361401;Fibronectin
T33;13;162;568;2.445;2.445;-12757950;Fibronectin
T33;14;162;568;0.000;0.000;-12621501;Fibronectin
T33;15;162;568;0.000;0.000;-12033968;Fibronectin
T33;16;162;566;0.678;0.678;-12761281;Fibronectin
T33;17;162;566;0.000;0.000;-9408929;Fibronectin
T33;18;172;576;4.794;4.794;-12362161;Fibronectin
T33;19;176;580;1.918;1.918;-10391714;Fibronectin
T33;20;176;580;0.000;0.000;-11177127;Fibronectin
T33;21;176;582;0.678;0.678;-10589093;Fibronectin
T33;22;176;582;0.000;0.000;-12965559;Fibronectin
T33;23;178;582;0.678;0.678;-12831427;Fibronectin
T33;24;176;582;0.678;0.678;-10984117;Fibronectin
T33;25;174;584;0.959;0.959;-10189964;Fibronectin
T33;26;174;584;0.000;0.000;-9996705;Fibronectin
T33;27;174;584;0.000;0.000;-10653338;Fibronectin
T33;28;172;580;1.516;1.516;-10390934;Fibronectin
T33;29;168;590;3.651;3.651;-10652312;Fibronectin
T33;30;166;596;2.144;2.144;-8420741;Fibronectin
T33;31;164;598;0.959;0.959;-8416895;Fibronectin
T33;32;162;600;0.959;0.959;-11046305;Fibronectin
T33;33;162;600;0.000;0.000;-11641263;Fibronectin
T33;34;164;602;0.959;0.959;-9666962;Fibronectin
T33;35;164;602;0.000;0.000;-11507370;Fibronectin
T33;36;166;602;0.678;0.678;-12756913;Fibronectin
T33;37;166;604;0.678;0.678;-12622255;Fibronectin
T33;38;166;606;0.678;0.678;-11767195;Fibronectin
T33;39;166;606;0.000;0.000;-11374239;Fibronectin
T33;40;166;606;0.000;0.000;-10259346;Fibronectin
T33;41;168;606;0.678;0.678;-9800339;Fibronectin
T33;42;164;606;1.356;1.356;-10192275;Fibronectin
T33;43;160;608;1.516;1.516;-11774127;Fibronectin
T33;44;158;616;2.795;2.795;-13088697;Fibronectin
T33;45;156;626;3.457;3.457;-9736862;Fibronectin
T33;46;152;632;2.445;2.445;-9866380;Fibronectin
T33;47;152;630;0.678;0.678;-10916762;Fibronectin
T33;48;152;630;0.000;0.000;-11252395;Fibronectin
T33;49;156;630;1.356;1.356;-10528698;Fibronectin
T33;50;162;634;2.445;2.445;-12365487;Fibronectin
T33;51;162;636;0.678;0.678;-12687531;Fibronectin
T33;52;162;640;1.356;1.356;-13087156;Fibronectin
T33;53;162;642;0.678;0.678;-12428708;Fibronectin
T33;54;166;642;1.356;1.356;-12230567;Fibronectin
T33;55;166;646;1.356;1.356;-12823468;Fibronectin
T33;56;166;644;0.678;0.678;-12630701;Fibronectin
T33;57;172;644;2.034;2.034;-12965572;Fibronectin
T33;58;172;644;0.000;0.000;-13093051;Fibronectin
T33;59;172;644;0.000;0.000;-12038839;Fibronectin
T33;60;172;644;0.000;0.000;-12495255;Fibronectin
T33;61;172;644;0.000;0.000;-11839391;Fibronectin
T33;62;172;644;0.000;0.000;-12499642;Fibronectin
T33;63;172;644;0.000;0.000;-11248032;Fibronectin
T33;64;172;640;1.356;1.356;-14075077;Fibronectin
T33;65;172;642;0.678;0.678;-13018301;Fibronectin
T33;66;172;642;0.000;0.000;-11636902;Fibronectin
T33;67;172;642;0.000;0.000;-12160700;Fibronectin
T33;68;172;648;2.034;2.034;-10260627;Fibronectin
T33;69;172;648;0.000;0.000;-13155251;Fibronectin
T33;70;174;642;2.144;2.144;-12821425;Fibronectin
T33;71;174;644;0.678;0.678;-13019056;Fibronectin
T33;72;174;644;0.000;0.000;-11968181;Fibronectin
T33;73;166;648;3.032;3.032;-12428723;Fibronectin
T33;74;166;650;0.678;0.678;-10855084;Fibronectin
T33;75;164;654;1.516;1.516;-9409964;Fibronectin
T33;76;164;656;0.678;0.678;-11511217;Fibronectin
T33;77;166;660;1.516;1.516;-10843300;Fibronectin
T33;78;166;660;0.000;0.000;-10777765;Fibronectin
T33;79;164;664;1.516;1.516;-11776663;Fibronectin
T33;80;164;666;0.678;0.678;-12498341;Fibronectin
T33;81;162;662;1.516;1.516;-12302265;Fibronectin
T33;82;158;664;1.516;1.516;-13097672;Fibronectin
T33;83;158;664;0.000;0.000;-12629434;Fibronectin
T33;84;158;666;0.678;0.678;-12304036;Fibronectin
T33;85;156;668;0.959;0.959;-10189430;Fibronectin
T33;86;158;666;0.959;0.959;-12885914;Fibronectin
T33;87;162;658;3.032;3.032;-12226491;Fibronectin
T33;88;162;662;1.356;1.356;-12695728;Fibronectin
T33;89;158;662;1.356;1.356;-12624539;Fibronectin
T33;90;156;660;0.959;0.959;-10261129;Fibronectin
T33;91;156;658;0.678;0.678;-10981781;Fibronectin
T33;92;154;656;0.959;0.959;-13414825;Fibronectin
T33;93;154;650;2.034;2.034;-11580873;Fibronectin
T33;94;152;650;0.678;0.678;-11640507;Fibronectin
T33;95;144;654;3.032;3.032;-13089728;Fibronectin
T33;96;146;654;0.678;0.678;-13418952;Fibronectin
T33;97;146;652;0.678;0.678;-12422063;Fibronectin
T33;98;148;654;0.959;0.959;-11107243;Fibronectin
T33;99;148;656;0.678;0.678;-12159923;Fibronectin
T33;100;148;656;0.000;0.000;-12291509;Fibronectin
T33;101;146;656;0.678;0.678;-12956324;Fibronectin
T33;102;152;652;2.445;2.445;-13345224;Fibronectin
T33;103;150;654;0.959;0.959;-12292019;Fibronectin
T33;104;140;654;3.390;3.390;-12292019;Fibronectin
T33;105;148;654;2.712;2.712;-12033978;Fibronectin
T33;106;148;654;0.000;0.000;-12425913;Fibronectin
T33;107;148;652;0.678;0.678;-12362953;Fibronectin
T33;108;148;652;0.000;0.000;-8362385;Fibronectin
T33;109;138;658;3.953;3.953;-12754365;Fibronectin
T33;110;136;658;0.678;0.678;-12360884;Fibronectin
T33;111;138;658;0.678;0.678;-12357802;Fibronectin
T33;112;140;658;0.678;0.678;-11700409;Fibronectin
T33;113;140;658;0.000;0.000;-12370900;Fibronectin
T33;114;138;660;0.959;0.959;-10206390;Fibronectin
T33;115;136;662;0.959;0.959;-8686492;Fibronectin
T33;116;134;662;0.678;0.678;-10133430;Fibronectin
T33;117;132;664;0.959;0.959;-11445164;Fibronectin
T33;118;132;664;0.000;0.000;-11312311;Fibronectin
T33;119;122;664;3.390;3.390;-11437211;Fibronectin
T33;120;122;662;0.678;0.678;-10731442;Fibronectin
T33;121;122;664;0.678;0.678;-12626356;Fibronectin
T33;122;116;668;2.445;2.445;-12761785;Fibronectin
T33;123;108;666;2.795;2.795;-10122129;Fibronectin
T33;124;108;664;0.678;0.678;-11717550;Fibronectin
T33;125;108;662;0.678;0.678;-10067367;Fibronectin
T33;126;106;660;0.959;0.959;-10186120;Fibronectin
T33;127;108;658;0.959;0.959;-10386079;Fibronectin
T33;128;110;658;0.678;0.678;-13086135;Fibronectin
T33;129;110;656;0.678;0.678;-10659221;Fibronectin
T33;130;110;656;0.000;0.000;-10063284;Fibronectin
T33;131;110;656;0.000;0.000;-10917527;Fibronectin
T33;132;108;652;1.516;1.516;-12691118;Fibronectin
T33;133;106;650;0.959;0.959;-9152685;Fibronectin
T33;134;106;650;0.000;0.000;-7502749;Fibronectin
T33;135;106;650;0.000;0.000;-8749192;Fibronectin
T33;136;108;654;1.516;1.516;-7762548;Fibronectin
T33;137;108;656;0.678;0.678;-9412763;Fibronectin
T33;138;108;656;0.000;0.000;-9675699;Fibronectin
T33;139;108;656;0.000;0.000;-9414305;Fibronectin
T33;140;110;660;1.516;1.516;-12429498;Fibronectin
T33;141;108;658;0.959;0.959;-10460588;Fibronectin
T33;142;108;660;0.678;0.678;-7767173;Fibronectin
T33;143;76;656;10.932;10.932;-11174314;Fibronectin
T33;144;68;642;5.466;5.466;-9215123;Fibronectin
T33;145;58;640;3.457;3.457;-9671850;Fibronectin
T33;146;58;624;5.424;5.424;-9930645;Fibronectin
T33;147;60;626;0.959;0.959;-9866639;Fibronectin
T33;148;60;626;0.000;0.000;-10456209;Fibronectin
T33;149;60;622;1.356;1.356;-11507381;Fibronectin
T33;150;62;632;3.457;3.457;-11706024;Fibronectin
T33;151;68;630;2.144;2.144;-12429490;Fibronectin
T33;152;70;630;0.678;0.678;-12360112;Fibronectin
T33;153;70;632;0.678;0.678;-12096170;Fibronectin
T33;154;70;634;0.678;0.678;-11765414;Fibronectin
T33;155;72;634;0.678;0.678;-11638958;Fibronectin
T33;156;72;634;0.000;0.000;-11243698;Fibronectin
T33;157;72;638;1.356;1.356;-9608097;Fibronectin
T33;158;72;640;0.678;0.678;-12043683;Fibronectin
T33;159;66;626;5.163;5.163;-8688034;Fibronectin
T33;160;64;618;2.795;2.795;-11645364;Fibronectin
T33;161;64;620;0.678;0.678;-11123117;Fibronectin
T33;162;62;626;2.144;2.144;-11176106;Fibronectin
T33;163;62;626;0.000;0.000;-10982569;Fibronectin
T33;164;62;616;3.390;3.390;-11182250;Fibronectin
T33;165;60;620;1.516;1.516;-10656935;Fibronectin
T33;166;60;622;0.678;0.678;-8360340;Fibronectin
T33;167;56;626;1.918;1.918;-11505324;Fibronectin
T33;168;56;624;0.678;0.678;-12096942;Fibronectin
T33;169;54;618;2.144;2.144;-11766702;Fibronectin
T33;170;54;624;2.034;2.034;-12887743;Fibronectin
T33;171;56;626;0.959;0.959;-11832495;Fibronectin
T33;172;60;624;1.516;1.516;-10980277;Fibronectin
T33;173;60;624;0.000;0.000;-11046829;Fibronectin
T33;174;60;624;0.000;0.000;-9215651;Fibronectin
T33;175;56;620;1.918;1.918;-11183533;Fibronectin
T33;176;54;620;0.678;0.678;-11640509;Fibronectin
T33;177;54;620;0.000;0.000;-11967924;Fibronectin
T33;178;54;620;0.000;0.000;-10717356;Fibronectin
T33;179;54;620;0.000;0.000;-9212563;Fibronectin
T33;180;52;620;0.678;0.678;-10721948;Fibronectin
T33;181;46;622;2.144;2.144;-9212060;Fibronectin
T33;182;44;622;0.678;0.678;-12695738;Fibronectin
T34;2;778;1198;1.356;1.356;-8362355;Fibronectin
T34;3;778;1198;0.000;0.000;-9086616;Fibronectin
T34;4;778;1198;0.000;0.000;-10786468;Fibronectin
T34;5;778;1202;1.356;1.356;-11105427;Fibronectin
T34;6;772;1208;2.877;2.877;-11775143;Fibronectin
T34;7;770;1216;2.795;2.795;-7898785;Fibronectin
T34;8;772;1218;0.959;0.959;-11252663;Fibronectin
T34;9;774;1220;0.959;0.959;-9942705;Fibronectin
T34;10;774;1220;0.000;0.000;-7177106;Fibronectin
T34;11;774;1220;0.000;0.000;-9085360;Fibronectin
T34;12;774;1220;0.000;0.000;-8952990;Fibronectin
T34;13;774;1218;0.678;0.678;-7639687;Fibronectin
T34;14;774;1218;0.000;0.000;-11125150;Fibronectin
T34;15;772;1214;1.516;1.516;-10390166;Fibronectin
T34;16;772;1214;0.000;0.000;-9071483;Fibronectin
T34;17;772;1216;0.678;0.678;-11503257;Fibronectin
T34;18;772;1216;0.000;0.000;-9930130;Fibronectin
T34;19;770;1222;2.144;2.144;-10670260;Fibronectin
T34;20;770;1222;0.000;0.000;-8554382;Fibronectin
T34;21;770;1222;0.000;0.000;-8753817;Fibronectin
T34;22;772;1222;0.678;0.678;-8949138;Fibronectin
T34;23;772;1220;0.678;0.678;-9548959;Fibronectin
T34;24;776;1220;1.356;1.356;-7832717;Fibronectin
T34;25;776;1220;0.000;0.000;-11647921;Fibronectin
T34;26;778;1220;0.678;0.678;-11250345;Fibronectin
T34;27;780;1216;1.516;1.516;-7771032;Fibronectin
T34;28;780;1212;1.356;1.356;-11371671;Fibronectin
T34;29;780;1212;0.000;0.000;-8561579;Fibronectin
T34;30;776;1216;1.918;1.918;-10719899;Fibronectin
T34;31;776;1214;0.678;0.678;-9730191;Fibronectin
T34;32;776;1204;3.390;3.390;-9469834;Fibronectin
T34;33;776;1190;4.746;4.746;-10199204;Fibronectin
T34;34;776;1186;1.356;1.356;-7640198;Fibronectin
T34;35;776;1184;0.678;0.678;-10337176;Fibronectin
T34;36;774;1184;0.678;0.678;-9275800;Fibronectin
T34;37;768;1182;2.144;2.144;-10004623;Fibronectin
T34;38;768;1182;0.000;0.000;-10335384;Fibronectin
T34;39;768;1182;0.000;0.000;-11519409;Fibronectin
T34;40;772;1180;1.516;1.516;-9805729;Fibronectin
T34;41;774;1176;1.516;1.516;-8625038;Fibronectin
T34;42;774;1174;0.678;0.678;-9805216;Fibronectin
T34;43;774;1174;0.000;0.000;-9679785;Fibronectin
T34;44;772;1170;1.516;1.516;-7703174;Fibronectin
T34;45;770;1170;0.678;0.678;-7371648;Fibronectin
T34;46;760;1172;3.457;3.457;-12499631;Fibronectin
T34;47;758;1168;1.516;1.516;-10325393;Fibronectin
T34;48;754;1162;2.445;2.445;-8952226;Fibronectin
T34;49;754;1160;0.678;0.678;-7768221;Fibronectin
T34;50;752;1160;0.678;0.678;-7309946;Fibronectin
T34;51;750;1158;0.959;0.959;-8093819;Fibronectin
T34;52;750;1158;0.000;0.000;-10853017;Fibronectin
T34;53;750;1158;0.000;0.000;-9868163;Fibronectin
T34;54;748;1162;1.516;1.516;-6972770;Fibronectin
T34;55;746;1162;0.678;0.678;-7698819;Fibronectin
T34;56;744;1160;0.959;0.959;-8558707;Fibronectin
T34;57;744;1160;0.000;0.000;-9743751;Fibronectin
T34;58;744;1160;0.000;0.000;-10138259;Fibronectin
T34;59;744;1162;0.678;0.678;-9346957;Fibronectin
T34;60;744;1162;0.000;0.000;-10662040;Fibronectin
T34;61;754;1160;3.457;3.457;-7567236;Fibronectin
T34;62;754;1156;1.356;1.356;-8753283;Fibronectin
T34;63;754;1156;0.000;0.000;-10662553;Fibronectin
T34;64;756;1156;0.678;0.678;-8684920;Fibronectin
T34;65;756;1158;0.678;0.678;-8161146;Fibronectin
T34;66;756;1158;0.000;0.000;-10070406;Fibronectin
T34;67;756;1158;0.000;0.000;-10005401;Fibronectin
T34;68;750;1158;2.034;2.034;-9609611;Fibronectin
T34;69;748;1158;0.678;0.678;-10530967;Fibronectin
T34;70;748;1158;0.000;0.000;-12163236;Fibronectin
T34;71;748;1160;0.678;0.678;-10455950;Fibronectin
T34;72;746;1164;1.516;1.516;-10662291;Fibronectin
T34;73;746;1166;0.678;0.678;-8357771;Fibronectin
T34;74;746;1166;0.000;0.000;-10002845;Fibronectin
T34;75;754;1166;2.712;2.712;-8289676;Fibronectin
T34;76;750;1166;1.356;1.356;-9412499;Fibronectin
T34;77;750;1166;0.000;0.000;-9279635;Fibronectin
T34;78;750;1166;0.000;0.000;-9218203;Fibronectin
T34;79;750;1164;0.678;0.678;-10398616;Fibronectin
T34;80;748;1164;0.678;0.678;-8421780;Fibronectin
T34;81;746;1164;0.678;0.678;-8095871;Fibronectin
T34;82;744;1166;0.959;0.959;-8158860;Fibronectin
T34;83;744;1166;0.000;0.000;-6973054;Fibronectin
T34;84;744;1164;0.678;0.678;-7305093;Fibronectin
T34;85;742;1162;0.959;0.959;-9277851;Fibronectin
T34;86;740;1158;1.516;1.516;-9739408;Fibronectin
T34;87;740;1158;0.000;0.000;-10338207;Fibronectin
T34;88;740;1158;0.000;0.000;-10399909;Fibronectin
T34;89;744;1158;1.356;1.356;-7564413;Fibronectin
T34;90;744;1158;0.000;0.000;-10330029;Fibronectin
T34;91;750;1154;2.445;2.445;-9145992;Fibronectin
T34;92;742;1130;8.576;8.576;-11704498;Fibronectin
T34;93;740;1138;2.795;2.795;-9604241;Fibronectin
T34;94;738;1138;0.678;0.678;-9475735;Fibronectin
T34;95;736;1136;0.959;0.959;-10265742;Fibronectin
T34;96;738;1136;0.678;0.678;-9077392;Fibronectin
T34;97;746;1142;3.390;3.390;-11639974;Fibronectin
T34;98;752;1126;5.793;5.793;-12039858;Fibronectin
T34;99;752;1124;0.678;0.678;-7703434;Fibronectin
T34;100;752;1122;0.678;0.678;-11842489;Fibronectin
T34;101;752;1120;0.678;0.678;-11186090;Fibronectin
T34;102;748;1120;1.356;1.356;-11117740;Fibronectin
T34;103;748;1118;0.678;0.678;-11112345;Fibronectin
T34;104;746;1118;0.678;0.678;-10059159;Fibronectin
T34;105;742;1118;1.356;1.356;-9997727;Fibronectin
T34;106;742;1118;0.000;0.000;-8356749;Fibronectin
T34;107;742;1118;0.000;0.000;-10322080;Fibronectin
T34;108;742;1118;0.000;0.000;-8486538;Fibronectin
T34;109;744;1122;1.516;1.516;-8885908;Fibronectin
T34;110;744;1124;0.678;0.678;-7965604;Fibronectin
T34;111;744;1122;0.678;0.678;-9149340;Fibronectin
T34;112;744;1122;0.000;0.000;-9476765;Fibronectin
T34;113;744;1122;0.000;0.000;-9214344;Fibronectin
T34;114;744;1120;0.678;0.678;-11571617;Fibronectin
T34;115;740;1118;1.516;1.516;-10858407;Fibronectin
T34;116;740;1118;0.000;0.000;-11449515;Fibronectin
T34;117;740;1118;0.000;0.000;-12567477;Fibronectin
T34;118;744;1118;1.356;1.356;-11376548;Fibronectin
T34;119;746;1120;0.959;0.959;-9077643;Fibronectin
T34;120;748;1122;0.959;0.959;-10855595;Fibronectin
T34;121;748;1120;0.678;0.678;-11178910;Fibronectin
T34;122;748;1120;0.000;0.000;-12427176;Fibronectin
T34;123;748;1120;0.000;0.000;-12300473;Fibronectin
T34;124;748;1120;0.000;0.000;-11641001;Fibronectin
T34;125;748;1120;0.000;0.000;-11837602;Fibronectin
T34;126;748;1120;0.000;0.000;-12558251;Fibronectin
T34;127;748;1120;0.000;0.000;-12294303;Fibronectin
T34;128;748;1120;0.000;0.000;-13083570;Fibronectin
T34;129;748;1120;0.000;0.000;-12229799;Fibronectin
T34;130;748;1120;0.000;0.000;-12689839;Fibronectin
T34;131;748;1120;0.000;0.000;-11312295;Fibronectin
T34;132;746;1122;0.959;0.959;-12369845;Fibronectin
T34;133;746;1122;0.000;0.000;-9868448;Fibronectin
T34;134;754;1124;2.795;2.795;-10453139;Fibronectin
T34;135;754;1124;0.000;0.000;-11965606;Fibronectin
T34;136;756;1124;0.678;0.678;-13019313;Fibronectin
T34;137;756;1126;0.678;0.678;-11641510;Fibronectin
T34;138;756;1126;0.000;0.000;-10792349;Fibronectin
T34;139;756;1126;0.000;0.000;-10264736;Fibronectin
T34;140;756;1126;0.000;0.000;-12629434;Fibronectin
T34;141;756;1126;0.000;0.000;-12494770;Fibronectin
T34;142;758;1126;0.678;0.678;-9601943;Fibronectin
T34;143;758;1128;0.678;0.678;-10720424;Fibronectin
T34;144;760;1128;0.678;0.678;-11711931;Fibronectin
T34;145;760;1128;0.000;0.000;-12829395;Fibronectin
T34;146;764;1128;1.356;1.356;-11312044;Fibronectin
T34;147;766;1128;0.678;0.678;-9144976;Fibronectin
T34;148;766;1122;2.034;2.034;-12164772;Fibronectin
T34;149;766;1122;0.000;0.000;-11256222;Fibronectin
T34;150;766;1124;0.678;0.678;-11452585;Fibronectin
T34;151;772;1126;2.144;2.144;-9668500;Fibronectin
T34;152;774;1126;0.678;0.678;-11112096;Fibronectin
T34;153;776;1126;0.678;0.678;-10590102;Fibronectin
T34;154;786;1130;3.651;3.651;-9280412;Fibronectin
T34;155;794;1130;2.712;2.712;-12304306;Fibronectin
T34;156;798;1130;1.356;1.356;-10783899;Fibronectin
T34;157;800;1130;0.678;0.678;-13813708;Fibronectin
T34;158;800;1130;0.000;0.000;-11905705;Fibronectin
T34;159;798;1128;0.959;0.959;-13742014;Fibronectin
T34;160;798;1126;0.678;0.678;-14141897;Fibronectin
T34;161;798;1126;0.000;0.000;-12302781;Fibronectin
T34;162;798;1126;0.000;0.000;-13150127;Fibronectin
T34;163;798;1126;0.000;0.000;-11505557;Fibronectin
T34;164;798;1126;0.000;0.000;-12166829;Fibronectin
T34;165;798;1126;0.000;0.000;-12164774;Fibronectin
T34;166;798;1126;0.000;0.000;-13615551;Fibronectin
T34;167;798;1126;0.000;0.000;-12622504;Fibronectin
T34;168;798;1126;0.000;0.000;-10790304;Fibronectin
T34;169;798;1126;0.000;0.000;-12957111;Fibronectin
T34;170;798;1126;0.000;0.000;-11448994;Fibronectin
T34;171;798;1126;0.000;0.000;-11974049;Fibronectin
T34;172;798;1124;0.678;0.678;-10850717;Fibronectin
T34;173;798;1124;0.000;0.000;-11702944;Fibronectin
T34;174;798;1122;0.678;0.678;-11377051;Fibronectin
T34;175;808;1130;4.341;4.341;-9085590;Fibronectin
T34;176;808;1130;0.000;0.000;-10929591;Fibronectin
T34;177;808;1132;0.678;0.678;-12626102;Fibronectin
T34;178;810;1132;0.678;0.678;-11242653;Fibronectin
T34;179;812;1132;0.678;0.678;-13217975;Fibronectin
T34;180;812;1132;0.000;0.000;-13477813;Fibronectin
T34;181;812;1132;0.000;0.000;-11836586;Fibronectin
T34;182;810;1132;0.678;0.678;-12689827;Fibronectin
T35;2;1476;1320;2.445;2.445;-8947346;Fibronectin
T35;3;1476;1320;0.000;0.000;-8030607;Fibronectin
T35;4;1480;1330;3.651;3.651;-10325652;Fibronectin
T35;5;1480;1342;4.068;4.068;-9544121;Fibronectin
T35;6;1482;1350;2.795;2.795;-9740963;Fibronectin
T35;7;1478;1362;4.288;4.288;-11178908;Fibronectin
T35;8;1474;1366;1.918;1.918;-9993353;Fibronectin
T35;9;1478;1372;2.445;2.445;-9143696;Fibronectin
T35;10;1478;1374;0.678;0.678;-6845848;Fibronectin
T35;11;1482;1384;3.651;3.651;-8358032;Fibronectin
T35;12;1488;1396;4.548;4.548;-8679026;Fibronectin
T35;13;1488;1396;0.000;0.000;-8290697;Fibronectin
T35;14;1488;1402;2.034;2.034;-9874315;Fibronectin
T35;15;1488;1404;0.678;0.678;-6983550;Fibronectin
T35;16;1484;1416;4.288;4.288;-8548738;Fibronectin
T35;17;1484;1418;0.678;0.678;-7761029;Fibronectin
T35;18;1484;1424;2.034;2.034;-12505008;Fibronectin
T35;19;1498;1434;5.832;5.832;-7182469;Fibronectin
T35;20;1512;1444;5.832;5.832;-9678245;Fibronectin
T35;21;1518;1450;2.877;2.877;-9212813;Fibronectin
T35;22;1522;1452;1.516;1.516;-8417146;Fibronectin
T35;23;1526;1448;1.918;1.918;-11769248;Fibronectin
T35;24;1532;1452;2.445;2.445;-9077390;Fibronectin
T35;25;1536;1454;1.516;1.516;-9996952;Fibronectin
T35;26;1538;1454;0.678;0.678;-9286052;Fibronectin
T35;27;1542;1450;1.918;1.918;-9937816;Fibronectin
T35;28;1552;1452;3.457;3.457;-9801880;Fibronectin
T35;29;1552;1458;2.034;2.034;-8352638;Fibronectin
T35;30;1550;1462;1.516;1.516;-11242142;Fibronectin
T35;31;1542;1464;2.795;2.795;-9865869;Fibronectin
T35;32;1542;1466;0.678;0.678;-10456474;Fibronectin
T35;33;1544;1464;0.959;0.959;-10592161;Fibronectin
T35;34;1544;1464;0.000;0.000;-9147790;Fibronectin
T35;35;1546;1466;0.959;0.959;-10002328;Fibronectin
T35;36;1550;1466;1.356;1.356;-11573668;Fibronectin
T35;37;1554;1464;1.516;1.516;-9277327;Fibronectin
T35;38;1554;1464;0.000;0.000;-11382699;Fibronectin
T35;39;1556;1456;2.795;2.795;-11113630;Fibronectin
T35;40;1556;1456;0.000;0.000;-11389363;Fibronectin
T35;41;1562;1448;3.390;3.390;-8685455;Fibronectin
T35;42;1562;1446;0.678;0.678;-8225166;Fibronectin
T35;43;1564;1446;0.678;0.678;-10654104;Fibronectin
T35;44;1568;1438;3.032;3.032;-12105133;Fibronectin
T35;45;1574;1418;7.079;7.079;-8158323;Fibronectin
T35;46;1582;1420;2.795;2.795;-8164236;Fibronectin
T35;47;1582;1418;0.678;0.678;-9677467;Fibronectin
T35;48;1582;1412;2.034;2.034;-9802127;Fibronectin
T35;49;1582;1410;0.678;0.678;-8555652;Fibronectin
T35;50;1584;1396;4.794;4.794;-10852766;Fibronectin
T35;51;1586;1400;1.516;1.516;-10060437;Fibronectin
T35;52;1586;1400;0.000;0.000;-11382180;Fibronectin
T35;53;1584;1396;1.516;1.516;-10786973;Fibronectin
T35;54;1582;1388;2.795;2.795;-9931662;Fibronectin
T35;55;1588;1382;2.877;2.877;-9667724;Fibronectin
T35;56;1588;1380;0.678;0.678;-12818862;Fibronectin
T35;57;1588;1380;0.000;0.000;-9672860;Fibronectin
T35;58;1588;1380;0.000;0.000;-13096106;Fibronectin
T35;59;1616;1360;11.665;11.665;-10922131;Fibronectin
T35;60;1622;1362;2.144;2.144;-11438492;Fibronectin
T35;61;1622;1360;0.678;0.678;-10789801;Fibronectin
T35;62;1622;1360;0.000;0.000;-10263466;Fibronectin
T35;63;1632;1350;4.794;4.794;-9997457;Fibronectin
T35;64;1632;1350;0.000;0.000;-10459019;Fibronectin
T35;65;1632;1350;0.000;0.000;-10000285;Fibronectin
T35;66;1632;1350;0.000;0.000;-7040104;Fibronectin
T35;67;1628;1352;1.516;1.516;-8949654;Fibronectin
T35;68;1628;1346;2.034;2.034;-10851744;Fibronectin
T35;69;1632;1350;1.918;1.918;-11245476;Fibronectin
T35;70;1630;1350;0.678;0.678;-10721691;Fibronectin
T35;71;1622;1348;2.795;2.795;-9146239;Fibronectin
T35;72;1632;1350;3.457;3.457;-12299444;Fibronectin
T35;73;1632;1348;0.678;0.678;-10653855;Fibronectin
T35;74;1632;1348;0.000;0.000;-12035241;Fibronectin
T35;75;1634;1350;0.959;0.959;-7899511;Fibronectin
T35;76;1634;1348;0.678;0.678;-11710126;Fibronectin
T35;77;1652;1334;7.730;7.730;-11636389;Fibronectin
T35;78;1652;1336;0.678;0.678;-9799573;Fibronectin
T35;79;1658;1336;2.034;2.034;-9013393;Fibronectin
T35;80;1666;1338;2.795;2.795;-14930125;Fibronectin
T35;81;1670;1342;1.918;1.918;-9665679;Fibronectin
T35;82;1670;1342;0.000;0.000;-9276050;Fibronectin
T35;83;1684;1338;4.936;4.936;-12626879;Fibronectin
T35;84;1684;1350;4.068;4.068;-8289919;Fibronectin
T35;85;1682;1348;0.959;0.959;-11907495;Fibronectin
T35;86;1680;1346;0.959;0.959;-10464422;Fibronectin
T35;87;1678;1340;2.144;2.144;-10859177;Fibronectin
T35;88;1672;1340;2.034;2.034;-10257573;Fibronectin
T35;89;1672;1338;0.678;0.678;-9863561;Fibronectin
T35;90;1672;1340;0.678;0.678;-9469062;Fibronectin
T35;91;1674;1344;1.516;1.516;-9475471;Fibronectin
T35;92;1674;1344;0.000;0.000;-9735322;Fibronectin
T35;93;1674;1344;0.000;0.000;-11577778;Fibronectin
T35;94;1674;1344;0.000;0.000;-8420476;Fibronectin
T35;95;1674;1342;0.678;0.678;-10130832;Fibronectin
T35;96;1674;1332;3.390;3.390;-6713995;Fibronectin
T35;97;1674;1330;0.678;0.678;-11054001;Fibronectin
T35;98;1676;1330;0.678;0.678;-7565185;Fibronectin
T35;99;1676;1328;0.678;0.678;-10326422;Fibronectin
T35;100;1676;1326;0.678;0.678;-9799308;Fibronectin
T35;101;1676;1326;0.000;0.000;-9472152;Fibronectin
T35;102;1680;1328;1.516;1.516;-9277843;Fibronectin
T35;103;1680;1328;0.000;0.000;-7040628;Fibronectin
T35;104;1680;1330;0.678;0.678;-9537176;Fibronectin
T35;105;1682;1334;1.516;1.516;-10784924;Fibronectin
T35;106;1684;1334;0.678;0.678;-12822452;Fibronectin
T35;107;1684;1340;2.034;2.034;-10850215;Fibronectin
T35;108;1684;1344;1.356;1.356;-10656675;Fibronectin
T35;109;1684;1346;0.678;0.678;-12043692;Fibronectin
T35;110;1682;1348;0.959;0.959;-7828080;Fibronectin
T35;111;1682;1348;0.000;0.000;-13219515;Fibronectin
T35;112;1684;1342;2.144;2.144;-10779558;Fibronectin
T35;113;1680;1344;1.516;1.516;-12634816;Fibronectin
T35;114;1664;1342;5.466;5.466;-10589351;Fibronectin
T35;115;1660;1340;1.516;1.516;-12168624;Fibronectin
T35;116;1656;1342;1.516;1.516;-9348777;Fibronectin
T35;117;1658;1350;2.795;2.795;-11969715;Fibronectin
T35;118;1668;1360;4.794;4.794;-11651748;Fibronectin
T35;119;1674;1364;2.445;2.445;-11507859;Fibronectin
T35;120;1674;1370;2.034;2.034;-10326931;Fibronectin
T35;121;1674;1370;0.000;0.000;-11320985;Fibronectin
T35;122;1680;1370;2.034;2.034;-9343387;Fibronectin
T35;123;1682;1374;1.516;1.516;-9743517;Fibronectin
T35;124;1682;1376;0.678;0.678;-13815753;Fibronectin
T35;125;1692;1380;3.651;3.651;-11716513;Fibronectin
T35;126;1702;1392;5.295;5.295;-11243682;Fibronectin
T35;127;1706;1396;1.918;1.918;-10784158;Fibronectin
T35;128;1692;1398;4.794;4.794;-9925506;Fibronectin
T35;129;1692;1398;0.000;0.000;-10914982;Fibronectin
T35;130;1690;1398;0.678;0.678;-10796197;Fibronectin
T35;131;1696;1396;2.144;2.144;-10726077;Fibronectin
T35;132;1704;1404;3.835;3.835;-9739677;Fibronectin
T35;133;1704;1408;1.356;1.356;-8815268;Fibronectin
T35;134;1704;1408;0.000;0.000;-6908025;Fibronectin
T35;135;1712;1414;3.390;3.390;-11717540;Fibronectin
T35;136;1714;1416;0.959;0.959;-7569260;Fibronectin
T35;137;1716;1416;0.678;0.678;-12759718;Fibronectin
T35;138;1722;1422;2.877;2.877;-11176361;Fibronectin
T35;139;1722;1430;2.712;2.712;-10459548;Fibronectin
T35;140;1720;1428;0.959;0.959;-11045776;Fibronectin
T35;141;1714;1424;2.445;2.445;-9746042;Fibronectin
T35;142;1712;1420;1.516;1.516;-8948092;Fibronectin
T35;143;1712;1420;0.000;0.000;-10199178;Fibronectin
T35;144;1712;1426;2.034;2.034;-9545638;Fibronectin
T35;145;1720;1416;4.341;4.341;-8811386;Fibronectin
T35;146;1718;1412;1.516;1.516;-11443874;Fibronectin
T35;147;1714;1420;3.032;3.032;-10062745;Fibronectin
T35;148;1714;1420;0.000;0.000;-9799557;Fibronectin
T35;149;1714;1418;0.678;0.678;-10523049;Fibronectin
T35;150;1714;1416;0.678;0.678;-12165801;Fibronectin
T35;151;1714;1416;0.000;0.000;-12106673;Fibronectin
T35;152;1714;1422;2.034;2.034;-11578789;Fibronectin
T35;153;1712;1424;0.959;0.959;-11125655;Fibronectin
T35;154;1712;1428;1.356;1.356;-9463447;Fibronectin
T35;155;1714;1432;1.516;1.516;-9675673;Fibronectin
T35;156;1714;1432;0.000;0.000;-9798544;Fibronectin
T35;157;1710;1432;1.356;1.356;-12306867;Fibronectin
T35;158;1710;1432;0.000;0.000;-13879244;Fibronectin
T35;159;1710;1434;0.678;0.678;-11782579;Fibronectin
T35;160;1704;1444;3.953;3.953;-8618142;Fibronectin
T35;161;1694;1454;4.794;4.794;-7969167;Fibronectin
T35;162;1694;1464;3.390;3.390;-7631497;Fibronectin
T35;163;1684;1472;4.341;4.341;-8558743;Fibronectin
T35;164;1676;1474;2.795;2.795;-12234415;Fibronectin
T35;165;1670;1474;2.034;2.034;-9480578;Fibronectin
T35;166;1662;1476;2.795;2.795;-7895687;Fibronectin
T35;167;1646;1482;5.793;5.793;-7631740;Fibronectin
T35;168;1642;1494;4.288;4.288;-11447231;Fibronectin
T35;169;1646;1504;3.651;3.651;-9802919;Fibronectin
T35;170;1648;1512;2.795;2.795;-7898233;Fibronectin
T35;171;1612;1516;12.279;12.279;-11704221;Fibronectin
T35;172;1606;1510;2.877;2.877;-9801367;Fibronectin
T35;173;1604;1514;1.516;1.516;-12097200;Fibronectin
T35;174;1592;1508;4.548;4.548;-11245723;Fibronectin
T35;175;1592;1510;0.678;0.678;-11442591;Fibronectin
T35;176;1590;1504;2.144;2.144;-10990001;Fibronectin
T35;177;1572;1494;6.980;6.980;-8489107;Fibronectin
T35;178;1570;1490;1.516;1.516;-9601416;Fibronectin
T35;179;1538;1492;10.869;10.869;-10000276;Fibronectin
T35;180;1508;1482;10.720;10.720;-10595233;Fibronectin
T35;181;1506;1472;3.457;3.457;-11776686;Fibronectin
T35;182;1506;1470;0.678;0.678;-12956592;Fibronectin
T36;2;942;1780;0.678;0.678;-12110263;Fibronectin
T36;3;944;1786;2.144;2.144;-12703430;Fibronectin
T36;4;944;1786;0.000;0.000;-12570300;Fibronectin
T36;5;946;1788;0.959;0.959;-7041392;Fibronectin
T36;6;950;1794;2.445;2.445;-11380899;Fibronectin
T36;7;954;1800;2.445;2.445;-12691381;Fibronectin
T36;8;958;1818;6.251;6.251;-11044524;Fibronectin
T36;9;960;1828;3.457;3.457;-11114408;Fibronectin
T36;10;962;1836;2.795;2.795;-10457236;Fibronectin
T36;11;958;1844;3.032;3.032;-11966905;Fibronectin
T36;12;954;1838;2.445;2.445;-11774626;Fibronectin
T36;13;952;1836;0.959;0.959;-7436918;Fibronectin
T36;14;934;1860;10.170;10.170;-10141114;Fibronectin
T36;15;932;1870;3.457;3.457;-12371895;Fibronectin
T36;16;954;1872;7.489;7.489;-10261666;Fibronectin
T36;17;960;1880;3.390;3.390;-9671823;Fibronectin
T36;18;974;1884;4.936;4.936;-12300469;Fibronectin
T36;19;974;1878;2.034;2.034;-10459296;Fibronectin
T36;20;982;1880;2.795;2.795;-11174306;Fibronectin
T36;21;1002;1884;6.914;6.914;-11906996;Fibronectin
T36;22;1002;1884;0.000;0.000;-12825776;Fibronectin
T36;23;1002;1886;0.678;0.678;-10533287;Fibronectin
T36;24;1006;1892;2.445;2.445;-12176057;Fibronectin
T36;25;1008;1892;0.678;0.678;-13228479;Fibronectin
T36;26;1008;1892;0.000;0.000;-6781844;Fibronectin
T36;27;1014;1894;2.144;2.144;-11642278;Fibronectin
T36;28;1014;1894;0.000;0.000;-12433320;Fibronectin
T36;29;1014;1894;0.000;0.000;-12962503;Fibronectin
T36;30;1014;1894;0.000;0.000;-11244185;Fibronectin
T36;31;1014;1894;0.000;0.000;-11046044;Fibronectin
T36;32;1014;1894;0.000;0.000;-11505573;Fibronectin
T36;33;1014;1894;0.000;0.000;-12099244;Fibronectin
T36;34;1014;1898;1.356;1.356;-11311771;Fibronectin
T36;35;1016;1894;1.516;1.516;-11507357;Fibronectin
T36;36;1020;1892;1.516;1.516;-8882054;Fibronectin
T36;37;1020;1892;0.000;0.000;-9339273;Fibronectin
T36;38;1020;1890;0.678;0.678;-10127487;Fibronectin
T36;39;1020;1890;0.000;0.000;-10259069;Fibronectin
T36;40;1020;1890;0.000;0.000;-10784401;Fibronectin
T36;41;1020;1890;0.000;0.000;-11769500;Fibronectin
T36;42;1022;1890;0.678;0.678;-11837349;Fibronectin
T36;43;1022;1888;0.678;0.678;-13806262;Fibronectin
T36;44;1022;1888;0.000;0.000;-11972535;Fibronectin
T36;45;1022;1888;0.000;0.000;-12109245;Fibronectin
T36;46;1022;1888;0.000;0.000;-9811109;Fibronectin
T36;47;1024;1890;0.959;0.959;-10918058;Fibronectin
T36;48;1024;1892;0.678;0.678;-12109763;Fibronectin
T36;49;1026;1892;0.678;0.678;-12569026;Fibronectin
T36;50;1028;1892;0.678;0.678;-14726065;Fibronectin
T36;51;1030;1896;1.516;1.516;-10387325;Fibronectin
T36;52;1030;1896;0.000;0.000;-10256512;Fibronectin
T36;53;1030;1896;0.000;0.000;-11832972;Fibronectin
T36;54;1030;1896;0.000;0.000;-14136756;Fibronectin
T36;55;1030;1896;0.000;0.000;-12440773;Fibronectin
T36;56;1030;1900;1.356;1.356;-12371644;Fibronectin
T36;57;1030;1900;0.000;0.000;-11454135;Fibronectin
T36;58;1026;1904;1.918;1.918;-10928571;Fibronectin
T36;59;1024;1908;1.516;1.516;-12630190;Fibronectin
T36;60;1024;1908;0.000;0.000;-13355718;Fibronectin
T36;61;1024;1910;0.678;0.678;-13156542;Fibronectin
T36;62;1024;1910;0.000;0.000;-10124162;Fibronectin
T36;63;1024;1910;0.000;0.000;-10583952;Fibronectin
T36;64;1026;1912;0.959;0.959;-13684667;Fibronectin
T36;65;1026;1912;0.000;0.000;-11045264;Fibronectin
T36;66;1032;1910;2.144;2.144;-12044481;Fibronectin
T37;2;358;632;2.144;2.144;-9214345;Fibronectin
T37;3;358;630;0.678;0.678;-11313327;Fibronectin
T37;4;358;630;0.000;0.000;-10260398;Fibronectin
T37;5;358;630;0.000;0.000;-10519450;Fibronectin
T37;6;360;626;1.516;1.516;-10124698;Fibronectin
T37;7;360;626;0.000;0.000;-8817303;Fibronectin
T37;8;358;622;1.516;1.516;-13027508;Fibronectin
T37;9;348;622;3.390;3.390;-12491447;Fibronectin
T37;10;310;632;13.321;13.321;-11454138;Fibronectin
T37;11;326;636;5.591;5.591;-10451620;Fibronectin
T37;12;326;638;0.678;0.678;-6711914;Fibronectin
T37;13;328;640;0.959;0.959;-6316658;Fibronectin
T37;14;334;644;2.445;2.445;-10973079;Fibronectin
T37;15;330;644;1.356;1.356;-7499140;Fibronectin
T37;16;326;648;1.918;1.918;-10132111;Fibronectin
T37;17;328;650;0.959;0.959;-10192526;Fibronectin
T37;18;332;658;3.032;3.032;-4672357;Fibronectin
T37;19;332;660;0.678;0.678;-10462377;Fibronectin
T37;20;332;660;0.000;0.000;-13282485;Fibronectin
T37;21;336;658;1.516;1.516;-8811913;Fibronectin
T37;22;332;652;2.445;2.445;-7041633;Fibronectin
T37;23;332;656;1.356;1.356;-12496295;Fibronectin
T37;24;330;656;0.678;0.678;-13024436;Fibronectin
T37;25;330;646;3.390;3.390;-11052435;Fibronectin
T37;26;330;646;0.000;0.000;-9547421;Fibronectin
T37;27;330;650;1.356;1.356;-10391964;Fibronectin
T37;28;324;642;3.390;3.390;-9472425;Fibronectin
T37;29;324;642;0.000;0.000;-10788523;Fibronectin
T37;30;324;642;0.000;0.000;-10520226;Fibronectin
T37;31;324;638;1.356;1.356;-6185321;Fibronectin
T37;32;326;632;2.144;2.144;-7702637;Fibronectin
T37;33;326;636;1.356;1.356;-10528144;Fibronectin
T37;34;328;636;0.678;0.678;-10464136;Fibronectin
T37;35;334;642;2.877;2.877;-7634331;Fibronectin
T37;36;334;642;0.000;0.000;-6909054;Fibronectin
T37;37;336;638;1.516;1.516;-7503250;Fibronectin
T37;38;336;642;1.356;1.356;-10520224;Fibronectin
T37;39;336;640;0.678;0.678;-10000549;Fibronectin
T37;40;334;638;0.959;0.959;-9015988;Fibronectin
T37;41;334;638;0.000;0.000;-9080488;Fibronectin
T37;42;340;636;2.144;2.144;-8874631;Fibronectin
T37;43;340;634;0.678;0.678;-9469843;Fibronectin
T37;44;340;634;0.000;0.000;-9208980;Fibronectin
T37;45;338;628;2.144;2.144;-10128522;Fibronectin
T37;46;338;626;0.678;0.678;-9928608;Fibronectin
T37;47;338;626;0.000;0.000;-11042718;Fibronectin
T37;48;334;620;2.445;2.445;-11126192;Fibronectin
T37;49;312;680;21.664;21.664;-8418962;Fibronectin
T37;50;312;698;6.102;6.102;-11249076;Fibronectin
T37;51;310;692;2.144;2.144;-9872049;Fibronectin
T37;52;300;700;4.341;4.341;-10060938;Fibronectin
T37;53;288;724;9.096;9.096;-9865628;Fibronectin
T37;54;288;726;0.678;0.678;-9997716;Fibronectin
T37;55;284;726;1.356;1.356;-8889230;Fibronectin
T37;56;262;736;8.192;8.192;-7565446;Fibronectin
T37;57;254;738;2.795;2.795;-10329263;Fibronectin
T37;58;238;736;5.466;5.466;-7900549;Fibronectin
T37;59;224;754;7.730;7.730;-8092317;Fibronectin
T37;60;220;754;1.356;1.356;-8814733;Fibronectin
T37;61;214;754;2.034;2.034;-9408159;Fibronectin
T37;62;180;772;13.042;13.042;-7504531;Fibronectin
T37;63;164;786;7.207;7.207;-11706294;Fibronectin
T37;64;168;782;1.918;1.918;-10131361;Fibronectin
T37;65;172;788;2.445;2.445;-9209759;Fibronectin
T37;66;172;780;2.712;2.712;-8356249;Fibronectin
T37;67;174;776;1.516;1.516;-10127760;Fibronectin
T37;68;176;768;2.795;2.795;-10260635;Fibronectin
T37;69;182;770;2.144;2.144;-8093069;Fibronectin
T37;70;178;774;1.918;1.918;-8289429;Fibronectin
T37;71;174;778;1.918;1.918;-8352139;Fibronectin
T37;72;172;774;1.516;1.516;-9079176;Fibronectin
T37;73;172;772;0.678;0.678;-8682894;Fibronectin
T37;74;170;768;1.516;1.516;-8486287;Fibronectin
T37;75;172;776;2.795;2.795;-7304063;Fibronectin
T37;76;172;776;0.000;0.000;-7305336;Fibronectin
T37;77;170;768;2.795;2.795;-9471899;Fibronectin
T37;78;170;764;1.356;1.356;-8159640;Fibronectin
T37;79;170;768;1.356;1.356;-9871295;Fibronectin
T37;80;172;770;0.959;0.959;-6649479;Fibronectin
T37;81;172;768;0.678;0.678;-9081253;Fibronectin
T37;82;172;768;0.000;0.000;-7763567;Fibronectin
T37;83;164;770;2.795;2.795;-8557450;Fibronectin
T37;84;176;772;4.124;4.124;-13159864;Fibronectin
T37;85;180;772;1.356;1.356;-11576748;Fibronectin
T37;86;196;772;5.424;5.424;-13352646;Fibronectin
T37;87;190;772;2.034;2.034;-12239306;Fibronectin
T37;88;190;766;2.034;2.034;-12109739;Fibronectin
T37;89;200;762;3.651;3.651;-11968432;Fibronectin
T37;90;198;768;2.144;2.144;-12432837;Fibronectin
T37;91;198;762;2.034;2.034;-11965605;Fibronectin
T37;92;200;756;2.144;2.144;-10529211;Fibronectin
T37;93;200;756;0.000;0.000;-10922399;Fibronectin
T37;94;200;760;1.356;1.356;-14992844;Fibronectin
T37;95;198;760;0.678;0.678;-10259359;Fibronectin
T37;96;188;752;4.341;4.341;-11378592;Fibronectin
T37;97;192;752;1.356;1.356;-12429737;Fibronectin
T37;98;194;736;5.466;5.466;-10196889;Fibronectin
T37;99;202;718;6.678;6.678;-5994096;Fibronectin
T37;100;204;722;1.516;1.516;-7764353;Fibronectin
T37;101;206;720;0.959;0.959;-9013399;Fibronectin
T37;102;204;718;0.959;0.959;-9806479;Fibronectin
T37;103;200;714;1.918;1.918;-11644058;Fibronectin
T37;104;158;728;15.008;15.008;-10597035;Fibronectin
T37;105;148;728;3.390;3.390;-10729893;Fibronectin
T37;106;152;724;1.918;1.918;-10130065;Fibronectin
T37;107;144;726;2.795;2.795;-8358020;Fibronectin
T37;108;148;718;3.032;3.032;-6650235;Fibronectin
T37;109;148;720;0.678;0.678;-7964527;Fibronectin
T37;110;142;726;2.877;2.877;-6588543;Fibronectin
T37;111;148;720;2.877;2.877;-9605538;Fibronectin
T37;112;148;726;2.034;2.034;-7043184;Fibronectin
T37;113;146;728;0.959;0.959;-10265237;Fibronectin
T37;114;146;726;0.678;0.678;-6384242;Fibronectin
T37;115;146;732;2.034;2.034;-8091527;Fibronectin
T37;116;146;736;1.356;1.356;-7568263;Fibronectin
T37;117;150;746;3.651;3.651;-8093818;Fibronectin
T37;118;152;752;2.144;2.144;-6715497;Fibronectin
T37;119;152;760;2.712;2.712;-7828868;Fibronectin
T37;120;154;756;1.516;1.516;-7896693;Fibronectin
T37;121;154;754;0.678;0.678;-6389630;Fibronectin
T37;122;154;746;2.712;2.712;-9079686;Fibronectin
T37;123;154;746;0.000;0.000;-10718378;Fibronectin
T37;124;162;746;2.712;2.712;-7768465;Fibronectin
T37;125;164;744;0.959;0.959;-8357504;Fibronectin
T37;126;164;740;1.356;1.356;-8684168;Fibronectin
T37;127;166;740;0.678;0.678;-7175019;Fibronectin
T37;128;170;738;1.516;1.516;-10397328;Fibronectin
T37;129;168;736;0.959;0.959;-6910057;Fibronectin
T37;130;164;742;2.445;2.445;-8752537;Fibronectin
T37;131;166;750;2.795;2.795;-8692099;Fibronectin
T37;132;166;744;2.034;2.034;-11186339;Fibronectin
T37;133;164;744;0.678;0.678;-9608861;Fibronectin
T37;134;162;750;2.144;2.144;-7895149;Fibronectin
T37;135;162;726;8.136;8.136;-9608340;Fibronectin
T37;136;164;728;0.959;0.959;-7631977;Fibronectin
T37;137;176;714;6.251;6.251;-8363923;Fibronectin
T37;138;172;718;1.918;1.918;-11571618;Fibronectin
T37;139;168;720;1.516;1.516;-10326422;Fibronectin
T37;140;168;716;1.356;1.356;-8290422;Fibronectin
T37;141;178;698;6.980;6.980;-10720929;Fibronectin
T37;142;172;688;3.953;3.953;-9799056;Fibronectin
T38;6;516;1492;4.124;4.124;-12698800;Fibronectin
T38;7;524;1490;2.795;2.795;-11382449;Fibronectin
T38;8;516;1496;3.390;3.390;-10129829;Fibronectin
T38;9;516;1496;0.000;0.000;-12827328;Fibronectin
T38;10;514;1490;2.144;2.144;-12166842;Fibronectin
T38;11;514;1490;0.000;0.000;-10464170;Fibronectin
T38;12;514;1494;1.356;1.356;-12435129;Fibronectin
T38;13;514;1498;1.356;1.356;-13027516;Fibronectin
T38;14;516;1498;0.678;0.678;-11512244;Fibronectin
T38;15;518;1500;0.959;0.959;-12307653;Fibronectin
T38;16;518;1500;0.000;0.000;-12831166;Fibronectin
T38;17;514;1504;1.918;1.918;-12899512;Fibronectin
T38;18;510;1510;2.445;2.445;-12239544;Fibronectin
T38;19;506;1516;2.445;2.445;-10990012;Fibronectin
T38;20;504;1516;0.678;0.678;-12233914;Fibronectin
T38;21;504;1512;1.356;1.356;-12890037;Fibronectin
T38;22;504;1508;1.356;1.356;-12297650;Fibronectin
T38;23;504;1506;0.678;0.678;-12501431;Fibronectin
T38;24;506;1500;2.144;2.144;-12103092;Fibronectin
T38;25;504;1492;2.795;2.795;-11251384;Fibronectin
T38;26;502;1498;2.144;2.144;-11447995;Fibronectin
T38;27;502;1502;1.356;1.356;-11904184;Fibronectin
T38;28;502;1504;0.678;0.678;-12894651;Fibronectin
T38;29;504;1506;0.959;0.959;-12764856;Fibronectin
T38;30;504;1510;1.356;1.356;-10131620;Fibronectin
T38;31;506;1512;0.959;0.959;-11508645;Fibronectin
T38;32;506;1510;0.678;0.678;-11182249;Fibronectin
T38;33;504;1514;1.516;1.516;-8428178;Fibronectin
T38;34;504;1514;0.000;0.000;-8162445;Fibronectin
T38;35;504;1514;0.000;0.000;-7965317;Fibronectin
T38;36;494;1514;3.390;3.390;-13489347;Fibronectin
T38;37;496;1512;0.959;0.959;-13292483;Fibronectin
T38;38;496;1512;0.000;0.000;-13357508;Fibronectin
T38;39;496;1512;0.000;0.000;-13751498;Fibronectin
T38;40;496;1510;0.678;0.678;-13818574;Fibronectin
T38;41;498;1510;0.678;0.678;-13751498;Fibronectin
T38;42;498;1510;0.000;0.000;-12962750;Fibronectin
T38;43;500;1514;1.516;1.516;-10194592;Fibronectin
T38;44;500;1514;0.000;0.000;-10787494;Fibronectin
T38;45;500;1510;1.356;1.356;-11513778;Fibronectin
T38;46;500;1510;0.000;0.000;-11379878;Fibronectin
T38;47;500;1508;0.678;0.678;-10720939;Fibronectin
T38;48;502;1510;0.959;0.959;-9339537;Fibronectin
T38;49;502;1512;0.678;0.678;-10260385;Fibronectin
T38;50;502;1512;0.000;0.000;-10852776;Fibronectin
T38;51;502;1512;0.000;0.000;-10456738;Fibronectin
T38;52;502;1508;1.356;1.356;-10322845;Fibronectin
T38;53;502;1508;0.000;0.000;-11444402;Fibronectin
T38;54;504;1514;2.144;2.144;-10917787;Fibronectin
T38;55;504;1514;0.000;0.000;-10325919;Fibronectin
T38;56;504;1514;0.000;0.000;-10652572;Fibronectin
T38;57;502;1510;1.516;1.516;-11314354;Fibronectin
T38;58;502;1510;0.000;0.000;-11510955;Fibronectin
T38;59;502;1512;0.678;0.678;-11975091;Fibronectin
T38;60;502;1514;0.678;0.678;-12827324;Fibronectin
T38;61;502;1510;1.356;1.356;-13158339;Fibronectin
T38;62;502;1510;0.000;0.000;-11441579;Fibronectin
T38;63;504;1512;0.959;0.959;-10911896;Fibronectin
T38;64;504;1510;0.678;0.678;-10914719;Fibronectin
T38;65;504;1508;0.678;0.678;-9665436;Fibronectin
T38;66;504;1510;0.678;0.678;-10584739;Fibronectin
T38;67;504;1512;0.678;0.678;-10060184;Fibronectin
T38;68;504;1510;0.678;0.678;-10848665;Fibronectin
T38;69;504;1510;0.000;0.000;-9928853;Fibronectin
T38;70;504;1510;0.000;0.000;-10852782;Fibronectin
T38;71;504;1510;0.000;0.000;-9736862;Fibronectin
T38;72;504;1510;0.000;0.000;-10726293;Fibronectin
T38;73;504;1510;0.000;0.000;-12172458;Fibronectin
T38;74;502;1514;1.516;1.516;-9281165;Fibronectin
T38;75;502;1514;0.000;0.000;-8221816;Fibronectin
T38;76;502;1514;0.000;0.000;-7435637;Fibronectin
T38;77;498;1514;1.356;1.356;-9280913;Fibronectin
T38;78;498;1514;0.000;0.000;-12436646;Fibronectin
T38;79;496;1516;0.959;0.959;-12897713;Fibronectin
T38;80;494;1516;0.678;0.678;-12892847;Fibronectin
T38;81;494;1516;0.000;0.000;-12369577;Fibronectin
T38;82;486;1514;2.795;2.795;-8821392;Fibronectin
T38;83;486;1508;2.034;2.034;-8616063;Fibronectin
T38;84;486;1504;1.356;1.356;-10456976;Fibronectin
T38;85;486;1508;1.356;1.356;-9221540;Fibronectin
T38;86;484;1508;0.678;0.678;-8167321;Fibronectin
T38;87;478;1506;2.144;2.144;-9548961;Fibronectin
T38;88;478;1506;0.000;0.000;-11056557;Fibronectin
T38;89;474;1502;1.918;1.918;-12823995;Fibronectin
T38;90;474;1502;0.000;0.000;-13085886;Fibronectin
T38;91;474;1502;0.000;0.000;-12437699;Fibronectin
T38;92;476;1500;0.959;0.959;-11914668;Fibronectin
T38;93;476;1496;1.356;1.356;-11452069;Fibronectin
T38;94;476;1496;0.000;0.000;-12232386;Fibronectin
T38;95;480;1494;1.516;1.516;-11175571;Fibronectin
T38;96;480;1494;0.000;0.000;-11044765;Fibronectin
T38;97;482;1494;0.678;0.678;-8814975;Fibronectin
T38;98;482;1494;0.000;0.000;-7770258;Fibronectin
T38;99;482;1494;0.000;0.000;-11308186;Fibronectin
T38;100;480;1490;1.516;1.516;-8946818;Fibronectin
T38;101;474;1490;2.034;2.034;-11046552;Fibronectin
T38;102;462;1488;4.124;4.124;-9416082;Fibronectin
T38;103;458;1484;1.918;1.918;-10320539;Fibronectin
T38;104;456;1484;0.678;0.678;-12098478;Fibronectin
T38;105;456;1486;0.678;0.678;-10589076;Fibronectin
T38;106;452;1488;1.516;1.516;-10661029;Fibronectin
T38;107;440;1490;4.124;4.124;-9076111;Fibronectin
T38;108;414;1504;10.011;10.011;-14343116;Fibronectin
T38;109;404;1512;4.341;4.341;-10130316;Fibronectin
T38;110;406;1508;1.516;1.516;-13414589;Fibronectin
T38;111;406;1514;2.034;2.034;-13944259;Fibronectin
T38;112;406;1516;0.678;0.678;-14074824;Fibronectin
T38;113;406;1516;0.000;0.000;-7829645;Fibronectin
T38;114;400;1518;2.144;2.144;-7436685;Fibronectin
T38;115;392;1524;3.390;3.390;-10588850;Fibronectin
T38;116;380;1528;4.288;4.288;-11050915;Fibronectin
T38;117;386;1524;2.445;2.445;-13547977;Fibronectin
T38;118;380;1526;2.144;2.144;-13942232;Fibronectin
T38;119;380;1526;0.000;0.000;-10394282;Fibronectin
T38;120;378;1530;1.516;1.516;-14076872;Fibronectin
T38;121;374;1532;1.516;1.516;-10982301;Fibronectin
T38;122;370;1528;1.918;1.918;-10129813;Fibronectin
T38;123;368;1530;0.959;0.959;-8817277;Fibronectin
T38;124;364;1530;1.356;1.356;-9667973;Fibronectin
T38;125;364;1530;0.000;0.000;-9800846;Fibronectin
T38;126;366;1528;0.959;0.959;-12425109;Fibronectin
T38;127;366;1528;0.000;0.000;-9665400;Fibronectin
T38;128;366;1526;0.678;0.678;-7240303;Fibronectin
T38;129;366;1522;1.356;1.356;-8226171;Fibronectin
T38;130;372;1520;2.144;2.144;-8223867;Fibronectin
T38;131;374;1514;2.144;2.144;-9667461;Fibronectin
T38;132;376;1510;1.516;1.516;-9601668;Fibronectin
T38;133;374;1506;1.516;1.516;-12955806;Fibronectin
T38;134;374;1502;1.356;1.356;-9997994;Fibronectin
T38;135;374;1506;1.356;1.356;-12497347;Fibronectin
T38;136;374;1508;0.678;0.678;-14014674;Fibronectin
T38;137;376;1510;0.959;0.959;-13682112;Fibronectin
T38;138;376;1512;0.678;0.678;-13879226;Fibronectin
T38;139;380;1512;1.356;1.356;-13616583;Fibronectin
T38;140;380;1514;0.678;0.678;-14208717;Fibronectin
T38;141;376;1510;1.918;1.918;-13485774;Fibronectin
T38;142;376;1512;0.678;0.678;-13945545;Fibronectin
T38;143;378;1512;0.678;0.678;-13747907;Fibronectin
T38;144;380;1514;0.959;0.959;-12826813;Fibronectin
T38;145;380;1516;0.678;0.678;-14667214;Fibronectin
T38;146;380;1516;0.000;0.000;-13022906;Fibronectin
T38;147;382;1516;0.678;0.678;-12368331;Fibronectin
T38;148;382;1516;0.000;0.000;-11318717;Fibronectin
T38;149;382;1516;0.000;0.000;-6447741;Fibronectin
T38;150;382;1518;0.678;0.678;-8882567;Fibronectin
T38;151;380;1522;1.516;1.516;-6912154;Fibronectin
T38;152;376;1526;1.918;1.918;-12892359;Fibronectin
T38;153;376;1526;0.000;0.000;-9672629;Fibronectin
T38;154;376;1526;0.000;0.000;-6316668;Fibronectin
T38;155;374;1526;0.678;0.678;-10921139;Fibronectin
T38;156;372;1528;0.959;0.959;-13282218;Fibronectin
T38;157;372;1526;0.678;0.678;-13155756;Fibronectin
T38;158;372;1522;1.356;1.356;-13414338;Fibronectin
T38;159;372;1522;0.000;0.000;-12888760;Fibronectin
T38;160;372;1522;0.000;0.000;-12426669;Fibronectin
T38;161;372;1522;0.000;0.000;-12493236;Fibronectin
T38;162;372;1526;1.356;1.356;-14601417;Fibronectin
T38;163;374;1526;0.678;0.678;-11315904;Fibronectin
T38;164;374;1528;0.678;0.678;-11643579;Fibronectin
T38;165;376;1530;0.959;0.959;-10663608;Fibronectin
T38;166;376;1534;1.356;1.356;-12242109;Fibronectin
T38;167;376;1534;0.000;0.000;-10593727;Fibronectin
T38;168;370;1536;2.144;2.144;-12497062;Fibronectin
T38;169;368;1532;1.516;1.516;-11376802;Fibronectin
T38;170;372;1532;1.356;1.356;-11440535;Fibronectin
T38;171;374;1532;0.678;0.678;-12103595;Fibronectin
T38;172;378;1532;1.356;1.356;-14475221;Fibronectin
T38;173;378;1532;0.000;0.000;-13422012;Fibronectin
T38;174;380;1532;0.678;0.678;-13749958;Fibronectin
T38;175;380;1532;0.000;0.000;-13686475;Fibronectin
T38;176;378;1532;0.678;0.678;-11315896;Fibronectin
T38;177;378;1532;0.000;0.000;-12698804;Fibronectin
T38;178;378;1534;0.678;0.678;-13425605;Fibronectin
T38;179;382;1534;1.356;1.356;-11315621;Fibronectin
T38;180;380;1532;0.959;0.959;-10793387;Fibronectin
T38;181;380;1532;0.000;0.000;-11846072;Fibronectin
T38;182;378;1530;0.959;0.959;-11447734;Fibronectin
T38;183;374;1532;1.516;1.516;-8422293;Fibronectin
T38;184;370;1534;1.516;1.516;-12035005;Fibronectin
T38;185;368;1532;0.959;0.959;-9141917;Fibronectin
T38;186;368;1532;0.000;0.000;-11313838;Fibronectin
T38;187;368;1534;0.678;0.678;-11713717;Fibronectin
T38;188;370;1538;1.516;1.516;-11321009;Fibronectin
T38;189;370;1538;0.000;0.000;-11387054;Fibronectin
T38;190;370;1540;0.678;0.678;-10130860;Fibronectin
T38;191;368;1540;0.678;0.678;-12437697;Fibronectin
T38;192;366;1538;0.959;0.959;-11777200;Fibronectin
T38;193;366;1534;1.356;1.356;-12890552;Fibronectin
T38;194;368;1538;1.516;1.516;-11380149;Fibronectin
T38;195;368;1538;0.000;0.000;-12171698;Fibronectin
T38;196;368;1538;0.000;0.000;-10921388;Fibronectin
T38;197;368;1538;0.000;0.000;-11644348;Fibronectin
T38;198;368;1538;0.000;0.000;-10197691;Fibronectin
T38;199;368;1538;0.000;0.000;-10130858;Fibronectin
T38;200;364;1536;1.516;1.516;-11052463;Fibronectin
T38;201;364;1538;0.678;0.678;-8223121;Fibronectin
T38;202;366;1540;0.959;0.959;-11381931;Fibronectin
T38;203;366;1540;0.000;0.000;-10663081;Fibronectin
T38;204;364;1542;0.959;0.959;-11377831;Fibronectin
T38;205;356;1546;3.032;3.032;-10196400;Fibronectin
T38;206;356;1546;0.000;0.000;-9804716;Fibronectin
T38;207;356;1542;1.356;1.356;-10528690;Fibronectin
T38;208;352;1542;1.356;1.356;-11383728;Fibronectin
T38;209;352;1542;0.000;0.000;-11382451;Fibronectin
T38;210;352;1540;0.678;0.678;-11312286;Fibronectin
T38;211;350;1542;0.959;0.959;-9867673;Fibronectin
T38;212;338;1544;4.124;4.124;-13290931;Fibronectin
T38;213;340;1542;0.959;0.959;-13293249;Fibronectin
T38;214;342;1542;0.678;0.678;-11904698;Fibronectin
T38;215;346;1542;1.356;1.356;-8877468;Fibronectin
T38;216;346;1542;0.000;0.000;-12367823;Fibronectin
T38;217;344;1540;0.959;0.959;-13619652;Fibronectin
T38;218;344;1540;0.000;0.000;-13544384;Fibronectin
T38;219;348;1542;1.516;1.516;-13023163;Fibronectin
T38;220;348;1546;1.356;1.356;-12957121;Fibronectin
T38;221;352;1546;1.356;1.356;-11513276;Fibronectin
T38;222;352;1544;0.678;0.678;-8619419;Fibronectin
T38;223;350;1542;0.959;0.959;-9016222;Fibronectin
T38;224;350;1542;0.000;0.000;-11716270;Fibronectin
T38;225;348;1540;0.959;0.959;-11319208;Fibronectin
T38;226;344;1536;1.918;1.918;-10984098;Fibronectin
T38;227;342;1532;1.516;1.516;-10724011;Fibronectin
T38;228;338;1532;1.356;1.356;-10788010;Fibronectin
T38;229;336;1532;0.678;0.678;-11182250;Fibronectin
T38;230;334;1534;0.959;0.959;-10788513;Fibronectin
T38;231;334;1534;0.000;0.000;-10592936;Fibronectin
T38;232;330;1536;1.516;1.516;-10125981;Fibronectin
T38;233;330;1536;0.000;0.000;-9995933;Fibronectin
T38;234;330;1538;0.678;0.678;-9930645;Fibronectin
T38;235;330;1542;1.356;1.356;-10984611;Fibronectin
T38;236;330;1544;0.678;0.678;-9602204;Fibronectin
T38;237;330;1542;0.678;0.678;-9537443;Fibronectin
T38;238;330;1542;0.000;0.000;-9275552;Fibronectin
T38;239;330;1540;0.678;0.678;-9469080;Fibronectin
T38;240;330;1540;0.000;0.000;-8678541;Fibronectin
T38;241;330;1544;1.356;1.356;-8417419;Fibronectin
T38;242;330;1544;0.000;0.000;-8419724;Fibronectin
T38;243;330;1542;0.678;0.678;-9210261;Fibronectin
T38;244;330;1540;0.678;0.678;-10790315;Fibronectin
T38;245;330;1542;0.678;0.678;-11771047;Fibronectin
T38;246;326;1546;1.918;1.918;-11251113;Fibronectin
T38;247;322;1548;1.516;1.516;-10330791;Fibronectin
T38;248;322;1548;0.000;0.000;-11122603;Fibronectin
T38;249;322;1546;0.678;0.678;-11049893;Fibronectin
T38;250;320;1548;0.959;0.959;-11248042;Fibronectin
T38;251;318;1550;0.959;0.959;-10789024;Fibronectin
T38;252;318;1552;0.678;0.678;-11320748;Fibronectin
T38;253;318;1552;0.000;0.000;-11051946;Fibronectin
T38;254;314;1548;1.918;1.918;-11453614;Fibronectin
T38;255;310;1542;2.445;2.445;-9472930;Fibronectin
T38;256;310;1542;0.000;0.000;-10002867;Fibronectin
T38;257;308;1540;0.959;0.959;-11317688;Fibronectin
T38;258;308;1540;0.000;0.000;-11515834;Fibronectin
T38;259;306;1538;0.959;0.959;-11054265;Fibronectin
T38;260;306;1536;0.678;0.678;-9471650;Fibronectin
T38;261;306;1536;0.000;0.000;-10789802;Fibronectin
T38;262;306;1534;0.678;0.678;-8748184;Fibronectin
T38;263;306;1534;0.000;0.000;-10592422;Fibronectin
T38;264;306;1534;0.000;0.000;-10921639;Fibronectin
T38;265;306;1540;2.034;2.034;-9669286;Fibronectin
T38;266;308;1542;0.959;0.959;-8878491;Fibronectin
T38;267;308;1542;0.000;0.000;-9012387;Fibronectin
T38;268;308;1542;0.000;0.000;-8418708;Fibronectin
T38;269;308;1542;0.000;0.000;-9472931;Fibronectin
T38;270;308;1542;0.000;0.000;-9801377;Fibronectin
T38;271;308;1542;0.000;0.000;-10000815;Fibronectin
T38;272;308;1546;1.356;1.356;-8618908;Fibronectin
T38;273;308;1546;0.000;0.000;-11117737;Fibronectin
T38;274;308;1548;0.678;0.678;-10654104;Fibronectin
T38;275;308;1550;0.678;0.678;-10195355;Fibronectin
T38;276;282;1556;9.046;9.046;-14536653;Fibronectin
T38;277;286;1556;1.356;1.356;-12038079;Fibronectin
T38;278;286;1558;0.678;0.678;-11641512;Fibronectin
T38;279;286;1562;1.356;1.356;-13811895;Fibronectin
T38;280;282;1562;1.356;1.356;-14469580;Fibronectin
T38;281;282;1562;0.000;0.000;-12626879;Fibronectin
T38;282;282;1562;0.000;0.000;-12168375;Fibronectin
T38;283;278;1564;1.516;1.516;-14075591;Fibronectin
T38;284;278;1564;0.000;0.000;-13812673;Fibronectin
T38;285;278;1566;0.678;0.678;-12693941;Fibronectin
T38;286;274;1564;1.516;1.516;-13223090;Fibronectin
T38;287;272;1564;0.678;0.678;-12630448;Fibronectin
T38;288;272;1562;0.678;0.678;-12893620;Fibronectin
T38;289;272;1556;2.034;2.034;-13944767;Fibronectin
T38;290;272;1554;0.678;0.678;-12888247;Fibronectin
T38;291;272;1554;0.000;0.000;-12691126;Fibronectin
T38;292;272;1554;0.000;0.000;-13480634;Fibronectin
T38;293;272;1554;0.000;0.000;-13680055;Fibronectin
T38;294;272;1556;0.678;0.678;-13018040;Fibronectin
T38;295;274;1556;0.678;0.678;-12036771;Fibronectin
T38;296;274;1556;0.000;0.000;-11050394;Fibronectin
T38;297;280;1554;2.144;2.144;-13685695;Fibronectin
T38;298;280;1554;0.000;0.000;-14408911;Fibronectin
T38;299;282;1554;0.678;0.678;-9345420;Fibronectin
T38;300;290;1554;2.712;2.712;-10784663;Fibronectin
T38;301;296;1552;2.144;2.144;-11578805;Fibronectin
T38;302;296;1552;0.000;0.000;-12494776;Fibronectin
T38;303;296;1552;0.000;0.000;-13554119;Fibronectin
T38;304;298;1552;0.678;0.678;-12956094;Fibronectin
T38;305;300;1550;0.959;0.959;-10725024;Fibronectin
T38;306;300;1550;0.000;0.000;-11650225;Fibronectin
T38;307;302;1556;2.144;2.144;-11711668;Fibronectin
T38;308;302;1558;0.678;0.678;-10586792;Fibronectin
T38;309;300;1558;0.678;0.678;-11245238;Fibronectin
T38;310;300;1558;0.000;0.000;-9471657;Fibronectin
T38;311;298;1556;0.959;0.959;-12292787;Fibronectin
T38;312;296;1556;0.678;0.678;-10523298;Fibronectin
T38;313;296;1556;0.000;0.000;-12230325;Fibronectin
T38;314;296;1558;0.678;0.678;-13681346;Fibronectin
T38;315;296;1556;0.678;0.678;-11703206;Fibronectin
T38;316;296;1556;0.000;0.000;-9016974;Fibronectin
T38;317;296;1558;0.678;0.678;-10791862;Fibronectin
T38;318;294;1564;2.144;2.144;-13024703;Fibronectin
T38;319;286;1570;3.390;3.390;-9864347;Fibronectin
T38;320;286;1574;1.356;1.356;-8285846;Fibronectin
T38;321;282;1576;1.516;1.516;-9012628;Fibronectin
T38;322;282;1574;0.678;0.678;-9077400;Fibronectin
T38;323;278;1576;1.516;1.516;-10587810;Fibronectin
T38;324;278;1576;0.000;0.000;-9935524;Fibronectin
T38;325;278;1578;0.678;0.678;-9012389;Fibronectin
T38;326;278;1578;0.000;0.000;-9020315;Fibronectin
T38;327;278;1578;0.000;0.000;-10667168;Fibronectin
T38;328;272;1584;2.877;2.877;-11578819;Fibronectin
T38;329;268;1584;1.356;1.356;-11971014;Fibronectin
T38;330;266;1580;1.516;1.516;-12693964;Fibronectin
T38;331;264;1576;1.516;1.516;-12693448;Fibronectin
T38;332;262;1572;1.516;1.516;-12561852;Fibronectin
T38;333;262;1570;0.678;0.678;-10455223;Fibronectin
T38;334;264;1570;0.678;0.678;-11052463;Fibronectin
T38;335;266;1572;0.959;0.959;-10592702;Fibronectin
T38;336;266;1574;0.678;0.678;-12431303;Fibronectin
T38;337;266;1574;0.000;0.000;-12167607;Fibronectin
T38;338;276;1572;3.457;3.457;-10532010;Fibronectin
T38;339;272;1576;1.918;1.918;-13155000;Fibronectin
T38;340;272;1576;0.000;0.000;-10920361;Fibronectin
T38;341;268;1580;1.918;1.918;-11052963;Fibronectin
T38;342;266;1582;0.959;0.959;-11384484;Fibronectin
T38;343;264;1586;1.516;1.516;-8617621;Fibronectin
T38;344;264;1586;0.000;0.000;-10205865;Fibronectin
T38;345;264;1586;0.000;0.000;-9802404;Fibronectin
T38;346;264;1586;0.000;0.000;-11778731;Fibronectin
T38;347;264;1590;1.356;1.356;-10724519;Fibronectin
T38;348;264;1590;0.000;0.000;-13489347;Fibronectin
T38;349;264;1590;0.000;0.000;-13360582;Fibronectin
T38;350;270;1586;2.445;2.445;-12633286;Fibronectin
T38;351;272;1582;1.516;1.516;-11842230;Fibronectin
T38;352;272;1580;0.678;0.678;-11840958;Fibronectin
T38;353;276;1580;1.356;1.356;-8033456;Fibronectin
T38;354;276;1578;0.678;0.678;-6196889;Fibronectin
T38;355;276;1578;0.000;0.000;-10722718;Fibronectin
T38;356;268;1576;2.795;2.795;-10532019;Fibronectin
T38;357;268;1578;0.678;0.678;-11646904;Fibronectin
T38;358;268;1578;0.000;0.000;-11845813;Fibronectin
T38;359;270;1576;0.959;0.959;-10202542;Fibronectin
T38;360;274;1574;1.516;1.516;-9874100;Fibronectin
T38;361;274;1574;0.000;0.000;-8752537;Fibronectin
T38;362;288;1558;7.207;7.207;-6846361;Fibronectin
T38;363;288;1554;1.356;1.356;-6917013;Fibronectin
T38;364;288;1554;0.000;0.000;-8294306;Fibronectin
T38;365;284;1552;1.516;1.516;-8882064;Fibronectin
T38;366;284;1552;0.000;0.000;-8092040;Fibronectin
T38;367;284;1552;0.000;0.000;-10265013;Fibronectin
T38;368;284;1552;0.000;0.000;-10793915;Fibronectin
T38;369;284;1552;0.000;0.000;-10533276;Fibronectin
T38;370;284;1552;0.000;0.000;-11708071;Fibronectin
T38;371;280;1548;1.918;1.918;-12366526;Fibronectin
T38;372;276;1550;1.516;1.516;-11646124;Fibronectin
T38;373;276;1554;1.356;1.356;-11186353;Fibronectin
T38;374;278;1558;1.516;1.516;-12896183;Fibronectin
T38;375;278;1562;1.356;1.356;-12106677;Fibronectin
T39;2;2490;1548;15.958;15.958;-9472150;Fibronectin
T39;3;2440;1520;19.427;19.427;-10260890;Fibronectin
T39;4;2406;1504;12.738;12.738;-11380925;Fibronectin
T39;5;2392;1502;4.794;4.794;-12175805;Fibronectin
T39;6;2356;1472;15.886;15.886;-11183772;Fibronectin
T39;7;2288;1424;28.217;28.217;-11573435;Fibronectin
T39;8;2254;1416;11.841;11.841;-10527132;Fibronectin
T39;9;2240;1398;7.730;7.730;-11250853;Fibronectin
T39;10;2244;1398;1.356;1.356;-12509633;Fibronectin
T39;11;2250;1392;2.877;2.877;-10070164;Fibronectin
T39;12;2212;1372;14.557;14.557;-9660826;Fibronectin
T39;13;2202;1360;5.295;5.295;-9866910;Fibronectin
T39;14;2180;1356;7.580;7.580;-10591898;Fibronectin
T39;15;2166;1348;5.466;5.466;-8096652;Fibronectin
T39;16;2158;1330;6.678;6.678;-11119521;Fibronectin
T39;17;2158;1326;1.356;1.356;-9801867;Fibronectin
T39;18;2132;1308;10.720;10.720;-10577039;Fibronectin
T39;19;2138;1310;2.144;2.144;-10722730;Fibronectin
T39;20;2134;1310;1.356;1.356;-11179421;Fibronectin
T39;21;2092;1268;20.136;20.136;-12441020;Fibronectin
T39;22;2070;1234;13.728;13.728;-8096901;Fibronectin
T39;23;2048;1216;9.636;9.636;-9419432;Fibronectin
T39;24;2006;1190;16.745;16.745;-10326679;Fibronectin
T39;25;1982;1188;8.164;8.164;-9074554;Fibronectin
T39;26;1954;1168;11.665;11.665;-9933463;Fibronectin
T39;27;1920;1158;12.014;12.014;-12901060;Fibronectin
T39;28;1908;1168;5.295;5.295;-13820116;Fibronectin
T39;29;1898;1158;4.794;4.794;-10062247;Fibronectin
T39;30;1860;1144;13.728;13.728;-8486785;Fibronectin
T39;31;1830;1132;10.953;10.953;-8947089;Fibronectin
T39;32;1814;1120;6.780;6.780;-11447207;Fibronectin
T39;33;1814;1114;2.034;2.034;-11311266;Fibronectin
T39;34;1808;1080;11.704;11.704;-12830914;Fibronectin
T39;35;1762;1052;18.256;18.256;-9408148;Fibronectin
T39;36;1750;1034;7.334;7.334;-9540489;Fibronectin
T39;37;1732;1012;9.636;9.636;-11050143;Fibronectin
T39;38;1730;1002;3.457;3.457;-8556907;Fibronectin
T39;39;1726;996;2.445;2.445;-9475976;Fibronectin
T39;40;1712;974;8.840;8.840;-10392973;Fibronectin
T39;41;1692;960;8.276;8.276;-10262430;Fibronectin
T39;42;1688;964;1.918;1.918;-9076612;Fibronectin
T39;43;1686;960;1.516;1.516;-10528922;Fibronectin
T39;44;1642;924;19.272;19.272;-10392474;Fibronectin
T39;45;1640;918;2.144;2.144;-8616574;Fibronectin
T39;46;1636;908;3.651;3.651;-10260627;Fibronectin
T39;47;1624;904;4.288;4.288;-8557428;Fibronectin
T39;48;1606;906;6.140;6.140;-8947338;Fibronectin
T39;49;1592;890;7.207;7.207;-10982052;Fibronectin
T39;50;1576;890;5.424;5.424;-7762287;Fibronectin
T39;51;1552;884;8.386;8.386;-9141119;Fibronectin
T39;52;1518;880;11.605;11.605;-8550769;Fibronectin
T39;53;1488;874;10.371;10.371;-13029560;Fibronectin
T39;54;1478;876;3.457;3.457;-9411724;Fibronectin
T39;55;1470;872;3.032;3.032;-7437692;Fibronectin
T39;56;1420;864;17.166;17.166;-10525603;Fibronectin
T39;57;1374;846;16.745;16.745;-7303786;Fibronectin
T39;58;1334;816;16.950;16.950;-13227456;Fibronectin
T39;59;1316;808;6.678;6.678;-9669013;Fibronectin
T39;60;1284;796;11.586;11.586;-9861518;Fibronectin
T39;61;1252;776;12.792;12.792;-9735574;Fibronectin
T39;62;1216;778;12.223;12.223;-8293234;Fibronectin
T39;63;1184;776;10.869;10.869;-9605771;Fibronectin
T39;64;1130;760;19.093;19.093;-9996701;Fibronectin
T39;65;1112;756;6.251;6.251;-7960692;Fibronectin
T39;66;1092;752;6.914;6.914;-8879485;Fibronectin
T39;67;1098;752;2.034;2.034;-8877944;Fibronectin
T39;68;1094;752;1.356;1.356;-8946058;Fibronectin
T39;69;1056;754;12.900;12.900;-8487296;Fibronectin
T39;70;1036;748;7.079;7.079;-10783907;Fibronectin
T39;71;1022;744;4.936;4.936;-7633521;Fibronectin
T39;72;1008;744;4.746;4.746;-7498345;Fibronectin
T39;73;1000;742;2.795;2.795;-6843502;Fibronectin
T39;74;994;736;2.877;2.877;-8487809;Fibronectin
T39;75;964;718;11.860;11.860;-8291197;Fibronectin
T39;76;938;712;9.046;9.046;-10647972;Fibronectin
T39;77;928;720;4.341;4.341;-9805969;Fibronectin
T39;78;916;726;4.548;4.548;-9543310;Fibronectin
T39;79;916;720;2.034;2.034;-7303786;Fibronectin
T39;80;924;714;3.390;3.390;-7308919;Fibronectin
T39;81;920;688;8.918;8.918;-9143436;Fibronectin
T39;82;910;682;3.953;3.953;-8890510;Fibronectin
T39;83;902;674;3.835;3.835;-10664350;Fibronectin
T39;84;882;666;7.302;7.302;-9536134;Fibronectin
T39;85;864;656;6.980;6.980;-9932173;Fibronectin
T39;86;850;646;5.832;5.832;-9411213;Fibronectin
T39;87;830;622;10.591;10.591;-8692626;Fibronectin
T39;88;830;610;4.068;4.068;-10920358;Fibronectin
T39;89;822;590;7.302;7.302;-8821894;Fibronectin
T39;90;822;578;4.068;4.068;-10530713;Fibronectin
T39;91;818;566;4.288;4.288;-9150340;Fibronectin
T39;92;800;516;18.015;18.015;-11576750;Fibronectin
T39;93;784;498;8.164;8.164;-11258805;Fibronectin
T39;94;780;498;1.356;1.356;-8294774;Fibronectin
T39;95;760;498;6.780;6.780;-6449530;Fibronectin
T39;96;746;498;4.746;4.746;-8486259;Fibronectin
T39;97;724;488;8.192;8.192;-11191731;Fibronectin
T39;98;702;470;9.636;9.636;-9274506;Fibronectin
T39;99;682;462;7.302;7.302;-10524312;Fibronectin
T39;100;674;456;3.390;3.390;-12437172;Fibronectin
T39;101;662;448;4.889;4.889;-11382439;Fibronectin
T39;102;606;428;20.158;20.158;-10715549;Fibronectin
T39;103;564;420;14.494;14.494;-12236221;Fibronectin
T39;104;552;428;4.889;4.889;-13358292;Fibronectin
T39;105;526;426;8.840;8.840;-10980502;Fibronectin
T39;106;486;434;13.829;13.829;-10197152;Fibronectin
T39;107;472;426;5.466;5.466;-10920107;Fibronectin
T39;108;460;438;5.753;5.753;-12168883;Fibronectin
T39;109;436;450;9.096;9.096;-11837860;Fibronectin
T39;110;426;448;3.457;3.457;-11042202;Fibronectin
T39;111;410;456;6.064;6.064;-9276313;Fibronectin
T39;112;376;464;11.841;11.841;-7566984;Fibronectin
T39;113;332;458;15.054;15.054;-11312044;Fibronectin
T39;114;288;452;15.054;15.054;-12962503;Fibronectin
T39;115;280;454;2.795;2.795;-11176878;Fibronectin
T39;116;278;466;4.124;4.124;-6315626;Fibronectin
T39;117;270;464;2.795;2.795;-6909804;Fibronectin
T39;118;252;460;6.251;6.251;-9010823;Fibronectin
T39;119;246;472;4.548;4.548;-7236467;Fibronectin
T39;120;228;478;6.432;6.432;-9538707;Fibronectin
T39;121;238;474;3.651;3.651;-8428689;Fibronectin
T39;122;214;472;8.164;8.164;-7306649;Fibronectin
T39;123;204;464;4.341;4.341;-10005652;Fibronectin
T39;124;182;466;7.489;7.489;-10529951;Fibronectin
T39;125;162;462;6.914;6.914;-7500164;Fibronectin
T39;126;140;452;8.192;8.192;-9274518;Fibronectin
T39;127;132;446;3.390;3.390;-8618886;Fibronectin
T39;128;112;450;6.914;6.914;-8490632;Fibronectin
T39;129;118;444;2.877;2.877;-10860699;Fibronectin
T39;130;118;434;3.390;3.390;-7828079;Fibronectin
T39;131;118;438;1.356;1.356;-7893116;Fibronectin
T39;132;96;442;7.580;7.580;-9933964;Fibronectin
T39;133;76;436;7.079;7.079;-10523296;Fibronectin
T39;134;48;452;10.932;10.932;-11648436;Fibronectin
T39;135;16;460;11.182;11.182;-10401938;Fibronectin
T4;2;2344;1042;2.144;2.144;-11113377;Fibronectin
T4;3;2344;1040;0.678;0.678;-10523819;Fibronectin
T4;4;2342;1026;4.794;4.794;-9008787;Fibronectin
T4;5;2322;1014;7.907;7.907;-11571620;Fibronectin
T4;6;2312;998;6.396;6.396;-13093049;Fibronectin
T4;7;2290;984;8.840;8.840;-10065819;Fibronectin
T4;8;2282;974;4.341;4.341;-12369083;Fibronectin
T4;9;2278;960;4.936;4.936;-12633771;Fibronectin
T4;10;2274;948;4.288;4.288;-9548446;Fibronectin
T4;11;2272;944;1.516;1.516;-11706278;Fibronectin
T4;12;2262;924;7.580;7.580;-10725539;Fibronectin
T4;13;2248;910;6.712;6.712;-9272712;Fibronectin
T4;14;2238;894;6.396;6.396;-11645111;Fibronectin
T4;15;2238;880;4.746;4.746;-11179423;Fibronectin
T4;16;2236;870;3.457;3.457;-12637095;Fibronectin
T4;17;2232;860;3.651;3.651;-12768427;Fibronectin
T4;18;2232;842;6.102;6.102;-12764069;Fibronectin
T4;19;2228;828;4.936;4.936;-10659732;Fibronectin
T4;20;2232;824;1.918;1.918;-8555901;Fibronectin
T4;21;2242;816;4.341;4.341;-8882816;Fibronectin
T4;22;2248;792;8.386;8.386;-8812682;Fibronectin
T4;23;2276;796;9.588;9.588;-9473684;Fibronectin
T4;24;2270;796;2.034;2.034;-10787994;Fibronectin
T4;25;2270;796;0.000;0.000;-9671323;Fibronectin
T4;26;2270;792;1.356;1.356;-10196638;Fibronectin
T4;27;2284;788;4.936;4.936;-10654615;Fibronectin
T4;28;2284;794;2.034;2.034;-11713198;Fibronectin
T4;29;2284;800;2.034;2.034;-8290699;Fibronectin
T4;30;2284;818;6.102;6.102;-8945806;Fibronectin
T4;31;2278;838;7.079;7.079;-12242087;Fibronectin
T4;32;2266;840;4.124;4.124;-10656927;Fibronectin
T4;33;2260;836;2.445;2.445;-10130078;Fibronectin
T4;34;2252;824;4.889;4.889;-9865617;Fibronectin
T4;35;2248;820;1.918;1.918;-10457252;Fibronectin
T4;36;2250;804;5.466;5.466;-10259099;Fibronectin
T4;37;2256;792;4.548;4.548;-9602958;Fibronectin
T4;38;2266;782;4.794;4.794;-8879237;Fibronectin
T4;39;2282;780;5.466;5.466;-11047330;Fibronectin
T4;40;2288;780;2.034;2.034;-10915734;Fibronectin
T4;41;2300;778;4.124;4.124;-9863050;Fibronectin
T4;42;2310;776;3.457;3.457;-9403786;Fibronectin
T4;43;2314;770;2.445;2.445;-11048348;Fibronectin
T4;44;2324;754;6.396;6.396;-10915484;Fibronectin
T4;45;2326;752;0.959;0.959;-10126992;Fibronectin
T4;46;2320;758;2.877;2.877;-10130318;Fibronectin
T4;47;2320;774;5.424;5.424;-8879744;Fibronectin
T4;48;2326;780;2.877;2.877;-10851734;Fibronectin
T4;49;2322;776;1.918;1.918;-11443106;Fibronectin
T4;50;2318;774;1.516;1.516;-10786722;Fibronectin
T4;51;2316;778;1.516;1.516;-11179696;Fibronectin
T4;52;2310;776;2.144;2.144;-10656939;Fibronectin
T4;53;2306;778;1.516;1.516;-10192011;Fibronectin
T4;54;2286;790;7.907;7.907;-9269142;Fibronectin
T4;55;2270;792;5.466;5.466;-9928862;Fibronectin
T4;56;2268;794;0.959;0.959;-8093553;Fibronectin
T4;57;2274;780;5.163;5.163;-10726819;Fibronectin
T4;58;2260;760;8.276;8.276;-8353153;Fibronectin
T4;59;2252;750;4.341;4.341;-9344416;Fibronectin
T4;60;2246;744;2.877;2.877;-8615312;Fibronectin
T4;61;2240;744;2.034;2.034;-9276565;Fibronectin
T4;62;2234;734;3.953;3.953;-11646653;Fibronectin
T4;63;2222;712;8.495;8.495;-10067888;Fibronectin
T4;64;2226;690;7.580;7.580;-10453655;Fibronectin
T4;65;2230;668;7.580;7.580;-8361848;Fibronectin
T4;66;2238;664;3.032;3.032;-8356490;Fibronectin
T4;67;2246;664;2.712;2.712;-10720926;Fibronectin
T4;68;2246;660;1.356;1.356;-10392987;Fibronectin
T4;69;2250;660;1.356;1.356;-12038839;Fibronectin
T4;70;2248;662;0.959;0.959;-10787743;Fibronectin
T4;71;2252;678;5.591;5.591;-10324374;Fibronectin
T4;72;2260;680;2.795;2.795;-9533582;Fibronectin
T4;73;2256;680;1.356;1.356;-9603996;Fibronectin
T4;74;2236;686;7.079;7.079;-8618375;Fibronectin
T4;75;2226;686;3.390;3.390;-8423563;Fibronectin
T4;76;2212;682;4.936;4.936;-9210759;Fibronectin
T4;77;2198;682;4.746;4.746;-11974570;Fibronectin
T4;78;2186;678;4.288;4.288;-10000812;Fibronectin
T4;79;2168;666;7.334;7.334;-10399406;Fibronectin
T4;80;2152;656;6.396;6.396;-9796262;Fibronectin
T4;81;2136;640;7.671;7.671;-10722201;Fibronectin
T4;82;2138;626;4.794;4.794;-11643557;Fibronectin
T4;83;2142;618;3.032;3.032;-11580848;Fibronectin
T4;84;2148;622;2.445;2.445;-8613781;Fibronectin
T4;85;2154;634;4.548;4.548;-11314362;Fibronectin
T4;86;2156;630;1.516;1.516;-9473954;Fibronectin
T4;87;2162;632;2.144;2.144;-11112866;Fibronectin
T4;88;2140;628;7.580;7.580;-12559280;Fibronectin
T4;89;2128;624;4.288;4.288;-9078406;Fibronectin
T4;90;2132;626;1.516;1.516;-11645611;Fibronectin
T4;91;2122;626;3.390;3.390;-9471632;Fibronectin
T4;92;2116;630;2.445;2.445;-10001325;Fibronectin
T4;93;2116;640;3.390;3.390;-8224403;Fibronectin
T4;94;2112;656;5.591;5.591;-8422809;Fibronectin
T4;95;2110;672;5.466;5.466;-10328488;Fibronectin
T4;96;2106;664;3.032;3.032;-10257824;Fibronectin
T4;97;2108;666;0.959;0.959;-9803936;Fibronectin
T4;98;2110;670;1.516;1.516;-10003116;Fibronectin
T4;99;2112;676;2.144;2.144;-10787240;Fibronectin
T4;100;2114;682;2.144;2.144;-9799835;Fibronectin
T4;101;2116;688;2.144;2.144;-7767687;Fibronectin
T4;102;2122;686;2.144;2.144;-9145490;Fibronectin
T4;103;2138;684;5.466;5.466;-7309196;Fibronectin
T4;104;2152;686;4.794;4.794;-8884131;Fibronectin
T4;105;2160;684;2.795;2.795;-8816020;Fibronectin
T4;106;2166;686;2.144;2.144;-8291977;Fibronectin
T4;107;2178;678;4.889;4.889;-9408661;Fibronectin
T4;108;2186;668;4.341;4.341;-9671063;Fibronectin
T4;109;2198;666;4.124;4.124;-10196386;Fibronectin
T4;110;2202;664;1.516;1.516;-10591647;Fibronectin
T4;111;2204;664;0.678;0.678;-9869982;Fibronectin
T4;112;2196;668;3.032;3.032;-9011850;Fibronectin
T4;113;2202;642;9.046;9.046;-9272980;Fibronectin
T4;114;2218;634;6.064;6.064;-11046556;Fibronectin
T4;115;2242;636;8.164;8.164;-9737627;Fibronectin
T4;116;2240;640;1.516;1.516;-8685704;Fibronectin
T4;117;2252;634;4.548;4.548;-13087426;Fibronectin
T4;118;2258;640;2.877;2.877;-11180959;Fibronectin
T4;119;2266;644;3.032;3.032;-12100521;Fibronectin
T4;120;2268;640;1.516;1.516;-10129815;Fibronectin
T4;121;2268;634;2.034;2.034;-10981529;Fibronectin
T4;122;2268;632;0.678;0.678;-11966368;Fibronectin
T4;123;2266;634;0.959;0.959;-11508899;Fibronectin
T4;124;2268;638;1.516;1.516;-11051936;Fibronectin
T4;125;2270;636;0.959;0.959;-10132384;Fibronectin
T4;126;2278;638;2.795;2.795;-11182242;Fibronectin
T4;127;2282;634;1.918;1.918;-11047835;Fibronectin
T4;128;2290;630;3.032;3.032;-12232119;Fibronectin
T4;129;2288;642;4.124;4.124;-11640758;Fibronectin
T4;130;2288;640;0.678;0.678;-11702184;Fibronectin
T4;131;2286;634;2.144;2.144;-12100525;Fibronectin
T4;132;2286;636;0.678;0.678;-11240097;Fibronectin
T4;133;2286;636;0.000;0.000;-10980763;Fibronectin
T4;134;2284;636;0.678;0.678;-9140113;Fibronectin
T4;135;2284;628;2.712;2.712;-10327206;Fibronectin
T4;136;2296;622;4.548;4.548;-10595220;Fibronectin
T4;137;2302;626;2.445;2.445;-10261150;Fibronectin
T4;138;2304;628;0.959;0.959;-9868191;Fibronectin
T4;139;2296;634;3.390;3.390;-10714794;Fibronectin
T4;140;2290;626;3.390;3.390;-8814998;Fibronectin
T4;141;2286;630;1.918;1.918;-9535374;Fibronectin
T4;142;2284;632;0.959;0.959;-10651293;Fibronectin
T4;143;2284;626;2.034;2.034;-9407640;Fibronectin
T4;144;2292;626;2.712;2.712;-10259608;Fibronectin
T4;145;2286;626;2.034;2.034;-10260388;Fibronectin
T4;146;2284;622;1.516;1.516;-9997976;Fibronectin
T4;147;2284;624;0.678;0.678;-8882054;Fibronectin
T4;148;2286;624;0.678;0.678;-9345168;Fibronectin
T4;149;2286;630;2.034;2.034;-9934233;Fibronectin
T4;150;2288;632;0.959;0.959;-9013640;Fibronectin
T4;151;2286;634;0.959;0.959;-9077905;Fibronectin
T4;152;2286;636;0.678;0.678;-9734804;Fibronectin
T4;153;2286;634;0.678;0.678;-9932703;Fibronectin
T4;154;2290;634;1.356;1.356;-8750218;Fibronectin
T4;155;2294;626;3.032;3.032;-9080965;Fibronectin
T4;156;2296;634;2.795;2.795;-9208462;Fibronectin
T4;157;2296;630;1.356;1.356;-12769451;Fibronectin
T4;158;2296;604;8.814;8.814;-9741715;Fibronectin
T4;159;2284;600;4.288;4.288;-9278095;Fibronectin
T4;160;2276;598;2.795;2.795;-11052950;Fibronectin
T4;161;2274;596;0.959;0.959;-9342356;Fibronectin
T4;162;2268;596;2.034;2.034;-9736334;Fibronectin
T4;163;2264;592;1.918;1.918;-11050143;Fibronectin
T4;164;2270;594;2.144;2.144;-10590865;Fibronectin
T4;165;2278;596;2.795;2.795;-8945028;Fibronectin
T4;166;2282;592;1.918;1.918;-9472915;Fibronectin
T4;167;2288;596;2.445;2.445;-8155263;Fibronectin
T4;168;2298;590;3.953;3.953;-10073252;Fibronectin
T4;169;2296;588;0.959;0.959;-11194286;Fibronectin
T4;170;2296;580;2.712;2.712;-8430731;Fibronectin
T4;171;2298;578;0.959;0.959;-10196125;Fibronectin
T4;172;2310;582;4.288;4.288;-10265492;Fibronectin
T4;173;2318;582;2.712;2.712;-10130834;Fibronectin
T4;174;2318;586;1.356;1.356;-9144725;Fibronectin
T4;175;2310;588;2.795;2.795;-9798546;Fibronectin
T4;176;2308;578;3.457;3.457;-10063761;Fibronectin
T4;177;2308;578;0.000;0.000;-9406090;Fibronectin
T4;178;2296;590;5.753;5.753;-8883070;Fibronectin
T4;179;2288;598;3.835;3.835;-10264199;Fibronectin
T4;180;2278;608;4.794;4.794;-10066330;Fibronectin
T4;181;2264;616;5.466;5.466;-9668508;Fibronectin
T4;182;2260;618;1.516;1.516;-9470859;Fibronectin
T4;183;2250;626;4.341;4.341;-10982044;Fibronectin
T4;184;2248;626;0.678;0.678;-9735827;Fibronectin
T4;185;2258;626;3.390;3.390;-9339786;Fibronectin
T4;186;2260;630;1.516;1.516;-9603217;Fibronectin
T4;187;2258;630;0.678;0.678;-9340562;Fibronectin
T4;188;2250;630;2.712;2.712;-9799072;Fibronectin
T4;189;2236;610;8.276;8.276;-10194335;Fibronectin
T4;190;2222;612;4.794;4.794;-9277841;Fibronectin
T4;191;2218;612;1.356;1.356;-8746385;Fibronectin
T4;192;2208;618;3.953;3.953;-10320539;Fibronectin
T4;193;2206;624;2.144;2.144;-9800597;Fibronectin
T4;194;2194;628;4.288;4.288;-11637411;Fibronectin
T4;195;2194;628;0.000;0.000;-11375537;Fibronectin
T4;196;2188;624;2.445;2.445;-11639477;Fibronectin
T4;197;2188;616;2.712;2.712;-9472653;Fibronectin
T4;198;2202;620;4.936;4.936;-9210512;Fibronectin
T4;199;2200;614;2.144;2.144;-9079948;Fibronectin
T4;200;2198;624;3.457;3.457;-9537424;Fibronectin
T4;201;2194;618;2.445;2.445;-11052463;Fibronectin
T4;202;2202;622;3.032;3.032;-9734042;Fibronectin
T4;203;2210;622;2.712;2.712;-9867940;Fibronectin
T4;204;2212;622;0.678;0.678;-8158846;Fibronectin
T4;205;2214;624;0.959;0.959;-9275549;Fibronectin
T4;206;2218;630;2.445;2.445;-11246245;Fibronectin
T4;207;2222;632;1.516;1.516;-12108199;Fibronectin
T4;208;2234;642;5.295;5.295;-9143437;Fibronectin
T4;209;2242;640;2.795;2.795;-9734546;Fibronectin
T4;210;2248;632;3.390;3.390;-9931413;Fibronectin
T4;211;2250;630;0.959;0.959;-9671323;Fibronectin
T4;212;2250;622;2.712;2.712;-11579812;Fibronectin
T4;213;2256;610;4.548;4.548;-8950420;Fibronectin
T4;214;2288;594;12.128;12.128;-10327946;Fibronectin
T4;215;2288;596;0.678;0.678;-10395287;Fibronectin
T4;216;2286;588;2.795;2.795;-10130832;Fibronectin
T4;217;2286;578;3.390;3.390;-11122599;Fibronectin
T4;218;2286;574;1.356;1.356;-10129827;Fibronectin
T4;219;2280;578;2.445;2.445;-9079186;Fibronectin
T4;220;2278;580;0.959;0.959;-11846827;Fibronectin
T4;221;2272;578;2.144;2.144;-10849442;Fibronectin
T4;222;2282;580;3.457;3.457;-9739927;Fibronectin
T4;223;2278;576;1.918;1.918;-12036011;Fibronectin
T4;224;2266;572;4.288;4.288;-11903146;Fibronectin
T4;225;2260;570;2.144;2.144;-9803410;Fibronectin
T4;226;2266;574;2.445;2.445;-12824508;Fibronectin
T4;227;2252;588;6.712;6.712;-8417146;Fibronectin
T4;228;2250;594;2.144;2.144;-10063248;Fibronectin
T4;229;2250;592;0.678;0.678;-9935520;Fibronectin
T4;230;2250;598;2.034;2.034;-9932686;Fibronectin
T4;231;2256;608;3.953;3.953;-9209491;Fibronectin
T4;232;2258;608;0.678;0.678;-10126743;Fibronectin
T40;2;380;1254;1.516;1.516;-12038592;Fibronectin
T40;3;372;1256;2.795;2.795;-11175587;Fibronectin
T40;4;366;1258;2.144;2.144;-12757170;Fibronectin
T40;5;364;1258;0.678;0.678;-12492719;Fibronectin
T40;6;360;1258;1.356;1.356;-10979247;Fibronectin
T40;7;356;1260;1.516;1.516;-11514311;Fibronectin
T40;8;346;1264;3.651;3.651;-13288629;Fibronectin
T40;9;344;1262;0.959;0.959;-12959405;Fibronectin
T40;10;342;1260;0.959;0.959;-10986421;Fibronectin
T40;11;342;1258;0.678;0.678;-11248284;Fibronectin
T40;12;338;1258;1.356;1.356;-12435640;Fibronectin
T40;13;338;1258;0.000;0.000;-11645891;Fibronectin
T40;14;338;1254;1.356;1.356;-11581628;Fibronectin
T40;15;332;1252;2.144;2.144;-9600928;Fibronectin
T40;16;332;1252;0.000;0.000;-10258856;Fibronectin
T40;17;330;1252;0.678;0.678;-10458794;Fibronectin
T40;18;326;1250;1.516;1.516;-11705000;Fibronectin
T40;19;318;1264;5.466;5.466;-12498109;Fibronectin
T40;20;318;1260;1.356;1.356;-13157059;Fibronectin
T40;21;318;1260;0.000;0.000;-10852265;Fibronectin
T40;22;318;1260;0.000;0.000;-11445942;Fibronectin
T40;23;318;1262;0.678;0.678;-10524084;Fibronectin
T40;24;316;1262;0.678;0.678;-10128291;Fibronectin
T40;25;316;1262;0.000;0.000;-12235707;Fibronectin
T40;26;316;1262;0.000;0.000;-13092796;Fibronectin
T40;27;316;1264;0.678;0.678;-12765385;Fibronectin
T40;28;316;1262;0.678;0.678;-12894918;Fibronectin
T40;29;314;1258;1.516;1.516;-11049653;Fibronectin
T40;30;314;1258;0.000;0.000;-10590629;Fibronectin
T40;31;314;1260;0.678;0.678;-12635591;Fibronectin
T40;32;312;1258;0.959;0.959;-11581628;Fibronectin
T40;33;306;1258;2.034;2.034;-10393765;Fibronectin
T40;34;304;1256;0.959;0.959;-10068122;Fibronectin
T40;35;304;1256;0.000;0.000;-10918305;Fibronectin
T40;36;302;1256;0.678;0.678;-11446704;Fibronectin
T40;37;302;1256;0.000;0.000;-11576756;Fibronectin
T40;38;272;1254;10.193;10.193;-8090998;Fibronectin
T40;39;282;1256;3.457;3.457;-8813951;Fibronectin
T40;40;290;1258;2.795;2.795;-13288649;Fibronectin
T40;41;284;1252;2.877;2.877;-12167092;Fibronectin
T40;42;286;1254;0.959;0.959;-11309726;Fibronectin
T40;43;266;1256;6.814;6.814;-13682376;Fibronectin
T40;44;256;1260;3.651;3.651;-13352630;Fibronectin
T40;45;252;1264;1.918;1.918;-13221835;Fibronectin
T40;46;254;1264;0.678;0.678;-11445673;Fibronectin
T40;47;248;1264;2.034;2.034;-14076094;Fibronectin
T40;48;248;1264;0.000;0.000;-13816004;Fibronectin
T40;49;248;1264;0.000;0.000;-13742769;Fibronectin
T40;50;248;1264;0.000;0.000;-14270399;Fibronectin
T40;51;250;1262;0.959;0.959;-14073798;Fibronectin
T40;52;250;1262;0.000;0.000;-13877694;Fibronectin
T40;53;250;1262;0.000;0.000;-13284282;Fibronectin
T40;54;250;1258;1.356;1.356;-12300996;Fibronectin
T40;55;250;1260;0.678;0.678;-13682637;Fibronectin
T40;56;250;1264;1.356;1.356;-13812419;Fibronectin
T40;57;250;1264;0.000;0.000;-13419732;Fibronectin
T40;58;250;1260;1.356;1.356;-14137796;Fibronectin
T40;59;250;1262;0.678;0.678;-10524585;Fibronectin
T40;60;250;1260;0.678;0.678;-13290939;Fibronectin
T40;61;244;1260;2.034;2.034;-13290448;Fibronectin
T40;62;240;1254;2.445;2.445;-9341853;Fibronectin
T40;63;238;1252;0.959;0.959;-10261166;Fibronectin
T40;64;238;1252;0.000;0.000;-11970996;Fibronectin
T40;65;238;1252;0.000;0.000;-11578555;Fibronectin
T40;66;244;1254;2.144;2.144;-9733784;Fibronectin
T40;67;244;1254;0.000;0.000;-12305097;Fibronectin
T40;68;242;1254;0.678;0.678;-11053486;Fibronectin
T40;69;234;1252;2.795;2.795;-11709625;Fibronectin
T40;70;234;1254;0.678;0.678;-10657967;Fibronectin
T40;71;234;1254;0.000;0.000;-14275793;Fibronectin
T40;72;228;1264;3.953;3.953;-9603483;Fibronectin
T40;73;222;1262;2.144;2.144;-11512497;Fibronectin
T40;74;208;1264;4.794;4.794;-10001577;Fibronectin
T40;75;192;1266;5.466;5.466;-10855848;Fibronectin
T40;76;178;1268;4.794;4.794;-10194341;Fibronectin
T40;77;172;1274;2.877;2.877;-11454135;Fibronectin
T40;78;148;1276;8.164;8.164;-13879224;Fibronectin
T40;79;136;1272;4.288;4.288;-13352128;Fibronectin
T40;80;128;1272;2.712;2.712;-13619378;Fibronectin
T40;81;126;1268;1.516;1.516;-12106940;Fibronectin
T40;82;124;1272;1.516;1.516;-10917781;Fibronectin
T40;83;102;1276;7.580;7.580;-10133938;Fibronectin
T40;84;90;1276;4.068;4.068;-13947077;Fibronectin
T40;85;90;1272;1.356;1.356;-13156032;Fibronectin
T40;86;88;1272;0.678;0.678;-14539979;Fibronectin
T40;87;88;1270;0.678;0.678;-14146509;Fibronectin
T40;88;86;1266;1.516;1.516;-14275524;Fibronectin
T40;89;88;1268;0.959;0.959;-13814726;Fibronectin
T40;90;92;1268;1.356;1.356;-12629438;Fibronectin
T40;91;92;1270;0.678;0.678;-14079955;Fibronectin
T40;92;90;1266;1.516;1.516;-14210511;Fibronectin
T40;93;90;1264;0.678;0.678;-12236221;Fibronectin
T40;94;88;1260;1.516;1.516;-12501425;Fibronectin
T40;95;84;1256;1.918;1.918;-10394264;Fibronectin
T40;96;76;1256;2.712;2.712;-11322801;Fibronectin
T40;97;68;1256;2.712;2.712;-13155521;Fibronectin
T40;98;64;1252;1.918;1.918;-13946308;Fibronectin
T40;99;62;1258;2.144;2.144;-11512234;Fibronectin
T40;100;62;1254;1.356;1.356;-9471631;Fibronectin
T40;101;64;1258;1.516;1.516;-12695479;Fibronectin
T40;102;62;1254;1.516;1.516;-9208460;Fibronectin
T40;103;64;1252;0.959;0.959;-9538444;Fibronectin
T40;104;68;1254;1.516;1.516;-10722722;Fibronectin
T40;105;68;1254;0.000;0.000;-10196376;Fibronectin
T40;106;72;1254;1.356;1.356;-11248033;Fibronectin
T40;107;74;1250;1.516;1.516;-13089738;Fibronectin
T40;108;80;1250;2.034;2.034;-11902639;Fibronectin
T40;109;78;1248;0.959;0.959;-11574177;Fibronectin
T40;110;64;1248;4.746;4.746;-10657958;Fibronectin
T40;111;64;1254;2.034;2.034;-12958643;Fibronectin
T40;112;54;1258;3.651;3.651;-13029550;Fibronectin
T40;113;50;1256;1.516;1.516;-11577251;Fibronectin
T40;114;42;1252;3.032;3.032;-12762804;Fibronectin
T40;115;38;1248;1.918;1.918;-10653087;Fibronectin
T40;116;32;1250;2.144;2.144;-11315119;Fibronectin
T40;117;30;1254;1.516;1.516;-11319982;Fibronectin
T40;118;30;1252;0.678;0.678;-11511466;Fibronectin
T40;119;30;1252;0.000;0.000;-9733531;Fibronectin
T41;2;1844;1554;2.445;2.445;-12429498;Fibronectin
T41;3;1844;1548;2.034;2.034;-14335424;Fibronectin
T41;4;1844;1548;0.000;0.000;-12759490;Fibronectin
T41;5;1846;1548;0.678;0.678;-11175607;Fibronectin
T41;6;1846;1550;0.678;0.678;-12029112;Fibronectin
T41;7;1846;1550;0.000;0.000;-11568045;Fibronectin
T41;8;1846;1550;0.000;0.000;-12367822;Fibronectin
T41;9;1846;1550;0.000;0.000;-10005678;Fibronectin
T41;10;1834;1550;4.068;4.068;-10785465;Fibronectin
T41;11;1834;1552;0.678;0.678;-11967419;Fibronectin
T41;12;1834;1550;0.678;0.678;-11843234;Fibronectin
T41;13;1832;1546;1.516;1.516;-11650467;Fibronectin
T41;14;1828;1546;1.356;1.356;-11319469;Fibronectin
T41;15;1828;1546;0.000;0.000;-11849663;Fibronectin
T41;16;1826;1546;0.678;0.678;-9868197;Fibronectin
T41;17;1822;1546;1.356;1.356;-14004919;Fibronectin
T41;18;1818;1546;1.356;1.356;-10784915;Fibronectin
T41;19;1820;1542;1.516;1.516;-11908542;Fibronectin
T41;20;1820;1544;0.678;0.678;-13488079;Fibronectin
T41;21;1820;1546;0.678;0.678;-10856373;Fibronectin
T41;22;1820;1546;0.000;0.000;-12634298;Fibronectin
T41;23;1814;1544;2.144;2.144;-13878199;Fibronectin
T41;24;1814;1540;1.356;1.356;-12629177;Fibronectin
T41;25;1816;1544;1.516;1.516;-13086905;Fibronectin
T41;26;1816;1542;0.678;0.678;-12624056;Fibronectin
T41;27;1816;1538;1.356;1.356;-10394555;Fibronectin
T41;28;1816;1542;1.356;1.356;-12232635;Fibronectin
T41;29;1816;1542;0.000;0.000;-12693410;Fibronectin
T41;30;1816;1536;2.034;2.034;-12034225;Fibronectin
T41;31;1816;1536;0.000;0.000;-11374265;Fibronectin
T41;32;1816;1536;0.000;0.000;-12305337;Fibronectin
T41;33;1816;1532;1.356;1.356;-11050666;Fibronectin
T41;34;1816;1534;0.678;0.678;-10983606;Fibronectin
T41;35;1818;1536;0.959;0.959;-11849396;Fibronectin
T41;36;1818;1538;0.678;0.678;-12307126;Fibronectin
T41;37;1818;1538;0.000;0.000;-12372147;Fibronectin
T41;38;1814;1530;3.032;3.032;-10854080;Fibronectin
T41;39;1814;1530;0.000;0.000;-9671079;Fibronectin
T41;40;1814;1532;0.678;0.678;-11453886;Fibronectin
T41;41;1814;1532;0.000;0.000;-10656435;Fibronectin
T41;42;1812;1528;1.516;1.516;-10916536;Fibronectin
T41;43;1812;1530;0.678;0.678;-10191012;Fibronectin
T41;44;1812;1532;0.678;0.678;-11442100;Fibronectin
T41;45;1814;1534;0.959;0.959;-11443650;Fibronectin
T41;46;1812;1532;0.959;0.959;-12163256;Fibronectin
T41;47;1812;1530;0.678;0.678;-11965626;Fibronectin
T41;48;1812;1532;0.678;0.678;-11571119;Fibronectin
T41;49;1814;1532;0.678;0.678;-12238279;Fibronectin
T41;50;1812;1530;0.959;0.959;-11253176;Fibronectin
T41;51;1812;1530;0.000;0.000;-12625076;Fibronectin
T41;52;1812;1532;0.678;0.678;-11574718;Fibronectin
T41;53;1814;1530;0.959;0.959;-12039117;Fibronectin
T41;54;1814;1530;0.000;0.000;-11514562;Fibronectin
T41;55;1812;1524;2.144;2.144;-8554667;Fibronectin
T41;56;1812;1524;0.000;0.000;-10392999;Fibronectin
T41;57;1812;1524;0.000;0.000;-12890825;Fibronectin
T41;58;1812;1524;0.000;0.000;-9996705;Fibronectin
T41;59;1814;1524;0.678;0.678;-11442855;Fibronectin
T41;60;1814;1526;0.678;0.678;-11768498;Fibronectin
T41;61;1818;1528;1.516;1.516;-10458545;Fibronectin
T41;62;1818;1528;0.000;0.000;-10328491;Fibronectin
T41;63;1818;1528;0.000;0.000;-9669013;Fibronectin
T41;64;1814;1526;1.516;1.516;-10059934;Fibronectin
T41;65;1814;1526;0.000;0.000;-9863836;Fibronectin
T41;66;1816;1528;0.959;0.959;-9205657;Fibronectin
T41;67;1816;1528;0.000;0.000;-9930659;Fibronectin
T41;68;1816;1528;0.000;0.000;-10459810;Fibronectin
T41;69;1812;1532;1.918;1.918;-12236735;Fibronectin
T41;70;1812;1534;0.678;0.678;-12368833;Fibronectin
T41;71;1812;1532;0.678;0.678;-12236221;Fibronectin
T41;72;1812;1530;0.678;0.678;-11052465;Fibronectin
T41;73;1812;1528;0.678;0.678;-13026235;Fibronectin
T41;74;1812;1526;0.678;0.678;-13747905;Fibronectin
T41;75;1810;1522;1.516;1.516;-12235708;Fibronectin
T41;76;1810;1522;0.000;0.000;-13551301;Fibronectin
T41;77;1814;1522;1.356;1.356;-10652063;Fibronectin
T41;78;1814;1522;0.000;0.000;-11905713;Fibronectin
T41;79;1816;1526;1.516;1.516;-11442870;Fibronectin
T41;80;1816;1526;0.000;0.000;-11048348;Fibronectin
T41;81;1816;1528;0.678;0.678;-10064038;Fibronectin
T41;82;1816;1530;0.678;0.678;-10460579;Fibronectin
T41;83;1816;1530;0.000;0.000;-10654114;Fibronectin
T41;84;1812;1534;1.918;1.918;-10333878;Fibronectin
T41;85;1812;1534;0.000;0.000;-9081240;Fibronectin
T41;86;1812;1534;0.000;0.000;-12108231;Fibronectin
T41;87;1806;1530;2.445;2.445;-12761024;Fibronectin
T41;88;1806;1530;0.000;0.000;-10851735;Fibronectin
T41;89;1806;1530;0.000;0.000;-10259600;Fibronectin
T42;2;2460;836;1.918;1.918;-13281984;Fibronectin
T42;3;2456;836;1.356;1.356;-14008522;Fibronectin
T42;4;2458;832;1.516;1.516;-13350339;Fibronectin
T42;5;2458;832;0.000;0.000;-10398894;Fibronectin
T42;6;2452;826;2.877;2.877;-11252649;Fibronectin
T42;7;2450;818;2.795;2.795;-10725297;Fibronectin
T42;8;2450;818;0.000;0.000;-10987432;Fibronectin
T42;9;2448;818;0.678;0.678;-11514816;Fibronectin
T42;10;2446;818;0.678;0.678;-12105410;Fibronectin
T42;11;2446;824;2.034;2.034;-11445440;Fibronectin
T42;12;2442;822;1.516;1.516;-14995918;Fibronectin
T42;13;2442;818;1.356;1.356;-14206410;Fibronectin
T42;14;2442;816;0.678;0.678;-14403791;Fibronectin
T42;15;2444;816;0.678;0.678;-12431295;Fibronectin
T42;16;2442;820;1.516;1.516;-13613774;Fibronectin
T42;17;2444;824;1.516;1.516;-12560318;Fibronectin
T42;18;2446;826;0.959;0.959;-12430027;Fibronectin
T42;19;2448;828;0.959;0.959;-9872560;Fibronectin
T42;20;2450;830;0.959;0.959;-10924484;Fibronectin
T42;21;2448;826;1.516;1.516;-6981243;Fibronectin
T42;22;2448;826;0.000;0.000;-9802131;Fibronectin
T42;23;2436;826;4.068;4.068;-7768714;Fibronectin
T42;24;2432;828;1.516;1.516;-9608875;Fibronectin
T42;25;2428;830;1.516;1.516;-9276062;Fibronectin
T42;26;2420;826;3.032;3.032;-12103368;Fibronectin
T42;27;2416;826;1.356;1.356;-13021120;Fibronectin
T42;28;2412;824;1.516;1.516;-14667992;Fibronectin
T42;29;2412;824;0.000;0.000;-12169673;Fibronectin
T42;30;2416;826;1.516;1.516;-11449764;Fibronectin
T42;31;2410;826;2.034;2.034;-9340562;Fibronectin
T42;32;2406;828;1.516;1.516;-8951950;Fibronectin
T42;33;2394;828;4.068;4.068;-12231594;Fibronectin
T42;34;2392;828;0.678;0.678;-14208961;Fibronectin
T42;35;2390;824;1.516;1.516;-10585776;Fibronectin
T42;36;2386;824;1.356;1.356;-14474961;Fibronectin
T42;37;2384;824;0.678;0.678;-14800846;Fibronectin
T42;38;2380;820;1.918;1.918;-13615818;Fibronectin
T42;39;2376;814;2.445;2.445;-10067335;Fibronectin
T42;40;2368;806;3.835;3.835;-10656909;Fibronectin
T42;41;2352;796;6.396;6.396;-14012873;Fibronectin
T42;42;2346;792;2.445;2.445;-11973827;Fibronectin
T42;43;2338;790;2.795;2.795;-9141931;Fibronectin
T42;44;2342;798;3.032;3.032;-13875140;Fibronectin
T42;45;2342;796;0.678;0.678;-10001341;Fibronectin
T42;46;2340;798;0.959;0.959;-10329803;Fibronectin
T42;47;2338;804;2.144;2.144;-11641779;Fibronectin
T42;48;2332;804;2.034;2.034;-9661831;Fibronectin
T42;49;2326;800;2.445;2.445;-12956582;Fibronectin
T42;50;2326;802;0.678;0.678;-13676206;Fibronectin
T42;51;2330;804;1.516;1.516;-11841955;Fibronectin
T42;52;2330;804;0.000;0.000;-12500145;Fibronectin
T42;53;2328;804;0.678;0.678;-10982030;Fibronectin
T42;54;2332;806;1.516;1.516;-9407109;Fibronectin
T42;55;2336;806;1.356;1.356;-8620424;Fibronectin
T42;56;2346;814;4.341;4.341;-9800086;Fibronectin
T42;57;2348;804;3.457;3.457;-10792886;Fibronectin
T42;58;2342;802;2.144;2.144;-13616580;Fibronectin
T42;59;2338;798;1.918;1.918;-13481914;Fibronectin
T42;60;2336;792;2.144;2.144;-13809350;Fibronectin
T42;61;2336;792;0.000;0.000;-14204092;Fibronectin
T42;62;2336;794;0.678;0.678;-13016496;Fibronectin
T42;63;2340;796;1.516;1.516;-11909320;Fibronectin
T42;64;2336;798;1.516;1.516;-14736077;Fibronectin
T42;65;2334;798;0.678;0.678;-13745073;Fibronectin
T42;66;2336;790;2.795;2.795;-12830917;Fibronectin
T42;67;2336;794;1.356;1.356;-13345461;Fibronectin
T42;68;2336;794;0.000;0.000;-13874372;Fibronectin
T42;69;2334;798;1.516;1.516;-13284033;Fibronectin
T42;70;2332;792;2.144;2.144;-12697789;Fibronectin
T42;71;2336;802;3.651;3.651;-9143965;Fibronectin
T42;72;2336;804;0.678;0.678;-9145513;Fibronectin
T42;73;2336;804;0.000;0.000;-12107204;Fibronectin
T42;74;2336;808;1.356;1.356;-11184803;Fibronectin
T42;75;2336;810;0.678;0.678;-11381426;Fibronectin
T42;76;2336;812;0.678;0.678;-11253433;Fibronectin
T42;77;2336;812;0.000;0.000;-12896961;Fibronectin
T42;78;2334;814;0.959;0.959;-10329250;Fibronectin
T42;79;2334;814;0.000;0.000;-12696007;Fibronectin
T42;80;2334;808;2.034;2.034;-11578037;Fibronectin
T42;81;2336;814;2.144;2.144;-9407369;Fibronectin
T42;82;2330;818;2.445;2.445;-9539743;Fibronectin
T42;83;2324;820;2.144;2.144;-10789016;Fibronectin
T42;84;2324;820;0.000;0.000;-10196388;Fibronectin
T42;85;2324;812;2.712;2.712;-9338005;Fibronectin
T42;86;2320;816;1.918;1.918;-9799827;Fibronectin
T42;87;2320;816;0.000;0.000;-7234939;Fibronectin
T42;88;2318;812;1.516;1.516;-11709097;Fibronectin
T42;89;2310;812;2.712;2.712;-13089459;Fibronectin
T42;90;2310;816;1.356;1.356;-15325407;Fibronectin
T42;91;2310;818;0.678;0.678;-12101301;Fibronectin
T42;92;2314;812;2.445;2.445;-13353409;Fibronectin
T42;93;2316;814;0.959;0.959;-13417661;Fibronectin
T42;94;2316;816;0.678;0.678;-12237250;Fibronectin
T42;95;2320;816;1.356;1.356;-13682376;Fibronectin
T42;96;2324;818;1.516;1.516;-10718618;Fibronectin
T42;97;2330;818;2.034;2.034;-9808286;Fibronectin
T42;98;2332;822;1.516;1.516;-9808047;Fibronectin
T42;99;2330;826;1.516;1.516;-10139053;Fibronectin
T42;100;2330;828;0.678;0.678;-7964312;Fibronectin
T42;101;2332;828;0.678;0.678;-8358042;Fibronectin
T42;102;2332;830;0.678;0.678;-9283996;Fibronectin
T42;103;2332;834;1.356;1.356;-9085838;Fibronectin
T42;104;2332;832;0.678;0.678;-10988210;Fibronectin
T42;105;2332;834;0.678;0.678;-10791334;Fibronectin
T42;106;2328;830;1.918;1.918;-9928341;Fibronectin
T42;107;2326;828;0.959;0.959;-10853538;Fibronectin
T42;108;2322;832;1.918;1.918;-10389143;Fibronectin
T42;109;2320;834;0.959;0.959;-12955317;Fibronectin
T42;110;2320;832;0.678;0.678;-11243933;Fibronectin
T42;111;2320;830;0.678;0.678;-12490918;Fibronectin
T42;112;2312;834;3.032;3.032;-13420733;Fibronectin
T42;113;2310;832;0.959;0.959;-14074564;Fibronectin
T42;114;2314;826;2.445;2.445;-14735826;Fibronectin
T42;115;2314;826;0.000;0.000;-14734804;Fibronectin
T42;116;2314;828;0.678;0.678;-14670284;Fibronectin
T42;117;2316;832;1.516;1.516;-14140358;Fibronectin
T42;118;2318;828;1.516;1.516;-11905962;Fibronectin
T42;119;2320;832;1.516;1.516;-12303292;Fibronectin
T42;120;2322;836;1.516;1.516;-12495281;Fibronectin
T42;121;2322;838;0.678;0.678;-12827326;Fibronectin
T42;122;2322;842;1.356;1.356;-10655397;Fibronectin
T42;123;2322;840;0.678;0.678;-13486028;Fibronectin
T42;124;2322;840;0.000;0.000;-12501698;Fibronectin
T42;125;2322;840;0.000;0.000;-11320245;Fibronectin
T42;126;2322;844;1.356;1.356;-12504507;Fibronectin
T42;127;2318;836;3.032;3.032;-12500922;Fibronectin
T42;128;2318;838;0.678;0.678;-9668762;Fibronectin
T42;129;2314;844;2.445;2.445;-12241860;Fibronectin
T42;130;2314;842;0.678;0.678;-11315383;Fibronectin
T42;131;2308;836;2.877;2.877;-11905202;Fibronectin
T42;132;2308;838;0.678;0.678;-12038841;Fibronectin
T42;133;2306;840;0.959;0.959;-12238778;Fibronectin
T42;134;2304;840;0.678;0.678;-12369578;Fibronectin
T42;135;2304;840;0.000;0.000;-12368558;Fibronectin
T42;136;2304;838;0.678;0.678;-11317159;Fibronectin
T42;137;2304;838;0.000;0.000;-12369586;Fibronectin
T42;138;2304;836;0.678;0.678;-8361128;Fibronectin
T42;139;2304;836;0.000;0.000;-8424077;Fibronectin
T42;140;2304;836;0.000;0.000;-8489367;Fibronectin
T42;141;2300;838;1.516;1.516;-11313568;Fibronectin
T42;142;2300;840;0.678;0.678;-11185848;Fibronectin
T42;143;2300;836;1.356;1.356;-12896971;Fibronectin
T42;144;2300;834;0.678;0.678;-12563117;Fibronectin
T42;145;2300;832;0.678;0.678;-13486278;Fibronectin
T42;146;2296;830;1.516;1.516;-12236208;Fibronectin
T42;147;2296;832;0.678;0.678;-12697274;Fibronectin
T42;148;2296;834;0.678;0.678;-13222335;Fibronectin
T42;149;2298;836;0.959;0.959;-11841211;Fibronectin
T42;150;2298;838;0.678;0.678;-11119293;Fibronectin
T42;151;2298;838;0.000;0.000;-11249316;Fibronectin
T42;152;2298;838;0.000;0.000;-10064802;Fibronectin
T42;153;2298;834;1.356;1.356;-10850204;Fibronectin
T42;154;2298;834;0.000;0.000;-9468552;Fibronectin
T42;155;2290;834;2.712;2.712;-11776439;Fibronectin
T42;156;2290;832;0.678;0.678;-12237237;Fibronectin
T42;157;2288;832;0.678;0.678;-11119519;Fibronectin
T42;158;2288;832;0.000;0.000;-10989993;Fibronectin
T42;159;2288;834;0.678;0.678;-11650742;Fibronectin
T42;160;2286;836;0.959;0.959;-7763573;Fibronectin
T42;161;2288;838;0.959;0.959;-10132636;Fibronectin
T42;162;2290;836;0.959;0.959;-9340815;Fibronectin
T42;163;2292;832;1.516;1.516;-12039344;Fibronectin
T42;164;2292;824;2.712;2.712;-12961210;Fibronectin
T42;165;2292;818;2.034;2.034;-13222086;Fibronectin
T42;166;2292;816;0.678;0.678;-11249341;Fibronectin
T42;167;2294;820;1.516;1.516;-11905724;Fibronectin
T42;168;2296;822;0.959;0.959;-14340808;Fibronectin
T42;169;2296;822;0.000;0.000;-10326691;Fibronectin
T42;170;2294;830;2.795;2.795;-9808047;Fibronectin
T42;171;2294;830;0.000;0.000;-11910593;Fibronectin
T42;172;2290;826;1.918;1.918;-12634040;Fibronectin
T42;173;2290;824;0.678;0.678;-13751249;Fibronectin
T42;174;2290;820;1.356;1.356;-12826289;Fibronectin
T42;175;2290;820;0.000;0.000;-10392211;Fibronectin
T42;176;2290;822;0.678;0.678;-11052194;Fibronectin
T42;177;2294;822;1.356;1.356;-13751238;Fibronectin
T42;178;2296;820;0.959;0.959;-11057624;Fibronectin
T42;179;2296;818;0.678;0.678;-10527934;Fibronectin
T42;180;2296;818;0.000;0.000;-12167345;Fibronectin
T42;181;2294;814;1.516;1.516;-11716543;Fibronectin
T42;182;2292;810;1.516;1.516;-13163716;Fibronectin
T42;183;2292;810;0.000;0.000;-11316395;Fibronectin
T42;184;2294;802;2.795;2.795;-8297376;Fibronectin
T43;2;2434;630;2.144;2.144;-10853301;Fibronectin
T43;3;2434;630;0.000;0.000;-11780032;Fibronectin
T43;4;2428;630;2.034;2.034;-9465739;Fibronectin
T43;5;2424;634;1.918;1.918;-13086654;Fibronectin
T43;6;2424;636;0.678;0.678;-11376812;Fibronectin
T43;7;2424;632;1.356;1.356;-9341867;Fibronectin
T43;8;2432;630;2.795;2.795;-10720687;Fibronectin
T43;9;2418;634;4.936;4.936;-13025737;Fibronectin
T43;10;2414;630;1.918;1.918;-12364973;Fibronectin
T43;11;2400;626;4.936;4.936;-11707319;Fibronectin
T43;12;2398;624;0.959;0.959;-10923420;Fibronectin
T43;13;2390;620;3.032;3.032;-9146770;Fibronectin
T43;14;2386;630;3.651;3.651;-9404065;Fibronectin
T43;15;2384;628;0.959;0.959;-8418184;Fibronectin
T43;16;2378;622;2.877;2.877;-9084564;Fibronectin
T43;17;2376;622;0.678;0.678;-10859421;Fibronectin
T43;18;2368;618;3.032;3.032;-9868189;Fibronectin
T43;19;2354;614;4.936;4.936;-12232119;Fibronectin
T43;20;2352;614;0.678;0.678;-11573163;Fibronectin
T43;21;2350;612;0.959;0.959;-11311282;Fibronectin
T43;22;2348;612;0.678;0.678;-12631998;Fibronectin
T43;23;2340;618;3.390;3.390;-12429488;Fibronectin
T43;24;2336;618;1.356;1.356;-12359342;Fibronectin
T43;25;2332;616;1.516;1.516;-11445412;Fibronectin
T43;26;2332;612;1.356;1.356;-10654365;Fibronectin
T43;27;2324;606;3.390;3.390;-11643555;Fibronectin
T43;28;2320;600;2.445;2.445;-7370371;Fibronectin
T43;29;2320;594;2.034;2.034;-9734546;Fibronectin
T43;30;2336;604;6.396;6.396;-12041652;Fibronectin
T43;31;2336;604;0.000;0.000;-9875357;Fibronectin
T43;32;2336;602;0.678;0.678;-8748956;Fibronectin
T43;33;2334;598;1.516;1.516;-9873551;Fibronectin
T43;34;2328;598;2.034;2.034;-11705264;Fibronectin
T43;35;2328;604;2.034;2.034;-12366013;Fibronectin
T43;36;2328;604;0.000;0.000;-8685206;Fibronectin
T43;37;2326;608;1.516;1.516;-11839132;Fibronectin
T43;38;2326;606;0.678;0.678;-7564668;Fibronectin
T43;39;2310;606;5.424;5.424;-11317925;Fibronectin
T43;40;2300;604;3.457;3.457;-12166575;Fibronectin
T43;41;2296;604;1.356;1.356;-11835306;Fibronectin
T43;42;2294;604;0.678;0.678;-8683663;Fibronectin
T43;43;2284;602;3.457;3.457;-11847846;Fibronectin
T43;44;2280;600;1.516;1.516;-10795158;Fibronectin
T43;45;2276;594;2.445;2.445;-11379882;Fibronectin
T43;46;2270;592;2.144;2.144;-9732501;Fibronectin
T43;47;2256;590;4.794;4.794;-11378867;Fibronectin
T43;48;2254;588;0.959;0.959;-12630701;Fibronectin
T43;49;2244;582;3.953;3.953;-11505054;Fibronectin
T43;50;2238;580;2.144;2.144;-10719650;Fibronectin
T43;51;2216;556;11.037;11.037;-9149366;Fibronectin
T43;52;2220;556;1.356;1.356;-10065068;Fibronectin
T43;53;2220;564;2.712;2.712;-13548480;Fibronectin
T43;54;2220;564;0.000;0.000;-10787767;Fibronectin
T43;55;2220;564;0.000;0.000;-8617871;Fibronectin
T43;56;2220;564;0.000;0.000;-12237507;Fibronectin
T43;57;2220;560;1.356;1.356;-12759741;Fibronectin
T43;58;2220;560;0.000;0.000;-11577786;Fibronectin
T43;59;2220;562;0.678;0.678;-10190507;Fibronectin
T43;60;2220;564;0.678;0.678;-10134190;Fibronectin
T43;61;2220;564;0.000;0.000;-9416351;Fibronectin
T43;62;2218;564;0.678;0.678;-11248294;Fibronectin
T43;63;2216;566;0.959;0.959;-13216193;Fibronectin
T43;64;2218;570;1.516;1.516;-12503504;Fibronectin
T43;65;2218;572;0.678;0.678;-11186351;Fibronectin
T43;66;2216;578;2.144;2.144;-13356491;Fibronectin
T43;67;2214;582;1.516;1.516;-13228477;Fibronectin
T43;68;2214;582;0.000;0.000;-12371647;Fibronectin
T43;69;2214;576;2.034;2.034;-11576748;Fibronectin
T43;70;2214;576;0.000;0.000;-11376559;Fibronectin
T43;71;2214;574;0.678;0.678;-12298933;Fibronectin
T43;72;2214;570;1.356;1.356;-12958399;Fibronectin
T43;73;2218;564;2.445;2.445;-12888248;Fibronectin
T43;74;2218;566;0.678;0.678;-13877195;Fibronectin
T43;75;2218;568;0.678;0.678;-13679817;Fibronectin
T43;76;2218;570;0.678;0.678;-14340044;Fibronectin
T43;77;2218;570;0.000;0.000;-13943489;Fibronectin
T43;78;2222;572;1.516;1.516;-13224396;Fibronectin
T43;79;2222;572;0.000;0.000;-11644348;Fibronectin
T43;80;2222;566;2.034;2.034;-12433600;Fibronectin
T43;81;2222;566;0.000;0.000;-12768455;Fibronectin
T43;82;2222;572;2.034;2.034;-11848129;Fibronectin
T43;83;2222;574;0.678;0.678;-12896207;Fibronectin
T43;84;2220;578;1.516;1.516;-12106942;Fibronectin
T43;85;2220;578;0.000;0.000;-12635581;Fibronectin
T43;86;2220;576;0.678;0.678;-13090750;Fibronectin
T44;2;602;946;5.753;5.753;-11247291;Fibronectin
T44;3;602;946;0.000;0.000;-8821144;Fibronectin
T44;4;616;954;5.466;5.466;-10994115;Fibronectin
T44;5;628;958;4.288;4.288;-9868440;Fibronectin
T44;6;630;932;8.840;8.840;-12242099;Fibronectin
T44;7;614;960;10.932;10.932;-12436157;Fibronectin
T44;8;612;928;10.869;10.869;-12894928;Fibronectin
T44;9;616;934;2.445;2.445;-14599125;Fibronectin
T44;10;612;930;1.918;1.918;-11782326;Fibronectin
T44;11;614;902;9.516;9.516;-12960973;Fibronectin
T44;12;618;898;1.918;1.918;-9937567;Fibronectin
T44;13;610;896;2.795;2.795;-7635323;Fibronectin
T44;14;620;888;4.341;4.341;-8553869;Fibronectin
T44;15;596;878;8.814;8.814;-7899827;Fibronectin
T44;16;602;872;2.877;2.877;-12963518;Fibronectin
T44;17;610;892;7.302;7.302;-8621194;Fibronectin
T44;18;612;910;6.140;6.140;-9407935;Fibronectin
T44;19;610;916;2.144;2.144;-7108769;Fibronectin
T44;20;618;908;3.835;3.835;-10464948;Fibronectin
T44;21;616;916;2.795;2.795;-7767471;Fibronectin
T44;22;616;912;1.356;1.356;-8095646;Fibronectin
T44;23;616;912;0.000;0.000;-7568482;Fibronectin
T44;24;616;914;0.678;0.678;-12572574;Fibronectin
T44;25;616;918;1.356;1.356;-10065039;Fibronectin
T44;26;620;920;1.516;1.516;-11119010;Fibronectin
T44;27;618;924;1.516;1.516;-8749730;Fibronectin
T44;28;616;924;0.678;0.678;-9335970;Fibronectin
T44;29;626;914;4.794;4.794;-7109754;Fibronectin
T44;30;670;908;15.054;15.054;-10200739;Fibronectin
T44;31;646;912;8.248;8.248;-7107463;Fibronectin
T44;32;650;906;2.445;2.445;-9340575;Fibronectin
T44;33;692;854;22.660;22.660;-7774347;Fibronectin
T44;34;690;868;4.794;4.794;-8554396;Fibronectin
T44;35;684;868;2.034;2.034;-7637640;Fibronectin
T44;36;672;866;4.124;4.124;-9933990;Fibronectin
T44;37;664;860;3.390;3.390;-10922399;Fibronectin
T44;38;600;784;33.682;33.682;-9872301;Fibronectin
T44;39;588;792;4.889;4.889;-8031637;Fibronectin
T44;40;570;788;6.251;6.251;-11191735;Fibronectin
T44;41;562;794;3.390;3.390;-8883871;Fibronectin
T44;42;562;802;2.712;2.712;-9810358;Fibronectin
T44;43;556;798;2.445;2.445;-10401990;Fibronectin
T44;44;556;798;0.000;0.000;-9607070;Fibronectin
T44;45;556;804;2.034;2.034;-8357781;Fibronectin
T44;46;560;792;4.288;4.288;-11640748;Fibronectin
T44;47;572;788;4.288;4.288;-12241608;Fibronectin
T44;48;592;798;7.580;7.580;-13097158;Fibronectin
T44;49;592;798;0.000;0.000;-11317688;Fibronectin
T44;50;600;808;4.341;4.341;-12115137;Fibronectin
T44;51;600;804;1.356;1.356;-12244142;Fibronectin
T44;52;600;806;0.678;0.678;-12433086;Fibronectin
T44;53;598;810;1.516;1.516;-12305099;Fibronectin
T44;54;598;810;0.000;0.000;-13224920;Fibronectin
T44;55;584;806;4.936;4.936;-10461365;Fibronectin
T44;56;584;804;0.678;0.678;-10925212;Fibronectin
T44;57;588;800;1.918;1.918;-10392211;Fibronectin
T44;58;608;802;6.814;6.814;-14670286;Fibronectin
T44;59;614;796;2.877;2.877;-13419211;Fibronectin
T44;60;618;792;1.918;1.918;-11384222;Fibronectin
T44;61;616;786;2.144;2.144;-10793651;Fibronectin
T44;62;616;786;0.000;0.000;-10526881;Fibronectin
T44;63;616;786;0.000;0.000;-12177322;Fibronectin
T44;64;616;786;0.000;0.000;-8953524;Fibronectin
T44;65;614;796;3.457;3.457;-8881813;Fibronectin
T44;66;614;796;0.000;0.000;-9614501;Fibronectin
T44;67;620;792;2.445;2.445;-9606581;Fibronectin
T44;68;618;800;2.795;2.795;-10532497;Fibronectin
T44;69;612;802;2.144;2.144;-9013640;Fibronectin
T44;70;612;790;4.068;4.068;-11053213;Fibronectin
T44;71;624;790;4.068;4.068;-11847869;Fibronectin
T44;72;626;790;0.678;0.678;-11121837;Fibronectin
T44;73;634;790;2.712;2.712;-8684939;Fibronectin
T44;74;630;792;1.516;1.516;-9416613;Fibronectin
T44;75;632;784;2.795;2.795;-8951225;Fibronectin
T44;76;630;776;2.795;2.795;-10262179;Fibronectin
T44;77;630;778;0.678;0.678;-11652787;Fibronectin
T44;78;630;778;0.000;0.000;-9939107;Fibronectin
T44;79;630;778;0.000;0.000;-10862265;Fibronectin
T44;80;626;778;1.356;1.356;-9212325;Fibronectin
T44;81;618;780;2.795;2.795;-7961718;Fibronectin
T44;82;616;776;1.516;1.516;-11313065;Fibronectin
T44;83;604;786;5.295;5.295;-9079961;Fibronectin
T44;84;620;786;5.424;5.424;-8955798;Fibronectin
T44;85;624;786;1.356;1.356;-7964812;Fibronectin
T44;86;630;776;3.953;3.953;-9476764;Fibronectin
T44;87;596;782;11.704;11.704;-8682885;Fibronectin
T44;88;602;826;15.054;15.054;-10594228;Fibronectin
T44;89;602;832;2.034;2.034;-7766430;Fibronectin
T44;90;604;830;0.959;0.959;-10858392;Fibronectin
T44;91;604;830;0.000;0.000;-10329803;Fibronectin
T44;92;612;800;10.525;10.525;-9737902;Fibronectin
T44;93;610;798;0.959;0.959;-11848131;Fibronectin
T44;94;596;804;5.163;5.163;-9282206;Fibronectin
T44;95;590;802;2.144;2.144;-9673864;Fibronectin
T44;96;588;802;0.678;0.678;-9486756;Fibronectin
T44;97;588;804;0.678;0.678;-8367508;Fibronectin
T44;98;588;804;0.000;0.000;-11453866;Fibronectin
T44;99;590;810;2.144;2.144;-10603983;Fibronectin
T44;100;586;812;1.516;1.516;-7967902;Fibronectin
T44;101;584;810;0.959;0.959;-7245695;Fibronectin
T44;102;586;812;0.959;0.959;-6978689;Fibronectin
T44;103;596;814;3.457;3.457;-10073512;Fibronectin
T44;104;602;816;2.144;2.144;-6781043;Fibronectin
T44;105;602;814;0.678;0.678;-7965844;Fibronectin
T44;106;602;814;0.000;0.000;-9741223;Fibronectin
T44;107;600;814;0.678;0.678;-11848357;Fibronectin
T44;108;600;812;0.678;0.678;-8554909;Fibronectin
T44;109;604;818;2.445;2.445;-11455414;Fibronectin
T44;110;604;818;0.000;0.000;-10727304;Fibronectin
T44;111;606;820;0.959;0.959;-10132632;Fibronectin
T44;112;600;822;2.144;2.144;-10001841;Fibronectin
T44;113;600;828;2.034;2.034;-10269610;Fibronectin
T44;114;618;828;6.102;6.102;-9676952;Fibronectin
T44;115;578;842;14.367;14.367;-8817049;Fibronectin
T44;116;596;840;6.140;6.140;-9679282;Fibronectin
T44;117;604;838;2.795;2.795;-12173751;Fibronectin
T44;118;608;844;2.445;2.445;-8032145;Fibronectin
T44;119;608;844;0.000;0.000;-11058102;Fibronectin
T44;120;608;846;0.678;0.678;-10066104;Fibronectin
T44;121;610;850;1.516;1.516;-9874854;Fibronectin
T44;122;612;854;1.516;1.516;-10989250;Fibronectin
T44;123;614;854;0.678;0.678;-12366272;Fibronectin
T44;124;616;856;0.959;0.959;-12242630;Fibronectin
T44;125;616;856;0.000;0.000;-11450828;Fibronectin
T44;126;616;858;0.678;0.678;-11382467;Fibronectin
T44;127;616;858;0.000;0.000;-10463937;Fibronectin
T44;128;622;866;3.390;3.390;-10658501;Fibronectin
T44;129;622;868;0.678;0.678;-11122616;Fibronectin
T44;130;626;870;1.516;1.516;-12238778;Fibronectin
T44;131;628;874;1.516;1.516;-11319207;Fibronectin
T44;132;630;878;1.516;1.516;-8421031;Fibronectin
T44;133;630;880;0.678;0.678;-9412537;Fibronectin
T44;134;632;880;0.678;0.678;-11843003;Fibronectin
T44;135;638;880;2.034;2.034;-10982577;Fibronectin
T44;136;638;876;1.356;1.356;-13032666;Fibronectin
T44;137;636;866;3.457;3.457;-10398417;Fibronectin
T44;138;636;860;2.034;2.034;-11125190;Fibronectin
T44;139;632;862;1.516;1.516;-10663855;Fibronectin
T44;140;628;868;2.445;2.445;-10330559;Fibronectin
T44;141;624;872;1.918;1.918;-10329261;Fibronectin
T44;142;610;908;13.094;13.094;-8684965;Fibronectin
T44;143;604;934;9.046;9.046;-10198969;Fibronectin
T44;144;602;936;0.959;0.959;-11580072;Fibronectin
T44;145;592;940;3.651;3.651;-12963013;Fibronectin
T44;146;596;932;3.032;3.032;-11905474;Fibronectin
T44;147;600;944;4.288;4.288;-10796722;Fibronectin
T44;148;558;942;14.254;14.254;-13878223;Fibronectin
T44;149;542;942;5.424;5.424;-11841979;Fibronectin
T44;150;534;946;3.032;3.032;-8950455;Fibronectin
T44;151;532;946;0.678;0.678;-11840958;Fibronectin
T44;152;482;948;16.964;16.964;-10655924;Fibronectin
T44;153;470;952;4.288;4.288;-11314891;Fibronectin
T44;154;484;952;4.746;4.746;-11974862;Fibronectin
T44;155;494;960;4.341;4.341;-12766414;Fibronectin
T44;156;496;956;1.516;1.516;-11515843;Fibronectin
T44;157;510;948;5.466;5.466;-11057327;Fibronectin
T44;158;518;926;7.936;7.936;-13025975;Fibronectin
T44;159;518;928;0.678;0.678;-10261189;Fibronectin
T44;160;514;926;1.516;1.516;-10201301;Fibronectin
T44;161;514;934;2.712;2.712;-9740449;Fibronectin
T44;162;512;934;0.678;0.678;-9934503;Fibronectin
T44;163;518;932;2.144;2.144;-11245753;Fibronectin
T44;164;522;932;1.356;1.356;-10003108;Fibronectin
T44;165;530;942;4.341;4.341;-9869488;Fibronectin
T44;166;538;950;3.835;3.835;-7308969;Fibronectin
T44;167;542;952;1.516;1.516;-10265524;Fibronectin
T44;168;542;952;0.000;0.000;-11779256;Fibronectin
T44;169;548;950;2.144;2.144;-11714754;Fibronectin
T44;170;554;950;2.034;2.034;-10532798;Fibronectin
T44;171;554;950;0.000;0.000;-11976870;Fibronectin
T44;172;556;952;0.959;0.959;-9281693;Fibronectin
T44;173;552;952;1.356;1.356;-8420777;Fibronectin
T44;174;552;952;0.000;0.000;-11184310;Fibronectin
T44;175;544;952;2.712;2.712;-10201525;Fibronectin
T44;176;544;954;0.678;0.678;-11784907;Fibronectin
T44;177;544;956;0.678;0.678;-13288906;Fibronectin
T44;178;542;952;1.516;1.516;-10266255;Fibronectin
T44;179;542;956;1.356;1.356;-12695229;Fibronectin
T44;180;558;956;5.424;5.424;-9805953;Fibronectin
T44;181;594;984;15.461;15.461;-9081527;Fibronectin
T44;182;590;1022;12.953;12.953;-9869753;Fibronectin
T44;183;596;968;18.419;18.419;-11453886;Fibronectin
T44;184;612;948;8.683;8.683;-11909571;Fibronectin
T44;185;630;956;6.678;6.678;-11321261;Fibronectin
T44;186;624;990;11.704;11.704;-10461366;Fibronectin
T44;187;606;978;7.334;7.334;-11907531;Fibronectin
T44;188;606;986;2.712;2.712;-10528185;Fibronectin
T44;189;612;978;3.390;3.390;-10332877;Fibronectin
T44;190;606;988;3.953;3.953;-10923193;Fibronectin
T44;191;586;988;6.780;6.780;-10133463;Fibronectin
T44;192;580;972;5.793;5.793;-9931949;Fibronectin
T44;193;568;986;6.251;6.251;-10655146;Fibronectin
T44;194;600;968;12.446;12.446;-10987945;Fibronectin
T44;195;628;936;14.414;14.414;-9537678;Fibronectin
T44;196;620;956;7.302;7.302;-9666192;Fibronectin
T44;197;622;946;3.457;3.457;-7769994;Fibronectin
T44;198;628;944;2.144;2.144;-8032145;Fibronectin
T44;199;632;936;3.032;3.032;-4743249;Fibronectin
T44;200;634;928;2.795;2.795;-7566705;Fibronectin
T44;201;642;902;9.222;9.222;-8891547;Fibronectin
T44;202;646;888;4.936;4.936;-11182770;Fibronectin
T44;203;670;888;8.136;8.136;-11849888;Fibronectin
T44;204;676;884;2.445;2.445;-11314588;Fibronectin
T44;205;676;882;0.678;0.678;-9801895;Fibronectin
T44;206;680;888;2.445;2.445;-10135981;Fibronectin
T44;207;686;890;2.144;2.144;-6590594;Fibronectin
T44;208;688;888;0.959;0.959;-7769743;Fibronectin
T44;209;688;874;4.746;4.746;-10198191;Fibronectin
T44;210;688;868;2.034;2.034;-8617879;Fibronectin
T44;211;686;864;1.516;1.516;-14344381;Fibronectin
T44;212;684;868;1.516;1.516;-10065856;Fibronectin
T44;213;688;862;2.445;2.445;-11124406;Fibronectin
T44;214;704;868;5.793;5.793;-11183283;Fibronectin
T44;215;720;878;6.396;6.396;-9479321;Fibronectin
T44;216;720;884;2.034;2.034;-12759742;Fibronectin
T44;217;720;882;0.678;0.678;-8290930;Fibronectin
T44;218;732;882;4.068;4.068;-8095120;Fibronectin
T44;219;740;884;2.795;2.795;-8422810;Fibronectin
T44;220;744;892;3.032;3.032;-8227707;Fibronectin
T44;221;744;896;1.356;1.356;-7705231;Fibronectin
T44;222;744;900;1.356;1.356;-10002111;Fibronectin
T44;223;754;902;3.457;3.457;-12167078;Fibronectin
T44;224;752;904;0.959;0.959;-10597286;Fibronectin
T44;225;736;906;5.466;5.466;-9017205;Fibronectin
T44;226;690;922;16.510;16.510;-13091779;Fibronectin
T44;227;660;912;10.720;10.720;-11718363;Fibronectin
T44;228;642;900;7.334;7.334;-12634603;Fibronectin
T44;229;652;898;3.457;3.457;-10001841;Fibronectin
T44;230;658;900;2.144;2.144;-8557968;Fibronectin
T44;231;684;888;9.707;9.707;-9015467;Fibronectin
T44;232;690;894;2.877;2.877;-9677237;Fibronectin
T44;233;690;898;1.356;1.356;-10592923;Fibronectin
T44;234;692;908;3.457;3.457;-12566956;Fibronectin
T44;235;688;900;3.032;3.032;-12761549;Fibronectin
T44;236;688;898;0.678;0.678;-12503741;Fibronectin
T44;237;692;892;2.445;2.445;-14210780;Fibronectin
T44;238;692;874;6.102;6.102;-11970762;Fibronectin
T44;239;700;882;3.835;3.835;-9143187;Fibronectin
T44;240;698;872;3.457;3.457;-10848690;Fibronectin
T44;241;690;874;2.795;2.795;-13089989;Fibronectin
T44;242;702;886;5.753;5.753;-11975117;Fibronectin
T44;243;706;874;4.288;4.288;-11250882;Fibronectin
T44;244;708;876;0.959;0.959;-12372696;Fibronectin
T44;245;714;880;2.445;2.445;-13359563;Fibronectin
T44;246;702;886;4.548;4.548;-13099732;Fibronectin
T44;247;688;890;4.936;4.936;-12692159;Fibronectin
T44;248;682;892;2.144;2.144;-12297148;Fibronectin
T44;249;680;896;1.516;1.516;-12367822;Fibronectin
T44;250;682;892;1.516;1.516;-14276582;Fibronectin
T44;251;682;894;0.678;0.678;-14143728;Fibronectin
T44;252;688;894;2.034;2.034;-13551568;Fibronectin
T44;253;692;892;1.516;1.516;-10856660;Fibronectin
T44;254;692;892;0.000;0.000;-11517638;Fibronectin
T44;255;692;898;2.034;2.034;-10330288;Fibronectin
T44;256;694;900;0.959;0.959;-10005955;Fibronectin
T44;257;686;910;4.341;4.341;-14670837;Fibronectin
T44;258;684;920;3.457;3.457;-14144734;Fibronectin
T44;259;686;936;5.466;5.466;-13222862;Fibronectin
T44;260;692;956;7.079;7.079;-12304080;Fibronectin
T44;261;694;960;1.516;1.516;-14210778;Fibronectin
T44;262;694;956;1.356;1.356;-13552869;Fibronectin
T44;263;690;950;2.445;2.445;-14338540;Fibronectin
T44;264;690;950;0.000;0.000;-13883854;Fibronectin
T44;265;690;952;0.678;0.678;-13155527;Fibronectin
T44;266;694;956;1.918;1.918;-12369614;Fibronectin
T44;267;672;976;10.079;10.079;-11121849;Fibronectin
T44;268;650;982;7.730;7.730;-10925489;Fibronectin
T44;269;632;986;6.251;6.251;-15061711;Fibronectin
T44;270;626;992;2.877;2.877;-8162479;Fibronectin
T44;271;624;988;1.516;1.516;-10659782;Fibronectin
T44;272;612;988;4.068;4.068;-11975367;Fibronectin
T44;273;602;976;5.295;5.295;-12820412;Fibronectin
T44;274;612;978;3.457;3.457;-12172468;Fibronectin
T44;275;618;1000;7.730;7.730;-8887444;Fibronectin
T44;276;636;994;6.432;6.432;-12362941;Fibronectin
T44;277;634;1018;8.164;8.164;-9539236;Fibronectin
T44;278;614;1018;6.780;6.780;-12360364;Fibronectin
T44;279;614;1020;0.678;0.678;-9669529;Fibronectin
T44;280;592;1026;7.730;7.730;-12497072;Fibronectin
T44;281;582;1024;3.457;3.457;-10524335;Fibronectin
T44;282;584;1016;2.795;2.795;-12564144;Fibronectin
T44;283;594;1016;3.390;3.390;-11307189;Fibronectin
T44;284;602;1012;3.032;3.032;-9739423;Fibronectin
T44;285;606;1022;3.651;3.651;-11186389;Fibronectin
T44;286;606;1026;1.356;1.356;-11582901;Fibronectin
T44;287;596;1018;4.341;4.341;-12040906;Fibronectin
T44;288;598;1024;2.144;2.144;-14147012;Fibronectin
T44;289;598;1018;2.034;2.034;-12437940;Fibronectin
T44;290;600;1020;0.959;0.959;-12107992;Fibronectin
T44;291;582;1008;7.334;7.334;-14737374;Fibronectin
T44;292;568;1006;4.794;4.794;-10459810;Fibronectin
T44;293;564;1020;4.936;4.936;-9543585;Fibronectin
T44;294;560;1018;1.516;1.516;-10196911;Fibronectin
T44;295;558;1022;1.516;1.516;-11778490;Fibronectin
T44;296;558;1022;0.000;0.000;-12571579;Fibronectin
T44;297;548;1018;3.651;3.651;-9936058;Fibronectin
T44;298;532;1002;7.671;7.671;-12434639;Fibronectin
T44;299;532;992;3.390;3.390;-14269647;Fibronectin
T44;300;530;982;3.457;3.457;-10002364;Fibronectin
T44;301;528;976;2.144;2.144;-9940898;Fibronectin
T44;302;528;978;0.678;0.678;-9939621;Fibronectin
T44;303;522;970;3.390;3.390;-9999023;Fibronectin
T44;304;520;964;2.144;2.144;-13948379;Fibronectin
T44;305;514;954;3.953;3.953;-12569856;Fibronectin
T44;306;508;948;2.877;2.877;-11912396;Fibronectin
T44;307;512;948;1.356;1.356;-12628383;Fibronectin
T44;308;518;942;2.877;2.877;-10400174;Fibronectin
T44;309;532;930;6.251;6.251;-10065099;Fibronectin
T44;310;526;924;2.877;2.877;-13223616;Fibronectin
T44;311;580;928;18.356;18.356;-12626121;Fibronectin
T44;312;592;912;6.780;6.780;-11378879;Fibronectin
T44;313;592;932;6.780;6.780;-11058843;Fibronectin
T44;314;578;960;10.612;10.612;-14077645;Fibronectin
T44;315;580;966;2.144;2.144;-9736601;Fibronectin
T44;316;588;956;4.341;4.341;-13025711;Fibronectin
T44;317;618;928;13.911;13.911;-8880767;Fibronectin
T44;318;610;924;3.032;3.032;-11121829;Fibronectin
T44;319;610;940;5.424;5.424;-11054487;Fibronectin
T44;320;626;942;5.466;5.466;-11381690;Fibronectin
T44;321;638;940;4.124;4.124;-9674405;Fibronectin
T44;322;664;920;11.120;11.120;-13158888;Fibronectin
T44;323;672;908;4.889;4.889;-11581646;Fibronectin
T44;324;676;896;4.288;4.288;-11844786;Fibronectin
T44;325;674;890;2.144;2.144;-10922417;Fibronectin
T44;326;670;886;1.918;1.918;-11383245;Fibronectin
T44;327;666;874;4.288;4.288;-12631497;Fibronectin
T44;328;676;870;3.651;3.651;-10594481;Fibronectin
T44;329;690;882;6.251;6.251;-14804202;Fibronectin
T44;330;680;878;3.651;3.651;-10463183;Fibronectin
T44;331;684;892;4.936;4.936;-11250853;Fibronectin
T44;332;640;936;21.094;21.094;-13882576;Fibronectin
T44;333;648;922;5.466;5.466;-12237240;Fibronectin
T44;334;646;938;5.466;5.466;-11253688;Fibronectin
T44;335;654;936;2.795;2.795;-11779777;Fibronectin
T44;336;662;930;3.390;3.390;-10529694;Fibronectin
T44;337;668;930;2.034;2.034;-10001341;Fibronectin
T44;338;686;940;6.980;6.980;-13552104;Fibronectin
T44;339;692;934;2.877;2.877;-10992832;Fibronectin
T44;340;692;936;0.678;0.678;-12631765;Fibronectin
T44;341;700;932;3.032;3.032;-14211313;Fibronectin
T44;342;706;924;3.390;3.390;-11246271;Fibronectin
T44;343;704;914;3.457;3.457;-11384787;Fibronectin
T44;344;710;914;2.034;2.034;-8555421;Fibronectin
T44;345;678;904;11.365;11.365;-10925989;Fibronectin
T44;346;704;914;9.443;9.443;-10529710;Fibronectin
T44;347;706;916;0.959;0.959;-10792586;Fibronectin
T44;348;702;926;3.651;3.651;-10789303;Fibronectin
T44;349;704;920;2.144;2.144;-11054001;Fibronectin
T44;350;718;896;9.419;9.419;-11901612;Fibronectin
T44;351;730;886;5.295;5.295;-10461651;Fibronectin
T44;352;718;886;4.068;4.068;-13943756;Fibronectin
T44;353;702;868;8.164;8.164;-12370138;Fibronectin
T44;354;716;850;7.730;7.730;-9609404;Fibronectin
T44;355;708;858;3.835;3.835;-12228508;Fibronectin
T44;356;702;864;2.877;2.877;-11710128;Fibronectin
T44;357;710;852;4.889;4.889;-10529199;Fibronectin
T44;358;692;854;6.140;6.140;-10462869;Fibronectin
T44;359;686;866;4.548;4.548;-10658469;Fibronectin
T44;360;682;868;1.516;1.516;-11580347;Fibronectin
T44;361;678;866;1.516;1.516;-14932189;Fibronectin
T44;362;678;866;0.000;0.000;-12369324;Fibronectin
T44;363;668;872;3.953;3.953;-12302253;Fibronectin
T44;364;668;874;0.678;0.678;-11580098;Fibronectin
T44;365;674;858;5.793;5.793;-11381436;Fibronectin
T44;366;656;842;8.164;8.164;-11649713;Fibronectin
T44;367;656;834;2.712;2.712;-10066338;Fibronectin
T44;368;618;846;13.509;13.509;-9408400;Fibronectin
T44;369;622;836;3.651;3.651;-10134944;Fibronectin
T44;370;640;836;6.102;6.102;-10198955;Fibronectin
T44;371;652;850;6.251;6.251;-11117753;Fibronectin
T44;372;656;856;2.445;2.445;-13153213;Fibronectin
T44;373;662;866;3.953;3.953;-9015451;Fibronectin
T44;374;666;874;3.032;3.032;-11249601;Fibronectin
T44;375;666;874;0.000;0.000;-10002354;Fibronectin
T44;376;670;864;3.651;3.651;-10857124;Fibronectin
T44;377;670;864;0.000;0.000;-11444634;Fibronectin
T44;378;670;862;0.678;0.678;-10394786;Fibronectin
T44;379;658;854;4.889;4.889;-10988720;Fibronectin
T44;380;658;852;0.678;0.678;-12170666;Fibronectin
T44;381;658;852;0.000;0.000;-11118767;Fibronectin
T44;382;652;858;2.877;2.877;-10655656;Fibronectin
T44;383;652;856;0.678;0.678;-13415377;Fibronectin
T44;384;654;852;1.516;1.516;-9869226;Fibronectin
T44;385;648;890;13.042;13.042;-8556448;Fibronectin
T44;386;646;888;0.959;0.959;-13096131;Fibronectin
T44;387;654;896;3.835;3.835;-12234437;Fibronectin
T44;388;660;900;2.445;2.445;-12172971;Fibronectin
T44;389;666;890;3.953;3.953;-10527166;Fibronectin
T44;390;666;890;0.000;0.000;-10722730;Fibronectin
T44;391;668;890;0.678;0.678;-10591419;Fibronectin
T44;392;668;890;0.000;0.000;-9872803;Fibronectin
T44;393;664;884;2.445;2.445;-9154720;Fibronectin
T44;394;664;882;0.678;0.678;-9939358;Fibronectin
T44;395;664;880;0.678;0.678;-11580349;Fibronectin
T44;396;658;874;2.877;2.877;-11118769;Fibronectin
T44;397;658;874;0.000;0.000;-11314590;Fibronectin
T44;398;658;874;0.000;0.000;-12368325;Fibronectin
T44;399;660;874;0.678;0.678;-11846064;Fibronectin
T44;400;656;906;10.932;10.932;-13484494;Fibronectin
T44;401;654;902;1.516;1.516;-11972294;Fibronectin
T44;402;654;906;1.356;1.356;-11510668;Fibronectin
T44;403;658;904;1.516;1.516;-12430274;Fibronectin
T44;404;650;904;2.712;2.712;-12106667;Fibronectin
T44;405;650;896;2.712;2.712;-12825283;Fibronectin
T44;406;646;884;4.288;4.288;-13225408;Fibronectin
T44;407;648;876;2.795;2.795;-13551534;Fibronectin
T44;408;654;878;2.144;2.144;-11056572;Fibronectin
T44;409;650;878;1.356;1.356;-11775934;Fibronectin
T44;410;630;864;8.276;8.276;-12433625;Fibronectin
T44;411;628;870;2.144;2.144;-12303567;Fibronectin
T44;412;628;868;0.678;0.678;-11314629;Fibronectin
T44;413;626;870;0.959;0.959;-13682900;Fibronectin
T44;414;634;878;3.835;3.835;-12831226;Fibronectin
T44;415;634;876;0.678;0.678;-13093070;Fibronectin
T44;416;634;890;4.746;4.746;-13026502;Fibronectin
T44;417;624;890;3.390;3.390;-11580883;Fibronectin
T44;418;612;890;4.068;4.068;-15327460;Fibronectin
T44;419;608;888;1.516;1.516;-14472428;Fibronectin
T44;420;620;884;4.288;4.288;-13360307;Fibronectin
T44;421;618;888;1.516;1.516;-13091797;Fibronectin
T44;422;618;878;3.390;3.390;-11583431;Fibronectin
T44;423;634;888;6.396;6.396;-12889036;Fibronectin
T44;424;626;898;4.341;4.341;-12043701;Fibronectin
T44;425;632;900;2.144;2.144;-10990532;Fibronectin
T44;426;640;902;2.795;2.795;-11647190;Fibronectin
T44;427;640;902;0.000;0.000;-12433372;Fibronectin
T44;428;650;902;3.390;3.390;-11845841;Fibronectin
T44;429;646;890;4.288;4.288;-11184069;Fibronectin
T44;430;646;890;0.000;0.000;-11183305;Fibronectin
T44;431;628;890;6.102;6.102;-12302039;Fibronectin
T44;432;620;888;2.795;2.795;-12434870;Fibronectin
T44;433;616;886;1.516;1.516;-11582675;Fibronectin
T44;434;612;882;1.918;1.918;-11054529;Fibronectin
T44;435;646;846;16.786;16.786;-9347999;Fibronectin
T44;436;654;838;3.835;3.835;-11905490;Fibronectin
T44;437;652;832;2.144;2.144;-13095136;Fibronectin
T44;438;656;834;1.516;1.516;-12626111;Fibronectin
T44;439;658;836;0.959;0.959;-11251893;Fibronectin
T44;440;652;858;7.730;7.730;-11256784;Fibronectin
T44;441;662;864;3.953;3.953;-14405345;Fibronectin
T44;442;668;878;5.163;5.163;-14674912;Fibronectin
T44;443;668;876;0.678;0.678;-12566751;Fibronectin
T44;444;680;874;4.124;4.124;-13950439;Fibronectin
T44;445;680;880;2.034;2.034;-14209751;Fibronectin
T44;446;680;876;1.356;1.356;-11710391;Fibronectin
T44;447;684;870;2.445;2.445;-12563929;Fibronectin
T44;448;674;874;3.651;3.651;-13751769;Fibronectin
T44;449;674;868;2.034;2.034;-12372935;Fibronectin
T44;450;680;854;5.163;5.163;-15000304;Fibronectin
T44;451;682;846;2.795;2.795;-13549507;Fibronectin
T44;452;672;842;3.651;3.651;-12038355;Fibronectin
T44;453;658;850;5.466;5.466;-12766943;Fibronectin
T44;454;652;866;5.793;5.793;-10855872;Fibronectin
T44;455;640;874;4.889;4.889;-12369347;Fibronectin
T44;456;632;886;4.889;4.889;-11648211;Fibronectin
T44;457;626;892;2.877;2.877;-13884107;Fibronectin
T44;458;642;894;5.466;5.466;-12699868;Fibronectin
T44;459;642;894;0.000;0.000;-12501197;Fibronectin
T44;460;646;892;1.516;1.516;-13225958;Fibronectin
T44;461;646;888;1.356;1.356;-13947355;Fibronectin
T44;462;642;886;1.516;1.516;-12700093;Fibronectin
T44;463;674;872;11.841;11.841;-11645121;Fibronectin
T44;464;692;870;6.140;6.140;-13024436;Fibronectin
T44;465;686;884;5.163;5.163;-11778001;Fibronectin
T44;466;676;908;8.814;8.814;-12237533;Fibronectin
T44;467;676;910;0.678;0.678;-13884906;Fibronectin
T44;468;680;906;1.918;1.918;-11120823;Fibronectin
T44;469;686;902;2.445;2.445;-11186639;Fibronectin
T44;470;694;890;4.889;4.889;-12044479;Fibronectin
T44;471;692;874;5.466;5.466;-14606548;Fibronectin
T44;472;684;876;2.795;2.795;-11975634;Fibronectin
T44;473;676;890;5.466;5.466;-10923698;Fibronectin
T44;474;660;910;8.683;8.683;-11647190;Fibronectin
T44;475;652;888;7.936;7.936;-12501449;Fibronectin
T44;476;664;888;4.068;4.068;-10661316;Fibronectin
T44;477;662;884;1.516;1.516;-12431316;Fibronectin
T44;478;666;876;3.032;3.032;-13680817;Fibronectin
T44;479;672;878;2.144;2.144;-13090749;Fibronectin
T44;480;658;898;8.276;8.276;-11315383;Fibronectin
T44;481;630;932;14.931;14.931;-14476528;Fibronectin
T44;482;628;928;1.516;1.516;-11904702;Fibronectin
T44;483;658;918;10.720;10.720;-13356004;Fibronectin
T44;484;686;902;10.932;10.932;-13222108;Fibronectin
T44;485;686;892;3.390;3.390;-13157069;Fibronectin
T44;486;684;898;2.144;2.144;-11777475;Fibronectin
T44;487;678;888;3.953;3.953;-11511741;Fibronectin
T44;488;672;882;2.877;2.877;-10201527;Fibronectin
T44;489;682;880;3.457;3.457;-11710912;Fibronectin
T44;490;688;890;3.953;3.953;-9802144;Fibronectin
T44;491;654;910;13.372;13.372;-10724272;Fibronectin
T44;492;652;906;1.516;1.516;-9995937;Fibronectin
T44;493;662;890;6.396;6.396;-12562111;Fibronectin
T44;494;654;880;4.341;4.341;-12300192;Fibronectin
T44;495;654;886;2.034;2.034;-13352397;Fibronectin
T44;496;652;888;0.959;0.959;-11977674;Fibronectin
T44;497;666;884;4.936;4.936;-12435371;Fibronectin
T44;498;678;882;4.124;4.124;-13487039;Fibronectin
T44;499;680;878;1.516;1.516;-13820130;Fibronectin
T44;500;678;882;1.516;1.516;-15003865;Fibronectin
T44;501;678;884;0.678;0.678;-12767167;Fibronectin
T44;502;676;888;1.516;1.516;-11644849;Fibronectin
T44;503;680;882;2.445;2.445;-13490630;Fibronectin
T44;504;676;890;3.032;3.032;-11381187;Fibronectin
T44;505;678;888;0.959;0.959;-11975364;Fibronectin
T44;506;686;888;2.712;2.712;-13098198;Fibronectin
T44;507;688;890;0.959;0.959;-11775945;Fibronectin
T44;508;690;892;0.959;0.959;-13026754;Fibronectin
T44;509;692;892;0.678;0.678;-13616866;Fibronectin
T44;510;692;890;0.678;0.678;-13754840;Fibronectin
T44;511;694;892;0.959;0.959;-12302538;Fibronectin
T44;512;704;894;3.457;3.457;-12702403;Fibronectin
T44;513;704;894;0.000;0.000;-11846619;Fibronectin
T44;514;704;894;0.000;0.000;-10727340;Fibronectin
T44;515;708;894;1.356;1.356;-9938076;Fibronectin
T44;516;700;892;2.795;2.795;-12172759;Fibronectin
T44;517;694;892;2.034;2.034;-14082532;Fibronectin
T44;518;698;894;1.516;1.516;-13951191;Fibronectin
T44;519;698;896;0.678;0.678;-13951448;Fibronectin
T44;520;698;896;0.000;0.000;-11054265;Fibronectin
T44;521;698;896;0.000;0.000;-12960436;Fibronectin
T44;522;702;896;1.356;1.356;-12371628;Fibronectin
T44;523;704;898;0.959;0.959;-9737900;Fibronectin
T44;524;708;900;1.516;1.516;-10461347;Fibronectin
T44;525;706;896;1.516;1.516;-13354953;Fibronectin
T44;526;706;896;0.000;0.000;-9804213;Fibronectin
T44;527;678;892;9.588;9.588;-8357781;Fibronectin
T44;528;682;890;1.516;1.516;-10995643;Fibronectin
T44;529;680;890;0.678;0.678;-9476752;Fibronectin
T44;530;676;884;2.445;2.445;-9476549;Fibronectin
T44;531;684;880;3.032;3.032;-9868712;Fibronectin
T44;532;692;878;2.795;2.795;-9806759;Fibronectin
T44;533;706;890;6.251;6.251;-10600625;Fibronectin
T44;534;712;894;2.445;2.445;-11317963;Fibronectin
T44;535;716;898;1.918;1.918;-13950429;Fibronectin
T44;536;720;902;1.918;1.918;-12697807;Fibronectin
T44;537;716;896;2.445;2.445;-14411499;Fibronectin
T44;538;714;894;0.959;0.959;-10656426;Fibronectin
T44;539;708;914;7.079;7.079;-10331545;Fibronectin
T44;540;700;912;2.795;2.795;-12234680;Fibronectin
T44;541;700;922;3.390;3.390;-10867380;Fibronectin
T44;542;698;918;1.516;1.516;-11053503;Fibronectin
T44;543;696;920;0.959;0.959;-11642314;Fibronectin
T44;544;692;924;1.918;1.918;-10790302;Fibronectin
T44;545;692;928;1.356;1.356;-13879514;Fibronectin
T44;546;748;898;21.537;21.537;-12105386;Fibronectin
T44;547;746;890;2.795;2.795;-12237240;Fibronectin
T44;548;712;876;12.465;12.465;-11512513;Fibronectin
T44;549;692;870;7.079;7.079;-12171480;Fibronectin
T44;550;684;886;6.064;6.064;-11448258;Fibronectin
T44;551;680;908;7.580;7.580;-13413572;Fibronectin
T44;552;696;934;10.349;10.349;-15129572;Fibronectin
T44;553;708;938;4.288;4.288;-11514813;Fibronectin
T44;554;712;940;1.516;1.516;-11446978;Fibronectin
T44;555;690;942;7.489;7.489;-11578542;Fibronectin
T44;556;702;948;4.548;4.548;-10070968;Fibronectin
T44;557;698;938;3.651;3.651;-14405847;Fibronectin
T44;558;692;932;2.877;2.877;-9540762;Fibronectin
T44;559;698;942;3.953;3.953;-11385521;Fibronectin
T44;560;674;938;8.248;8.248;-11511241;Fibronectin
T44;561;682;942;3.032;3.032;-10990243;Fibronectin
T44;562;682;944;0.678;0.678;-11782566;Fibronectin
T44;563;682;944;0.000;0.000;-8287902;Fibronectin
T44;564;682;944;0.000;0.000;-10197162;Fibronectin
T44;565;684;946;0.959;0.959;-10003396;Fibronectin
T44;566;682;944;0.959;0.959;-10330292;Fibronectin
T44;567;678;944;1.356;1.356;-10400424;Fibronectin
T44;568;646;948;10.932;10.932;-8948886;Fibronectin
T44;569;646;950;0.678;0.678;-11513525;Fibronectin
T44;570;640;956;2.877;2.877;-12632247;Fibronectin
T44;571;654;950;5.163;5.163;-10139053;Fibronectin
T44;572;648;950;2.034;2.034;-10395573;Fibronectin
T44;573;648;942;2.712;2.712;-12309488;Fibronectin
T44;574;640;928;5.466;5.466;-11974078;Fibronectin
T44;575;636;938;3.651;3.651;-12760244;Fibronectin
T44;576;628;952;5.466;5.466;-11118258;Fibronectin
T44;577;624;964;4.288;4.288;-10789040;Fibronectin
T44;578;618;960;2.445;2.445;-12828874;Fibronectin
T44;579;638;956;6.914;6.914;-14541008;Fibronectin
T44;580;646;958;2.795;2.795;-12828876;Fibronectin
T44;581;662;954;5.591;5.591;-11968694;Fibronectin
T44;582;658;956;1.516;1.516;-12631744;Fibronectin
T44;583;666;960;3.032;3.032;-10982074;Fibronectin
T44;584;656;948;5.295;5.295;-12442051;Fibronectin
T44;585;658;942;2.144;2.144;-11050913;Fibronectin
T44;586;642;938;5.591;5.591;-11643068;Fibronectin
T44;587;634;948;4.341;4.341;-11058353;Fibronectin
T44;588;630;956;3.032;3.032;-9407405;Fibronectin
T44;589;636;956;2.034;2.034;-11717327;Fibronectin
T44;590;622;946;5.832;5.832;-11972308;Fibronectin
T44;591;622;946;0.000;0.000;-12103619;Fibronectin
T44;592;608;946;4.746;4.746;-12104902;Fibronectin
T44;593;612;944;1.516;1.516;-12499383;Fibronectin
T44;594;598;942;4.794;4.794;-12237256;Fibronectin
T44;595;602;944;1.516;1.516;-10393237;Fibronectin
T44;596;632;930;11.223;11.223;-11511214;Fibronectin
T44;597;630;940;3.457;3.457;-10594966;Fibronectin
T44;598;632;934;2.144;2.144;-11578825;Fibronectin
T44;599;642;934;3.390;3.390;-12366539;Fibronectin
T44;600;640;942;2.795;2.795;-11773350;Fibronectin
T44;601;642;938;1.516;1.516;-10725291;Fibronectin
T44;602;640;934;1.516;1.516;-11906238;Fibronectin
T44;603;656;938;5.591;5.591;-10197944;Fibronectin
T44;604;656;932;2.034;2.034;-10267056;Fibronectin
T44;605;658;944;4.124;4.124;-9871245;Fibronectin
T44;606;658;944;0.000;0.000;-9548207;Fibronectin
T44;607;670;938;4.548;4.548;-9405318;Fibronectin
T44;608;670;934;1.356;1.356;-8622734;Fibronectin
T44;609;666;924;3.651;3.651;-10390958;Fibronectin
T44;610;666;924;0.000;0.000;-10589604;Fibronectin
T44;611;662;930;2.445;2.445;-10720426;Fibronectin
T44;612;660;932;0.959;0.959;-12495029;Fibronectin
T44;613;670;924;4.341;4.341;-12303541;Fibronectin
T44;614;654;910;7.207;7.207;-11184300;Fibronectin
T44;615;636;930;9.122;9.122;-11050396;Fibronectin
T44;616;636;938;2.712;2.712;-9606810;Fibronectin
T44;617;620;940;5.466;5.466;-9869737;Fibronectin
T44;618;612;924;6.064;6.064;-11112337;Fibronectin
T44;619;658;934;15.958;15.958;-12110263;Fibronectin
T44;620;654;948;4.936;4.936;-9738376;Fibronectin
T44;621;640;970;8.840;8.840;-11902652;Fibronectin
T45;2;1322;1648;1.516;1.516;-11053752;Fibronectin
T45;3;1330;1638;4.341;4.341;-11183806;Fibronectin
T45;4;1326;1634;1.918;1.918;-8027310;Fibronectin
T45;5;1324;1656;7.489;7.489;-9478606;Fibronectin
T45;6;1320;1662;2.445;2.445;-12506826;Fibronectin
T45;7;1328;1654;3.835;3.835;-9738941;Fibronectin
T45;8;1332;1654;1.356;1.356;-11587778;Fibronectin
T45;9;1332;1654;0.000;0.000;-10600372;Fibronectin
T45;10;1334;1652;0.959;0.959;-11259325;Fibronectin
T45;11;1334;1652;0.000;0.000;-12700863;Fibronectin
T45;12;1334;1648;1.356;1.356;-12372159;Fibronectin
T45;13;1334;1648;0.000;0.000;-11385817;Fibronectin
T45;14;1336;1648;0.678;0.678;-11711943;Fibronectin
T45;15;1342;1648;2.034;2.034;-12892116;Fibronectin
T45;16;1342;1648;0.000;0.000;-12103868;Fibronectin
T45;17;1342;1650;0.678;0.678;-10856626;Fibronectin
T45;18;1342;1650;0.000;0.000;-12829384;Fibronectin
T45;19;1342;1650;0.000;0.000;-12699357;Fibronectin
T45;20;1342;1650;0.000;0.000;-11121587;Fibronectin
T45;21;1342;1648;0.678;0.678;-11908042;Fibronectin
T45;22;1342;1648;0.000;0.000;-11646401;Fibronectin
T45;23;1342;1648;0.000;0.000;-10592698;Fibronectin
T45;24;1342;1648;0.000;0.000;-11578815;Fibronectin
T45;25;1342;1648;0.000;0.000;-11582402;Fibronectin
T45;26;1342;1648;0.000;0.000;-11908572;Fibronectin
T45;27;1342;1648;0.000;0.000;-12893412;Fibronectin
T45;28;1342;1648;0.000;0.000;-13091268;Fibronectin
T45;29;1342;1648;0.000;0.000;-11841977;Fibronectin
T45;30;1342;1648;0.000;0.000;-12764105;Fibronectin
T45;31;1342;1646;0.678;0.678;-13813718;Fibronectin
T45;32;1342;1646;0.000;0.000;-13881321;Fibronectin
T45;33;1342;1648;0.678;0.678;-11643848;Fibronectin
T45;34;1336;1650;2.144;2.144;-12761046;Fibronectin
T45;35;1336;1650;0.000;0.000;-12566462;Fibronectin
T45;36;1336;1650;0.000;0.000;-11710942;Fibronectin
T45;37;1332;1648;1.516;1.516;-14143966;Fibronectin
T45;38;1332;1650;0.678;0.678;-13813210;Fibronectin
T45;39;1332;1652;0.678;0.678;-10003098;Fibronectin
T45;40;1332;1666;4.746;4.746;-13161681;Fibronectin
T45;41;1334;1672;2.144;2.144;-12434906;Fibronectin
T45;42;1334;1672;0.000;0.000;-12828892;Fibronectin
T45;43;1334;1672;0.000;0.000;-12172232;Fibronectin
T45;44;1336;1676;1.516;1.516;-12764118;Fibronectin
T45;45;1334;1674;0.959;0.959;-11452611;Fibronectin
T45;46;1340;1644;10.371;10.371;-10729141;Fibronectin
T45;47;1324;1650;5.793;5.793;-11847594;Fibronectin
T45;48;1322;1654;1.516;1.516;-10661314;Fibronectin
T45;49;1320;1656;0.959;0.959;-11910050;Fibronectin
T45;50;1318;1654;0.959;0.959;-11253980;Fibronectin
T45;51;1310;1650;3.032;3.032;-13748428;Fibronectin
T45;52;1314;1646;1.918;1.918;-12430751;Fibronectin
T45;53;1322;1638;3.835;3.835;-13813684;Fibronectin
T45;54;1344;1646;7.936;7.936;-9148077;Fibronectin
T45;55;1342;1636;3.457;3.457;-9605805;Fibronectin
T45;56;1342;1632;1.356;1.356;-12370653;Fibronectin
T45;57;1342;1634;0.678;0.678;-10988996;Fibronectin
T45;58;1342;1636;0.678;0.678;-11249326;Fibronectin
T45;59;1344;1634;0.959;0.959;-9865636;Fibronectin
T45;60;1344;1634;0.000;0.000;-9869513;Fibronectin
T45;61;1342;1634;0.678;0.678;-11775693;Fibronectin
T45;62;1342;1640;2.034;2.034;-12955580;Fibronectin
T45;63;1344;1646;2.144;2.144;-12241084;Fibronectin
T45;64;1346;1656;3.457;3.457;-11840433;Fibronectin
T45;65;1352;1664;3.390;3.390;-12899567;Fibronectin
T45;66;1374;1674;8.192;8.192;-13226201;Fibronectin
T45;67;1376;1676;0.959;0.959;-12239306;Fibronectin
T45;68;1378;1682;2.144;2.144;-11519928;Fibronectin
T45;69;1378;1684;0.678;0.678;-11384269;Fibronectin
T45;70;1378;1684;0.000;0.000;-10531509;Fibronectin
T45;71;1378;1684;0.000;0.000;-11385514;Fibronectin
T45;72;1378;1684;0.000;0.000;-11775190;Fibronectin
T45;73;1378;1682;0.678;0.678;-12631533;Fibronectin
T45;74;1382;1674;3.032;3.032;-11051442;Fibronectin
T45;75;1382;1672;0.678;0.678;-12701381;Fibronectin
T45;76;1378;1666;2.445;2.445;-10725326;Fibronectin
T45;77;1378;1666;0.000;0.000;-13684694;Fibronectin
T45;78;1376;1662;1.516;1.516;-14996929;Fibronectin
T45;79;1376;1676;4.746;4.746;-10660525;Fibronectin
T45;80;1376;1676;0.000;0.000;-9343387;Fibronectin
T45;81;1378;1682;2.144;2.144;-9540513;Fibronectin
T45;82;1376;1682;0.678;0.678;-10002859;Fibronectin
T45;83;1372;1686;1.918;1.918;-9146032;Fibronectin
T45;84;1372;1684;0.678;0.678;-8560763;Fibronectin
T45;85;1372;1684;0.000;0.000;-9409431;Fibronectin
T45;86;1372;1684;0.000;0.000;-8948886;Fibronectin
T45;87;1378;1682;2.144;2.144;-8823197;Fibronectin
T45;88;1372;1684;2.144;2.144;-9676701;Fibronectin
T45;89;1372;1684;0.000;0.000;-10003871;Fibronectin
T45;90;1374;1684;0.678;0.678;-10796233;Fibronectin
T45;91;1372;1696;4.124;4.124;-10589861;Fibronectin
T45;92;1366;1696;2.034;2.034;-12825525;Fibronectin
T45;93;1366;1696;0.000;0.000;-10460344;Fibronectin
T45;94;1378;1670;9.707;9.707;-12034991;Fibronectin
T45;95;1390;1666;4.288;4.288;-12174014;Fibronectin
T45;96;1398;1668;2.795;2.795;-11977437;Fibronectin
T45;97;1400;1672;1.516;1.516;-13030362;Fibronectin
T45;98;1404;1676;1.918;1.918;-10330011;Fibronectin
T45;99;1412;1680;3.032;3.032;-11912107;Fibronectin
T45;100;1404;1672;3.835;3.835;-10789804;Fibronectin
T45;101;1404;1672;0.000;0.000;-13028303;Fibronectin
T45;102;1404;1670;0.678;0.678;-13296333;Fibronectin
T45;103;1404;1670;0.000;0.000;-10598820;Fibronectin
T45;104;1402;1670;0.678;0.678;-13223363;Fibronectin
T45;105;1400;1670;0.678;0.678;-10720434;Fibronectin
T45;106;1398;1670;0.678;0.678;-13155521;Fibronectin
T45;107;1388;1676;3.953;3.953;-9275813;Fibronectin
T45;108;1384;1676;1.356;1.356;-11839910;Fibronectin
T45;109;1380;1676;1.356;1.356;-10590642;Fibronectin
T45;110;1376;1678;1.516;1.516;-9210257;Fibronectin
T45;111;1376;1680;0.678;0.678;-10992036;Fibronectin
T45;112;1380;1684;1.918;1.918;-12967113;Fibronectin
T45;113;1378;1682;0.959;0.959;-12568058;Fibronectin
T45;114;1366;1682;4.068;4.068;-12501959;Fibronectin
T45;115;1364;1680;0.959;0.959;-11192763;Fibronectin
T45;116;1364;1678;0.678;0.678;-12104860;Fibronectin
T45;117;1366;1678;0.678;0.678;-12433597;Fibronectin
T45;118;1378;1670;4.889;4.889;-13294797;Fibronectin
T45;119;1384;1670;2.034;2.034;-9669791;Fibronectin
T45;120;1388;1668;1.516;1.516;-10460849;Fibronectin
T45;121;1392;1672;1.918;1.918;-10595736;Fibronectin
T45;122;1394;1672;0.678;0.678;-11845536;Fibronectin
T45;123;1396;1670;0.959;0.959;-11056038;Fibronectin
T45;124;1396;1668;0.678;0.678;-10326681;Fibronectin
T45;125;1396;1668;0.000;0.000;-9870229;Fibronectin
T45;126;1390;1666;2.144;2.144;-9743999;Fibronectin
T45;127;1390;1666;0.000;0.000;-11119303;Fibronectin
T45;128;1386;1666;1.356;1.356;-11910601;Fibronectin
T45;129;1384;1666;0.678;0.678;-11712168;Fibronectin
T45;130;1384;1666;0.000;0.000;-11710893;Fibronectin
T45;131;1384;1664;0.678;0.678;-11845059;Fibronectin
T45;132;1384;1664;0.000;0.000;-13421029;Fibronectin
T45;133;1386;1664;0.678;0.678;-12296623;Fibronectin
T45;134;1390;1662;1.516;1.516;-12637621;Fibronectin
T45;135;1392;1662;0.678;0.678;-10530480;Fibronectin
T45;136;1396;1662;1.356;1.356;-10400174;Fibronectin
T45;137;1390;1670;3.390;3.390;-10336426;Fibronectin
T45;138;1390;1672;0.678;0.678;-12632018;Fibronectin
T45;139;1390;1674;0.678;0.678;-11840445;Fibronectin
T45;140;1386;1676;1.516;1.516;-12306875;Fibronectin
T45;141;1372;1680;4.936;4.936;-11257277;Fibronectin
T45;142;1374;1680;0.678;0.678;-12237276;Fibronectin
T45;143;1374;1678;0.678;0.678;-11846879;Fibronectin
T45;144;1374;1678;0.000;0.000;-13357284;Fibronectin
T45;145;1372;1682;1.516;1.516;-14013160;Fibronectin
T45;146;1376;1682;1.356;1.356;-12698325;Fibronectin
T45;147;1370;1682;2.034;2.034;-12307190;Fibronectin
T45;148;1372;1680;0.959;0.959;-13030121;Fibronectin
T45;149;1378;1680;2.034;2.034;-11448795;Fibronectin
T45;150;1386;1672;3.835;3.835;-12438479;Fibronectin
T45;151;1394;1672;2.712;2.712;-12764906;Fibronectin
T45;152;1394;1672;0.000;0.000;-12501208;Fibronectin
T45;153;1394;1670;0.678;0.678;-12964580;Fibronectin
T45;154;1392;1670;0.678;0.678;-11845849;Fibronectin
T45;155;1392;1670;0.000;0.000;-11844843;Fibronectin
T45;156;1392;1670;0.000;0.000;-11122625;Fibronectin
T45;157;1384;1682;4.889;4.889;-9340313;Fibronectin
T45;158;1380;1684;1.516;1.516;-11780810;Fibronectin
T45;159;1386;1684;2.034;2.034;-12240859;Fibronectin
T45;160;1386;1684;0.000;0.000;-10930360;Fibronectin
T45;161;1388;1680;1.516;1.516;-11319729;Fibronectin
T45;162;1392;1678;1.516;1.516;-11779278;Fibronectin
T45;163;1394;1676;0.959;0.959;-11445164;Fibronectin
T45;164;1400;1672;2.445;2.445;-9674652;Fibronectin
T45;165;1402;1674;0.959;0.959;-7700882;Fibronectin
T45;166;1404;1674;0.678;0.678;-10463384;Fibronectin
T45;167;1404;1676;0.678;0.678;-12964553;Fibronectin
T45;168;1406;1682;2.144;2.144;-9283988;Fibronectin
T45;169;1412;1688;2.877;2.877;-12041401;Fibronectin
T45;170;1416;1696;3.032;3.032;-11974856;Fibronectin
T45;171;1416;1696;0.000;0.000;-12242111;Fibronectin
T45;172;1416;1694;0.678;0.678;-11580892;Fibronectin
T45;173;1416;1694;0.000;0.000;-11974363;Fibronectin
T45;174;1416;1694;0.000;0.000;-11775432;Fibronectin
T45;175;1414;1692;0.959;0.959;-11779007;Fibronectin
T45;176;1414;1690;0.678;0.678;-11448761;Fibronectin
T45;177;1408;1686;2.445;2.445;-11714012;Fibronectin
T45;178;1402;1666;7.079;7.079;-12631505;Fibronectin
T45;179;1400;1666;0.678;0.678;-10330015;Fibronectin
T45;180;1400;1666;0.000;0.000;-9672362;Fibronectin
T45;181;1410;1678;5.295;5.295;-12241333;Fibronectin
T45;182;1410;1680;0.678;0.678;-10791128;Fibronectin
T45;183;1416;1680;2.034;2.034;-13157085;Fibronectin
T45;184;1418;1676;1.516;1.516;-10857410;Fibronectin
T45;185;1404;1680;4.936;4.936;-10326691;Fibronectin
T45;186;1396;1680;2.712;2.712;-11519669;Fibronectin
T45;187;1392;1678;1.516;1.516;-10327220;Fibronectin
T45;188;1386;1678;2.034;2.034;-11315904;Fibronectin
T45;189;1384;1678;0.678;0.678;-11579328;Fibronectin
T45;190;1384;1676;0.678;0.678;-11840696;Fibronectin
T45;191;1378;1678;2.144;2.144;-12572383;Fibronectin
T45;192;1382;1678;1.356;1.356;-12562111;Fibronectin
T45;193;1382;1678;0.000;0.000;-12369863;Fibronectin
T45;194;1382;1668;3.390;3.390;-14078424;Fibronectin
T45;195;1384;1668;0.678;0.678;-11716796;Fibronectin
T45;196;1382;1668;0.678;0.678;-11777225;Fibronectin
T45;197;1388;1668;2.034;2.034;-10134936;Fibronectin
T45;198;1386;1664;1.516;1.516;-10396873;Fibronectin
T45;199;1386;1666;0.678;0.678;-12172984;Fibronectin
T45;200;1386;1662;1.356;1.356;-12433095;Fibronectin
T45;201;1386;1662;0.000;0.000;-11251390;Fibronectin
T45;202;1390;1660;1.516;1.516;-9609362;Fibronectin
T45;203;1386;1660;1.356;1.356;-11051944;Fibronectin
T45;204;1386;1658;0.678;0.678;-11452846;Fibronectin
T45;205;1386;1660;0.678;0.678;-11771819;Fibronectin
T45;206;1382;1660;1.356;1.356;-11247530;Fibronectin
T45;207;1382;1658;0.678;0.678;-11119529;Fibronectin
T45;208;1388;1662;2.445;2.445;-12696033;Fibronectin
T45;209;1400;1670;4.889;4.889;-13618121;Fibronectin
T45;210;1394;1668;2.144;2.144;-14275838;Fibronectin
T45;211;1394;1668;0.000;0.000;-13095380;Fibronectin
T45;212;1394;1668;0.000;0.000;-13224422;Fibronectin
T45;213;1396;1668;0.678;0.678;-12632534;Fibronectin
T45;214;1398;1668;0.678;0.678;-13223893;Fibronectin
T45;215;1404;1672;2.445;2.445;-12764372;Fibronectin
T45;216;1404;1672;0.000;0.000;-12898509;Fibronectin
T45;217;1404;1672;0.000;0.000;-11774127;Fibronectin
T45;218;1404;1672;0.000;0.000;-14212041;Fibronectin
T45;219;1398;1672;2.034;2.034;-11580078;Fibronectin
T45;220;1400;1672;0.678;0.678;-11777724;Fibronectin
T45;221;1398;1668;1.516;1.516;-13819077;Fibronectin
T45;222;1398;1668;0.000;0.000;-14669279;Fibronectin
T45;223;1398;1668;0.000;0.000;-12569779;Fibronectin
T46;2;400;596;1.516;1.516;-12830412;Fibronectin
T46;3;400;596;0.000;0.000;-13224923;Fibronectin
T46;4;400;600;1.356;1.356;-11974363;Fibronectin
T46;5;400;600;0.000;0.000;-13426162;Fibronectin
T46;6;398;600;0.678;0.678;-13422525;Fibronectin
T46;7;396;600;0.678;0.678;-12370122;Fibronectin
T46;8;396;600;0.000;0.000;-12763340;Fibronectin
T46;9;394;598;0.959;0.959;-11053259;Fibronectin
T46;10;390;596;1.516;1.516;-13295087;Fibronectin
T46;11;390;594;0.678;0.678;-13359330;Fibronectin
T46;12;390;598;1.356;1.356;-12036807;Fibronectin
T46;13;390;598;0.000;0.000;-13160670;Fibronectin
T46;14;390;598;0.000;0.000;-12895167;Fibronectin
T46;15;392;598;0.678;0.678;-13287891;Fibronectin
T46;16;394;596;0.959;0.959;-10988244;Fibronectin
T46;17;394;596;0.000;0.000;-12505820;Fibronectin
T46;18;390;588;3.032;3.032;-12500958;Fibronectin
T46;19;390;586;0.678;0.678;-11116475;Fibronectin
T46;20;392;584;0.959;0.959;-11845825;Fibronectin
T46;21;392;584;0.000;0.000;-10859973;Fibronectin
T46;22;392;584;0.000;0.000;-10664637;Fibronectin
T46;23;392;582;0.678;0.678;-9212830;Fibronectin
T46;24;392;582;0.000;0.000;-11190955;Fibronectin
T46;25;392;582;0.000;0.000;-11850952;Fibronectin
T46;26;392;582;0.000;0.000;-7432324;Fibronectin
T46;27;390;582;0.678;0.678;-10790063;Fibronectin
T46;28;390;584;0.678;0.678;-6581144;Fibronectin
T46;29;398;588;3.032;3.032;-10456735;Fibronectin
T46;30;404;588;2.034;2.034;-11848374;Fibronectin
T46;31;406;590;0.959;0.959;-11911865;Fibronectin
T46;32;408;592;0.959;0.959;-10592672;Fibronectin
T46;33;410;594;0.959;0.959;-10389687;Fibronectin
T46;34;412;594;0.678;0.678;-9341604;Fibronectin
T46;35;412;594;0.000;0.000;-10920612;Fibronectin
T46;36;412;592;0.678;0.678;-12370617;Fibronectin
T46;37;412;592;0.000;0.000;-11709120;Fibronectin
T46;38;412;590;0.678;0.678;-10194351;Fibronectin
T46;39;412;590;0.000;0.000;-9736352;Fibronectin
T46;40;412;592;0.678;0.678;-10857150;Fibronectin
T46;41;408;592;1.356;1.356;-11582631;Fibronectin
T46;42;408;592;0.000;0.000;-11778773;Fibronectin
T46;43;408;592;0.000;0.000;-10921130;Fibronectin
T46;44;408;592;0.000;0.000;-11775418;Fibronectin
T46;45;408;592;0.000;0.000;-11250363;Fibronectin
T46;46;402;588;2.445;2.445;-11252144;Fibronectin
T46;47;394;580;3.835;3.835;-12570814;Fibronectin
T46;48;390;580;1.356;1.356;-12109763;Fibronectin
T46;49;394;582;1.516;1.516;-10792381;Fibronectin
T46;50;398;582;1.356;1.356;-10397607;Fibronectin
T46;51;396;586;1.516;1.516;-11317183;Fibronectin
T46;52;396;586;0.000;0.000;-10592936;Fibronectin
T46;53;394;592;2.144;2.144;-12107192;Fibronectin
T46;54;394;594;0.678;0.678;-13160419;Fibronectin
T46;55;392;598;1.516;1.516;-11577814;Fibronectin
T46;56;390;600;0.959;0.959;-11711414;Fibronectin
T46;57;384;600;2.034;2.034;-11842751;Fibronectin
T46;58;384;598;0.678;0.678;-10719923;Fibronectin
T46;59;380;594;1.918;1.918;-12503266;Fibronectin
T46;60;382;598;1.516;1.516;-11507381;Fibronectin
T46;61;382;598;0.000;0.000;-10652349;Fibronectin
T46;62;384;598;0.678;0.678;-11513249;Fibronectin
T46;63;384;598;0.000;0.000;-11709363;Fibronectin
T46;64;390;596;2.144;2.144;-9935556;Fibronectin
T46;65;388;596;0.678;0.678;-11253927;Fibronectin
T46;66;386;596;0.678;0.678;-10729638;Fibronectin
T46;67;384;598;0.959;0.959;-11049901;Fibronectin
T46;68;384;602;1.356;1.356;-10198204;Fibronectin
T46;69;384;602;0.000;0.000;-9474973;Fibronectin
T46;70;384;600;0.678;0.678;-9535386;Fibronectin
T46;71;384;598;0.678;0.678;-11112365;Fibronectin
T46;72;384;598;0.000;0.000;-11573676;Fibronectin
T46;73;384;598;0.000;0.000;-11112872;Fibronectin
T46;74;384;598;0.000;0.000;-11320024;Fibronectin
T46;75;384;598;0.000;0.000;-11381197;Fibronectin
T46;76;384;596;0.678;0.678;-10923467;Fibronectin
T46;77;384;596;0.000;0.000;-12765124;Fibronectin
T46;78;384;592;1.356;1.356;-11840449;Fibronectin
T46;79;384;592;0.000;0.000;-12367320;Fibronectin
T46;80;384;592;0.000;0.000;-11648738;Fibronectin
T46;81;384;590;0.678;0.678;-12178888;Fibronectin
T46;82;386;592;0.959;0.959;-12897504;Fibronectin
T46;83;386;592;0.000;0.000;-12895467;Fibronectin
T46;84;386;592;0.000;0.000;-12703967;Fibronectin
T46;85;386;592;0.000;0.000;-12832485;Fibronectin
T46;86;388;592;0.678;0.678;-14146525;Fibronectin
T46;87;388;592;0.000;0.000;-11846350;Fibronectin
T46;88;386;594;0.959;0.959;-13027013;Fibronectin
T46;89;386;594;0.000;0.000;-12107738;Fibronectin
T46;90;384;594;0.678;0.678;-12959957;Fibronectin
T46;91;384;594;0.000;0.000;-12829664;Fibronectin
T46;92;384;594;0.000;0.000;-11973827;Fibronectin
T46;93;384;592;0.678;0.678;-12106188;Fibronectin
T46;94;382;590;0.959;0.959;-12699331;Fibronectin
T46;95;382;588;0.678;0.678;-12760512;Fibronectin
T46;96;380;584;1.516;1.516;-12044758;Fibronectin
T46;97;380;582;0.678;0.678;-11247281;Fibronectin
T46;98;380;578;1.356;1.356;-12171179;Fibronectin
T46;99;382;576;0.959;0.959;-11120582;Fibronectin
T46;100;388;572;2.445;2.445;-13225146;Fibronectin
T46;101;400;600;10.327;10.327;-11052224;Fibronectin
T46;102;392;588;4.889;4.889;-12958162;Fibronectin
T46;103;392;592;1.356;1.356;-11907780;Fibronectin
T46;104;392;582;3.390;3.390;-12172743;Fibronectin
T46;105;392;580;0.678;0.678;-12102566;Fibronectin
T46;106;392;580;0.000;0.000;-8354459;Fibronectin
T46;107;392;580;0.000;0.000;-10065327;Fibronectin
T46;108;396;580;1.356;1.356;-10199707;Fibronectin
T46;109;396;580;0.000;0.000;-10857879;Fibronectin
T46;110;398;580;0.678;0.678;-11448234;Fibronectin
T46;111;400;572;2.795;2.795;-10527166;Fibronectin
T46;112;402;570;0.959;0.959;-12303031;Fibronectin
T46;113;402;570;0.000;0.000;-12435668;Fibronectin
T46;114;402;570;0.000;0.000;-12961246;Fibronectin
T46;115;400;568;0.959;0.959;-12697560;Fibronectin
T46;116;400;568;0.000;0.000;-11844309;Fibronectin
T46;117;402;570;0.959;0.959;-13224179;Fibronectin
T46;118;402;570;0.000;0.000;-12700611;Fibronectin
T46;119;420;556;7.730;7.730;-10917527;Fibronectin
T46;120;428;550;3.390;3.390;-10720161;Fibronectin
T46;121;432;544;2.445;2.445;-11843772;Fibronectin
T46;122;428;542;1.516;1.516;-12107992;Fibronectin
T46;123;428;542;0.000;0.000;-12236220;Fibronectin
T46;124;432;542;1.356;1.356;-12434868;Fibronectin
T46;125;432;540;0.678;0.678;-11974110;Fibronectin
T46;126;432;538;0.678;0.678;-12302030;Fibronectin
T46;127;432;538;0.000;0.000;-11382200;Fibronectin
T46;128;432;538;0.000;0.000;-11445940;Fibronectin
T46;129;434;538;0.678;0.678;-11448261;Fibronectin
T46;130;436;536;0.959;0.959;-11974335;Fibronectin
T46;131;434;536;0.678;0.678;-11050163;Fibronectin
T46;132;430;536;1.356;1.356;-10127259;Fibronectin
T46;133;428;538;0.959;0.959;-9802153;Fibronectin
T46;134;428;534;1.356;1.356;-12172494;Fibronectin
T46;135;434;528;2.877;2.877;-11317965;Fibronectin
T46;136;432;518;3.457;3.457;-12103094;Fibronectin
T46;137;430;518;0.678;0.678;-11381176;Fibronectin
T46;138;436;516;2.144;2.144;-10657707;Fibronectin
T46;139;436;516;0.000;0.000;-11054239;Fibronectin
T46;140;436;516;0.000;0.000;-12107696;Fibronectin
T46;141;436;514;0.678;0.678;-10135221;Fibronectin
T46;142;434;514;0.678;0.678;-9010857;Fibronectin
T46;143;434;514;0.000;0.000;-11904173;Fibronectin
T46;144;430;504;3.651;3.651;-11575711;Fibronectin
T46;145;422;492;4.889;4.889;-11445412;Fibronectin
T46;146;428;482;3.953;3.953;-12172217;Fibronectin
T46;147;432;480;1.516;1.516;-12042189;Fibronectin
T46;148;442;474;3.953;3.953;-12106448;Fibronectin
T46;149;440;472;0.959;0.959;-13290713;Fibronectin
T46;150;440;472;0.000;0.000;-11974879;Fibronectin
T46;151;440;470;0.678;0.678;-12566742;Fibronectin
T46;152;438;470;0.678;0.678;-12437208;Fibronectin
T46;153;440;464;2.144;2.144;-12763099;Fibronectin
T46;154;444;462;1.516;1.516;-12434878;Fibronectin
T46;155;446;462;0.678;0.678;-12765106;Fibronectin
T46;156;448;462;0.678;0.678;-12236506;Fibronectin
T46;157;448;462;0.000;0.000;-12568032;Fibronectin
T46;158;448;462;0.000;0.000;-12501457;Fibronectin
T46;159;448;462;0.000;0.000;-13093596;Fibronectin
T46;160;450;462;0.678;0.678;-11904197;Fibronectin
T46;161;452;466;1.516;1.516;-13749986;Fibronectin
T46;162;450;462;1.516;1.516;-12366524;Fibronectin
T46;163;450;456;2.034;2.034;-12636359;Fibronectin
T46;164;448;450;2.144;2.144;-11715013;Fibronectin
T46;165;446;448;0.959;0.959;-12698830;Fibronectin
T46;166;446;446;0.678;0.678;-13485775;Fibronectin
T46;167;444;438;2.795;2.795;-12894164;Fibronectin
T46;168;440;432;2.445;2.445;-13355218;Fibronectin
T46;169;438;426;2.144;2.144;-12436392;Fibronectin
T46;170;436;420;2.144;2.144;-12299719;Fibronectin
T46;171;434;412;2.795;2.795;-9998771;Fibronectin
T46;172;434;410;0.678;0.678;-9144736;Fibronectin
T46;173;432;406;1.516;1.516;-9931197;Fibronectin
T46;174;432;404;0.678;0.678;-9804475;Fibronectin
T46;175;432;404;0.000;0.000;-10592422;Fibronectin
T46;176;430;400;1.516;1.516;-11316395;Fibronectin
T46;177;428;396;1.516;1.516;-10986678;Fibronectin
T46;178;424;390;2.445;2.445;-9542581;Fibronectin
T47;2;100;874;3.651;3.651;-10265537;Fibronectin
T47;3;100;874;0.000;0.000;-11848382;Fibronectin
T47;4;100;874;0.000;0.000;-13619440;Fibronectin
T47;5;100;868;2.034;2.034;-14078959;Fibronectin
T47;6;100;856;4.068;4.068;-13816318;Fibronectin
T47;7;100;848;2.712;2.712;-13225172;Fibronectin
T47;8;98;840;2.795;2.795;-12432332;Fibronectin
T47;9;98;836;1.356;1.356;-11641277;Fibronectin
T47;10;98;836;0.000;0.000;-10064582;Fibronectin
T47;11;98;836;0.000;0.000;-10787767;Fibronectin
T47;12;102;838;1.516;1.516;-10791619;Fibronectin
T47;13;102;830;2.712;2.712;-9210293;Fibronectin
T47;14;102;830;0.000;0.000;-9938342;Fibronectin
T47;15;102;832;0.678;0.678;-11636659;Fibronectin
T47;16;100;828;1.516;1.516;-10920395;Fibronectin
T47;17;104;822;2.445;2.445;-9477052;Fibronectin
T47;18;104;822;0.000;0.000;-10657454;Fibronectin
T47;19;96;818;3.032;3.032;-13547977;Fibronectin
T47;20;96;814;1.356;1.356;-11451833;Fibronectin
T47;21;98;812;0.959;0.959;-10128558;Fibronectin
T47;22;98;810;0.678;0.678;-12497627;Fibronectin
T47;23;98;810;0.000;0.000;-10459079;Fibronectin
T47;24;96;806;1.516;1.516;-12436156;Fibronectin
T47;25;96;806;0.000;0.000;-11843018;Fibronectin
T47;26;96;806;0.000;0.000;-12173021;Fibronectin
T47;27;96;806;0.000;0.000;-13025734;Fibronectin
T47;28;96;808;0.678;0.678;-12761802;Fibronectin
T47;29;96;808;0.000;0.000;-13425097;Fibronectin
T47;30;100;808;1.356;1.356;-11442394;Fibronectin
T47;31;102;808;0.678;0.678;-10790579;Fibronectin
T47;32;104;806;0.959;0.959;-12230325;Fibronectin
T47;33;104;808;0.678;0.678;-11642039;Fibronectin
T47;34;104;812;1.356;1.356;-10920648;Fibronectin
T47;35;104;812;0.000;0.000;-10920634;Fibronectin
T47;36;100;808;1.918;1.918;-12631244;Fibronectin
T47;37;98;804;1.516;1.516;-11970226;Fibronectin
T47;38;104;788;5.793;5.793;-12632249;Fibronectin
T47;39;104;784;1.356;1.356;-12039628;Fibronectin
T47;40;104;784;0.000;0.000;-13879778;Fibronectin
T47;41;110;782;2.144;2.144;-14340054;Fibronectin
T47;42;112;780;0.959;0.959;-14275829;Fibronectin
T47;43;112;780;0.000;0.000;-14601433;Fibronectin
T47;44;112;780;0.000;0.000;-14212845;Fibronectin
T47;45;112;782;0.678;0.678;-11709625;Fibronectin
T47;46;112;774;2.712;2.712;-11841738;Fibronectin
T47;47;124;764;5.295;5.295;-11646428;Fibronectin
T47;48;126;764;0.678;0.678;-11718604;Fibronectin
T47;49;132;760;2.445;2.445;-11651506;Fibronectin
T47;50;134;752;2.795;2.795;-11250091;Fibronectin
T47;51;130;738;4.936;4.936;-11314605;Fibronectin
T47;52;130;734;1.356;1.356;-13157570;Fibronectin
T47;53;130;732;0.678;0.678;-11577007;Fibronectin
T47;54;126;722;3.651;3.651;-11777197;Fibronectin
T47;55;114;714;4.889;4.889;-10984621;Fibronectin
T47;56;122;714;2.712;2.712;-13822147;Fibronectin
T47;57;124;712;0.959;0.959;-12702686;Fibronectin
T47;58;124;710;0.678;0.678;-12632794;Fibronectin
T47;59;124;714;1.356;1.356;-11249110;Fibronectin
T47;60;126;714;0.678;0.678;-12302542;Fibronectin
T47;61;128;714;0.678;0.678;-13424352;Fibronectin
T47;62;128;714;0.000;0.000;-13293562;Fibronectin
T47;63;130;716;0.959;0.959;-13819392;Fibronectin
T47;64;134;708;3.032;3.032;-13752292;Fibronectin
T47;65;136;714;2.144;2.144;-13481422;Fibronectin
T47;66;136;710;1.356;1.356;-14076371;Fibronectin
T47;67;140;706;1.918;1.918;-13684442;Fibronectin
T47;68;142;702;1.516;1.516;-12105159;Fibronectin
T47;69;142;702;0.000;0.000;-13812699;Fibronectin
T47;70;142;706;1.356;1.356;-14473685;Fibronectin
T47;71;142;706;0.000;0.000;-13551318;Fibronectin
T47;72;140;708;0.959;0.959;-14537984;Fibronectin
T47;73;140;706;0.678;0.678;-14279664;Fibronectin
T47;74;136;700;2.445;2.445;-12826348;Fibronectin
T47;75;136;702;0.678;0.678;-13289459;Fibronectin
T47;76;138;702;0.678;0.678;-12830422;Fibronectin
T47;77;142;696;2.445;2.445;-12767942;Fibronectin
T47;78;144;702;2.144;2.144;-12106703;Fibronectin
T47;79;144;702;0.000;0.000;-12832231;Fibronectin
T47;80;144;702;0.000;0.000;-11907782;Fibronectin
T47;81;148;696;2.445;2.445;-13552080;Fibronectin
T47;82;148;696;0.000;0.000;-13488597;Fibronectin
T47;83;156;684;4.889;4.889;-12173270;Fibronectin
T47;84;158;682;0.959;0.959;-11974086;Fibronectin
T47;85;164;686;2.445;2.445;-14016759;Fibronectin
T47;86;164;688;0.678;0.678;-10663346;Fibronectin
T47;87;164;680;2.712;2.712;-13291502;Fibronectin
T47;88;164;676;1.356;1.356;-13422058;Fibronectin
T47;89;164;674;0.678;0.678;-11120332;Fibronectin
T47;90;164;670;1.356;1.356;-10528672;Fibronectin
T47;91;160;660;3.651;3.651;-11314103;Fibronectin
T47;92;158;652;2.795;2.795;-11179419;Fibronectin
T47;93;158;644;2.712;2.712;-11642541;Fibronectin
T47;94;166;636;3.835;3.835;-11971498;Fibronectin
T47;95;168;636;0.678;0.678;-12699089;Fibronectin
T47;96;170;630;2.144;2.144;-12628148;Fibronectin
T47;97;170;632;0.678;0.678;-11579593;Fibronectin
T47;98;172;628;1.516;1.516;-12759231;Fibronectin
T47;99;176;632;1.918;1.918;-13218258;Fibronectin
T47;100;178;632;0.678;0.678;-13420768;Fibronectin
T47;101;178;632;0.000;0.000;-13353435;Fibronectin
T47;102;178;634;0.678;0.678;-13285852;Fibronectin
T47;103;176;634;0.678;0.678;-12764121;Fibronectin
T47;104;176;634;0.000;0.000;-13487304;Fibronectin
T47;105;176;634;0.000;0.000;-15065836;Fibronectin
T47;106;176;632;0.678;0.678;-13485308;Fibronectin
T47;107;176;634;0.678;0.678;-12563426;Fibronectin
T47;108;176;636;0.678;0.678;-13352669;Fibronectin
T47;109;176;636;0.000;0.000;-13285084;Fibronectin
T47;110;172;634;1.516;1.516;-13159377;Fibronectin
T47;111;172;634;0.000;0.000;-13286863;Fibronectin
T47;112;172;634;0.000;0.000;-13158625;Fibronectin
T47;113;172;632;0.678;0.678;-14209523;Fibronectin
T47;114;174;636;1.516;1.516;-13487076;Fibronectin
T47;115;174;636;0.000;0.000;-12567226;Fibronectin
T47;116;174;636;0.000;0.000;-13548504;Fibronectin
T47;117;174;636;0.000;0.000;-13157061;Fibronectin
T47;118;174;634;0.678;0.678;-13286102;Fibronectin
T47;119;174;634;0.000;0.000;-13485021;Fibronectin
T47;120;172;634;0.678;0.678;-12826843;Fibronectin
T47;121;172;634;0.000;0.000;-12303328;Fibronectin
T47;122;172;632;0.678;0.678;-12370364;Fibronectin
T47;123;170;632;0.678;0.678;-12699604;Fibronectin
T47;124;170;632;0.000;0.000;-13158860;Fibronectin
T47;125;170;634;0.678;0.678;-12633284;Fibronectin
T47;126;170;634;0.000;0.000;-12105153;Fibronectin
T47;127;172;634;0.678;0.678;-12697799;Fibronectin
T47;128;172;634;0.000;0.000;-11448494;Fibronectin
T47;129;172;638;1.356;1.356;-9343911;Fibronectin
T47;130;172;638;0.000;0.000;-9145783;Fibronectin
T47;131;172;638;0.000;0.000;-10661825;Fibronectin
T47;132;172;638;0.000;0.000;-9803938;Fibronectin
T47;133;172;634;1.356;1.356;-9935257;Fibronectin
T47;134;172;634;0.000;0.000;-10984360;Fibronectin
T47;135;172;634;0.000;0.000;-11841977;Fibronectin
T47;136;172;632;0.678;0.678;-13029058;Fibronectin
T47;137;172;632;0.000;0.000;-12306376;Fibronectin
T47;138;172;632;0.000;0.000;-12831956;Fibronectin
T47;139;172;632;0.000;0.000;-13028080;Fibronectin
T47;140;174;632;0.678;0.678;-12830940;Fibronectin
T47;141;174;632;0.000;0.000;-12240599;Fibronectin
T47;142;174;630;0.678;0.678;-12105420;Fibronectin
T47;143;174;630;0.000;0.000;-12896746;Fibronectin
T47;144;182;626;3.032;3.032;-12833472;Fibronectin
T47;145;188;622;2.445;2.445;-12760779;Fibronectin
T47;146;198;616;3.953;3.953;-11908311;Fibronectin
T47;147;204;620;2.445;2.445;-12826600;Fibronectin
T47;148;204;620;0.000;0.000;-13879529;Fibronectin
T47;149;210;620;2.034;2.034;-13622509;Fibronectin
T47;150;210;620;0.000;0.000;-12174553;Fibronectin
T47;151;212;618;0.959;0.959;-11844048;Fibronectin
T47;152;218;612;2.877;2.877;-12238790;Fibronectin
T47;153;218;612;0.000;0.000;-13288404;Fibronectin
T47;154;226;602;4.341;4.341;-13291727;Fibronectin
T47;155;246;596;7.079;7.079;-13683932;Fibronectin
T47;156;246;596;0.000;0.000;-13155555;Fibronectin
T47;157;244;594;0.959;0.959;-12106952;Fibronectin
T47;158;244;588;2.034;2.034;-11251909;Fibronectin
T47;159;246;588;0.678;0.678;-11450024;Fibronectin
T47;160;256;582;3.953;3.953;-12106976;Fibronectin
T47;161;262;572;3.953;3.953;-11579102;Fibronectin
T47;162;264;564;2.795;2.795;-11061434;Fibronectin
T47;163;266;554;3.457;3.457;-12037327;Fibronectin
T47;164;266;552;0.678;0.678;-12103855;Fibronectin
T47;165;266;550;0.678;0.678;-13025975;Fibronectin
T47;166;266;546;1.356;1.356;-12699377;Fibronectin
T47;167;266;546;0.000;0.000;-10856383;Fibronectin
T47;168;266;544;0.678;0.678;-10858443;Fibronectin
T47;169;264;542;0.959;0.959;-10987468;Fibronectin
T47;170;268;530;4.288;4.288;-12629696;Fibronectin
T47;171;268;528;0.678;0.678;-13613760;Fibronectin
T47;172;268;528;0.000;0.000;-13157073;Fibronectin
T47;173;268;524;1.356;1.356;-10988721;Fibronectin
T47;174;268;524;0.000;0.000;-9670351;Fibronectin
T47;175;268;526;0.678;0.678;-12764414;Fibronectin
T47;176;266;528;0.959;0.959;-12962786;Fibronectin
T47;177;266;528;0.000;0.000;-14141384;Fibronectin
T47;178;266;530;0.678;0.678;-13288142;Fibronectin
T47;179;266;530;0.000;0.000;-13548220;Fibronectin
T47;180;266;532;0.678;0.678;-13877971;Fibronectin
T47;181;266;532;0.000;0.000;-12293296;Fibronectin
T47;182;266;532;0.000;0.000;-11907256;Fibronectin
T47;183;268;532;0.678;0.678;-11573433;Fibronectin
T47;184;268;532;0.000;0.000;-11382970;Fibronectin
T47;185;268;530;0.678;0.678;-12237787;Fibronectin
T47;186;270;516;4.794;4.794;-12828358;Fibronectin
T47;187;272;514;0.959;0.959;-12496310;Fibronectin
T47;188;274;512;0.959;0.959;-11643604;Fibronectin
T47;189;274;512;0.000;0.000;-10920628;Fibronectin
T47;190;280;508;2.445;2.445;-14274800;Fibronectin
T47;191;282;510;0.959;0.959;-11902901;Fibronectin
T47;192;284;510;0.678;0.678;-13152206;Fibronectin
T47;193;284;506;1.356;1.356;-13552081;Fibronectin
T47;194;286;506;0.678;0.678;-14272470;Fibronectin
T47;195;286;506;0.000;0.000;-13222626;Fibronectin
T47;196;286;506;0.000;0.000;-13684436;Fibronectin
T47;197;286;506;0.000;0.000;-12634334;Fibronectin
T47;198;288;508;0.959;0.959;-14211815;Fibronectin
T47;199;286;510;0.959;0.959;-14665169;Fibronectin
T47;200;286;510;0.000;0.000;-12625335;Fibronectin
T47;201;280;510;2.034;2.034;-11312814;Fibronectin
T47;202;280;510;0.000;0.000;-9146285;Fibronectin
T47;203;282;510;0.678;0.678;-11514061;Fibronectin
T47;204;282;510;0.000;0.000;-10986437;Fibronectin
T47;205;286;498;4.288;4.288;-14138048;Fibronectin
T47;206;288;502;1.516;1.516;-12688824;Fibronectin
T47;207;288;500;0.678;0.678;-11969199;Fibronectin
T47;208;288;500;0.000;0.000;-11902633;Fibronectin
T47;209;288;500;0.000;0.000;-11447732;Fibronectin
T47;210;288;498;0.678;0.678;-12229298;Fibronectin
T47;211;288;494;1.356;1.356;-14141898;Fibronectin
T47;212;290;496;0.959;0.959;-13613018;Fibronectin
T47;213;290;496;0.000;0.000;-13814245;Fibronectin
T47;214;288;494;0.959;0.959;-13749701;Fibronectin
T47;215;288;494;0.000;0.000;-13420231;Fibronectin
T47;216;288;494;0.000;0.000;-14079729;Fibronectin
T47;217;288;496;0.678;0.678;-13616840;Fibronectin
T47;218;288;496;0.000;0.000;-14015189;Fibronectin
T47;219;288;498;0.678;0.678;-12955067;Fibronectin
T47;220;288;498;0.000;0.000;-13542826;Fibronectin
T47;221;286;498;0.678;0.678;-10984117;Fibronectin
T47;222;286;498;0.000;0.000;-9543320;Fibronectin
T47;223;286;494;1.356;1.356;-11573425;Fibronectin
T47;224;286;494;0.000;0.000;-12825032;Fibronectin
T47;225;286;494;0.000;0.000;-12428221;Fibronectin
T47;226;286;494;0.000;0.000;-13086664;Fibronectin
T47;227;286;494;0.000;0.000;-12300212;Fibronectin
T47;228;286;492;0.678;0.678;-14075851;Fibronectin
T47;229;286;490;0.678;0.678;-14474222;Fibronectin
T47;230;286;490;0.000;0.000;-14210529;Fibronectin
T47;231;286;490;0.000;0.000;-14603751;Fibronectin
T47;232;288;490;0.678;0.678;-14013435;Fibronectin
T47;233;288;490;0.000;0.000;-14671339;Fibronectin
T47;234;288;490;0.000;0.000;-14145739;Fibronectin
T47;235;288;494;1.356;1.356;-13745647;Fibronectin
T47;236;288;494;0.000;0.000;-13876192;Fibronectin
T47;237;288;492;0.678;0.678;-14601166;Fibronectin
T47;238;288;492;0.000;0.000;-14536152;Fibronectin
T47;239;288;492;0.000;0.000;-13613006;Fibronectin
T47;240;288;492;0.000;0.000;-12101830;Fibronectin
T47;241;288;492;0.000;0.000;-12822211;Fibronectin
T47;242;288;492;0.000;0.000;-13152180;Fibronectin
T47;243;288;492;0.000;0.000;-12561601;Fibronectin
T47;244;288;492;0.000;0.000;-12032938;Fibronectin
T47;245;288;492;0.000;0.000;-12694978;Fibronectin
T47;246;288;492;0.000;0.000;-12761033;Fibronectin
T47;247;288;492;0.000;0.000;-13482962;Fibronectin
T47;248;288;492;0.000;0.000;-12300980;Fibronectin
T47;249;288;490;0.678;0.678;-13874624;Fibronectin
T47;250;288;490;0.000;0.000;-13942250;Fibronectin
T47;251;292;490;1.356;1.356;-14403016;Fibronectin
T47;252;292;490;0.000;0.000;-14339290;Fibronectin
T47;253;292;490;0.000;0.000;-14141410;Fibronectin
T47;254;292;490;0.000;0.000;-14008530;Fibronectin
T47;255;292;490;0.000;0.000;-14931154;Fibronectin
T47;256;292;490;0.000;0.000;-14405337;Fibronectin
T47;257;292;490;0.000;0.000;-14076380;Fibronectin
T47;258;292;490;0.000;0.000;-14468578;Fibronectin
T47;259;292;490;0.000;0.000;-13879778;Fibronectin
T47;260;292;490;0.000;0.000;-13878992;Fibronectin
T47;261;292;488;0.678;0.678;-14401760;Fibronectin
T47;262;290;488;0.678;0.678;-14273260;Fibronectin
T47;263;288;488;0.678;0.678;-14604531;Fibronectin
T47;264;288;488;0.000;0.000;-14602732;Fibronectin
T47;265;288;488;0.000;0.000;-13289173;Fibronectin
T47;266;288;488;0.000;0.000;-14011865;Fibronectin
T47;267;288;488;0.000;0.000;-12959694;Fibronectin
T47;268;288;486;0.678;0.678;-14406122;Fibronectin
T47;269;288;486;0.000;0.000;-14206161;Fibronectin
T47;270;288;486;0.000;0.000;-14009811;Fibronectin
T47;271;290;486;0.678;0.678;-15064276;Fibronectin
T47;272;290;486;0.000;0.000;-14932980;Fibronectin
T47;273;290;486;0.000;0.000;-15065597;Fibronectin
T47;274;290;486;0.000;0.000;-14932450;Fibronectin
T47;275;290;486;0.000;0.000;-15199475;Fibronectin
T47;276;290;486;0.000;0.000;-14737143;Fibronectin
T47;277;290;486;0.000;0.000;-14013407;Fibronectin
T47;278;290;486;0.000;0.000;-14669530;Fibronectin
T47;279;290;486;0.000;0.000;-14865393;Fibronectin
T47;280;288;488;0.959;0.959;-14273507;Fibronectin
T47;281;288;490;0.678;0.678;-13486802;Fibronectin
T47;282;288;490;0.000;0.000;-12368080;Fibronectin
T47;283;288;490;0.000;0.000;-12304068;Fibronectin
T47;284;288;490;0.000;0.000;-12960732;Fibronectin
T47;285;288;490;0.000;0.000;-12698830;Fibronectin
T47;286;288;490;0.000;0.000;-12302800;Fibronectin
T47;287;288;488;0.678;0.678;-12698078;Fibronectin
T47;288;288;486;0.678;0.678;-13615837;Fibronectin
T47;289;288;486;0.000;0.000;-14405586;Fibronectin
T47;290;288;486;0.000;0.000;-14207717;Fibronectin
T47;291;288;484;0.678;0.678;-14471130;Fibronectin
T47;292;288;484;0.000;0.000;-14470126;Fibronectin
T47;293;288;486;0.678;0.678;-14209749;Fibronectin
T47;294;288;486;0.000;0.000;-13678516;Fibronectin
T47;295;288;486;0.000;0.000;-12036045;Fibronectin
T47;296;288;486;0.000;0.000;-13550299;Fibronectin
T47;297;288;486;0.000;0.000;-13746665;Fibronectin
T47;298;288;486;0.000;0.000;-12893424;Fibronectin
T47;299;288;488;0.678;0.678;-12895921;Fibronectin
T47;300;288;488;0.000;0.000;-12765912;Fibronectin
T47;301;288;488;0.000;0.000;-13093861;Fibronectin
T47;302;288;488;0.000;0.000;-11119296;Fibronectin
T47;303;286;486;0.959;0.959;-12036771;Fibronectin
T47;304;286;486;0.000;0.000;-11315647;Fibronectin
T47;305;286;486;0.000;0.000;-10655648;Fibronectin
T47;306;286;486;0.000;0.000;-9867686;Fibronectin
T47;307;288;486;0.678;0.678;-10523031;Fibronectin
T47;308;288;486;0.000;0.000;-10326679;Fibronectin
T47;309;288;484;0.678;0.678;-11447742;Fibronectin
T47;310;288;484;0.000;0.000;-11710665;Fibronectin
T47;311;284;486;1.516;1.516;-10526117;Fibronectin
T47;312;284;486;0.000;0.000;-10592173;Fibronectin
T47;313;284;486;0.000;0.000;-11843521;Fibronectin
T47;314;284;484;0.678;0.678;-12630729;Fibronectin
T47;315;284;484;0.000;0.000;-14013934;Fibronectin
T47;316;284;484;0.000;0.000;-14539743;Fibronectin
T47;317;286;484;0.678;0.678;-13553097;Fibronectin
T47;318;286;484;0.000;0.000;-13484532;Fibronectin
T47;319;286;484;0.000;0.000;-13485256;Fibronectin
T47;320;286;484;0.000;0.000;-13550824;Fibronectin
T47;321;286;484;0.000;0.000;-13618410;Fibronectin
T47;322;286;484;0.000;0.000;-12698327;Fibronectin
T47;323;286;484;0.000;0.000;-12370125;Fibronectin
T47;324;286;484;0.000;0.000;-12566215;Fibronectin
T47;325;286;484;0.000;0.000;-11973547;Fibronectin
T47;326;286;484;0.000;0.000;-12698060;Fibronectin
T47;327;286;484;0.000;0.000;-11711417;Fibronectin
T47;328;286;484;0.000;0.000;-12631217;Fibronectin
T47;329;286;484;0.000;0.000;-11841496;Fibronectin
T47;330;286;484;0.000;0.000;-12237006;Fibronectin
T47;331;286;484;0.000;0.000;-12039109;Fibronectin
T47;332;286;484;0.000;0.000;-12826321;Fibronectin
T47;333;286;484;0.000;0.000;-12956871;Fibronectin
T47;334;286;484;0.000;0.000;-12561611;Fibronectin
T47;335;286;484;0.000;0.000;-12957637;Fibronectin
T47;336;286;484;0.000;0.000;-13218761;Fibronectin
T47;337;286;484;0.000;0.000;-12299216;Fibronectin
T47;338;286;484;0.000;0.000;-12956612;Fibronectin
T47;339;286;484;0.000;0.000;-12168896;Fibronectin
T47;340;286;484;0.000;0.000;-12234417;Fibronectin
T47;341;286;484;0.000;0.000;-12106442;Fibronectin
T47;342;286;484;0.000;0.000;-12563882;Fibronectin
T47;343;286;484;0.000;0.000;-11183806;Fibronectin
T47;344;286;484;0.000;0.000;-11316659;Fibronectin
T47;345;286;484;0.000;0.000;-10726077;Fibronectin
T47;346;286;484;0.000;0.000;-10988220;Fibronectin
T47;347;286;484;0.000;0.000;-11643319;Fibronectin
T47;348;286;484;0.000;0.000;-12169160;Fibronectin
T47;349;286;484;0.000;0.000;-13550540;Fibronectin
T47;350;286;484;0.000;0.000;-13351404;Fibronectin
T47;351;286;484;0.000;0.000;-13152719;Fibronectin
T47;352;286;484;0.000;0.000;-12628959;Fibronectin
T47;353;286;484;0.000;0.000;-13351895;Fibronectin
T47;354;286;484;0.000;0.000;-12893121;Fibronectin
T47;355;286;484;0.000;0.000;-13287403;Fibronectin
T47;356;284;484;0.678;0.678;-13487317;Fibronectin
T47;357;284;484;0.000;0.000;-12435654;Fibronectin
T47;358;284;484;0.000;0.000;-11905998;Fibronectin
T47;359;284;484;0.000;0.000;-12234930;Fibronectin
T47;360;284;484;0.000;0.000;-12303053;Fibronectin
T47;361;284;484;0.000;0.000;-12894939;Fibronectin
T47;362;284;484;0.000;0.000;-13421270;Fibronectin
T47;363;284;484;0.000;0.000;-11842230;Fibronectin
T47;364;284;484;0.000;0.000;-11776709;Fibronectin
T47;365;284;484;0.000;0.000;-12366021;Fibronectin
T47;366;284;484;0.000;0.000;-12434880;Fibronectin
T47;367;284;484;0.000;0.000;-12432835;Fibronectin
T47;368;284;484;0.000;0.000;-13222866;Fibronectin
T47;369;284;486;0.678;0.678;-13222349;Fibronectin
T47;370;286;486;0.678;0.678;-12696017;Fibronectin
T47;371;286;486;0.000;0.000;-11249611;Fibronectin
T47;372;286;486;0.000;0.000;-10595756;Fibronectin
T47;373;286;486;0.000;0.000;-11315633;Fibronectin
T47;374;286;486;0.000;0.000;-10857384;Fibronectin
T47;375;286;486;0.000;0.000;-11181464;Fibronectin
T47;376;286;486;0.000;0.000;-11971792;Fibronectin
T47;377;286;486;0.000;0.000;-11184300;Fibronectin
T47;378;286;486;0.000;0.000;-10854080;Fibronectin
T47;379;286;486;0.000;0.000;-12297659;Fibronectin
T47;380;286;486;0.000;0.000;-11909310;Fibronectin
T47;381;286;486;0.000;0.000;-11972819;Fibronectin
T47;382;286;486;0.000;0.000;-10591645;Fibronectin
T47;383;286;486;0.000;0.000;-10131880;Fibronectin
T47;384;286;486;0.000;0.000;-11446718;Fibronectin
T47;385;286;486;0.000;0.000;-11449541;Fibronectin
T47;386;286;486;0.000;0.000;-12237491;Fibronectin
T47;387;286;486;0.000;0.000;-11907521;Fibronectin
T47;388;286;486;0.000;0.000;-12370364;Fibronectin
T47;389;286;486;0.000;0.000;-12106422;Fibronectin
T47;390;286;486;0.000;0.000;-13617120;Fibronectin
T47;391;286;486;0.000;0.000;-12697557;Fibronectin
T47;392;286;486;0.000;0.000;-11382218;Fibronectin
T47;393;286;486;0.000;0.000;-11778236;Fibronectin
T47;394;286;486;0.000;0.000;-11513273;Fibronectin
T47;395;286;486;0.000;0.000;-10856901;Fibronectin
T47;396;286;486;0.000;0.000;-11777225;Fibronectin
T47;397;286;486;0.000;0.000;-11974339;Fibronectin
T47;398;284;486;0.678;0.678;-12302037;Fibronectin
T47;399;284;486;0.000;0.000;-11316684;Fibronectin
T47;400;284;486;0.000;0.000;-12237776;Fibronectin
T47;401;284;486;0.000;0.000;-10990289;Fibronectin
T47;402;284;486;0.000;0.000;-11779781;Fibronectin
T47;403;284;486;0.000;0.000;-11910098;Fibronectin
T47;404;284;486;0.000;0.000;-11779779;Fibronectin
T47;405;284;486;0.000;0.000;-12042189;Fibronectin
T47;406;284;486;0.000;0.000;-10860209;Fibronectin
T47;407;284;486;0.000;0.000;-12238277;Fibronectin
T47;408;284;486;0.000;0.000;-12305600;Fibronectin
T47;409;284;486;0.000;0.000;-12634100;Fibronectin
T47;410;284;486;0.000;0.000;-10660250;Fibronectin
T47;411;284;486;0.000;0.000;-11317702;Fibronectin
T47;412;284;486;0.000;0.000;-10201776;Fibronectin
T47;413;284;486;0.000;0.000;-12702151;Fibronectin
T47;414;284;486;0.000;0.000;-11582149;Fibronectin
T47;415;284;486;0.000;0.000;-12043184;Fibronectin
T47;416;284;486;0.000;0.000;-11450563;Fibronectin
T47;417;284;486;0.000;0.000;-10990540;Fibronectin
T47;418;284;486;0.000;0.000;-11387305;Fibronectin
T47;419;284;486;0.000;0.000;-11381977;Fibronectin
T47;420;284;486;0.000;0.000;-11121590;Fibronectin
T47;421;284;486;0.000;0.000;-10335387;Fibronectin
T47;422;284;486;0.000;0.000;-11186636;Fibronectin
T47;423;284;486;0.000;0.000;-11777225;Fibronectin
T47;424;284;486;0.000;0.000;-10138818;Fibronectin
T47;425;284;486;0.000;0.000;-11122665;Fibronectin
T47;426;284;486;0.000;0.000;-11254706;Fibronectin
T47;427;284;486;0.000;0.000;-10660043;Fibronectin
T47;428;284;486;0.000;0.000;-10395580;Fibronectin
T47;429;284;486;0.000;0.000;-11978175;Fibronectin
T47;430;284;486;0.000;0.000;-11580847;Fibronectin
T47;431;284;486;0.000;0.000;-10333603;Fibronectin
T47;432;284;486;0.000;0.000;-10330515;Fibronectin
T47;433;284;486;0.000;0.000;-8948401;Fibronectin
T47;434;284;486;0.000;0.000;-8158895;Fibronectin
T47;435;284;486;0.000;0.000;-8093342;Fibronectin
T47;436;284;486;0.000;0.000;-8028337;Fibronectin
T47;437;284;486;0.000;0.000;-10528413;Fibronectin
T48;2;1948;54;1.516;1.516;-9146758;Fibronectin
T48;3;1948;54;0.000;0.000;-9541265;Fibronectin
T48;4;1948;54;0.000;0.000;-9143690;Fibronectin
T48;5;1944;56;1.516;1.516;-7897720;Fibronectin
T48;6;1944;54;0.678;0.678;-9671063;Fibronectin
T48;7;1944;54;0.000;0.000;-9606792;Fibronectin
T48;8;1944;60;2.034;2.034;-8623735;Fibronectin
T48;9;1944;62;0.678;0.678;-8820097;Fibronectin
T48;10;1944;62;0.000;0.000;-8555886;Fibronectin
T48;11;1944;62;0.000;0.000;-8820600;Fibronectin
T48;12;1944;62;0.000;0.000;-8421757;Fibronectin
T48;13;1944;60;0.678;0.678;-10000786;Fibronectin
T48;14;1944;60;0.000;0.000;-10400384;Fibronectin
T48;15;1940;64;1.918;1.918;-8557176;Fibronectin
T48;16;1936;70;2.445;2.445;-9936535;Fibronectin
T48;17;1934;76;2.144;2.144;-10402191;Fibronectin
T48;18;1938;70;2.445;2.445;-8755333;Fibronectin
T48;19;1940;68;0.959;0.959;-7634548;Fibronectin
T48;20;1940;66;0.678;0.678;-9476228;Fibronectin
T48;21;1940;66;0.000;0.000;-8166268;Fibronectin
T48;22;1944;64;1.516;1.516;-9410191;Fibronectin
T48;23;1944;64;0.000;0.000;-8693141;Fibronectin
T48;24;1944;62;0.678;0.678;-8034682;Fibronectin
T48;25;1944;60;0.678;0.678;-7636075;Fibronectin
T48;26;1944;56;1.356;1.356;-9275785;Fibronectin
T48;27;1944;56;0.000;0.000;-7700344;Fibronectin
T48;28;1946;60;1.516;1.516;-9213053;Fibronectin
T48;29;1946;60;0.000;0.000;-8162418;Fibronectin
T48;30;1946;58;0.678;0.678;-10000262;Fibronectin
T48;31;1946;58;0.000;0.000;-9607042;Fibronectin
T48;32;1946;52;2.034;2.034;-10062221;Fibronectin
T48;33;1944;52;0.678;0.678;-8028539;Fibronectin
T48;34;1942;52;0.678;0.678;-8094598;Fibronectin
T48;35;1938;52;1.356;1.356;-10137236;Fibronectin
T48;36;1938;54;0.678;0.678;-11188383;Fibronectin
T48;37;1938;54;0.000;0.000;-8551048;Fibronectin
T48;38;1938;54;0.000;0.000;-10462353;Fibronectin
T48;39;1940;54;0.678;0.678;-9017975;Fibronectin
T48;40;1940;58;1.356;1.356;-6917239;Fibronectin
T48;41;1940;60;0.678;0.678;-8562053;Fibronectin
T48;42;1940;60;0.000;0.000;-7772288;Fibronectin
T48;43;1938;62;0.959;0.959;-8694673;Fibronectin
T48;44;1938;64;0.678;0.678;-10599060;Fibronectin
T48;45;1938;64;0.000;0.000;-10139027;Fibronectin
T48;46;1938;62;0.678;0.678;-8563087;Fibronectin
T48;47;1938;62;0.000;0.000;-8496001;Fibronectin
T48;48;1938;62;0.000;0.000;-8560262;Fibronectin
T48;49;1936;60;0.959;0.959;-9147286;Fibronectin
T48;50;1936;60;0.000;0.000;-9340816;Fibronectin
T48;51;1936;60;0.000;0.000;-9468552;Fibronectin
T48;52;1936;60;0.000;0.000;-9672081;Fibronectin
T48;53;1936;60;0.000;0.000;-11514279;Fibronectin
T48;54;1938;60;0.678;0.678;-10794139;Fibronectin
T48;55;1938;60;0.000;0.000;-9083016;Fibronectin
T48;56;1938;60;0.000;0.000;-11586966;Fibronectin
T48;57;1938;58;0.678;0.678;-11319459;Fibronectin
T48;58;1938;58;0.000;0.000;-10466468;Fibronectin
T48;59;1938;56;0.678;0.678;-8157571;Fibronectin
T48;60;1938;56;0.000;0.000;-10138269;Fibronectin
T48;61;1940;56;0.678;0.678;-10136486;Fibronectin
T48;62;1940;54;0.678;0.678;-8617354;Fibronectin
T48;63;1940;54;0.000;0.000;-7826557;Fibronectin
T48;64;1942;54;0.678;0.678;-9803420;Fibronectin
T48;65;1942;54;0.000;0.000;-9934742;Fibronectin
T48;66;1942;54;0.000;0.000;-11452068;Fibronectin
T48;67;1944;54;0.678;0.678;-9084540;Fibronectin
T48;68;1944;54;0.000;0.000;-9741953;Fibronectin
T48;69;1944;52;0.678;0.678;-11580319;Fibronectin
T48;70;1944;52;0.000;0.000;-12037802;Fibronectin
T48;71;1944;52;0.000;0.000;-12170918;Fibronectin
T48;72;1946;56;1.516;1.516;-8822906;Fibronectin
T48;73;1946;56;0.000;0.000;-9815957;Fibronectin
T48;74;1946;54;0.678;0.678;-9017468;Fibronectin
T48;75;1946;52;0.678;0.678;-10653077;Fibronectin
T48;76;1946;54;0.678;0.678;-11906206;Fibronectin
T48;77;1946;56;0.678;0.678;-10070405;Fibronectin
T48;78;1946;56;0.000;0.000;-10525339;Fibronectin
T48;79;1946;56;0.000;0.000;-11184284;Fibronectin
T48;80;1946;58;0.678;0.678;-11907756;Fibronectin
T48;81;1946;58;0.000;0.000;-11314075;Fibronectin
T48;82;1946;58;0.000;0.000;-12040872;Fibronectin
T48;83;1946;58;0.000;0.000;-10919077;Fibronectin
T48;84;1946;58;0.000;0.000;-9481849;Fibronectin
T48;85;1946;58;0.000;0.000;-11384222;Fibronectin
T48;86;1946;58;0.000;0.000;-9142407;Fibronectin
T48;87;1944;62;1.516;1.516;-10995866;Fibronectin
T48;88;1946;56;2.144;2.144;-10128011;Fibronectin
T48;89;1946;60;1.356;1.356;-11185054;Fibronectin
T48;90;1946;60;0.000;0.000;-11638940;Fibronectin
T48;91;1948;60;0.678;0.678;-9928073;Fibronectin
T48;92;1948;62;0.678;0.678;-10651537;Fibronectin
T48;93;1944;62;1.356;1.356;-9793918;Fibronectin
T48;94;1942;64;0.959;0.959;-10863255;Fibronectin
T48;95;1952;56;4.341;4.341;-8619127;Fibronectin
T48;96;1952;58;0.678;0.678;-10191247;Fibronectin
T48;97;1954;56;0.959;0.959;-6976128;Fibronectin
T48;98;1942;70;6.251;6.251;-6908528;Fibronectin
T48;99;1942;72;0.678;0.678;-8686963;Fibronectin
T48;100;1936;74;2.144;2.144;-10003884;Fibronectin
T48;101;1940;74;1.356;1.356;-8097920;Fibronectin
T48;102;1940;82;2.712;2.712;-9474452;Fibronectin
T48;103;1940;78;1.356;1.356;-8357770;Fibronectin
T48;104;1940;72;2.034;2.034;-8225684;Fibronectin
T48;105;1940;74;0.678;0.678;-10327192;Fibronectin
T48;106;1940;70;1.356;1.356;-10391459;Fibronectin
T48;107;1940;70;0.000;0.000;-10061971;Fibronectin
T48;108;1944;70;1.356;1.356;-8681846;Fibronectin
T48;109;1944;74;1.356;1.356;-10587797;Fibronectin
T48;110;1944;74;0.000;0.000;-8421004;Fibronectin
T48;111;1950;68;2.877;2.877;-7897469;Fibronectin
T48;112;1950;70;0.678;0.678;-8822932;Fibronectin
T48;113;1948;70;0.678;0.678;-10130844;Fibronectin
T48;114;1942;68;2.144;2.144;-9410961;Fibronectin
T48;115;1942;62;2.034;2.034;-9408412;Fibronectin
T48;116;1940;58;1.516;1.516;-8494729;Fibronectin
T48;117;1936;54;1.918;1.918;-8752034;Fibronectin
T48;118;1934;52;0.959;0.959;-11389587;Fibronectin
T48;119;1910;44;8.576;8.576;-8154231;Fibronectin
T48;120;1896;48;4.936;4.936;-7895925;Fibronectin
T48;121;1886;52;3.651;3.651;-7241330;Fibronectin
T48;122;1880;52;2.034;2.034;-6975876;Fibronectin
T48;123;1876;60;3.032;3.032;-6710137;Fibronectin
T48;124;1874;60;0.678;0.678;-7106950;Fibronectin
T48;125;1878;56;1.918;1.918;-9680812;Fibronectin
T48;126;1866;54;4.124;4.124;-9212812;Fibronectin
T48;127;1854;78;9.096;9.096;-7696527;Fibronectin
T48;128;1826;118;16.552;16.552;-11183283;Fibronectin
T48;129;1782;126;15.161;15.161;-12290972;Fibronectin
T48;130;1764;104;9.636;9.636;-12158632;Fibronectin
T48;131;1748;58;16.510;16.510;-12024989;Fibronectin
T48;132;1744;16;14.302;14.302;-8618120;Fibronectin
T49;2;1552;254;1.516;1.516;-8559243;Fibronectin
T49;3;1552;254;0.000;0.000;-8627084;Fibronectin
T49;4;1552;254;0.000;0.000;-11058089;Fibronectin
T49;5;1552;254;0.000;0.000;-11451047;Fibronectin
T49;6;1552;254;0.000;0.000;-11449766;Fibronectin
T49;7;1552;254;0.000;0.000;-10991517;Fibronectin
T49;8;1552;254;0.000;0.000;-9738141;Fibronectin
T49;9;1552;256;0.678;0.678;-9544600;Fibronectin
T49;10;1552;256;0.000;0.000;-11059367;Fibronectin
T49;11;1552;256;0.000;0.000;-9808296;Fibronectin
T49;12;1552;256;0.000;0.000;-10266530;Fibronectin
T49;13;1552;256;0.000;0.000;-10463917;Fibronectin
T49;14;1552;256;0.000;0.000;-9681317;Fibronectin
T49;15;1552;256;0.000;0.000;-10202279;Fibronectin
T49;16;1548;256;1.356;1.356;-10930340;Fibronectin
T49;17;1548;256;0.000;0.000;-9604774;Fibronectin
T49;18;1548;256;0.000;0.000;-10523298;Fibronectin
T49;19;1548;256;0.000;0.000;-11438004;Fibronectin
T49;20;1548;256;0.000;0.000;-9330824;Fibronectin
T49;21;1548;256;0.000;0.000;-10652064;Fibronectin
T49;22;1548;256;0.000;0.000;-10388371;Fibronectin
T49;23;1548;256;0.000;0.000;-10517136;Fibronectin
T49;24;1548;256;0.000;0.000;-10714769;Fibronectin
T49;25;1548;256;0.000;0.000;-10650508;Fibronectin
T49;26;1548;264;2.712;2.712;-10782880;Fibronectin
T49;27;1548;264;0.000;0.000;-10653604;Fibronectin
T49;28;1558;260;3.651;3.651;-7828842;Fibronectin
T49;29;1558;260;0.000;0.000;-10199204;Fibronectin
T49;30;1558;258;0.678;0.678;-10064012;Fibronectin
T49;31;1556;256;0.959;0.959;-11782553;Fibronectin
T49;32;1552;256;1.356;1.356;-11127955;Fibronectin
T49;33;1552;256;0.000;0.000;-10401690;Fibronectin
T49;34;1552;256;0.000;0.000;-11785653;Fibronectin
T49;35;1552;258;0.678;0.678;-11521684;Fibronectin
T49;36;1550;258;0.678;0.678;-11456670;Fibronectin
T49;37;1550;258;0.000;0.000;-11983004;Fibronectin
T49;38;1550;258;0.000;0.000;-10072977;Fibronectin
T49;39;1548;258;0.678;0.678;-12375989;Fibronectin
T49;40;1548;256;0.678;0.678;-11849134;Fibronectin
T49;41;1546;254;0.959;0.959;-10061199;Fibronectin
T49;42;1546;254;0.000;0.000;-9928087;Fibronectin
T49;43;1548;254;0.678;0.678;-11122852;Fibronectin
T49;44;1550;258;1.516;1.516;-11451819;Fibronectin
T49;45;1550;260;0.678;0.678;-10332325;Fibronectin
T49;46;1552;262;0.959;0.959;-12637372;Fibronectin
T49;47;1552;262;0.000;0.000;-12377008;Fibronectin
T49;48;1554;264;0.959;0.959;-9667987;Fibronectin
T49;49;1554;264;0.000;0.000;-9935755;Fibronectin
T49;50;1550;264;1.356;1.356;-10331307;Fibronectin
T49;51;1550;262;0.678;0.678;-9277065;Fibronectin
T49;52;1554;258;1.918;1.918;-7963785;Fibronectin
T49;53;1556;262;1.516;1.516;-9814943;Fibronectin
T49;54;1560;260;1.516;1.516;-10336147;Fibronectin
T49;55;1554;260;2.034;2.034;-8944789;Fibronectin
T49;56;1558;258;1.516;1.516;-8359046;Fibronectin
T49;57;1558;258;0.000;0.000;-10333087;Fibronectin
T49;58;1558;260;0.678;0.678;-12819391;Fibronectin
T49;59;1560;258;0.959;0.959;-9468038;Fibronectin
T49;60;1562;258;0.678;0.678;-11244962;Fibronectin
T49;61;1562;258;0.000;0.000;-12100020;Fibronectin
T49;62;1564;262;1.516;1.516;-9943196;Fibronectin
T49;63;1566;262;0.678;0.678;-9023383;Fibronectin
T49;64;1564;258;1.516;1.516;-8886155;Fibronectin
T49;65;1564;258;0.000;0.000;-11111596;Fibronectin
T49;66;1566;262;1.516;1.516;-11781801;Fibronectin
T49;67;1570;258;1.918;1.918;-10928310;Fibronectin
T49;68;1572;256;0.959;0.959;-11194530;Fibronectin
T49;69;1570;252;1.516;1.516;-11326363;Fibronectin
T49;70;1570;254;0.678;0.678;-11388837;Fibronectin
T49;71;1570;254;0.000;0.000;-11128486;Fibronectin
T49;72;1572;250;1.516;1.516;-9274494;Fibronectin
T49;73;1572;244;2.034;2.034;-11387805;Fibronectin
T49;74;1568;234;3.651;3.651;-10601112;Fibronectin
T49;75;1566;230;1.516;1.516;-9350559;Fibronectin
T49;76;1562;230;1.356;1.356;-8091262;Fibronectin
T49;77;1560;230;0.678;0.678;-11126674;Fibronectin
T49;78;1560;230;0.000;0.000;-10072964;Fibronectin
T49;79;1552;242;4.889;4.889;-9070730;Fibronectin
T49;80;1556;236;2.445;2.445;-8881555;Fibronectin
T49;81;1558;234;0.959;0.959;-9536906;Fibronectin
T49;82;1560;244;3.457;3.457;-11042481;Fibronectin
T49;83;1564;236;3.032;3.032;-9477263;Fibronectin
T49;84;1566;234;0.959;0.959;-10529691;Fibronectin
T49;85;1566;232;0.678;0.678;-10726582;Fibronectin
T49;86;1566;236;1.356;1.356;-9676449;Fibronectin
T49;87;1566;236;0.000;0.000;-10275243;Fibronectin
T49;88;1566;234;0.678;0.678;-8500626;Fibronectin
T49;89;1556;234;3.390;3.390;-9995409;Fibronectin
T49;90;1558;238;1.516;1.516;-9076111;Fibronectin
T49;91;1560;238;0.678;0.678;-7170938;Fibronectin
T49;92;1562;236;0.959;0.959;-10531485;Fibronectin
T49;93;1562;236;0.000;0.000;-9349788;Fibronectin
T49;94;1562;236;0.000;0.000;-10265239;Fibronectin
T49;95;1562;236;0.000;0.000;-9666972;Fibronectin
T49;96;1560;240;1.516;1.516;-9274528;Fibronectin
T49;97;1560;242;0.678;0.678;-9931169;Fibronectin
T49;98;1562;242;0.678;0.678;-9407897;Fibronectin
T49;99;1564;242;0.678;0.678;-7964285;Fibronectin
T49;100;1564;242;0.000;0.000;-10459560;Fibronectin
T49;101;1564;242;0.000;0.000;-9799073;Fibronectin
T49;102;1564;242;0.000;0.000;-9932450;Fibronectin
T49;103;1566;240;0.959;0.959;-9275282;Fibronectin
T49;104;1566;236;1.356;1.356;-10195357;Fibronectin
T49;105;1566;238;0.678;0.678;-9341079;Fibronectin
T49;106;1568;242;1.516;1.516;-10065578;Fibronectin
T49;107;1568;242;0.000;0.000;-8686233;Fibronectin
T49;108;1568;242;0.000;0.000;-8556173;Fibronectin
T49;109;1568;242;0.000;0.000;-8818332;Fibronectin
T49;110;1570;242;0.678;0.678;-8951198;Fibronectin
T49;111;1570;242;0.000;0.000;-9339794;Fibronectin
T49;112;1572;244;0.959;0.959;-10533552;Fibronectin
T49;113;1572;244;0.000;0.000;-10074800;Fibronectin
T49;114;1572;244;0.000;0.000;-9541544;Fibronectin
T49;115;1572;240;1.356;1.356;-8883093;Fibronectin
T49;116;1572;240;0.000;0.000;-9668251;Fibronectin
T49;117;1572;242;0.678;0.678;-9013399;Fibronectin
T49;118;1572;244;0.678;0.678;-8158611;Fibronectin
T49;119;1572;244;0.000;0.000;-10726065;Fibronectin
T49;120;1572;244;0.000;0.000;-10797751;Fibronectin
T49;121;1572;244;0.000;0.000;-7762059;Fibronectin
T49;122;1572;244;0.000;0.000;-7433094;Fibronectin
T49;123;1572;242;0.678;0.678;-8681864;Fibronectin
T49;124;1572;242;0.000;0.000;-6979475;Fibronectin
T49;125;1572;240;0.678;0.678;-6321006;Fibronectin
T49;126;1572;238;0.678;0.678;-8754831;Fibronectin
T49;127;1568;238;1.356;1.356;-8683139;Fibronectin
T49;128;1568;238;0.000;0.000;-8879243;Fibronectin
T49;129;1568;240;0.678;0.678;-9603485;Fibronectin
T49;130;1568;240;0.000;0.000;-8747659;Fibronectin
T49;131;1568;240;0.000;0.000;-11709623;Fibronectin
T49;132;1566;242;0.959;0.959;-10783147;Fibronectin
T49;133;1566;244;0.678;0.678;-10918058;Fibronectin
T49;134;1568;246;0.959;0.959;-11191194;Fibronectin
T49;135;1568;248;0.678;0.678;-10534567;Fibronectin
T49;136;1564;262;4.936;4.936;-9085841;Fibronectin
T49;137;1564;264;0.678;0.678;-8556155;Fibronectin
T49;138;1564;266;0.678;0.678;-7379060;Fibronectin
T49;139;1564;266;0.000;0.000;-11379371;Fibronectin
T49;140;1564;266;0.000;0.000;-9345176;Fibronectin
T49;141;1564;270;1.356;1.356;-13282236;Fibronectin
T49;142;1564;270;0.000;0.000;-10128540;Fibronectin
T49;143;1572;272;2.795;2.795;-10793638;Fibronectin
T49;144;1570;276;1.516;1.516;-10594996;Fibronectin
T49;145;1572;276;0.678;0.678;-9473684;Fibronectin
T49;146;1576;276;1.356;1.356;-12428459;Fibronectin
T49;147;1578;274;0.959;0.959;-9333383;Fibronectin
T49;148;1578;276;0.678;0.678;-9928600;Fibronectin
T49;149;1578;276;0.000;0.000;-10327710;Fibronectin
T49;150;1574;278;1.516;1.516;-11383471;Fibronectin
T49;151;1574;278;0.000;0.000;-10790053;Fibronectin
T49;152;1574;276;0.678;0.678;-12242352;Fibronectin
T49;153;1574;276;0.000;0.000;-11120280;Fibronectin
T49;154;1574;276;0.000;0.000;-10002077;Fibronectin
T49;155;1574;274;0.678;0.678;-9998997;Fibronectin
T49;156;1570;260;4.936;4.936;-11778486;Fibronectin
T49;157;1568;256;1.516;1.516;-8286588;Fibronectin
T49;158;1568;254;0.678;0.678;-8235157;Fibronectin
T49;159;1566;252;0.959;0.959;-9613477;Fibronectin
T49;160;1562;250;1.516;1.516;-10409891;Fibronectin
T49;161;1558;248;1.516;1.516;-6452355;Fibronectin
T49;162;1554;246;1.516;1.516;-7966346;Fibronectin
T49;163;1552;246;0.678;0.678;-10588842;Fibronectin
T49;164;1552;248;0.678;0.678;-10525367;Fibronectin
T49;165;1552;248;0.000;0.000;-10787256;Fibronectin
T49;166;1552;246;0.678;0.678;-10852281;Fibronectin
T49;167;1552;246;0.000;0.000;-13086656;Fibronectin
T49;168;1554;246;0.678;0.678;-12891079;Fibronectin
T49;169;1556;248;0.959;0.959;-10130090;Fibronectin
T49;170;1556;248;0.000;0.000;-11046840;Fibronectin
T49;171;1556;250;0.678;0.678;-10257840;Fibronectin
T49;172;1556;250;0.000;0.000;-10915484;Fibronectin
T49;173;1558;244;2.144;2.144;-9343644;Fibronectin
T49;174;1558;244;0.000;0.000;-9410209;Fibronectin
T49;175;1560;242;0.959;0.959;-7311263;Fibronectin
T49;176;1560;240;0.678;0.678;-5334150;Fibronectin
T49;177;1558;240;0.678;0.678;-11515064;Fibronectin
T49;178;1558;240;0.000;0.000;-11312519;Fibronectin
T49;179;1564;246;2.877;2.877;-11700111;Fibronectin
T49;180;1572;282;12.502;12.502;-10718868;Fibronectin
T49;181;1564;282;2.712;2.712;-11569050;Fibronectin
T49;182;1556;290;3.835;3.835;-9471119;Fibronectin
T49;183;1556;290;0.000;0.000;-10002079;Fibronectin
T49;184;1560;292;1.516;1.516;-11512218;Fibronectin
T49;185;1560;292;0.000;0.000;-11120283;Fibronectin
T49;186;1560;292;0.000;0.000;-9345179;Fibronectin
T49;187;1556;288;1.918;1.918;-9602717;Fibronectin
T49;188;1556;288;0.000;0.000;-10715555;Fibronectin
T49;189;1556;288;0.000;0.000;-12750779;Fibronectin
T49;190;1556;288;0.000;0.000;-12091818;Fibronectin
T49;191;1560;278;3.651;3.651;-11517875;Fibronectin
T49;192;1560;274;1.356;1.356;-12369871;Fibronectin
T49;193;1558;274;0.678;0.678;-8815008;Fibronectin
T49;194;1560;270;1.516;1.516;-7369870;Fibronectin
T49;195;1560;268;0.678;0.678;-7372667;Fibronectin
T49;196;1564;268;1.356;1.356;-6525304;Fibronectin
T49;197;1564;272;1.356;1.356;-6328693;Fibronectin
T49;198;1564;274;0.678;0.678;-9080215;Fibronectin
T49;199;1564;274;0.000;0.000;-6655617;Fibronectin
T49;200;1564;274;0.000;0.000;-7106698;Fibronectin
T49;201;1566;274;0.678;0.678;-6975617;Fibronectin
T49;202;1568;276;0.959;0.959;-8295801;Fibronectin
T49;203;1570;280;1.516;1.516;-8030849;Fibronectin
T49;204;1570;280;0.000;0.000;-9872783;Fibronectin
T49;205;1570;280;0.000;0.000;-6846836;Fibronectin
T49;206;1570;280;0.000;0.000;-6651236;Fibronectin
T49;207;1560;278;3.457;3.457;-9148041;Fibronectin
T49;208;1558;276;0.959;0.959;-9599624;Fibronectin
T49;209;1556;270;2.144;2.144;-12503984;Fibronectin
T49;210;1554;268;0.959;0.959;-10132364;Fibronectin
T49;211;1554;268;0.000;0.000;-10797462;Fibronectin
T49;212;1552;270;0.959;0.959;-9476225;Fibronectin
T49;213;1554;274;1.516;1.516;-8294547;Fibronectin
T49;214;1554;272;0.678;0.678;-7436928;Fibronectin
T49;215;1554;270;0.678;0.678;-8418431;Fibronectin
T49;216;1556;270;0.678;0.678;-8232586;Fibronectin
T49;217;1556;270;0.000;0.000;-7896188;Fibronectin
T49;218;1556;270;0.000;0.000;-9346443;Fibronectin
T49;219;1556;270;0.000;0.000;-8819076;Fibronectin
T49;220;1556;270;0.000;0.000;-7499122;Fibronectin
T49;221;1556;268;0.678;0.678;-7372651;Fibronectin
T49;222;1556;268;0.000;0.000;-11049618;Fibronectin
T49;223;1556;268;0.000;0.000;-12440496;Fibronectin
T49;224;1556;270;0.678;0.678;-12233872;Fibronectin
T49;225;1556;272;0.678;0.678;-11700626;Fibronectin
T49;226;1556;272;0.000;0.000;-11844269;Fibronectin
T49;227;1556;274;0.678;0.678;-10989467;Fibronectin
T49;228;1556;276;0.678;0.678;-9484195;Fibronectin
T49;229;1554;280;1.516;1.516;-9479057;Fibronectin
T49;230;1552;284;1.516;1.516;-9020816;Fibronectin
T49;231;1550;290;2.144;2.144;-9536134;Fibronectin
T49;232;1550;290;0.000;0.000;-10464170;Fibronectin
T49;233;1548;292;0.959;0.959;-11121597;Fibronectin
T49;234;1548;292;0.000;0.000;-10007206;Fibronectin
T49;235;1548;292;0.000;0.000;-11452068;Fibronectin
T49;236;1548;288;1.356;1.356;-10790302;Fibronectin
T49;237;1548;286;0.678;0.678;-9542304;Fibronectin
T49;238;1546;282;1.516;1.516;-8551056;Fibronectin
T49;239;1542;276;2.445;2.445;-10200485;Fibronectin
T49;240;1542;272;1.356;1.356;-8555922;Fibronectin
T49;241;1540;272;0.678;0.678;-7697556;Fibronectin
T49;242;1538;268;1.516;1.516;-9937324;Fibronectin
T49;243;1540;264;1.516;1.516;-9209517;Fibronectin
T49;244;1540;262;0.678;0.678;-8485770;Fibronectin
T49;245;1540;260;0.678;0.678;-7176576;Fibronectin
T49;246;1546;260;2.034;2.034;-11177913;Fibronectin
T49;247;1554;260;2.712;2.712;-9275300;Fibronectin
T49;248;1558;254;2.445;2.445;-8619161;Fibronectin
T49;249;1562;250;1.918;1.918;-10525341;Fibronectin
T49;250;1558;244;2.445;2.445;-11905721;Fibronectin
T49;251;1554;242;1.516;1.516;-10657205;Fibronectin
T49;252;1552;240;0.959;0.959;-9340826;Fibronectin
T49;253;1552;234;2.034;2.034;-11520395;Fibronectin
T49;254;1550;236;0.959;0.959;-10661036;Fibronectin
T49;255;1548;242;2.144;2.144;-11184047;Fibronectin
T49;256;1546;250;2.795;2.795;-11644598;Fibronectin
T49;257;1542;258;3.032;3.032;-9795736;Fibronectin
T49;258;1540;260;0.959;0.959;-8546957;Fibronectin
T49;259;1542;258;0.959;0.959;-8881292;Fibronectin
T49;260;1546;258;1.356;1.356;-10252436;Fibronectin
T49;261;1552;258;2.034;2.034;-12435381;Fibronectin
T49;262;1552;262;1.356;1.356;-11254929;Fibronectin
T49;263;1548;264;1.516;1.516;-9414301;Fibronectin
T49;264;1546;264;0.678;0.678;-9015960;Fibronectin
T49;265;1550;262;1.516;1.516;-12505783;Fibronectin
T49;266;1550;264;0.678;0.678;-9612701;Fibronectin
T49;267;1546;264;1.356;1.356;-9608839;Fibronectin
T49;268;1544;262;0.959;0.959;-9674678;Fibronectin
T49;269;1544;262;0.000;0.000;-9734291;Fibronectin
T49;270;1544;260;0.678;0.678;-8615804;Fibronectin
T49;271;1544;254;2.034;2.034;-9278119;Fibronectin
T49;272;1546;252;0.959;0.959;-8551048;Fibronectin
T49;273;1546;254;0.678;0.678;-11247522;Fibronectin
T49;274;1550;256;1.516;1.516;-7500151;Fibronectin
T49;275;1550;256;0.000;0.000;-7107704;Fibronectin
T49;276;1546;256;1.356;1.356;-8356500;Fibronectin
T49;277;1546;258;0.678;0.678;-10262447;Fibronectin
T49;278;1546;258;0.000;0.000;-9541524;Fibronectin
T49;279;1546;258;0.000;0.000;-8753281;Fibronectin
T49;280;1546;258;0.000;0.000;-8361613;Fibronectin
T49;281;1546;258;0.000;0.000;-10329259;Fibronectin
T49;282;1546;258;0.000;0.000;-12764104;Fibronectin
T49;283;1546;258;0.000;0.000;-9213600;Fibronectin
T49;284;1546;258;0.000;0.000;-6911864;Fibronectin
T49;285;1546;252;2.034;2.034;-11048076;Fibronectin
T49;286;1550;246;2.445;2.445;-11844273;Fibronectin
T49;287;1550;250;1.356;1.356;-12435640;Fibronectin
T49;288;1550;252;0.678;0.678;-13295794;Fibronectin
T49;289;1550;254;0.678;0.678;-11915933;Fibronectin
T49;290;1548;256;0.959;0.959;-9479559;Fibronectin
T49;291;1548;256;0.000;0.000;-7305069;Fibronectin
T49;292;1548;256;0.000;0.000;-6645631;Fibronectin
T49;293;1548;256;0.000;0.000;-7960966;Fibronectin
T49;294;1548;254;0.678;0.678;-8028026;Fibronectin
T49;295;1548;254;0.000;0.000;-7369854;Fibronectin
T49;296;1548;250;1.356;1.356;-8289657;Fibronectin
T49;297;1548;252;0.678;0.678;-8292211;Fibronectin
T49;298;1550;254;0.959;0.959;-9018747;Fibronectin
T49;299;1550;254;0.000;0.000;-9081729;Fibronectin
T49;300;1552;252;0.959;0.959;-10401942;Fibronectin
T49;301;1552;252;0.000;0.000;-12243631;Fibronectin
T49;302;1550;254;0.959;0.959;-10465425;Fibronectin
T49;303;1550;254;0.000;0.000;-10267794;Fibronectin
T49;304;1548;254;0.678;0.678;-7833444;Fibronectin
T49;305;1548;254;0.000;0.000;-8685439;Fibronectin
T49;306;1548;252;0.678;0.678;-8493694;Fibronectin
T49;307;1550;250;0.959;0.959;-12047525;Fibronectin
T49;308;1550;250;0.000;0.000;-11915171;Fibronectin
T49;309;1550;250;0.000;0.000;-11587754;Fibronectin
T49;310;1550;252;0.678;0.678;-12834491;Fibronectin
T49;311;1552;252;0.678;0.678;-11257239;Fibronectin
T49;312;1552;252;0.000;0.000;-10667671;Fibronectin
T49;313;1552;254;0.678;0.678;-11586473;Fibronectin
T49;314;1552;254;0.000;0.000;-10731946;Fibronectin
T49;315;1552;254;0.000;0.000;-11783334;Fibronectin
T49;316;1552;254;0.000;0.000;-8886668;Fibronectin
T49;317;1548;254;1.356;1.356;-9800866;Fibronectin
T49;318;1548;256;0.678;0.678;-9537676;Fibronectin
T49;319;1548;258;0.678;0.678;-8420745;Fibronectin
T49;320;1550;258;0.678;0.678;-9282697;Fibronectin
T49;321;1550;258;0.000;0.000;-10733715;Fibronectin
T49;322;1550;258;0.000;0.000;-7833721;Fibronectin
T49;323;1550;258;0.000;0.000;-7241083;Fibronectin
T49;324;1550;258;0.000;0.000;-7305847;Fibronectin
T49;325;1550;258;0.000;0.000;-10402442;Fibronectin
T49;326;1550;258;0.000;0.000;-10863754;Fibronectin
T49;327;1548;258;0.678;0.678;-9220235;Fibronectin
T49;328;1548;258;0.000;0.000;-7766655;Fibronectin
T49;329;1546;258;0.678;0.678;-8489113;Fibronectin
T49;330;1546;258;0.000;0.000;-9281677;Fibronectin
T49;331;1546;256;0.678;0.678;-11319210;Fibronectin
T49;332;1546;256;0.000;0.000;-10928543;Fibronectin
T49;333;1546;256;0.000;0.000;-7707535;Fibronectin
T49;334;1546;256;0.000;0.000;-8696714;Fibronectin
T49;335;1546;256;0.000;0.000;-8626057;Fibronectin
T49;336;1546;256;0.000;0.000;-10535856;Fibronectin
T49;337;1546;254;0.678;0.678;-10465951;Fibronectin
T49;338;1546;254;0.000;0.000;-10601126;Fibronectin
T49;339;1546;254;0.000;0.000;-9745568;Fibronectin
T49;340;1546;254;0.000;0.000;-8954757;Fibronectin
T49;341;1544;252;0.959;0.959;-11190702;Fibronectin
T49;342;1544;252;0.000;0.000;-10405040;Fibronectin
T49;343;1542;252;0.678;0.678;-11323042;Fibronectin
T49;344;1540;250;0.959;0.959;-10399645;Fibronectin
T49;345;1540;248;0.678;0.678;-11324047;Fibronectin
T49;346;1540;248;0.000;0.000;-10336386;Fibronectin
T49;347;1540;246;0.678;0.678;-7566188;Fibronectin
T49;348;1540;242;1.356;1.356;-8684415;Fibronectin
T49;349;1536;236;2.445;2.445;-9609864;Fibronectin
T49;350;1526;230;3.953;3.953;-7631746;Fibronectin
T49;351;1514;220;5.295;5.295;-7760513;Fibronectin
T49;352;1492;212;7.936;7.936;-11642288;Fibronectin
T49;353;1494;212;0.678;0.678;-11177653;Fibronectin
T49;354;1494;212;0.000;0.000;-9994655;Fibronectin
T49;355;1492;214;0.959;0.959;-9995933;Fibronectin
T49;356;1492;214;0.000;0.000;-11570856;Fibronectin
T49;357;1492;210;1.356;1.356;-10857124;Fibronectin
T49;358;1494;208;0.959;0.959;-11635119;Fibronectin
T49;359;1494;208;0.000;0.000;-11568297;Fibronectin
T49;360;1498;210;1.516;1.516;-11513778;Fibronectin
T49;361;1500;208;0.959;0.959;-11316906;Fibronectin
T49;362;1500;208;0.000;0.000;-11647405;Fibronectin
T49;363;1498;210;0.959;0.959;-9609378;Fibronectin
T49;364;1498;210;0.000;0.000;-10067868;Fibronectin
T49;365;1498;214;1.356;1.356;-9541013;Fibronectin
T49;366;1498;214;0.000;0.000;-7824758;Fibronectin
T49;367;1476;210;7.580;7.580;-10594465;Fibronectin
T49;368;1478;218;2.795;2.795;-9864087;Fibronectin
T49;369;1474;224;2.445;2.445;-8817554;Fibronectin
T49;370;1464;222;3.457;3.457;-9143170;Fibronectin
T49;371;1440;210;9.096;9.096;-7433858;Fibronectin
T49;372;1418;200;8.192;8.192;-8944785;Fibronectin
T49;373;1408;200;3.390;3.390;-9076616;Fibronectin
T49;374;1404;204;1.918;1.918;-10399654;Fibronectin
T49;375;1396;204;2.712;2.712;-10788772;Fibronectin
T5;2;386;928;1.356;1.356;-10387872;Fibronectin
T5;3;386;928;0.000;0.000;-10719405;Fibronectin
T5;4;378;932;3.032;3.032;-9863060;Fibronectin
T5;5;376;928;1.516;1.516;-10523309;Fibronectin
T5;6;374;924;1.516;1.516;-11513517;Fibronectin
T5;7;372;922;0.959;0.959;-10588324;Fibronectin
T5;8;368;912;3.651;3.651;-10461850;Fibronectin
T5;9;378;918;3.953;3.953;-9935271;Fibronectin
T5;10;394;918;5.424;5.424;-10524587;Fibronectin
T5;11;386;916;2.795;2.795;-11111595;Fibronectin
T5;12;386;916;0.000;0.000;-12300984;Fibronectin
T5;13;380;918;2.144;2.144;-10985904;Fibronectin
T5;14;368;916;4.124;4.124;-10260388;Fibronectin
T5;15;364;922;2.445;2.445;-9862047;Fibronectin
T5;16;358;922;2.034;2.034;-11510453;Fibronectin
T5;17;360;922;0.678;0.678;-11841462;Fibronectin
T5;18;360;918;1.356;1.356;-11179683;Fibronectin
T5;19;362;918;0.678;0.678;-12496823;Fibronectin
T5;20;362;920;0.678;0.678;-11510965;Fibronectin
T5;21;362;920;0.000;0.000;-10327719;Fibronectin
T5;22;360;920;0.678;0.678;-11115186;Fibronectin
T5;23;358;920;0.678;0.678;-10459560;Fibronectin
T5;24;354;922;1.516;1.516;-12168883;Fibronectin
T5;25;354;922;0.000;0.000;-10264740;Fibronectin
T5;26;354;918;1.356;1.356;-10000549;Fibronectin
T5;27;354;916;0.678;0.678;-11715759;Fibronectin
T5;28;362;916;2.712;2.712;-11309993;Fibronectin
T5;29;350;920;4.288;4.288;-13224637;Fibronectin
T5;30;356;918;2.144;2.144;-9665930;Fibronectin
T5;31;356;918;0.000;0.000;-9605787;Fibronectin
T5;32;354;920;0.959;0.959;-12039859;Fibronectin
T5;33;356;916;1.516;1.516;-11048621;Fibronectin
T5;34;356;916;0.000;0.000;-11509417;Fibronectin
T5;35;356;916;0.000;0.000;-10194585;Fibronectin
T5;36;354;918;0.959;0.959;-10060184;Fibronectin
T5;37;354;918;0.000;0.000;-12960947;Fibronectin
T5;38;360;916;2.144;2.144;-12234686;Fibronectin
T5;39;350;920;3.651;3.651;-11842214;Fibronectin
T5;40;352;918;0.959;0.959;-11841963;Fibronectin
T5;41;352;918;0.000;0.000;-11244963;Fibronectin
T5;42;354;918;0.678;0.678;-12038841;Fibronectin
T5;43;354;924;2.034;2.034;-10459558;Fibronectin
T5;44;350;924;1.356;1.356;-9735069;Fibronectin
T5;45;350;924;0.000;0.000;-10986153;Fibronectin
T5;46;356;926;2.144;2.144;-10588074;Fibronectin
T5;47;362;932;2.877;2.877;-10060448;Fibronectin
T5;48;352;936;3.651;3.651;-10126238;Fibronectin
T5;49;352;942;2.034;2.034;-12436408;Fibronectin
T5;50;354;938;1.516;1.516;-13623738;Fibronectin
T5;51;354;934;1.356;1.356;-11181490;Fibronectin
T5;52;358;930;1.918;1.918;-10590115;Fibronectin
T5;53;358;928;0.678;0.678;-10723751;Fibronectin
T5;54;358;932;1.356;1.356;-9930645;Fibronectin
T5;55;358;934;0.678;0.678;-11511984;Fibronectin
T5;56;358;940;2.034;2.034;-11378856;Fibronectin
T5;57;356;944;1.516;1.516;-10851509;Fibronectin
T5;58;358;946;0.959;0.959;-10855595;Fibronectin
T5;59;354;940;2.445;2.445;-12109236;Fibronectin
T5;60;358;942;1.516;1.516;-10526889;Fibronectin
T5;61;360;944;0.959;0.959;-10196133;Fibronectin
T5;62;366;946;2.144;2.144;-11842992;Fibronectin
T5;63;366;944;0.678;0.678;-11511214;Fibronectin
T5;64;366;944;0.000;0.000;-11253414;Fibronectin
T5;65;366;946;0.678;0.678;-10920361;Fibronectin
T5;66;366;946;0.000;0.000;-11578288;Fibronectin
T5;67;366;942;1.356;1.356;-11643571;Fibronectin
T5;68;364;938;1.516;1.516;-9865881;Fibronectin
T5;69;360;936;1.516;1.516;-10326683;Fibronectin
T5;70;360;940;1.356;1.356;-10528423;Fibronectin
T5;71;362;942;0.959;0.959;-12038061;Fibronectin
T5;72;360;938;1.516;1.516;-12500663;Fibronectin
T5;73;362;942;1.516;1.516;-13291725;Fibronectin
T5;74;362;940;0.678;0.678;-12764595;Fibronectin
T5;75;362;944;1.356;1.356;-12895680;Fibronectin
T5;76;358;940;1.918;1.918;-11773617;Fibronectin
T5;77;358;946;2.034;2.034;-10987173;Fibronectin
T5;78;358;944;0.678;0.678;-10785700;Fibronectin
T5;79;358;946;0.678;0.678;-9144468;Fibronectin
T5;80;362;944;1.516;1.516;-11248045;Fibronectin
T5;81;364;942;0.959;0.959;-9742478;Fibronectin
T5;82;370;936;2.877;2.877;-9999248;Fibronectin
T5;83;380;918;6.980;6.980;-10324888;Fibronectin
T5;84;384;908;3.651;3.651;-11511458;Fibronectin
T5;85;384;898;3.390;3.390;-11640748;Fibronectin
T5;86;388;910;4.288;4.288;-10983073;Fibronectin
T5;87;388;912;0.678;0.678;-10986153;Fibronectin
T5;88;392;916;1.918;1.918;-9798554;Fibronectin
T5;89;392;918;0.678;0.678;-10723759;Fibronectin
T5;90;392;916;0.678;0.678;-9865117;Fibronectin
T5;91;392;916;0.000;0.000;-9799593;Fibronectin
T5;92;386;914;2.144;2.144;-11641260;Fibronectin
T5;93;388;910;1.516;1.516;-11450816;Fibronectin
T5;94;388;916;2.034;2.034;-11184298;Fibronectin
T5;95;386;914;0.959;0.959;-10787240;Fibronectin
T5;96;388;918;1.516;1.516;-10916778;Fibronectin
T5;97;392;920;1.516;1.516;-10786478;Fibronectin
T5;98;390;916;1.516;1.516;-11972019;Fibronectin
T5;99;390;908;2.712;2.712;-10918307;Fibronectin
T5;100;382;908;2.712;2.712;-12171195;Fibronectin
T5;101;382;910;0.678;0.678;-12105915;Fibronectin
T5;102;384;912;0.959;0.959;-9737891;Fibronectin
T5;103;384;914;0.678;0.678;-12303543;Fibronectin
T5;104;388;918;1.918;1.918;-11577000;Fibronectin
T5;105;392;920;1.516;1.516;-11508915;Fibronectin
T5;106;392;922;0.678;0.678;-9536924;Fibronectin
T5;107;392;922;0.000;0.000;-9734554;Fibronectin
T5;108;388;914;3.032;3.032;-11117987;Fibronectin
T5;109;388;918;1.356;1.356;-10588838;Fibronectin
T5;110;392;918;1.356;1.356;-10328491;Fibronectin
T5;111;392;914;1.356;1.356;-10456484;Fibronectin
T5;112;388;914;1.356;1.356;-9146267;Fibronectin
T5;113;388;914;0.000;0.000;-10851246;Fibronectin
T5;114;388;914;0.000;0.000;-10853805;Fibronectin
T5;115;388;910;1.356;1.356;-9009557;Fibronectin
T5;116;380;904;3.390;3.390;-10658469;Fibronectin
T5;117;384;904;1.356;1.356;-10391710;Fibronectin
T5;118;386;906;0.959;0.959;-9663639;Fibronectin
T5;119;382;906;1.356;1.356;-12032946;Fibronectin
T5;120;380;904;0.959;0.959;-10456225;Fibronectin
T5;121;376;906;1.516;1.516;-12035761;Fibronectin
T5;122;376;906;0.000;0.000;-9273491;Fibronectin
T5;123;376;902;1.356;1.356;-11176357;Fibronectin
T5;124;376;906;1.356;1.356;-11768996;Fibronectin
T5;125;378;906;0.678;0.678;-13488831;Fibronectin
T5;126;380;910;1.516;1.516;-12167096;Fibronectin
T5;127;382;910;0.678;0.678;-10719145;Fibronectin
T5;128;378;906;1.918;1.918;-12434100;Fibronectin
T5;129;380;904;0.959;0.959;-11057558;Fibronectin
T5;130;380;900;1.356;1.356;-10723482;Fibronectin
T5;131;382;892;2.795;2.795;-13022138;Fibronectin
T5;132;384;896;1.516;1.516;-12034728;Fibronectin
T5;133;388;894;1.516;1.516;-9997727;Fibronectin
T5;134;388;892;0.678;0.678;-11120548;Fibronectin
T5;135;388;888;1.356;1.356;-12496559;Fibronectin
T5;136;388;886;0.678;0.678;-13485507;Fibronectin
T5;137;390;886;0.678;0.678;-11179170;Fibronectin
T5;138;390;886;0.000;0.000;-11573936;Fibronectin
T5;139;390;884;0.678;0.678;-11048866;Fibronectin
T5;140;390;884;0.000;0.000;-12890548;Fibronectin
T5;141;396;886;2.144;2.144;-12105651;Fibronectin
T5;142;398;884;0.959;0.959;-14276042;Fibronectin
T5;143;400;880;1.516;1.516;-13095872;Fibronectin
T5;144;404;878;1.516;1.516;-13953735;Fibronectin
T5;145;408;878;1.356;1.356;-12768698;Fibronectin
T5;146;410;884;2.144;2.144;-13032631;Fibronectin
T5;147;416;888;2.445;2.445;-12963255;Fibronectin
T5;148;420;892;1.918;1.918;-13818825;Fibronectin
T5;149;424;884;3.032;3.032;-12958391;Fibronectin
T5;150;430;886;2.144;2.144;-12699315;Fibronectin
T5;151;434;886;1.356;1.356;-13028016;Fibronectin
T5;152;434;878;2.712;2.712;-14213585;Fibronectin
T5;153;438;874;1.918;1.918;-11117737;Fibronectin
T5;154;444;870;2.445;2.445;-9073550;Fibronectin
T5;155;444;872;0.678;0.678;-10455700;Fibronectin
T5;156;446;868;1.516;1.516;-11840180;Fibronectin
T5;157;448;868;0.678;0.678;-11581360;Fibronectin
T5;158;454;872;2.445;2.445;-10983079;Fibronectin
T5;159;456;868;1.516;1.516;-10851244;Fibronectin
T5;160;446;874;3.953;3.953;-11112863;Fibronectin
T5;161;452;872;2.144;2.144;-8219793;Fibronectin
T5;162;454;868;1.516;1.516;-10393504;Fibronectin
T5;163;454;866;0.678;0.678;-10464170;Fibronectin
T5;164;454;866;0.000;0.000;-10261677;Fibronectin
T5;165;454;866;0.000;0.000;-9803420;Fibronectin
T5;166;454;868;0.678;0.678;-9012637;Fibronectin
T5;167;454;870;0.678;0.678;-10454956;Fibronectin
T5;168;454;872;0.678;0.678;-9537954;Fibronectin
T5;169;454;874;0.678;0.678;-9010067;Fibronectin
T5;170;456;876;0.959;0.959;-10390183;Fibronectin
T5;171;452;876;1.356;1.356;-12237248;Fibronectin
T5;172;450;876;0.678;0.678;-11709877;Fibronectin
T5;173;450;876;0.000;0.000;-12102581;Fibronectin
T5;174;450;876;0.000;0.000;-10786481;Fibronectin
T5;175;450;878;0.678;0.678;-13091527;Fibronectin
T5;176;450;878;0.000;0.000;-11842480;Fibronectin
T5;177;452;878;0.678;0.678;-11181998;Fibronectin
T5;178;452;878;0.000;0.000;-12762816;Fibronectin
T5;179;454;880;0.959;0.959;-12434876;Fibronectin
T5;180;456;880;0.678;0.678;-10920361;Fibronectin
T5;181;456;880;0.000;0.000;-11842240;Fibronectin
T5;182;454;878;0.959;0.959;-11642543;Fibronectin
T5;183;452;874;1.516;1.516;-11054763;Fibronectin
T5;184;452;870;1.356;1.356;-9344424;Fibronectin
T5;185;454;870;0.678;0.678;-12570039;Fibronectin
T5;186;458;868;1.516;1.516;-12500158;Fibronectin
T5;187;458;866;0.678;0.678;-11313073;Fibronectin
T5;188;456;866;0.678;0.678;-10521768;Fibronectin
T5;189;456;866;0.000;0.000;-10728870;Fibronectin
T5;190;458;870;1.516;1.516;-10197675;Fibronectin
T5;191;458;870;0.000;0.000;-11246505;Fibronectin
T5;192;462;874;1.918;1.918;-11180460;Fibronectin
T5;193;464;876;0.959;0.959;-9209240;Fibronectin
T5;194;466;876;0.678;0.678;-10984886;Fibronectin
T5;195;466;874;0.678;0.678;-10920107;Fibronectin
T5;196;466;874;0.000;0.000;-10460847;Fibronectin
T5;197;462;870;1.918;1.918;-11180460;Fibronectin
T5;198;462;868;0.678;0.678;-10133677;Fibronectin
T5;199;464;870;0.959;0.959;-10394541;Fibronectin
T5;200;460;868;1.516;1.516;-9012377;Fibronectin
T5;201;460;864;1.356;1.356;-10855086;Fibronectin
T5;202;456;866;1.516;1.516;-10590366;Fibronectin
T5;203;456;870;1.356;1.356;-12236218;Fibronectin
T5;204;456;868;0.678;0.678;-10195620;Fibronectin
T5;205;456;868;0.000;0.000;-8941463;Fibronectin
T5;206;456;868;0.000;0.000;-8158611;Fibronectin
T5;207;460;872;1.918;1.918;-11648685;Fibronectin
T5;208;460;874;0.678;0.678;-8947356;Fibronectin
T5;209;458;872;0.959;0.959;-11309499;Fibronectin
T5;210;458;872;0.000;0.000;-12697023;Fibronectin
T5;211;458;870;0.678;0.678;-12824757;Fibronectin
T5;212;460;868;0.959;0.959;-11581111;Fibronectin
T5;213;460;868;0.000;0.000;-11970477;Fibronectin
T5;214;462;866;0.959;0.959;-11906992;Fibronectin
T5;215;466;866;1.356;1.356;-11178164;Fibronectin
T5;216;462;866;1.356;1.356;-11514285;Fibronectin
T5;217;462;866;0.000;0.000;-10785954;Fibronectin
T5;218;464;866;0.678;0.678;-11710644;Fibronectin
T5;219;466;868;0.959;0.959;-12960973;Fibronectin
T5;220;468;868;0.678;0.678;-11971504;Fibronectin
T5;221;470;868;0.678;0.678;-10918066;Fibronectin
T5;222;468;864;1.516;1.516;-10061993;Fibronectin
T5;223;468;864;0.000;0.000;-8814998;Fibronectin
T5;224;466;868;1.516;1.516;-9471897;Fibronectin
T5;225;466;868;0.000;0.000;-9602458;Fibronectin
T5;226;466;870;0.678;0.678;-9934501;Fibronectin
T5;227;464;870;0.678;0.678;-10131109;Fibronectin
T5;228;460;872;1.516;1.516;-10655154;Fibronectin
T5;229;462;872;0.678;0.678;-9740449;Fibronectin
T5;230;462;876;1.356;1.356;-10526127;Fibronectin
T5;231;462;876;0.000;0.000;-11646140;Fibronectin
T5;232;462;874;0.678;0.678;-10590639;Fibronectin
T50;2;1060;1008;2.144;2.144;-11699874;Fibronectin
T50;3;1056;1004;1.918;1.918;-12101301;Fibronectin
T50;4;1052;1008;1.918;1.918;-11366555;Fibronectin
T50;5;1052;1008;0.000;0.000;-11699370;Fibronectin
T50;6;1052;1008;0.000;0.000;-12427456;Fibronectin
T50;7;1052;1008;0.000;0.000;-11113903;Fibronectin
T50;8;1054;1014;2.144;2.144;-10718872;Fibronectin
T50;9;1054;1012;0.678;0.678;-11770275;Fibronectin
T50;10;1054;1016;1.356;1.356;-11901853;Fibronectin
T50;11;1054;1018;0.678;0.678;-11308711;Fibronectin
T50;12;1052;1014;1.516;1.516;-10593452;Fibronectin
T50;13;1056;1012;1.516;1.516;-13085349;Fibronectin
T50;14;1052;1014;1.516;1.516;-10657940;Fibronectin
T50;15;1052;1016;0.678;0.678;-9346718;Fibronectin
T50;16;1048;1012;1.918;1.918;-9606282;Fibronectin
T50;17;1048;1012;0.000;0.000;-9278077;Fibronectin
T50;18;1046;1018;2.144;2.144;-7764084;Fibronectin
T50;19;1044;1018;0.678;0.678;-11314865;Fibronectin
T50;20;1044;1018;0.000;0.000;-12300720;Fibronectin
T50;21;1044;1018;0.000;0.000;-12168125;Fibronectin
T50;22;1046;1010;2.795;2.795;-10326940;Fibronectin
T50;23;1046;1010;0.000;0.000;-11841453;Fibronectin
T50;24;1046;1010;0.000;0.000;-10916762;Fibronectin
T50;25;1048;1012;0.959;0.959;-10917278;Fibronectin
T50;26;1048;1016;1.356;1.356;-11709096;Fibronectin
T50;27;1048;1014;0.678;0.678;-12097702;Fibronectin
T50;28;1044;1018;1.918;1.918;-12693671;Fibronectin
T50;29;1044;1018;0.000;0.000;-11053734;Fibronectin
T50;30;1042;1018;0.678;0.678;-10263971;Fibronectin
T50;31;1042;1018;0.000;0.000;-12754074;Fibronectin
T50;32;1042;1018;0.000;0.000;-7894652;Fibronectin
T50;33;1040;1022;1.516;1.516;-9406092;Fibronectin
T50;34;1038;1024;0.959;0.959;-9866906;Fibronectin
T50;35;1034;1024;1.356;1.356;-10256278;Fibronectin
T50;36;1034;1024;0.000;0.000;-14076353;Fibronectin
T50;37;1034;1018;2.034;2.034;-11508378;Fibronectin
T50;38;1038;1014;1.918;1.918;-10059175;Fibronectin
T50;39;1040;1012;0.959;0.959;-11117227;Fibronectin
T50;40;1042;1014;0.959;0.959;-8881294;Fibronectin
T50;41;1042;1018;1.356;1.356;-9803685;Fibronectin
T50;42;1042;1014;1.356;1.356;-10524322;Fibronectin
T50;43;1042;1014;0.000;0.000;-8218760;Fibronectin
T50;44;1044;1014;0.678;0.678;-9402245;Fibronectin
T50;45;1044;1014;0.000;0.000;-12694200;Fibronectin
T50;46;1026;1032;8.630;8.630;-11773363;Fibronectin
T50;47;1006;1036;6.914;6.914;-11973296;Fibronectin
T50;48;996;1040;3.651;3.651;-12690876;Fibronectin
T50;49;996;1038;0.678;0.678;-11640483;Fibronectin
T50;50;992;1044;2.445;2.445;-12100018;Fibronectin
T50;51;996;1044;1.356;1.356;-12754352;Fibronectin
T50;52;998;1044;0.678;0.678;-13284282;Fibronectin
T50;53;1002;1044;1.356;1.356;-9742745;Fibronectin
T50;54;992;1048;3.651;3.651;-10066839;Fibronectin
T50;55;992;1048;0.000;0.000;-11184282;Fibronectin
T50;56;992;1048;0.000;0.000;-11640999;Fibronectin
T50;57;990;1044;1.516;1.516;-11904435;Fibronectin
T50;58;992;1044;0.678;0.678;-12506287;Fibronectin
T50;59;990;1066;7.489;7.489;-11977140;Fibronectin
T50;60;990;1066;0.000;0.000;-12830649;Fibronectin
T50;61;986;1068;1.516;1.516;-13160131;Fibronectin
T50;62;984;1072;1.516;1.516;-11710894;Fibronectin
T50;63;984;1070;0.678;0.678;-10778020;Fibronectin
T50;64;992;1062;3.835;3.835;-10524838;Fibronectin
T50;65;992;1060;0.678;0.678;-11634841;Fibronectin
T50;66;984;1062;2.795;2.795;-10396573;Fibronectin
T50;67;982;1058;1.516;1.516;-13028543;Fibronectin
T50;68;978;1056;1.516;1.516;-11050915;Fibronectin
T50;69;978;1056;0.000;0.000;-10467492;Fibronectin
T50;70;978;1062;2.034;2.034;-12098739;Fibronectin
T50;71;978;1064;0.678;0.678;-10924452;Fibronectin
T50;72;978;1062;0.678;0.678;-12627126;Fibronectin
T50;73;978;1058;1.356;1.356;-9799057;Fibronectin
T50;74;978;1054;1.356;1.356;-9807008;Fibronectin
T50;75;978;1054;0.000;0.000;-11181727;Fibronectin
T50;76;976;1054;0.678;0.678;-11516086;Fibronectin
T50;77;976;1052;0.678;0.678;-12437190;Fibronectin
T50;78;974;1052;0.678;0.678;-10656937;Fibronectin
T50;79;972;1052;0.678;0.678;-9936813;Fibronectin
T50;80;970;1052;0.678;0.678;-10988970;Fibronectin
T50;81;970;1058;2.034;2.034;-13161916;Fibronectin
T50;82;970;1056;0.678;0.678;-10132634;Fibronectin
T50;83;968;1056;0.678;0.678;-11322790;Fibronectin
T50;84;962;1052;2.445;2.445;-13619391;Fibronectin
T50;85;948;1052;4.746;4.746;-13359543;Fibronectin
T50;86;948;1054;0.678;0.678;-11324606;Fibronectin
T50;87;944;1056;1.516;1.516;-9147789;Fibronectin
T50;88;944;1062;2.034;2.034;-8283274;Fibronectin
T50;89;946;1060;0.959;0.959;-12359340;Fibronectin
T50;90;948;1064;1.516;1.516;-9534353;Fibronectin
T50;91;950;1064;0.678;0.678;-7765149;Fibronectin
T50;92;952;1066;0.959;0.959;-10600875;Fibronectin
T50;93;952;1070;1.356;1.356;-9938065;Fibronectin
T50;94;944;1072;2.795;2.795;-10715298;Fibronectin
T50;95;942;1078;2.144;2.144;-8355203;Fibronectin
T50;96;934;1082;3.032;3.032;-9865881;Fibronectin
T50;97;922;1080;4.124;4.124;-10463909;Fibronectin
T50;98;908;1084;4.936;4.936;-11455154;Fibronectin
T50;99;908;1084;0.000;0.000;-11587225;Fibronectin
T50;100;908;1084;0.000;0.000;-12441273;Fibronectin
T50;101;908;1084;0.000;0.000;-9008789;Fibronectin
T50;102;908;1084;0.000;0.000;-10005151;Fibronectin
T50;103;926;1070;7.730;7.730;-10063260;Fibronectin
T50;104;932;1068;2.144;2.144;-12438963;Fibronectin
T50;105;932;1068;0.000;0.000;-11122591;Fibronectin
T50;106;930;1066;0.959;0.959;-11780529;Fibronectin
T50;107;930;1068;0.678;0.678;-9674383;Fibronectin
T50;108;922;1072;3.032;3.032;-11117991;Fibronectin
T50;109;922;1072;0.000;0.000;-13227464;Fibronectin
T50;110;920;1072;0.678;0.678;-10004887;Fibronectin
T50;111;912;1062;4.341;4.341;-12967105;Fibronectin
T50;112;908;1062;1.356;1.356;-10522281;Fibronectin
T50;113;908;1062;0.000;0.000;-10850983;Fibronectin
T50;114;908;1062;0.000;0.000;-10458794;Fibronectin
T50;115;902;1064;2.144;2.144;-12555183;Fibronectin
T50;116;902;1062;0.678;0.678;-12227503;Fibronectin
T50;117;902;1060;0.678;0.678;-9204877;Fibronectin
T50;118;916;1052;5.466;5.466;-10322071;Fibronectin
T50;119;922;1056;2.445;2.445;-10988469;Fibronectin
T50;120;922;1056;0.000;0.000;-9931921;Fibronectin
T50;121;914;1056;2.712;2.712;-11974836;Fibronectin
T50;122;912;1058;0.959;0.959;-12171696;Fibronectin
T50;123;910;1058;0.678;0.678;-10529417;Fibronectin
T50;124;908;1052;2.144;2.144;-10201992;Fibronectin
T50;125;908;1050;0.678;0.678;-11578540;Fibronectin
T50;126;904;1048;1.516;1.516;-10394266;Fibronectin
T50;127;896;1052;3.032;3.032;-9280161;Fibronectin
T50;128;896;1052;0.000;0.000;-10927257;Fibronectin
T50;129;896;1052;0.000;0.000;-11245463;Fibronectin
T50;130;892;1048;1.918;1.918;-10457503;Fibronectin
T50;131;884;1046;2.795;2.795;-9533831;Fibronectin
T50;132;862;1054;7.936;7.936;-9409678;Fibronectin
T50;133;860;1052;0.959;0.959;-10061971;Fibronectin
T50;134;840;1052;6.780;6.780;-9930645;Fibronectin
T50;135;838;1048;1.516;1.516;-12161461;Fibronectin
T50;136;836;1046;0.959;0.959;-11703730;Fibronectin
T50;137;834;1044;0.959;0.959;-11238041;Fibronectin
T50;138;834;1044;0.000;0.000;-10975136;Fibronectin
T50;139;834;1044;0.000;0.000;-9802153;Fibronectin
T50;140;834;1042;0.678;0.678;-8683935;Fibronectin
T50;141;834;1042;0.000;0.000;-7561608;Fibronectin
T50;142;828;1040;2.144;2.144;-12759731;Fibronectin
T50;143;824;1042;1.516;1.516;-11776439;Fibronectin
T50;144;824;1042;0.000;0.000;-8561302;Fibronectin
T50;145;822;1050;2.795;2.795;-7703433;Fibronectin
T50;146;806;1056;5.793;5.793;-11503523;Fibronectin
T50;147;810;1056;1.356;1.356;-10976160;Fibronectin
T50;148;806;1056;1.356;1.356;-9997716;Fibronectin
T50;149;806;1056;0.000;0.000;-11313063;Fibronectin
T50;150;806;1058;0.678;0.678;-10401190;Fibronectin
T50;151;794;1068;5.295;5.295;-11307943;Fibronectin
T50;152;792;1066;0.959;0.959;-13417937;Fibronectin
T50;153;788;1068;1.516;1.516;-11969715;Fibronectin
T50;154;788;1066;0.678;0.678;-11309994;Fibronectin
T50;155;782;1062;2.445;2.445;-12559791;Fibronectin
T50;156;782;1058;1.356;1.356;-10388642;Fibronectin
T50;157;780;1056;0.959;0.959;-12491950;Fibronectin
T50;158;776;1058;1.516;1.516;-11441310;Fibronectin
T50;159;782;1062;2.445;2.445;-11116459;Fibronectin
T50;160;784;1066;1.516;1.516;-9799583;Fibronectin
T50;161;788;1072;2.445;2.445;-9800086;Fibronectin
T50;162;792;1074;1.516;1.516;-11774387;Fibronectin
T50;163;794;1078;1.516;1.516;-10585501;Fibronectin
T50;164;796;1080;0.959;0.959;-10716835;Fibronectin
T50;165;796;1080;0.000;0.000;-9994670;Fibronectin
T50;166;800;1084;1.918;1.918;-11779258;Fibronectin
T50;167;802;1086;0.959;0.959;-14148558;Fibronectin
T50;168;802;1086;0.000;0.000;-13157564;Fibronectin
T50;169;800;1086;0.678;0.678;-13622475;Fibronectin
T50;170;796;1084;1.516;1.516;-10259623;Fibronectin
T50;171;796;1084;0.000;0.000;-10063509;Fibronectin
T50;172;796;1084;0.000;0.000;-9793680;Fibronectin
T50;173;796;1084;0.000;0.000;-11107233;Fibronectin
T50;174;798;1086;0.959;0.959;-12503230;Fibronectin
T50;175;798;1086;0.000;0.000;-10660272;Fibronectin
T50;176;796;1082;1.516;1.516;-10055833;Fibronectin
T50;177;796;1082;0.000;0.000;-8481154;Fibronectin
T50;178;796;1082;0.000;0.000;-9330570;Fibronectin
T50;179;796;1082;0.000;0.000;-8411537;Fibronectin
T50;180;798;1082;0.678;0.678;-10521750;Fibronectin
T50;181;798;1082;0.000;0.000;-10714268;Fibronectin
T50;182;798;1082;0.000;0.000;-9791624;Fibronectin
T50;183;798;1082;0.000;0.000;-10321826;Fibronectin
T50;184;798;1082;0.000;0.000;-10257816;Fibronectin
T50;185;798;1080;0.678;0.678;-10124200;Fibronectin
T50;186;798;1080;0.000;0.000;-9139333;Fibronectin
T50;187;798;1080;0.000;0.000;-9862809;Fibronectin
T50;188;798;1084;1.356;1.356;-8092314;Fibronectin
T50;189;798;1084;0.000;0.000;-9669791;Fibronectin
T50;190;796;1082;0.959;0.959;-10258327;Fibronectin
T50;191;792;1084;1.516;1.516;-10326187;Fibronectin
T50;192;792;1084;0.000;0.000;-12162982;Fibronectin
T50;193;794;1084;0.678;0.678;-11243698;Fibronectin
T50;194;794;1084;0.000;0.000;-10910131;Fibronectin
T50;195;794;1084;0.000;0.000;-12293296;Fibronectin
T50;196;794;1084;0.000;0.000;-10777505;Fibronectin
T50;197;794;1084;0.000;0.000;-11244713;Fibronectin
T50;198;796;1084;0.678;0.678;-9074598;Fibronectin
T50;199;798;1084;0.678;0.678;-10257064;Fibronectin
T50;200;798;1086;0.678;0.678;-10854835;Fibronectin
T50;201;798;1086;0.000;0.000;-10202025;Fibronectin
T50;202;798;1086;0.000;0.000;-11388863;Fibronectin
T50;203;798;1086;0.000;0.000;-10257806;Fibronectin
T50;204;782;1078;6.064;6.064;-9341316;Fibronectin
T50;205;778;1076;1.516;1.516;-9408138;Fibronectin
T50;206;754;1072;8.248;8.248;-12174768;Fibronectin
T50;207;750;1072;1.356;1.356;-11444923;Fibronectin
T50;208;750;1072;0.000;0.000;-10917288;Fibronectin
T50;209;752;1072;0.678;0.678;-12964787;Fibronectin
T50;210;750;1076;1.516;1.516;-11781033;Fibronectin
T50;211;750;1076;0.000;0.000;-10788523;Fibronectin
T50;212;750;1076;0.000;0.000;-10653354;Fibronectin
T50;213;750;1076;0.000;0.000;-9076889;Fibronectin
T50;214;750;1076;0.000;0.000;-9797024;Fibronectin
T50;215;750;1074;0.678;0.678;-11976623;Fibronectin
T50;216;752;1074;0.678;0.678;-12571830;Fibronectin
T50;217;752;1074;0.000;0.000;-13097646;Fibronectin
T50;218;752;1076;0.678;0.678;-12767164;Fibronectin
T50;219;752;1076;0.000;0.000;-12963757;Fibronectin
T50;220;752;1078;0.678;0.678;-12373436;Fibronectin
T50;221;752;1078;0.000;0.000;-11714991;Fibronectin
T50;222;752;1078;0.000;0.000;-11122341;Fibronectin
T50;223;752;1078;0.000;0.000;-11912366;Fibronectin
T50;224;752;1078;0.000;0.000;-12702411;Fibronectin
T50;225;752;1074;1.356;1.356;-11518655;Fibronectin
T50;226;752;1074;0.000;0.000;-10660775;Fibronectin
T50;227;752;1074;0.000;0.000;-11847351;Fibronectin
T50;228;750;1074;0.678;0.678;-10523296;Fibronectin
T50;229;750;1074;0.000;0.000;-11778478;Fibronectin
T50;230;748;1074;0.678;0.678;-9340313;Fibronectin
T50;231;748;1074;0.000;0.000;-10190230;Fibronectin
T50;232;748;1076;0.678;0.678;-9466521;Fibronectin
T50;233;748;1076;0.000;0.000;-9471374;Fibronectin
T50;234;748;1078;0.678;0.678;-11184801;Fibronectin
T50;235;748;1080;0.678;0.678;-11120309;Fibronectin
T50;236;748;1080;0.000;0.000;-8946058;Fibronectin
T50;237;748;1078;0.678;0.678;-9601931;Fibronectin
T50;238;748;1078;0.000;0.000;-9469342;Fibronectin
T50;239;750;1080;0.959;0.959;-12504505;Fibronectin
T50;240;750;1080;0.000;0.000;-12766389;Fibronectin
T50;241;750;1080;0.000;0.000;-11449766;Fibronectin
T50;242;750;1076;1.356;1.356;-11968675;Fibronectin
T50;243;750;1076;0.000;0.000;-13290430;Fibronectin
T50;244;750;1076;0.000;0.000;-12432055;Fibronectin
T50;245;750;1076;0.000;0.000;-12233900;Fibronectin
T50;246;750;1076;0.000;0.000;-11579058;Fibronectin
T50;247;750;1076;0.000;0.000;-12633522;Fibronectin
T50;248;748;1076;0.678;0.678;-11776696;Fibronectin
T50;249;748;1076;0.000;0.000;-11442090;Fibronectin
T50;250;748;1076;0.000;0.000;-13684416;Fibronectin
T50;251;748;1076;0.000;0.000;-12436143;Fibronectin
T50;252;748;1076;0.000;0.000;-12765626;Fibronectin
T50;253;748;1076;0.000;0.000;-12763845;Fibronectin
T50;254;748;1076;0.000;0.000;-12044219;Fibronectin
T50;255;746;1078;0.959;0.959;-9332878;Fibronectin
T50;256;746;1078;0.000;0.000;-9339788;Fibronectin
T50;257;746;1078;0.000;0.000;-10320540;Fibronectin
T50;258;744;1080;0.959;0.959;-10125968;Fibronectin
T50;259;744;1082;0.678;0.678;-10520226;Fibronectin
T50;260;744;1084;0.678;0.678;-10981515;Fibronectin
T50;261;744;1084;0.000;0.000;-9867660;Fibronectin
T50;262;728;1076;6.064;6.064;-10589841;Fibronectin
T50;263;728;1078;0.678;0.678;-10330256;Fibronectin
T50;264;726;1072;2.144;2.144;-12043184;Fibronectin
T50;265;724;1070;0.959;0.959;-12372911;Fibronectin
T50;266;724;1070;0.000;0.000;-13164219;Fibronectin
T50;267;722;1072;0.959;0.959;-12901563;Fibronectin
T50;268;722;1072;0.000;0.000;-12306624;Fibronectin
T50;269;722;1072;0.000;0.000;-11972522;Fibronectin
T50;270;720;1072;0.678;0.678;-8880015;Fibronectin
T50;271;720;1072;0.000;0.000;-10850204;Fibronectin
T50;272;720;1072;0.000;0.000;-9669531;Fibronectin
T50;273;718;1072;0.678;0.678;-9929103;Fibronectin
T50;274;718;1072;0.000;0.000;-10062480;Fibronectin
T50;275;718;1072;0.000;0.000;-8810630;Fibronectin
T50;276;718;1072;0.000;0.000;-9799310;Fibronectin
T50;277;718;1072;0.000;0.000;-10124698;Fibronectin
T50;278;720;1072;0.678;0.678;-9469338;Fibronectin
T50;279;720;1074;0.678;0.678;-9662106;Fibronectin
T50;280;722;1080;2.144;2.144;-10989239;Fibronectin
T50;281;726;1082;1.516;1.516;-9803669;Fibronectin
T50;282;726;1082;0.000;0.000;-10264469;Fibronectin
T50;283;726;1082;0.000;0.000;-10459800;Fibronectin
T50;284;724;1080;0.959;0.959;-10134933;Fibronectin
T50;285;724;1080;0.000;0.000;-10853526;Fibronectin
T50;286;724;1080;0.000;0.000;-10132366;Fibronectin
T50;287;724;1078;0.678;0.678;-9937554;Fibronectin
T50;288;720;1080;1.516;1.516;-10599321;Fibronectin
T50;289;720;1080;0.000;0.000;-12503482;Fibronectin
T50;290;720;1080;0.000;0.000;-11850164;Fibronectin
T50;291;720;1080;0.000;0.000;-10468511;Fibronectin
T50;292;720;1080;0.000;0.000;-10199708;Fibronectin
T50;293;720;1080;0.000;0.000;-11650978;Fibronectin
T50;294;720;1080;0.000;0.000;-13161912;Fibronectin
T50;295;720;1080;0.000;0.000;-10325400;Fibronectin
T50;296;718;1080;0.678;0.678;-10462125;Fibronectin
T50;297;714;1082;1.516;1.516;-9612185;Fibronectin
T50;298;714;1084;0.678;0.678;-10064297;Fibronectin
T50;299;712;1084;0.678;0.678;-9072792;Fibronectin
T50;300;712;1086;0.678;0.678;-8546187;Fibronectin
T50;301;712;1086;0.000;0.000;-7364731;Fibronectin
T50;302;712;1086;0.000;0.000;-8810907;Fibronectin
T50;303;712;1086;0.000;0.000;-8808076;Fibronectin
T50;304;712;1086;0.000;0.000;-8744855;Fibronectin
T50;305;712;1086;0.000;0.000;-9478578;Fibronectin
T50;306;712;1086;0.000;0.000;-8480913;Fibronectin
T50;307;712;1086;0.000;0.000;-8289693;Fibronectin
T50;308;712;1086;0.000;0.000;-10463921;Fibronectin
T50;309;712;1086;0.000;0.000;-8289426;Fibronectin
T50;310;712;1086;0.000;0.000;-7829380;Fibronectin
T50;311;712;1086;0.000;0.000;-8878992;Fibronectin
T50;312;712;1086;0.000;0.000;-8155787;Fibronectin
T50;313;712;1086;0.000;0.000;-8353677;Fibronectin
T50;314;712;1086;0.000;0.000;-8220802;Fibronectin
T50;315;712;1086;0.000;0.000;-8220563;Fibronectin
T50;316;712;1086;0.000;0.000;-10525341;Fibronectin
T50;317;712;1086;0.000;0.000;-7042182;Fibronectin
T50;318;712;1086;0.000;0.000;-8953241;Fibronectin
T50;319;712;1086;0.000;0.000;-8684685;Fibronectin
T50;320;712;1086;0.000;0.000;-9412759;Fibronectin
T50;321;712;1086;0.000;0.000;-12111531;Fibronectin
T50;322;712;1086;0.000;0.000;-11247775;Fibronectin
T50;323;704;1080;3.390;3.390;-8677521;Fibronectin
T50;324;704;1080;0.000;0.000;-10588840;Fibronectin
T50;325;702;1084;1.516;1.516;-8616087;Fibronectin
T50;326;702;1084;0.000;0.000;-9474981;Fibronectin
T50;327;702;1084;0.000;0.000;-8750996;Fibronectin
T50;328;702;1082;0.678;0.678;-8683163;Fibronectin
T50;329;702;1082;0.000;0.000;-8286871;Fibronectin
T50;330;702;1082;0.000;0.000;-10060463;Fibronectin
T50;331;702;1082;0.000;0.000;-9340321;Fibronectin
T50;332;702;1082;0.000;0.000;-9076124;Fibronectin
T50;333;702;1082;0.000;0.000;-9400726;Fibronectin
T50;334;702;1082;0.000;0.000;-10124190;Fibronectin
T50;335;702;1082;0.000;0.000;-9798043;Fibronectin
T50;336;702;1082;0.000;0.000;-8415890;Fibronectin
T50;337;702;1082;0.000;0.000;-9860766;Fibronectin
T50;338;702;1082;0.000;0.000;-7500427;Fibronectin
T50;339;702;1082;0.000;0.000;-8219789;Fibronectin
T50;340;702;1082;0.000;0.000;-9334959;Fibronectin
T50;341;702;1082;0.000;0.000;-9207700;Fibronectin
T51;2;1528;1228;0.959;0.959;-12494268;Fibronectin
T51;3;1528;1228;0.000;0.000;-10257040;Fibronectin
T51;4;1528;1228;0.000;0.000;-11508135;Fibronectin
T51;5;1528;1230;0.678;0.678;-11770519;Fibronectin
T51;6;1528;1230;0.000;0.000;-13946310;Fibronectin
T51;7;1528;1234;1.356;1.356;-13289409;Fibronectin
T51;8;1524;1238;1.918;1.918;-11313073;Fibronectin
T51;9;1524;1240;0.678;0.678;-12098465;Fibronectin
T51;10;1524;1240;0.000;0.000;-12363972;Fibronectin
T51;11;1524;1240;0.000;0.000;-13548480;Fibronectin
T51;12;1524;1240;0.000;0.000;-14669261;Fibronectin
T51;13;1524;1242;0.678;0.678;-14473934;Fibronectin
T51;14;1522;1244;0.959;0.959;-12556972;Fibronectin
T51;15;1522;1248;1.356;1.356;-11506595;Fibronectin
T51;16;1522;1248;0.000;0.000;-12427168;Fibronectin
T51;17;1522;1248;0.000;0.000;-13421771;Fibronectin
T51;18;1522;1248;0.000;0.000;-11780020;Fibronectin
T51;19;1522;1248;0.000;0.000;-11912633;Fibronectin
T51;20;1522;1246;0.678;0.678;-13346488;Fibronectin
T51;21;1522;1246;0.000;0.000;-12294571;Fibronectin
T51;22;1522;1246;0.000;0.000;-14735824;Fibronectin
T51;23;1520;1246;0.678;0.678;-12492712;Fibronectin
T51;24;1520;1244;0.678;0.678;-13744833;Fibronectin
T51;25;1520;1244;0.000;0.000;-13555904;Fibronectin
T51;26;1520;1244;0.000;0.000;-13287616;Fibronectin
T51;27;1520;1244;0.000;0.000;-14864591;Fibronectin
T51;28;1520;1244;0.000;0.000;-14933458;Fibronectin
T51;29;1520;1244;0.000;0.000;-11907772;Fibronectin
T51;30;1520;1244;0.000;0.000;-13817285;Fibronectin
T51;31;1518;1244;0.678;0.678;-13608372;Fibronectin
T51;32;1518;1244;0.000;0.000;-15126999;Fibronectin
T51;33;1518;1244;0.000;0.000;-14865872;Fibronectin
T51;34;1518;1244;0.000;0.000;-14799315;Fibronectin
T51;35;1518;1244;0.000;0.000;-14208967;Fibronectin
T51;36;1518;1246;0.678;0.678;-14471377;Fibronectin
T51;37;1518;1246;0.000;0.000;-14010058;Fibronectin
T51;38;1518;1246;0.000;0.000;-15326923;Fibronectin
T51;39;1518;1246;0.000;0.000;-13746888;Fibronectin
T51;40;1518;1244;0.678;0.678;-13682623;Fibronectin
T51;41;1518;1244;0.000;0.000;-14407631;Fibronectin
T51;42;1518;1244;0.000;0.000;-12895429;Fibronectin
T51;43;1518;1244;0.000;0.000;-14934224;Fibronectin
T51;44;1518;1244;0.000;0.000;-13157823;Fibronectin
T51;45;1518;1244;0.000;0.000;-14998487;Fibronectin
T51;46;1518;1246;0.678;0.678;-14142673;Fibronectin
T51;47;1518;1246;0.000;0.000;-14273750;Fibronectin
T51;48;1518;1246;0.000;0.000;-14603719;Fibronectin
T51;49;1518;1248;0.678;0.678;-12425638;Fibronectin
T51;50;1518;1248;0.000;0.000;-13808057;Fibronectin
T51;51;1518;1248;0.000;0.000;-12096940;Fibronectin
T51;52;1518;1248;0.000;0.000;-14468810;Fibronectin
T51;53;1518;1248;0.000;0.000;-14009533;Fibronectin
T51;54;1518;1248;0.000;0.000;-11575218;Fibronectin
T51;55;1518;1248;0.000;0.000;-13286337;Fibronectin
T51;56;1518;1248;0.000;0.000;-14662841;Fibronectin
T51;57;1518;1254;2.034;2.034;-12699578;Fibronectin
T51;58;1512;1256;2.144;2.144;-10262167;Fibronectin
T51;59;1514;1270;4.794;4.794;-11704474;Fibronectin
T51;60;1524;1286;6.396;6.396;-11706529;Fibronectin
T51;61;1512;1278;4.889;4.889;-11773601;Fibronectin
T51;62;1472;1270;13.829;13.829;-10326422;Fibronectin
T51;63;1472;1292;7.458;7.458;-11246742;Fibronectin
T51;64;1462;1298;3.953;3.953;-14337473;Fibronectin
T51;65;1450;1298;4.068;4.068;-14271935;Fibronectin
T51;66;1450;1296;0.678;0.678;-13680834;Fibronectin
T51;67;1450;1296;0.000;0.000;-14342089;Fibronectin
T51;68;1450;1296;0.000;0.000;-13025210;Fibronectin
T51;69;1450;1296;0.000;0.000;-9675144;Fibronectin
T51;70;1450;1296;0.000;0.000;-11313325;Fibronectin
T51;71;1450;1296;0.000;0.000;-10982303;Fibronectin
T51;72;1450;1296;0.000;0.000;-11244701;Fibronectin
T51;73;1450;1296;0.000;0.000;-10657705;Fibronectin
T51;74;1450;1296;0.000;0.000;-10656426;Fibronectin
T51;75;1418;1304;11.182;11.182;-11711165;Fibronectin
T51;76;1418;1304;0.000;0.000;-11577257;Fibronectin
T51;77;1418;1304;0.000;0.000;-9996186;Fibronectin
T51;78;1400;1300;6.251;6.251;-11445160;Fibronectin
T51;79;1400;1298;0.678;0.678;-12167846;Fibronectin
T51;80;1398;1298;0.678;0.678;-10984350;Fibronectin
T51;81;1394;1298;1.356;1.356;-10264990;Fibronectin
T51;82;1390;1296;1.516;1.516;-14607838;Fibronectin
T51;83;1390;1296;0.000;0.000;-10595487;Fibronectin
T51;84;1388;1296;0.678;0.678;-12108475;Fibronectin
T51;85;1388;1298;0.678;0.678;-11119518;Fibronectin
T51;86;1386;1298;0.678;0.678;-12104876;Fibronectin
T51;87;1386;1298;0.000;0.000;-11376539;Fibronectin
T51;88;1366;1298;6.780;6.780;-13354691;Fibronectin
T51;89;1366;1298;0.000;0.000;-13612982;Fibronectin
T51;90;1360;1296;2.144;2.144;-11311516;Fibronectin
T51;91;1360;1296;0.000;0.000;-11969440;Fibronectin
T51;92;1360;1296;0.000;0.000;-11771809;Fibronectin
T51;93;1360;1294;0.678;0.678;-10589594;Fibronectin
T51;94;1364;1290;1.918;1.918;-14344140;Fibronectin
T51;95;1364;1290;0.000;0.000;-14276807;Fibronectin
T51;96;1366;1292;0.959;0.959;-14736069;Fibronectin
T51;97;1366;1292;0.000;0.000;-14736847;Fibronectin
T51;98;1366;1292;0.000;0.000;-14539727;Fibronectin
T51;99;1366;1292;0.000;0.000;-13020596;Fibronectin
T51;100;1368;1294;0.959;0.959;-13416383;Fibronectin
T51;101;1368;1294;0.000;0.000;-13747140;Fibronectin
T51;102;1368;1294;0.000;0.000;-11509924;Fibronectin
T51;103;1368;1290;1.356;1.356;-13611703;Fibronectin
T51;104;1368;1290;0.000;0.000;-13083566;Fibronectin
T51;105;1368;1290;0.000;0.000;-13348018;Fibronectin
T51;106;1368;1290;0.000;0.000;-14272192;Fibronectin
T51;107;1368;1292;0.678;0.678;-10787482;Fibronectin
T51;108;1368;1294;0.678;0.678;-9999773;Fibronectin
T51;109;1356;1294;4.068;4.068;-10981539;Fibronectin
T51;110;1356;1292;0.678;0.678;-12370615;Fibronectin
T51;111;1354;1292;0.678;0.678;-12237501;Fibronectin
T51;112;1342;1310;7.334;7.334;-14468810;Fibronectin
T51;113;1342;1310;0.000;0.000;-15058888;Fibronectin
T51;114;1342;1308;0.678;0.678;-15061711;Fibronectin
T51;115;1342;1308;0.000;0.000;-15390927;Fibronectin
T51;116;1340;1312;1.516;1.516;-13354692;Fibronectin
T51;117;1340;1312;0.000;0.000;-13155254;Fibronectin
T51;118;1342;1310;0.959;0.959;-12432055;Fibronectin
T51;119;1344;1306;1.516;1.516;-12167080;Fibronectin
T51;120;1344;1306;0.000;0.000;-13025727;Fibronectin
T51;121;1334;1300;3.953;3.953;-9799308;Fibronectin
T51;122;1336;1294;2.144;2.144;-13745857;Fibronectin
T51;123;1336;1290;1.356;1.356;-14400960;Fibronectin
T51;124;1336;1290;0.000;0.000;-6448503;Fibronectin
T51;125;1336;1290;0.000;0.000;-11191735;Fibronectin
T51;126;1320;1298;6.064;6.064;-13483455;Fibronectin
T51;127;1320;1296;0.678;0.678;-14667464;Fibronectin
T51;128;1316;1294;1.516;1.516;-13678274;Fibronectin
T51;129;1314;1296;0.959;0.959;-15192768;Fibronectin
T51;130;1314;1296;0.000;0.000;-15258836;Fibronectin
T51;131;1314;1298;0.678;0.678;-15323853;Fibronectin
T51;132;1314;1298;0.000;0.000;-14730938;Fibronectin
T51;133;1316;1300;0.959;0.959;-14663868;Fibronectin
T51;134;1316;1300;0.000;0.000;-10984350;Fibronectin
T51;135;1318;1296;1.516;1.516;-8882308;Fibronectin
T51;136;1326;1294;2.795;2.795;-14006198;Fibronectin
T51;137;1330;1294;1.356;1.356;-14076870;Fibronectin
T51;138;1332;1292;0.959;0.959;-14141898;Fibronectin
T51;139;1332;1292;0.000;0.000;-14076096;Fibronectin
T51;140;1336;1290;1.516;1.516;-13024192;Fibronectin
T51;141;1336;1290;0.000;0.000;-13684183;Fibronectin
T51;142;1338;1294;1.516;1.516;-13551821;Fibronectin
T51;143;1338;1296;0.678;0.678;-12699833;Fibronectin
T51;144;1338;1296;0.000;0.000;-12171698;Fibronectin
T51;145;1338;1300;1.356;1.356;-10068640;Fibronectin
T51;146;1336;1306;2.144;2.144;-11312814;Fibronectin
T51;147;1332;1308;1.516;1.516;-10987693;Fibronectin
T51;148;1326;1304;2.445;2.445;-13884869;Fibronectin
T51;149;1324;1302;0.959;0.959;-13159615;Fibronectin
T51;150;1324;1298;1.356;1.356;-13028029;Fibronectin
T51;151;1322;1294;1.516;1.516;-10199470;Fibronectin
T51;152;1322;1294;0.000;0.000;-11247522;Fibronectin
T51;153;1322;1292;0.678;0.678;-9073804;Fibronectin
T51;154;1292;1280;10.953;10.953;-8620693;Fibronectin
T51;155;1276;1278;5.466;5.466;-14202550;Fibronectin
T51;156;1274;1276;0.959;0.959;-10651796;Fibronectin
T51;157;1278;1278;1.516;1.516;-14467253;Fibronectin
T51;158;1278;1278;0.000;0.000;-14533057;Fibronectin
T51;159;1278;1278;0.000;0.000;-14340042;Fibronectin
T51;160;1268;1280;3.457;3.457;-14401484;Fibronectin
T51;161;1268;1280;0.000;0.000;-11450041;Fibronectin
T51;162;1254;1274;5.163;5.163;-13350582;Fibronectin
T51;163;1254;1274;0.000;0.000;-13812679;Fibronectin
T51;164;1264;1282;4.341;4.341;-9805981;Fibronectin
T51;165;1256;1276;3.390;3.390;-13353672;Fibronectin
T51;166;1250;1272;2.445;2.445;-13941685;Fibronectin
T51;167;1250;1270;0.678;0.678;-13612222;Fibronectin
T51;168;1250;1270;0.000;0.000;-14140615;Fibronectin
T51;169;1228;1266;7.580;7.580;-12178363;Fibronectin
T51;170;1216;1264;4.124;4.124;-11572900;Fibronectin
T51;171;1216;1264;0.000;0.000;-10204840;Fibronectin
T51;172;1206;1266;3.457;3.457;-11312295;Fibronectin
T51;173;1198;1264;2.795;2.795;-11703447;Fibronectin
T51;174;1192;1266;2.144;2.144;-13351350;Fibronectin
T51;175;1192;1264;0.678;0.678;-11049123;Fibronectin
T51;176;1194;1268;1.516;1.516;-13749457;Fibronectin
T51;177;1194;1268;0.000;0.000;-13483714;Fibronectin
T51;178;1194;1264;1.356;1.356;-11379118;Fibronectin
T51;179;1194;1264;0.000;0.000;-11771820;Fibronectin
T51;180;1194;1264;0.000;0.000;-13550012;Fibronectin
T51;181;1194;1264;0.000;0.000;-10851734;Fibronectin
T51;182;1196;1266;0.959;0.959;-13420482;Fibronectin
T51;183;1194;1262;1.516;1.516;-12169135;Fibronectin
T51;184;1194;1264;0.678;0.678;-12560813;Fibronectin
T51;185;1194;1266;0.678;0.678;-14737356;Fibronectin
T51;186;1194;1266;0.000;0.000;-11779759;Fibronectin
T51;187;1190;1270;1.918;1.918;-14409410;Fibronectin
T51;188;1190;1270;0.000;0.000;-10655371;Fibronectin
T51;189;1166;1272;8.164;8.164;-14008779;Fibronectin
T51;190;1166;1272;0.000;0.000;-14533320;Fibronectin
T51;191;1166;1274;0.678;0.678;-10983331;Fibronectin
T51;192;1160;1270;2.445;2.445;-13878977;Fibronectin
T51;193;1160;1270;0.000;0.000;-12369337;Fibronectin
T51;194;1152;1276;3.390;3.390;-10854835;Fibronectin
T51;195;1152;1276;0.000;0.000;-8875652;Fibronectin
T51;196;1150;1274;0.959;0.959;-9339797;Fibronectin
T51;197;1150;1274;0.000;0.000;-9674141;Fibronectin
T51;198;1116;1270;11.605;11.605;-11508647;Fibronectin
T51;199;1120;1272;1.516;1.516;-11311015;Fibronectin
T51;200;1120;1268;1.356;1.356;-10785443;Fibronectin
T51;201;1120;1268;0.000;0.000;-13879503;Fibronectin
T51;202;1120;1268;0.000;0.000;-12758463;Fibronectin
T51;203;1118;1270;0.959;0.959;-11973062;Fibronectin
T51;204;1118;1270;0.000;0.000;-12563905;Fibronectin
T51;205;1118;1268;0.678;0.678;-12632770;Fibronectin
T51;206;1118;1268;0.000;0.000;-13228479;Fibronectin
T51;207;1118;1268;0.000;0.000;-11184549;Fibronectin
T51;208;1114;1270;1.516;1.516;-11841977;Fibronectin
T51;209;1114;1270;0.000;0.000;-11321789;Fibronectin
T51;210;1110;1270;1.356;1.356;-10004898;Fibronectin
T51;211;1110;1270;0.000;0.000;-10726556;Fibronectin
T51;212;1104;1270;2.034;2.034;-8489115;Fibronectin
T51;213;1096;1272;2.795;2.795;-9481374;Fibronectin
T51;214;1092;1274;1.516;1.516;-10984622;Fibronectin
T51;215;1090;1272;0.959;0.959;-11769513;Fibronectin
T51;216;1090;1276;1.356;1.356;-11113377;Fibronectin
T51;217;1090;1276;0.000;0.000;-11243169;Fibronectin
T51;218;1090;1278;0.678;0.678;-11571634;Fibronectin
T51;219;1090;1278;0.000;0.000;-13156032;Fibronectin
T51;220;1090;1276;0.678;0.678;-13023931;Fibronectin
T51;221;1090;1280;1.356;1.356;-11124147;Fibronectin
T51;222;1084;1286;2.877;2.877;-11904682;Fibronectin
T51;223;1084;1286;0.000;0.000;-11705777;Fibronectin
T51;224;1084;1286;0.000;0.000;-12306087;Fibronectin
T51;225;1078;1288;2.144;2.144;-11378869;Fibronectin
T51;226;1078;1288;0.000;0.000;-10067359;Fibronectin
T51;227;1072;1286;2.144;2.144;-13416121;Fibronectin
T51;228;1072;1286;0.000;0.000;-12427445;Fibronectin
T51;229;1072;1286;0.000;0.000;-12491180;Fibronectin
T51;230;1072;1286;0.000;0.000;-14272201;Fibronectin
T51;231;1070;1282;1.516;1.516;-9605777;Fibronectin
T51;232;1076;1276;2.877;2.877;-12892596;Fibronectin
T51;233;1076;1282;2.034;2.034;-10653853;Fibronectin
T51;234;1076;1282;0.000;0.000;-10786979;Fibronectin
T51;235;1076;1282;0.000;0.000;-10665902;Fibronectin
T51;236;1076;1282;0.000;0.000;-10854835;Fibronectin
T51;237;1076;1282;0.000;0.000;-12306113;Fibronectin
T51;238;1076;1280;0.678;0.678;-12374190;Fibronectin
T51;239;1074;1280;0.678;0.678;-12563394;Fibronectin
T51;240;1070;1282;1.516;1.516;-12955834;Fibronectin
T51;241;1070;1282;0.000;0.000;-14536655;Fibronectin
T51;242;1070;1280;0.678;0.678;-12558778;Fibronectin
T51;243;1070;1280;0.000;0.000;-12163503;Fibronectin
T51;244;1070;1280;0.000;0.000;-12625853;Fibronectin
T51;245;1070;1280;0.000;0.000;-14014662;Fibronectin
T51;246;1056;1282;4.794;4.794;-13027003;Fibronectin
T51;247;1056;1282;0.000;0.000;-10323358;Fibronectin
T51;248;1056;1282;0.000;0.000;-12698810;Fibronectin
T51;249;1056;1280;0.678;0.678;-9742494;Fibronectin
T51;250;1048;1286;3.390;3.390;-13681093;Fibronectin
T51;251;1048;1288;0.678;0.678;-12688295;Fibronectin
T51;252;1048;1290;0.678;0.678;-13881033;Fibronectin
T51;253;1048;1292;0.678;0.678;-14802137;Fibronectin
T51;254;1050;1292;0.678;0.678;-14534086;Fibronectin
T51;255;1050;1294;0.678;0.678;-13157815;Fibronectin
T51;256;1050;1294;0.000;0.000;-12826552;Fibronectin
T51;257;1050;1294;0.000;0.000;-13347508;Fibronectin
T51;258;1050;1294;0.000;0.000;-13287368;Fibronectin
T51;259;1050;1294;0.000;0.000;-13092796;Fibronectin
T51;260;1050;1294;0.000;0.000;-13095370;Fibronectin
T51;261;1048;1290;1.516;1.516;-9469832;Fibronectin
T51;262;1038;1276;5.832;5.832;-13356480;Fibronectin
T51;263;1038;1276;0.000;0.000;-14407631;Fibronectin
T51;264;1038;1276;0.000;0.000;-10004387;Fibronectin
T51;265;1038;1274;0.678;0.678;-12964794;Fibronectin
T51;266;1034;1280;2.445;2.445;-10855082;Fibronectin
T51;267;1032;1288;2.795;2.795;-14081484;Fibronectin
T51;268;1032;1288;0.000;0.000;-12824507;Fibronectin
T51;269;1032;1288;0.000;0.000;-13549247;Fibronectin
T51;270;1032;1288;0.000;0.000;-12304052;Fibronectin
T51;271;1030;1290;0.959;0.959;-13545908;Fibronectin
T51;272;1030;1290;0.000;0.000;-11186102;Fibronectin
T51;273;1030;1290;0.000;0.000;-12698293;Fibronectin
T51;274;1030;1290;0.000;0.000;-8879227;Fibronectin
T51;275;1020;1298;4.341;4.341;-10261166;Fibronectin
T51;276;1020;1298;0.000;0.000;-10848690;Fibronectin
T51;277;1020;1298;0.000;0.000;-11241639;Fibronectin
T51;278;1022;1296;0.959;0.959;-10457002;Fibronectin
T51;279;1022;1296;0.000;0.000;-10520224;Fibronectin
T51;280;1022;1296;0.000;0.000;-11974076;Fibronectin
T51;281;1020;1294;0.959;0.959;-12500158;Fibronectin
T51;282;1020;1294;0.000;0.000;-10258331;Fibronectin
T51;283;1020;1294;0.000;0.000;-12032687;Fibronectin
T51;284;1020;1294;0.000;0.000;-13094089;Fibronectin
T51;285;1014;1296;2.144;2.144;-13416894;Fibronectin
T51;286;1014;1296;0.000;0.000;-11438767;Fibronectin
T51;287;1014;1296;0.000;0.000;-12238261;Fibronectin
T51;288;1014;1296;0.000;0.000;-13815492;Fibronectin
T51;289;1014;1298;0.678;0.678;-13819577;Fibronectin
T51;290;1014;1298;0.000;0.000;-11848383;Fibronectin
T51;291;1014;1298;0.000;0.000;-14540230;Fibronectin
T51;292;1014;1296;0.678;0.678;-11508388;Fibronectin
T51;293;1014;1296;0.000;0.000;-11128763;Fibronectin
T51;294;1004;1296;3.390;3.390;-11974840;Fibronectin
T51;295;1004;1298;0.678;0.678;-11652785;Fibronectin
T51;296;998;1302;2.445;2.445;-10993335;Fibronectin
T51;297;992;1304;2.144;2.144;-8225153;Fibronectin
T51;298;990;1296;2.795;2.795;-10790813;Fibronectin
T51;299;988;1290;2.144;2.144;-11514790;Fibronectin
T51;300;988;1290;0.000;0.000;-12371896;Fibronectin
T51;301;988;1286;1.356;1.356;-11713724;Fibronectin
T51;302;986;1286;0.678;0.678;-12963005;Fibronectin
T51;303;982;1282;1.918;1.918;-12436159;Fibronectin
T51;304;982;1282;0.000;0.000;-11906222;Fibronectin
T51;305;982;1282;0.000;0.000;-11377837;Fibronectin
T51;306;982;1282;0.000;0.000;-11120306;Fibronectin
T51;307;982;1282;0.000;0.000;-11181228;Fibronectin
T51;308;978;1272;3.651;3.651;-12170417;Fibronectin
T51;309;984;1264;3.390;3.390;-11115694;Fibronectin
T51;310;984;1262;0.678;0.678;-10721178;Fibronectin
T51;311;984;1258;1.356;1.356;-12364986;Fibronectin
T51;312;982;1252;2.144;2.144;-12436661;Fibronectin
T51;313;982;1250;0.678;0.678;-12893133;Fibronectin
T51;314;980;1252;0.959;0.959;-12304571;Fibronectin
T51;315;980;1256;1.356;1.356;-11775416;Fibronectin
T51;316;980;1258;0.678;0.678;-10323096;Fibronectin
T51;317;980;1258;0.000;0.000;-11577007;Fibronectin
T51;318;980;1258;0.000;0.000;-10193314;Fibronectin
T51;319;980;1258;0.000;0.000;-12624557;Fibronectin
T51;320;980;1262;1.356;1.356;-9999256;Fibronectin
T51;321;980;1262;0.000;0.000;-12763079;Fibronectin
T51;322;980;1260;0.678;0.678;-12033200;Fibronectin
T51;323;982;1256;1.516;1.516;-10984886;Fibronectin
T51;324;982;1256;0.000;0.000;-9800086;Fibronectin
T51;325;982;1256;0.000;0.000;-11573676;Fibronectin
T51;326;982;1258;0.678;0.678;-10915756;Fibronectin
T51;327;982;1258;0.000;0.000;-11708083;Fibronectin
T51;328;982;1258;0.000;0.000;-10917538;Fibronectin
T51;329;982;1258;0.000;0.000;-12571325;Fibronectin
T51;330;982;1262;1.356;1.356;-13488579;Fibronectin
T51;331;982;1262;0.000;0.000;-9802404;Fibronectin
T51;332;980;1266;1.516;1.516;-9867423;Fibronectin
T51;333;978;1264;0.959;0.959;-12107441;Fibronectin
T51;334;974;1266;1.516;1.516;-12699842;Fibronectin
T51;335;974;1266;0.000;0.000;-14146256;Fibronectin
T51;336;970;1264;1.516;1.516;-12562616;Fibronectin
T51;337;970;1264;0.000;0.000;-12233916;Fibronectin
T51;338;968;1266;0.959;0.959;-12300723;Fibronectin
T51;339;968;1266;0.000;0.000;-12759480;Fibronectin
T51;340;968;1266;0.000;0.000;-12106164;Fibronectin
T51;341;968;1264;0.678;0.678;-12239304;Fibronectin
T51;342;968;1272;2.712;2.712;-10655657;Fibronectin
T51;343;956;1288;6.780;6.780;-10267308;Fibronectin
T51;344;950;1284;2.445;2.445;-13424583;Fibronectin
T51;345;950;1284;0.000;0.000;-11515314;Fibronectin
T7;2;930;1722;2.877;2.877;-11586238;Fibronectin
T7;3;934;1722;1.356;1.356;-11376038;Fibronectin
T7;4;934;1722;0.000;0.000;-11181747;Fibronectin
T7;5;930;1716;2.445;2.445;-12966325;Fibronectin
T7;6;936;1726;3.953;3.953;-11905436;Fibronectin
T7;7;948;1724;4.124;4.124;-12693941;Fibronectin
T7;8;944;1716;3.032;3.032;-10523799;Fibronectin
T7;9;946;1712;1.516;1.516;-12700093;Fibronectin
T7;10;952;1710;2.144;2.144;-12232117;Fibronectin
T7;11;952;1706;1.356;1.356;-13620918;Fibronectin
T7;12;956;1698;3.032;3.032;-13291198;Fibronectin
T7;13;960;1690;3.032;3.032;-12895678;Fibronectin
T7;14;962;1684;2.144;2.144;-12506813;Fibronectin
T7;15;970;1674;4.341;4.341;-13947080;Fibronectin
T7;16;972;1666;2.795;2.795;-12239031;Fibronectin
T7;17;978;1668;2.144;2.144;-9337479;Fibronectin
T7;18;978;1670;0.678;0.678;-10260385;Fibronectin
T7;19;978;1666;1.356;1.356;-11583401;Fibronectin
T7;20;986;1664;2.795;2.795;-12903089;Fibronectin
T7;21;986;1662;0.678;0.678;-8287876;Fibronectin
T7;22;1002;1652;6.396;6.396;-12175279;Fibronectin
T7;23;998;1640;4.288;4.288;-9930643;Fibronectin
T7;24;998;1638;0.678;0.678;-11183006;Fibronectin
T7;25;1004;1642;2.445;2.445;-9603208;Fibronectin
T7;26;1004;1638;1.356;1.356;-9738117;Fibronectin
T7;27;1004;1632;2.034;2.034;-10131612;Fibronectin
T7;28;1000;1634;1.516;1.516;-10330516;Fibronectin
T7;29;998;1632;0.959;0.959;-12169134;Fibronectin
T7;30;992;1634;2.144;2.144;-12171955;Fibronectin
T7;31;988;1632;1.516;1.516;-9872011;Fibronectin
T7;32;994;1630;2.144;2.144;-12236972;Fibronectin
T7;33;994;1630;0.000;0.000;-9603233;Fibronectin
T7;34;992;1626;1.516;1.516;-11447480;Fibronectin
T7;35;990;1624;0.959;0.959;-9408659;Fibronectin
T7;36;982;1630;3.390;3.390;-9933455;Fibronectin
T7;37;988;1638;3.390;3.390;-12109735;Fibronectin
T7;38;988;1638;0.000;0.000;-10855056;Fibronectin
T7;39;990;1640;0.959;0.959;-10454684;Fibronectin
T7;40;994;1624;5.591;5.591;-13356971;Fibronectin
T7;41;994;1622;0.678;0.678;-8814982;Fibronectin
T7;42;1002;1610;4.889;4.889;-9605270;Fibronectin
T7;43;1008;1602;3.390;3.390;-9010832;Fibronectin
T7;44;1022;1586;7.207;7.207;-9410458;Fibronectin
T7;45;1040;1568;8.630;8.630;-8817803;Fibronectin
T7;46;1038;1550;6.140;6.140;-13818546;Fibronectin
T7;47;1038;1542;2.712;2.712;-12965297;Fibronectin
T7;48;1030;1534;3.835;3.835;-11311256;Fibronectin
T7;49;1026;1526;3.032;3.032;-9797267;Fibronectin
T7;50;1026;1512;4.746;4.746;-14015165;Fibronectin
T7;51;1032;1510;2.144;2.144;-10463129;Fibronectin
T7;52;1034;1524;4.794;4.794;-13159345;Fibronectin
T7;53;1032;1522;0.959;0.959;-10520202;Fibronectin
T7;54;1036;1518;1.918;1.918;-7499402;Fibronectin
T7;55;1036;1522;1.356;1.356;-11583884;Fibronectin
T7;56;1044;1514;3.835;3.835;-10986170;Fibronectin
T7;57;1042;1514;0.678;0.678;-10139574;Fibronectin
T7;58;1042;1514;0.000;0.000;-9999009;Fibronectin
T7;59;1042;1514;0.000;0.000;-8945287;Fibronectin
T7;60;1036;1516;2.144;2.144;-13025206;Fibronectin
T7;61;1038;1518;0.959;0.959;-10327194;Fibronectin
T7;62;1038;1524;2.034;2.034;-8552078;Fibronectin
T7;63;1034;1524;1.356;1.356;-8882058;Fibronectin
T7;64;1036;1524;0.678;0.678;-11185311;Fibronectin
T7;65;1036;1524;0.000;0.000;-11446445;Fibronectin
T7;66;1036;1518;2.034;2.034;-12037297;Fibronectin
T7;67;1036;1506;4.068;4.068;-10783909;Fibronectin
T7;68;1048;1482;9.096;9.096;-11842480;Fibronectin
T7;69;1054;1468;5.163;5.163;-10919598;Fibronectin
T7;70;1058;1472;1.918;1.918;-11178389;Fibronectin
T7;71;1064;1464;3.390;3.390;-11254689;Fibronectin
T7;72;1064;1462;0.678;0.678;-9667463;Fibronectin
T7;73;1070;1444;6.432;6.432;-12291470;Fibronectin
T7;74;1068;1432;4.124;4.124;-9535107;Fibronectin
T7;75;1062;1420;4.548;4.548;-9672085;Fibronectin
T7;76;1060;1400;6.814;6.814;-10587793;Fibronectin
T7;77;1060;1392;2.712;2.712;-9145230;Fibronectin
T7;78;1058;1376;5.466;5.466;-11307684;Fibronectin
T7;79;1056;1354;7.489;7.489;-11908786;Fibronectin
T7;80;1074;1326;11.284;11.284;-8946058;Fibronectin
T7;81;1064;1332;3.953;3.953;-10524320;Fibronectin
T7;82;1060;1328;1.918;1.918;-12243115;Fibronectin
T7;83;1056;1326;1.516;1.516;-10460310;Fibronectin
T7;84;1052;1312;4.936;4.936;-12106906;Fibronectin
T7;85;1050;1300;4.124;4.124;-9542809;Fibronectin
T7;86;1046;1294;2.445;2.445;-12698792;Fibronectin
T7;87;1042;1290;1.918;1.918;-9603449;Fibronectin
T7;88;1036;1280;3.953;3.953;-8946058;Fibronectin
T7;89;1040;1272;3.032;3.032;-10531493;Fibronectin
T7;90;1042;1266;2.144;2.144;-9601680;Fibronectin
T7;91;1038;1250;5.591;5.591;-9207959;Fibronectin
T7;92;1046;1222;9.872;9.872;-9801367;Fibronectin
T7;93;1038;1206;6.064;6.064;-12111016;Fibronectin
T7;94;1028;1196;4.794;4.794;-9540762;Fibronectin
T7;95;1024;1188;3.032;3.032;-11184809;Fibronectin
T7;96;1028;1188;1.356;1.356;-11179950;Fibronectin
T7;97;1024;1194;2.445;2.445;-8488854;Fibronectin
T7;98;1024;1198;1.356;1.356;-9939354;Fibronectin
T7;99;1028;1196;1.516;1.516;-11189172;Fibronectin
T7;100;1034;1200;2.445;2.445;-10133661;Fibronectin
T7;101;1034;1200;0.000;0.000;-9800862;Fibronectin
T7;102;1034;1198;0.678;0.678;-9936776;Fibronectin
T7;103;1034;1200;0.678;0.678;-10065042;Fibronectin
T7;104;1040;1200;2.034;2.034;-10260378;Fibronectin
T7;105;1030;1204;3.651;3.651;-12378524;Fibronectin
T7;106;1026;1202;1.516;1.516;-10593201;Fibronectin
T7;107;1022;1200;1.516;1.516;-10133665;Fibronectin
T7;108;1024;1204;1.516;1.516;-9343387;Fibronectin
T7;109;1020;1204;1.356;1.356;-10786722;Fibronectin
T7;110;1028;1206;2.795;2.795;-9604501;Fibronectin
T7;111;1026;1202;1.516;1.516;-10463384;Fibronectin
T7;112;1026;1200;0.678;0.678;-7827577;Fibronectin
T7;113;1024;1198;0.959;0.959;-9868702;Fibronectin
T7;114;1024;1202;1.356;1.356;-11124636;Fibronectin
T7;115;1024;1202;0.000;0.000;-11912366;Fibronectin
T7;116;1024;1202;0.000;0.000;-11192210;Fibronectin
T7;117;1016;1194;3.835;3.835;-11782051;Fibronectin
T7;118;1010;1192;2.144;2.144;-10062747;Fibronectin
T7;119;1010;1196;1.356;1.356;-7760277;Fibronectin
T7;120;1006;1198;1.516;1.516;-8485257;Fibronectin
T7;121;1006;1198;0.000;0.000;-10331547;Fibronectin
T7;122;1010;1200;1.516;1.516;-13225910;Fibronectin
T7;123;1010;1200;0.000;0.000;-10001315;Fibronectin
T7;124;1008;1196;1.516;1.516;-10126995;Fibronectin
T7;125;1006;1192;1.516;1.516;-11250604;Fibronectin
T7;126;1008;1194;0.959;0.959;-10393753;Fibronectin
T7;127;1004;1192;1.516;1.516;-11646124;Fibronectin
T7;128;1004;1192;0.000;0.000;-9339535;Fibronectin
T7;129;1002;1188;1.516;1.516;-10989991;Fibronectin
T7;130;1002;1190;0.678;0.678;-9404301;Fibronectin
T7;131;1002;1190;0.000;0.000;-10593952;Fibronectin
T7;132;1010;1198;3.835;3.835;-13751731;Fibronectin
T7;133;1012;1190;2.795;2.795;-10322578;Fibronectin
T7;134;1008;1188;1.516;1.516;-9936802;Fibronectin
T7;135;1004;1188;1.356;1.356;-11444402;Fibronectin
T7;136;1000;1188;1.356;1.356;-12894649;Fibronectin
T7;137;996;1186;1.516;1.516;-10265237;Fibronectin
T7;138;996;1182;1.356;1.356;-10790813;Fibronectin
T7;139;996;1182;0.000;0.000;-10135955;Fibronectin
T7;140;988;1182;2.712;2.712;-11710375;Fibronectin
T7;141;988;1182;0.000;0.000;-12245149;Fibronectin
T7;142;994;1178;2.445;2.445;-9542809;Fibronectin
T7;143;994;1178;0.000;0.000;-10193817;Fibronectin
T7;144;996;1180;0.959;0.959;-10727081;Fibronectin
T7;145;998;1184;1.516;1.516;-10260649;Fibronectin
T7;146;1000;1186;0.959;0.959;-9800846;Fibronectin
T7;147;1008;1186;2.712;2.712;-10130842;Fibronectin
T7;148;1012;1190;1.918;1.918;-12104359;Fibronectin
T7;149;1010;1192;0.959;0.959;-10983320;Fibronectin
T7;150;1006;1192;1.356;1.356;-11515557;Fibronectin
T7;151;1002;1190;1.516;1.516;-11973298;Fibronectin
T7;152;1002;1188;0.678;0.678;-9997463;Fibronectin
T7;153;1002;1184;1.356;1.356;-10194585;Fibronectin
T7;154;1006;1184;1.356;1.356;-9209230;Fibronectin
T7;155;1006;1190;2.034;2.034;-10921130;Fibronectin
T7;156;1004;1188;0.959;0.959;-9734803;Fibronectin
T7;157;1006;1188;0.678;0.678;-10654365;Fibronectin
T7;158;1006;1186;0.678;0.678;-9926294;Fibronectin
T7;159;1008;1186;0.678;0.678;-11183269;Fibronectin
T7;160;1008;1186;0.000;0.000;-10131612;Fibronectin
T7;161;1008;1186;0.000;0.000;-10919329;Fibronectin
T7;162;1006;1184;0.959;0.959;-12296873;Fibronectin
T7;163;1002;1188;1.918;1.918;-11844006;Fibronectin
T7;164;1002;1188;0.000;0.000;-10127010;Fibronectin
T7;165;1004;1192;1.516;1.516;-10589342;Fibronectin
T7;166;1004;1190;0.678;0.678;-9275022;Fibronectin
T7;167;1004;1190;0.000;0.000;-10987180;Fibronectin
T7;168;1004;1190;0.000;0.000;-9276563;Fibronectin
T7;169;1004;1188;0.678;0.678;-9798043;Fibronectin
T7;170;1004;1186;0.678;0.678;-9927321;Fibronectin
T7;171;1004;1186;0.000;0.000;-11772846;Fibronectin
T7;172;1004;1184;0.678;0.678;-10589853;Fibronectin
T7;173;1004;1184;0.000;0.000;-10658716;Fibronectin
T7;174;1004;1186;0.678;0.678;-12827326;Fibronectin
T7;175;1006;1186;0.678;0.678;-9538456;Fibronectin
T7;176;1006;1188;0.678;0.678;-9797778;Fibronectin
T7;177;1024;1178;6.980;6.980;-12634289;Fibronectin
T7;178;1028;1168;3.651;3.651;-9413000;Fibronectin
T7;179;1028;1180;4.068;4.068;-10916510;Fibronectin
T7;180;1028;1180;0.000;0.000;-9078424;Fibronectin
T7;181;1018;1188;4.341;4.341;-12101032;Fibronectin
T7;182;1010;1190;2.795;2.795;-9996956;Fibronectin
T7;183;1008;1190;0.678;0.678;-9995159;Fibronectin
T7;184;1006;1188;0.959;0.959;-9401502;Fibronectin
T7;185;998;1186;2.795;2.795;-11444147;Fibronectin
T7;186;1002;1184;1.516;1.516;-10848926;Fibronectin
T7;187;1002;1184;0.000;0.000;-12890542;Fibronectin
T7;188;998;1190;2.445;2.445;-10724773;Fibronectin
T7;189;990;1192;2.795;2.795;-10199207;Fibronectin
T7;190;988;1192;0.678;0.678;-11113620;Fibronectin
T7;191;994;1188;2.445;2.445;-10466721;Fibronectin
T7;192;996;1190;0.959;0.959;-12438963;Fibronectin
T7;193;1000;1194;1.918;1.918;-12964017;Fibronectin
T7;194;1000;1194;0.000;0.000;-9270145;Fibronectin
T7;195;1010;1188;3.953;3.953;-9144715;Fibronectin
T7;196;1010;1188;0.000;0.000;-10791067;Fibronectin
T7;197;1012;1188;0.678;0.678;-12236218;Fibronectin
T7;198;1010;1192;1.516;1.516;-10329253;Fibronectin
T7;199;1014;1194;1.516;1.516;-8946042;Fibronectin
T7;200;1016;1194;0.678;0.678;-10597009;Fibronectin
T7;201;1016;1192;0.678;0.678;-9545593;Fibronectin
T7;202;1016;1196;1.356;1.356;-9934231;Fibronectin
T7;203;1016;1192;1.356;1.356;-10722969;Fibronectin
T7;204;1012;1196;1.918;1.918;-11840682;Fibronectin
T7;205;1008;1198;1.516;1.516;-9870493;Fibronectin
T7;206;1002;1202;2.445;2.445;-10848916;Fibronectin
T7;207;994;1200;2.795;2.795;-11112086;Fibronectin
T7;208;996;1196;1.516;1.516;-11376802;Fibronectin
T7;209;998;1196;0.678;0.678;-10592926;Fibronectin
T7;210;998;1198;0.678;0.678;-11443884;Fibronectin
T7;211;1000;1200;0.959;0.959;-9608589;Fibronectin
T7;212;1000;1202;0.678;0.678;-10524571;Fibronectin
T7;213;1000;1202;0.000;0.000;-9539475;Fibronectin
T7;214;996;1198;1.918;1.918;-10199948;Fibronectin
T7;215;988;1192;3.390;3.390;-7891337;Fibronectin
T7;216;984;1188;1.918;1.918;-9864588;Fibronectin
T7;217;982;1182;2.144;2.144;-10195093;Fibronectin
T7;218;992;1180;3.457;3.457;-9805452;Fibronectin
T7;219;1000;1180;2.712;2.712;-10394268;Fibronectin
T7;220;1000;1178;0.678;0.678;-8495768;Fibronectin
T7;221;1008;1172;3.390;3.390;-10058895;Fibronectin
T7;222;1032;1158;9.419;9.419;-11844774;Fibronectin
T7;223;1048;1142;7.671;7.671;-10529443;Fibronectin
T7;224;1048;1136;2.034;2.034;-12239282;Fibronectin
T7;225;1046;1132;1.516;1.516;-10333839;Fibronectin
T7;226;1042;1130;1.516;1.516;-10524587;Fibronectin
T7;227;1040;1134;1.516;1.516;-9338257;Fibronectin
T7;228;1036;1144;3.651;3.651;-9140364;Fibronectin
T7;229;1036;1136;2.712;2.712;-11245473;Fibronectin
T7;230;1040;1138;1.516;1.516;-10721698;Fibronectin
T7;231;1042;1144;2.144;2.144;-8496022;Fibronectin
T7;232;1028;1152;5.466;5.466;-9078404;Fibronectin
T8;2;920;264;0.959;0.959;-9215882;Fibronectin
T8;3;920;264;0.000;0.000;-10653079;Fibronectin
T8;4;920;260;1.356;1.356;-10060948;Fibronectin
T8;5;930;250;4.794;4.794;-10915218;Fibronectin
T8;6;940;232;6.980;6.980;-11440283;Fibronectin
T8;7;950;232;3.390;3.390;-11970742;Fibronectin
T8;8;950;234;0.678;0.678;-9013113;Fibronectin
T8;9;948;232;0.959;0.959;-8617855;Fibronectin
T8;10;952;220;4.288;4.288;-10069641;Fibronectin
T8;11;960;210;4.341;4.341;-12762565;Fibronectin
T8;12;960;216;2.034;2.034;-10402682;Fibronectin
T8;13;960;218;0.678;0.678;-8747898;Fibronectin
T8;14;966;204;5.163;5.163;-11911321;Fibronectin
T8;15;972;204;2.034;2.034;-10783380;Fibronectin
T8;16;976;190;4.936;4.936;-10978208;Fibronectin
T8;17;982;194;2.445;2.445;-9151613;Fibronectin
T8;18;980;186;2.795;2.795;-10252434;Fibronectin
T8;19;986;184;2.144;2.144;-10599059;Fibronectin
T8;20;988;178;2.144;2.144;-11710893;Fibronectin
T8;21;988;178;0.000;0.000;-9869194;Fibronectin
T8;22;994;164;5.163;5.163;-10589343;Fibronectin
T8;23;990;170;2.445;2.445;-9604768;Fibronectin
T8;24;998;164;3.390;3.390;-9206671;Fibronectin
T8;25;1002;164;1.356;1.356;-10658216;Fibronectin
T8;26;1002;162;0.678;0.678;-9473682;Fibronectin
T8;27;998;158;1.918;1.918;-9534857;Fibronectin
T8;28;1006;142;6.064;6.064;-10401932;Fibronectin
T8;29;1014;136;3.390;3.390;-9868939;Fibronectin
T8;30;1014;130;2.034;2.034;-11113117;Fibronectin
T8;31;1014;130;0.000;0.000;-8551032;Fibronectin
T8;32;1012;114;5.466;5.466;-12101036;Fibronectin
T8;33;1016;116;1.516;1.516;-9803407;Fibronectin
T8;34;1008;106;4.341;4.341;-10264461;Fibronectin
T8;35;1012;92;4.936;4.936;-10460595;Fibronectin
T8;36;1010;92;0.678;0.678;-11836072;Fibronectin
T8;37;994;90;5.466;5.466;-10783133;Fibronectin
T8;38;996;96;2.144;2.144;-10784663;Fibronectin
T8;39;996;100;1.356;1.356;-9013391;Fibronectin
T8;40;996;100;0.000;0.000;-9607058;Fibronectin
T8;41;994;98;0.959;0.959;-10135434;Fibronectin
T8;42;998;90;3.032;3.032;-10984085;Fibronectin
T8;43;998;90;0.000;0.000;-10862231;Fibronectin
T8;44;998;86;1.356;1.356;-8618120;Fibronectin
T8;45;1006;74;4.889;4.889;-9467271;Fibronectin
T8;46;1008;64;3.457;3.457;-10193037;Fibronectin
T8;47;1010;62;0.959;0.959;-10790294;Fibronectin
T8;48;1020;62;3.390;3.390;-11060121;Fibronectin
T8;49;1018;58;1.516;1.516;-10460561;Fibronectin
T8;50;1024;50;3.390;3.390;-10008444;Fibronectin
T8;51;1026;38;4.124;4.124;-10337663;Fibronectin
T8;52;1022;30;3.032;3.032;-9801604;Fibronectin
T8;53;1020;24;2.144;2.144;-10589075;Fibronectin
T8;54;1012;18;3.390;3.390;-10069905;Fibronectin
T8;55;1012;18;0.000;0.000;-9612917;Fibronectin
T8;56;1008;12;2.445;2.445;-8220274;Fibronectin
T9;2;240;934;3.651;3.651;-8749694;Fibronectin
T9;3;240;930;1.356;1.356;-10792599;Fibronectin
T9;4;240;930;0.000;0.000;-9938594;Fibronectin
T9;5;244;930;1.356;1.356;-11387043;Fibronectin
T9;6;248;930;1.356;1.356;-9470091;Fibronectin
T9;7;248;926;1.356;1.356;-9733782;Fibronectin
T9;8;250;920;2.144;2.144;-9411724;Fibronectin
T9;9;246;910;3.651;3.651;-8286845;Fibronectin
T9;10;246;900;3.390;3.390;-11652771;Fibronectin
T9;11;244;892;2.795;2.795;-11122842;Fibronectin
T9;12;244;886;2.034;2.034;-13553849;Fibronectin
T9;13;244;872;4.746;4.746;-11051683;Fibronectin
T9;14;248;880;3.032;3.032;-12171171;Fibronectin
T9;15;248;870;3.390;3.390;-10065301;Fibronectin
T9;16;246;862;2.795;2.795;-10984352;Fibronectin
T9;17;246;856;2.034;2.034;-12428723;Fibronectin
T9;18;248;858;0.959;0.959;-10719646;Fibronectin
T9;19;246;858;0.678;0.678;-11378858;Fibronectin
T9;20;246;856;0.678;0.678;-9471632;Fibronectin
T9;21;246;852;1.356;1.356;-11179682;Fibronectin
T9;22;248;852;0.678;0.678;-10851220;Fibronectin
T9;23;250;846;2.144;2.144;-10787232;Fibronectin
T9;24;250;848;0.678;0.678;-11510178;Fibronectin
T9;25;246;854;2.445;2.445;-10455446;Fibronectin
T9;26;246;854;0.000;0.000;-11050153;Fibronectin
T9;27;246;858;1.356;1.356;-11315619;Fibronectin
T9;28;242;850;3.032;3.032;-10653336;Fibronectin
T9;29;242;846;1.356;1.356;-11577257;Fibronectin
T9;30;234;834;4.889;4.889;-9671574;Fibronectin
T9;31;242;842;3.835;3.835;-12037038;Fibronectin
T9;32;236;846;2.445;2.445;-10388624;Fibronectin
T9;33;236;846;0.000;0.000;-9734033;Fibronectin
T9;34;242;850;2.445;2.445;-11908007;Fibronectin
T9;35;242;838;4.068;4.068;-12366513;Fibronectin
T9;36;242;838;0.000;0.000;-12768178;Fibronectin
T9;37;242;834;1.356;1.356;-12237748;Fibronectin
T9;38;244;832;0.959;0.959;-12169134;Fibronectin
T9;39;244;832;0.000;0.000;-12701110;Fibronectin
T9;40;244;824;2.712;2.712;-11780521;Fibronectin
T9;41;246;824;0.678;0.678;-10600348;Fibronectin
T9;42;244;828;1.516;1.516;-10859929;Fibronectin
T9;43;246;828;0.678;0.678;-12631730;Fibronectin
T9;44;246;828;0.000;0.000;-11976621;Fibronectin
T9;45;246;832;1.356;1.356;-9997457;Fibronectin
T9;46;240;818;5.163;5.163;-11969966;Fibronectin
T9;47;240;820;0.678;0.678;-11177627;Fibronectin
T9;48;234;818;2.144;2.144;-11518631;Fibronectin
T9;49;232;814;1.516;1.516;-11981474;Fibronectin
T9;50;232;812;0.678;0.678;-11123620;Fibronectin
T9;51;232;812;0.000;0.000;-10521230;Fibronectin
T9;52;234;818;2.144;2.144;-11980194;Fibronectin
T9;53;234;812;2.034;2.034;-10133904;Fibronectin
T9;54;236;812;0.678;0.678;-11837862;Fibronectin
T9;55;240;808;1.918;1.918;-9798805;Fibronectin
T9;56;236;802;2.445;2.445;-11309724;Fibronectin
T9;57;236;802;0.000;0.000;-12698794;Fibronectin
T9;58;228;810;3.835;3.835;-13159353;Fibronectin
T9;59;226;812;0.959;0.959;-12757421;Fibronectin
T9;60;216;816;3.651;3.651;-13685184;Fibronectin
T9;61;220;810;2.445;2.445;-10521752;Fibronectin
T9;62;212;800;4.341;4.341;-10003082;Fibronectin
T9;63;210;796;1.516;1.516;-10664350;Fibronectin
T9;64;210;796;0.000;0.000;-11652260;Fibronectin
T9;65;208;798;0.959;0.959;-10327194;Fibronectin
T9;66;208;794;1.356;1.356;-11835817;Fibronectin
T9;67;206;794;0.678;0.678;-9797778;Fibronectin
T9;68;202;792;1.516;1.516;-10916261;Fibronectin
T9;69;196;788;2.445;2.445;-10263200;Fibronectin
T9;70;190;786;2.144;2.144;-11774386;Fibronectin
T9;71;190;784;0.678;0.678;-12105135;Fibronectin
T9;72;188;784;0.678;0.678;-9143949;Fibronectin
T9;73;188;782;0.678;0.678;-10852766;Fibronectin
T9;74;180;782;2.712;2.712;-9141897;Fibronectin
T9;75;180;780;0.678;0.678;-9336461;Fibronectin
T9;76;172;776;3.032;3.032;-8811653;Fibronectin
T9;77;170;776;0.678;0.678;-10129304;Fibronectin
T9;78;168;768;2.795;2.795;-10389392;Fibronectin
T9;79;162;764;2.445;2.445;-10520980;Fibronectin
T9;80;162;764;0.000;0.000;-10390164;Fibronectin
T9;81;160;764;0.678;0.678;-11248045;Fibronectin
T9;82;158;762;0.959;0.959;-10520980;Fibronectin
T9;83;156;760;0.959;0.959;-10321816;Fibronectin
T9;84;156;760;0.000;0.000;-10648992;Fibronectin
T9;85;152;756;1.918;1.918;-9405069;Fibronectin
T9;86;152;752;1.356;1.356;-9341075;Fibronectin
T9;87;150;744;2.795;2.795;-11505827;Fibronectin
T9;88;150;740;1.356;1.356;-12243358;Fibronectin
T9;89;150;740;0.000;0.000;-11315366;Fibronectin
T9;90;148;740;0.678;0.678;-12441282;Fibronectin
T9;91;146;738;0.959;0.959;-11445673;Fibronectin
T9;92;146;738;0.000;0.000;-9210520;Fibronectin
T9;93;142;738;1.356;1.356;-9930385;Fibronectin
T9;94;142;730;2.712;2.712;-8940927;Fibronectin
T9;95;142;730;0.000;0.000;-10786454;Fibronectin
T9;96;142;726;1.356;1.356;-10912664;Fibronectin
T9;97;140;726;0.678;0.678;-12232368;Fibronectin
T9;98;132;724;2.795;2.795;-10654358;Fibronectin
T9;99;132;720;1.356;1.356;-10589340;Fibronectin
T9;100;142;716;3.651;3.651;-10189716;Fibronectin
T9;101;142;716;0.000;0.000;-10455710;Fibronectin
T9;102;140;714;0.959;0.959;-9798030;Fibronectin
T9;103;140;714;0.000;0.000;-9731480;Fibronectin
T9;104;140;714;0.000;0.000;-10326428;Fibronectin
T9;105;146;706;3.390;3.390;-9795984;Fibronectin
T9;106;146;704;0.678;0.678;-11376035;Fibronectin
T9;107;146;702;0.678;0.678;-10719131;Fibronectin
T9;108;142;696;2.445;2.445;-9997455;Fibronectin
T9;109;140;702;2.144;2.144;-11584430;Fibronectin
T9;110;138;708;2.144;2.144;-11513249;Fibronectin
T9;111;134;708;1.356;1.356;-10401441;Fibronectin
T9;112;124;708;3.390;3.390;-9345689;Fibronectin
T9;113;114;712;3.651;3.651;-13295545;Fibronectin
T9;114;108;716;2.445;2.445;-10654108;Fibronectin
T9;115;92;712;5.591;5.591;-9800850;Fibronectin
T9;116;84;712;2.712;2.712;-10189194;Fibronectin
T9;117;70;710;4.794;4.794;-9141127;Fibronectin
T9;118;70;708;0.678;0.678;-9666709;Fibronectin
T9;119;58;710;4.124;4.124;-11837341;Fibronectin
T9;120;58;710;0.000;0.000;-10983069;Fibronectin
T9;121;56;716;2.144;2.144;-10853534;Fibronectin
T9;122;52;702;4.936;4.936;-11243684;Fibronectin
T9;123;52;696;2.034;2.034;-11778476;Fibronectin
T9;124;52;696;0.000;0.000;-12302512;Fibronectin
T9;125;54;692;1.516;1.516;-11507622;Fibronectin
T9;126;56;680;4.124;4.124;-11977391;Fibronectin
T9;127;56;676;1.356;1.356;-10066579;Fibronectin
T9;128;56;682;2.034;2.034;-12899241;Fibronectin
T9;129;56;690;2.712;2.712;-12036009;Fibronectin
T9;130;58;694;1.516;1.516;-10063248;Fibronectin
T9;131;60;696;0.959;0.959;-9929366;Fibronectin
T9;132;64;696;1.356;1.356;-10524573;Fibronectin
T9;133;64;698;0.678;0.678;-11112347;Fibronectin
T9;134;60;694;1.918;1.918;-9931915;Fibronectin
T9;135;58;684;3.457;3.457;-10194584;Fibronectin
T9;136;58;682;0.678;0.678;-11312295;Fibronectin
T9;137;58;682;0.000;0.000;-11188887;Fibronectin
T9;138;58;692;3.390;3.390;-12895929;Fibronectin
T9;139;58;696;1.356;1.356;-8354433;Fibronectin
T9;140;50;698;2.795;2.795;-10328473;Fibronectin
T9;141;46;696;1.516;1.516;-10193039;Fibronectin
T9;142;40;696;2.034;2.034;-9994367;Fibronectin
T9;143;42;686;3.457;3.457;-12169135;Fibronectin
T9;144;42;686;0.000;0.000;-10390665;Fibronectin
T9;145;40;680;2.144;2.144;-11045012;Fibronectin
T9;146;38;668;4.124;4.124;-8225682;Fibronectin
T9;147;32;666;2.144;2.144;-10323869;Fibronectin
T9;148;22;662;3.651;3.651;-13162433;Fibronectin
T9;149;18;656;2.445;2.445;-9871520;Fibronectin
T9;150;18;656;0.000;0.000;-9607319;Fibronectin
T9;151;18;652;1.356;1.356;-9338771;Fibronectin
T9;152;18;654;0.678;0.678;-9734295;Fibronectin
1;2;1081;622;6.660;6.660;-8291728;FaCellitate
1;3;1083;622;0.678;0.678;-9862809;FaCellitate
1;4;1092;626;3.339;3.339;-9208735;FaCellitate
1;5;1088;622;1.918;1.918;-9666431;FaCellitate
1;6;1088;622;0.000;0.000;-9277841;FaCellitate
1;7;1081;622;2.373;2.373;-10198678;FaCellitate
1;8;1090;626;3.339;3.339;-11247794;FaCellitate
1;9;1088;622;1.516;1.516;-12700860;FaCellitate
1;10;1086;620;0.959;0.959;-10201766;FaCellitate
1;11;1083;620;1.017;1.017;-10264238;FaCellitate
1;12;1083;616;1.356;1.356;-9538724;FaCellitate
1;13;1083;614;0.678;0.678;-10189965;FaCellitate
1;14;1090;620;3.125;3.125;-12035516;FaCellitate
1;15;1086;618;1.516;1.516;-9669540;FaCellitate
1;16;1086;616;0.678;0.678;-11772071;FaCellitate
1;17;1086;612;1.356;1.356;-9342080;FaCellitate
1;18;1086;610;0.678;0.678;-10062482;FaCellitate
1;19;1090;608;1.516;1.516;-10719630;FaCellitate
1;20;1098;612;3.032;3.032;-10129841;FaCellitate
1;21;1098;610;0.678;0.678;-10461373;FaCellitate
1;22;1100;605;1.826;1.826;-9542817;FaCellitate
1;23;1100;599;2.034;2.034;-9602216;FaCellitate
1;24;1100;595;1.356;1.356;-9272713;FaCellitate
1;25;1100;593;0.678;0.678;-9414042;FaCellitate
1;26;1107;593;2.373;2.373;-10005141;FaCellitate
1;27;1111;595;1.516;1.516;-10785441;FaCellitate
1;28;1117;591;2.445;2.445;-9872283;FaCellitate
1;29;1117;591;0.000;0.000;-7373196;FaCellitate
1;30;1111;591;2.034;2.034;-11245475;FaCellitate
1;31;1111;591;0.000;0.000;-10713989;FaCellitate
1;32;1111;589;0.678;0.678;-9733256;FaCellitate
1;33;1111;587;0.678;0.678;-10719901;FaCellitate
1;34;1111;587;0.000;0.000;-12631980;FaCellitate
1;35;1107;589;1.516;1.516;-9870717;FaCellitate
1;36;1102;589;1.695;1.695;-11713701;FaCellitate
1;37;1104;593;1.516;1.516;-11840924;FaCellitate
1;38;1109;597;2.171;2.171;-11970449;FaCellitate
1;39;1113;599;1.516;1.516;-9078154;FaCellitate
1;40;1115;601;0.959;0.959;-10456462;FaCellitate
1;41;1121;601;2.034;2.034;-9342609;FaCellitate
1;42;1123;599;0.959;0.959;-9934495;FaCellitate
1;43;1123;599;0.000;0.000;-11116205;FaCellitate
1;44;1123;597;0.678;0.678;-10191520;FaCellitate
1;45;1125;595;0.959;0.959;-9866633;FaCellitate
1;46;1125;595;0.000;0.000;-12558229;FaCellitate
1;47;1127;593;0.959;0.959;-11573401;FaCellitate
1;48;1134;589;2.733;2.733;-11119544;FaCellitate
1;49;1130;582;2.733;2.733;-8747390;FaCellitate
1;50;1132;578;1.516;1.516;-8746371;FaCellitate
1;51;1132;576;0.678;0.678;-10129827;FaCellitate
1;52;1132;561;5.085;5.085;-10789553;FaCellitate
1;53;1132;555;2.034;2.034;-11057301;FaCellitate
1;54;1132;553;0.678;0.678;-11317157;FaCellitate
1;55;1123;540;5.360;5.360;-13552068;FaCellitate
1;56;1117;532;3.390;3.390;-10396326;FaCellitate
1;57;1111;524;3.390;3.390;-10920361;FaCellitate
1;58;1104;519;2.916;2.916;-11316658;FaCellitate
1;59;1098;511;3.390;3.390;-9867204;FaCellitate
1;60;1088;509;3.457;3.457;-11448996;FaCellitate
1;61;1081;511;2.468;2.468;-9342885;FaCellitate
1;62;1079;511;0.678;0.678;-8818081;FaCellitate
1;63;1081;511;0.678;0.678;-10795704;FaCellitate
1;64;1081;509;0.678;0.678;-8488088;FaCellitate
1;65;1081;509;0.000;0.000;-8093067;FaCellitate
1;66;1065;507;5.466;5.466;-8758142;FaCellitate
1;67;1058;507;2.373;2.373;-9679258;FaCellitate
1;68;1058;515;2.712;2.712;-13353159;FaCellitate
1;69;1062;519;1.918;1.918;-12169663;FaCellitate
1;70;1054;513;3.390;3.390;-11711658;FaCellitate
1;71;1054;509;1.356;1.356;-10262167;FaCellitate
1;72;1052;509;0.678;0.678;-11703505;FaCellitate
1;73;1054;513;1.516;1.516;-10461100;FaCellitate
1;74;1050;511;1.516;1.516;-10064790;FaCellitate
1;75;1044;513;2.144;2.144;-11707580;FaCellitate
1;76;1039;511;1.826;1.826;-11379878;FaCellitate
1;77;1035;511;1.356;1.356;-10395806;FaCellitate
1;78;1042;511;2.373;2.373;-9543048;FaCellitate
1;79;1042;513;0.678;0.678;-8817795;FaCellitate
1;80;1042;517;1.356;1.356;-11447243;FaCellitate
1;81;1044;519;0.959;0.959;-11051960;FaCellitate
1;82;1039;524;2.397;2.397;-10657977;FaCellitate
1;83;1033;528;2.445;2.445;-12041147;FaCellitate
1;84;1029;522;2.445;2.445;-11183546;FaCellitate
1;85;1029;519;1.017;1.017;-11318416;FaCellitate
1;86;1027;524;1.826;1.826;-11053486;FaCellitate
1;87;1027;522;0.678;0.678;-10924458;FaCellitate
1;88;1023;522;1.356;1.356;-11972286;FaCellitate
1;89;1021;524;0.959;0.959;-11907531;FaCellitate
1;90;1023;528;1.516;1.516;-10199961;FaCellitate
1;91;1025;528;0.678;0.678;-11645891;FaCellitate
1;92;1018;528;2.373;2.373;-11185601;FaCellitate
1;93;1018;532;1.356;1.356;-10135187;FaCellitate
1;94;1018;532;0.000;0.000;-11057077;FaCellitate
1;95;1018;536;1.356;1.356;-11904933;FaCellitate
2;2;1889;886;0.959;0.959;-10920600;FaCellitate
2;3;1884;888;1.826;1.826;-11775406;FaCellitate
2;4;1889;897;3.490;3.490;-11973038;FaCellitate
2;5;1891;895;0.959;0.959;-9604766;FaCellitate
2;6;1889;893;0.959;0.959;-10392726;FaCellitate
2;7;1889;891;0.678;0.678;-9868700;FaCellitate
2;8;1889;891;0.000;0.000;-10720410;FaCellitate
2;9;1889;888;1.017;1.017;-12821938;FaCellitate
2;10;1889;893;1.695;1.695;-12496067;FaCellitate
2;11;1889;893;0.000;0.000;-12496067;FaCellitate
2;12;1889;893;0.000;0.000;-12299444;FaCellitate
2;13;1889;893;0.000;0.000;-13225659;FaCellitate
2;14;1889;893;0.000;0.000;-13817295;FaCellitate
2;15;1889;893;0.000;0.000;-12824497;FaCellitate
2;16;1889;886;2.373;2.373;-12824497;FaCellitate
2;17;1891;893;2.468;2.468;-9605536;FaCellitate
2;18;1889;891;0.959;0.959;-9408141;FaCellitate
2;19;1882;893;2.468;2.468;-9931696;FaCellitate
2;20;1874;888;3.198;3.198;-11177627;FaCellitate
2;21;1861;893;4.722;4.722;-11385003;FaCellitate
2;22;1868;895;2.468;2.468;-13355202;FaCellitate
2;23;1868;899;1.356;1.356;-10129059;FaCellitate
2;24;1872;899;1.356;1.356;-12306105;FaCellitate
2;25;1874;897;0.959;0.959;-11652260;FaCellitate
2;26;1874;895;0.678;0.678;-10077086;FaCellitate
2;27;1876;895;0.678;0.678;-11190177;FaCellitate
2;28;1878;893;0.959;0.959;-12037561;FaCellitate
2;29;1884;891;2.144;2.144;-10982822;FaCellitate
2;30;1884;891;0.000;0.000;-10916024;FaCellitate
2;31;1884;893;0.678;0.678;-11180201;FaCellitate
2;32;1882;891;0.959;0.959;-12230051;FaCellitate
2;33;1882;893;0.678;0.678;-10984111;FaCellitate
2;34;1882;893;0.000;0.000;-11902388;FaCellitate
2;35;1882;893;0.000;0.000;-11574187;FaCellitate
2;36;1882;893;0.000;0.000;-11571867;FaCellitate
2;37;1882;893;0.000;0.000;-10982568;FaCellitate
2;38;1882;893;0.000;0.000;-11837089;FaCellitate
2;39;1882;893;0.000;0.000;-10456737;FaCellitate
2;40;1891;895;3.125;3.125;-9933465;FaCellitate
2;41;1891;895;0.000;0.000;-9803669;FaCellitate
2;42;1889;893;0.959;0.959;-11248812;FaCellitate
2;43;1889;897;1.356;1.356;-8746885;FaCellitate
2;44;1882;897;2.373;2.373;-9671834;FaCellitate
2;45;1880;893;1.516;1.516;-8947590;FaCellitate
2;46;1874;888;2.648;2.648;-10393755;FaCellitate
2;47;1872;888;0.678;0.678;-11905464;FaCellitate
2;48;1872;891;1.017;1.017;-11902382;FaCellitate
2;49;1874;893;0.959;0.959;-11774638;FaCellitate
2;50;1874;893;0.000;0.000;-11380636;FaCellitate
2;51;1872;893;0.678;0.678;-11051963;FaCellitate
2;52;1872;895;0.678;0.678;-10196151;FaCellitate
2;53;1868;893;1.516;1.516;-11907531;FaCellitate
2;54;1868;893;0.000;0.000;-11905737;FaCellitate
2;55;1861;893;2.373;2.373;-11706274;FaCellitate
2;56;1861;893;0.000;0.000;-11514536;FaCellitate
2;57;1859;891;0.959;0.959;-12434601;FaCellitate
2;58;1859;891;0.000;0.000;-11841987;FaCellitate
2;59;1859;891;0.000;0.000;-11645390;FaCellitate
2;60;1859;891;0.000;0.000;-11516335;FaCellitate
2;61;1859;888;1.017;1.017;-12301985;FaCellitate
2;62;1861;888;0.678;0.678;-10525373;FaCellitate
2;63;1861;888;0.000;0.000;-11838378;FaCellitate
2;64;1863;891;1.222;1.222;-12695489;FaCellitate
2;65;1863;888;1.017;1.017;-12234427;FaCellitate
2;66;1863;888;0.000;0.000;-11446192;FaCellitate
2;67;1863;888;0.000;0.000;-11909288;FaCellitate
2;68;1872;891;3.216;3.216;-11645352;FaCellitate
2;69;1870;888;1.222;1.222;-11118268;FaCellitate
2;70;1870;893;1.695;1.695;-11842251;FaCellitate
2;71;1870;893;0.000;0.000;-12698800;FaCellitate
2;72;1870;893;0.000;0.000;-12895168;FaCellitate
2;73;1868;893;0.678;0.678;-13153997;FaCellitate
2;74;1863;893;1.695;1.695;-12169661;FaCellitate
2;75;1863;891;0.678;0.678;-11514025;FaCellitate
2;76;1863;891;0.000;0.000;-10988720;FaCellitate
2;77;1866;893;1.222;1.222;-11707043;FaCellitate
2;78;1861;893;1.695;1.695;-10202779;FaCellitate
2;79;1861;895;0.678;0.678;-11055283;FaCellitate
2;80;1859;895;0.678;0.678;-10993586;FaCellitate
2;81;1857;895;0.678;0.678;-10401950;FaCellitate
2;82;1857;895;0.000;0.000;-10399943;FaCellitate
2;83;1859;895;0.678;0.678;-11321258;FaCellitate
2;84;1859;895;0.000;0.000;-11059110;FaCellitate
2;85;1853;895;2.034;2.034;-11512451;FaCellitate
2;86;1857;893;1.516;1.516;-9601931;FaCellitate
2;87;1857;893;0.000;0.000;-10855597;FaCellitate
2;88;1857;893;0.000;0.000;-12433847;FaCellitate
2;89;1855;888;1.826;1.826;-10923446;FaCellitate
2;90;1855;884;1.356;1.356;-10005665;FaCellitate
2;91;1851;882;1.516;1.516;-10795419;FaCellitate
2;92;1857;880;2.144;2.144;-10401463;FaCellitate
2;93;1855;878;0.959;0.959;-11973551;FaCellitate
2;94;1851;878;1.356;1.356;-11516062;FaCellitate
2;95;1851;880;0.678;0.678;-11253176;FaCellitate
3;2;434;1117;0.678;0.678;-12105905;FaCellitate
3;3;434;1117;0.000;0.000;-11776686;FaCellitate
3;4;434;1113;1.356;1.356;-11510178;FaCellitate
3;5;434;1111;0.678;0.678;-11178130;FaCellitate
3;6;431;1107;1.695;1.695;-8752287;FaCellitate
3;7;431;1098;3.051;3.051;-9866657;FaCellitate
3;8;434;1092;2.274;2.274;-11184823;FaCellitate
3;9;431;1090;1.222;1.222;-12495794;FaCellitate
3;10;431;1083;2.373;2.373;-11117490;FaCellitate
3;11;429;1079;1.516;1.516;-12500671;FaCellitate
3;12;427;1075;1.516;1.516;-10194842;FaCellitate
3;13;427;1069;2.034;2.034;-9874080;FaCellitate
3;14;425;1065;1.516;1.516;-10721688;FaCellitate
3;15;425;1065;0.000;0.000;-11380911;FaCellitate
3;16;425;1062;1.017;1.017;-9996956;FaCellitate
3;17;425;1058;1.356;1.356;-9341847;FaCellitate
3;18;423;1054;1.516;1.516;-10922670;FaCellitate
3;19;423;1046;2.712;2.712;-11245491;FaCellitate
3;20;425;1044;0.959;0.959;-12430528;FaCellitate
3;21;425;1044;0.000;0.000;-10060210;FaCellitate
3;22;425;1042;0.678;0.678;-10396602;FaCellitate
3;23;425;1042;0.000;0.000;-12300447;FaCellitate
3;24;425;1039;1.017;1.017;-11440561;FaCellitate
3;25;425;1035;1.356;1.356;-13216684;FaCellitate
3;26;423;1029;2.144;2.144;-11309224;FaCellitate
3;27;421;1025;1.516;1.516;-11510704;FaCellitate
3;28;417;1029;1.918;1.918;-12226992;FaCellitate
3;29;417;1027;0.678;0.678;-12421023;FaCellitate
3;30;415;1021;2.144;2.144;-13220796;FaCellitate
3;31;413;1016;1.826;1.826;-13813702;FaCellitate
3;32;413;1012;1.356;1.356;-12560563;FaCellitate
3;33;413;1010;0.678;0.678;-11112840;FaCellitate
3;34;413;1008;0.678;0.678;-11777451;FaCellitate
3;35;415;1006;0.959;0.959;-11254706;FaCellitate
3;36;415;998;2.712;2.712;-11117730;FaCellitate
3;37;417;993;1.826;1.826;-9801870;FaCellitate
3;38;417;989;1.356;1.356;-12237250;FaCellitate
3;39;419;987;0.959;0.959;-9929632;FaCellitate
3;40;419;987;0.000;0.000;-10591411;FaCellitate
3;41;419;981;2.034;2.034;-10983347;FaCellitate
3;42;415;972;3.339;3.339;-9932448;FaCellitate
3;43;413;968;1.516;1.516;-9669531;FaCellitate
3;44;413;966;0.678;0.678;-9605502;FaCellitate
3;45;415;964;0.959;0.959;-12757421;FaCellitate
3;46;415;960;1.356;1.356;-11712433;FaCellitate
3;47;415;958;0.678;0.678;-10988990;FaCellitate
3;48;415;958;0.000;0.000;-9540548;FaCellitate
3;49;408;949;3.865;3.865;-12762555;FaCellitate
3;50;406;937;4.124;4.124;-11905464;FaCellitate
3;51;404;935;0.959;0.959;-11180995;FaCellitate
3;52;400;930;2.171;2.171;-11771568;FaCellitate
3;53;398;928;0.959;0.959;-12634792;FaCellitate
3;54;394;920;3.032;3.032;-11453648;FaCellitate
3;55;392;907;4.459;4.459;-11516084;FaCellitate
3;56;392;903;1.356;1.356;-9145240;FaCellitate
3;57;389;893;3.539;3.539;-11447239;FaCellitate
3;58;383;880;4.854;4.854;-11837877;FaCellitate
3;59;381;874;2.144;2.144;-10916511;FaCellitate
3;60;383;870;1.516;1.516;-11318725;FaCellitate
3;61;381;863;2.468;2.468;-12955844;FaCellitate
3;62;379;859;1.516;1.516;-10725050;FaCellitate
3;63;379;855;1.356;1.356;-11184069;FaCellitate
3;64;379;851;1.356;1.356;-10592181;FaCellitate
3;65;375;844;2.733;2.733;-11321526;FaCellitate
3;66;373;834;3.457;3.457;-12109761;FaCellitate
3;67;369;828;2.445;2.445;-11387554;FaCellitate
3;68;362;823;2.916;2.916;-10329494;FaCellitate
3;69;360;815;2.795;2.795;-9937323;FaCellitate
3;70;358;803;4.124;4.124;-9542055;FaCellitate
3;71;350;788;5.763;5.763;-11912410;FaCellitate
3;72;333;767;9.159;9.159;-11970491;FaCellitate
3;73;333;767;0.000;0.000;-11183271;FaCellitate
3;74;331;761;2.144;2.144;-10590382;FaCellitate
3;75;329;756;1.826;1.826;-10918557;FaCellitate
3;76;320;750;3.667;3.667;-10335694;FaCellitate
3;77;320;746;1.356;1.356;-10928282;FaCellitate
3;78;316;731;5.263;5.263;-10197416;FaCellitate
3;79;304;725;4.548;4.548;-11053474;FaCellitate
3;80;301;719;2.274;2.274;-10527133;FaCellitate
3;81;297;708;3.968;3.968;-11187871;FaCellitate
3;82;293;704;1.918;1.918;-11248563;FaCellitate
3;83;285;696;3.835;3.835;-11447975;FaCellitate
3;84;283;693;1.222;1.222;-10860223;FaCellitate
3;85;278;689;2.171;2.171;-9419182;FaCellitate
3;86;276;681;2.795;2.795;-10265475;FaCellitate
3;87;266;670;5.040;5.040;-10196651;FaCellitate
3;88;262;664;2.445;2.445;-10262931;FaCellitate
3;89;259;654;3.539;3.539;-11777688;FaCellitate
3;90;247;643;5.519;5.519;-11511480;FaCellitate
3;91;247;643;0.000;0.000;-10728094;FaCellitate
3;92;245;637;2.144;2.144;-12045772;FaCellitate
3;93;239;628;3.667;3.667;-10853536;FaCellitate
3;94;230;620;4.082;4.082;-10799796;FaCellitate
3;95;226;612;3.032;3.032;-11982789;FaCellitate
4;2;515;1192;1.695;1.695;-13351617;FaCellitate
4;3;515;1188;1.356;1.356;-11041689;FaCellitate
4;4;511;1186;1.516;1.516;-9865378;FaCellitate
4;5;505;1182;2.445;2.445;-10454942;FaCellitate
4;6;499;1178;2.445;2.445;-11181212;FaCellitate
4;7;496;1167;3.865;3.865;-9406341;FaCellitate
4;8;501;1161;2.648;2.648;-12891830;FaCellitate
4;9;501;1157;1.356;1.356;-13947582;FaCellitate
4;10;501;1157;0.000;0.000;-9604237;FaCellitate
4;11;503;1153;1.516;1.516;-12556713;FaCellitate
4;12;501;1151;0.959;0.959;-11706545;FaCellitate
4;13;499;1146;1.826;1.826;-12298916;FaCellitate
4;14;496;1144;1.222;1.222;-14014650;FaCellitate
4;15;496;1140;1.356;1.356;-13813708;FaCellitate
4;16;494;1138;0.959;0.959;-12301500;FaCellitate
4;17;494;1138;0.000;0.000;-9731732;FaCellitate
4;18;492;1136;0.959;0.959;-10589099;FaCellitate
4;19;488;1138;1.516;1.516;-14735074;FaCellitate
4;20;488;1138;0.000;0.000;-14934190;FaCellitate
4;21;482;1136;2.144;2.144;-12492953;FaCellitate
4;22;482;1134;0.678;0.678;-14995140;FaCellitate
4;23;482;1132;0.678;0.678;-13681845;FaCellitate
4;24;480;1123;3.125;3.125;-12038085;FaCellitate
4;25;482;1121;0.959;0.959;-10060439;FaCellitate
4;26;480;1119;0.959;0.959;-11769777;FaCellitate
4;27;480;1115;1.356;1.356;-10455447;FaCellitate
4;28;478;1115;0.678;0.678;-12893352;FaCellitate
4;29;475;1113;1.222;1.222;-12042663;FaCellitate
4;30;478;1107;2.274;2.274;-12102063;FaCellitate
4;31;478;1102;1.695;1.695;-13611701;FaCellitate
4;32;478;1100;0.678;0.678;-11905472;FaCellitate
4;33;475;1098;1.222;1.222;-13224132;FaCellitate
4;34;478;1096;1.222;1.222;-9798574;FaCellitate
4;35;478;1094;0.678;0.678;-9798805;FaCellitate
4;36;482;1090;1.918;1.918;-11644335;FaCellitate
4;37;484;1083;2.468;2.468;-10528144;FaCellitate
4;38;484;1079;1.356;1.356;-13292505;FaCellitate
4;39;484;1075;1.356;1.356;-10658959;FaCellitate
4;40;484;1071;1.356;1.356;-12233413;FaCellitate
4;41;482;1069;0.959;0.959;-13420195;FaCellitate
4;42;480;1065;1.516;1.516;-12438987;FaCellitate
4;43;478;1060;1.826;1.826;-12691130;FaCellitate
4;44;478;1060;0.000;0.000;-11769236;FaCellitate
4;45;473;1056;2.171;2.171;-11311284;FaCellitate
4;46;473;1054;0.678;0.678;-12564406;FaCellitate
4;47;467;1050;2.445;2.445;-11640714;FaCellitate
4;48;463;1048;1.516;1.516;-9935244;FaCellitate
4;49;463;1039;3.051;3.051;-10984611;FaCellitate
4;50;463;1033;2.034;2.034;-12434102;FaCellitate
4;51;461;1023;3.457;3.457;-7958159;FaCellitate
4;52;461;1018;1.695;1.695;-10851234;FaCellitate
4;53;459;1014;1.516;1.516;-12569548;FaCellitate
4;54;459;1014;0.000;0.000;-10656408;FaCellitate
4;55;454;1006;3.198;3.198;-12167594;FaCellitate
4;56;454;1000;2.034;2.034;-11840169;FaCellitate
4;57;454;993;2.373;2.373;-12233136;FaCellitate
4;58;454;989;1.356;1.356;-12112335;FaCellitate
4;59;450;981;3.032;3.032;-13028296;FaCellitate
4;60;450;977;1.356;1.356;-13874365;FaCellitate
4;61;448;966;3.790;3.790;-12565147;FaCellitate
4;62;448;962;1.356;1.356;-13156773;FaCellitate
4;63;444;956;2.445;2.445;-10990745;FaCellitate
4;64;442;947;3.125;3.125;-10857414;FaCellitate
4;65;438;941;2.445;2.445;-11517125;FaCellitate
4;66;436;930;3.790;3.790;-12897749;FaCellitate
4;67;434;926;1.516;1.516;-13616329;FaCellitate
4;68;429;916;3.790;3.790;-9212050;FaCellitate
4;69;423;899;6.111;6.111;-9672850;FaCellitate
4;70;413;865;12.014;12.014;-11580095;FaCellitate
4;71;406;859;3.125;3.125;-12038329;FaCellitate
4;72;402;855;1.918;1.918;-10659019;FaCellitate
4;73;398;851;1.918;1.918;-11966417;FaCellitate
4;74;396;847;1.516;1.516;-10852551;FaCellitate
4;75;387;847;3.051;3.051;-11775685;FaCellitate
4;76;375;838;5.085;5.085;-12102340;FaCellitate
4;77;373;834;1.516;1.516;-11184568;FaCellitate
4;78;373;828;2.034;2.034;-12308716;FaCellitate
4;79;371;813;5.130;5.130;-13027254;FaCellitate
4;80;362;803;4.561;4.561;-11445172;FaCellitate
4;81;358;796;2.733;2.733;-12168133;FaCellitate
4;82;356;794;0.959;0.959;-11247281;FaCellitate
4;83;350;790;2.445;2.445;-11512531;FaCellitate
4;84;339;782;4.611;4.611;-11252168;FaCellitate
4;85;333;773;3.667;3.667;-13086903;FaCellitate
4;86;324;771;3.125;3.125;-10918308;FaCellitate
4;87;312;763;4.889;4.889;-11706278;FaCellitate
4;88;310;756;2.468;2.468;-10262205;FaCellitate
4;89;306;752;1.918;1.918;-12824238;FaCellitate
4;90;289;746;6.111;6.111;-13423281;FaCellitate
4;91;280;738;4.082;4.082;-12370114;FaCellitate
4;92;274;733;2.648;2.648;-12560569;FaCellitate
4;93;272;729;1.516;1.516;-12561862;FaCellitate
4;94;270;725;1.516;1.516;-11712982;FaCellitate
4;95;266;717;3.032;3.032;-12172241;FaCellitate
5;2;283;1251;1.918;1.918;-11639461;FaCellitate
5;3;285;1251;0.678;0.678;-8947087;FaCellitate
5;4;285;1249;0.678;0.678;-7896970;FaCellitate
5;5;274;1249;3.729;3.729;-8420743;FaCellitate
5;6;268;1243;2.877;2.877;-8944274;FaCellitate
5;7;268;1243;0.000;0.000;-8553083;FaCellitate
5;8;253;1243;5.085;5.085;-12630180;FaCellitate
5;9;253;1241;0.678;0.678;-13881020;FaCellitate
5;10;253;1241;0.000;0.000;-13291190;FaCellitate
5;11;253;1237;1.356;1.356;-14078149;FaCellitate
5;12;251;1234;1.222;1.222;-13025461;FaCellitate
5;13;251;1230;1.356;1.356;-12368807;FaCellitate
5;14;251;1224;2.034;2.034;-12634800;FaCellitate
5;15;253;1224;0.678;0.678;-13288118;FaCellitate
5;16;253;1222;0.678;0.678;-12495790;FaCellitate
5;17;253;1220;0.678;0.678;-11837090;FaCellitate
5;18;253;1213;2.373;2.373;-12959153;FaCellitate
5;19;255;1205;2.795;2.795;-13750979;FaCellitate
5;20;255;1201;1.356;1.356;-13290931;FaCellitate
5;21;257;1199;0.959;0.959;-13554350;FaCellitate
5;22;257;1197;0.678;0.678;-12241598;FaCellitate
5;23;259;1192;1.826;1.826;-12831164;FaCellitate
5;24;259;1188;1.356;1.356;-12766877;FaCellitate
5;25;259;1190;0.678;0.678;-12690099;FaCellitate
5;26;259;1188;0.678;0.678;-13215405;FaCellitate
5;27;259;1184;1.356;1.356;-12167856;FaCellitate
5;28;259;1180;1.356;1.356;-12825778;FaCellitate
5;29;259;1174;2.034;2.034;-13283255;FaCellitate
5;30;264;1169;2.397;2.397;-10063248;FaCellitate
5;31;264;1165;1.356;1.356;-10786703;FaCellitate
5;32;262;1159;2.144;2.144;-11309976;FaCellitate
5;33;262;1148;3.729;3.729;-11707307;FaCellitate
5;34;262;1148;0.000;0.000;-8684451;FaCellitate
5;35;257;1144;2.171;2.171;-11574688;FaCellitate
5;36;253;1144;1.356;1.356;-11773100;FaCellitate
5;37;255;1136;2.795;2.795;-10849953;FaCellitate
5;38;253;1132;1.516;1.516;-12758192;FaCellitate
5;39;259;1127;2.648;2.648;-11643327;FaCellitate
5;40;266;1123;2.733;2.733;-11579068;FaCellitate
5;41;272;1117;2.877;2.877;-12101032;FaCellitate
5;42;270;1117;0.678;0.678;-12558241;FaCellitate
5;43;264;1121;2.445;2.445;-11509146;FaCellitate
5;44;264;1113;2.712;2.712;-11971755;FaCellitate
5;45;262;1109;1.516;1.516;-11450018;FaCellitate
5;46;262;1104;1.695;1.695;-12894623;FaCellitate
5;47;264;1098;2.144;2.144;-12298913;FaCellitate
5;48;268;1102;1.918;1.918;-9605015;FaCellitate
5;49;268;1100;0.678;0.678;-8945304;FaCellitate
5;50;266;1102;0.959;0.959;-9999785;FaCellitate
5;51;266;1098;1.356;1.356;-9932172;FaCellitate
5;52;255;1107;4.818;4.818;-9669529;FaCellitate
5;53;259;1104;1.695;1.695;-10264487;FaCellitate
5;54;264;1104;1.695;1.695;-11118023;FaCellitate
5;55;264;1109;1.695;1.695;-12440244;FaCellitate
5;56;264;1107;0.678;0.678;-12041878;FaCellitate
5;57;264;1104;1.017;1.017;-12632766;FaCellitate
5;58;264;1102;0.678;0.678;-12504497;FaCellitate
5;59;264;1100;0.678;0.678;-10525868;FaCellitate
5;60;264;1092;2.712;2.712;-11909537;FaCellitate
5;61;266;1092;0.678;0.678;-11182734;FaCellitate
5;62;259;1090;2.468;2.468;-10723767;FaCellitate
5;63;251;1083;3.604;3.604;-9931179;FaCellitate
5;64;249;1075;2.795;2.795;-12634569;FaCellitate
5;65;251;1075;0.678;0.678;-12240294;FaCellitate
5;66;251;1075;0.000;0.000;-11448735;FaCellitate
5;67;243;1065;4.341;4.341;-12106663;FaCellitate
5;68;243;1054;3.729;3.729;-11977908;FaCellitate
5;69;243;1048;2.034;2.034;-11384974;FaCellitate
5;70;239;1042;2.445;2.445;-11516858;FaCellitate
5;71;230;1035;3.865;3.865;-10197638;FaCellitate
5;72;230;1039;1.356;1.356;-11712192;FaCellitate
5;73;226;1035;1.918;1.918;-9803445;FaCellitate
5;74;224;1033;0.959;0.959;-10198979;FaCellitate
5;75;222;1031;0.959;0.959;-9283987;FaCellitate
5;76;220;1023;2.795;2.795;-11122080;FaCellitate
5;77;222;1021;0.959;0.959;-10137226;FaCellitate
5;78;218;1018;1.695;1.695;-10531762;FaCellitate
5;79;215;1014;1.695;1.695;-11119770;FaCellitate
5;80;209;1014;2.034;2.034;-9876376;FaCellitate
5;81;207;1008;2.144;2.144;-10726578;FaCellitate
5;82;205;1008;0.678;0.678;-10001064;FaCellitate
5;83;201;1002;2.445;2.445;-9211031;FaCellitate
5;84;192;1000;3.125;3.125;-10659496;FaCellitate
5;85;190;991;3.125;3.125;-11060909;FaCellitate
5;86;186;987;1.918;1.918;-9739148;FaCellitate
5;87;180;979;3.390;3.390;-11780010;FaCellitate
5;88;178;972;2.468;2.468;-9870266;FaCellitate
5;89;169;968;3.339;3.339;-10531984;FaCellitate
5;90;169;966;0.678;0.678;-10071710;FaCellitate
5;91;167;962;1.516;1.516;-10198702;FaCellitate
5;92;163;958;1.918;1.918;-10132634;FaCellitate
5;93;159;951;2.733;2.733;-9210028;FaCellitate
5;94;159;949;0.678;0.678;-10657974;FaCellitate
5;95;153;947;2.144;2.144;-10991005;FaCellitate
6;2;2383;1255;1.826;1.826;-11573389;FaCellitate
6;3;2390;1253;2.468;2.468;-10063511;FaCellitate
6;4;2388;1249;1.516;1.516;-10258331;FaCellitate
6;5;2385;1247;1.222;1.222;-10387359;FaCellitate
6;6;2383;1241;2.144;2.144;-10191012;FaCellitate
6;7;2381;1237;1.516;1.516;-10324114;FaCellitate
6;8;2383;1239;0.959;0.959;-11175823;FaCellitate
6;9;2383;1234;1.695;1.695;-11966378;FaCellitate
6;10;2381;1234;0.678;0.678;-12028829;FaCellitate
6;11;2381;1234;0.000;0.000;-11176602;FaCellitate
6;12;2381;1228;2.034;2.034;-11453086;FaCellitate
6;13;2402;1232;7.247;7.247;-9539986;FaCellitate
6;14;2398;1224;3.032;3.032;-11704500;FaCellitate
6;15;2394;1218;2.445;2.445;-12623005;FaCellitate
6;16;2392;1222;1.516;1.516;-10653336;FaCellitate
6;17;2392;1222;0.000;0.000;-10725541;FaCellitate
6;18;2392;1220;0.678;0.678;-12111806;FaCellitate
6;19;2392;1218;0.678;0.678;-11982276;FaCellitate
6;20;2396;1211;2.733;2.733;-9479583;FaCellitate
6;21;2398;1207;1.516;1.516;-8891280;FaCellitate
6;22;2400;1197;3.457;3.457;-11452308;FaCellitate
6;23;2406;1188;3.667;3.667;-8616323;FaCellitate
6;24;2396;1192;3.651;3.651;-12104858;FaCellitate
6;25;2394;1190;0.959;0.959;-11776168;FaCellitate
6;26;2392;1188;0.959;0.959;-11518904;FaCellitate
6;27;2392;1188;0.000;0.000;-12507819;FaCellitate
6;28;2392;1182;2.034;2.034;-11654802;FaCellitate
6;29;2390;1178;1.516;1.516;-8620667;FaCellitate
6;30;2392;1174;1.516;1.516;-9341827;FaCellitate
6;31;2396;1169;2.171;2.171;-11185301;FaCellitate
6;32;2396;1165;1.356;1.356;-11713174;FaCellitate
6;33;2396;1157;2.712;2.712;-11713196;FaCellitate
6;34;2396;1153;1.356;1.356;-13028770;FaCellitate
6;35;2398;1146;2.468;2.468;-9536385;FaCellitate
6;36;2398;1146;0.000;0.000;-12636584;FaCellitate
6;37;2400;1140;2.144;2.144;-10320527;FaCellitate
6;38;2400;1136;1.356;1.356;-8882818;FaCellitate
6;39;2400;1136;0.000;0.000;-12035257;FaCellitate
6;40;2400;1134;0.678;0.678;-8875914;FaCellitate
6;41;2398;1132;0.959;0.959;-9406381;FaCellitate
6;42;2394;1127;2.171;2.171;-10786203;FaCellitate
6;43;2392;1123;1.516;1.516;-10853033;FaCellitate
6;44;2388;1121;1.516;1.516;-11122591;FaCellitate
6;45;2388;1117;1.356;1.356;-12766640;FaCellitate
6;46;2388;1111;2.034;2.034;-10392221;FaCellitate
6;47;2390;1109;0.959;0.959;-12896692;FaCellitate
6;48;2388;1104;1.826;1.826;-9933705;FaCellitate
6;49;2390;1098;2.144;2.144;-9015938;FaCellitate
6;50;2392;1092;2.144;2.144;-11968157;FaCellitate
6;51;2392;1088;1.356;1.356;-12239003;FaCellitate
6;52;2392;1083;1.695;1.695;-12699312;FaCellitate
6;53;2394;1077;2.144;2.144;-13023668;FaCellitate
6;54;2396;1071;2.144;2.144;-11903403;FaCellitate
6;55;2394;1069;0.959;0.959;-10065301;FaCellitate
6;56;2394;1060;3.051;3.051;-12503466;FaCellitate
6;57;2392;1054;2.144;2.144;-11514302;FaCellitate
6;58;2392;1050;1.356;1.356;-12831922;FaCellitate
6;59;2388;1046;1.918;1.918;-13556940;FaCellitate
6;60;2388;1042;1.356;1.356;-11579281;FaCellitate
6;61;2390;1035;2.468;2.468;-10653354;FaCellitate
6;62;2390;1035;0.000;0.000;-11643303;FaCellitate
6;63;2390;1031;1.356;1.356;-11114139;FaCellitate
6;64;2392;1031;0.678;0.678;-12833486;FaCellitate
6;65;2390;1027;1.516;1.516;-11647145;FaCellitate
6;66;2388;1021;2.144;2.144;-12108744;FaCellitate
6;67;2383;1018;1.977;1.977;-11712195;FaCellitate
6;68;2383;1016;0.678;0.678;-10992270;FaCellitate
6;69;2390;1004;4.710;4.710;-10982052;FaCellitate
6;70;2390;995;3.051;3.051;-11117987;FaCellitate
6;71;2377;983;5.998;5.998;-9607096;FaCellitate
6;72;2371;970;4.854;4.854;-12112592;FaCellitate
6;73;2371;964;2.034;2.034;-12633250;FaCellitate
6;74;2362;953;4.818;4.818;-12682381;FaCellitate
6;75;2356;943;3.953;3.953;-10333611;FaCellitate
6;76;2354;945;0.959;0.959;-12298682;FaCellitate
6;77;2348;941;2.445;2.445;-13747893;FaCellitate
6;78;2339;939;3.125;3.125;-11577249;FaCellitate
6;79;2346;937;2.468;2.468;-11653311;FaCellitate
6;80;2348;937;0.678;0.678;-12824747;FaCellitate
6;81;2344;930;2.733;2.733;-11052963;FaCellitate
6;82;2341;920;3.539;3.539;-11184821;FaCellitate
6;83;2339;918;0.959;0.959;-11314085;FaCellitate
6;84;2333;912;2.877;2.877;-10857111;FaCellitate
6;85;2329;907;2.171;2.171;-10788521;FaCellitate
6;86;2316;903;4.611;4.611;-12175773;FaCellitate
6;87;2325;899;3.339;3.339;-12565199;FaCellitate
6;88;2318;891;3.604;3.604;-11122866;FaCellitate
6;89;2312;886;2.648;2.648;-11841462;FaCellitate
6;90;2314;882;1.516;1.516;-10199221;FaCellitate
6;91;2314;880;0.678;0.678;-11448244;FaCellitate
6;92;2310;874;2.445;2.445;-11448486;FaCellitate
6;93;2302;865;4.082;4.082;-10459560;FaCellitate
6;94;2291;859;4.248;4.248;-11650008;FaCellitate
6;95;2289;857;0.959;0.959;-10393753;FaCellitate
7;2;2235;1469;2.445;2.445;-13623227;FaCellitate
7;3;2241;1467;2.144;2.144;-12110497;FaCellitate
7;4;2249;1465;2.795;2.795;-11048864;FaCellitate
7;5;2251;1459;2.144;2.144;-10260924;FaCellitate
7;6;2251;1452;2.373;2.373;-8158620;FaCellitate
7;7;2247;1448;1.918;1.918;-10333603;FaCellitate
7;8;2247;1444;1.356;1.356;-11452583;FaCellitate
7;9;2243;1440;1.918;1.918;-11119796;FaCellitate
7;10;2247;1434;2.445;2.445;-10401178;FaCellitate
7;11;2247;1425;3.051;3.051;-11176347;FaCellitate
7;12;2247;1429;1.356;1.356;-11701915;FaCellitate
7;13;2245;1429;0.678;0.678;-11786138;FaCellitate
7;14;2249;1425;1.918;1.918;-12111293;FaCellitate
7;15;2243;1417;3.390;3.390;-12226458;FaCellitate
7;16;2241;1415;0.959;0.959;-11964322;FaCellitate
7;17;2241;1413;0.678;0.678;-11835041;FaCellitate
7;18;2241;1408;1.695;1.695;-12114844;FaCellitate
7;19;2241;1402;2.034;2.034;-10730679;FaCellitate
7;20;2241;1398;1.356;1.356;-11124133;FaCellitate
7;21;2239;1392;2.144;2.144;-12507306;FaCellitate
7;22;2239;1387;1.695;1.695;-9737367;FaCellitate
7;23;2241;1381;2.144;2.144;-10798741;FaCellitate
7;24;2239;1373;2.795;2.795;-11183269;FaCellitate
7;25;2241;1369;1.516;1.516;-11908257;FaCellitate
7;26;2235;1367;2.144;2.144;-13153971;FaCellitate
7;27;2235;1362;1.695;1.695;-12297900;FaCellitate
7;28;2239;1364;1.516;1.516;-11914652;FaCellitate
7;29;2241;1362;0.959;0.959;-10062498;FaCellitate
7;30;2245;1352;3.651;3.651;-10586502;FaCellitate
7;31;2241;1348;1.918;1.918;-11576238;FaCellitate
7;32;2237;1341;2.733;2.733;-10721415;FaCellitate
7;33;2230;1329;4.710;4.710;-11903144;FaCellitate
7;34;2237;1320;3.865;3.865;-9670040;FaCellitate
7;35;2239;1325;1.826;1.826;-11380909;FaCellitate
7;36;2237;1320;1.826;1.826;-11635344;FaCellitate
7;37;2237;1314;2.034;2.034;-9798558;FaCellitate
7;38;2239;1310;1.516;1.516;-10659758;FaCellitate
7;39;2243;1308;1.516;1.516;-10796951;FaCellitate
7;40;2241;1306;0.959;0.959;-12230543;FaCellitate
7;41;2239;1308;0.959;0.959;-11713437;FaCellitate
7;42;2232;1310;2.468;2.468;-12040359;FaCellitate
7;43;2239;1310;2.373;2.373;-10201250;FaCellitate
7;44;2237;1308;0.959;0.959;-9217193;FaCellitate
7;45;2237;1304;1.356;1.356;-9876350;FaCellitate
7;46;2235;1299;1.826;1.826;-10666377;FaCellitate
7;47;2235;1297;0.678;0.678;-12039619;FaCellitate
7;48;2226;1287;4.561;4.561;-8889505;FaCellitate
7;49;2226;1287;0.000;0.000;-10395283;FaCellitate
7;50;2226;1281;2.034;2.034;-10532514;FaCellitate
7;51;2228;1274;2.468;2.468;-11714468;FaCellitate
7;52;2228;1270;1.356;1.356;-11188134;FaCellitate
7;53;2228;1266;1.356;1.356;-12497599;FaCellitate
7;54;2232;1266;1.356;1.356;-11319708;FaCellitate
7;55;2232;1260;2.034;2.034;-11448988;FaCellitate
7;56;2232;1260;0.000;0.000;-10398375;FaCellitate
7;57;2237;1253;2.916;2.916;-12039858;FaCellitate
7;58;2232;1251;1.826;1.826;-10731958;FaCellitate
7;59;2230;1247;1.516;1.516;-10598529;FaCellitate
7;60;2224;1241;2.877;2.877;-10727571;FaCellitate
7;61;2230;1239;2.144;2.144;-11253425;FaCellitate
7;62;2224;1232;3.125;3.125;-11848099;FaCellitate
7;63;2224;1216;5.424;5.424;-10790803;FaCellitate
7;64;2224;1220;1.356;1.356;-12374188;FaCellitate
7;65;2220;1213;2.733;2.733;-10929850;FaCellitate
7;66;2218;1209;1.516;1.516;-11647923;FaCellitate
7;67;2216;1207;0.959;0.959;-10856877;FaCellitate
7;68;2214;1205;0.959;0.959;-10981531;FaCellitate
7;69;2211;1184;7.191;7.191;-11847853;FaCellitate
7;70;2205;1174;3.953;3.953;-11310764;FaCellitate
7;71;2199;1176;2.144;2.144;-10989752;FaCellitate
7;72;2190;1165;4.818;4.818;-13218976;FaCellitate
7;73;2195;1165;1.695;1.695;-10727320;FaCellitate
7;74;2195;1157;2.712;2.712;-11517875;FaCellitate
7;75;2188;1153;2.733;2.733;-10332325;FaCellitate
7;76;2188;1146;2.373;2.373;-10068891;FaCellitate
7;77;2176;1138;4.889;4.889;-10066087;FaCellitate
7;78;2174;1132;2.144;2.144;-12896189;FaCellitate
7;79;2178;1134;1.516;1.516;-12759731;FaCellitate
7;80;2176;1125;3.125;3.125;-12233148;FaCellitate
7;81;2174;1119;2.144;2.144;-11315109;FaCellitate
7;82;2163;1111;4.611;4.611;-11511194;FaCellitate
7;83;2157;1104;3.125;3.125;-12701096;FaCellitate
7;84;2151;1102;2.144;2.144;-11513776;FaCellitate
7;85;2142;1098;3.339;3.339;-11058338;FaCellitate
7;86;2138;1092;2.445;2.445;-10861713;FaCellitate
7;87;2130;1088;3.032;3.032;-12635327;FaCellitate
7;88;2119;1083;4.096;4.096;-12302766;FaCellitate
7;89;2117;1077;2.144;2.144;-13348529;FaCellitate
7;90;2117;1071;2.034;2.034;-11706792;FaCellitate
7;91;2109;1069;2.795;2.795;-13419214;FaCellitate
7;92;2107;1062;2.468;2.468;-12563651;FaCellitate
7;93;2107;1060;0.678;0.678;-11581077;FaCellitate
7;94;2105;1050;3.457;3.457;-12042402;FaCellitate
7;95;2096;1037;5.360;5.360;-11968947;FaCellitate
8;2;2040;1417;0.000;0.000;-8229255;FaCellitate
8;3;2040;1417;0.000;0.000;-9680509;FaCellitate
8;4;2048;1417;2.712;2.712;-11060648;FaCellitate
8;5;2050;1415;0.959;0.959;-9735053;FaCellitate
8;6;2054;1413;1.516;1.516;-10387084;FaCellitate
8;7;2060;1411;2.144;2.144;-9407387;FaCellitate
8;8;2060;1411;0.000;0.000;-9930635;FaCellitate
8;9;2060;1408;1.017;1.017;-9084045;FaCellitate
8;10;2056;1406;1.516;1.516;-9409691;FaCellitate
8;11;2046;1406;3.390;3.390;-10788262;FaCellitate
8;12;2040;1408;2.144;2.144;-9603998;FaCellitate
8;13;2035;1417;3.490;3.490;-10721691;FaCellitate
8;14;2029;1411;2.877;2.877;-10789526;FaCellitate
8;15;2025;1408;1.695;1.695;-8161152;FaCellitate
8;16;2019;1402;2.877;2.877;-10458768;FaCellitate
8;17;2008;1387;6.306;6.306;-9932172;FaCellitate
8;18;2008;1383;1.356;1.356;-10262151;FaCellitate
8;19;2006;1377;2.144;2.144;-9606555;FaCellitate
8;20;2010;1367;3.651;3.651;-8880767;FaCellitate
8;21;2008;1352;5.130;5.130;-9600399;FaCellitate
8;22;2012;1354;1.516;1.516;-11838639;FaCellitate
8;23;2016;1350;1.918;1.918;-10061720;FaCellitate
8;24;2012;1337;4.611;4.611;-9010570;FaCellitate
8;25;2012;1341;1.356;1.356;-10781850;FaCellitate
8;26;2010;1337;1.516;1.516;-9735079;FaCellitate
8;27;2010;1335;0.678;0.678;-7701139;FaCellitate
8;28;2002;1333;2.795;2.795;-9798281;FaCellitate
8;29;2004;1331;0.959;0.959;-10394256;FaCellitate
8;30;2004;1331;0.000;0.000;-8354184;FaCellitate
8;31;1998;1331;2.034;2.034;-9080967;FaCellitate
8;32;1991;1316;5.611;5.611;-11772308;FaCellitate
8;33;1985;1312;2.445;2.445;-9409938;FaCellitate
8;34;1985;1306;2.034;2.034;-8027276;FaCellitate
8;35;1987;1299;2.468;2.468;-8025469;FaCellitate
8;36;1989;1295;1.516;1.516;-7825534;FaCellitate
8;37;1991;1283;4.124;4.124;-7304328;FaCellitate
8;38;1996;1281;1.826;1.826;-9862799;FaCellitate
8;39;1998;1278;1.222;1.222;-7371388;FaCellitate
8;40;1996;1274;1.516;1.516;-10259873;FaCellitate
8;41;2006;1270;3.651;3.651;-10259099;FaCellitate
8;42;2004;1272;0.959;0.959;-9276026;FaCellitate
8;43;2000;1272;1.356;1.356;-10066579;FaCellitate
8;44;1998;1270;0.959;0.959;-9666709;FaCellitate
8;45;1996;1268;0.959;0.959;-9863048;FaCellitate
8;46;1987;1264;3.339;3.339;-10391437;FaCellitate
8;47;1981;1257;3.125;3.125;-10524589;FaCellitate
8;48;1975;1260;2.274;2.274;-10589590;FaCellitate
8;49;1972;1257;1.438;1.438;-10326692;FaCellitate
8;50;1964;1247;4.341;4.341;-9739423;FaCellitate
8;51;1951;1241;4.854;4.854;-10262704;FaCellitate
8;52;1949;1237;1.516;1.516;-9407096;FaCellitate
8;53;1954;1216;7.318;7.318;-9413237;FaCellitate
8;54;1960;1197;6.755;6.755;-10393490;FaCellitate
8;55;1966;1192;2.648;2.648;-10061201;FaCellitate
8;56;1964;1192;0.678;0.678;-9276262;FaCellitate
8;57;1964;1190;0.678;0.678;-10395788;FaCellitate
8;58;1956;1190;2.712;2.712;-8689818;FaCellitate
8;59;1960;1188;1.516;1.516;-9277089;FaCellitate
8;60;1960;1188;0.000;0.000;-11048862;FaCellitate
8;61;1960;1186;0.678;0.678;-10395333;FaCellitate
8;62;1960;1186;0.000;0.000;-11259830;FaCellitate
8;63;1949;1180;4.248;4.248;-11052483;FaCellitate
8;64;1947;1172;2.795;2.795;-12037038;FaCellitate
8;65;1924;1178;8.058;8.058;-10196410;FaCellitate
8;66;1914;1176;3.457;3.457;-10068373;FaCellitate
8;67;1907;1174;2.468;2.468;-10987468;FaCellitate
8;68;1899;1157;6.369;6.369;-10133655;FaCellitate
8;69;1893;1140;6.111;6.111;-12435371;FaCellitate
8;70;1889;1132;3.032;3.032;-10797458;FaCellitate
8;71;1884;1132;1.695;1.695;-9870229;FaCellitate
8;72;1882;1119;4.459;4.459;-9407910;FaCellitate
8;73;1882;1111;2.712;2.712;-8490896;FaCellitate
8;74;1882;1100;3.729;3.729;-10066104;FaCellitate
8;75;1882;1098;0.678;0.678;-10456484;FaCellitate
8;76;1882;1090;2.712;2.712;-10917037;FaCellitate
8;77;1886;1079;3.968;3.968;-10321541;FaCellitate
8;78;1884;1077;0.959;0.959;-10653853;FaCellitate
8;79;1880;1075;1.516;1.516;-9538707;FaCellitate
8;80;1874;1073;2.144;2.144;-9736338;FaCellitate
8;81;1870;1069;1.918;1.918;-9999506;FaCellitate
8;82;1859;1071;3.790;3.790;-11379894;FaCellitate
8;83;1855;1071;1.356;1.356;-9803182;FaCellitate
8;84;1849;1060;4.248;4.248;-8952487;FaCellitate
8;85;1838;1046;6.036;6.036;-10722492;FaCellitate
8;86;1828;1046;3.390;3.390;-9540489;FaCellitate
8;87;1826;1035;3.790;3.790;-9408138;FaCellitate
8;88;1819;1027;3.604;3.604;-10327192;FaCellitate
8;89;1815;1021;2.445;2.445;-9868963;FaCellitate
8;90;1813;998;7.826;7.826;-14080193;FaCellitate
8;91;1801;985;5.998;5.998;-9275536;FaCellitate
8;92;1794;981;2.733;2.733;-10656675;FaCellitate
8;93;1792;970;3.790;3.790;-10784663;FaCellitate
8;94;1788;979;3.339;3.339;-9013113;FaCellitate
8;95;1780;945;11.841;11.841;-10853001;FaCellitate
9;2;2000;1626;1.222;1.222;-10527894;FaCellitate
9;3;2002;1629;1.222;1.222;-10333364;FaCellitate
9;4;2008;1629;2.034;2.034;-11058063;FaCellitate
9;5;2008;1629;0.000;0.000;-11318438;FaCellitate
9;6;2012;1626;1.695;1.695;-11309467;FaCellitate
9;7;2012;1624;0.678;0.678;-9010831;FaCellitate
9;8;2008;1620;1.918;1.918;-10585752;FaCellitate
9;9;2002;1622;2.144;2.144;-12163493;FaCellitate
9;10;1996;1624;2.144;2.144;-9077652;FaCellitate
9;11;1993;1629;1.977;1.977;-10261401;FaCellitate
9;12;1985;1629;2.712;2.712;-10925712;FaCellitate
9;13;1985;1635;2.034;2.034;-8814735;FaCellitate
9;14;1996;1637;3.790;3.790;-11840159;FaCellitate
9;15;1989;1639;2.468;2.468;-9148326;FaCellitate
9;16;1989;1639;0.000;0.000;-10193805;FaCellitate
9;17;1991;1637;0.959;0.959;-10002823;FaCellitate
9;18;1989;1641;1.516;1.516;-10663579;FaCellitate
9;19;1991;1643;0.959;0.959;-10652315;FaCellitate
9;20;1985;1643;2.034;2.034;-10138766;FaCellitate
9;21;1985;1645;0.678;0.678;-10798479;FaCellitate
9;22;1987;1641;1.516;1.516;-9677213;FaCellitate
9;23;1987;1635;2.034;2.034;-11851672;FaCellitate
9;24;1987;1631;1.356;1.356;-11780762;FaCellitate
9;25;1989;1620;3.790;3.790;-11322803;FaCellitate
9;26;1987;1622;0.959;0.959;-11191204;FaCellitate
9;27;1987;1622;0.000;0.000;-11316395;FaCellitate
9;28;1989;1626;1.516;1.516;-11058603;FaCellitate
9;29;1987;1624;0.959;0.959;-12178091;FaCellitate
9;30;1985;1618;2.144;2.144;-12376480;FaCellitate
9;31;1985;1616;0.678;0.678;-12311202;FaCellitate
9;32;1983;1610;2.144;2.144;-11056774;FaCellitate
9;33;1981;1593;5.803;5.803;-8626068;FaCellitate
9;34;1979;1595;0.959;0.959;-8945280;FaCellitate
9;35;1979;1593;0.678;0.678;-9409932;FaCellitate
9;36;1981;1582;3.790;3.790;-10264210;FaCellitate
9;37;1985;1572;3.651;3.651;-11441815;FaCellitate
9;38;1985;1574;0.678;0.678;-11059120;FaCellitate
9;39;1985;1574;0.000;0.000;-10867069;FaCellitate
9;40;1981;1570;1.918;1.918;-11325359;FaCellitate
9;41;1981;1568;0.678;0.678;-12368028;FaCellitate
9;42;1981;1561;2.373;2.373;-11125671;FaCellitate
9;43;1979;1549;4.124;4.124;-10260360;FaCellitate
9;44;1979;1549;0.000;0.000;-10326940;FaCellitate
9;45;1981;1545;1.516;1.516;-10070667;FaCellitate
9;46;1981;1545;0.000;0.000;-9871510;FaCellitate
9;47;1983;1541;1.516;1.516;-11915959;FaCellitate
9;48;1983;1536;1.695;1.695;-11244711;FaCellitate
9;49;1985;1534;0.959;0.959;-12830163;FaCellitate
9;50;1985;1532;0.678;0.678;-11842241;FaCellitate
9;51;1968;1526;6.111;6.111;-12112819;FaCellitate
9;52;1966;1520;2.144;2.144;-12568974;FaCellitate
9;53;1964;1509;3.790;3.790;-10928537;FaCellitate
9;54;1964;1503;2.034;2.034;-10724522;FaCellitate
9;55;1964;1499;1.356;1.356;-10853285;FaCellitate
9;56;1964;1499;0.000;0.000;-11048862;FaCellitate
9;57;1960;1494;2.171;2.171;-11974317;FaCellitate
9;58;1958;1490;1.516;1.516;-11388047;FaCellitate
9;59;1956;1486;1.516;1.516;-12113071;FaCellitate
9;60;1951;1482;2.171;2.171;-10009250;FaCellitate
9;61;1949;1471;3.790;3.790;-10264998;FaCellitate
9;62;1947;1471;0.678;0.678;-10266532;FaCellitate
9;63;1949;1463;2.795;2.795;-11845811;FaCellitate
9;64;1951;1452;3.790;3.790;-10203557;FaCellitate
9;65;1951;1450;0.678;0.678;-10005390;FaCellitate
9;66;1951;1448;0.678;0.678;-11314111;FaCellitate
9;67;1949;1444;1.516;1.516;-10659006;FaCellitate
9;68;1947;1440;1.516;1.516;-10531485;FaCellitate
9;69;1947;1436;1.356;1.356;-12438728;FaCellitate
9;70;1947;1429;2.373;2.373;-11836569;FaCellitate
9;71;1949;1423;2.144;2.144;-13493181;FaCellitate
9;72;1951;1411;4.124;4.124;-9414065;FaCellitate
9;73;1958;1411;2.373;2.373;-11585721;FaCellitate
9;74;1960;1411;0.678;0.678;-11780269;FaCellitate
9;75;1962;1413;0.959;0.959;-11901086;FaCellitate
9;76;1966;1408;2.171;2.171;-10854306;FaCellitate
9;77;1968;1406;0.959;0.959;-11709096;FaCellitate
9;78;1977;1402;3.339;3.339;-11507909;FaCellitate
9;79;1972;1406;2.171;2.171;-10791845;FaCellitate
9;80;1968;1408;1.516;1.516;-11183269;FaCellitate
9;81;1968;1408;0.000;0.000;-12233122;FaCellitate
9;82;1968;1408;0.000;0.000;-10395054;FaCellitate
9;83;1968;1408;0.000;0.000;-12037558;FaCellitate
9;84;1968;1411;1.017;1.017;-11517110;FaCellitate
9;85;1968;1411;0.000;0.000;-11514530;FaCellitate
9;86;1968;1411;0.000;0.000;-11188897;FaCellitate
9;87;1968;1408;1.017;1.017;-12436392;FaCellitate
9;88;1968;1406;0.678;0.678;-11842751;FaCellitate
9;89;1968;1400;2.034;2.034;-10596246;FaCellitate
9;90;1970;1396;1.516;1.516;-10134916;FaCellitate
9;91;1975;1379;6.007;6.007;-11848642;FaCellitate
9;92;1975;1373;2.034;2.034;-12301485;FaCellitate
9;93;1972;1379;2.274;2.274;-10466971;FaCellitate
9;94;1972;1373;2.034;2.034;-9868699;FaCellitate
9;95;1975;1371;1.222;1.222;-9477263;FaCellitate
10;2;1744;1721;2.445;2.445;-10405273;FaCellitate
10;3;1742;1719;0.959;0.959;-11906206;FaCellitate
10;4;1742;1717;0.678;0.678;-11905176;FaCellitate
10;5;1742;1717;0.000;0.000;-9140349;FaCellitate
10;6;1740;1715;0.959;0.959;-11902882;FaCellitate
10;7;1731;1715;3.051;3.051;-10929064;FaCellitate
10;8;1729;1708;2.468;2.468;-12036513;FaCellitate
10;9;1729;1712;1.356;1.356;-11110056;FaCellitate
10;10;1725;1710;1.516;1.516;-10325139;FaCellitate
10;11;1723;1704;2.144;2.144;-10461852;FaCellitate
10;12;1723;1700;1.356;1.356;-10590408;FaCellitate
10;13;1715;1694;3.390;3.390;-12047004;FaCellitate
10;14;1712;1687;2.582;2.582;-11185822;FaCellitate
10;15;1710;1681;2.144;2.144;-11911093;FaCellitate
10;16;1710;1683;0.678;0.678;-11510452;FaCellitate
10;17;1708;1691;2.795;2.795;-10533017;FaCellitate
10;18;1708;1691;0.000;0.000;-9738672;FaCellitate
10;19;1702;1694;2.274;2.274;-10662329;FaCellitate
10;20;1700;1689;1.826;1.826;-10919581;FaCellitate
10;21;1700;1691;0.678;0.678;-10792614;FaCellitate
10;22;1702;1694;1.222;1.222;-12372400;FaCellitate
10;23;1700;1691;1.222;1.222;-12967857;FaCellitate
10;24;1700;1685;2.034;2.034;-10192526;FaCellitate
10;25;1710;1685;3.390;3.390;-11586475;FaCellitate
10;26;1710;1679;2.034;2.034;-11588282;FaCellitate
10;27;1704;1677;2.144;2.144;-12164507;FaCellitate
10;28;1706;1673;1.516;1.516;-10326673;FaCellitate
10;29;1712;1664;3.667;3.667;-9931181;FaCellitate
10;30;1712;1656;2.712;2.712;-8419462;FaCellitate
10;31;1710;1652;1.516;1.516;-10195604;FaCellitate
10;32;1708;1650;0.959;0.959;-13032120;FaCellitate
10;33;1712;1645;2.171;2.171;-11519908;FaCellitate
10;34;1712;1645;0.000;0.000;-12967091;FaCellitate
10;35;1710;1645;0.678;0.678;-10912397;FaCellitate
10;36;1710;1641;1.356;1.356;-11901584;FaCellitate
10;37;1712;1633;2.795;2.795;-9607571;FaCellitate
10;38;1717;1618;5.360;5.360;-10264471;FaCellitate
10;39;1717;1618;0.000;0.000;-11582128;FaCellitate
10;40;1715;1618;0.678;0.678;-8093569;FaCellitate
10;41;1719;1610;3.032;3.032;-11448996;FaCellitate
10;42;1717;1606;1.516;1.516;-8819848;FaCellitate
10;43;1719;1608;0.959;0.959;-9805216;FaCellitate
10;44;1704;1608;5.085;5.085;-11377313;FaCellitate
10;45;1710;1599;3.667;3.667;-10930580;FaCellitate
10;46;1712;1597;0.959;0.959;-11375266;FaCellitate
10;47;1715;1591;2.274;2.274;-9343638;FaCellitate
10;48;1710;1580;4.096;4.096;-9999747;FaCellitate
10;49;1706;1576;1.918;1.918;-8748678;FaCellitate
10;50;1704;1568;2.795;2.795;-8355736;FaCellitate
10;51;1700;1561;2.733;2.733;-10000010;FaCellitate
10;52;1702;1568;2.468;2.468;-11251911;FaCellitate
10;53;1702;1561;2.373;2.373;-10133651;FaCellitate
10;54;1698;1549;4.288;4.288;-11842753;FaCellitate
10;55;1700;1536;4.459;4.459;-11248561;FaCellitate
10;56;1702;1532;1.516;1.516;-9869228;FaCellitate
10;57;1696;1532;2.034;2.034;-10791066;FaCellitate
10;58;1698;1530;0.959;0.959;-7831678;FaCellitate
10;59;1694;1530;1.356;1.356;-10923205;FaCellitate
10;60;1687;1522;3.604;3.604;-11317929;FaCellitate
10;61;1689;1515;2.468;2.468;-11125411;FaCellitate
10;62;1689;1507;2.712;2.712;-8683917;FaCellitate
10;63;1683;1499;3.390;3.390;-10394531;FaCellitate
10;64;1685;1501;0.959;0.959;-10533017;FaCellitate
10;65;1683;1490;3.790;3.790;-11058867;FaCellitate
10;66;1673;1482;4.341;4.341;-11253137;FaCellitate
10;67;1675;1476;2.144;2.144;-10720661;FaCellitate
10;68;1675;1459;5.763;5.763;-11906729;FaCellitate
10;69;1675;1448;3.729;3.729;-9809829;FaCellitate
10;70;1666;1438;4.561;4.561;-9935270;FaCellitate
10;71;1660;1436;2.144;2.144;-10794388;FaCellitate
10;72;1658;1429;2.468;2.468;-9670309;FaCellitate
10;73;1658;1425;1.356;1.356;-11322292;FaCellitate
10;74;1652;1417;3.390;3.390;-11121063;FaCellitate
10;75;1654;1413;1.516;1.516;-9865350;FaCellitate
10;76;1654;1411;0.678;0.678;-11580347;FaCellitate
10;77;1635;1406;6.660;6.660;-8754847;FaCellitate
10;78;1629;1402;2.445;2.445;-10849961;FaCellitate
10;79;1626;1394;2.896;2.896;-7969642;FaCellitate
10;80;1641;1387;5.611;5.611;-11979190;FaCellitate
10;81;1639;1375;4.124;4.124;-10466203;FaCellitate
10;82;1629;1371;3.651;3.651;-8164728;FaCellitate
10;83;1626;1369;1.222;1.222;-12965058;FaCellitate
10;84;1622;1364;2.171;2.171;-12559755;FaCellitate
10;85;1620;1358;2.144;2.144;-13484482;FaCellitate
10;86;1614;1343;5.477;5.477;-12043934;FaCellitate
10;87;1606;1333;4.341;4.341;-9873832;FaCellitate
10;88;1597;1325;4.082;4.082;-7970695;FaCellitate
10;89;1589;1316;4.082;4.082;-9015934;FaCellitate
10;90;1589;1320;1.356;1.356;-7503724;FaCellitate
10;91;1580;1310;4.561;4.561;-8753280;FaCellitate
10;92;1576;1308;1.516;1.516;-8551561;FaCellitate
10;93;1572;1299;3.339;3.339;-11906206;FaCellitate
10;94;1566;1289;3.953;3.953;-11642028;FaCellitate
10;95;1559;1283;3.125;3.125;-13226427;FaCellitate
11;2;413;425;3.125;3.125;-10659478;FaCellitate
11;3;413;425;0.000;0.000;-12570280;FaCellitate
11;4;417;419;2.445;2.445;-12831152;FaCellitate
11;5;423;419;2.034;2.034;-10793849;FaCellitate
11;6;425;413;2.144;2.144;-12041618;FaCellitate
11;7;429;408;2.171;2.171;-13094573;FaCellitate
11;8;434;406;1.826;1.826;-12167578;FaCellitate
11;9;446;404;4.124;4.124;-10596737;FaCellitate
11;10;442;400;1.918;1.918;-10000796;FaCellitate
11;11;444;396;1.516;1.516;-13086889;FaCellitate
11;12;446;389;2.468;2.468;-11048597;FaCellitate
11;13;450;383;2.445;2.445;-10661782;FaCellitate
11;14;452;377;2.144;2.144;-10654615;FaCellitate
11;15;454;371;2.144;2.144;-9996687;FaCellitate
11;16;452;366;1.826;1.826;-11774871;FaCellitate
11;17;461;366;3.051;3.051;-11118980;FaCellitate
11;18;461;356;3.390;3.390;-12496284;FaCellitate
11;19;471;345;5.040;5.040;-10061451;FaCellitate
11;20;469;339;2.144;2.144;-10126482;FaCellitate
11;21;475;335;2.445;2.445;-11182491;FaCellitate
11;22;475;333;0.678;0.678;-10192013;FaCellitate
11;23;475;331;0.678;0.678;-11118230;FaCellitate
11;24;488;331;4.407;4.407;-12893612;FaCellitate
11;25;509;329;7.151;7.151;-12629677;FaCellitate
11;26;522;322;5.005;5.005;-10585752;FaCellitate
11;27;526;310;4.288;4.288;-9861770;FaCellitate
11;28;547;314;7.247;7.247;-9533831;FaCellitate
11;29;553;297;6.111;6.111;-8812161;FaCellitate
11;30;561;287;4.341;4.341;-9732236;FaCellitate
11;31;578;283;5.920;5.920;-9928841;FaCellitate
11;32;589;274;4.818;4.818;-9598849;FaCellitate
11;33;587;268;2.144;2.144;-11969701;FaCellitate
11;34;593;259;3.667;3.667;-10128263;FaCellitate
11;35;612;241;8.872;8.872;-11638689;FaCellitate
11;36;631;239;6.477;6.477;-9934215;FaCellitate
11;37;635;218;7.247;7.247;-10457738;FaCellitate
11;38;639;190;9.588;9.588;-10920610;FaCellitate
11;39;641;178;4.124;4.124;-10719630;FaCellitate
11;40;643;171;2.468;2.468;-11057308;FaCellitate
11;41;647;161;3.651;3.651;-12629159;FaCellitate
11;42;658;144;6.864;6.864;-10719901;FaCellitate
11;43;660;127;5.803;5.803;-11122603;FaCellitate
11;44;673;115;5.998;5.998;-10394766;FaCellitate
11;45;675;104;3.790;3.790;-11185301;FaCellitate
11;46;668;90;5.306;5.306;-10655133;FaCellitate
11;47;662;81;3.667;3.667;-9669757;FaCellitate
11;48;662;83;0.678;0.678;-8816755;FaCellitate
11;49;668;58;8.716;8.716;-11316397;FaCellitate
11;50;679;60;3.790;3.790;-8691824;FaCellitate
11;51;687;54;3.390;3.390;-9481869;FaCellitate
11;52;689;37;5.803;5.803;-10923422;FaCellitate
11;53;685;37;1.356;1.356;-11188106;FaCellitate
11;54;700;33;5.263;5.263;-10790805;FaCellitate
11;55;708;23;4.341;4.341;-10072462;FaCellitate
11;56;712;16;2.733;2.733;-10400407;FaCellitate
11;57;714;6;3.457;3.457;-11587245;FaCellitate
12;2;329;916;1.826;1.826;-12765634;FaCellitate
12;3;337;916;2.712;2.712;-13482940;FaCellitate
12;4;339;916;0.678;0.678;-13281966;FaCellitate
12;5;339;912;1.356;1.356;-11056299;FaCellitate
12;6;343;912;1.356;1.356;-11322551;FaCellitate
12;7;350;905;3.356;3.356;-12895170;FaCellitate
12;8;356;901;2.445;2.445;-12429740;FaCellitate
12;9;358;897;1.516;1.516;-11706527;FaCellitate
12;10;358;897;0.000;0.000;-12562866;FaCellitate
12;11;358;899;0.678;0.678;-12499895;FaCellitate
12;12;358;895;1.356;1.356;-12037040;FaCellitate
12;13;362;895;1.356;1.356;-12695479;FaCellitate
12;14;362;895;0.000;0.000;-13222064;FaCellitate
12;15;362;895;0.000;0.000;-12105903;FaCellitate
12;16;366;891;1.918;1.918;-12097692;FaCellitate
12;17;373;893;2.468;2.468;-13350313;FaCellitate
12;18;375;891;0.959;0.959;-11519391;FaCellitate
12;19;383;882;4.082;4.082;-12111271;FaCellitate
12;20;398;874;5.763;5.763;-11905438;FaCellitate
12;21;400;868;2.144;2.144;-12033447;FaCellitate
12;22;402;865;1.222;1.222;-10190734;FaCellitate
12;23;406;872;2.733;2.733;-11312549;FaCellitate
12;24;410;870;1.516;1.516;-11110296;FaCellitate
12;25;417;870;2.373;2.373;-9868692;FaCellitate
12;26;423;870;2.034;2.034;-10586771;FaCellitate
12;27;421;865;1.826;1.826;-10587543;FaCellitate
12;28;431;861;3.651;3.651;-10394266;FaCellitate
12;29;434;861;1.017;1.017;-11178142;FaCellitate
12;30;442;853;3.835;3.835;-12166318;FaCellitate
12;31;446;844;3.339;3.339;-12164776;FaCellitate
12;32;448;842;0.959;0.959;-11373469;FaCellitate
12;33;450;842;0.678;0.678;-10388363;FaCellitate
12;34;450;851;3.051;3.051;-13020342;FaCellitate
12;35;461;853;3.790;3.790;-11771045;FaCellitate
12;36;467;851;2.144;2.144;-10194068;FaCellitate
12;37;461;849;2.144;2.144;-13549224;FaCellitate
12;38;469;842;3.604;3.604;-12237222;FaCellitate
12;39;469;842;0.000;0.000;-11903908;FaCellitate
12;40;478;847;3.490;3.490;-12761785;FaCellitate
12;41;482;844;1.695;1.695;-13025710;FaCellitate
12;42;488;836;3.390;3.390;-11639972;FaCellitate
12;43;492;834;1.516;1.516;-14342073;FaCellitate
12;44;501;832;3.125;3.125;-12430001;FaCellitate
12;45;507;828;2.445;2.445;-8363664;FaCellitate
12;46;511;828;1.356;1.356;-12500663;FaCellitate
12;47;517;828;2.034;2.034;-12623009;FaCellitate
12;48;528;821;4.420;4.420;-12693169;FaCellitate
12;49;538;807;5.832;5.832;-11049116;FaCellitate
12;50;543;800;2.916;2.916;-11905450;FaCellitate
12;51;553;794;3.953;3.953;-10194315;FaCellitate
12;52;553;788;2.034;2.034;-10588563;FaCellitate
12;53;547;790;2.144;2.144;-11704484;FaCellitate
12;54;547;788;0.678;0.678;-14071995;FaCellitate
12;55;557;792;3.651;3.651;-12885937;FaCellitate
12;56;566;792;3.051;3.051;-12097952;FaCellitate
12;57;572;796;2.445;2.445;-10917528;FaCellitate
12;58;582;798;3.457;3.457;-10655896;FaCellitate
12;59;582;790;2.712;2.712;-9734796;FaCellitate
12;60;574;796;3.390;3.390;-13551301;FaCellitate
12;61;584;798;3.457;3.457;-10853027;FaCellitate
12;62;582;792;2.144;2.144;-10324371;FaCellitate
12;63;582;788;1.356;1.356;-10325401;FaCellitate
12;64;578;784;1.918;1.918;-10258317;FaCellitate
12;65;572;779;2.648;2.648;-12955321;FaCellitate
12;66;584;782;4.193;4.193;-10785439;FaCellitate
12;67;587;779;1.438;1.438;-11113113;FaCellitate
12;68;582;777;1.826;1.826;-11179932;FaCellitate
12;69;582;767;3.390;3.390;-10917530;FaCellitate
12;70;582;765;0.678;0.678;-11380132;FaCellitate
12;71;582;761;1.356;1.356;-11843755;FaCellitate
12;72;582;756;1.695;1.695;-14076102;FaCellitate
12;73;589;752;2.733;2.733;-10719122;FaCellitate
12;74;591;750;0.959;0.959;-10391445;FaCellitate
12;75;587;750;1.356;1.356;-10850204;FaCellitate
12;76;587;750;0.000;0.000;-10321816;FaCellitate
12;77;587;750;0.000;0.000;-11575206;FaCellitate
12;78;589;746;1.516;1.516;-11179423;FaCellitate
12;79;593;744;1.516;1.516;-11442583;FaCellitate
12;80;593;740;1.356;1.356;-11045539;FaCellitate
12;81;593;735;1.695;1.695;-12692919;FaCellitate
12;82;595;735;0.678;0.678;-13286335;FaCellitate
12;83;601;727;3.390;3.390;-11507105;FaCellitate
12;84;608;725;2.468;2.468;-10065039;FaCellitate
12;85;605;721;1.695;1.695;-12300196;FaCellitate
12;86;605;717;1.356;1.356;-12371621;FaCellitate
12;87;608;712;1.977;1.977;-13217964;FaCellitate
12;88;622;698;6.712;6.712;-11114139;FaCellitate
12;89;622;700;0.678;0.678;-10000525;FaCellitate
12;90;626;700;1.356;1.356;-9541767;FaCellitate
12;91;631;691;3.490;3.490;-9803912;FaCellitate
12;92;631;691;0.000;0.000;-12033688;FaCellitate
12;93;633;689;0.959;0.959;-12497565;FaCellitate
12;94;633;685;1.356;1.356;-12961198;FaCellitate
12;95;649;673;6.780;6.780;-11506846;FaCellitate
12;96;656;666;3.356;3.356;-11513249;FaCellitate
12;97;660;668;1.516;1.516;-11509148;FaCellitate
12;98;660;664;1.356;1.356;-11712663;FaCellitate
12;99;666;664;2.034;2.034;-12230048;FaCellitate
12;100;670;658;2.445;2.445;-10719121;FaCellitate
12;101;673;656;1.222;1.222;-10656409;FaCellitate
12;102;673;656;0.000;0.000;-11710618;FaCellitate
12;103;673;656;0.000;0.000;-12891044;FaCellitate
12;104;677;649;2.733;2.733;-10659219;FaCellitate
12;105;685;649;2.712;2.712;-10727324;FaCellitate
12;106;689;652;1.695;1.695;-12562087;FaCellitate
12;107;693;652;1.356;1.356;-11314857;FaCellitate
12;108;693;649;1.017;1.017;-13685435;FaCellitate
12;109;696;647;1.222;1.222;-13750712;FaCellitate
12;110;696;647;0.000;0.000;-9931899;FaCellitate
12;111;702;647;2.034;2.034;-13621171;FaCellitate
12;112;706;647;1.356;1.356;-13288380;FaCellitate
12;113;708;647;0.678;0.678;-12104357;FaCellitate
12;114;717;643;3.339;3.339;-10658457;FaCellitate
12;115;719;635;2.795;2.795;-9995409;FaCellitate
12;116;723;633;1.516;1.516;-9997714;FaCellitate
12;117;727;631;1.516;1.516;-9800078;FaCellitate
12;118;735;631;2.712;2.712;-11048094;FaCellitate
12;119;740;628;1.977;1.977;-10064018;FaCellitate
12;120;746;624;2.445;2.445;-10392215;FaCellitate
12;121;748;620;1.516;1.516;-10590092;FaCellitate
12;122;748;616;1.356;1.356;-11444633;FaCellitate
12;123;754;620;2.445;2.445;-10856089;FaCellitate
12;124;758;618;1.516;1.516;-14280142;FaCellitate
12;125;758;618;0.000;0.000;-10651786;FaCellitate
12;126;765;614;2.733;2.733;-12042653;FaCellitate
12;127;767;608;2.144;2.144;-12634802;FaCellitate
12;128;775;603;3.198;3.198;-10065023;FaCellitate
12;129;779;603;1.356;1.356;-9211771;FaCellitate
12;130;790;608;4.096;4.096;-12161955;FaCellitate
12;131;788;603;1.826;1.826;-8231273;FaCellitate
12;132;792;599;1.918;1.918;-8821376;FaCellitate
12;133;794;591;2.795;2.795;-9015399;FaCellitate
13;2;509;1234;2.445;2.445;-10597786;FaCellitate
13;3;507;1232;0.959;0.959;-9673112;FaCellitate
13;4;517;1230;3.457;3.457;-12373160;FaCellitate
13;5;519;1226;1.516;1.516;-8686205;FaCellitate
13;6;519;1226;0.000;0.000;-10126984;FaCellitate
13;7;530;1220;4.248;4.248;-9339774;FaCellitate
13;8;540;1220;3.390;3.390;-13228718;FaCellitate
13;9;543;1211;3.216;3.216;-10135434;FaCellitate
13;10;553;1209;3.457;3.457;-12633773;FaCellitate
13;11;555;1209;0.678;0.678;-11514787;FaCellitate
13;12;559;1211;1.516;1.516;-11377831;FaCellitate
13;13;559;1213;0.678;0.678;-11710629;FaCellitate
13;14;557;1211;0.959;0.959;-12174501;FaCellitate
13;15;557;1203;2.712;2.712;-11311771;FaCellitate
13;16;561;1190;4.611;4.611;-13093300;FaCellitate
13;17;561;1195;1.695;1.695;-12300447;FaCellitate
13;18;568;1188;3.356;3.356;-14013124;FaCellitate
13;19;566;1186;0.959;0.959;-10066571;FaCellitate
13;20;572;1184;2.144;2.144;-12034981;FaCellitate
13;21;572;1182;0.678;0.678;-10197657;FaCellitate
13;22;576;1180;1.516;1.516;-9538697;FaCellitate
13;23;576;1180;0.000;0.000;-9405051;FaCellitate
13;24;582;1176;2.445;2.445;-9664891;FaCellitate
13;25;589;1176;2.373;2.373;-9410696;FaCellitate
13;26;595;1172;2.445;2.445;-11648424;FaCellitate
13;27;599;1167;2.171;2.171;-10395285;FaCellitate
13;28;608;1161;3.667;3.667;-11249818;FaCellitate
13;29;610;1159;0.959;0.959;-11049878;FaCellitate
13;30;610;1155;1.356;1.356;-12495271;FaCellitate
13;31;608;1153;0.959;0.959;-11649198;FaCellitate
13;32;608;1153;0.000;0.000;-10794139;FaCellitate
13;33;610;1151;0.959;0.959;-10267535;FaCellitate
13;34;612;1146;1.826;1.826;-9738628;FaCellitate
13;35;616;1142;1.918;1.918;-11316136;FaCellitate
13;36;620;1142;1.356;1.356;-11512737;FaCellitate
13;37;618;1146;1.516;1.516;-12634793;FaCellitate
13;38;620;1144;0.959;0.959;-12506805;FaCellitate
13;39;628;1142;2.795;2.795;-10990243;FaCellitate
13;40;628;1142;0.000;0.000;-11974579;FaCellitate
13;41;628;1142;0.000;0.000;-11779244;FaCellitate
13;42;628;1140;0.678;0.678;-11250594;FaCellitate
13;43;633;1136;2.171;2.171;-13022630;FaCellitate
13;44;635;1134;0.959;0.959;-11121312;FaCellitate
13;45;628;1127;3.356;3.356;-9940635;FaCellitate
13;46;639;1134;4.420;4.420;-11840162;FaCellitate
13;47;639;1132;0.678;0.678;-11311507;FaCellitate
13;48;639;1132;0.000;0.000;-11060373;FaCellitate
13;49;643;1125;2.733;2.733;-11186828;FaCellitate
13;50;647;1127;1.516;1.516;-12896420;FaCellitate
13;51;658;1123;3.968;3.968;-11179930;FaCellitate
13;52;662;1119;1.918;1.918;-12168095;FaCellitate
13;53;668;1117;2.144;2.144;-12034982;FaCellitate
13;54;673;1113;2.171;2.171;-11582115;FaCellitate
13;55;677;1115;1.516;1.516;-12293270;FaCellitate
13;56;677;1113;0.678;0.678;-9135473;FaCellitate
13;57;679;1111;0.959;0.959;-9138809;FaCellitate
13;58;679;1109;0.678;0.678;-9204599;FaCellitate
13;59;679;1107;0.678;0.678;-9803399;FaCellitate
13;60;679;1107;0.000;0.000;-9729906;FaCellitate
13;61;681;1100;2.468;2.468;-10780048;FaCellitate
13;62;687;1096;2.445;2.445;-11506076;FaCellitate
13;63;689;1092;1.516;1.516;-11176850;FaCellitate
13;64;696;1086;3.125;3.125;-11441051;FaCellitate
13;65;698;1079;2.468;2.468;-11247003;FaCellitate
13;66;704;1069;3.953;3.953;-12030880;FaCellitate
13;67;706;1062;2.468;2.468;-11179930;FaCellitate
13;68;712;1054;3.390;3.390;-11379872;FaCellitate
13;69;712;1054;0.000;0.000;-10715790;FaCellitate
13;70;717;1050;2.171;2.171;-11373720;FaCellitate
13;71;721;1046;1.918;1.918;-12162466;FaCellitate
13;72;723;1037;3.125;3.125;-11046806;FaCellitate
13;73;727;1031;2.445;2.445;-10848398;FaCellitate
13;74;731;1027;1.918;1.918;-12103603;FaCellitate
13;75;735;1023;1.918;1.918;-11318691;FaCellitate
13;76;742;1018;2.916;2.916;-11833501;FaCellitate
13;77;746;1014;1.918;1.918;-9465469;FaCellitate
13;78;748;1008;2.144;2.144;-12165284;FaCellitate
13;79;752;1004;1.918;1.918;-11963798;FaCellitate
13;80;758;995;3.667;3.667;-11835043;FaCellitate
13;81;763;993;1.826;1.826;-8941944;FaCellitate
13;82;771;985;3.835;3.835;-8481143;FaCellitate
13;83;771;979;2.034;2.034;-9799298;FaCellitate
13;84;775;970;3.339;3.339;-10520962;FaCellitate
13;85;779;966;1.918;1.918;-11770265;FaCellitate
13;86;779;956;3.390;3.390;-10653590;FaCellitate
13;87;782;951;1.977;1.977;-11045263;FaCellitate
13;88;784;951;0.678;0.678;-10590615;FaCellitate
13;89;790;945;2.877;2.877;-10522769;FaCellitate
13;90;796;939;2.877;2.877;-10849941;FaCellitate
13;91;794;933;2.144;2.144;-10780298;FaCellitate
13;92;794;928;1.695;1.695;-11378843;FaCellitate
13;93;798;924;1.918;1.918;-10786722;FaCellitate
13;94;805;916;3.604;3.604;-11443858;FaCellitate
13;95;807;914;0.959;0.959;-13028531;FaCellitate
13;96;813;905;3.667;3.667;-13161134;FaCellitate
13;97;815;903;0.959;0.959;-12696492;FaCellitate
13;98;821;897;2.877;2.877;-10716560;FaCellitate
13;99;823;893;1.516;1.516;-11378330;FaCellitate
13;100;828;886;2.916;2.916;-10455187;FaCellitate
13;101;834;878;3.390;3.390;-12435630;FaCellitate
13;102;838;870;3.032;3.032;-13028278;FaCellitate
13;103;838;870;0.000;0.000;-11720633;FaCellitate
13;104;842;863;2.733;2.733;-11194789;FaCellitate
13;105;847;863;1.695;1.695;-12557725;FaCellitate
13;106;849;861;0.959;0.959;-12635317;FaCellitate
13;107;851;855;2.144;2.144;-10931368;FaCellitate
13;108;857;849;2.877;2.877;-11981485;FaCellitate
13;109;859;844;1.826;1.826;-10001287;FaCellitate
13;110;868;842;3.125;3.125;-11653036;FaCellitate
13;111;872;838;1.918;1.918;-10073488;FaCellitate
13;112;878;832;2.877;2.877;-11981749;FaCellitate
13;113;886;828;3.032;3.032;-12962730;FaCellitate
13;114;893;821;3.356;3.356;-12429227;FaCellitate
13;115;899;815;2.877;2.877;-10056575;FaCellitate
13;116;903;807;3.032;3.032;-12029589;FaCellitate
13;117;907;798;3.339;3.339;-13094070;FaCellitate
13;118;912;794;2.171;2.171;-13745840;FaCellitate
13;119;914;788;2.144;2.144;-13361085;FaCellitate
13;120;920;782;2.877;2.877;-13620668;FaCellitate
13;121;926;773;3.667;3.667;-12178614;FaCellitate
13;122;930;769;1.918;1.918;-11911582;FaCellitate
13;123;935;763;2.648;2.648;-11850163;FaCellitate
13;124;941;756;3.125;3.125;-12507827;FaCellitate
13;125;945;750;2.445;2.445;-11655364;FaCellitate
13;126;949;746;1.918;1.918;-10471585;FaCellitate
13;127;951;746;0.678;0.678;-13426098;FaCellitate
13;128;958;740;3.125;3.125;-12702652;FaCellitate
13;129;960;735;1.826;1.826;-13032118;FaCellitate
13;130;964;729;2.445;2.445;-11975071;FaCellitate
13;131;968;725;1.918;1.918;-12242099;FaCellitate
13;132;972;719;2.445;2.445;-12373938;FaCellitate
13;133;974;714;1.826;1.826;-10860179;FaCellitate
13;134;977;712;1.222;1.222;-10464385;FaCellitate
13;135;979;712;0.678;0.678;-11582882;FaCellitate
13;136;985;706;2.877;2.877;-9809278;FaCellitate
13;137;987;702;1.516;1.516;-12048546;FaCellitate
13;138;991;700;1.516;1.516;-11251605;FaCellitate
13;139;1008;710;6.686;6.686;-12038566;FaCellitate
13;140;1012;708;1.516;1.516;-13744306;FaCellitate
13;141;1012;698;3.390;3.390;-11049100;FaCellitate
13;142;1012;696;0.678;0.678;-12047275;FaCellitate
13;143;1016;691;2.171;2.171;-12046240;FaCellitate
13;144;1021;691;1.695;1.695;-11186577;FaCellitate
13;145;1027;683;3.390;3.390;-12031883;FaCellitate
13;146;1035;679;3.032;3.032;-12298664;FaCellitate
13;147;1033;670;3.125;3.125;-11981977;FaCellitate
13;148;1037;670;1.356;1.356;-12044457;FaCellitate
13;149;1044;668;2.468;2.468;-12111521;FaCellitate
13;150;1062;668;6.102;6.102;-12166314;FaCellitate
13;151;1060;660;2.795;2.795;-11508109;FaCellitate
13;152;1058;656;1.516;1.516;-11640213;FaCellitate
13;153;1060;652;1.516;1.516;-12047519;FaCellitate
13;154;1077;658;6.111;6.111;-11636374;FaCellitate
13;155;1081;652;2.445;2.445;-11836822;FaCellitate
13;156;1077;645;2.733;2.733;-12241071;FaCellitate
13;157;1075;641;1.516;1.516;-12310448;FaCellitate
13;158;1075;639;0.678;0.678;-12304293;FaCellitate
13;159;1081;637;2.144;2.144;-11783066;FaCellitate
13;160;1086;633;2.171;2.171;-12242840;FaCellitate
13;161;1094;633;2.712;2.712;-10007171;FaCellitate
13;162;1102;635;2.795;2.795;-12442536;FaCellitate
13;163;1109;633;2.468;2.468;-12176559;FaCellitate
13;164;1115;628;2.648;2.648;-9734783;FaCellitate
13;165;1123;628;2.712;2.712;-10853518;FaCellitate
13;166;1130;624;2.733;2.733;-10719630;FaCellitate
13;167;1132;616;2.795;2.795;-10058630;FaCellitate
13;168;1136;612;1.918;1.918;-10849666;FaCellitate
13;169;1140;610;1.516;1.516;-11124626;FaCellitate
13;170;1142;605;1.826;1.826;-10655109;FaCellitate
13;171;1146;599;2.445;2.445;-9667724;FaCellitate
13;172;1163;591;6.369;6.369;-10928797;FaCellitate
13;173;1165;587;1.516;1.516;-12702383;FaCellitate
13;174;1184;576;7.443;7.443;-10582402;FaCellitate
13;175;1190;572;2.445;2.445;-11244424;FaCellitate
13;176;1201;570;3.790;3.790;-10191233;FaCellitate
13;177;1201;559;3.729;3.729;-10782084;FaCellitate
13;178;1205;549;3.651;3.651;-10518660;FaCellitate
14;2;184;1406;1.826;1.826;-13224384;FaCellitate
14;3;186;1406;0.678;0.678;-13688005;FaCellitate
14;4;186;1404;0.678;0.678;-11966365;FaCellitate
14;5;186;1400;1.356;1.356;-13086151;FaCellitate
14;6;190;1396;1.918;1.918;-11836338;FaCellitate
14;7;199;1392;3.339;3.339;-13552573;FaCellitate
14;8;209;1385;4.138;4.138;-10854055;FaCellitate
14;9;213;1385;1.356;1.356;-12106172;FaCellitate
14;10;220;1381;2.733;2.733;-13228745;FaCellitate
14;11;226;1383;2.144;2.144;-10716550;FaCellitate
14;12;232;1385;2.144;2.144;-10598052;FaCellitate
14;13;245;1381;4.611;4.611;-10853538;FaCellitate
14;14;245;1377;1.356;1.356;-11050143;FaCellitate
14;15;243;1373;1.516;1.516;-13419955;FaCellitate
14;16;245;1371;0.959;0.959;-10126976;FaCellitate
14;17;245;1369;0.678;0.678;-12234152;FaCellitate
14;18;245;1367;0.678;0.678;-13949372;FaCellitate
14;19;249;1364;1.695;1.695;-13556924;FaCellitate
14;20;255;1362;2.144;2.144;-12962477;FaCellitate
14;21;255;1364;0.678;0.678;-13554624;FaCellitate
14;22;253;1364;0.678;0.678;-13288882;FaCellitate
14;23;247;1364;2.034;2.034;-13091504;FaCellitate
14;24;245;1367;1.222;1.222;-13420217;FaCellitate
14;25;243;1367;0.678;0.678;-11977640;FaCellitate
14;26;243;1364;1.017;1.017;-10001799;FaCellitate
14;27;245;1364;0.678;0.678;-12304287;FaCellitate
14;28;245;1362;0.678;0.678;-13222840;FaCellitate
14;29;259;1356;5.163;5.163;-10854557;FaCellitate
14;30;255;1350;2.445;2.445;-12234920;FaCellitate
14;31;255;1348;0.678;0.678;-12234389;FaCellitate
14;32;255;1348;0.000;0.000;-11836836;FaCellitate
14;33;255;1348;0.000;0.000;-14071985;FaCellitate
14;34;255;1348;0.000;0.000;-12167345;FaCellitate
14;35;266;1341;4.420;4.420;-11968157;FaCellitate
14;36;268;1335;2.144;2.144;-12166314;FaCellitate
14;37;264;1329;2.445;2.445;-12098465;FaCellitate
14;38;264;1329;0.000;0.000;-13609904;FaCellitate
14;39;266;1322;2.468;2.468;-12564657;FaCellitate
14;40;266;1320;0.678;0.678;-12629426;FaCellitate
14;41;274;1320;2.712;2.712;-12106924;FaCellitate
14;42;287;1316;4.611;4.611;-11649974;FaCellitate
14;43;289;1320;1.516;1.516;-12045235;FaCellitate
14;44;293;1316;1.918;1.918;-11907479;FaCellitate
14;45;299;1318;2.144;2.144;-9342868;FaCellitate
14;46;299;1314;1.356;1.356;-10326683;FaCellitate
14;47;299;1314;0.000;0.000;-10325141;FaCellitate
14;48;304;1304;3.790;3.790;-10523549;FaCellitate
14;49;306;1299;1.826;1.826;-11775908;FaCellitate
14;50;314;1299;2.712;2.712;-10856087;FaCellitate
14;51;314;1293;2.034;2.034;-9739659;FaCellitate
14;52;316;1295;0.959;0.959;-11054753;FaCellitate
14;53;322;1293;2.144;2.144;-12040372;FaCellitate
14;54;324;1293;0.678;0.678;-11777962;FaCellitate
14;55;324;1293;0.000;0.000;-14334135;FaCellitate
14;56;324;1293;0.000;0.000;-11177363;FaCellitate
14;57;320;1291;1.516;1.516;-10259348;FaCellitate
14;58;324;1295;1.918;1.918;-10261148;FaCellitate
14;59;331;1295;2.373;2.373;-10588311;FaCellitate
14;60;333;1291;1.516;1.516;-9869210;FaCellitate
14;61;333;1281;3.390;3.390;-10526879;FaCellitate
14;62;333;1278;1.017;1.017;-9669780;FaCellitate
14;63;337;1274;1.918;1.918;-10593450;FaCellitate
14;64;343;1272;2.144;2.144;-11050404;FaCellitate
14;65;350;1268;2.733;2.733;-10460827;FaCellitate
14;66;354;1270;1.516;1.516;-10720424;FaCellitate
14;67;354;1268;0.678;0.678;-10005937;FaCellitate
14;68;371;1251;8.150;8.150;-11176598;FaCellitate
14;69;381;1253;3.457;3.457;-11047320;FaCellitate
14;70;381;1251;0.678;0.678;-10717587;FaCellitate
14;71;387;1249;2.144;2.144;-9604501;FaCellitate
14;72;392;1239;3.790;3.790;-9600900;FaCellitate
14;73;398;1232;3.125;3.125;-9994642;FaCellitate
14;74;402;1226;2.445;2.445;-9930132;FaCellitate
14;75;404;1218;2.795;2.795;-9469832;FaCellitate
14;76;413;1211;3.865;3.865;-8745860;FaCellitate
14;77;415;1203;2.795;2.795;-10260627;FaCellitate
14;78;421;1195;3.390;3.390;-9933715;FaCellitate
14;79;423;1195;0.678;0.678;-9996176;FaCellitate
14;80;419;1190;2.171;2.171;-9537678;FaCellitate
14;81;419;1188;0.678;0.678;-10460839;FaCellitate
14;82;421;1184;1.516;1.516;-11639946;FaCellitate
14;83;425;1182;1.516;1.516;-9802899;FaCellitate
14;84;434;1182;3.051;3.051;-9275533;FaCellitate
14;85;438;1178;1.918;1.918;-11442854;FaCellitate
14;86;444;1178;2.034;2.034;-11310496;FaCellitate
14;87;454;1174;3.651;3.651;-10785692;FaCellitate
14;88;457;1169;1.977;1.977;-9538446;FaCellitate
14;89;463;1165;2.445;2.445;-9864339;FaCellitate
14;90;463;1159;2.034;2.034;-10130065;FaCellitate
14;91;467;1157;1.516;1.516;-10192528;FaCellitate
14;92;475;1148;4.082;4.082;-10126757;FaCellitate
14;93;478;1142;2.274;2.274;-9204352;FaCellitate
14;94;488;1132;4.794;4.794;-11902113;FaCellitate
14;95;488;1121;3.729;3.729;-11771550;FaCellitate
14;96;492;1113;3.032;3.032;-9797517;FaCellitate
14;97;499;1100;5.005;5.005;-11120534;FaCellitate
14;98;496;1098;1.222;1.222;-9866908;FaCellitate
14;99;499;1094;1.695;1.695;-10125968;FaCellitate
14;100;499;1088;2.034;2.034;-11242652;FaCellitate
14;101;517;1088;6.102;6.102;-11050153;FaCellitate
14;102;515;1081;2.468;2.468;-10983069;FaCellitate
14;103;515;1079;0.678;0.678;-11644073;FaCellitate
14;104;524;1077;3.125;3.125;-12305576;FaCellitate
14;105;534;1079;3.457;3.457;-10201231;FaCellitate
14;106;538;1079;1.356;1.356;-10717839;FaCellitate
14;107;540;1073;2.144;2.144;-13160115;FaCellitate
14;108;547;1075;2.468;2.468;-9535627;FaCellitate
14;109;553;1071;2.445;2.445;-11046821;FaCellitate
14;110;559;1062;3.667;3.667;-10127497;FaCellitate
14;111;563;1058;1.918;1.918;-11705250;FaCellitate
14;112;568;1052;2.648;2.648;-11244458;FaCellitate
14;113;574;1044;3.390;3.390;-10985641;FaCellitate
14;114;578;1039;2.171;2.171;-11708073;FaCellitate
14;115;582;1031;3.032;3.032;-11242904;FaCellitate
14;116;587;1025;2.648;2.648;-11637664;FaCellitate
14;117;595;1018;3.604;3.604;-9272453;FaCellitate
14;118;601;1012;2.877;2.877;-8880524;FaCellitate
14;119;605;1004;3.032;3.032;-10721699;FaCellitate
14;120;614;995;4.315;4.315;-9540999;FaCellitate
14;121;616;993;0.959;0.959;-10586001;FaCellitate
14;122;618;989;1.516;1.516;-10980510;FaCellitate
14;123;620;983;2.144;2.144;-12427427;FaCellitate
14;124;626;977;2.877;2.877;-12034215;FaCellitate
14;125;631;968;3.490;3.490;-12097700;FaCellitate
14;126;637;956;4.548;4.548;-9537927;FaCellitate
14;127;641;947;3.339;3.339;-10391697;FaCellitate
14;128;645;939;3.032;3.032;-12040343;FaCellitate
14;129;647;933;2.144;2.144;-11184550;FaCellitate
14;130;652;928;2.397;2.397;-9932185;FaCellitate
14;131;654;924;1.516;1.516;-11438492;FaCellitate
14;132;658;916;3.032;3.032;-10191762;FaCellitate
14;133;662;905;3.968;3.968;-9995656;FaCellitate
14;134;664;899;2.144;2.144;-9408890;FaCellitate
14;135;664;895;1.356;1.356;-10462604;FaCellitate
14;136;668;891;1.918;1.918;-12897194;FaCellitate
14;137;673;886;2.397;2.397;-13023391;FaCellitate
14;138;675;880;2.144;2.144;-13551039;FaCellitate
14;139;677;878;0.959;0.959;-11252639;FaCellitate
14;140;679;876;0.959;0.959;-11703955;FaCellitate
14;141;683;874;1.516;1.516;-11514028;FaCellitate
14;142;691;863;4.611;4.611;-12892321;FaCellitate
14;143;702;857;4.248;4.248;-12294304;FaCellitate
14;144;712;847;4.794;4.794;-12432317;FaCellitate
14;145;721;836;4.818;4.818;-10530194;FaCellitate
14;146;723;832;1.516;1.516;-11901853;FaCellitate
14;147;735;823;5.085;5.085;-12622227;FaCellitate
14;148;748;813;5.560;5.560;-10781840;FaCellitate
14;149;754;803;3.953;3.953;-12032418;FaCellitate
14;150;756;798;1.826;1.826;-10323073;FaCellitate
14;151;761;790;3.198;3.198;-12765609;FaCellitate
14;152;767;786;2.445;2.445;-11844524;FaCellitate
14;153;775;771;5.763;5.763;-13225908;FaCellitate
14;154;782;765;3.125;3.125;-10530194;FaCellitate
14;155;792;748;6.686;6.686;-11639184;FaCellitate
14;156;807;731;7.686;7.686;-13673887;FaCellitate
14;157;813;721;3.953;3.953;-11371908;FaCellitate
14;158;821;710;4.611;4.611;-13085088;FaCellitate
14;159;830;698;5.085;5.085;-15124168;FaCellitate
14;160;838;685;5.175;5.175;-11574428;FaCellitate
14;161;844;677;3.390;3.390;-14732735;FaCellitate
14;162;847;677;1.017;1.017;-13744558;FaCellitate
14;163;847;677;0.000;0.000;-11643555;FaCellitate
14;164;849;673;1.516;1.516;-10387336;FaCellitate
14;165;868;666;6.864;6.864;-11638683;FaCellitate
14;166;878;656;4.794;4.794;-11439246;FaCellitate
14;167;880;652;1.516;1.516;-10782343;FaCellitate
14;168;886;645;3.125;3.125;-11051156;FaCellitate
14;169;895;635;4.561;4.561;-10519681;FaCellitate
14;170;903;626;4.082;4.082;-10321792;FaCellitate
14;171;907;620;2.445;2.445;-10455420;FaCellitate
14;172;914;616;2.733;2.733;-10654339;FaCellitate
14;173;914;614;0.678;0.678;-10792085;FaCellitate
14;174;916;610;1.516;1.516;-12569775;FaCellitate
14;175;926;582;10.079;10.079;-12764846;FaCellitate
14;176;947;574;7.618;7.618;-10856339;FaCellitate
14;177;962;555;8.206;8.206;-11837359;FaCellitate
14;178;962;549;2.034;2.034;-11441053;FaCellitate
15;2;1434;1247;5.085;5.085;-7829611;FaCellitate
15;3;1450;1249;5.466;5.466;-11512220;FaCellitate
15;4;1452;1243;2.144;2.144;-10321032;FaCellitate
15;5;1459;1237;3.125;3.125;-10124172;FaCellitate
15;6;1465;1237;2.034;2.034;-11633818;FaCellitate
15;7;1469;1237;1.356;1.356;-9990784;FaCellitate
15;8;1473;1234;1.695;1.695;-11766425;FaCellitate
15;9;1478;1234;1.695;1.695;-10188692;FaCellitate
15;10;1484;1230;2.445;2.445;-11179423;FaCellitate
15;11;1484;1230;0.000;0.000;-10383759;FaCellitate
15;12;1488;1230;1.356;1.356;-10121351;FaCellitate
15;13;1494;1228;2.144;2.144;-11111585;FaCellitate
15;14;1494;1228;0.000;0.000;-10390936;FaCellitate
15;15;1503;1224;3.339;3.339;-13940917;FaCellitate
15;16;1503;1224;0.000;0.000;-11324580;FaCellitate
15;17;1505;1222;0.959;0.959;-7836542;FaCellitate
15;18;1505;1222;0.000;0.000;-11455893;FaCellitate
15;19;1505;1222;0.000;0.000;-9933456;FaCellitate
15;20;1501;1218;1.918;1.918;-11304087;FaCellitate
15;21;1505;1216;1.516;1.516;-9864074;FaCellitate
15;22;1511;1216;2.034;2.034;-12100521;FaCellitate
15;23;1513;1213;1.222;1.222;-11382934;FaCellitate
15;24;1513;1213;0.000;0.000;-12230818;FaCellitate
15;25;1513;1213;0.000;0.000;-9733266;FaCellitate
15;26;1513;1213;0.000;0.000;-11442842;FaCellitate
15;27;1534;1205;7.618;7.618;-10712969;FaCellitate
15;28;1532;1192;4.459;4.459;-10524309;FaCellitate
15;29;1532;1190;0.678;0.678;-11054503;FaCellitate
15;30;1532;1186;1.356;1.356;-11975582;FaCellitate
15;31;1532;1186;0.000;0.000;-13559475;FaCellitate
15;32;1528;1182;1.918;1.918;-12373923;FaCellitate
15;33;1526;1180;0.959;0.959;-10202002;FaCellitate
15;34;1522;1178;1.516;1.516;-12833719;FaCellitate
15;35;1520;1176;0.959;0.959;-14014903;FaCellitate
15;36;1517;1174;1.222;1.222;-11774604;FaCellitate
15;37;1545;1182;9.872;9.872;-11509924;FaCellitate
15;38;1553;1174;3.835;3.835;-10525850;FaCellitate
15;39;1559;1174;2.034;2.034;-11242132;FaCellitate
15;40;1559;1169;1.695;1.695;-10661262;FaCellitate
15;41;1561;1163;2.144;2.144;-11915689;FaCellitate
15;42;1566;1165;1.826;1.826;-9792124;FaCellitate
15;43;1570;1165;1.356;1.356;-9792635;FaCellitate
15;44;1570;1157;2.712;2.712;-11111567;FaCellitate
15;45;1576;1155;2.144;2.144;-11777692;FaCellitate
15;46;1576;1153;0.678;0.678;-10597786;FaCellitate
15;47;1578;1151;0.959;0.959;-9281416;FaCellitate
15;48;1580;1153;0.959;0.959;-12565929;FaCellitate
15;49;1589;1146;3.865;3.865;-9018246;FaCellitate
15;50;1591;1146;0.678;0.678;-9795196;FaCellitate
15;51;1595;1140;2.445;2.445;-9604991;FaCellitate
15;52;1595;1140;0.000;0.000;-10590095;FaCellitate
15;53;1610;1132;5.763;5.763;-10985339;FaCellitate
15;54;1603;1125;3.356;3.356;-8686973;FaCellitate
15;55;1610;1123;2.468;2.468;-13163428;FaCellitate
15;56;1610;1119;1.356;1.356;-11047823;FaCellitate
15;57;1616;1121;2.144;2.144;-10073226;FaCellitate
15;58;1616;1117;1.356;1.356;-11062667;FaCellitate
15;59;1616;1111;2.034;2.034;-11312021;FaCellitate
15;60;1624;1107;3.032;3.032;-10790041;FaCellitate
15;61;1631;1109;2.468;2.468;-12430242;FaCellitate
15;62;1643;1107;4.124;4.124;-11314843;FaCellitate
15;63;1647;1102;2.171;2.171;-13087659;FaCellitate
15;64;1652;1096;2.648;2.648;-9996426;FaCellitate
15;65;1654;1096;0.678;0.678;-11517091;FaCellitate
15;66;1660;1092;2.445;2.445;-12110764;FaCellitate
15;67;1664;1088;1.918;1.918;-9800579;FaCellitate
15;68;1673;1083;3.490;3.490;-10128271;FaCellitate
15;69;1671;1081;0.959;0.959;-9731462;FaCellitate
15;70;1668;1079;1.222;1.222;-9927295;FaCellitate
15;71;1668;1069;3.390;3.390;-10253437;FaCellitate
15;72;1679;1067;3.790;3.790;-9402749;FaCellitate
15;73;1683;1067;1.356;1.356;-10583685;FaCellitate
15;74;1685;1065;0.959;0.959;-9669242;FaCellitate
15;75;1689;1062;1.695;1.695;-9143939;FaCellitate
15;76;1691;1056;2.144;2.144;-10393757;FaCellitate
15;77;1696;1050;2.648;2.648;-9215605;FaCellitate
15;78;1708;1048;4.124;4.124;-9211260;FaCellitate
15;79;1710;1039;3.125;3.125;-7901554;FaCellitate
15;80;1710;1031;2.712;2.712;-9085830;FaCellitate
15;81;1721;1031;3.729;3.729;-9345679;FaCellitate
15;82;1725;1023;3.032;3.032;-9538697;FaCellitate
15;83;1733;1021;2.795;2.795;-10989467;FaCellitate
15;84;1738;1016;2.397;2.397;-9801618;FaCellitate
15;85;1742;1012;1.918;1.918;-10848673;FaCellitate
15;86;1748;1006;2.877;2.877;-10849692;FaCellitate
15;87;1756;1002;3.032;3.032;-10719131;FaCellitate
15;88;1761;995;2.916;2.916;-9995145;FaCellitate
15;89;1767;991;2.445;2.445;-9599373;FaCellitate
15;90;1773;987;2.445;2.445;-10067595;FaCellitate
15;91;1777;985;1.516;1.516;-9143421;FaCellitate
15;92;1782;981;2.171;2.171;-9409653;FaCellitate
15;93;1794;964;7.054;7.054;-10328712;FaCellitate
15;94;1792;962;0.959;0.959;-10659720;FaCellitate
15;95;1792;960;0.678;0.678;-9809562;FaCellitate
15;96;1792;958;0.678;0.678;-9478025;FaCellitate
15;97;1792;958;0.000;0.000;-10920325;FaCellitate
15;98;1792;953;1.695;1.695;-8886389;FaCellitate
15;99;1801;958;3.490;3.490;-10918289;FaCellitate
15;100;1805;958;1.356;1.356;-10526101;FaCellitate
15;101;1809;953;2.171;2.171;-12496544;FaCellitate
15;102;1811;958;1.826;1.826;-9672073;FaCellitate
15;103;1805;958;2.034;2.034;-8291182;FaCellitate
15;104;1807;958;0.678;0.678;-9545099;FaCellitate
15;105;1811;958;1.356;1.356;-11390614;FaCellitate
15;106;1809;958;0.678;0.678;-10264722;FaCellitate
15;107;1807;956;0.959;0.959;-11654040;FaCellitate
15;108;1811;956;1.356;1.356;-11587217;FaCellitate
15;109;1813;958;0.959;0.959;-10654104;FaCellitate
15;110;1821;962;3.032;3.032;-9402246;FaCellitate
15;111;1830;960;3.125;3.125;-11176600;FaCellitate
15;112;1830;953;2.373;2.373;-10718082;FaCellitate
15;113;1838;947;3.390;3.390;-10123150;FaCellitate
15;114;1838;943;1.356;1.356;-10186123;FaCellitate
15;115;1845;941;2.468;2.468;-10646923;FaCellitate
15;116;1853;937;3.032;3.032;-9858949;FaCellitate
15;117;1863;930;4.138;4.138;-8427649;FaCellitate
15;118;1866;926;1.695;1.695;-8559207;FaCellitate
15;119;1868;926;0.678;0.678;-9203840;FaCellitate
15;120;1868;926;0.000;0.000;-10058628;FaCellitate
15;121;1868;924;0.678;0.678;-11046806;FaCellitate
15;122;1868;922;0.678;0.678;-9863561;FaCellitate
15;123;1874;918;2.445;2.445;-10387084;FaCellitate
15;124;1880;914;2.445;2.445;-10717328;FaCellitate
15;125;1884;905;3.339;3.339;-10653065;FaCellitate
15;126;1886;901;1.516;1.516;-10452877;FaCellitate
15;127;1893;897;2.733;2.733;-10454158;FaCellitate
15;128;1895;891;2.144;2.144;-10391948;FaCellitate
15;129;1897;884;2.468;2.468;-10721164;FaCellitate
15;130;1907;872;5.295;5.295;-10387082;FaCellitate
15;131;1912;865;2.916;2.916;-10253704;FaCellitate
15;132;1920;857;3.835;3.835;-9730181;FaCellitate
15;133;1935;844;6.729;6.729;-9281927;FaCellitate
15;134;1939;838;2.445;2.445;-8494192;FaCellitate
15;135;1933;838;2.034;2.034;-11115660;FaCellitate
15;136;1933;834;1.356;1.356;-9462912;FaCellitate
15;137;1943;832;3.457;3.457;-10520210;FaCellitate
15;138;1949;826;2.877;2.877;-10518930;FaCellitate
15;139;1949;823;1.017;1.017;-9723764;FaCellitate
15;140;1951;817;2.144;2.144;-11303046;FaCellitate
15;141;1954;813;1.695;1.695;-10513793;FaCellitate
15;142;1958;811;1.516;1.516;-10846095;FaCellitate
15;143;1958;811;0.000;0.000;-11504775;FaCellitate
15;144;1958;811;0.000;0.000;-11773323;FaCellitate
15;145;1954;811;1.356;1.356;-11570821;FaCellitate
15;146;1983;798;10.774;10.774;-11508897;FaCellitate
15;147;2004;790;7.618;7.618;-10187912;FaCellitate
15;148;2010;792;2.144;2.144;-9399930;FaCellitate
15;149;2027;786;6.111;6.111;-10450047;FaCellitate
15;150;2035;786;2.712;2.712;-9860990;FaCellitate
15;151;2037;782;1.516;1.516;-11373466;FaCellitate
15;152;2044;775;3.356;3.356;-13416357;FaCellitate
15;153;2050;775;2.034;2.034;-11711121;FaCellitate
15;154;2052;775;0.678;0.678;-10517128;FaCellitate
15;155;2058;775;2.034;2.034;-10389879;FaCellitate
15;156;2060;775;0.678;0.678;-12947084;FaCellitate
15;157;2063;775;1.017;1.017;-11841937;FaCellitate
15;158;2067;777;1.516;1.516;-10521730;FaCellitate
15;159;2079;773;4.288;4.288;-10848898;FaCellitate
15;160;2086;763;4.138;4.138;-11383201;FaCellitate
15;161;2092;761;2.144;2.144;-11449749;FaCellitate
15;162;2100;761;2.712;2.712;-12951705;FaCellitate
15;163;2107;761;2.373;2.373;-15065569;FaCellitate
15;164;2115;761;2.712;2.712;-11179934;FaCellitate
15;165;2140;758;8.536;8.536;-10720410;FaCellitate
15;166;2146;752;2.877;2.877;-10191487;FaCellitate
15;167;2155;733;7.127;7.127;-9404552;FaCellitate
15;168;2157;721;4.124;4.124;-12508317;FaCellitate
15;169;2176;721;6.441;6.441;-10782335;FaCellitate
15;170;2178;714;2.468;2.468;-10982796;FaCellitate
15;171;2178;708;2.034;2.034;-9540478;FaCellitate
15;172;2184;691;6.111;6.111;-13293235;FaCellitate
15;173;2186;687;1.516;1.516;-11452585;FaCellitate
15;174;2190;689;1.516;1.516;-10392195;FaCellitate
15;175;2195;681;3.198;3.198;-9869441;FaCellitate
15;176;2197;675;2.144;2.144;-10523785;FaCellitate
15;177;2201;660;5.263;5.263;-11108485;FaCellitate
15;178;2205;649;3.968;3.968;-12374942;FaCellitate
16;2;1968;1291;1.356;1.356;-9674634;FaCellitate
16;3;1972;1289;1.516;1.516;-9869452;FaCellitate
16;4;1972;1283;2.034;2.034;-10189446;FaCellitate
16;5;1977;1285;1.826;1.826;-9865091;FaCellitate
16;6;1979;1283;0.959;0.959;-10396557;FaCellitate
16;7;1987;1283;2.712;2.712;-10851216;FaCellitate
16;8;1991;1281;1.516;1.516;-10584461;FaCellitate
16;9;1993;1281;0.678;0.678;-10912399;FaCellitate
16;10;2000;1281;2.373;2.373;-10974091;FaCellitate
16;11;2000;1281;0.000;0.000;-11504025;FaCellitate
16;12;2008;1281;2.712;2.712;-10908818;FaCellitate
16;13;2012;1276;2.171;2.171;-12696496;FaCellitate
16;14;2012;1276;0.000;0.000;-10123148;FaCellitate
16;15;2010;1270;2.144;2.144;-10581902;FaCellitate
16;16;2008;1264;2.144;2.144;-10914966;FaCellitate
16;17;2010;1257;2.468;2.468;-11040654;FaCellitate
16;18;2012;1255;0.959;0.959;-12362412;FaCellitate
16;19;2016;1257;1.516;1.516;-12165287;FaCellitate
16;20;2023;1251;3.125;3.125;-10585239;FaCellitate
16;21;2029;1245;2.877;2.877;-12304808;FaCellitate
16;22;2027;1243;0.959;0.959;-9791873;FaCellitate
16;23;2029;1239;1.516;1.516;-10846095;FaCellitate
16;24;2031;1234;1.826;1.826;-10318211;FaCellitate
16;25;2037;1228;2.877;2.877;-11177111;FaCellitate
16;26;2035;1226;0.959;0.959;-12358043;FaCellitate
16;27;2037;1228;0.959;0.959;-11635342;FaCellitate
16;28;2040;1228;1.017;1.017;-11048597;FaCellitate
16;29;2046;1220;3.390;3.390;-11435409;FaCellitate
16;30;2046;1216;1.356;1.356;-12490148;FaCellitate
16;31;2042;1211;2.171;2.171;-10724503;FaCellitate
16;32;2048;1207;2.445;2.445;-11370897;FaCellitate
16;33;2048;1201;2.034;2.034;-11976870;FaCellitate
16;34;2050;1199;0.959;0.959;-11903653;FaCellitate
16;35;2046;1190;3.339;3.339;-10662039;FaCellitate
16;36;2048;1186;1.516;1.516;-9602447;FaCellitate
16;37;2054;1184;2.144;2.144;-9738117;FaCellitate
16;38;2056;1176;2.795;2.795;-9533832;FaCellitate
16;39;2060;1180;1.918;1.918;-10257808;FaCellitate
16;40;2067;1182;2.468;2.468;-10005139;FaCellitate
16;41;2071;1180;1.516;1.516;-9023636;FaCellitate
16;42;2071;1178;0.678;0.678;-10992293;FaCellitate
16;43;2073;1178;0.678;0.678;-11713698;FaCellitate
16;44;2075;1176;0.959;0.959;-11707797;FaCellitate
16;45;2075;1176;0.000;0.000;-10847376;FaCellitate
16;46;2092;1161;7.686;7.686;-10712969;FaCellitate
16;47;2094;1159;0.959;0.959;-10515337;FaCellitate
16;48;2094;1157;0.678;0.678;-11438492;FaCellitate
16;49;2096;1155;0.959;0.959;-10778768;FaCellitate
16;50;2096;1151;1.356;1.356;-11833240;FaCellitate
16;51;2105;1148;3.216;3.216;-10976398;FaCellitate
16;52;2107;1144;1.516;1.516;-11044501;FaCellitate
16;53;2113;1140;2.445;2.445;-10798740;FaCellitate
16;54;2119;1140;2.034;2.034;-10983056;FaCellitate
16;55;2123;1136;1.918;1.918;-10004620;FaCellitate
16;56;2132;1134;3.125;3.125;-10590869;FaCellitate
16;57;2136;1134;1.356;1.356;-10713226;FaCellitate
16;58;2138;1132;0.959;0.959;-10256007;FaCellitate
16;59;2142;1127;2.171;2.171;-10450308;FaCellitate
16;60;2144;1125;0.959;0.959;-10121089;FaCellitate
16;61;2149;1123;1.826;1.826;-11042191;FaCellitate
16;62;2153;1121;1.516;1.516;-10842756;FaCellitate
16;63;2155;1119;0.959;0.959;-11238282;FaCellitate
16;64;2157;1117;0.959;0.959;-10976911;FaCellitate
16;65;2155;1117;0.678;0.678;-10190986;FaCellitate
16;66;2155;1115;0.678;0.678;-10978194;FaCellitate
16;67;2159;1113;1.516;1.516;-10189444;FaCellitate
16;68;2165;1098;5.477;5.477;-11061412;FaCellitate
16;69;2178;1092;4.854;4.854;-11111308;FaCellitate
16;70;2180;1083;3.125;3.125;-11782833;FaCellitate
16;71;2186;1077;2.877;2.877;-10734254;FaCellitate
16;72;2188;1077;0.678;0.678;-11188897;FaCellitate
16;73;2190;1075;0.959;0.959;-10465439;FaCellitate
16;74;2195;1073;1.826;1.826;-10856097;FaCellitate
16;75;2205;1067;3.953;3.953;-10927771;FaCellitate
16;76;2209;1067;1.356;1.356;-10138016;FaCellitate
16;77;2216;1060;3.356;3.356;-10860701;FaCellitate
16;78;2237;1048;8.199;8.199;-11115168;FaCellitate
16;79;2237;1046;0.678;0.678;-10270867;FaCellitate
16;80;2241;1046;1.356;1.356;-10728094;FaCellitate
16;81;2241;1046;0.000;0.000;-10531734;FaCellitate
16;82;2245;1042;1.918;1.918;-10394007;FaCellitate
16;83;2253;1039;2.896;2.896;-9865867;FaCellitate
16;84;2258;1039;1.695;1.695;-9864839;FaCellitate
16;85;2260;1035;1.516;1.516;-10389644;FaCellitate
16;86;2293;1033;11.208;11.208;-10792347;FaCellitate
16;87;2295;1027;2.144;2.144;-9807241;FaCellitate
16;88;2300;1027;1.695;1.695;-9672332;FaCellitate
16;89;2306;1016;4.248;4.248;-10527894;FaCellitate
16;90;2312;1014;2.144;2.144;-9342348;FaCellitate
16;91;2316;1010;1.918;1.918;-9209733;FaCellitate
16;92;2329;1002;5.175;5.175;-10066068;FaCellitate
16;93;2335;1000;2.144;2.144;-10855068;FaCellitate
16;94;2337;993;2.468;2.468;-9547670;FaCellitate
16;95;2339;985;2.795;2.795;-10134415;FaCellitate
16;96;2344;977;3.198;3.198;-9872031;FaCellitate
16;97;2341;974;1.438;1.438;-9740686;FaCellitate
16;98;2344;966;2.896;2.896;-9410962;FaCellitate
16;99;2341;968;1.222;1.222;-9868424;FaCellitate
16;100;2335;970;2.144;2.144;-9347211;FaCellitate
16;101;2352;964;6.111;6.111;-10664863;FaCellitate
16;102;2358;964;2.034;2.034;-11652250;FaCellitate
16;103;2369;958;4.248;4.248;-11375769;FaCellitate
16;104;2375;951;3.125;3.125;-9738654;FaCellitate
16;105;2379;949;1.516;1.516;-10262428;FaCellitate
16;106;2381;947;0.959;0.959;-9605779;FaCellitate
16;107;2381;947;0.000;0.000;-9800337;FaCellitate
16;108;2381;947;0.000;0.000;-11770014;FaCellitate
16;109;2383;939;2.795;2.795;-11706017;FaCellitate
16;110;2388;939;1.695;1.695;-11508134;FaCellitate
16;111;2394;935;2.445;2.445;-11834789;FaCellitate
16;112;2398;933;1.516;1.516;-11106694;FaCellitate
16;113;2404;928;2.648;2.648;-10647946;FaCellitate
16;114;2409;926;1.826;1.826;-10260635;FaCellitate
16;115;2415;922;2.445;2.445;-10921361;FaCellitate
16;116;2419;918;1.918;1.918;-11839134;FaCellitate
16;117;2423;912;2.445;2.445;-12367280;FaCellitate
16;118;2427;905;2.733;2.733;-12229815;FaCellitate
16;119;2427;899;2.034;2.034;-11831446;FaCellitate
16;120;2432;897;1.826;1.826;-10777994;FaCellitate
16;121;2438;893;2.445;2.445;-9863050;FaCellitate
16;122;2448;882;5.040;5.040;-10517643;FaCellitate
16;123;2450;880;0.959;0.959;-10526619;FaCellitate
16;124;2453;876;1.695;1.695;-11041934;FaCellitate
16;125;2461;870;3.390;3.390;-12491431;FaCellitate
16;126;2467;859;4.248;4.248;-11124384;FaCellitate
16;127;2480;853;4.854;4.854;-10976141;FaCellitate
16;128;2484;849;1.918;1.918;-11507097;FaCellitate
16;129;2490;844;2.648;2.648;-10258578;FaCellitate
16;130;2499;838;3.667;3.667;-9599884;FaCellitate
16;131;2509;828;4.794;4.794;-10646674;FaCellitate
16;132;2515;819;3.667;3.667;-11308186;FaCellitate
16;133;2524;815;3.339;3.339;-10252428;FaCellitate
16;134;2524;813;0.678;0.678;-9401997;FaCellitate
16;135;2532;805;3.835;3.835;-10714509;FaCellitate
16;136;2536;798;2.733;2.733;-10976903;FaCellitate
16;137;2539;790;2.896;2.896;-10993568;FaCellitate
16;138;2536;792;1.222;1.222;-11052698;FaCellitate
16;139;2536;794;0.678;0.678;-10785944;FaCellitate
16;140;2543;792;2.468;2.468;-10717336;FaCellitate
16;141;2553;786;3.953;3.953;-11173777;FaCellitate
16;142;2551;782;1.516;1.516;-10785692;FaCellitate
16;143;2557;784;2.144;2.144;-10321048;FaCellitate
16;144;2557;775;3.051;3.051;-10451596;FaCellitate
17;2;1993;450;4.722;4.722;-11838378;FaCellitate
17;3;1996;448;1.222;1.222;-8946822;FaCellitate
17;4;1991;446;1.826;1.826;-10262431;FaCellitate
17;5;1983;450;3.032;3.032;-11979432;FaCellitate
17;6;1977;446;2.445;2.445;-11713188;FaCellitate
17;7;1977;440;2.034;2.034;-10863504;FaCellitate
17;8;1968;429;4.818;4.818;-10390434;FaCellitate
17;9;1968;427;0.678;0.678;-11706805;FaCellitate
17;10;1966;423;1.516;1.516;-11114919;FaCellitate
17;11;1966;423;0.000;0.000;-9991072;FaCellitate
17;12;1966;423;0.000;0.000;-10256286;FaCellitate
17;13;1966;423;0.000;0.000;-10059406;FaCellitate
17;14;1966;423;0.000;0.000;-11050151;FaCellitate
17;15;1966;423;0.000;0.000;-10203558;FaCellitate
17;16;1966;421;0.678;0.678;-10990012;FaCellitate
17;17;1960;415;2.877;2.877;-9863320;FaCellitate
17;18;1958;413;0.959;0.959;-11441314;FaCellitate
17;19;1958;410;1.017;1.017;-12105654;FaCellitate
17;20;1956;413;1.222;1.222;-11044761;FaCellitate
17;21;1956;408;1.695;1.695;-11439010;FaCellitate
17;22;1956;406;0.678;0.678;-10847645;FaCellitate
17;23;1956;402;1.356;1.356;-10124174;FaCellitate
17;24;1956;402;0.000;0.000;-10454419;FaCellitate
17;25;1954;400;0.959;0.959;-10716838;FaCellitate
17;26;1951;398;1.222;1.222;-12561854;FaCellitate
17;27;1958;402;2.733;2.733;-11309744;FaCellitate
17;28;1962;400;1.516;1.516;-9411472;FaCellitate
17;29;1954;400;2.712;2.712;-13021364;FaCellitate
17;30;1956;402;0.959;0.959;-11114416;FaCellitate
17;31;1956;404;0.678;0.678;-11508388;FaCellitate
17;32;1956;406;0.678;0.678;-10855587;FaCellitate
17;33;1951;402;2.171;2.171;-12692409;FaCellitate
17;34;1951;402;0.000;0.000;-11770024;FaCellitate
17;35;1951;400;0.678;0.678;-11770269;FaCellitate
17;36;1951;400;0.000;0.000;-10782871;FaCellitate
17;37;1951;394;2.034;2.034;-11770526;FaCellitate
17;38;1949;394;0.678;0.678;-11307933;FaCellitate
17;39;1945;394;1.356;1.356;-12037561;FaCellitate
17;40;1947;389;1.826;1.826;-12826552;FaCellitate
17;41;1954;385;2.733;2.733;-11845033;FaCellitate
17;42;1954;383;0.678;0.678;-9736338;FaCellitate
17;43;1954;377;2.034;2.034;-10062996;FaCellitate
17;44;1949;362;5.360;5.360;-9808287;FaCellitate
17;45;1949;354;2.712;2.712;-10066081;FaCellitate
17;46;1947;348;2.144;2.144;-10590105;FaCellitate
17;47;1945;339;3.125;3.125;-10455960;FaCellitate
17;48;1941;335;1.918;1.918;-10520735;FaCellitate
17;49;1943;322;4.459;4.459;-10261399;FaCellitate
17;50;1949;329;3.125;3.125;-9148310;FaCellitate
17;51;1954;327;1.826;1.826;-9536405;FaCellitate
17;52;1943;314;5.773;5.773;-9216126;FaCellitate
17;53;1941;310;1.516;1.516;-9939354;FaCellitate
17;54;1939;306;1.516;1.516;-9543056;FaCellitate
17;55;1933;308;2.144;2.144;-9809795;FaCellitate
17;56;1928;306;1.826;1.826;-13018291;FaCellitate
17;57;1928;308;0.678;0.678;-13547456;FaCellitate
17;58;1928;308;0.000;0.000;-11243171;FaCellitate
17;59;1928;308;0.000;0.000;-11242401;FaCellitate
17;60;1926;310;0.959;0.959;-11449245;FaCellitate
17;61;1924;314;1.516;1.516;-9609641;FaCellitate
17;62;1918;308;2.877;2.877;-12435127;FaCellitate
17;63;1918;306;0.678;0.678;-11447721;FaCellitate
17;64;1916;304;0.959;0.959;-11577000;FaCellitate
17;65;1916;299;1.695;1.695;-10003358;FaCellitate
17;66;1916;297;0.678;0.678;-9806242;FaCellitate
17;67;1907;293;3.339;3.339;-10391183;FaCellitate
17;68;1905;291;0.959;0.959;-9410441;FaCellitate
17;69;1897;283;3.835;3.835;-10913953;FaCellitate
17;70;1897;278;1.695;1.695;-11242134;FaCellitate
17;71;1897;270;2.712;2.712;-11309226;FaCellitate
17;72;1895;262;2.795;2.795;-11968949;FaCellitate
17;73;1895;257;1.695;1.695;-11906476;FaCellitate
17;74;1897;249;2.795;2.795;-11644084;FaCellitate
17;75;1895;236;4.459;4.459;-11904684;FaCellitate
17;76;1895;234;0.678;0.678;-11177376;FaCellitate
17;77;1895;230;1.356;1.356;-11505055;FaCellitate
17;78;1895;226;1.356;1.356;-11440031;FaCellitate
17;79;1895;220;2.034;2.034;-12754855;FaCellitate
17;80;1895;220;0.000;0.000;-11840423;FaCellitate
17;81;1893;213;2.468;2.468;-12306105;FaCellitate
17;82;1889;201;4.288;4.288;-11376038;FaCellitate
17;83;1891;197;1.516;1.516;-11308699;FaCellitate
17;84;1895;197;1.356;1.356;-9280664;FaCellitate
17;85;1893;188;3.125;3.125;-9940637;FaCellitate
17;86;1889;182;2.445;2.445;-11516848;FaCellitate
17;87;1884;174;3.198;3.198;-10390681;FaCellitate
17;88;1884;169;1.695;1.695;-10860707;FaCellitate
17;89;1882;167;0.959;0.959;-10203807;FaCellitate
17;90;1874;157;4.341;4.341;-10780308;FaCellitate
17;91;1870;148;3.339;3.339;-12889524;FaCellitate
17;92;1872;146;0.959;0.959;-11249824;FaCellitate
17;93;1866;142;2.445;2.445;-12826289;FaCellitate
17;94;1863;138;1.695;1.695;-12037289;FaCellitate
17;95;1866;134;1.695;1.695;-11840674;FaCellitate
17;96;1861;132;1.826;1.826;-11176351;FaCellitate
17;97;1855;125;3.125;3.125;-11375008;FaCellitate
17;98;1855;119;2.034;2.034;-11308446;FaCellitate
17;99;1849;113;2.877;2.877;-12165554;FaCellitate
17;100;1847;106;2.468;2.468;-13288118;FaCellitate
17;101;1849;104;0.959;0.959;-12823230;FaCellitate
17;102;1849;106;0.678;0.678;-11904433;FaCellitate
17;103;1847;102;1.516;1.516;-12165551;FaCellitate
17;104;1847;102;0.000;0.000;-12559534;FaCellitate
17;105;1849;102;0.678;0.678;-11841965;FaCellitate
17;106;1847;104;0.959;0.959;-10395822;FaCellitate
17;107;1840;111;3.356;3.356;-12033965;FaCellitate
17;108;1830;111;3.390;3.390;-10655120;FaCellitate
17;109;1826;113;1.516;1.516;-12493739;FaCellitate
17;110;1819;115;2.468;2.468;-12167854;FaCellitate
17;111;1819;113;0.678;0.678;-10983582;FaCellitate
17;112;1815;109;1.918;1.918;-10918810;FaCellitate
17;113;1811;109;1.356;1.356;-10852248;FaCellitate
17;114;1809;102;2.468;2.468;-10983847;FaCellitate
17;115;1805;96;2.445;2.445;-12692408;FaCellitate
17;116;1805;90;2.034;2.034;-11835560;FaCellitate
17;117;1805;90;0.000;0.000;-13287354;FaCellitate
17;118;1809;88;1.516;1.516;-10652312;FaCellitate
17;119;1809;88;0.000;0.000;-10849702;FaCellitate
17;120;1807;83;1.826;1.826;-12101301;FaCellitate
17;121;1809;83;0.678;0.678;-10196887;FaCellitate
17;122;1807;81;0.959;0.959;-10254734;FaCellitate
17;123;1807;81;0.000;0.000;-10850993;FaCellitate
17;124;1807;77;1.356;1.356;-11243674;FaCellitate
17;125;1805;77;0.678;0.678;-13547967;FaCellitate
17;126;1807;71;2.144;2.144;-10911898;FaCellitate
17;127;1807;69;0.678;0.678;-10387611;FaCellitate
17;128;1807;60;3.051;3.051;-10129577;FaCellitate
17;129;1807;60;0.000;0.000;-10781593;FaCellitate
17;130;1809;54;2.144;2.144;-10583709;FaCellitate
17;131;1809;52;0.678;0.678;-12757162;FaCellitate
17;132;1809;50;0.678;0.678;-11638941;FaCellitate
17;133;1809;44;2.034;2.034;-10718116;FaCellitate
17;134;1807;41;1.222;1.222;-10913690;FaCellitate
17;135;1805;39;0.959;0.959;-12494516;FaCellitate
17;136;1805;35;1.356;1.356;-12032420;FaCellitate
17;137;1805;31;1.356;1.356;-9404827;FaCellitate
17;138;1807;33;0.959;0.959;-9929366;FaCellitate
17;139;1805;31;0.959;0.959;-11901865;FaCellitate
18;2;1329;960;2.877;2.877;-7634301;FaCellitate
18;3;1318;958;3.790;3.790;-8681356;FaCellitate
18;4;1320;956;0.959;0.959;-9075084;FaCellitate
18;5;1320;953;1.017;1.017;-8811902;FaCellitate
18;6;1327;947;3.125;3.125;-9143700;FaCellitate
18;7;1329;943;1.516;1.516;-9279874;FaCellitate
18;8;1316;935;5.175;5.175;-7830910;FaCellitate
18;9;1308;935;2.712;2.712;-7634307;FaCellitate
18;10;1304;926;3.339;3.339;-10062480;FaCellitate
18;11;1304;924;0.678;0.678;-8747410;FaCellitate
18;12;1306;922;0.959;0.959;-7434622;FaCellitate
18;13;1304;918;1.516;1.516;-8612742;FaCellitate
18;14;1297;914;2.733;2.733;-8880524;FaCellitate
18;15;1289;912;2.795;2.795;-8093569;FaCellitate
18;16;1287;907;1.826;1.826;-7042673;FaCellitate
18;17;1285;905;0.959;0.959;-7502972;FaCellitate
18;18;1283;901;1.516;1.516;-7240305;FaCellitate
18;19;1274;899;3.125;3.125;-8225165;FaCellitate
18;20;1270;899;1.356;1.356;-8356239;FaCellitate
18;21;1262;897;2.795;2.795;-8222845;FaCellitate
18;22;1257;895;1.826;1.826;-8288381;FaCellitate
18;23;1255;893;0.959;0.959;-7567249;FaCellitate
18;24;1253;891;0.959;0.959;-9139613;FaCellitate
18;25;1255;888;1.222;1.222;-8420745;FaCellitate
18;26;1260;888;1.695;1.695;-8353921;FaCellitate
18;27;1260;888;0.000;0.000;-9072251;FaCellitate
18;28;1257;886;1.222;1.222;-9010311;FaCellitate
18;29;1257;888;0.678;0.678;-9471109;FaCellitate
18;30;1237;907;9.352;9.352;-9271950;FaCellitate
18;31;1232;905;1.826;1.826;-8947587;FaCellitate
18;32;1228;905;1.356;1.356;-7760762;FaCellitate
18;33;1220;899;3.390;3.390;-8419973;FaCellitate
18;34;1209;897;3.790;3.790;-9143690;FaCellitate
18;35;1209;897;0.000;0.000;-9206158;FaCellitate
18;36;1211;891;2.144;2.144;-8289667;FaCellitate
18;37;1209;886;1.826;1.826;-8817791;FaCellitate
18;38;1199;882;3.651;3.651;-7835259;FaCellitate
18;39;1192;878;2.733;2.733;-9602968;FaCellitate
18;40;1188;874;1.918;1.918;-9079184;FaCellitate
18;41;1174;872;4.794;4.794;-9541777;FaCellitate
18;42;1167;872;2.373;2.373;-8157569;FaCellitate
18;43;1161;863;3.667;3.667;-9405077;FaCellitate
18;44;1151;861;3.457;3.457;-9340315;FaCellitate
18;45;1148;855;2.274;2.274;-8944013;FaCellitate
18;46;1136;847;4.889;4.889;-9935534;FaCellitate
18;47;1138;847;0.678;0.678;-10000815;FaCellitate
18;48;1132;840;3.125;3.125;-10002079;FaCellitate
18;49;1123;832;4.082;4.082;-7761281;FaCellitate
18;50;1123;834;0.678;0.678;-9150340;FaCellitate
18;51;1113;821;5.560;5.560;-9208978;FaCellitate
18;52;1104;821;3.051;3.051;-9538972;FaCellitate
18;53;1094;819;3.457;3.457;-9078659;FaCellitate
18;54;1088;817;2.144;2.144;-9474979;FaCellitate
18;55;1088;826;3.051;3.051;-8547473;FaCellitate
18;56;1088;823;1.017;1.017;-9010067;FaCellitate
18;57;1088;819;1.356;1.356;-8484753;FaCellitate
18;58;1075;821;4.459;4.459;-7366271;FaCellitate
18;59;1069;821;2.034;2.034;-9144188;FaCellitate
18;60;1060;821;3.051;3.051;-9800088;FaCellitate
18;61;1050;823;3.457;3.457;-8154761;FaCellitate
18;62;1037;823;4.407;4.407;-9932434;FaCellitate
18;63;1025;819;4.288;4.288;-8814472;FaCellitate
18;64;1012;815;4.611;4.611;-8875385;FaCellitate
18;65;1002;815;3.390;3.390;-9730181;FaCellitate
18;66;998;809;2.445;2.445;-9864363;FaCellitate
18;67;993;800;3.490;3.490;-8942467;FaCellitate
18;68;989;794;2.445;2.445;-8157054;FaCellitate
18;69;981;790;3.032;3.032;-7893619;FaCellitate
18;70;983;786;1.516;1.516;-9144189;FaCellitate
18;71;972;782;3.968;3.968;-9339527;FaCellitate
18;72;968;775;2.733;2.733;-8814735;FaCellitate
18;73;964;769;2.445;2.445;-10323358;FaCellitate
18;74;964;763;2.034;2.034;-9602194;FaCellitate
18;75;958;758;2.648;2.648;-8944251;FaCellitate
18;76;958;752;2.034;2.034;-8816515;FaCellitate
18;77;956;750;0.959;0.959;-7895185;FaCellitate
18;78;958;746;1.516;1.516;-8358525;FaCellitate
18;79;958;742;1.356;1.356;-9601426;FaCellitate
18;80;958;731;3.729;3.729;-9336712;FaCellitate
18;81;968;735;3.651;3.651;-8548728;FaCellitate
18;82;968;731;1.356;1.356;-8550530;FaCellitate
18;83;972;727;1.918;1.918;-9145990;FaCellitate
18;84;972;723;1.356;1.356;-8812690;FaCellitate
18;85;972;721;0.678;0.678;-9008537;FaCellitate
18;86;972;719;0.678;0.678;-8159364;FaCellitate
18;87;962;696;8.502;8.502;-9073014;FaCellitate
18;88;958;691;2.171;2.171;-11309993;FaCellitate
18;89;964;685;2.877;2.877;-9664666;FaCellitate
18;90;966;685;0.678;0.678;-9866408;FaCellitate
18;91;966;683;0.678;0.678;-10529177;FaCellitate
18;92;962;677;2.445;2.445;-9738644;FaCellitate
18;93;962;679;0.678;0.678;-9601167;FaCellitate
18;94;953;675;3.339;3.339;-9469329;FaCellitate
18;95;958;664;4.096;4.096;-10060188;FaCellitate
18;96;949;660;3.339;3.339;-8813442;FaCellitate
18;97;941;649;4.611;4.611;-9334155;FaCellitate
18;98;941;647;0.678;0.678;-8353153;FaCellitate
18;99;922;639;6.989;6.989;-9404566;FaCellitate
18;100;916;631;3.390;3.390;-9077125;FaCellitate
18;101;912;622;3.339;3.339;-9599627;FaCellitate
18;102;909;618;1.695;1.695;-10587810;FaCellitate
18;103;909;620;0.678;0.678;-10391194;FaCellitate
18;104;907;622;0.959;0.959;-10061969;FaCellitate
18;105;907;622;0.000;0.000;-10129300;FaCellitate
18;106;897;620;3.457;3.457;-9073540;FaCellitate
18;107;897;622;0.678;0.678;-9141392;FaCellitate
18;108;895;628;2.144;2.144;-10125454;FaCellitate
18;109;897;628;0.678;0.678;-9731210;FaCellitate
18;110;895;628;0.678;0.678;-9077117;FaCellitate
18;111;893;633;1.826;1.826;-9406868;FaCellitate
18;112;888;639;2.648;2.648;-9866382;FaCellitate
18;113;886;641;0.959;0.959;-9531777;FaCellitate
18;114;888;652;3.790;3.790;-8613506;FaCellitate
18;115;878;649;3.539;3.539;-9667722;FaCellitate
18;116;878;647;0.678;0.678;-9269640;FaCellitate
18;117;874;649;1.516;1.516;-9995155;FaCellitate
18;118;872;652;1.222;1.222;-10387359;FaCellitate
18;119;870;654;0.959;0.959;-10133915;FaCellitate
18;120;859;654;3.729;3.729;-7894397;FaCellitate
18;121;857;649;1.826;1.826;-6781075;FaCellitate
18;122;853;647;1.516;1.516;-9209238;FaCellitate
18;123;851;643;1.516;1.516;-8352640;FaCellitate
18;124;836;624;8.206;8.206;-9602958;FaCellitate
18;125;834;620;1.516;1.516;-8093330;FaCellitate
18;126;830;614;2.445;2.445;-8945808;FaCellitate
18;127;823;605;3.865;3.865;-8349827;FaCellitate
18;128;823;601;1.356;1.356;-10061467;FaCellitate
18;129;826;605;1.695;1.695;-10388121;FaCellitate
18;130;821;599;2.648;2.648;-8810630;FaCellitate
18;131;828;601;2.468;2.468;-9205152;FaCellitate
18;132;832;601;1.356;1.356;-8684675;FaCellitate
18;133;830;595;2.144;2.144;-8746119;FaCellitate
18;134;823;593;2.468;2.468;-8945030;FaCellitate
18;135;823;591;0.678;0.678;-9480588;FaCellitate
18;136;817;584;3.125;3.125;-8878475;FaCellitate
18;137;813;584;1.356;1.356;-8620422;FaCellitate
18;138;809;582;1.516;1.516;-9275783;FaCellitate
18;139;796;587;4.722;4.722;-9471121;FaCellitate
19;2;1513;995;3.125;3.125;-8156025;FaCellitate
19;3;1507;991;2.445;2.445;-9545601;FaCellitate
19;4;1507;991;0.000;0.000;-8624248;FaCellitate
19;5;1505;987;1.516;1.516;-11057825;FaCellitate
19;6;1507;981;2.144;2.144;-9214604;FaCellitate
19;7;1505;979;0.959;0.959;-8296314;FaCellitate
19;8;1503;972;2.468;2.468;-9878694;FaCellitate
19;9;1499;968;1.918;1.918;-10655407;FaCellitate
19;10;1494;964;2.171;2.171;-9672336;FaCellitate
19;11;1492;962;0.959;0.959;-10007443;FaCellitate
19;12;1490;958;1.516;1.516;-9611670;FaCellitate
19;13;1494;958;1.356;1.356;-8031611;FaCellitate
19;14;1492;951;2.468;2.468;-10075031;FaCellitate
19;15;1492;947;1.356;1.356;-10401688;FaCellitate
19;16;1490;939;2.795;2.795;-9347710;FaCellitate
19;17;1488;933;2.144;2.144;-9873302;FaCellitate
19;18;1486;933;0.678;0.678;-10598556;FaCellitate
19;19;1486;926;2.373;2.373;-11254687;FaCellitate
19;20;1486;926;0.000;0.000;-11191196;FaCellitate
19;21;1486;924;0.678;0.678;-10531493;FaCellitate
19;22;1490;922;1.516;1.516;-9343644;FaCellitate
19;23;1490;924;0.678;0.678;-10861464;FaCellitate
19;24;1490;924;0.000;0.000;-9008513;FaCellitate
19;25;1490;924;0.000;0.000;-9076873;FaCellitate
19;26;1482;930;3.390;3.390;-8486035;FaCellitate
19;27;1488;933;2.274;2.274;-8490378;FaCellitate
19;28;1484;935;1.516;1.516;-9547159;FaCellitate
19;29;1480;933;1.516;1.516;-10928527;FaCellitate
19;30;1480;935;0.678;0.678;-9942670;FaCellitate
19;31;1476;930;2.171;2.171;-10073218;FaCellitate
19;32;1476;926;1.356;1.356;-10985623;FaCellitate
19;33;1471;926;1.695;1.695;-9403796;FaCellitate
19;34;1469;924;0.959;0.959;-9338531;FaCellitate
19;35;1469;922;0.678;0.678;-8812932;FaCellitate
19;36;1469;920;0.678;0.678;-9339022;FaCellitate
19;37;1467;916;1.516;1.516;-9798277;FaCellitate
19;38;1463;914;1.516;1.516;-9929354;FaCellitate
19;39;1463;914;0.000;0.000;-9993866;FaCellitate
19;40;1463;914;0.000;0.000;-9072254;FaCellitate
19;41;1463;914;0.000;0.000;-9402264;FaCellitate
19;42;1463;914;0.000;0.000;-9465992;FaCellitate
19;43;1463;914;0.000;0.000;-9397644;FaCellitate
19;44;1463;914;0.000;0.000;-9009559;FaCellitate
19;45;1459;916;1.516;1.516;-10988437;FaCellitate
19;46;1459;916;0.000;0.000;-9340048;FaCellitate
19;47;1463;916;1.356;1.356;-9021073;FaCellitate
19;48;1467;914;1.516;1.516;-9141647;FaCellitate
19;49;1467;914;0.000;0.000;-9474195;FaCellitate
19;50;1467;914;0.000;0.000;-10137738;FaCellitate
19;51;1467;914;0.000;0.000;-10519179;FaCellitate
19;52;1467;918;1.356;1.356;-9665420;FaCellitate
19;53;1467;916;0.678;0.678;-9730184;FaCellitate
19;54;1467;918;0.678;0.678;-8747911;FaCellitate
19;55;1471;920;1.516;1.516;-9269391;FaCellitate
19;56;1471;920;0.000;0.000;-9599878;FaCellitate
19;57;1471;920;0.000;0.000;-9938342;FaCellitate
19;58;1476;922;1.826;1.826;-8422783;FaCellitate
19;59;1476;922;0.000;0.000;-9938827;FaCellitate
19;60;1478;920;0.959;0.959;-9863048;FaCellitate
19;61;1478;918;0.678;0.678;-10389404;FaCellitate
19;62;1478;916;0.678;0.678;-9798295;FaCellitate
19;63;1478;916;0.000;0.000;-10584722;FaCellitate
19;64;1478;920;1.356;1.356;-11051669;FaCellitate
19;65;1478;920;0.000;0.000;-10192021;FaCellitate
19;66;1478;918;0.678;0.678;-9795985;FaCellitate
19;67;1476;918;0.678;0.678;-11835293;FaCellitate
19;68;1476;920;0.678;0.678;-10263697;FaCellitate
19;69;1476;920;0.000;0.000;-10327719;FaCellitate
19;70;1476;920;0.000;0.000;-8942734;FaCellitate
19;71;1469;918;2.468;2.468;-9672336;FaCellitate
19;72;1471;918;0.678;0.678;-11113880;FaCellitate
19;73;1473;922;1.516;1.516;-7966332;FaCellitate
19;74;1476;918;1.695;1.695;-9218443;FaCellitate
19;75;1476;914;1.356;1.356;-10127513;FaCellitate
19;76;1469;909;2.916;2.916;-8878996;FaCellitate
19;77;1471;914;1.826;1.826;-9271701;FaCellitate
19;78;1473;914;0.678;0.678;-8814222;FaCellitate
19;79;1476;912;1.222;1.222;-9598357;FaCellitate
19;80;1476;912;0.000;0.000;-9797255;FaCellitate
19;81;1478;916;1.516;1.516;-8881051;FaCellitate
19;82;1480;918;0.959;0.959;-9007760;FaCellitate
19;83;1482;920;0.959;0.959;-10324623;FaCellitate
19;84;1480;924;1.516;1.516;-9343110;FaCellitate
19;85;1473;924;2.373;2.373;-10062221;FaCellitate
19;86;1476;924;1.017;1.017;-8416901;FaCellitate
19;87;1476;926;0.678;0.678;-8090246;FaCellitate
19;88;1476;926;0.000;0.000;-9338522;FaCellitate
19;89;1476;922;1.356;1.356;-8810127;FaCellitate
19;90;1476;924;0.678;0.678;-7830156;FaCellitate
19;91;1482;920;2.445;2.445;-8814985;FaCellitate
19;92;1499;914;6.111;6.111;-11120534;FaCellitate
19;93;1501;909;1.826;1.826;-9601929;FaCellitate
19;94;1503;909;0.678;0.678;-9211532;FaCellitate
19;95;1511;905;3.032;3.032;-9865353;FaCellitate
19;96;1511;899;2.034;2.034;-8553342;FaCellitate
19;97;1505;901;2.144;2.144;-8615802;FaCellitate
19;98;1490;891;6.111;6.111;-9017969;FaCellitate
19;99;1494;891;1.356;1.356;-8025219;FaCellitate
19;100;1494;891;0.000;0.000;-7895423;FaCellitate
19;101;1497;891;1.017;1.017;-7890802;FaCellitate
19;102;1497;891;0.000;0.000;-8034182;FaCellitate
19;103;1499;886;1.826;1.826;-10981029;FaCellitate
19;104;1501;888;0.959;0.959;-9861516;FaCellitate
19;105;1499;893;1.826;1.826;-11508897;FaCellitate
19;106;1501;897;1.516;1.516;-8284790;FaCellitate
19;107;1505;903;2.445;2.445;-10390416;FaCellitate
19;108;1499;901;2.144;2.144;-9140373;FaCellitate
19;109;1497;905;1.516;1.516;-9073029;FaCellitate
19;110;1492;912;2.916;2.916;-8748425;FaCellitate
19;111;1492;909;1.017;1.017;-9074571;FaCellitate
19;112;1486;909;2.034;2.034;-8819587;FaCellitate
19;113;1482;912;1.695;1.695;-9141378;FaCellitate
19;114;1482;912;0.000;0.000;-8155520;FaCellitate
19;115;1488;909;2.274;2.274;-8879762;FaCellitate
19;116;1490;914;1.826;1.826;-8228981;FaCellitate
19;117;1490;914;0.000;0.000;-8821410;FaCellitate
19;118;1492;907;2.468;2.468;-9803410;FaCellitate
19;119;1501;905;3.125;3.125;-9732755;FaCellitate
19;120;1503;907;0.959;0.959;-9537163;FaCellitate
19;121;1509;903;2.445;2.445;-10256258;FaCellitate
19;122;1509;903;0.000;0.000;-10915738;FaCellitate
19;123;1509;901;0.678;0.678;-9734786;FaCellitate
19;124;1503;903;2.144;2.144;-10450067;FaCellitate
19;125;1505;899;1.516;1.516;-10060437;FaCellitate
19;126;1505;901;0.678;0.678;-9204099;FaCellitate
19;127;1492;905;4.611;4.611;-9271699;FaCellitate
19;128;1494;905;0.678;0.678;-9861018;FaCellitate
19;129;1494;905;0.000;0.000;-9990541;FaCellitate
19;130;1494;905;0.000;0.000;-10389915;FaCellitate
19;131;1490;903;1.516;1.516;-9468049;FaCellitate
19;132;1490;905;0.678;0.678;-11047330;FaCellitate
19;133;1492;909;1.516;1.516;-10790553;FaCellitate
19;134;1484;914;3.198;3.198;-9793690;FaCellitate
19;135;1482;907;2.468;2.468;-10060184;FaCellitate
19;136;1482;912;1.695;1.695;-10125452;FaCellitate
19;137;1482;907;1.695;1.695;-9271172;FaCellitate
19;138;1482;912;1.695;1.695;-10647693;FaCellitate
19;139;1482;909;1.017;1.017;-11772585;FaCellitate
20;2;1622;1224;0.000;0.000;-11967143;FaCellitate
20;3;1620;1220;1.516;1.516;-9406365;FaCellitate
20;4;1612;1213;3.604;3.604;-10852512;FaCellitate
20;5;1612;1209;1.356;1.356;-11249064;FaCellitate
20;6;1610;1205;1.516;1.516;-9864347;FaCellitate
20;7;1603;1195;4.138;4.138;-13090498;FaCellitate
20;8;1603;1186;3.051;3.051;-9405340;FaCellitate
20;9;1599;1180;2.445;2.445;-10981026;FaCellitate
20;10;1601;1169;3.790;3.790;-11117740;FaCellitate
20;11;1595;1161;3.390;3.390;-10063256;FaCellitate
20;12;1599;1157;1.918;1.918;-7759238;FaCellitate
20;13;1595;1153;1.918;1.918;-8286595;FaCellitate
20;14;1591;1144;3.339;3.339;-10067611;FaCellitate
20;15;1587;1148;1.918;1.918;-10390691;FaCellitate
20;16;1585;1144;1.516;1.516;-10196625;FaCellitate
20;17;1582;1132;4.193;4.193;-9734819;FaCellitate
20;18;1578;1127;2.171;2.171;-8940426;FaCellitate
20;19;1574;1121;2.445;2.445;-11051158;FaCellitate
20;20;1574;1111;3.390;3.390;-10459550;FaCellitate
20;21;1572;1113;0.959;0.959;-9805193;FaCellitate
20;22;1570;1125;4.124;4.124;-8557954;FaCellitate
20;23;1564;1115;3.953;3.953;-7891829;FaCellitate
20;24;1570;1113;2.144;2.144;-9138809;FaCellitate
20;25;1564;1113;2.034;2.034;-9213064;FaCellitate
20;26;1561;1111;1.222;1.222;-11313574;FaCellitate
20;27;1561;1109;0.678;0.678;-10389653;FaCellitate
20;28;1557;1109;1.356;1.356;-8283777;FaCellitate
20;29;1543;1109;4.746;4.746;-9016453;FaCellitate
20;30;1543;1102;2.373;2.373;-8418182;FaCellitate
20;31;1534;1098;3.339;3.339;-8682115;FaCellitate
20;32;1522;1094;4.288;4.288;-9669531;FaCellitate
20;33;1526;1094;1.356;1.356;-9602196;FaCellitate
20;34;1530;1083;3.968;3.968;-10198157;FaCellitate
20;35;1538;1075;3.835;3.835;-9337227;FaCellitate
20;36;1532;1069;2.877;2.877;-9533339;FaCellitate
20;37;1526;1056;4.854;4.854;-9538456;FaCellitate
20;38;1528;1052;1.516;1.516;-10261138;FaCellitate
20;39;1524;1046;2.445;2.445;-10723496;FaCellitate
20;40;1522;1042;1.516;1.516;-8684685;FaCellitate
20;41;1524;1033;3.125;3.125;-9277578;FaCellitate
20;42;1524;1033;0.000;0.000;-9930385;FaCellitate
20;43;1511;1016;7.255;7.255;-7889017;FaCellitate
20;44;1511;1016;0.000;0.000;-9666208;FaCellitate
20;45;1511;1014;0.678;0.678;-9536663;FaCellitate
20;46;1509;1014;0.678;0.678;-9279108;FaCellitate
20;47;1501;1006;3.835;3.835;-9602715;FaCellitate
20;48;1501;998;2.712;2.712;-11243680;FaCellitate
20;49;1497;998;1.356;1.356;-10390166;FaCellitate
20;50;1484;993;4.722;4.722;-11845551;FaCellitate
20;51;1488;1000;2.733;2.733;-12501172;FaCellitate
20;52;1492;1002;1.516;1.516;-11182239;FaCellitate
20;53;1494;1004;0.959;0.959;-9667497;FaCellitate
20;54;1492;1002;0.959;0.959;-9469332;FaCellitate
20;55;1484;1004;2.795;2.795;-10522530;FaCellitate
20;56;1484;1002;0.678;0.678;-10260639;FaCellitate
20;57;1482;1000;0.959;0.959;-10783145;FaCellitate
20;58;1482;1002;0.678;0.678;-9337726;FaCellitate
20;59;1480;1002;0.678;0.678;-9533333;FaCellitate
20;60;1482;1002;0.678;0.678;-9274771;FaCellitate
20;61;1467;1002;5.085;5.085;-10199983;FaCellitate
20;62;1469;1004;0.959;0.959;-10198178;FaCellitate
20;63;1478;1000;3.339;3.339;-9075350;FaCellitate
20;64;1476;991;3.125;3.125;-9994636;FaCellitate
20;65;1467;983;4.082;4.082;-10193804;FaCellitate
20;66;1455;983;4.068;4.068;-10261397;FaCellitate
20;67;1459;979;1.918;1.918;-10987671;FaCellitate
20;68;1459;983;1.356;1.356;-9011599;FaCellitate
20;69;1459;985;0.678;0.678;-8286105;FaCellitate
20;70;1455;981;1.918;1.918;-9142154;FaCellitate
20;71;1457;985;1.516;1.516;-10003861;FaCellitate
20;72;1450;985;2.373;2.373;-9734819;FaCellitate
20;73;1446;987;1.516;1.516;-10525854;FaCellitate
20;74;1448;985;0.959;0.959;-9273754;FaCellitate
20;75;1444;981;1.918;1.918;-8684176;FaCellitate
20;76;1448;981;1.356;1.356;-10268046;FaCellitate
20;77;1442;981;2.034;2.034;-9998243;FaCellitate
20;78;1442;979;0.678;0.678;-8879744;FaCellitate
20;79;1442;985;2.034;2.034;-8354423;FaCellitate
20;80;1440;981;1.516;1.516;-7434097;FaCellitate
20;81;1425;974;5.611;5.611;-8091511;FaCellitate
20;82;1404;970;7.247;7.247;-8682367;FaCellitate
20;83;1398;972;2.144;2.144;-9797012;FaCellitate
20;84;1396;974;0.959;0.959;-10060448;FaCellitate
20;85;1390;968;2.877;2.877;-10259873;FaCellitate
20;86;1387;956;4.193;4.193;-9994906;FaCellitate
20;87;1379;953;2.896;2.896;-9536411;FaCellitate
20;88;1383;958;2.171;2.171;-9469842;FaCellitate
20;89;1375;945;5.175;5.175;-9799049;FaCellitate
20;90;1375;941;1.356;1.356;-8227988;FaCellitate
20;91;1373;939;0.959;0.959;-9798807;FaCellitate
20;92;1369;941;1.516;1.516;-10524309;FaCellitate
20;93;1373;939;1.516;1.516;-9732753;FaCellitate
20;94;1369;933;2.445;2.445;-10328989;FaCellitate
20;95;1364;920;4.722;4.722;-9863068;FaCellitate
20;96;1371;907;5.005;5.005;-9737104;FaCellitate
20;97;1369;903;1.516;1.516;-7898485;FaCellitate
20;98;1360;901;3.125;3.125;-7957874;FaCellitate
20;99;1356;907;2.445;2.445;-8092279;FaCellitate
20;100;1356;912;1.695;1.695;-8684669;FaCellitate
20;101;1350;903;3.667;3.667;-7829877;FaCellitate
20;102;1350;905;0.678;0.678;-9484185;FaCellitate
20;103;1350;903;0.678;0.678;-9679508;FaCellitate
20;104;1348;901;0.959;0.959;-9537415;FaCellitate
20;105;1354;884;6.111;6.111;-8615301;FaCellitate
20;106;1354;888;1.356;1.356;-7764086;FaCellitate
20;107;1352;888;0.678;0.678;-8032378;FaCellitate
20;108;1341;895;4.420;4.420;-10528926;FaCellitate
20;109;1339;891;1.516;1.516;-7314056;FaCellitate
20;110;1333;899;3.390;3.390;-8288641;FaCellitate
20;111;1331;903;1.516;1.516;-6516341;FaCellitate
20;112;1322;918;5.930;5.930;-11840429;FaCellitate
20;113;1322;922;1.356;1.356;-10195347;FaCellitate
20;114;1322;926;1.356;1.356;-9796489;FaCellitate
20;115;1322;920;2.034;2.034;-10926243;FaCellitate
20;116;1329;922;2.468;2.468;-11312288;FaCellitate
20;117;1322;916;3.125;3.125;-11115433;FaCellitate
20;118;1322;920;1.356;1.356;-11120296;FaCellitate
20;119;1322;924;1.356;1.356;-11375521;FaCellitate
20;120;1325;920;1.695;1.695;-10263450;FaCellitate
20;121;1325;924;1.356;1.356;-11833770;FaCellitate
20;122;1325;918;2.034;2.034;-9862029;FaCellitate
20;123;1325;914;1.356;1.356;-10267043;FaCellitate
20;124;1322;903;3.865;3.865;-11702955;FaCellitate
20;125;1316;895;3.390;3.390;-11515557;FaCellitate
20;126;1316;888;2.373;2.373;-10063499;FaCellitate
20;127;1316;884;1.356;1.356;-11643555;FaCellitate
20;128;1310;882;2.144;2.144;-8613492;FaCellitate
20;129;1308;876;2.144;2.144;-9929366;FaCellitate
20;130;1308;870;2.034;2.034;-11781024;FaCellitate
20;131;1314;868;2.144;2.144;-9466244;FaCellitate
20;132;1316;868;0.678;0.678;-9468811;FaCellitate
20;133;1316;868;0.000;0.000;-9406104;FaCellitate
20;134;1310;865;2.274;2.274;-10199708;FaCellitate
20;135;1302;863;2.795;2.795;-10190994;FaCellitate
20;136;1295;863;2.373;2.373;-10989464;FaCellitate
20;137;1299;861;1.516;1.516;-11047322;FaCellitate
20;138;1299;857;1.356;1.356;-11245990;FaCellitate
20;139;1297;853;1.516;1.516;-11638430;FaCellitate
21;2;2144;1819;0.678;0.678;-11712946;FaCellitate
21;3;2144;1817;0.678;0.678;-11444382;FaCellitate
21;4;2149;1815;1.826;1.826;-11050933;FaCellitate
21;5;2149;1815;0.000;0.000;-11179423;FaCellitate
21;6;2149;1815;0.000;0.000;-12954290;FaCellitate
21;7;2149;1815;0.000;0.000;-12625838;FaCellitate
21;8;2149;1815;0.000;0.000;-10588826;FaCellitate
21;9;2149;1815;0.000;0.000;-10918567;FaCellitate
21;10;2149;1815;0.000;0.000;-10455710;FaCellitate
21;11;2149;1815;0.000;0.000;-11972535;FaCellitate
21;12;2142;1813;2.468;2.468;-10790055;FaCellitate
21;13;2138;1811;1.516;1.516;-11516573;FaCellitate
21;14;2136;1803;2.795;2.795;-11570845;FaCellitate
21;15;2128;1801;2.795;2.795;-9995673;FaCellitate
21;16;2119;1801;3.051;3.051;-11113377;FaCellitate
21;17;2115;1798;1.695;1.695;-9802932;FaCellitate
21;18;2105;1798;3.390;3.390;-9409457;FaCellitate
21;19;2098;1803;2.916;2.916;-12372668;FaCellitate
21;20;2102;1796;2.733;2.733;-10074282;FaCellitate
21;21;2100;1792;1.516;1.516;-10065837;FaCellitate
21;22;2098;1777;5.130;5.130;-12494250;FaCellitate
21;23;2100;1777;0.678;0.678;-11910575;FaCellitate
21;24;2096;1771;2.445;2.445;-13943240;FaCellitate
21;25;2096;1771;0.000;0.000;-13348547;FaCellitate
21;26;2096;1771;0.000;0.000;-11178390;FaCellitate
21;27;2092;1769;1.516;1.516;-12890298;FaCellitate
21;28;2092;1775;2.034;2.034;-11512762;FaCellitate
21;29;2075;1780;6.007;6.007;-12699079;FaCellitate
21;30;2075;1782;0.678;0.678;-10532271;FaCellitate
21;31;2079;1782;1.356;1.356;-9678243;FaCellitate
21;32;2073;1782;2.034;2.034;-10663849;FaCellitate
21;33;2073;1782;0.000;0.000;-10071963;FaCellitate
21;34;2073;1782;0.000;0.000;-10795431;FaCellitate
21;35;2075;1777;1.826;1.826;-12303801;FaCellitate
21;36;2079;1775;1.516;1.516;-11057061;FaCellitate
21;37;2081;1773;0.959;0.959;-11715759;FaCellitate
21;38;2084;1769;1.695;1.695;-12632257;FaCellitate
21;39;2086;1765;1.516;1.516;-11841209;FaCellitate
21;40;2092;1763;2.144;2.144;-12303292;FaCellitate
21;41;2094;1761;0.959;0.959;-13093309;FaCellitate
21;42;2098;1756;2.171;2.171;-13419463;FaCellitate
21;43;2098;1754;0.678;0.678;-11575984;FaCellitate
21;44;2100;1754;0.678;0.678;-12571856;FaCellitate
21;45;2102;1754;0.678;0.678;-11393213;FaCellitate
21;46;2100;1756;0.959;0.959;-12438450;FaCellitate
21;47;2100;1756;0.000;0.000;-12372157;FaCellitate
21;48;2098;1754;0.959;0.959;-11847605;FaCellitate
21;49;2098;1754;0.000;0.000;-11322539;FaCellitate
21;50;2098;1754;0.000;0.000;-11390393;FaCellitate
21;51;2102;1748;2.445;2.445;-13160382;FaCellitate
21;52;2096;1750;2.144;2.144;-12632506;FaCellitate
21;53;2088;1746;3.032;3.032;-12432067;FaCellitate
21;54;2084;1748;1.516;1.516;-11773373;FaCellitate
21;55;2092;1752;3.032;3.032;-11309473;FaCellitate
21;56;2090;1756;1.516;1.516;-10983847;FaCellitate
21;57;2090;1756;0.000;0.000;-11639721;FaCellitate
21;58;2090;1756;0.000;0.000;-11310764;FaCellitate
21;59;2090;1756;0.000;0.000;-12229286;FaCellitate
21;60;2096;1759;2.274;2.274;-11839930;FaCellitate
21;61;2096;1759;0.000;0.000;-11316897;FaCellitate
21;62;2096;1759;0.000;0.000;-11515817;FaCellitate
21;63;2092;1752;2.733;2.733;-13940935;FaCellitate
21;64;2094;1754;0.959;0.959;-10393250;FaCellitate
21;65;2094;1754;0.000;0.000;-12829374;FaCellitate
21;66;2092;1750;1.516;1.516;-14335440;FaCellitate
21;67;2092;1748;0.678;0.678;-13545150;FaCellitate
21;68;2094;1754;2.144;2.144;-12040882;FaCellitate
21;69;2094;1754;0.000;0.000;-11711414;FaCellitate
21;70;2094;1750;1.356;1.356;-12887467;FaCellitate
21;71;2094;1750;0.000;0.000;-12033966;FaCellitate
21;72;2094;1748;0.678;0.678;-13215657;FaCellitate
21;73;2096;1752;1.516;1.516;-12435381;FaCellitate
21;74;2090;1750;2.144;2.144;-12165037;FaCellitate
21;75;2092;1746;1.516;1.516;-12234953;FaCellitate
21;76;2090;1748;0.959;0.959;-13480897;FaCellitate
21;77;2088;1748;0.678;0.678;-13285826;FaCellitate
21;78;2088;1748;0.000;0.000;-13741750;FaCellitate
21;79;2088;1748;0.000;0.000;-12097700;FaCellitate
21;80;2088;1748;0.000;0.000;-12622766;FaCellitate
21;81;2086;1750;0.959;0.959;-11638440;FaCellitate
21;82;2090;1750;1.356;1.356;-11573414;FaCellitate
21;83;2090;1750;0.000;0.000;-11048872;FaCellitate
21;84;2090;1748;0.678;0.678;-11242144;FaCellitate
21;85;2086;1750;1.516;1.516;-10982050;FaCellitate
21;86;2086;1750;0.000;0.000;-10719632;FaCellitate
21;87;2088;1748;0.959;0.959;-12227507;FaCellitate
21;88;2086;1748;0.678;0.678;-12625584;FaCellitate
21;89;2084;1748;0.678;0.678;-12886967;FaCellitate
21;90;2084;1748;0.000;0.000;-13806252;FaCellitate
21;91;2086;1750;0.959;0.959;-11642282;FaCellitate
21;92;2092;1744;2.877;2.877;-13151417;FaCellitate
21;93;2090;1748;1.516;1.516;-10917803;FaCellitate
21;94;2090;1748;0.000;0.000;-11840696;FaCellitate
21;95;2086;1746;1.516;1.516;-14270687;FaCellitate
21;96;2081;1746;1.695;1.695;-11378867;FaCellitate
21;97;2084;1746;1.017;1.017;-13742274;FaCellitate
21;98;2084;1746;0.000;0.000;-13807289;FaCellitate
21;99;2084;1746;0.000;0.000;-13808069;FaCellitate
21;100;2084;1744;0.678;0.678;-10063270;FaCellitate
21;101;2084;1744;0.000;0.000;-11116197;FaCellitate
21;102;2084;1744;0.000;0.000;-9604265;FaCellitate
21;103;2084;1744;0.000;0.000;-11772611;FaCellitate
21;104;2084;1744;0.000;0.000;-9538724;FaCellitate
21;105;2084;1744;0.000;0.000;-9145489;FaCellitate
21;106;2084;1744;0.000;0.000;-8356215;FaCellitate
21;107;2084;1744;0.000;0.000;-8552313;FaCellitate
21;108;2084;1744;0.000;0.000;-8292205;FaCellitate
21;109;2084;1744;0.000;0.000;-9012862;FaCellitate
21;110;2073;1759;6.306;6.306;-8227200;FaCellitate
21;111;2075;1765;2.144;2.144;-8685966;FaCellitate
21;112;2075;1769;1.356;1.356;-10984100;FaCellitate
21;113;2075;1771;0.678;0.678;-14006212;FaCellitate
21;114;2071;1777;2.445;2.445;-11111837;FaCellitate
21;115;2063;1786;4.082;4.082;-10461866;FaCellitate
21;116;2063;1784;0.678;0.678;-11118515;FaCellitate
21;117;2058;1784;1.695;1.695;-11837359;FaCellitate
21;118;2054;1788;1.918;1.918;-12369337;FaCellitate
21;119;2054;1784;1.356;1.356;-12564419;FaCellitate
21;120;2054;1782;0.678;0.678;-12231078;FaCellitate
21;121;2056;1780;0.959;0.959;-12163996;FaCellitate
21;122;2058;1777;1.222;1.222;-13939898;FaCellitate
21;123;2058;1773;1.356;1.356;-12825286;FaCellitate
21;124;2054;1775;1.516;1.516;-13875394;FaCellitate
21;125;2054;1773;0.678;0.678;-12163495;FaCellitate
21;126;2054;1777;1.356;1.356;-9017253;FaCellitate
21;127;2050;1773;1.918;1.918;-9280664;FaCellitate
21;128;2046;1767;2.445;2.445;-12958403;FaCellitate
21;129;2042;1769;1.516;1.516;-11583154;FaCellitate
21;130;2037;1765;2.171;2.171;-11518629;FaCellitate
21;131;2035;1759;2.144;2.144;-10860958;FaCellitate
21;132;2025;1756;3.539;3.539;-11454638;FaCellitate
21;133;2016;1744;5.085;5.085;-12823741;FaCellitate
21;134;2014;1738;2.144;2.144;-12164776;FaCellitate
21;135;2014;1733;1.695;1.695;-10662826;FaCellitate
21;136;2012;1729;1.516;1.516;-10072999;FaCellitate
21;137;2002;1729;3.390;3.390;-10994863;FaCellitate
21;138;2004;1725;1.516;1.516;-11976110;FaCellitate
21;139;2002;1719;2.144;2.144;-11057077;FaCellitate
22;2;989;633;2.445;2.445;-11782326;FaCellitate
22;3;989;633;0.000;0.000;-12573352;FaCellitate
22;4;995;626;3.125;3.125;-11587477;FaCellitate
22;5;1004;626;3.051;3.051;-8815223;FaCellitate
22;6;1002;616;3.457;3.457;-12968882;FaCellitate
22;7;1006;610;2.445;2.445;-11259792;FaCellitate
22;8;1014;610;2.712;2.712;-11849144;FaCellitate
22;9;1018;603;2.733;2.733;-10719379;FaCellitate
22;10;1018;601;0.678;0.678;-10264974;FaCellitate
22;11;1014;599;1.516;1.516;-10532738;FaCellitate
22;12;1018;595;1.918;1.918;-10715018;FaCellitate
22;13;1018;589;2.034;2.034;-11040653;FaCellitate
22;14;1023;578;4.096;4.096;-12966829;FaCellitate
22;15;1031;572;3.390;3.390;-11579294;FaCellitate
22;16;1033;570;0.959;0.959;-12765105;FaCellitate
22;17;1042;563;3.865;3.865;-10066068;FaCellitate
22;18;1046;559;1.918;1.918;-11910038;FaCellitate
22;19;1052;551;3.390;3.390;-10986895;FaCellitate
22;20;1054;547;1.516;1.516;-10857627;FaCellitate
22;21;1054;543;1.356;1.356;-10727581;FaCellitate
22;22;1069;543;5.085;5.085;-12901571;FaCellitate
22;23;1058;534;4.818;4.818;-12501664;FaCellitate
22;24;1069;530;3.968;3.968;-11313048;FaCellitate
22;25;1075;524;2.877;2.877;-10459283;FaCellitate
22;26;1075;519;1.695;1.695;-9403261;FaCellitate
22;27;1079;517;1.516;1.516;-11048849;FaCellitate
22;28;1088;517;3.051;3.051;-9484939;FaCellitate
22;29;1094;511;2.877;2.877;-10854541;FaCellitate
22;30;1098;499;4.288;4.288;-12439231;FaCellitate
22;31;1100;490;3.125;3.125;-10395534;FaCellitate
22;32;1104;484;2.445;2.445;-11774117;FaCellitate
22;33;1111;478;3.125;3.125;-10720400;FaCellitate
22;34;1117;471;3.125;3.125;-9865093;FaCellitate
22;35;1121;469;1.516;1.516;-11247783;FaCellitate
22;36;1136;459;6.111;6.111;-9809801;FaCellitate
22;37;1146;450;4.561;4.561;-11115934;FaCellitate
22;38;1151;448;1.826;1.826;-9615747;FaCellitate
22;39;1157;444;2.445;2.445;-8820087;FaCellitate
22;40;1174;438;6.111;6.111;-10731916;FaCellitate
22;41;1182;429;4.082;4.082;-11586968;FaCellitate
22;42;1186;417;4.288;4.288;-11574167;FaCellitate
22;43;1190;410;2.733;2.733;-10125193;FaCellitate
22;44;1192;406;1.516;1.516;-11046796;FaCellitate
22;45;1197;400;2.648;2.648;-12500144;FaCellitate
22;46;1201;396;1.918;1.918;-12503719;FaCellitate
22;47;1211;389;4.138;4.138;-10585995;FaCellitate
22;48;1216;385;2.171;2.171;-10784661;FaCellitate
22;49;1230;379;5.163;5.163;-10852489;FaCellitate
22;50;1237;369;4.138;4.138;-10521239;FaCellitate
22;51;1243;366;2.274;2.274;-11443102;FaCellitate
22;52;1245;358;2.795;2.795;-11445655;FaCellitate
22;53;1253;354;3.032;3.032;-12301477;FaCellitate
22;54;1255;345;3.125;3.125;-12303531;FaCellitate
22;55;1266;339;4.248;4.248;-11775130;FaCellitate
22;56;1276;335;3.651;3.651;-10127762;FaCellitate
22;57;1278;331;1.516;1.516;-10525327;FaCellitate
22;58;1283;329;1.826;1.826;-11245463;FaCellitate
22;59;1289;329;2.034;2.034;-11126163;FaCellitate
22;60;1297;320;4.082;4.082;-9941648;FaCellitate
22;61;1312;314;5.477;5.477;-10918290;FaCellitate
22;62;1316;306;3.032;3.032;-11251096;FaCellitate
22;63;1335;304;6.477;6.477;-10778509;FaCellitate
22;64;1339;287;5.920;5.920;-10254469;FaCellitate
22;65;1343;285;1.516;1.516;-11243931;FaCellitate
22;66;1352;283;3.125;3.125;-11045274;FaCellitate
22;67;1358;278;2.648;2.648;-11768725;FaCellitate
22;68;1369;280;3.790;3.790;-10253705;FaCellitate
22;69;1377;274;3.390;3.390;-10191247;FaCellitate
22;70;1383;266;3.390;3.390;-10646673;FaCellitate
22;71;1383;259;2.373;2.373;-12032663;FaCellitate
22;72;1392;257;3.125;3.125;-12035230;FaCellitate
22;73;1402;255;3.457;3.457;-11182481;FaCellitate
22;74;1415;249;4.854;4.854;-10322831;FaCellitate
22;75;1421;230;6.755;6.755;-10780308;FaCellitate
22;76;1425;226;1.918;1.918;-10980500;FaCellitate
22;77;1427;226;0.678;0.678;-11447971;FaCellitate
22;78;1440;224;4.459;4.459;-11443355;FaCellitate
22;79;1461;222;7.151;7.151;-11372950;FaCellitate
22;80;1457;215;2.733;2.733;-10914705;FaCellitate
22;81;1469;211;4.288;4.288;-9992077;FaCellitate
22;82;1469;201;3.390;3.390;-10717839;FaCellitate
22;83;1482;192;5.360;5.360;-11900064;FaCellitate
22;84;1494;190;4.124;4.124;-9661819;FaCellitate
22;85;1499;169;7.318;7.318;-11442082;FaCellitate
22;86;1501;161;2.795;2.795;-10779281;FaCellitate
22;87;1511;153;4.341;4.341;-10646406;FaCellitate
22;88;1515;148;2.171;2.171;-10385793;FaCellitate
22;89;1526;144;3.968;3.968;-10454666;FaCellitate
22;90;1530;136;3.032;3.032;-11374480;FaCellitate
22;91;1549;134;6.477;6.477;-10386057;FaCellitate
22;92;1553;132;1.516;1.516;-10916488;FaCellitate
22;93;1557;127;2.171;2.171;-11044761;FaCellitate
22;94;1564;119;3.604;3.604;-10717328;FaCellitate
22;95;1566;121;0.959;0.959;-10916492;FaCellitate
22;96;1578;111;5.295;5.295;-11636114;FaCellitate
22;97;1585;102;3.865;3.865;-10909065;FaCellitate
22;98;1587;96;2.144;2.144;-11309698;FaCellitate
22;99;1599;90;4.548;4.548;-11375769;FaCellitate
22;100;1612;83;5.005;5.005;-11175060;FaCellitate
22;101;1608;81;1.516;1.516;-10782856;FaCellitate
22;102;1618;71;4.794;4.794;-11504275;FaCellitate
22;103;1624;67;2.445;2.445;-12097174;FaCellitate
22;104;1633;67;3.051;3.051;-11045776;FaCellitate
22;105;1643;60;4.138;4.138;-11372942;FaCellitate
22;106;1641;52;2.795;2.795;-12689310;FaCellitate
22;107;1650;52;3.051;3.051;-11506066;FaCellitate
22;108;1658;39;5.175;5.175;-11699864;FaCellitate
22;109;1666;33;3.390;3.390;-10581894;FaCellitate
22;110;1666;39;2.034;2.034;-11311507;FaCellitate
22;111;1675;29;4.561;4.561;-11769749;FaCellitate
22;112;1677;20;3.125;3.125;-11572874;FaCellitate
22;113;1691;18;4.794;4.794;-11835021;FaCellitate
22;114;1698;12;3.125;3.125;-12034191;FaCellitate
23;2;622;941;2.144;2.144;-7971726;FaCellitate
23;3;631;939;3.125;3.125;-12432811;FaCellitate
23;4;631;935;1.356;1.356;-11319459;FaCellitate
23;5;635;933;1.516;1.516;-11190694;FaCellitate
23;6;649;922;6.036;6.036;-11709601;FaCellitate
23;7;658;924;3.125;3.125;-12363947;FaCellitate
23;8;660;918;2.144;2.144;-12164776;FaCellitate
23;9;670;909;4.561;4.561;-10846606;FaCellitate
23;10;675;905;2.171;2.171;-10121604;FaCellitate
23;11;675;907;0.678;0.678;-10985874;FaCellitate
23;12;683;905;2.795;2.795;-10653586;FaCellitate
23;13;683;901;1.356;1.356;-11310746;FaCellitate
23;14;689;897;2.445;2.445;-11308186;FaCellitate
23;15;689;895;0.678;0.678;-10531719;FaCellitate
23;16;691;888;2.468;2.468;-11645603;FaCellitate
23;17;700;895;3.865;3.865;-12296873;FaCellitate
23;18;700;893;0.678;0.678;-11653523;FaCellitate
23;19;706;886;3.125;3.125;-10924960;FaCellitate
23;20;710;888;1.516;1.516;-13290438;FaCellitate
23;21;710;888;0.000;0.000;-12243368;FaCellitate
23;22;721;886;3.790;3.790;-12172468;FaCellitate
23;23;721;886;0.000;0.000;-12440494;FaCellitate
23;24;725;882;1.918;1.918;-12039081;FaCellitate
23;25;727;880;0.959;0.959;-12896937;FaCellitate
23;26;729;876;1.516;1.516;-13031601;FaCellitate
23;27;733;870;2.445;2.445;-12506029;FaCellitate
23;28;740;865;2.916;2.916;-11111567;FaCellitate
23;29;738;865;0.678;0.678;-13752753;FaCellitate
23;30;746;861;3.032;3.032;-10915736;FaCellitate
23;31;748;855;2.144;2.144;-11771807;FaCellitate
23;32;748;851;1.356;1.356;-12574146;FaCellitate
23;33;752;844;2.733;2.733;-11454887;FaCellitate
23;34;758;842;2.144;2.144;-12704446;FaCellitate
23;35;769;836;4.248;4.248;-11521448;FaCellitate
23;36;775;834;2.144;2.144;-11832470;FaCellitate
23;37;775;828;2.034;2.034;-10189705;FaCellitate
23;38;775;821;2.373;2.373;-13227715;FaCellitate
23;39;782;817;2.733;2.733;-12041133;FaCellitate
23;40;784;813;1.516;1.516;-11713966;FaCellitate
23;41;786;815;0.959;0.959;-10918292;FaCellitate
23;42;790;809;2.445;2.445;-11967644;FaCellitate
23;43;790;807;0.678;0.678;-11840662;FaCellitate
23;44;792;800;2.468;2.468;-10662291;FaCellitate
23;45;800;800;2.712;2.712;-12695708;FaCellitate
23;46;805;798;1.826;1.826;-13020594;FaCellitate
23;47;805;796;0.678;0.678;-12307126;FaCellitate
23;48;807;792;1.516;1.516;-12833721;FaCellitate
23;49;813;786;2.877;2.877;-12363683;FaCellitate
23;50;815;786;0.678;0.678;-13296321;FaCellitate
23;51;821;779;3.125;3.125;-11641250;FaCellitate
23;52;823;765;4.794;4.794;-12897462;FaCellitate
23;53;826;763;1.222;1.222;-12303792;FaCellitate
23;54;828;758;1.826;1.826;-13292984;FaCellitate
23;55;832;754;1.918;1.918;-11912358;FaCellitate
23;56;838;750;2.445;2.445;-12041125;FaCellitate
23;57;842;746;1.918;1.918;-12172199;FaCellitate
23;58;847;742;2.171;2.171;-12426917;FaCellitate
23;59;849;738;1.516;1.516;-11966114;FaCellitate
23;60;849;735;1.017;1.017;-12965557;FaCellitate
23;61;853;729;2.445;2.445;-12770239;FaCellitate
23;62;857;723;2.445;2.445;-11125665;FaCellitate
23;63;859;721;0.959;0.959;-12639402;FaCellitate
23;64;863;717;1.918;1.918;-13355952;FaCellitate
23;65;868;710;2.916;2.916;-12901037;FaCellitate
23;66;870;706;1.516;1.516;-11979439;FaCellitate
23;67;874;702;1.918;1.918;-12638140;FaCellitate
23;68;878;700;1.516;1.516;-11916467;FaCellitate
23;69;884;696;2.445;2.445;-11716016;FaCellitate
23;70;888;691;2.171;2.171;-9870734;FaCellitate
23;71;897;685;3.667;3.667;-12178101;FaCellitate
23;72;899;681;1.516;1.516;-9930381;FaCellitate
23;73;903;677;1.918;1.918;-10195344;FaCellitate
23;74;907;673;1.918;1.918;-11051936;FaCellitate
23;75;909;666;2.468;2.468;-10846858;FaCellitate
23;76;916;666;2.373;2.373;-9729916;FaCellitate
23;77;922;660;2.877;2.877;-10519181;FaCellitate
23;78;924;656;1.516;1.516;-10057858;FaCellitate
23;79;937;656;4.407;4.407;-12440743;FaCellitate
23;80;939;652;1.516;1.516;-9993088;FaCellitate
23;81;947;641;4.611;4.611;-10197638;FaCellitate
23;82;951;639;1.516;1.516;-9537153;FaCellitate
23;83;958;635;2.733;2.733;-11520923;FaCellitate
23;84;964;631;2.445;2.445;-11913118;FaCellitate
23;85;970;624;3.125;3.125;-10197890;FaCellitate
23;86;977;620;2.733;2.733;-11252120;FaCellitate
23;87;987;616;3.651;3.651;-11975079;FaCellitate
23;88;993;612;2.445;2.445;-11908757;FaCellitate
23;89;1000;601;4.420;4.420;-12966830;FaCellitate
23;90;1006;591;3.953;3.953;-13225908;FaCellitate
23;91;1006;587;1.356;1.356;-12239005;FaCellitate
23;92;1021;572;7.191;7.191;-11317402;FaCellitate
23;93;1025;566;2.445;2.445;-12178600;FaCellitate
23;94;1033;555;4.611;4.611;-12572333;FaCellitate
23;95;1037;549;2.445;2.445;-12633773;FaCellitate
23;96;1042;540;3.490;3.490;-12243117;FaCellitate
23;97;1050;536;3.032;3.032;-11980964;FaCellitate
23;98;1062;528;4.889;4.889;-12236711;FaCellitate
23;99;1067;524;2.171;2.171;-11451546;FaCellitate
23;100;1071;522;1.516;1.516;-9860481;FaCellitate
23;101;1075;515;2.733;2.733;-10188161;FaCellitate
23;102;1086;511;3.968;3.968;-10846345;FaCellitate
23;103;1098;505;4.548;4.548;-13029301;FaCellitate
23;104;1102;501;1.918;1.918;-12568481;FaCellitate
23;105;1109;496;2.916;2.916;-13156279;FaCellitate
23;106;1115;492;2.445;2.445;-11579030;FaCellitate
23;107;1121;484;3.390;3.390;-11246744;FaCellitate
23;108;1121;478;2.034;2.034;-11906970;FaCellitate
23;109;1125;475;1.695;1.695;-12371117;FaCellitate
23;110;1132;469;3.125;3.125;-12364198;FaCellitate
23;111;1142;467;3.457;3.457;-11175060;FaCellitate
23;112;1142;461;2.034;2.034;-11637913;FaCellitate
23;113;1144;457;1.516;1.516;-13226162;FaCellitate
23;114;1148;452;2.171;2.171;-11319708;FaCellitate
23;115;1161;446;4.854;4.854;-10783384;FaCellitate
23;116;1163;438;2.795;2.795;-10982044;FaCellitate
23;117;1161;436;0.959;0.959;-11645614;FaCellitate
23;118;1167;434;2.144;2.144;-11783068;FaCellitate
23;119;1172;429;2.397;2.397;-12305828;FaCellitate
23;120;1178;423;2.877;2.877;-12106927;FaCellitate
23;121;1184;417;2.877;2.877;-13814203;FaCellitate
23;122;1192;413;3.032;3.032;-12030882;FaCellitate
23;123;1197;408;2.397;2.397;-13876407;FaCellitate
23;124;1199;404;1.516;1.516;-12306613;FaCellitate
23;125;1207;400;3.032;3.032;-12826803;FaCellitate
23;126;1213;398;2.144;2.144;-10453127;FaCellitate
23;127;1218;392;2.648;2.648;-11832220;FaCellitate
23;128;1220;385;2.468;2.468;-11699094;FaCellitate
23;129;1222;379;2.144;2.144;-11765139;FaCellitate
23;130;1224;373;2.144;2.144;-13282485;FaCellitate
23;131;1228;369;1.918;1.918;-12293023;FaCellitate
23;132;1232;364;2.171;2.171;-11832990;FaCellitate
23;133;1234;360;1.516;1.516;-13480620;FaCellitate
23;134;1239;356;2.171;2.171;-11303823;FaCellitate
23;135;1243;354;1.516;1.516;-12035231;FaCellitate
23;136;1247;348;2.445;2.445;-11967654;FaCellitate
23;137;1251;343;2.171;2.171;-11703196;FaCellitate
23;138;1257;339;2.445;2.445;-12757665;FaCellitate
23;139;1262;333;2.648;2.648;-11767708;FaCellitate
23;140;1266;327;2.445;2.445;-12425125;FaCellitate
23;141;1272;322;2.648;2.648;-12826791;FaCellitate
23;142;1281;320;3.125;3.125;-11700626;FaCellitate
23;143;1287;312;3.390;3.390;-10975620;FaCellitate
23;144;1295;306;3.390;3.390;-11833753;FaCellitate
23;145;1295;304;0.678;0.678;-13216684;FaCellitate
23;146;1304;301;3.216;3.216;-12951467;FaCellitate
23;147;1310;295;2.877;2.877;-12030619;FaCellitate
23;148;1312;287;2.795;2.795;-12619167;FaCellitate
23;149;1314;280;2.468;2.468;-11701915;FaCellitate
23;150;1318;278;1.516;1.516;-12425125;FaCellitate
23;151;1322;276;1.516;1.516;-13359014;FaCellitate
23;152;1335;274;4.459;4.459;-11832988;FaCellitate
23;153;1335;264;3.390;3.390;-11308184;FaCellitate
23;154;1335;259;1.695;1.695;-11644307;FaCellitate
23;155;1346;253;4.248;4.248;-11306646;FaCellitate
23;156;1350;257;1.918;1.918;-12041375;FaCellitate
23;157;1352;251;2.144;2.144;-12444838;FaCellitate
23;158;1358;239;4.548;4.548;-11572874;FaCellitate
23;159;1362;230;3.339;3.339;-12436382;FaCellitate
23;160;1373;226;3.968;3.968;-12225440;FaCellitate
23;161;1379;220;2.877;2.877;-11833499;FaCellitate
23;162;1379;218;0.678;0.678;-11962516;FaCellitate
23;163;1385;213;2.648;2.648;-12553626;FaCellitate
23;164;1392;220;3.356;3.356;-11849111;FaCellitate
23;165;1396;215;2.171;2.171;-11779481;FaCellitate
23;166;1402;207;3.390;3.390;-12096645;FaCellitate
23;167;1402;203;1.356;1.356;-10782355;FaCellitate
23;168;1406;199;1.918;1.918;-11444123;FaCellitate
23;169;1402;190;3.339;3.339;-12437413;FaCellitate
23;170;1413;186;3.968;3.968;-12094879;FaCellitate
23;171;1413;178;2.712;2.712;-12101526;FaCellitate
23;172;1419;176;2.144;2.144;-12364439;FaCellitate
23;173;1423;171;2.171;2.171;-13083809;FaCellitate
23;174;1425;163;2.795;2.795;-13359277;FaCellitate
23;175;1434;161;3.125;3.125;-12567457;FaCellitate
23;176;1436;153;2.795;2.795;-12107419;FaCellitate
23;177;1446;148;3.790;3.790;-10843785;FaCellitate
23;178;1450;146;1.516;1.516;-11709330;FaCellitate
23;179;1448;138;2.795;2.795;-12036496;FaCellitate
23;180;1455;142;2.733;2.733;-12048030;FaCellitate
23;181;1461;140;2.144;2.144;-12770213;FaCellitate
23;182;1467;134;2.877;2.877;-11972250;FaCellitate
23;183;1471;132;1.516;1.516;-12105125;FaCellitate
23;184;1473;127;1.826;1.826;-11847329;FaCellitate
23;185;1478;125;1.826;1.826;-13089712;FaCellitate
23;186;1482;121;1.918;1.918;-11648924;FaCellitate
23;187;1486;111;3.651;3.651;-13620397;FaCellitate
23;188;1494;117;3.390;3.390;-11909034;FaCellitate
23;189;1497;113;1.695;1.695;-10460811;FaCellitate
23;190;1501;104;3.339;3.339;-12888230;FaCellitate
23;191;1501;96;2.712;2.712;-13874337;FaCellitate
23;192;1503;94;0.959;0.959;-11914654;FaCellitate
23;193;1505;90;1.516;1.516;-12837546;FaCellitate
23;194;1509;85;2.171;2.171;-12173464;FaCellitate
23;195;1509;81;1.356;1.356;-11849635;FaCellitate
23;196;1513;75;2.445;2.445;-12507555;FaCellitate
23;197;1520;75;2.373;2.373;-11185812;FaCellitate
23;198;1520;69;2.034;2.034;-12176797;FaCellitate
23;199;1526;64;2.648;2.648;-12629677;FaCellitate
23;200;1530;64;1.356;1.356;-12172432;FaCellitate
23;201;1536;56;3.390;3.390;-10714768;FaCellitate
23;202;1541;58;1.826;1.826;-11905679;FaCellitate
23;203;1543;50;2.795;2.795;-10781065;FaCellitate
23;204;1541;41;3.125;3.125;-11640986;FaCellitate
23;205;1545;39;1.516;1.516;-12824238;FaCellitate
23;206;1551;39;2.034;2.034;-12231831;FaCellitate
23;207;1553;41;0.959;0.959;-12639402;FaCellitate
23;208;1555;33;2.795;2.795;-11983015;FaCellitate
23;209;1559;23;3.651;3.651;-12569762;FaCellitate
23;210;1566;23;2.373;2.373;-11584674;FaCellitate
23;211;1568;18;1.826;1.826;-10848900;FaCellitate
23;212;1572;18;1.356;1.356;-11126423;FaCellitate
24;2;1826;1268;4.854;4.854;-11583421;FaCellitate
24;3;1828;1268;0.678;0.678;-12761261;FaCellitate
24;4;1826;1268;0.678;0.678;-9660800;FaCellitate
24;5;1824;1262;2.144;2.144;-10854055;FaCellitate
24;6;1834;1249;5.560;5.560;-13152682;FaCellitate
24;7;1838;1243;2.445;2.445;-14070188;FaCellitate
24;8;1840;1239;1.516;1.516;-10910857;FaCellitate
24;9;1845;1230;3.490;3.490;-11442832;FaCellitate
24;10;1849;1226;1.918;1.918;-12499869;FaCellitate
24;11;1855;1224;2.144;2.144;-13750463;FaCellitate
24;12;1859;1216;3.032;3.032;-13945262;FaCellitate
24;13;1861;1211;1.826;1.826;-10316410;FaCellitate
24;14;1866;1205;2.648;2.648;-12959143;FaCellitate
24;15;1870;1197;3.032;3.032;-13554352;FaCellitate
24;16;1872;1190;2.468;2.468;-12695981;FaCellitate
24;17;1874;1180;3.457;3.457;-10184061;FaCellitate
24;18;1878;1169;3.968;3.968;-10381935;FaCellitate
24;19;1880;1163;2.144;2.144;-8940149;FaCellitate
24;20;1893;1159;4.611;4.611;-10052979;FaCellitate
24;21;1899;1148;4.248;4.248;-13090466;FaCellitate
24;22;1903;1140;3.032;3.032;-9270913;FaCellitate
24;23;1910;1132;3.604;3.604;-9273464;FaCellitate
24;24;1922;1123;5.085;5.085;-11836296;FaCellitate
24;25;1924;1115;2.795;2.795;-9667447;FaCellitate
24;26;1935;1107;4.611;4.611;-10850957;FaCellitate
24;27;1939;1096;3.968;3.968;-13161912;FaCellitate
24;28;1943;1088;3.032;3.032;-13226930;FaCellitate
24;29;1945;1083;1.826;1.826;-10186107;FaCellitate
24;30;1947;1075;2.795;2.795;-10056577;FaCellitate
24;31;1949;1065;3.457;3.457;-11499647;FaCellitate
24;32;1949;1058;2.373;2.373;-9600389;FaCellitate
24;33;1956;1046;4.710;4.710;-9666691;FaCellitate
24;34;1960;1029;5.920;5.920;-10990745;FaCellitate
24;35;1968;1027;2.795;2.795;-11906224;FaCellitate
24;36;1968;1025;0.678;0.678;-10191235;FaCellitate
24;37;1975;1014;4.420;4.420;-11247524;FaCellitate
24;38;1983;1004;4.341;4.341;-9735053;FaCellitate
24;39;1991;989;5.763;5.763;-13549973;FaCellitate
24;40;1993;981;2.795;2.795;-14340016;FaCellitate
24;41;2000;972;3.865;3.865;-11117478;FaCellitate
24;42;2004;966;2.445;2.445;-14013874;FaCellitate
24;43;2004;962;1.356;1.356;-12163998;FaCellitate
24;44;2008;953;3.339;3.339;-12425351;FaCellitate
24;45;2010;941;4.124;4.124;-11705487;FaCellitate
24;46;2014;935;2.445;2.445;-9861754;FaCellitate
24;47;2025;924;5.274;5.274;-11044234;FaCellitate
24;48;2033;916;3.835;3.835;-11777688;FaCellitate
24;49;2037;905;3.968;3.968;-10986144;FaCellitate
24;50;2037;899;2.034;2.034;-12758964;FaCellitate
24;51;2044;891;3.604;3.604;-11580832;FaCellitate
24;52;2044;884;2.373;2.373;-13819324;FaCellitate
24;53;2050;876;3.390;3.390;-14733757;FaCellitate
24;54;2056;872;2.445;2.445;-10581381;FaCellitate
24;55;2067;859;5.773;5.773;-12161686;FaCellitate
24;56;2075;849;4.341;4.341;-13488318;FaCellitate
24;57;2079;840;3.339;3.339;-12039591;FaCellitate
24;58;2084;828;4.407;4.407;-12436913;FaCellitate
24;59;2086;815;4.459;4.459;-12104886;FaCellitate
24;60;2086;790;8.475;8.475;-9271937;FaCellitate
24;61;2094;786;3.032;3.032;-9337981;FaCellitate
24;62;2109;779;5.611;5.611;-10988437;FaCellitate
24;63;2109;773;2.034;2.034;-9734546;FaCellitate
24;64;2115;771;2.144;2.144;-10659207;FaCellitate
24;65;2119;763;3.032;3.032;-12370078;FaCellitate
24;66;2130;752;5.274;5.274;-12831152;FaCellitate
24;67;2130;746;2.034;2.034;-9406080;FaCellitate
24;68;2144;735;6.036;6.036;-12047267;FaCellitate
24;69;2155;723;5.519;5.519;-11909026;FaCellitate
24;70;2159;712;3.968;3.968;-11179673;FaCellitate
24;71;2159;708;1.356;1.356;-11840924;FaCellitate
24;72;2165;704;2.445;2.445;-11322543;FaCellitate
24;73;2167;689;5.130;5.130;-12501666;FaCellitate
24;74;2182;679;6.111;6.111;-11045513;FaCellitate
24;75;2184;670;3.125;3.125;-10389903;FaCellitate
24;76;2190;664;2.877;2.877;-12822436;FaCellitate
24;77;2201;658;4.248;4.248;-9341053;FaCellitate
24;78;2211;654;3.651;3.651;-10132885;FaCellitate
24;79;2220;645;4.315;4.315;-12103591;FaCellitate
24;80;2222;635;3.457;3.457;-10918041;FaCellitate
24;81;2230;633;2.795;2.795;-10334615;FaCellitate
24;82;2241;624;4.818;4.818;-10527133;FaCellitate
24;83;2243;616;2.795;2.795;-10396837;FaCellitate
24;84;2247;605;3.968;3.968;-10260876;FaCellitate
24;85;2249;599;2.144;2.144;-9601169;FaCellitate
24;86;2253;593;2.445;2.445;-11781550;FaCellitate
24;87;2264;580;5.773;5.773;-10135197;FaCellitate
24;88;2274;574;3.953;3.953;-11581352;FaCellitate
24;89;2276;568;2.144;2.144;-12957613;FaCellitate
24;90;2283;559;3.865;3.865;-10270094;FaCellitate
24;91;2291;553;3.390;3.390;-10526105;FaCellitate
24;92;2300;549;3.339;3.339;-10459548;FaCellitate
24;93;2308;543;3.390;3.390;-10652566;FaCellitate
24;94;2310;538;1.826;1.826;-13280670;FaCellitate
24;95;2327;530;6.369;6.369;-12564910;FaCellitate
24;96;2331;524;2.445;2.445;-13032379;FaCellitate
24;97;2341;509;6.111;6.111;-9938065;FaCellitate
24;98;2346;501;3.198;3.198;-9608589;FaCellitate
24;99;2356;490;5.040;5.040;-11837592;FaCellitate
24;100;2362;486;2.445;2.445;-10595998;FaCellitate
24;101;2369;482;2.733;2.733;-11260583;FaCellitate
24;102;2375;473;3.667;3.667;-10003860;FaCellitate
24;103;2381;465;3.390;3.390;-10268564;FaCellitate
24;104;2394;452;6.232;6.232;-10593687;FaCellitate
24;105;2402;448;3.032;3.032;-11840172;FaCellitate
24;106;2413;434;6.036;6.036;-9996176;FaCellitate
24;107;2419;427;3.125;3.125;-9930381;FaCellitate
24;108;2430;413;6.036;6.036;-10519446;FaCellitate
24;109;2436;406;3.125;3.125;-10455696;FaCellitate
24;110;2438;400;2.144;2.144;-10783898;FaCellitate
24;111;2444;396;2.445;2.445;-11574688;FaCellitate
24;112;2444;392;1.356;1.356;-11907744;FaCellitate
24;113;2453;385;3.865;3.865;-9869701;FaCellitate
24;114;2457;375;3.651;3.651;-10984861;FaCellitate
24;115;2463;375;2.034;2.034;-10202797;FaCellitate
24;116;2463;369;2.034;2.034;-10464160;FaCellitate
24;117;2469;358;4.248;4.248;-10524050;FaCellitate
24;118;2476;354;2.733;2.733;-10000259;FaCellitate
24;119;2478;343;3.790;3.790;-10919834;FaCellitate
24;120;2480;335;2.795;2.795;-11119510;FaCellitate
24;121;2482;327;2.795;2.795;-10463885;FaCellitate
24;122;2490;327;2.712;2.712;-11643796;FaCellitate
24;123;2499;322;3.490;3.490;-10589853;FaCellitate
24;124;2501;316;2.144;2.144;-11317402;FaCellitate
24;125;2503;314;0.959;0.959;-11449497;FaCellitate
24;126;2513;304;4.794;4.794;-11313039;FaCellitate
24;127;2515;299;1.826;1.826;-10394006;FaCellitate
24;128;2515;295;1.356;1.356;-10789778;FaCellitate
24;129;2515;291;1.356;1.356;-13818296;FaCellitate
24;130;2518;285;2.274;2.274;-13427638;FaCellitate
24;131;2522;276;3.339;3.339;-10322833;FaCellitate
24;132;2532;268;4.341;4.341;-11184284;FaCellitate
24;133;2536;264;1.918;1.918;-11442066;FaCellitate
24;134;2539;255;3.216;3.216;-10454669;FaCellitate
24;135;2549;253;3.457;3.457;-11580831;FaCellitate
24;136;2549;249;1.356;1.356;-10722972;FaCellitate
24;137;2553;236;4.611;4.611;-10255747;FaCellitate
25;2;815;1289;0.959;0.959;-8760965;FaCellitate
25;3;817;1285;1.516;1.516;-9536136;FaCellitate
25;4;832;1291;5.477;5.477;-11112086;FaCellitate
25;5;834;1285;2.144;2.144;-11585434;FaCellitate
25;6;836;1276;3.125;3.125;-9740930;FaCellitate
25;7;844;1268;3.835;3.835;-11047827;FaCellitate
25;8;844;1268;0.000;0.000;-11969697;FaCellitate
25;9;844;1268;0.000;0.000;-10659472;FaCellitate
25;10;849;1264;2.171;2.171;-11774353;FaCellitate
25;11;849;1260;1.356;1.356;-8427121;FaCellitate
25;12;851;1264;1.516;1.516;-8227441;FaCellitate
25;13;855;1266;1.516;1.516;-9205633;FaCellitate
25;14;859;1268;1.516;1.516;-9537674;FaCellitate
25;15;868;1266;3.125;3.125;-9935747;FaCellitate
25;16;870;1268;0.959;0.959;-9343872;FaCellitate
25;17;876;1268;2.034;2.034;-9410936;FaCellitate
25;18;882;1270;2.144;2.144;-10334339;FaCellitate
25;19;891;1272;3.125;3.125;-10785677;FaCellitate
25;20;895;1272;1.356;1.356;-10198408;FaCellitate
25;21;895;1268;1.356;1.356;-10389895;FaCellitate
25;22;897;1262;2.144;2.144;-9737087;FaCellitate
25;23;897;1253;3.051;3.051;-9737857;FaCellitate
25;24;903;1251;2.144;2.144;-9476226;FaCellitate
25;25;903;1245;2.034;2.034;-9084526;FaCellitate
25;26;905;1241;1.516;1.516;-9347719;FaCellitate
25;27;905;1237;1.356;1.356;-11640999;FaCellitate
25;28;914;1230;3.865;3.865;-11374741;FaCellitate
25;29;914;1228;0.678;0.678;-12097941;FaCellitate
25;30;914;1226;0.678;0.678;-10985102;FaCellitate
25;31;912;1222;1.516;1.516;-10590859;FaCellitate
25;32;914;1220;0.959;0.959;-11182736;FaCellitate
25;33;914;1218;0.678;0.678;-8292215;FaCellitate
25;34;922;1216;2.795;2.795;-10008463;FaCellitate
25;35;930;1209;3.604;3.604;-12232602;FaCellitate
25;36;928;1199;3.457;3.457;-10388612;FaCellitate
25;37;930;1197;0.959;0.959;-10912648;FaCellitate
25;38;930;1195;0.678;0.678;-9211260;FaCellitate
25;39;941;1192;3.865;3.865;-11837852;FaCellitate
25;40;941;1192;0.000;0.000;-10134659;FaCellitate
25;41;945;1188;1.918;1.918;-9341043;FaCellitate
25;42;951;1186;2.144;2.144;-8552556;FaCellitate
25;43;958;1182;2.733;2.733;-9147771;FaCellitate
25;44;966;1176;3.390;3.390;-9606533;FaCellitate
25;45;972;1169;3.125;3.125;-10124421;FaCellitate
25;46;981;1163;3.667;3.667;-11707806;FaCellitate
25;47;985;1157;2.445;2.445;-10194317;FaCellitate
25;48;987;1155;0.959;0.959;-11378843;FaCellitate
25;49;991;1151;1.918;1.918;-11580059;FaCellitate
25;50;1000;1146;3.490;3.490;-10391697;FaCellitate
25;51;1004;1136;3.651;3.651;-11968408;FaCellitate
25;52;1004;1130;2.034;2.034;-10394242;FaCellitate
25;53;1010;1111;6.755;6.755;-10980759;FaCellitate
25;54;1012;1109;0.959;0.959;-10722704;FaCellitate
25;55;1012;1104;1.695;1.695;-10460811;FaCellitate
25;56;1014;1094;3.457;3.457;-9540476;FaCellitate
25;57;1018;1088;2.445;2.445;-10325374;FaCellitate
25;58;1027;1075;5.360;5.360;-11056513;FaCellitate
25;59;1031;1071;1.918;1.918;-10124161;FaCellitate
25;60;1035;1065;2.445;2.445;-9661819;FaCellitate
25;61;1048;1050;6.729;6.729;-11975580;FaCellitate
25;62;1048;1037;4.407;4.407;-11125665;FaCellitate
25;63;1044;1031;2.445;2.445;-10844539;FaCellitate
25;64;1044;1016;5.085;5.085;-10265742;FaCellitate
25;65;1048;1010;2.445;2.445;-10589049;FaCellitate
25;66;1048;1006;1.356;1.356;-12489103;FaCellitate
25;67;1060;998;4.889;4.889;-10977931;FaCellitate
25;68;1075;987;6.306;6.306;-9930106;FaCellitate
25;69;1081;977;3.953;3.953;-10330252;FaCellitate
25;70;1083;964;4.459;4.459;-9666180;FaCellitate
25;71;1086;945;6.521;6.521;-10252675;FaCellitate
25;72;1094;941;3.032;3.032;-10525576;FaCellitate
25;73;1102;933;3.835;3.835;-10583159;FaCellitate
25;74;1102;928;1.695;1.695;-10651521;FaCellitate
25;75;1100;924;1.516;1.516;-10925706;FaCellitate
25;76;1111;918;4.248;4.248;-10268033;FaCellitate
25;77;1115;909;3.339;3.339;-12239265;FaCellitate
25;78;1121;903;2.877;2.877;-12569508;FaCellitate
25;79;1134;893;5.560;5.560;-11183504;FaCellitate
25;80;1142;888;3.198;3.198;-10664583;FaCellitate
25;81;1146;880;3.032;3.032;-9475446;FaCellitate
25;82;1146;868;4.068;4.068;-10716291;FaCellitate
25;83;1157;868;3.729;3.729;-9666672;FaCellitate
25;84;1161;863;2.171;2.171;-10981252;FaCellitate
25;85;1161;861;0.678;0.678;-10654355;FaCellitate
25;86;1167;855;2.877;2.877;-10334357;FaCellitate
25;87;1172;847;3.198;3.198;-9869978;FaCellitate
25;88;1176;838;3.339;3.339;-10712448;FaCellitate
25;89;1182;836;2.144;2.144;-10793634;FaCellitate
25;90;1190;832;3.032;3.032;-10727070;FaCellitate
25;91;1197;819;5.005;5.005;-11438992;FaCellitate
25;92;1201;817;1.516;1.516;-11438216;FaCellitate
25;93;1205;813;1.918;1.918;-10920600;FaCellitate
25;94;1216;811;3.790;3.790;-9870491;FaCellitate
25;95;1218;807;1.516;1.516;-9933429;FaCellitate
25;96;1230;790;7.054;7.054;-9341319;FaCellitate
25;97;1241;769;8.037;8.037;-11636373;FaCellitate
25;98;1251;763;3.953;3.953;-9791099;FaCellitate
25;99;1255;761;1.516;1.516;-11175310;FaCellitate
25;100;1257;754;2.468;2.468;-11310468;FaCellitate
25;101;1266;746;4.082;4.082;-10781581;FaCellitate
25;102;1268;742;1.516;1.516;-11511179;FaCellitate
25;103;1283;725;7.686;7.686;-10449029;FaCellitate
25;104;1289;719;2.877;2.877;-10514820;FaCellitate
25;105;1291;717;0.959;0.959;-12029828;FaCellitate
25;106;1299;710;3.604;3.604;-10975112;FaCellitate
25;107;1306;706;2.733;2.733;-11041162;FaCellitate
25;108;1304;708;0.959;0.959;-11049367;FaCellitate
25;109;1304;704;1.356;1.356;-9475194;FaCellitate
25;110;1299;696;3.198;3.198;-10460536;FaCellitate
25;111;1306;681;5.611;5.611;-11049090;FaCellitate
25;112;1312;673;3.390;3.390;-10782846;FaCellitate
25;113;1320;673;2.712;2.712;-10191746;FaCellitate
25;114;1331;666;4.420;4.420;-10525826;FaCellitate
25;115;1333;660;2.144;2.144;-10725000;FaCellitate
25;116;1337;652;3.032;3.032;-10327425;FaCellitate
25;117;1337;647;1.695;1.695;-10332546;FaCellitate
25;118;1339;643;1.516;1.516;-11905962;FaCellitate
25;119;1346;635;3.604;3.604;-11519659;FaCellitate
25;120;1352;624;4.248;4.248;-13035172;FaCellitate
25;121;1358;614;3.953;3.953;-13161639;FaCellitate
25;122;1369;603;5.274;5.274;-10321543;FaCellitate
25;123;1385;595;6.064;6.064;-10253186;FaCellitate
25;124;1394;591;3.339;3.339;-9734783;FaCellitate
25;125;1387;587;2.733;2.733;-10794129;FaCellitate
25;126;1398;572;6.306;6.306;-10456950;FaCellitate
25;127;1408;563;4.561;4.561;-9996913;FaCellitate
25;128;1413;555;3.198;3.198;-10787456;FaCellitate
25;129;1421;545;4.341;4.341;-9931895;FaCellitate
25;130;1421;538;2.373;2.373;-11181703;FaCellitate
25;131;1425;534;1.918;1.918;-10519430;FaCellitate
25;132;1427;522;4.124;4.124;-10785666;FaCellitate
25;133;1438;507;6.306;6.306;-10525313;FaCellitate
25;134;1450;501;4.548;4.548;-11383181;FaCellitate
25;135;1455;490;4.096;4.096;-12562586;FaCellitate
25;136;1457;486;1.516;1.516;-11041665;FaCellitate
25;137;1463;469;6.111;6.111;-10129541;FaCellitate
25;138;1463;467;0.678;0.678;-10454138;FaCellitate
25;139;1465;459;2.795;2.795;-9210736;FaCellitate
25;140;1463;450;3.125;3.125;-11054993;FaCellitate
25;141;1476;438;5.998;5.998;-12435104;FaCellitate
25;142;1480;429;3.339;3.339;-10913652;FaCellitate
25;143;1484;421;3.032;3.032;-11248509;FaCellitate
25;144;1486;419;0.959;0.959;-11241864;FaCellitate
25;145;1490;408;3.968;3.968;-10916742;FaCellitate
25;146;1490;396;4.068;4.068;-10523270;FaCellitate
25;147;1486;394;1.516;1.516;-11047560;FaCellitate
25;148;1494;385;4.082;4.082;-9998462;FaCellitate
25;149;1501;381;2.733;2.733;-10520452;FaCellitate
25;150;1505;373;3.032;3.032;-11184523;FaCellitate
25;151;1509;369;1.918;1.918;-11712920;FaCellitate
25;152;1509;362;2.373;2.373;-11051158;FaCellitate
25;153;1511;354;2.795;2.795;-11507847;FaCellitate
25;154;1513;348;2.144;2.144;-11113091;FaCellitate
25;155;1524;350;3.790;3.790;-12172701;FaCellitate
25;156;1528;341;3.339;3.339;-10857101;FaCellitate
25;157;1538;333;4.341;4.341;-10850430;FaCellitate
25;158;1541;327;2.274;2.274;-11439493;FaCellitate
25;159;1547;324;2.274;2.274;-11250065;FaCellitate
25;160;1553;322;2.144;2.144;-11702408;FaCellitate
25;161;1557;312;3.651;3.651;-11177091;FaCellitate
25;162;1564;306;3.125;3.125;-10976899;FaCellitate
25;163;1572;293;5.175;5.175;-10919309;FaCellitate
25;164;1572;287;2.034;2.034;-10981515;FaCellitate
25;165;1570;280;2.468;2.468;-10787196;FaCellitate
25;166;1574;276;1.918;1.918;-11043987;FaCellitate
25;167;1572;274;0.959;0.959;-10592122;FaCellitate
25;168;1587;264;6.111;6.111;-11443083;FaCellitate
25;169;1593;259;2.648;2.648;-11444123;FaCellitate
25;170;1587;251;3.390;3.390;-10519173;FaCellitate
25;171;1591;245;2.445;2.445;-11901337;FaCellitate
25;172;1595;239;2.445;2.445;-11774366;FaCellitate
25;173;1599;226;4.611;4.611;-11244424;FaCellitate
25;174;1601;224;0.959;0.959;-12031630;FaCellitate
25;175;1606;218;2.648;2.648;-10386825;FaCellitate
25;176;1606;215;1.017;1.017;-11306630;FaCellitate
25;177;1603;209;2.274;2.274;-11580570;FaCellitate
25;178;1614;207;3.790;3.790;-11707293;FaCellitate
25;179;1620;203;2.445;2.445;-10520962;FaCellitate
25;180;1616;199;1.918;1.918;-10913149;FaCellitate
25;181;1618;192;2.468;2.468;-11043975;FaCellitate
25;182;1624;188;2.445;2.445;-11243923;FaCellitate
25;183;1622;184;1.516;1.516;-11240073;FaCellitate
25;184;1629;178;3.125;3.125;-11044486;FaCellitate
25;185;1637;174;3.032;3.032;-11306882;FaCellitate
25;186;1639;169;1.826;1.826;-10781056;FaCellitate
25;187;1643;165;1.918;1.918;-10714491;FaCellitate
25;188;1650;157;3.604;3.604;-11707295;FaCellitate
25;189;1652;153;1.516;1.516;-10190208;FaCellitate
25;190;1652;146;2.373;2.373;-11247247;FaCellitate
25;191;1656;140;2.445;2.445;-11307925;FaCellitate
25;192;1660;127;4.611;4.611;-10317693;FaCellitate
25;193;1664;127;1.356;1.356;-10257036;FaCellitate
25;194;1664;119;2.712;2.712;-10123651;FaCellitate
25;195;1666;113;2.144;2.144;-10519430;FaCellitate
25;196;1664;106;2.468;2.468;-10913921;FaCellitate
25;197;1668;104;1.516;1.516;-10587258;FaCellitate
25;198;1681;102;4.459;4.459;-10387334;FaCellitate
25;199;1681;94;2.712;2.712;-10255748;FaCellitate
25;200;1681;94;0.000;0.000;-10915220;FaCellitate
25;201;1681;88;2.034;2.034;-10914440;FaCellitate
25;202;1685;81;2.733;2.733;-11108736;FaCellitate
25;203;1685;73;2.712;2.712;-10913416;FaCellitate
25;204;1685;67;2.034;2.034;-10060162;FaCellitate
25;205;1687;64;1.222;1.222;-11576211;FaCellitate
25;206;1696;60;3.339;3.339;-10199432;FaCellitate
25;207;1691;52;3.198;3.198;-12097173;FaCellitate
25;208;1694;46;2.274;2.274;-11043975;FaCellitate
25;209;1691;39;2.582;2.582;-10321802;FaCellitate
25;210;1702;41;3.790;3.790;-10452351;FaCellitate
25;211;1700;35;2.144;2.144;-10652038;FaCellitate
25;212;1700;31;1.356;1.356;-10189697;FaCellitate
26;2;647;1536;5.773;5.773;-7497333;FaCellitate
26;3;652;1538;1.826;1.826;-11647381;FaCellitate
26;4;647;1530;3.198;3.198;-9670812;FaCellitate
26;5;649;1526;1.516;1.516;-10453390;FaCellitate
26;6;652;1522;1.695;1.695;-11700113;FaCellitate
26;7;670;1507;7.943;7.943;-10003106;FaCellitate
26;8;670;1503;1.356;1.356;-10259600;FaCellitate
26;9;675;1497;2.648;2.648;-9210261;FaCellitate
26;10;679;1494;1.695;1.695;-10325904;FaCellitate
26;11;687;1494;2.712;2.712;-11780521;FaCellitate
26;12;687;1488;2.034;2.034;-9213062;FaCellitate
26;13;689;1482;2.144;2.144;-8746111;FaCellitate
26;14;693;1476;2.445;2.445;-10654866;FaCellitate
26;15;696;1469;2.582;2.582;-9863813;FaCellitate
26;16;698;1471;0.959;0.959;-10000786;FaCellitate
26;17;700;1465;2.144;2.144;-9470592;FaCellitate
26;18;706;1463;2.144;2.144;-9210760;FaCellitate
26;19;708;1463;0.678;0.678;-9667213;FaCellitate
26;20;704;1465;1.516;1.516;-13815729;FaCellitate
26;21;706;1459;2.144;2.144;-10200998;FaCellitate
26;22;706;1450;3.051;3.051;-9604740;FaCellitate
26;23;708;1446;1.516;1.516;-9273991;FaCellitate
26;24;712;1450;1.918;1.918;-12368279;FaCellitate
26;25;714;1442;2.795;2.795;-11448494;FaCellitate
26;26;723;1438;3.339;3.339;-12895922;FaCellitate
26;27;729;1429;3.667;3.667;-9936282;FaCellitate
26;28;731;1423;2.144;2.144;-10002829;FaCellitate
26;29;738;1419;2.733;2.733;-12630715;FaCellitate
26;30;735;1415;1.695;1.695;-11378840;FaCellitate
26;31;735;1411;1.356;1.356;-11054238;FaCellitate
26;32;735;1404;2.373;2.373;-11045016;FaCellitate
26;33;738;1406;1.222;1.222;-11251605;FaCellitate
26;34;742;1398;3.032;3.032;-11642028;FaCellitate
26;35;744;1394;1.516;1.516;-11383704;FaCellitate
26;36;748;1390;1.918;1.918;-10729098;FaCellitate
26;37;748;1385;1.695;1.695;-10455436;FaCellitate
26;38;752;1385;1.356;1.356;-9340295;FaCellitate
26;39;758;1383;2.144;2.144;-11112614;FaCellitate
26;40;767;1379;3.339;3.339;-11774119;FaCellitate
26;41;769;1371;2.795;2.795;-10197940;FaCellitate
26;42;771;1364;2.468;2.468;-12694968;FaCellitate
26;43;775;1358;2.445;2.445;-11507851;FaCellitate
26;44;784;1348;4.561;4.561;-10328989;FaCellitate
26;45;790;1343;2.648;2.648;-11972785;FaCellitate
26;46;786;1335;3.032;3.032;-12496294;FaCellitate
26;47;790;1329;2.445;2.445;-10126733;FaCellitate
26;48;796;1327;2.144;2.144;-9994904;FaCellitate
26;49;807;1325;3.790;3.790;-11246503;FaCellitate
26;50;809;1320;1.826;1.826;-10191512;FaCellitate
26;51;813;1310;3.651;3.651;-11834779;FaCellitate
26;52;817;1304;2.445;2.445;-10391961;FaCellitate
26;53;823;1302;2.144;2.144;-10327190;FaCellitate
26;54;834;1291;5.274;5.274;-10981529;FaCellitate
26;55;836;1287;1.516;1.516;-11310492;FaCellitate
26;56;836;1278;3.051;3.051;-11113887;FaCellitate
26;57;842;1276;2.144;2.144;-11770527;FaCellitate
26;58;842;1266;3.390;3.390;-10848397;FaCellitate
26;59;855;1262;4.611;4.611;-9728644;FaCellitate
26;60;865;1260;3.457;3.457;-11379359;FaCellitate
26;61;868;1255;1.977;1.977;-10849427;FaCellitate
26;62;874;1247;3.390;3.390;-11175056;FaCellitate
26;63;876;1239;2.795;2.795;-10650256;FaCellitate
26;64;884;1232;3.604;3.604;-10059396;FaCellitate
26;65;884;1228;1.356;1.356;-12296362;FaCellitate
26;66;888;1222;2.445;2.445;-12101537;FaCellitate
26;67;899;1213;4.818;4.818;-11308184;FaCellitate
26;68;901;1209;1.516;1.516;-12821674;FaCellitate
26;69;901;1207;0.678;0.678;-12960185;FaCellitate
26;70;912;1205;3.790;3.790;-11046041;FaCellitate
26;71;916;1203;1.516;1.516;-12297124;FaCellitate
26;72;918;1197;2.144;2.144;-14470072;FaCellitate
26;73;928;1184;5.560;5.560;-10850969;FaCellitate
26;74;930;1180;1.516;1.516;-11965855;FaCellitate
26;75;937;1182;2.468;2.468;-11440799;FaCellitate
26;76;939;1178;1.516;1.516;-11311259;FaCellitate
26;77;943;1169;3.339;3.339;-12496562;FaCellitate
26;78;953;1163;3.953;3.953;-13809852;FaCellitate
26;79;962;1155;4.082;4.082;-12032420;FaCellitate
26;80;968;1153;2.144;2.144;-10913937;FaCellitate
26;81;981;1146;5.005;5.005;-10847633;FaCellitate
26;82;991;1146;3.390;3.390;-11043472;FaCellitate
26;83;989;1142;1.516;1.516;-11702936;FaCellitate
26;84;995;1142;2.034;2.034;-11315344;FaCellitate
26;85;1008;1132;5.560;5.560;-11437209;FaCellitate
26;86;1012;1123;3.339;3.339;-10912399;FaCellitate
26;87;1014;1119;1.516;1.516;-13088697;FaCellitate
26;88;1037;1115;7.914;7.914;-10194064;FaCellitate
26;89;1044;1107;3.604;3.604;-10716041;FaCellitate
26;90;1048;1104;1.695;1.695;-11838378;FaCellitate
26;91;1056;1102;2.795;2.795;-11438232;FaCellitate
26;92;1058;1100;0.959;0.959;-10451337;FaCellitate
26;93;1058;1098;0.678;0.678;-12425123;FaCellitate
26;94;1071;1086;5.998;5.998;-11375258;FaCellitate
26;95;1081;1079;4.138;4.138;-11639972;FaCellitate
26;96;1090;1077;3.125;3.125;-11241882;FaCellitate
26;97;1096;1073;2.445;2.445;-12427948;FaCellitate
26;98;1102;1069;2.445;2.445;-11371156;FaCellitate
26;99;1102;1065;1.356;1.356;-11502742;FaCellitate
26;100;1113;1065;3.729;3.729;-11242134;FaCellitate
26;101;1115;1062;1.222;1.222;-11435663;FaCellitate
26;102;1123;1067;3.198;3.198;-11966365;FaCellitate
26;103;1127;1058;3.339;3.339;-11039109;FaCellitate
26;104;1136;1054;3.339;3.339;-11564685;FaCellitate
26;105;1151;1046;5.763;5.763;-11700634;FaCellitate
26;106;1148;1044;1.222;1.222;-10979221;FaCellitate
26;107;1155;1037;3.356;3.356;-11308697;FaCellitate
26;108;1157;1031;2.144;2.144;-11105417;FaCellitate
26;109;1163;1029;2.144;2.144;-11106444;FaCellitate
26;110;1172;1027;3.125;3.125;-11437464;FaCellitate
26;111;1178;1025;2.144;2.144;-12030115;FaCellitate
26;112;1180;1018;2.468;2.468;-11178140;FaCellitate
26;113;1186;1018;2.034;2.034;-12620723;FaCellitate
26;114;1188;1016;0.959;0.959;-12157090;FaCellitate
26;115;1192;1012;1.918;1.918;-12229035;FaCellitate
26;116;1197;1008;2.171;2.171;-12161185;FaCellitate
26;117;1199;1006;0.959;0.959;-11107984;FaCellitate
26;118;1203;1004;1.516;1.516;-10580362;FaCellitate
26;119;1207;1002;1.516;1.516;-10448516;FaCellitate
26;120;1211;993;3.339;3.339;-13412018;FaCellitate
26;121;1222;991;3.790;3.790;-12099494;FaCellitate
26;122;1228;985;2.877;2.877;-12363180;FaCellitate
26;123;1228;979;2.034;2.034;-11762585;FaCellitate
26;124;1230;977;0.959;0.959;-12160161;FaCellitate
26;125;1237;970;3.356;3.356;-11108762;FaCellitate
26;126;1243;962;3.390;3.390;-11497867;FaCellitate
26;127;1247;956;2.445;2.445;-11830682;FaCellitate
26;128;1249;951;1.826;1.826;-11504007;FaCellitate
26;129;1257;953;2.795;2.795;-11172240;FaCellitate
26;130;1264;949;2.733;2.733;-11170446;FaCellitate
26;131;1266;943;2.144;2.144;-12756395;FaCellitate
26;132;1272;943;2.034;2.034;-11833501;FaCellitate
26;133;1278;941;2.144;2.144;-11568537;FaCellitate
26;134;1285;935;3.125;3.125;-12363433;FaCellitate
26;135;1291;928;3.125;3.125;-12430250;FaCellitate
26;136;1299;926;2.795;2.795;-12097439;FaCellitate
26;137;1306;922;2.733;2.733;-13414322;FaCellitate
26;138;1316;916;3.953;3.953;-12158618;FaCellitate
26;139;1320;912;1.918;1.918;-12223647;FaCellitate
26;140;1327;905;3.356;3.356;-10909319;FaCellitate
26;141;1329;897;2.795;2.795;-12167844;FaCellitate
26;142;1337;886;4.611;4.611;-11307409;FaCellitate
26;143;1341;884;1.516;1.516;-11041932;FaCellitate
26;144;1343;878;2.144;2.144;-11239570;FaCellitate
26;145;1350;872;3.125;3.125;-11635093;FaCellitate
26;146;1356;870;2.144;2.144;-11039630;FaCellitate
26;147;1358;868;0.959;0.959;-11240081;FaCellitate
26;148;1367;863;3.490;3.490;-10644866;FaCellitate
26;149;1367;859;1.356;1.356;-11569048;FaCellitate
26;150;1375;855;3.032;3.032;-10912664;FaCellitate
26;151;1377;851;1.516;1.516;-11039121;FaCellitate
26;152;1381;847;1.918;1.918;-11437981;FaCellitate
26;153;1383;842;1.826;1.826;-12033190;FaCellitate
26;154;1387;838;1.918;1.918;-13746359;FaCellitate
26;155;1387;834;1.356;1.356;-12428209;FaCellitate
26;156;1387;834;0.000;0.000;-12754601;FaCellitate
26;157;1390;826;2.896;2.896;-12493998;FaCellitate
26;158;1396;821;2.648;2.648;-11436692;FaCellitate
26;159;1396;817;1.356;1.356;-12166316;FaCellitate
26;160;1400;813;1.918;1.918;-11243931;FaCellitate
26;161;1404;809;1.918;1.918;-12819367;FaCellitate
26;162;1408;807;1.516;1.516;-13082028;FaCellitate
26;163;1411;805;1.222;1.222;-12624808;FaCellitate
26;164;1417;800;2.648;2.648;-11899812;FaCellitate
26;165;1421;794;2.445;2.445;-12094371;FaCellitate
26;166;1423;790;1.516;1.516;-12292512;FaCellitate
26;167;1425;786;1.516;1.516;-11499922;FaCellitate
26;168;1427;779;2.468;2.468;-12886707;FaCellitate
26;169;1429;777;0.959;0.959;-12887980;FaCellitate
26;170;1432;775;1.222;1.222;-12231598;FaCellitate
26;171;1436;767;3.032;3.032;-11311266;FaCellitate
26;172;1440;765;1.516;1.516;-12224676;FaCellitate
26;173;1448;758;3.604;3.604;-11434641;FaCellitate
26;174;1450;750;2.795;2.795;-11043733;FaCellitate
26;175;1450;742;2.712;2.712;-10517130;FaCellitate
26;176;1450;738;1.356;1.356;-10844814;FaCellitate
26;177;1452;733;1.826;1.826;-11963034;FaCellitate
26;178;1452;731;0.678;0.678;-11700884;FaCellitate
26;179;1448;729;1.516;1.516;-10320778;FaCellitate
26;180;1446;725;1.516;1.516;-10847884;FaCellitate
26;181;1446;721;1.356;1.356;-11384223;FaCellitate
26;182;1446;714;2.373;2.373;-11319194;FaCellitate
26;183;1450;708;2.445;2.445;-12833208;FaCellitate
26;184;1452;704;1.516;1.516;-12638892;FaCellitate
26;185;1465;696;5.175;5.175;-11569040;FaCellitate
26;186;1467;689;2.468;2.468;-11302543;FaCellitate
26;187;1469;683;2.144;2.144;-10317188;FaCellitate
26;188;1480;681;3.790;3.790;-10915736;FaCellitate
26;189;1482;675;2.144;2.144;-10910346;FaCellitate
26;190;1486;673;1.516;1.516;-10716047;FaCellitate
26;191;1490;666;2.733;2.733;-9863563;FaCellitate
26;192;1492;656;3.457;3.457;-10254218;FaCellitate
26;193;1490;649;2.468;2.468;-11503253;FaCellitate
26;194;1494;645;1.918;1.918;-11053474;FaCellitate
26;195;1501;641;2.733;2.733;-11376776;FaCellitate
26;196;1511;626;6.111;6.111;-9924225;FaCellitate
26;197;1511;616;3.390;3.390;-10842000;FaCellitate
26;198;1515;612;1.918;1.918;-10253453;FaCellitate
26;199;1520;605;2.916;2.916;-10581389;FaCellitate
26;200;1524;599;2.445;2.445;-10847887;FaCellitate
26;201;1530;591;3.390;3.390;-10255498;FaCellitate
26;202;1528;589;0.959;0.959;-9791099;FaCellitate
26;203;1526;582;2.468;2.468;-11040137;FaCellitate
26;204;1526;580;0.678;0.678;-10781331;FaCellitate
26;205;1526;574;2.034;2.034;-10780813;FaCellitate
26;206;1530;570;1.918;1.918;-10452618;FaCellitate
26;207;1532;563;2.468;2.468;-11700373;FaCellitate
26;208;1536;559;1.918;1.918;-11963032;FaCellitate
26;209;1545;551;4.082;4.082;-11239059;FaCellitate
26;210;1545;549;0.678;0.678;-11108238;FaCellitate
26;211;1549;545;1.918;1.918;-11171208;FaCellitate
26;212;1555;540;2.648;2.648;-10451850;FaCellitate
27;2;758;1832;1.918;1.918;-10654615;FaCellitate
27;3;761;1824;2.896;2.896;-12047778;FaCellitate
27;4;761;1821;1.017;1.017;-12246954;FaCellitate
27;5;763;1815;2.144;2.144;-11121286;FaCellitate
27;6;769;1809;2.877;2.877;-11253147;FaCellitate
27;7;775;1805;2.445;2.445;-11306393;FaCellitate
27;8;779;1805;1.356;1.356;-11123353;FaCellitate
27;9;782;1805;1.017;1.017;-11978149;FaCellitate
27;10;784;1803;0.959;0.959;-11117730;FaCellitate
27;11;792;1801;2.795;2.795;-11969701;FaCellitate
27;12;796;1798;1.695;1.695;-10655367;FaCellitate
27;13;807;1798;3.729;3.729;-11714217;FaCellitate
27;14;809;1792;2.144;2.144;-12704684;FaCellitate
27;15;815;1788;2.445;2.445;-11717037;FaCellitate
27;16;815;1788;0.000;0.000;-10977163;FaCellitate
27;17;815;1784;1.356;1.356;-11580574;FaCellitate
27;18;815;1782;0.678;0.678;-10518670;FaCellitate
27;19;813;1773;3.125;3.125;-11569816;FaCellitate
27;20;811;1769;1.516;1.516;-11308174;FaCellitate
27;21;809;1763;2.144;2.144;-13296054;FaCellitate
27;22;811;1756;2.468;2.468;-11117989;FaCellitate
27;23;815;1748;3.032;3.032;-9466495;FaCellitate
27;24;817;1744;1.516;1.516;-11116456;FaCellitate
27;25;819;1744;0.678;0.678;-12770727;FaCellitate
27;26;821;1740;1.516;1.516;-14015919;FaCellitate
27;27;826;1738;1.826;1.826;-13291691;FaCellitate
27;28;834;1736;2.795;2.795;-10584972;FaCellitate
27;29;838;1729;2.733;2.733;-10065544;FaCellitate
27;30;840;1725;1.516;1.516;-12703165;FaCellitate
27;31;847;1719;3.125;3.125;-14009033;FaCellitate
27;32;861;1712;5.306;5.306;-11313568;FaCellitate
27;33;865;1706;2.445;2.445;-12373160;FaCellitate
27;34;870;1702;2.171;2.171;-10778762;FaCellitate
27;35;872;1698;1.516;1.516;-10908036;FaCellitate
27;36;878;1694;2.445;2.445;-10647695;FaCellitate
27;37;882;1685;3.339;3.339;-12043665;FaCellitate
27;38;886;1679;2.445;2.445;-10392723;FaCellitate
27;39;891;1673;2.648;2.648;-10780048;FaCellitate
27;40;891;1671;0.678;0.678;-9870229;FaCellitate
27;41;891;1666;1.695;1.695;-10399905;FaCellitate
27;42;893;1664;0.959;0.959;-12497824;FaCellitate
27;43;895;1660;1.516;1.516;-11104902;FaCellitate
27;44;897;1654;2.144;2.144;-11372698;FaCellitate
27;45;897;1647;2.373;2.373;-11963534;FaCellitate
27;46;899;1639;2.795;2.795;-12033701;FaCellitate
27;47;901;1635;1.516;1.516;-11311007;FaCellitate
27;48;893;1629;3.390;3.390;-11512986;FaCellitate
27;49;893;1637;2.712;2.712;-11833501;FaCellitate
27;50;895;1633;1.516;1.516;-11579541;FaCellitate
27;51;895;1635;0.678;0.678;-13360558;FaCellitate
27;52;899;1635;1.356;1.356;-12487583;FaCellitate
27;53;901;1633;0.959;0.959;-13426876;FaCellitate
27;54;914;1633;4.407;4.407;-12177324;FaCellitate
27;55;920;1635;2.144;2.144;-12433322;FaCellitate
27;56;924;1633;1.516;1.516;-11184801;FaCellitate
27;57;935;1626;4.420;4.420;-11586717;FaCellitate
27;58;945;1618;4.341;4.341;-12902315;FaCellitate
27;59;956;1608;5.040;5.040;-11831959;FaCellitate
27;60;956;1601;2.373;2.373;-10058119;FaCellitate
27;61;960;1593;3.032;3.032;-11243933;FaCellitate
27;62;958;1585;2.795;2.795;-11634331;FaCellitate
27;63;962;1580;2.171;2.171;-11965077;FaCellitate
27;64;962;1576;1.356;1.356;-11373981;FaCellitate
27;65;962;1572;1.356;1.356;-9672853;FaCellitate
27;66;964;1568;1.516;1.516;-13609651;FaCellitate
27;67;966;1555;4.459;4.459;-12044445;FaCellitate
27;68;970;1547;3.032;3.032;-11125653;FaCellitate
27;69;972;1543;1.516;1.516;-11785374;FaCellitate
27;70;983;1534;4.818;4.818;-10725012;FaCellitate
27;71;981;1526;2.795;2.795;-10850959;FaCellitate
27;72;983;1517;3.125;3.125;-11051921;FaCellitate
27;73;985;1515;0.959;0.959;-11391398;FaCellitate
27;74;989;1509;2.445;2.445;-10338203;FaCellitate
27;75;987;1501;2.795;2.795;-11644057;FaCellitate
27;76;985;1497;1.516;1.516;-10271635;FaCellitate
27;77;983;1490;2.468;2.468;-11319207;FaCellitate
27;78;987;1473;5.920;5.920;-12503968;FaCellitate
27;79;998;1463;5.040;5.040;-11440534;FaCellitate
27;80;1002;1457;2.445;2.445;-11115671;FaCellitate
27;81;1004;1459;0.959;0.959;-11967648;FaCellitate
27;82;1016;1446;5.998;5.998;-12565411;FaCellitate
27;83;1016;1440;2.034;2.034;-8687990;FaCellitate
27;84;1029;1434;4.854;4.854;-11772821;FaCellitate
27;85;1029;1434;0.000;0.000;-11127456;FaCellitate
27;86;1037;1427;3.604;3.604;-9802370;FaCellitate
27;87;1044;1415;4.710;4.710;-11249818;FaCellitate
27;88;1048;1415;1.356;1.356;-11050143;FaCellitate
27;89;1050;1415;0.678;0.678;-10468483;FaCellitate
27;90;1052;1406;3.125;3.125;-11711143;FaCellitate
27;91;1052;1404;0.678;0.678;-7965807;FaCellitate
27;92;1058;1398;2.877;2.877;-11845025;FaCellitate
27;93;1060;1396;0.959;0.959;-12307359;FaCellitate
27;94;1065;1394;1.826;1.826;-11449489;FaCellitate
27;95;1071;1392;2.144;2.144;-12103068;FaCellitate
27;96;1071;1385;2.373;2.373;-12440232;FaCellitate
27;97;1077;1381;2.445;2.445;-11640472;FaCellitate
27;98;1079;1381;0.678;0.678;-11446419;FaCellitate
27;99;1083;1381;1.356;1.356;-10593677;FaCellitate
27;100;1088;1381;1.695;1.695;-13158062;FaCellitate
27;101;1096;1377;3.032;3.032;-13422265;FaCellitate
27;102;1100;1371;2.445;2.445;-11780521;FaCellitate
27;103;1107;1371;2.373;2.373;-12689811;FaCellitate
27;104;1115;1367;3.032;3.032;-14147780;FaCellitate
27;105;1125;1360;4.138;4.138;-13030330;FaCellitate
27;106;1136;1356;3.968;3.968;-11766164;FaCellitate
27;107;1138;1354;0.959;0.959;-12436131;FaCellitate
27;108;1142;1352;1.516;1.516;-11585939;FaCellitate
27;109;1148;1350;2.144;2.144;-11455631;FaCellitate
27;110;1157;1346;3.339;3.339;-13423028;FaCellitate
27;111;1161;1343;1.695;1.695;-11189385;FaCellitate
27;112;1167;1341;2.144;2.144;-12170653;FaCellitate
27;113;1174;1339;2.468;2.468;-10324104;FaCellitate
27;114;1176;1333;2.144;2.144;-11176839;FaCellitate
27;115;1190;1318;6.956;6.956;-11959964;FaCellitate
27;116;1195;1318;1.695;1.695;-11240853;FaCellitate
27;117;1195;1310;2.712;2.712;-11040905;FaCellitate
27;118;1197;1302;2.795;2.795;-10589076;FaCellitate
27;119;1195;1297;1.826;1.826;-10263948;FaCellitate
27;120;1195;1297;0.000;0.000;-11713700;FaCellitate
27;121;1199;1297;1.356;1.356;-11380381;FaCellitate
27;122;1205;1297;2.034;2.034;-12176561;FaCellitate
27;123;1209;1297;1.356;1.356;-11126413;FaCellitate
27;124;1218;1302;3.490;3.490;-11188376;FaCellitate
27;125;1226;1302;2.712;2.712;-10913167;FaCellitate
27;126;1232;1302;2.034;2.034;-10857889;FaCellitate
27;127;1245;1310;5.175;5.175;-11499660;FaCellitate
27;128;1241;1306;1.918;1.918;-12562855;FaCellitate
27;129;1249;1304;2.795;2.795;-11647907;FaCellitate
27;130;1247;1291;4.459;4.459;-12562353;FaCellitate
27;131;1253;1283;3.390;3.390;-11456160;FaCellitate
27;132;1255;1278;1.826;1.826;-10400659;FaCellitate
27;133;1262;1276;2.468;2.468;-10728597;FaCellitate
27;134;1270;1276;2.712;2.712;-11699344;FaCellitate
27;135;1276;1278;2.144;2.144;-12225680;FaCellitate
27;136;1285;1285;3.865;3.865;-11500678;FaCellitate
27;137;1289;1289;1.918;1.918;-11574929;FaCellitate
27;138;1297;1291;2.795;2.795;-12303782;FaCellitate
27;139;1304;1289;2.468;2.468;-11183255;FaCellitate
27;140;1308;1285;1.918;1.918;-11694220;FaCellitate
27;141;1325;1281;5.920;5.920;-12425109;FaCellitate
27;142;1337;1278;4.193;4.193;-11042443;FaCellitate
27;143;1346;1272;3.667;3.667;-11241102;FaCellitate
27;144;1350;1268;1.918;1.918;-11041932;FaCellitate
27;145;1350;1249;6.441;6.441;-11126676;FaCellitate
27;146;1358;1239;4.341;4.341;-11913120;FaCellitate
27;147;1364;1234;2.648;2.648;-12770988;FaCellitate
27;148;1358;1230;2.445;2.445;-13807809;FaCellitate
27;149;1362;1230;1.356;1.356;-8947061;FaCellitate
27;150;1364;1230;0.678;0.678;-10061166;FaCellitate
27;151;1358;1230;2.034;2.034;-10388876;FaCellitate
27;152;1360;1230;0.678;0.678;-11255709;FaCellitate
27;153;1360;1220;3.390;3.390;-11571607;FaCellitate
27;154;1358;1205;5.130;5.130;-13083542;FaCellitate
27;155;1364;1205;2.034;2.034;-9600365;FaCellitate
27;156;1379;1201;5.263;5.263;-11241102;FaCellitate
27;157;1379;1192;3.051;3.051;-11308178;FaCellitate
27;158;1379;1192;0.000;0.000;-10914691;FaCellitate
27;159;1379;1186;2.034;2.034;-12425889;FaCellitate
27;160;1390;1188;3.790;3.790;-11835544;FaCellitate
27;161;1390;1184;1.356;1.356;-12238512;FaCellitate
27;162;1394;1178;2.445;2.445;-11122581;FaCellitate
27;163;1394;1174;1.356;1.356;-11117981;FaCellitate
27;164;1394;1165;3.051;3.051;-10983833;FaCellitate
27;165;1394;1157;2.712;2.712;-8559476;FaCellitate
27;166;1396;1151;2.144;2.144;-10401678;FaCellitate
27;167;1404;1151;2.712;2.712;-11640195;FaCellitate
27;168;1411;1148;2.582;2.582;-9605751;FaCellitate
27;169;1413;1146;0.959;0.959;-9864826;FaCellitate
27;170;1429;1155;6.223;6.223;-10845841;FaCellitate
27;171;1425;1157;1.516;1.516;-10384251;FaCellitate
27;172;1423;1165;2.795;2.795;-10452853;FaCellitate
27;173;1429;1159;2.877;2.877;-10256759;FaCellitate
28;2;647;444;2.712;2.712;-13357235;FaCellitate
28;3;643;440;1.918;1.918;-12571818;FaCellitate
28;4;647;438;1.516;1.516;-13426100;FaCellitate
28;5;647;436;0.678;0.678;-13097135;FaCellitate
28;6;649;431;1.826;1.826;-13947840;FaCellitate
28;7;652;425;2.274;2.274;-14272706;FaCellitate
28;8;656;419;2.445;2.445;-13685950;FaCellitate
28;9;660;413;2.445;2.445;-11581855;FaCellitate
28;10;658;408;1.826;1.826;-9874569;FaCellitate
28;11;658;404;1.356;1.356;-10856588;FaCellitate
28;12;660;404;0.678;0.678;-11383469;FaCellitate
28;13;658;398;2.144;2.144;-10323851;FaCellitate
28;14;666;394;3.032;3.032;-11450277;FaCellitate
28;15;670;392;1.516;1.516;-13622984;FaCellitate
28;16;675;389;1.977;1.977;-11849663;FaCellitate
28;17;675;383;2.034;2.034;-9344648;FaCellitate
28;18;679;383;1.356;1.356;-10929814;FaCellitate
28;19;679;379;1.356;1.356;-10003850;FaCellitate
28;20;683;377;1.516;1.516;-12703153;FaCellitate
28;21;685;371;2.144;2.144;-12044205;FaCellitate
28;22;685;371;0.000;0.000;-13558462;FaCellitate
28;23;685;366;1.695;1.695;-9079676;FaCellitate
28;24;687;362;1.516;1.516;-12562614;FaCellitate
28;25;687;360;0.678;0.678;-9602960;FaCellitate
28;26;683;358;1.516;1.516;-9408388;FaCellitate
28;27;687;356;1.516;1.516;-10850965;FaCellitate
28;28;689;352;1.516;1.516;-12498361;FaCellitate
28;29;687;348;1.516;1.516;-13023683;FaCellitate
28;30;691;343;2.171;2.171;-12762287;FaCellitate
28;31;691;339;1.356;1.356;-12886705;FaCellitate
28;32;691;335;1.356;1.356;-10582405;FaCellitate
28;33;689;331;1.516;1.516;-10651535;FaCellitate
28;34;691;329;0.959;0.959;-11640472;FaCellitate
28;35;698;324;2.916;2.916;-10653586;FaCellitate
28;36;704;320;2.445;2.445;-9334396;FaCellitate
28;37;704;320;0.000;0.000;-9597057;FaCellitate
28;38;704;318;0.678;0.678;-10254469;FaCellitate
28;39;704;316;0.678;0.678;-9864849;FaCellitate
28;40;704;316;0.000;0.000;-10263447;FaCellitate
28;41;702;308;2.795;2.795;-10780300;FaCellitate
28;42;702;304;1.356;1.356;-10061967;FaCellitate
28;43;710;304;2.712;2.712;-12831144;FaCellitate
28;44;704;293;4.248;4.248;-11639962;FaCellitate
28;45;702;291;0.959;0.959;-11772585;FaCellitate
28;46;710;287;3.032;3.032;-11181982;FaCellitate
28;47;712;285;0.959;0.959;-10387597;FaCellitate
28;48;710;283;0.959;0.959;-9608590;FaCellitate
28;49;712;276;2.468;2.468;-10649479;FaCellitate
28;50;714;276;0.678;0.678;-11848632;FaCellitate
28;51;714;272;1.356;1.356;-10396574;FaCellitate
28;52;721;270;2.468;2.468;-10916501;FaCellitate
28;53;729;264;3.390;3.390;-10725539;FaCellitate
28;54;723;262;2.144;2.144;-10461597;FaCellitate
28;55;723;255;2.373;2.373;-10454667;FaCellitate
28;56;725;251;1.516;1.516;-10386057;FaCellitate
28;57;727;245;2.144;2.144;-10653079;FaCellitate
28;58;729;245;0.678;0.678;-12434868;FaCellitate
28;59;731;241;1.516;1.516;-10659221;FaCellitate
28;60;735;236;2.171;2.171;-12703155;FaCellitate
28;61;740;234;1.826;1.826;-14206125;FaCellitate
28;62;746;226;3.390;3.390;-14274487;FaCellitate
28;63;746;220;2.034;2.034;-13817522;FaCellitate
28;64;744;215;1.826;1.826;-12112811;FaCellitate
28;65;746;207;2.795;2.795;-11117211;FaCellitate
28;66;746;205;0.678;0.678;-11776421;FaCellitate
28;67;746;203;0.678;0.678;-11781057;FaCellitate
28;68;750;197;2.445;2.445;-11653038;FaCellitate
28;69;750;192;1.695;1.695;-13030837;FaCellitate
28;70;761;186;4.248;4.248;-13292732;FaCellitate
28;71;767;169;6.111;6.111;-13222084;FaCellitate
28;72;767;167;0.678;0.678;-10460059;FaCellitate
28;73;775;169;2.795;2.795;-8874633;FaCellitate
28;74;771;163;2.445;2.445;-10719129;FaCellitate
28;75;773;161;0.959;0.959;-9270919;FaCellitate
28;76;782;157;3.339;3.339;-10065049;FaCellitate
28;77;782;153;1.356;1.356;-9137293;FaCellitate
28;78;782;148;1.695;1.695;-9269894;FaCellitate
28;79;786;142;2.445;2.445;-9666184;FaCellitate
28;80;790;140;1.516;1.516;-10134417;FaCellitate
28;81;786;144;1.918;1.918;-10584214;FaCellitate
28;82;784;134;3.457;3.457;-11372698;FaCellitate
28;83;786;134;0.678;0.678;-10779534;FaCellitate
28;84;784;134;0.678;0.678;-10979221;FaCellitate
28;85;790;125;3.667;3.667;-10978194;FaCellitate
28;86;786;121;1.918;1.918;-10980761;FaCellitate
28;87;792;123;2.144;2.144;-11242134;FaCellitate
28;88;790;123;0.678;0.678;-12364724;FaCellitate
28;89;800;117;3.953;3.953;-12030629;FaCellitate
28;90;798;113;1.516;1.516;-11177879;FaCellitate
28;91;800;109;1.516;1.516;-11047584;FaCellitate
28;92;805;109;1.695;1.695;-10056579;FaCellitate
28;93;807;106;1.222;1.222;-11370129;FaCellitate
28;94;809;102;1.516;1.516;-11700375;FaCellitate
28;95;809;104;0.678;0.678;-11304588;FaCellitate
28;96;811;100;1.516;1.516;-11438745;FaCellitate
28;97;813;96;1.516;1.516;-10912399;FaCellitate
28;98;813;94;0.678;0.678;-11042445;FaCellitate
28;99;815;88;2.144;2.144;-10977679;FaCellitate
28;100;815;85;1.017;1.017;-11964323;FaCellitate
28;101;815;79;2.034;2.034;-11305890;FaCellitate
28;102;813;77;0.959;0.959;-11180450;FaCellitate
28;103;811;73;1.516;1.516;-9729162;FaCellitate
28;104;803;67;3.390;3.390;-9205631;FaCellitate
28;105;798;71;2.171;2.171;-11178389;FaCellitate
28;106;800;67;1.516;1.516;-10848662;FaCellitate
28;107;805;67;1.695;1.695;-12174249;FaCellitate
28;108;809;60;2.733;2.733;-12174251;FaCellitate
28;109;811;54;2.144;2.144;-9867663;FaCellitate
28;110;821;44;4.794;4.794;-10454918;FaCellitate
28;111;819;39;1.826;1.826;-10322054;FaCellitate
28;112;815;35;1.918;1.918;-11173777;FaCellitate
28;113;817;35;0.678;0.678;-10978962;FaCellitate
28;114;815;35;0.678;0.678;-11175820;FaCellitate
28;115;817;31;1.516;1.516;-10912399;FaCellitate
28;116;817;31;0.000;0.000;-11505817;FaCellitate
28;117;823;31;2.034;2.034;-10848397;FaCellitate
28;118;830;23;3.604;3.604;-10192516;FaCellitate
28;119;832;20;1.222;1.222;-10392716;FaCellitate
28;120;832;14;2.034;2.034;-11245717;FaCellitate
28;121;832;14;0.000;0.000;-11441813;FaCellitate
28;122;842;12;3.457;3.457;-11187103;FaCellitate
29;2;1184;597;2.445;2.445;-10322305;FaCellitate
29;3;1188;582;5.263;5.263;-11973264;FaCellitate
29;4;1190;574;2.795;2.795;-10522245;FaCellitate
29;5;1192;561;4.459;4.459;-10791811;FaCellitate
29;6;1201;551;4.561;4.561;-12496284;FaCellitate
29;7;1207;545;2.877;2.877;-11318683;FaCellitate
29;8;1213;538;3.125;3.125;-10921104;FaCellitate
29;9;1224;530;4.611;4.611;-12431528;FaCellitate
29;10;1230;528;2.144;2.144;-12897461;FaCellitate
29;11;1245;532;5.263;5.263;-9936025;FaCellitate
29;12;1255;530;3.457;3.457;-10066833;FaCellitate
29;13;1266;522;4.611;4.611;-10521240;FaCellitate
29;14;1266;519;1.017;1.017;-11181731;FaCellitate
29;15;1264;513;2.144;2.144;-11647130;FaCellitate
29;16;1264;505;2.712;2.712;-11910048;FaCellitate
29;17;1270;496;3.667;3.667;-10002857;FaCellitate
29;18;1274;490;2.445;2.445;-10259081;FaCellitate
29;19;1283;486;3.339;3.339;-11045523;FaCellitate
29;20;1283;482;1.356;1.356;-9668488;FaCellitate
29;21;1283;475;2.373;2.373;-11783084;FaCellitate
29;22;1291;469;3.390;3.390;-12178853;FaCellitate
29;23;1291;463;2.034;2.034;-12109476;FaCellitate
29;24;1295;450;4.611;4.611;-11046806;FaCellitate
29;25;1302;444;3.125;3.125;-11045266;FaCellitate
29;26;1306;442;1.516;1.516;-11048595;FaCellitate
29;27;1310;436;2.445;2.445;-10591645;FaCellitate
29;28;1314;431;2.171;2.171;-11508386;FaCellitate
29;29;1314;425;2.034;2.034;-10389905;FaCellitate
29;30;1318;417;3.032;3.032;-11577251;FaCellitate
29;31;1322;408;3.339;3.339;-10458780;FaCellitate
29;32;1327;398;3.790;3.790;-9929881;FaCellitate
29;33;1329;392;2.144;2.144;-10455700;FaCellitate
29;34;1333;387;2.171;2.171;-8817294;FaCellitate
29;35;1343;379;4.341;4.341;-8745092;FaCellitate
29;36;1348;375;2.171;2.171;-9998732;FaCellitate
29;37;1356;369;3.390;3.390;-11115420;FaCellitate
29;38;1358;360;3.125;3.125;-9996428;FaCellitate
29;39;1364;352;3.390;3.390;-10521491;FaCellitate
29;40;1371;348;2.733;2.733;-9534596;FaCellitate
29;41;1373;343;1.826;1.826;-9867914;FaCellitate
29;42;1375;335;2.795;2.795;-11247793;FaCellitate
29;43;1383;329;3.390;3.390;-9797257;FaCellitate
29;44;1381;318;3.790;3.790;-11575711;FaCellitate
29;45;1385;314;1.918;1.918;-10979221;FaCellitate
29;46;1387;308;2.144;2.144;-11570845;FaCellitate
29;47;1390;304;1.695;1.695;-10388114;FaCellitate
29;48;1390;304;0.000;0.000;-10263952;FaCellitate
29;49;1400;291;5.560;5.560;-12754088;FaCellitate
29;50;1402;280;3.790;3.790;-10716308;FaCellitate
29;51;1406;274;2.445;2.445;-12097694;FaCellitate
29;52;1404;272;0.959;0.959;-11117714;FaCellitate
29;53;1408;268;1.918;1.918;-10789016;FaCellitate
29;54;1415;257;4.420;4.420;-11640985;FaCellitate
29;55;1417;249;2.795;2.795;-10652566;FaCellitate
29;56;1429;239;5.295;5.295;-13411751;FaCellitate
29;57;1427;236;1.222;1.222;-10525603;FaCellitate
29;58;1432;232;2.171;2.171;-12625578;FaCellitate
29;59;1436;232;1.356;1.356;-10917013;FaCellitate
29;60;1442;228;2.445;2.445;-11968424;FaCellitate
29;61;1442;222;2.034;2.034;-11638693;FaCellitate
29;62;1448;209;4.854;4.854;-10455187;FaCellitate
29;63;1455;209;2.373;2.373;-9803409;FaCellitate
29;64;1455;199;3.390;3.390;-10524823;FaCellitate
29;65;1461;190;3.667;3.667;-10917530;FaCellitate
29;66;1469;186;3.032;3.032;-10001046;FaCellitate
29;67;1478;176;4.561;4.561;-10261892;FaCellitate
29;68;1480;169;2.468;2.468;-10455957;FaCellitate
29;69;1488;161;3.835;3.835;-10131848;FaCellitate
29;70;1488;155;2.034;2.034;-10654615;FaCellitate
29;71;1490;150;1.826;1.826;-10460312;FaCellitate
29;72;1490;150;0.000;0.000;-9997463;FaCellitate
29;73;1490;150;0.000;0.000;-9928349;FaCellitate
29;74;1492;146;1.516;1.516;-9865877;FaCellitate
29;75;1497;138;3.198;3.198;-10587545;FaCellitate
29;76;1497;132;2.034;2.034;-10586255;FaCellitate
29;77;1494;123;3.216;3.216;-10588816;FaCellitate
29;78;1503;119;3.339;3.339;-12030367;FaCellitate
29;79;1503;117;0.678;0.678;-9934995;FaCellitate
29;80;1505;125;2.795;2.795;-12297641;FaCellitate
29;81;1507;119;2.144;2.144;-10520208;FaCellitate
29;82;1507;115;1.356;1.356;-10453906;FaCellitate
29;83;1511;109;2.445;2.445;-10916501;FaCellitate
29;84;1509;102;2.468;2.468;-12887216;FaCellitate
29;85;1511;102;0.678;0.678;-11769499;FaCellitate
29;86;1517;104;2.144;2.144;-9795976;FaCellitate
29;87;1526;104;3.051;3.051;-9665667;FaCellitate
29;88;1534;102;2.795;2.795;-13347506;FaCellitate
29;89;1538;96;2.445;2.445;-12758946;FaCellitate
29;90;1543;90;2.648;2.648;-13217464;FaCellitate
29;91;1547;88;1.516;1.516;-13742268;FaCellitate
29;92;1549;81;2.468;2.468;-13675190;FaCellitate
29;93;1549;79;0.678;0.678;-12952752;FaCellitate
29;94;1545;83;1.918;1.918;-12432309;FaCellitate
29;95;1551;69;5.163;5.163;-12755371;FaCellitate
29;96;1551;60;3.051;3.051;-14070979;FaCellitate
29;97;1551;52;2.712;2.712;-12687270;FaCellitate
29;98;1557;50;2.144;2.144;-13215922;FaCellitate
29;99;1557;54;1.356;1.356;-12097189;FaCellitate
29;100;1557;50;1.356;1.356;-9991813;FaCellitate
29;101;1561;44;2.445;2.445;-11377300;FaCellitate
29;102;1566;46;1.826;1.826;-9273732;FaCellitate
29;103;1574;44;2.795;2.795;-12557974;FaCellitate
29;104;1574;37;2.373;2.373;-12360866;FaCellitate
29;105;1574;33;1.356;1.356;-11769248;FaCellitate
29;106;1576;37;1.516;1.516;-12094618;FaCellitate
29;107;1574;35;0.959;0.959;-13277097;FaCellitate
29;108;1572;31;1.516;1.516;-10781591;FaCellitate
29;109;1570;25;2.144;2.144;-10125201;FaCellitate
29;110;1572;23;0.959;0.959;-10124942;FaCellitate
29;111;1572;18;1.695;1.695;-10188678;FaCellitate
29;112;1576;16;1.516;1.516;-12496811;FaCellitate
29;113;1587;12;3.968;3.968;-12556709;FaCellitate
30;2;1549;545;2.144;2.144;-10464148;FaCellitate
30;3;1547;538;2.468;2.468;-10324605;FaCellitate
30;4;1553;532;2.877;2.877;-10473592;FaCellitate
30;5;1557;528;1.918;1.918;-9748347;FaCellitate
30;6;1557;519;3.051;3.051;-11587469;FaCellitate
30;7;1564;513;3.125;3.125;-10866315;FaCellitate
30;8;1566;505;2.795;2.795;-10073486;FaCellitate
30;9;1566;496;3.051;3.051;-10070654;FaCellitate
30;10;1566;490;2.034;2.034;-11112335;FaCellitate
30;11;1576;484;3.953;3.953;-11315842;FaCellitate
30;12;1576;478;2.034;2.034;-10465423;FaCellitate
30;13;1576;467;3.729;3.729;-12376745;FaCellitate
30;14;1585;461;3.667;3.667;-10854542;FaCellitate
30;15;1593;457;3.032;3.032;-11052439;FaCellitate
30;16;1591;448;3.125;3.125;-10332038;FaCellitate
30;17;1599;442;3.390;3.390;-11182996;FaCellitate
30;18;1601;436;2.144;2.144;-10984082;FaCellitate
30;19;1610;425;4.818;4.818;-10653588;FaCellitate
30;20;1606;419;2.445;2.445;-11114641;FaCellitate
30;21;1608;413;2.144;2.144;-12364973;FaCellitate
30;22;1610;408;1.826;1.826;-11643287;FaCellitate
30;23;1616;402;2.877;2.877;-12294042;FaCellitate
30;24;1620;396;2.445;2.445;-11313050;FaCellitate
30;25;1622;389;2.468;2.468;-10658960;FaCellitate
30;26;1626;383;2.445;2.445;-9802118;FaCellitate
30;27;1631;385;1.826;1.826;-12556193;FaCellitate
30;28;1631;375;3.390;3.390;-12238743;FaCellitate
30;29;1639;366;4.082;4.082;-11177103;FaCellitate
30;30;1643;358;3.032;3.032;-9670268;FaCellitate
30;31;1643;352;2.034;2.034;-11510152;FaCellitate
30;32;1650;343;3.865;3.865;-11501462;FaCellitate
30;33;1647;337;2.274;2.274;-11388047;FaCellitate
30;34;1652;331;2.648;2.648;-12638126;FaCellitate
30;35;1660;324;3.604;3.604;-10521483;FaCellitate
30;36;1664;318;2.445;2.445;-11172750;FaCellitate
30;37;1671;304;5.306;5.306;-10782345;FaCellitate
30;38;1671;297;2.373;2.373;-11106444;FaCellitate
30;39;1673;291;2.144;2.144;-10582151;FaCellitate
30;40;1673;285;2.034;2.034;-9602432;FaCellitate
30;41;1673;280;1.695;1.695;-9146229;FaCellitate
30;42;1673;280;0.000;0.000;-10518660;FaCellitate
30;43;1673;274;2.034;2.034;-11112068;FaCellitate
30;44;1675;270;1.516;1.516;-11634578;FaCellitate
30;45;1679;264;2.445;2.445;-11575444;FaCellitate
30;46;1683;259;2.171;2.171;-11372673;FaCellitate
30;47;1689;253;2.877;2.877;-10911367;FaCellitate
30;48;1689;249;1.356;1.356;-10845064;FaCellitate
30;49;1691;247;0.959;0.959;-10988936;FaCellitate
30;50;1698;241;3.125;3.125;-10647936;FaCellitate
30;51;1700;236;1.826;1.826;-11176839;FaCellitate
30;52;1698;226;3.457;3.457;-11378055;FaCellitate
30;53;1700;220;2.144;2.144;-11310472;FaCellitate
30;54;1700;211;3.051;3.051;-11446165;FaCellitate
30;55;1700;209;0.678;0.678;-11112062;FaCellitate
30;56;1698;203;2.144;2.144;-11704736;FaCellitate
30;57;1698;201;0.678;0.678;-11243656;FaCellitate
30;58;1687;203;3.790;3.790;-13360544;FaCellitate
30;59;1696;199;3.339;3.339;-10980484;FaCellitate
30;60;1698;188;3.790;3.790;-11705488;FaCellitate
30;61;1698;184;1.356;1.356;-10517379;FaCellitate
30;62;1698;182;0.678;0.678;-10127744;FaCellitate
30;63;1696;178;1.516;1.516;-11381137;FaCellitate
30;64;1698;169;3.125;3.125;-10854282;FaCellitate
30;65;1706;161;3.835;3.835;-10526352;FaCellitate
30;66;1717;155;4.248;4.248;-11175563;FaCellitate
30;67;1719;148;2.468;2.468;-10650757;FaCellitate
30;68;1717;142;2.144;2.144;-10125702;FaCellitate
30;69;1710;136;3.125;3.125;-10781062;FaCellitate
30;70;1708;134;0.959;0.959;-11044486;FaCellitate
30;71;1706;129;1.826;1.826;-9867144;FaCellitate
30;72;1706;127;0.678;0.678;-10065023;FaCellitate
30;73;1706;123;1.356;1.356;-10387844;FaCellitate
30;74;1704;117;2.144;2.144;-11976108;FaCellitate
30;75;1702;111;2.144;2.144;-9738630;FaCellitate
30;76;1702;102;3.051;3.051;-9470092;FaCellitate
30;77;1700;100;0.959;0.959;-11389585;FaCellitate
30;78;1698;88;4.124;4.124;-11639443;FaCellitate
30;79;1698;77;3.729;3.729;-10059900;FaCellitate
30;80;1698;75;0.678;0.678;-10269063;FaCellitate
30;81;1700;64;3.790;3.790;-11051659;FaCellitate
30;82;1704;64;1.356;1.356;-11112068;FaCellitate
30;83;1708;58;2.445;2.445;-10455939;FaCellitate
30;84;1717;46;5.085;5.085;-11108749;FaCellitate
30;85;1712;35;4.096;4.096;-10189703;FaCellitate
30;86;1715;33;1.222;1.222;-10386823;FaCellitate
30;87;1712;29;1.695;1.695;-9860990;FaCellitate
30;88;1710;27;0.959;0.959;-9926525;FaCellitate
30;89;1708;20;2.468;2.468;-10264962;FaCellitate
30;90;1710;18;0.959;0.959;-10451586;FaCellitate
30;91;1708;14;1.516;1.516;-10588798;FaCellitate
30;92;1708;12;0.678;0.678;-9863046;FaCellitate
31;2;1499;738;4.068;4.068;-12502957;FaCellitate
31;3;1499;735;1.017;1.017;-12437146;FaCellitate
31;4;1503;731;1.918;1.918;-12177571;FaCellitate
31;5;1507;729;1.516;1.516;-11385250;FaCellitate
31;6;1509;727;0.959;0.959;-12502454;FaCellitate
31;7;1507;723;1.516;1.516;-10515839;FaCellitate
31;8;1515;714;4.082;4.082;-12162969;FaCellitate
31;9;1520;706;3.198;3.198;-11580309;FaCellitate
31;10;1522;702;1.516;1.516;-12102289;FaCellitate
31;11;1524;696;2.144;2.144;-12699305;FaCellitate
31;12;1526;691;1.826;1.826;-13949108;FaCellitate
31;13;1532;687;2.445;2.445;-12635819;FaCellitate
31;14;1543;681;4.248;4.248;-12425630;FaCellitate
31;15;1551;675;3.390;3.390;-10851487;FaCellitate
31;16;1553;679;1.516;1.516;-10465674;FaCellitate
31;17;1553;675;1.356;1.356;-10662042;FaCellitate
31;18;1555;670;1.826;1.826;-10982543;FaCellitate
31;19;1557;666;1.516;1.516;-10724771;FaCellitate
31;20;1564;662;2.733;2.733;-10394509;FaCellitate
31;21;1570;658;2.445;2.445;-11640473;FaCellitate
31;22;1570;654;1.356;1.356;-10720135;FaCellitate
31;23;1568;652;0.959;0.959;-10516360;FaCellitate
31;24;1568;649;1.017;1.017;-9994116;FaCellitate
31;25;1572;647;1.516;1.516;-10654866;FaCellitate
31;26;1572;643;1.356;1.356;-11977371;FaCellitate
31;27;1574;641;0.959;0.959;-12372133;FaCellitate
31;28;1576;639;0.959;0.959;-12962487;FaCellitate
31;29;1578;633;2.144;2.144;-13093311;FaCellitate
31;30;1585;626;3.356;3.356;-11386778;FaCellitate
31;31;1589;624;1.516;1.516;-12507555;FaCellitate
31;32;1589;620;1.356;1.356;-11643794;FaCellitate
31;33;1591;610;3.457;3.457;-13228719;FaCellitate
31;34;1593;605;1.826;1.826;-13026488;FaCellitate
31;35;1595;603;0.959;0.959;-13546650;FaCellitate
31;36;1599;597;2.445;2.445;-13619391;FaCellitate
31;37;1606;589;3.604;3.604;-10721938;FaCellitate
31;38;1606;589;0.000;0.000;-13095354;FaCellitate
31;39;1608;582;2.468;2.468;-9600389;FaCellitate
31;40;1608;578;1.356;1.356;-10129041;FaCellitate
31;41;1608;576;0.678;0.678;-12506538;FaCellitate
31;42;1608;572;1.356;1.356;-11711127;FaCellitate
31;43;1608;568;1.356;1.356;-10911370;FaCellitate
31;44;1610;561;2.468;2.468;-11181202;FaCellitate
31;45;1612;553;2.795;2.795;-13492403;FaCellitate
31;46;1612;540;4.407;4.407;-13280660;FaCellitate
31;47;1612;532;2.712;2.712;-13151142;FaCellitate
31;48;1614;530;0.959;0.959;-12757940;FaCellitate
31;49;1616;526;1.516;1.516;-13154216;FaCellitate
31;50;1618;522;1.516;1.516;-13086654;FaCellitate
31;51;1620;519;1.222;1.222;-12555680;FaCellitate
31;52;1622;517;0.959;0.959;-13357748;FaCellitate
31;53;1631;513;3.339;3.339;-10389394;FaCellitate
31;54;1631;511;0.678;0.678;-11122580;FaCellitate
31;55;1633;507;1.516;1.516;-11905184;FaCellitate
31;56;1633;501;2.034;2.034;-10524561;FaCellitate
31;57;1635;492;3.125;3.125;-11766926;FaCellitate
31;58;1639;503;3.968;3.968;-12505271;FaCellitate
31;59;1641;501;0.959;0.959;-12037012;FaCellitate
31;60;1639;492;3.125;3.125;-13421747;FaCellitate
31;61;1641;482;3.457;3.457;-10719383;FaCellitate
31;62;1652;482;3.729;3.729;-10060940;FaCellitate
31;63;1652;471;3.729;3.729;-10653069;FaCellitate
31;64;1656;461;3.651;3.651;-11377059;FaCellitate
31;65;1658;454;2.468;2.468;-11380383;FaCellitate
31;66;1656;450;1.516;1.516;-10721689;FaCellitate
31;67;1660;442;3.032;3.032;-10849943;FaCellitate
31;68;1660;442;0.000;0.000;-12493737;FaCellitate
31;69;1660;438;1.356;1.356;-13688258;FaCellitate
31;70;1662;436;0.959;0.959;-13097646;FaCellitate
31;71;1673;429;4.420;4.420;-12040371;FaCellitate
31;72;1681;425;3.032;3.032;-9864840;FaCellitate
31;73;1681;425;0.000;0.000;-11245978;FaCellitate
31;74;1681;425;0.000;0.000;-10063509;FaCellitate
31;75;1681;419;2.034;2.034;-10587032;FaCellitate
31;76;1679;415;1.516;1.516;-12573638;FaCellitate
31;77;1681;400;5.130;5.130;-11310745;FaCellitate
31;78;1694;404;4.611;4.611;-11963296;FaCellitate
31;79;1696;398;2.144;2.144;-12955834;FaCellitate
31;80;1698;394;1.516;1.516;-13485508;FaCellitate
31;81;1702;389;2.171;2.171;-13285308;FaCellitate
31;82;1702;389;0.000;0.000;-12757160;FaCellitate
31;83;1708;385;2.445;2.445;-11443872;FaCellitate
31;84;1710;379;2.144;2.144;-11769766;FaCellitate
31;85;1712;373;2.144;2.144;-10981531;FaCellitate
31;86;1715;371;1.222;1.222;-11966368;FaCellitate
31;87;1715;366;1.695;1.695;-13483171;FaCellitate
31;88;1712;364;1.222;1.222;-11969964;FaCellitate
31;89;1715;360;1.695;1.695;-12437916;FaCellitate
31;90;1721;348;4.548;4.548;-9205126;FaCellitate
31;91;1723;339;3.125;3.125;-12100262;FaCellitate
31;92;1721;329;3.457;3.457;-13678250;FaCellitate
31;93;1721;324;1.695;1.695;-13018018;FaCellitate
31;94;1721;320;1.356;1.356;-11374228;FaCellitate
31;95;1721;318;0.678;0.678;-11574177;FaCellitate
31;96;1729;316;2.795;2.795;-10716560;FaCellitate
31;97;1731;312;1.516;1.516;-12757422;FaCellitate
31;98;1736;310;1.826;1.826;-13937584;FaCellitate
31;99;1736;306;1.356;1.356;-12627357;FaCellitate
31;100;1733;297;3.216;3.216;-11181213;FaCellitate
31;101;1733;293;1.356;1.356;-9735307;FaCellitate
31;102;1738;291;1.826;1.826;-13611434;FaCellitate
31;103;1742;287;1.918;1.918;-13745848;FaCellitate
31;104;1742;283;1.356;1.356;-10722455;FaCellitate
31;105;1744;283;0.678;0.678;-10194040;FaCellitate
31;106;1744;280;1.017;1.017;-11045255;FaCellitate
31;107;1744;280;0.000;0.000;-10063507;FaCellitate
31;108;1744;280;0.000;0.000;-12099242;FaCellitate
31;109;1744;280;0.000;0.000;-10916241;FaCellitate
31;110;1744;280;0.000;0.000;-10653590;FaCellitate
31;111;1744;280;0.000;0.000;-9928338;FaCellitate
31;112;1746;278;0.959;0.959;-13424566;FaCellitate
31;113;1750;268;3.651;3.651;-12893611;FaCellitate
31;114;1756;259;3.667;3.667;-11379110;FaCellitate
31;115;1756;255;1.356;1.356;-13149613;FaCellitate
31;116;1761;253;1.826;1.826;-10189705;FaCellitate
31;117;1765;249;1.918;1.918;-11967377;FaCellitate
31;118;1767;243;2.144;2.144;-14012336;FaCellitate
31;119;1771;234;3.339;3.339;-12960195;FaCellitate
31;120;1773;232;0.959;0.959;-13350839;FaCellitate
31;121;1775;230;0.959;0.959;-10781842;FaCellitate
31;122;1775;230;0.000;0.000;-11770014;FaCellitate
31;123;1777;230;0.678;0.678;-10586771;FaCellitate
31;124;1780;226;1.695;1.695;-9862799;FaCellitate
31;125;1788;226;2.712;2.712;-13152423;FaCellitate
31;126;1784;218;3.032;3.032;-12093593;FaCellitate
31;127;1788;215;1.695;1.695;-11505055;FaCellitate
31;128;1794;211;2.445;2.445;-12622506;FaCellitate
31;129;1794;209;0.678;0.678;-11901085;FaCellitate
31;130;1798;205;1.918;1.918;-12559007;FaCellitate
31;131;1811;192;6.232;6.232;-14202793;FaCellitate
31;132;1809;188;1.516;1.516;-13087908;FaCellitate
31;133;1811;184;1.516;1.516;-11773088;FaCellitate
31;134;1809;180;1.516;1.516;-11376285;FaCellitate
31;135;1811;174;2.144;2.144;-12955834;FaCellitate
31;136;1811;174;0.000;0.000;-13083041;FaCellitate
31;137;1811;174;0.000;0.000;-11248789;FaCellitate
31;138;1807;169;2.171;2.171;-13154490;FaCellitate
31;139;1805;165;1.516;1.516;-11766168;FaCellitate
31;140;1805;161;1.356;1.356;-12097952;FaCellitate
31;141;1807;155;2.144;2.144;-12098211;FaCellitate
31;142;1809;153;0.959;0.959;-12497324;FaCellitate
31;143;1809;146;2.373;2.373;-11839394;FaCellitate
31;144;1811;140;2.144;2.144;-11770265;FaCellitate
31;145;1813;136;1.516;1.516;-14730677;FaCellitate
31;146;1813;136;0.000;0.000;-13292473;FaCellitate
31;147;1817;132;1.918;1.918;-13618865;FaCellitate
31;148;1824;127;2.916;2.916;-13750964;FaCellitate
31;149;1830;119;3.390;3.390;-13091751;FaCellitate
31;150;1832;115;1.516;1.516;-14540755;FaCellitate
31;151;1838;109;2.877;2.877;-14084808;FaCellitate
31;152;1845;102;3.356;3.356;-14738387;FaCellitate
31;153;1851;96;2.877;2.877;-14080193;FaCellitate
31;154;1857;92;2.445;2.445;-11646106;FaCellitate
31;155;1872;96;5.263;5.263;-9872514;FaCellitate
31;156;1872;96;0.000;0.000;-10190467;FaCellitate
31;157;1874;90;2.144;2.144;-10193280;FaCellitate
31;158;1880;85;2.648;2.648;-9668462;FaCellitate
31;159;1882;77;2.795;2.795;-10397063;FaCellitate
31;160;1889;77;2.373;2.373;-9734267;FaCellitate
31;161;1891;73;1.516;1.516;-10201991;FaCellitate
31;162;1899;71;2.795;2.795;-11829880;FaCellitate
31;163;1897;67;1.516;1.516;-11567231;FaCellitate
31;164;1893;64;1.695;1.695;-10921613;FaCellitate
31;165;1899;62;2.144;2.144;-11579535;FaCellitate
31;166;1907;58;3.032;3.032;-11501430;FaCellitate
31;167;1914;54;2.733;2.733;-11308184;FaCellitate
31;168;1910;50;1.918;1.918;-11109752;FaCellitate
31;169;1910;48;0.678;0.678;-10983807;FaCellitate
31;170;1910;44;1.356;1.356;-10591110;FaCellitate
1;2;1132;1486;2.034;1.356;-13280686;Control
1;3;1123;1492;3.667;2.445;-8614525;Control
1;4;1125;1492;0.678;0.452;-12363695;Control
1;5;1071;1515;19.897;13.265;-14198448;Control
1;6;1046;1497;10.443;6.962;-15125191;Control
1;7;1002;1452;21.335;14.224;-16049382;Control
1;8;953;1350;38.361;25.574;-13946059;Control
1;9;926;1234;40.375;26.917;-10915484;Control
1;10;941;1176;20.309;13.539;-11313065;Control
1;11;989;1094;32.210;21.474;-6707089;Control
1;12;1060;1027;33.094;22.063;-7301508;Control
1;13;1165;977;39.425;26.283;-15330775;Control
1;14;1245;891;39.818;26.545;-13287865;Control
1;15;1274;823;25.061;16.707;-9408400;Control
1;16;1266;836;5.175;3.450;-10986393;Control
1;17;1251;832;5.263;3.508;-14992315;Control
1;18;1270;851;9.109;6.073;-10989726;Control
1;19;1318;897;22.538;15.025;-8612463;Control
1;20;1385;949;28.751;19.167;-15322824;Control
1;21;1423;995;20.227;13.484;-10392438;Control
1;22;1488;1088;38.464;25.643;-11188374;Control
1;23;1501;1218;44.290;29.527;-9741191;Control
1;24;1524;1329;38.428;25.619;-12953522;Control
1;25;1555;1362;15.349;10.233;-10140810;Control
1;26;1515;1348;14.367;9.578;-13086638;Control
1;27;1507;1356;3.835;2.557;-12562879;Control
1;28;1517;1375;7.279;4.852;-14207688;Control
1;29;1545;1467;32.600;21.734;-11772058;Control
1;30;1643;1494;34.460;22.973;-9017741;Control
1;31;1746;1459;36.878;24.585;-9936785;Control
1;32;1878;1457;44.753;29.835;-7105907;Control
1;33;2010;1419;46.565;31.044;-11573401;Control
1;34;2144;1408;45.579;30.386;-10729878;Control
1;35;2289;1408;49.155;32.770;-13548998;Control
1;36;2314;1413;8.643;5.762;-14664371;Control
1;37;2281;1400;12.024;8.016;-11311009;Control
1;38;2316;1406;12.038;8.025;-10188401;Control
1;39;2323;1406;2.373;1.582;-8750208;Control
1;40;2325;1406;0.678;0.452;-9665667;Control
1;41;2323;1408;0.959;0.639;-7822444;Control
1;42;2333;1411;3.539;2.360;-6914169;Control
1;43;2327;1421;3.953;2.636;-10984835;Control
1;44;2333;1411;3.953;2.636;-14794186;Control
1;45;2339;1423;4.548;3.032;-9144989;Control
1;46;2339;1429;2.034;1.356;-15448758;Control
1;47;2356;1455;10.531;7.021;-10586289;Control
1;48;2362;1446;3.667;2.445;-14659269;Control
1;49;2362;1440;2.034;1.356;-13214402;Control
1;50;2365;1442;1.222;0.815;-13347005;Control
1;51;2369;1442;1.356;0.904;-11964572;Control
1;52;2369;1438;1.356;0.904;-11966368;Control
1;53;2367;1442;1.516;1.011;-12429227;Control
1;54;2367;1438;1.356;0.904;-11644325;Control
1;55;2371;1442;1.918;1.278;-11512498;Control
1;56;2367;1438;1.918;1.278;-13418952;Control
1;57;2367;1440;0.678;0.452;-9607534;Control
1;58;2369;1436;1.516;1.011;-11114380;Control
1;59;2373;1436;1.356;0.904;-8689261;Control
1;60;2415;1417;15.627;10.418;-13685197;Control
1;61;2513;1385;34.948;23.299;-15913948;Control
1;62;2547;1406;13.547;9.032;-11700612;Control
1;63;2541;1400;2.877;1.918;-13149351;Control
1;64;2536;1402;1.826;1.217;-7561833;Control
1;65;2539;1406;1.695;1.130;-13946292;Control
1;66;2530;1404;3.125;2.084;-12364986;Control
1;67;2528;1404;0.678;0.452;-6650995;Control
1;68;2526;1402;0.959;0.639;-13026740;Control
1;69;2526;1402;0.000;0.000;-12305574;Control
1;70;2528;1404;0.959;0.639;-14198451;Control
1;71;2545;1402;5.803;3.868;-12035222;Control
1;72;2555;1398;3.651;2.434;-13082279;Control
2;2;2320;865;44.749;29.833;-15059925;Control
2;3;2195;819;45.153;30.102;-14989763;Control
2;4;2075;834;40.997;27.331;-10264740;Control
2;5;2023;849;18.347;12.231;-11308184;Control
2;6;2014;863;5.642;3.761;-11704749;Control
2;7;2012;865;0.959;0.639;-5727036;Control
2;8;2016;863;1.516;1.011;-9010819;Control
2;9;1975;918;23.255;15.504;-9732986;Control
2;10;1937;1010;33.744;22.496;-8430729;Control
2;11;1937;1119;36.951;24.634;-10395787;Control
2;12;1945;1224;35.698;23.799;-9011070;Control
2;13;1987;1308;31.837;21.225;-9605240;Control
2;14;2014;1392;29.911;19.941;-11825264;Control
2;15;2058;1467;29.477;19.652;-9144442;Control
2;16;2117;1526;28.286;18.857;-10068875;Control
2;17;2138;1601;26.403;17.602;-9339006;Control
2;18;2136;1696;32.212;21.475;-10843259;Control
2;19;2146;1794;33.395;22.263;-10716552;Control
2;20;2172;1882;31.107;20.738;-12747411;Control
2;21;2220;1914;19.557;13.038;-13746629;Control
4;2;1958;213;37.092;24.728;-13342890;Control
4;3;1893;287;33.389;22.260;-13080234;Control
4;4;1824;389;41.747;27.831;-12099240;Control
4;5;1794;434;18.334;12.223;-11566228;Control
4;6;1731;517;35.324;23.550;-7833454;Control
4;7;1719;547;10.953;7.302;-12690615;Control
4;8;1717;543;1.516;1.011;-10389618;Control
4;9;1717;536;2.373;1.582;-9542529;Control
4;10;1723;551;5.477;3.651;-11110783;Control
4;11;1719;570;6.582;4.388;-12558505;Control
4;12;1687;649;28.895;19.263;-9734793;Control
4;13;1626;733;35.192;23.462;-9735055;Control
4;14;1612;823;30.877;20.585;-8691062;Control
4;15;1612;905;27.798;18.532;-8884089;Control
4;16;1618;953;16.399;10.932;-12751005;Control
4;17;1626;1031;26.581;17.720;-6123881;Control
4;18;1633;1127;32.630;21.754;-4161633;Control
4;19;1633;1127;0.000;0.000;-11379618;Control
4;20;1704;1195;33.327;22.218;-9198962;Control
4;21;1811;1169;37.329;24.886;-9739146;Control
4;22;1834;1079;31.491;20.994;-9393482;Control
4;23;1845;983;32.757;21.838;-14203579;Control
4;24;1863;886;33.444;22.296;-3283014;Control
4;25;1874;775;37.813;25.209;-2758446;Control
4;26;1853;668;36.965;24.643;-14466242;Control
4;27;1838;563;35.956;23.971;-2560297;Control
4;28;1899;465;39.132;26.088;-10795954;Control
4;29;1985;406;35.355;23.570;-13805474;Control
4;30;2040;348;27.097;18.064;-6384493;Control
4;31;2044;352;1.918;1.278;-6970699;Control
4;32;2052;362;4.341;2.894;-12241080;Control
4;33;2065;356;4.854;3.236;-4279117;Control
4;34;2128;337;22.307;14.871;-12229527;Control
4;35;2211;324;28.480;18.987;-13225146;Control
4;36;2283;322;24.417;16.278;-9601151;Control
4;37;2276;320;2.468;1.645;-12826807;Control
4;38;2272;320;1.356;0.904;-10001029;Control
4;39;2266;318;2.144;1.429;-8760741;Control
4;40;2260;331;4.854;3.236;-4811352;Control
4;41;2260;337;2.034;1.356;-8610424;Control
4;42;2253;337;2.373;1.582;-12176543;Control
4;43;2260;339;2.468;1.645;-5327202;Control
4;44;2262;335;1.516;1.011;-7294554;Control
4;45;2255;329;3.125;2.084;-14142649;Control
4;46;2255;333;1.356;0.904;-10583424;Control
4;47;2262;339;3.125;2.084;-14408133;Control
4;48;2260;354;5.130;3.420;-14277832;Control
4;49;2264;358;1.918;1.278;-2960461;Control
4;50;2260;358;1.356;0.904;-11374482;Control
4;51;2251;356;3.125;2.084;-10865050;Control
4;52;2255;345;3.968;2.645;-10397867;Control
4;53;2249;352;3.125;2.084;-14391957;Control
4;54;2245;356;1.918;1.278;-14663100;Control
4;55;2239;354;2.144;1.429;-8942218;Control
4;56;2239;354;0.000;0.000;-9671063;Control
4;57;2235;345;3.339;2.226;-13617874;Control
4;58;2232;343;1.222;0.815;-13549523;Control
4;59;2237;348;2.397;1.598;-9280161;Control
4;60;2235;343;1.826;1.217;-16443364;Control
4;61;2237;348;1.826;1.217;-7635887;Control
4;62;2239;345;1.222;0.815;-12625836;Control
4;63;2239;348;1.017;0.678;-12958160;Control
4;64;2243;356;3.032;2.021;-6964342;Control
4;65;2243;345;3.729;2.486;-12304796;Control
4;66;2245;352;2.468;1.645;-10582109;Control
4;67;2245;352;0.000;0.000;-13814177;Control
4;68;2245;352;0.000;0.000;-12502652;Control
4;69;2245;352;0.000;0.000;-9463878;Control
4;70;2245;345;2.373;1.582;-12823217;Control
4;71;2245;345;0.000;0.000;-11044737;Control
4;72;2245;348;1.017;0.678;-10708337;Control
4;73;2245;348;0.000;0.000;-12944775;Control
4;74;2245;348;0.000;0.000;-14602947;Control
4;75;2245;348;0.000;0.000;-15455437;Control
4;76;2245;348;0.000;0.000;-13804960;Control
4;77;2245;350;0.678;0.452;-13480382;Control
4;78;2245;350;0.000;0.000;-13684693;Control
4;79;2245;350;0.000;0.000;-14470111;Control
4;80;2247;350;0.678;0.452;-14273232;Control
4;81;2247;350;0.000;0.000;-7891588;Control
4;82;2247;350;0.000;0.000;-11911113;Control
4;83;2247;350;0.000;0.000;-9016991;Control
4;84;2247;350;0.000;0.000;-10527390;Control
4;85;2241;348;2.144;1.429;-14145722;Control
4;86;2241;348;0.000;0.000;-15192006;Control
4;87;2253;348;4.068;2.712;-15785172;Control
4;88;2249;339;3.339;2.226;-10847884;Control
4;89;2260;329;5.040;3.360;-1643564;Control
4;90;2268;329;2.712;1.808;-11979707;Control
4;91;2268;333;1.356;0.904;-9016185;Control
4;92;2272;333;1.356;0.904;-11190680;Control
4;93;2270;327;2.144;1.429;-10197377;Control
4;94;2270;329;0.678;0.452;-9937030;Control
4;95;2264;333;2.445;1.630;-7498611;Control
4;96;2264;331;0.678;0.452;-9868699;Control
4;97;2264;329;0.678;0.452;-11581877;Control
4;98;2262;329;0.678;0.452;-12049863;Control
4;99;2264;329;0.678;0.452;-10927530;Control
4;100;2268;324;2.171;1.447;-5195138;Control
4;101;2268;322;0.678;0.452;-9591163;Control
4;102;2266;324;0.959;0.639;-6569862;Control
4;103;2264;327;1.222;0.815;-9483721;Control
4;104;2268;329;1.516;1.011;-12307106;Control
4;105;2293;333;8.583;5.722;-14474684;Control
4;106;2318;331;8.502;5.668;-11703453;Control
4;107;2352;329;11.546;7.697;-11644582;Control
4;108;2375;327;7.826;5.218;-11447470;Control
4;109;2392;327;5.763;3.842;-11444385;Control
4;110;2413;331;7.247;4.831;-9983854;Control
4;111;2423;333;3.457;2.305;-5185334;Control
4;112;2444;335;7.151;4.767;-11577247;Control
4;113;2453;339;3.339;2.226;-10852497;Control
4;114;2455;339;0.678;0.452;-10065804;Control
4;115;2467;337;4.124;2.749;-12231848;Control
4;116;2486;339;6.477;4.318;-9211761;Control
4;117;2497;333;4.248;2.832;-10457236;Control
4;118;2507;316;6.686;4.457;-8154734;Control
4;119;2520;301;6.729;4.486;-10258058;Control
4;120;2530;293;4.341;2.894;-10463898;Control
4;121;2534;280;4.611;3.074;-6248278;Control
4;122;2543;270;4.561;3.041;-7884892;Control
4;123;2551;257;5.175;3.450;-12432566;Control
4;124;2553;249;2.795;1.864;-11440022;Control
4;125;2553;239;3.390;2.260;-11964039;Control
4;126;2551;232;2.468;1.645;-10335397;Control
4;127;2547;211;7.247;4.831;-11185050;Control
4;128;2547;209;0.678;0.452;-11772312;Control
4;129;2547;205;1.356;0.904;-9537928;Control
4;130;2549;215;3.457;2.305;-6584430;Control
4;131;2549;222;2.373;1.582;-9078190;Control
4;132;2549;220;0.678;0.452;-8220803;Control
4;133;2549;222;0.678;0.452;-10064790;Control
4;134;2549;222;0.000;0.000;-9342631;Control
4;135;2549;222;0.000;0.000;-9598624;Control
4;136;2549;222;0.000;0.000;-9275276;Control
4;137;2549;222;0.000;0.000;-9402256;Control
4;138;2549;222;0.000;0.000;-9205633;Control
4;139;2547;222;0.678;0.452;-8481908;Control
4;140;2547;224;0.678;0.452;-8480629;Control
4;141;2547;224;0.000;0.000;-9535131;Control
4;142;2547;224;0.000;0.000;-9539242;Control
4;143;2547;224;0.000;0.000;-6841980;Control
4;144;2547;224;0.000;0.000;-7040664;Control
4;145;2545;220;1.516;1.011;-9662911;Control
4;146;2545;215;1.695;1.130;-7969131;Control
4;147;2547;220;1.826;1.217;-6775920;Control
4;148;2547;228;2.712;1.808;-11519954;Control
4;149;2543;226;1.516;1.011;-13940907;Control
4;150;2543;222;1.356;0.904;-9335973;Control
4;151;2543;218;1.356;0.904;-10190761;Control
4;152;2534;194;8.689;5.793;-10656408;Control
4;153;2528;180;5.163;3.442;-10062731;Control
4;154;2515;171;5.360;3.573;-11706276;Control
4;155;2515;174;1.017;0.678;-8885104;Control
4;156;2515;165;3.051;2.034;-4406851;Control
4;157;2511;153;4.288;2.859;-8232562;Control
4;158;2507;148;2.171;1.447;-11576219;Control
4;159;2505;142;2.144;1.429;-13350329;Control
4;160;2503;134;2.795;1.864;-8753518;Control
4;161;2503;115;6.441;4.294;-7439033;Control
4;162;2499;94;7.247;4.831;-5259645;Control
4;163;2492;73;7.504;5.003;-4668230;Control
4;164;2482;56;6.686;4.457;-7099451;Control
4;165;2471;41;6.306;4.204;-10077136;Control
4;166;2486;33;5.763;3.842;-3360344;Control
5;2;1262;645;2.795;1.864;-13354440;Control
5;3;1247;656;6.306;4.204;-8681389;Control
5;4;1237;658;3.457;2.305;-10838131;Control
5;5;1264;675;10.816;7.211;-12432068;Control
5;6;1289;666;9.007;6.005;-13675192;Control
5;7;1268;689;10.558;7.039;-14993624;Control
5;8;1197;786;40.751;27.167;-9863571;Control
5;9;1086;847;42.937;28.624;-5325135;Control
5;10;962;901;45.849;30.566;-10784687;Control
5;11;905;1027;46.881;31.254;-14141863;Control
5;12;901;1163;46.124;30.749;-14609119;Control
5;13;987;1247;40.753;27.169;-9334181;Control
5;14;1134;1335;58.080;38.720;-12763594;Control
5;15;1192;1434;38.896;25.931;-14135745;Control
5;16;1197;1555;41.054;27.369;-7952251;Control
5;17;1260;1689;50.196;33.464;-10776965;Control
5;18;1270;1790;34.406;22.938;-14400719;Control
5;19;1266;1876;29.186;19.457;-7444065;Control
6;2;956;861;8.150;5.433;-12630439;Control
6;3;968;855;4.548;3.032;-12034468;Control
6;4;1000;851;10.932;7.288;-14015440;Control
6;5;1025;857;8.716;5.810;-15057597;Control
6;6;1073;863;16.399;10.932;-15258830;Control
6;7;1144;872;24.262;16.174;-14922692;Control
6;8;1205;878;20.779;13.853;-14136731;Control
6;9;1220;882;5.263;3.508;-16570569;Control
6;10;1216;874;3.032;2.021;-13867417;Control
6;11;1287;916;27.965;18.643;-16568028;Control
6;12;1302;924;5.763;3.842;-14212554;Control
6;13;1302;920;1.356;0.904;-16768212;Control
6;14;1302;928;2.712;1.808;-14868415;Control
6;15;1304;926;0.959;0.639;-14398915;Control
6;16;1291;928;4.459;2.973;-14931888;Control
6;17;1283;928;2.712;1.808;-12894667;Control
6;18;1285;930;0.959;0.639;-7484733;Control
6;19;1285;935;1.695;1.130;-9151911;Control
6;20;1283;926;3.125;2.084;-14932157;Control
6;21;1287;935;3.339;2.226;-13019816;Control
6;22;1304;945;6.686;4.457;-14864088;Control
6;23;1302;945;0.678;0.452;-13341617;Control
6;24;1341;991;20.444;13.630;-11764376;Control
6;25;1364;993;7.826;5.218;-12221829;Control
6;26;1364;989;1.356;0.904;-11956890;Control
6;27;1402;953;17.745;11.830;-13227705;Control
6;28;1499;876;41.984;27.989;-15256018;Control
6;29;1601;773;49.141;32.761;-10123384;Control
6;30;1675;662;45.224;30.150;-15327418;Control
6;31;1727;557;39.721;26.481;-14204082;Control
6;32;1790;440;45.047;30.032;-15721448;Control
6;33;1868;352;39.864;26.576;-13939647;Control
6;34;1907;293;23.976;15.984;-15194853;Control
6;35;1949;236;24.002;16.001;-12166577;Control
6;36;1998;178;25.739;17.160;-13877177;Control
6;37;2016;163;7.943;5.295;-14999765;Control
6;38;2067;192;19.889;13.259;-13495268;Control
6;39;2054;207;6.729;4.486;-14655416;Control
6;40;2052;236;9.854;6.570;-13953483;Control
6;41;2031;228;7.618;5.079;-14005440;Control
6;42;2006;234;8.716;5.810;-16372943;Control
6;43;2023;234;5.763;3.842;-15652543;Control
6;44;2021;239;1.826;1.217;-15516628;Control
6;45;2021;234;1.695;1.130;-15525844;Control
6;46;2027;232;2.144;1.429;-15786459;Control
6;47;2027;232;0.000;0.000;-11840433;Control
6;48;2021;234;2.144;1.429;-15389638;Control
6;49;2019;236;0.959;0.639;-9993356;Control
6;50;2023;232;1.918;1.278;-8807023;Control
6;51;2016;226;3.125;2.084;-13821382;Control
6;52;2019;232;2.274;1.516;-13753020;Control
6;53;2019;232;0.000;0.000;-10405766;Control
6;54;2014;222;3.790;2.527;-12436406;Control
6;55;2010;205;5.920;3.947;-6762325;Control
6;56;2006;201;1.918;1.278;-13413550;Control
6;57;1998;201;2.712;1.808;-13420482;Control
6;58;1993;203;1.826;1.217;-11306646;Control
6;59;1987;205;2.144;1.429;-8681577;Control
6;60;1993;205;2.034;1.356;-14731214;Control
6;61;1975;199;6.432;4.288;-6768471;Control
6;62;1941;211;12.223;8.149;-14015943;Control
6;63;1943;209;0.959;0.639;-9597843;Control
6;64;1949;218;3.667;2.445;-13750209;Control
6;65;1947;224;2.144;1.429;-13485248;Control
6;66;1941;224;2.034;1.356;-13678790;Control
6;67;1937;218;2.445;1.630;-6719323;Control
6;68;1912;203;9.883;6.589;-12431547;Control
6;69;1910;201;0.959;0.639;-10142376;Control
6;70;1914;199;1.516;1.011;-14922672;Control
6;71;1951;199;12.543;8.362;-14072521;Control
6;72;1970;171;11.471;7.647;-14134177;Control
6;73;2048;153;27.137;18.091;-16106928;Control
6;74;2119;129;25.407;16.938;-14210789;Control
6;75;2125;127;2.144;1.429;-10659745;Control
6;76;2132;129;2.468;1.645;-10008714;Control
6;77;2121;129;3.729;2.486;-5320520;Control
6;78;2121;132;1.017;0.678;-8933235;Control
6;79;2119;150;6.140;4.093;-14931136;Control
6;80;2115;140;3.651;2.434;-14870474;Control
6;81;2115;146;2.034;1.356;-13082285;Control
6;82;2109;136;3.953;2.636;-15393505;Control
6;83;2109;136;0.000;0.000;-15385034;Control
6;84;2111;150;4.794;3.196;-9474444;Control
6;85;2111;146;1.356;0.904;-13613257;Control
6;86;2107;159;4.611;3.074;-6584138;Control
6;87;2100;171;4.710;3.140;-15385535;Control
6;88;2109;163;4.082;2.721;-12818854;Control
6;89;2109;161;0.678;0.452;-14005186;Control
6;90;2113;165;1.918;1.278;-14926799;Control
6;91;2100;155;5.560;3.707;-13022914;Control
6;92;2100;148;2.373;1.582;-13344436;Control
6;93;2107;153;2.916;1.944;-13623766;Control
6;94;2109;157;1.516;1.011;-14068669;Control
6;95;2117;153;3.032;2.021;-10056575;Control
6;96;2123;136;6.111;4.074;-10920599;Control
6;97;2123;159;7.797;5.198;-15258034;Control
6;98;2136;157;4.459;2.973;-14798547;Control
6;99;2151;153;5.263;3.508;-14532031;Control
6;100;2157;142;4.248;2.832;-13822413;Control
6;101;2161;142;1.356;0.904;-13820607;Control
6;102;2161;142;0.000;0.000;-13210793;Control
6;103;2142;153;7.443;4.962;-14989247;Control
6;104;2157;182;11.068;7.379;-12035534;Control
6;105;2178;186;7.247;4.831;-15523291;Control
6;106;2182;211;8.583;5.722;-13220282;Control
6;107;2193;220;4.818;3.212;-14012118;Control
6;108;2184;222;3.125;2.084;-13754840;Control
6;109;2115;228;23.479;15.653;-12035492;Control
6;110;2063;192;21.440;14.293;-12174268;Control
6;111;2037;142;19.105;12.736;-14864070;Control
6;112;2031;140;2.144;1.429;-9280915;Control
6;113;2021;167;9.761;6.507;-11772071;Control
6;114;2025;146;7.247;4.831;-14139328;Control
6;115;2033;148;2.795;1.864;-14337483;Control
6;116;2044;155;4.420;2.947;-14321033;Control
6;117;2048;148;2.733;1.822;-14343619;Control
6;118;2060;155;4.710;3.140;-16312553;Control
6;119;2065;148;2.916;1.944;-14072003;Control
6;120;2073;140;3.835;2.557;-10455690;Control
6;121;2073;132;2.712;1.808;-12223134;Control
6;122;2067;140;3.390;2.260;-15719389;Control
6;123;2060;142;2.468;1.645;-13811652;Control
6;124;2071;150;4.611;3.074;-13682132;Control
6;125;2075;148;1.516;1.011;-15717329;Control
6;126;2081;109;13.377;8.918;-15059915;Control
6;127;2077;146;12.616;8.411;-8084842;Control
6;128;2092;140;5.477;3.651;-14673372;Control
6;129;2100;150;4.341;2.894;-15390139;Control
6;130;2088;146;4.288;2.859;-15389395;Control
6;131;2113;138;8.898;5.932;-11842751;Control
6;132;2117;148;3.651;2.434;-13542328;Control
6;133;2107;144;3.651;2.434;-14667214;Control
6;134;2086;161;9.159;6.106;-14201285;Control
6;135;2102;138;9.498;6.332;-13156058;Control
6;136;2096;132;2.877;1.918;-13475230;Control
6;137;2098;129;1.222;0.815;-12638139;Control
6;138;2098;125;1.356;0.904;-14143704;Control
6;139;2096;132;2.468;1.645;-12693160;Control
6;140;2090;140;3.390;2.260;-10068682;Control
6;141;2092;138;0.959;0.639;-9930669;Control
6;142;2090;134;1.516;1.011;-14016974;Control
6;143;2071;155;9.600;6.400;-12103868;Control
6;144;2077;148;3.125;2.084;-9611159;Control
6;145;2079;148;0.678;0.452;-8483186;Control
6;146;2084;146;1.826;1.217;-5521247;Control
6;147;2088;140;2.445;1.630;-11706292;Control
6;148;2094;138;2.144;1.429;-14402223;Control
6;149;2075;140;6.477;4.318;-14143678;Control
6;150;2079;136;1.918;1.278;-14662087;Control
6;151;2081;127;3.125;2.084;-15133899;Control
6;152;2081;127;0.000;0.000;-5468269;Control
6;153;2079;129;0.959;0.639;-15528160;Control
6;154;2075;132;1.695;1.130;-14461620;Control
6;155;2067;142;4.341;2.894;-15590336;Control
6;156;2067;132;3.390;2.260;-13085110;Control
6;157;2065;136;1.516;1.011;-12766153;Control
6;158;2079;129;5.306;3.537;-13287123;Control
6;159;2069;155;9.443;6.296;-8485740;Control
6;160;2067;155;0.678;0.452;-6770534;Control
6;161;2075;165;4.341;2.894;-13166788;Control
6;162;2086;201;12.761;8.507;-14858690;Control
6;163;2069;199;5.803;3.868;-5730126;Control
6;164;2056;157;14.904;9.936;-14531016;Control
6;165;2058;142;5.130;3.420;-12626582;Control
6;166;2088;138;10.260;6.840;-11843241;Control
6;167;2109;132;7.404;4.936;-14409177;Control
6;168;2117;134;2.795;1.864;-14079892;Control
6;169;2123;153;6.755;4.503;-10911634;Control
6;170;2111;163;5.295;3.530;-15454677;Control
6;171;2102;174;4.818;3.212;-11107473;Control
6;172;2109;180;3.125;2.084;-13361871;Control
6;173;2130;180;7.119;4.746;-15327450;Control
6;174;2107;176;7.914;5.276;-11046026;Control
6;175;2105;180;1.516;1.011;-13289926;Control
6;176;2107;178;0.959;0.639;-7367500;Control
6;177;2092;178;5.085;3.390;-10326671;Control
6;178;2088;178;1.356;0.904;-8091259;Control
6;179;2071;174;5.920;3.947;-13871805;Control
6;180;2054;161;7.255;4.837;-15981797;Control
6;181;2067;163;4.459;2.973;-15783121;Control
6;182;2073;174;4.248;2.832;-12160395;Control
6;183;2079;163;4.248;2.832;-10124675;Control
6;184;2088;163;3.051;2.034;-12955834;Control
6;185;2096;161;2.795;1.864;-8874874;Control
6;186;2094;163;0.959;0.639;-13541035;Control
6;187;2096;178;5.130;3.420;-10845315;Control
6;188;2096;184;2.034;1.356;-14722767;Control
6;189;2096;176;2.712;1.808;-14011091;Control
6;190;2094;178;0.959;0.639;-13540269;Control
6;191;2077;188;6.686;4.457;-14591417;Control
6;192;2084;194;3.125;2.084;-13875153;Control
6;193;2056;161;14.671;9.781;-14861771;Control
6;194;2060;153;3.032;2.021;-13296342;Control
6;195;2052;144;4.082;2.721;-14211540;Control
6;196;2050;134;3.457;2.305;-13811139;Control
6;197;2060;129;3.790;2.527;-10650256;Control
6;198;2060;127;0.678;0.452;-14740964;Control
6;199;2060;129;0.678;0.452;-14477793;Control
6;200;2067;129;2.373;1.582;-12092821;Control
6;201;2075;119;4.341;2.894;-5399673;Control
6;202;2077;117;0.959;0.639;-4877404;Control
6;203;2077;115;0.678;0.452;-5870210;Control
6;204;2077;119;1.356;0.904;-6194294;Control
6;205;2079;119;0.678;0.452;-9346190;Control
6;206;2079;119;0.000;0.000;-8361880;Control
6;207;2079;119;0.000;0.000;-5918561;Control
6;208;2084;117;1.826;1.217;-15132604;Control
6;209;2084;113;1.356;0.904;-8358834;Control
6;210;2077;115;2.468;1.645;-6721972;Control
6;211;2086;111;3.339;2.226;-6719611;Control
6;212;2092;109;2.144;1.429;-5465235;Control
6;213;2096;106;1.695;1.130;-2368573;Control
6;214;2090;106;2.034;1.356;-8104098;Control
6;215;2098;104;2.795;1.864;-3954250;Control
6;216;2094;104;1.356;0.904;-13754053;Control
6;217;2096;100;1.516;1.011;-13679817;Control
6;218;2098;98;0.959;0.639;-11907269;Control
6;219;2096;96;0.959;0.639;-10386087;Control
6;220;2098;94;0.959;0.639;-8218458;Control
6;221;2092;94;2.034;1.356;-8151929;Control
6;222;2092;96;0.678;0.452;-14870761;Control
6;223;2096;94;1.516;1.011;-7891309;Control
6;224;2092;94;1.356;0.904;-7235727;Control
6;225;2094;96;0.959;0.639;-13415100;Control
6;226;2094;94;0.678;0.452;-8027276;Control
6;227;2098;94;1.356;0.904;-9997752;Control
6;228;2098;92;0.678;0.452;-10263934;Control
6;229;2094;98;2.445;1.630;-12761032;Control
6;230;2094;96;0.678;0.452;-4926800;Control
6;231;2098;94;1.516;1.011;-8550043;Control
6;232;2098;92;0.678;0.452;-7698524;Control
6;233;2098;94;0.678;0.452;-7502422;Control
6;234;2098;94;0.000;0.000;-8278644;Control
6;235;2098;92;0.678;0.452;-9993304;Control
6;236;2096;94;0.959;0.639;-4276546;Control
6;237;2098;96;0.959;0.639;-6912341;Control
6;238;2096;96;0.678;0.452;-8746368;Control
6;239;2096;94;0.678;0.452;-9342643;Control
6;240;2098;92;0.959;0.639;-14408930;Control
6;241;2098;85;2.373;1.582;-10197138;Control
6;242;2100;92;2.468;1.645;-15128531;Control
6;243;2100;90;0.678;0.452;-6844793;Control
6;244;2105;92;1.826;1.217;-13092056;Control
6;245;2100;94;1.826;1.217;-14609368;Control
6;246;2102;94;0.678;0.452;-8218018;Control
6;247;2094;94;2.712;1.808;-10982320;Control
6;248;2094;94;0.000;0.000;-12630995;Control
6;249;2096;90;1.516;1.011;-11512010;Control
6;250;2098;92;0.959;0.639;-8414633;Control
6;251;2096;94;0.959;0.639;-13620706;Control
6;252;2096;94;0.000;0.000;-15263967;Control
6;253;2096;92;0.678;0.452;-10852032;Control
6;254;2092;92;1.356;0.904;-9534630;Control
6;255;2092;92;0.000;0.000;-8616323;Control
6;256;2092;92;0.000;0.000;-5197891;Control
6;257;2094;92;0.678;0.452;-6642558;Control
6;258;2094;90;0.678;0.452;-6836379;Control
6;259;2096;88;0.959;0.639;-6241864;Control
6;260;2096;88;0.000;0.000;-8422999;Control
6;261;2098;92;1.516;1.011;-6307174;Control
6;262;2098;90;0.678;0.452;-5853266;Control
6;263;2096;92;0.959;0.639;-8093290;Control
6;264;2096;92;0.000;0.000;-6570839;Control
6;265;2096;90;0.678;0.452;-6110296;Control
6;266;2096;90;0.000;0.000;-6047793;Control
6;267;2096;88;0.678;0.452;-9477481;Control
6;268;2096;88;0.000;0.000;-8032606;Control
6;269;2096;90;0.678;0.452;-8351323;Control
6;270;2098;96;2.144;1.429;-9144227;Control
6;271;2102;94;1.516;1.011;-8752798;Control
6;272;2102;94;0.000;0.000;-8676965;Control
6;273;2102;96;0.678;0.452;-7620427;Control
6;274;2100;100;1.516;1.011;-10589881;Control
6;275;2098;102;0.959;0.639;-10132652;Control
6;276;2098;104;0.678;0.452;-8677255;Control
6;277;2098;104;0.000;0.000;-13554891;Control
6;278;2098;102;0.678;0.452;-12694726;Control
6;279;2098;100;0.678;0.452;-14535859;Control
6;280;2100;96;1.516;1.011;-8940965;Control
6;281;2100;96;0.000;0.000;-9019533;Control
6;282;2100;98;0.678;0.452;-11646140;Control
6;283;2094;94;2.445;1.630;-8485770;Control
6;284;2094;94;0.000;0.000;-9392722;Control
6;285;2098;96;1.516;1.011;-10792122;Control
6;286;2102;96;1.356;0.904;-7886196;Control
6;287;2098;94;1.516;1.011;-4148535;Control
6;288;2092;100;2.877;1.918;-9861528;Control
6;289;2096;96;1.918;1.278;-7431574;Control
6;290;2098;98;0.959;0.639;-10589363;Control
6;291;2098;96;0.678;0.452;-6700156;Control
6;292;2096;98;0.959;0.639;-5787742;Control
6;293;2098;98;0.678;0.452;-6968177;Control
6;294;2098;98;0.000;0.000;-9933481;Control
6;295;2098;98;0.000;0.000;-5848644;Control
6;296;2102;96;1.516;1.011;-10135205;Control
6;297;2100;94;0.959;0.639;-7752593;Control
6;298;2098;92;0.959;0.639;-9081201;Control
6;299;2105;92;2.373;1.582;-7962486;Control
6;300;2100;96;2.171;1.447;-6780029;Control
6;301;2096;96;1.356;0.904;-10739395;Control
7;2;1119;358;3.968;2.645;-11973824;Control
7;3;1113;369;4.248;2.832;-13352130;Control
7;4;1109;369;1.356;0.904;-13733026;Control
7;5;1109;375;2.034;1.356;-11765655;Control
7;6;1109;375;0.000;0.000;-12039091;Control
7;7;1107;375;0.678;0.452;-12362656;Control
7;8;1107;373;0.678;0.452;-14995153;Control
7;9;1107;373;0.000;0.000;-13014701;Control
7;10;1104;373;1.017;0.678;-15578032;Control
7;11;1104;373;0.000;0.000;-12961982;Control
7;12;1104;377;1.356;0.904;-14729414;Control
7;13;1104;381;1.356;0.904;-10708349;Control
7;14;1104;381;0.000;0.000;-12216439;Control
7;15;1104;383;0.678;0.452;-12234417;Control
7;16;1104;381;0.678;0.452;-12176567;Control
7;17;1086;400;8.872;5.915;-14145739;Control
7;18;1092;396;2.445;1.630;-13151142;Control
7;19;1094;389;2.468;1.645;-13606828;Control
7;20;1094;389;0.000;0.000;-12762812;Control
7;21;1094;389;0.000;0.000;-14606286;Control
7;22;1094;389;0.000;0.000;-13481119;Control
7;23;1094;389;0.000;0.000;-14475472;Control
7;24;1094;385;1.356;0.904;-13265526;Control
7;25;1090;389;1.918;1.278;-13872246;Control
7;26;1092;385;1.516;1.011;-13345708;Control
7;27;1092;385;0.000;0.000;-14468809;Control
7;28;1092;383;0.678;0.452;-15715026;Control
7;29;1092;381;0.678;0.452;-13555368;Control
7;30;1083;398;6.521;4.347;-14931665;Control
7;31;1083;389;3.051;2.034;-13093070;Control
7;32;1079;402;4.611;3.074;-13156542;Control
7;33;1073;404;2.144;1.429;-15844819;Control
7;34;1079;398;2.877;1.918;-13551284;Control
7;35;1086;389;3.865;2.577;-12500663;Control
7;36;1086;387;0.678;0.452;-11573163;Control
7;37;1086;389;0.678;0.452;-10335154;Control
7;38;1083;392;1.438;0.959;-12031157;Control
7;39;1075;398;3.390;2.260;-8813432;Control
7;40;1079;392;2.445;1.630;-14476753;Control
7;41;1075;389;1.695;1.130;-13614273;Control
7;42;1075;396;2.373;1.582;-10525343;Control
7;43;1081;396;2.034;1.356;-14929622;Control
7;44;1088;392;2.733;1.822;-11307422;Control
7;45;1081;400;3.604;2.402;-11639746;Control
7;46;1081;402;0.678;0.452;-12489637;Control
7;47;1075;408;2.877;1.918;-15255764;Control
7;48;1073;410;0.959;0.639;-9785707;Control
7;49;1073;415;1.695;1.130;-14608066;Control
7;50;1077;410;2.171;1.447;-14858439;Control
7;51;1073;413;1.695;1.130;-11897502;Control
7;52;1071;410;1.222;0.815;-13354442;Control
7;53;1056;415;5.360;3.573;-9399660;Control
7;54;1056;417;0.678;0.452;-14861511;Control
7;55;1050;421;2.445;1.630;-9924993;Control
7;56;1048;410;3.790;2.527;-11833265;Control
7;57;1050;406;1.516;1.011;-8545907;Control
7;58;1056;400;2.877;1.918;-11506328;Control
7;59;1058;400;0.678;0.452;-11764387;Control
7;60;1060;398;0.959;0.639;-14210250;Control
7;61;1062;402;1.516;1.011;-12634816;Control
7;62;1067;400;1.826;1.217;-13812920;Control
7;63;1075;389;4.611;3.074;-13742274;Control
7;64;1079;396;2.733;1.822;-12877974;Control
7;65;1090;389;4.420;2.947;-15651248;Control
7;66;1090;381;2.712;1.808;-10059406;Control
7;67;1092;377;1.516;1.011;-14604255;Control
7;68;1094;379;0.959;0.639;-13672098;Control
7;69;1123;373;10.039;6.693;-14596545;Control
7;70;1134;371;3.790;2.527;-14342851;Control
7;71;1142;394;8.255;5.503;-12883871;Control
7;72;1127;404;6.111;4.074;-14266048;Control
7;73;1123;383;7.247;4.831;-10593424;Control
7;74;1123;383;0.000;0.000;-8287842;Control
7;75;1115;377;3.390;2.260;-12108492;Control
7;76;1113;366;3.790;2.527;-11305114;Control
7;77;1119;354;4.548;3.032;-14670549;Control
7;78;1109;333;7.885;5.257;-11173227;Control
7;79;1125;327;5.793;3.862;-12243905;Control
7;80;1132;320;3.356;2.237;-10849193;Control
7;81;1123;318;3.125;2.084;-10861497;Control
7;82;1117;324;2.877;1.918;-12827074;Control
7;83;1109;318;3.390;2.260;-14142647;Control
7;84;1104;310;3.198;2.132;-11186852;Control
7;85;1115;312;3.790;2.527;-8019101;Control
7;86;1119;312;1.356;0.904;-7889797;Control
7;87;1121;306;2.144;1.429;-12292007;Control
7;88;1121;297;3.051;2.034;-9458549;Control
7;89;1123;295;0.959;0.639;-13484468;Control
7;90;1123;291;1.356;0.904;-11840949;Control
7;91;1130;295;2.733;1.822;-12308383;Control
7;92;1127;306;3.865;2.577;-10338475;Control
7;93;1119;306;2.712;1.808;-11969446;Control
7;94;1148;337;14.391;9.594;-11765916;Control
7;95;1136;364;10.016;6.678;-13610690;Control
7;96;1125;316;16.694;11.129;-11652767;Control
7;97;1119;333;6.111;4.074;-12951204;Control
7;98;1107;318;6.512;4.341;-14201001;Control
7;99;1104;314;1.695;1.130;-8094572;Control
7;100;1113;304;4.561;3.041;-13157059;Control
7;101;1119;306;2.144;1.429;-13486278;Control
7;102;1117;297;3.125;2.084;-13751500;Control
7;103;1111;268;10.039;6.693;-13679040;Control
7;104;1104;266;2.468;1.645;-14600406;Control
7;105;1121;274;6.369;4.246;-13219758;Control
7;106;1111;268;3.953;2.636;-5981497;Control
7;107;1111;270;0.678;0.452;-10325678;Control
7;108;1090;276;7.404;4.936;-11692413;Control
7;109;1100;278;3.457;2.305;-15839932;Control
7;110;1102;278;0.678;0.452;-9200231;Control
7;111;1088;272;5.163;3.442;-13011870;Control
7;112;1088;272;0.000;0.000;-11304057;Control
7;113;1102;289;7.466;4.977;-13092299;Control
7;114;1113;287;3.790;2.527;-14606801;Control
7;115;1107;268;6.755;4.503;-9417606;Control
7;116;1121;257;6.036;4.024;-11440034;Control
7;117;1123;241;5.466;3.644;-14535628;Control
7;118;1140;230;6.864;4.576;-12763591;Control
7;119;1178;203;15.803;10.535;-16763086;Control
7;120;1125;243;22.510;15.006;-14794176;Control
7;121;1130;236;2.916;1.944;-11766944;Control
7;122;1140;266;10.720;7.147;-12881352;Control
7;123;1140;268;0.678;0.452;-13219780;Control
7;124;1127;257;5.773;3.849;-12887468;Control
7;125;1115;239;7.334;4.889;-15579850;Control
7;126;1109;232;3.125;2.084;-10579333;Control
7;127;1119;239;4.138;2.759;-13278378;Control
7;128;1125;251;4.548;3.032;-8155772;Control
7;129;1136;259;4.611;3.074;-9590351;Control
7;130;1136;251;2.712;1.808;-13279658;Control
7;131;1113;228;11.027;7.351;-14468560;Control
7;132;1109;218;3.651;2.434;-14993621;Control
7;133;1111;226;2.795;1.864;-15586770;Control
7;134;1098;220;4.854;3.236;-13817031;Control
7;135;1111;226;4.854;3.236;-14598086;Control
7;136;1100;243;6.864;4.576;-14398139;Control
7;137;1088;247;4.288;2.859;-10985373;Control
7;138;1081;268;7.504;5.003;-13618615;Control
7;139;1073;266;2.795;1.864;-13282489;Control
7;140;1075;274;2.795;1.864;-8288924;Control
7;141;1062;278;4.611;3.074;-10782355;Control
7;142;1077;278;5.085;3.390;-13096630;Control
7;143;1060;276;5.803;3.868;-9008001;Control
7;144;1058;276;0.678;0.452;-11647897;Control
7;145;1058;287;3.729;2.486;-8755573;Control
7;146;1037;287;7.119;4.746;-9145453;Control
7;147;1052;297;6.111;4.074;-12371379;Control
7;148;1069;329;12.284;8.189;-10507411;Control
7;149;1104;343;12.779;8.519;-7359066;Control
7;150;1098;293;17.072;11.381;-11108487;Control
7;151;1098;310;5.763;3.842;-13281198;Control
7;152;1081;316;6.111;4.074;-11641486;Control
7;153;1086;318;1.826;1.217;-14598866;Control
7;154;1098;322;4.288;2.859;-11957652;Control
7;155;1113;314;5.763;3.842;-11574422;Control
7;156;1098;327;6.729;4.486;-8949641;Control
7;157;1081;333;6.111;4.074;-14211515;Control
7;158;1092;327;4.248;2.832;-11243931;Control
7;159;1096;295;10.932;7.288;-10513280;Control
7;160;1102;285;3.953;2.636;-7816796;Control
7;161;1111;285;3.051;2.034;-14661307;Control
7;162;1111;289;1.356;0.904;-11902615;Control
7;163;1117;285;2.445;1.630;-15781849;Control
7;164;1111;276;3.667;2.445;-15055818;Control
7;165;1104;283;3.356;2.237;-12235690;Control
7;166;1130;297;10.011;6.674;-9922948;Control
7;167;1119;310;5.773;3.849;-10184828;Control
7;168;1113;316;2.877;1.918;-9197670;Control
7;169;1102;322;4.248;2.832;-11045227;Control
7;170;1100;329;2.468;1.645;-9930116;Control
7;171;1098;327;0.959;0.639;-10197102;Control
7;172;1088;314;5.560;3.707;-11376285;Control
7;173;1096;310;3.032;2.021;-13349576;Control
7;174;1094;304;2.144;1.429;-10126709;Control
7;175;1092;299;1.826;1.217;-12550805;Control
7;176;1056;335;17.259;11.506;-9596277;Control
7;177;1012;320;15.759;10.506;-11252649;Control
7;178;1000;316;4.288;2.859;-9665931;Control
7;179;1004;322;2.445;1.630;-12227744;Control
7;180;1002;331;3.125;2.084;-8022147;Control
7;181;1031;324;10.113;6.742;-7308883;Control
7;182;1050;320;6.582;4.388;-11186869;Control
7;183;1069;314;6.755;4.503;-12234175;Control
7;184;1073;297;5.920;3.947;-12172198;Control
7;185;1054;287;7.279;4.852;-11697291;Control
7;186;1046;287;2.712;1.808;-10194317;Control
7;187;1035;285;3.790;2.527;-10845317;Control
7;188;1033;289;1.516;1.011;-12955824;Control
7;189;1029;293;1.918;1.278;-10916760;Control
7;190;1033;293;1.356;0.904;-10181492;Control
7;191;1031;299;2.144;1.429;-12294818;Control
7;192;1033;297;0.959;0.639;-9949628;Control
7;193;1033;285;4.068;2.712;-12823424;Control
7;194;1039;291;2.877;1.918;-13553323;Control
7;195;1048;289;3.125;2.084;-13221036;Control
7;196;1054;272;6.111;4.074;-13480117;Control
7;197;1060;262;3.953;2.636;-15713185;Control
7;198;1060;268;2.034;1.356;-9933466;Control
7;199;1062;272;1.516;1.011;-7159904;Control
7;200;1052;270;3.457;2.305;-14470609;Control
7;201;1042;274;3.651;2.434;-15195078;Control
7;202;1044;280;2.144;1.429;-9790874;Control
7;203;1035;274;3.667;2.445;-14200479;Control
7;204;1042;247;9.456;6.304;-11040386;Control
7;205;1044;247;0.678;0.452;-9334384;Control
7;206;1039;249;1.826;1.217;-10786703;Control
7;207;1037;230;6.477;4.318;-15912882;Control
7;208;1037;232;0.678;0.452;-13285056;Control
7;209;1039;224;2.795;1.864;-15000528;Control
7;210;1037;222;0.959;0.639;-7558022;Control
7;211;1044;226;2.733;1.822;-14997697;Control
7;212;1058;241;6.956;4.637;-9741477;Control
7;213;1071;253;5.998;3.998;-12886957;Control
7;214;1071;262;3.051;2.034;-11175296;Control
7;215;1056;278;7.435;4.957;-13549507;Control
7;216;1067;266;5.519;3.679;-14471879;Control
7;217;1077;274;4.341;2.894;-15057356;Control
7;218;1073;285;3.968;2.645;-14207932;Control
7;219;1094;306;10.068;6.712;-12954541;Control
7;220;1098;312;2.445;1.630;-6777180;Control
7;221;1104;322;3.953;2.636;-9672825;Control
7;222;1107;316;2.274;1.516;-10142584;Control
7;223;1100;322;3.125;2.084;-15188162;Control
7;224;1100;333;3.729;2.486;-13473963;Control
7;225;1096;354;7.247;4.831;-13410752;Control
7;226;1102;360;2.877;1.918;-13413049;Control
7;227;1100;360;0.678;0.452;-14859464;Control
7;228;1094;362;2.144;1.429;-14992331;Control
7;229;1088;371;3.667;2.445;-15846872;Control
7;230;1081;381;4.138;2.759;-15717331;Control
7;231;1090;369;5.085;3.390;-13144485;Control
7;232;1094;373;1.918;1.278;-12164772;Control
7;233;1104;371;3.457;2.305;-14198965;Control
7;234;1127;343;12.284;8.189;-12360874;Control
7;235;1121;343;2.034;1.356;-14797258;Control
7;236;1115;343;2.034;1.356;-7563616;Control
7;237;1117;348;1.826;1.217;-11638406;Control
7;239;1107;331;6.686;4.457;-9527397;Control
7;240;1138;337;10.704;7.136;-10594481;Control
7;241;1159;312;11.068;7.379;-13217721;Control
7;242;1195;318;12.372;8.248;-14606045;Control
7;243;1127;343;24.561;16.374;-11832220;Control
7;244;1117;333;4.794;3.196;-13208196;Control
7;245;1142;312;11.068;7.379;-12824495;Control
7;246;1121;350;14.718;9.812;-13875655;Control
7;247;1121;343;2.373;1.582;-11839409;Control
7;248;1107;329;6.712;4.475;-10255722;Control
7;249;1115;350;7.618;5.079;-10134130;Control
7;250;1119;354;1.918;1.278;-9664373;Control
7;251;1125;350;2.445;1.630;-11511731;Control
7;252;1107;358;6.678;4.452;-12300998;Control
7;253;1113;358;2.034;1.356;-13618891;Control
7;254;1069;341;15.991;10.660;-15454911;Control
7;255;1065;322;6.582;4.388;-8615597;Control
7;256;1083;324;6.140;4.093;-12896434;Control
7;257;1073;310;5.832;3.888;-5851746;Control
7;258;1069;304;2.445;1.630;-10513553;Control
7;259;1069;297;2.373;1.582;-9018001;Control
7;260;1062;293;2.733;1.822;-10773893;Control
7;261;1050;280;5.998;3.998;-15263440;Control
7;262;1056;287;3.125;2.084;-9936751;Control
7;263;1065;295;4.082;2.721;-14269633;Control
7;264;1069;289;2.445;1.630;-11438228;Control
7;265;1067;291;0.959;0.639;-13276325;Control
7;266;1069;285;2.144;1.429;-9858680;Control
7;267;1071;289;1.516;1.011;-10447737;Control
7;268;1062;283;3.667;2.445;-12288911;Control
7;269;1058;285;1.516;1.011;-15517398;Control
7;270;1056;289;1.516;1.011;-14326964;Control
7;271;1056;295;2.034;1.356;-10442621;Control
7;272;1052;295;1.356;0.904;-11694474;Control
7;273;1058;293;2.144;1.429;-13353401;Control
7;274;1060;289;1.516;1.011;-7959412;Control
7;275;1062;285;1.516;1.011;-14783653;Control
7;276;1075;283;4.459;2.973;-11185551;Control
7;277;1086;280;3.865;2.577;-11628687;Control
7;278;1098;283;4.193;2.795;-6267011;Control
7;279;1111;287;4.611;3.074;-10582654;Control
7;280;1117;295;3.390;2.260;-9534085;Control
7;281;1123;304;3.667;2.445;-7048280;Control
7;282;1098;280;11.748;7.832;-3772985;Control
7;283;1088;264;6.396;4.264;-8813935;Control
7;284;1077;289;9.259;6.173;-4476973;Control
7;285;1060;276;7.255;4.837;-5717313;Control
7;286;1088;289;10.465;6.977;-11366277;Control
7;287;1088;270;6.441;4.294;-13093319;Control
7;288;1088;270;0.000;0.000;-8228201;Control
7;289;1083;276;2.648;1.765;-13284282;Control
7;290;1083;266;3.390;2.260;-10857923;Control
7;291;1086;268;1.222;0.815;-10255750;Control
7;292;1096;276;4.341;2.894;-13948105;Control
7;293;1088;280;3.032;2.021;-11315106;Control
7;294;1086;274;2.144;1.429;-16440530;Control
7;295;1086;270;1.356;0.904;-14070706;Control
7;296;1094;278;3.835;2.557;-13743030;Control
7;297;1094;287;3.051;2.034;-13278368;Control
7;298;1115;297;7.885;5.257;-13813949;Control
7;299;1115;295;0.678;0.452;-14925008;Control
7;300;1115;278;5.763;3.842;-13152949;Control
7;301;1111;249;9.924;6.616;-14854328;Control
7;302;1086;247;8.502;5.668;-13550035;Control
7;303;1052;253;11.704;7.803;-14656448;Control
7;304;1054;251;0.959;0.639;-14668766;Control
7;305;1056;255;1.516;1.011;-15319740;Control
7;306;1056;253;0.678;0.452;-15065822;Control
7;307;1042;232;8.556;5.704;-15715262;Control
7;308;1052;218;5.832;3.888;-15065034;Control
7;309;1077;226;8.898;5.932;-14342095;Control
7;310;1083;243;6.111;4.074;-13674657;Control
7;311;1111;251;9.872;6.581;-7765610;Control
7;312;1090;253;7.151;4.767;-12815002;Control
7;313;1044;245;15.828;10.552;-9999464;Control
7;314;1039;211;11.650;7.767;-11905436;Control
7;315;1044;241;10.310;6.874;-12570576;Control
7;316;1060;253;6.780;4.520;-13416381;Control
7;317;1065;262;3.490;2.327;-12296863;Control
7;318;1067;236;8.840;5.893;-13751498;Control
7;319;1067;236;0.000;0.000;-15854791;Control
7;320;1065;232;1.516;1.011;-11765416;Control
7;321;1086;230;7.151;4.767;-15985388;Control
7;322;1100;236;5.163;3.442;-14395039;Control
7;323;1065;222;12.779;8.519;-16572630;Control
7;324;1073;226;3.032;2.021;-14727880;Control
7;325;1079;226;2.034;1.356;-14336196;Control
7;326;1062;236;6.686;4.457;-14538698;Control
7;327;1065;239;1.438;0.959;-13408675;Control
7;328;1054;243;3.968;2.645;-13748416;Control
7;329;1056;245;0.959;0.639;-11579579;Control
8;2;1086;1237;2.468;1.645;-15192784;Control
8;3;1086;1237;0.000;0.000;-14014913;Control
8;4;1029;1211;21.238;14.159;-15321046;Control
8;5;918;1165;40.732;27.155;-15263967;Control
8;6;828;1182;31.050;20.700;-14654638;Control
8;7;735;1241;37.336;24.891;-14926801;Control
8;8;706;1308;24.749;16.500;-15520480;Control
8;9;748;1352;20.621;13.747;-12029088;Control
8;10;719;1327;12.980;8.653;-8749708;Control
8;11;706;1322;4.722;3.148;-13809082;Control
8;12;698;1327;3.198;2.132;-13743792;Control
8;13;687;1325;3.790;2.527;-6387555;Control
8;14;664;1325;7.797;5.198;-13354676;Control
8;15;660;1304;7.247;4.831;-15593181;Control
8;16;652;1308;3.032;2.021;-12498319;Control
8;17;649;1312;1.695;1.130;-11960462;Control
8;18;647;1304;2.795;1.864;-11123879;Control
8;19;631;1327;9.498;6.332;-10779012;Control
8;20;576;1339;19.084;12.722;-14672580;Control
8;21;475;1379;36.826;24.551;-13472960;Control
8;22;381;1419;34.631;23.087;-14936516;Control
8;23;320;1467;26.313;17.542;-16311249;Control
8;24;270;1490;18.657;12.438;-8072266;Control
8;25;262;1490;2.712;1.808;-10127208;Control
8;26;251;1450;14.063;9.376;-15848904;Control
8;27;178;1457;24.861;16.574;-14798545;Control
8;28;125;1478;19.326;12.884;-14539979;Control
8;29;58;1490;23.074;15.383;-11639710;Control
8;30;10;1492;16.286;10.857;-10787009;Control
9;2;574;62;12.738;8.492;-9206912;Control
9;3;427;100;51.471;34.314;-9667463;Control
9;4;299;111;43.552;29.035;-10916750;Control
9;5;215;60;33.314;22.209;-10589314;Control
9;6;220;16;15.012;10.008;-10197664;Control
9;7;310;134;50.309;33.539;-9667209;Control
9;8;406;140;32.608;21.738;-9206658;Control
9;9;444;129;13.411;8.941;-9140347;Control
9;10;427;138;6.521;4.347;-9471370;Control
9;11;318;136;36.957;24.638;-9666180;Control
9;12;188;129;44.134;29.423;-9470592;Control
9;13;123;148;22.957;15.305;-11049616;Control
9;14;102;98;18.384;12.256;-10586502;Control
9;15;138;134;17.259;11.506;-11446165;Control
9;16;171;140;11.370;7.580;-9602181;Control
9;17;218;165;18.047;12.031;-11914167;Control
9;18;230;174;5.085;3.390;-12172460;Control
9;19;245;132;15.119;10.079;-11841437;Control
9;20;245;102;10.170;6.780;-10260862;Control
9;21;241;102;1.356;0.904;-10130808;Control
9;22;230;100;3.790;2.527;-10917777;Control
9;23;243;96;4.611;3.074;-10324351;Control
9;24;245;100;1.516;1.011;-10329994;Control
9;25;251;96;2.445;1.630;-9342581;Control
9;26;243;90;3.390;2.260;-10651019;Control
9;27;247;23;22.753;15.169;-10057590;Control
9;28;255;10;5.175;3.450;-10126218;Control
9;29;276;10;7.119;4.746;-11111306;Control
10;2;800;438;8.801;5.867;-11177363;Control
10;3;924;501;47.150;31.434;-11970993;Control
10;4;1069;446;52.572;35.048;-10126220;Control
10;5;1192;366;49.741;33.160;-11642264;Control
10;6;1299;266;49.648;33.099;-11510945;Control
10;7;1438;276;47.243;31.495;-9532805;Control
10;8;1580;236;50.011;33.341;-10257038;Control
10;9;1685;106;56.650;37.766;-10192788;Control
10;10;1748;54;27.692;18.462;-9471111;Control
10;11;1746;39;5.130;3.420;-9993868;Control
10;12;1746;10;9.831;6.554;-11242906;Control
11;2;2172;805;39.315;26.210;-10590607;Control
11;3;2111;842;24.186;16.124;-10984861;Control
11;4;2096;853;6.306;4.204;-11048336;Control
11;5;2077;878;10.645;7.097;-11509400;Control
11;6;2075;868;3.457;2.305;-10126723;Control
11;7;2073;876;2.795;1.864;-10784904;Control
11;8;2067;886;3.953;2.636;-11706017;Control
11;9;2056;895;4.818;3.212;-11183504;Control
11;10;2052;901;2.445;1.630;-10657679;Control
11;11;2052;903;0.678;0.452;-10653604;Control
11;12;2044;895;3.835;2.557;-11904674;Control
11;13;2040;897;1.516;1.011;-10391196;Control
11;14;2042;891;2.144;1.429;-11117989;Control
11;15;2044;882;3.125;2.084;-9861780;Control
11;16;2046;878;1.516;1.011;-12823215;Control
11;17;2033;893;6.729;4.486;-11704736;Control
11;18;2016;893;5.763;3.842;-10981527;Control
11;19;2023;897;2.733;1.822;-10452618;Control
11;20;2012;893;3.968;2.645;-10653853;Control
11;21;2014;880;4.459;2.973;-10256785;Control
11;22;2004;878;3.457;2.305;-9930132;Control
11;23;1993;874;3.968;2.645;-10855571;Control
11;24;1996;878;1.695;1.130;-12037810;Control
11;25;1989;878;2.373;1.582;-9272464;Control
11;26;1941;870;16.496;10.998;-11114154;Control
11;27;1912;870;9.831;6.554;-9865366;Control
11;28;1838;859;25.362;16.908;-10194832;Control
11;29;1794;849;15.296;10.198;-11247029;Control
11;30;1725;834;23.937;15.958;-10720159;Control
11;31;1687;823;13.411;8.941;-10459297;Control
11;32;1696;798;9.007;6.005;-10985122;Control
11;33;1666;798;10.170;6.780;-11047584;Control
11;34;1616;773;18.951;12.634;-11441564;Control
11;35;1618;763;3.457;2.305;-12625325;Control
11;36;1614;769;2.445;1.630;-12035743;Control
11;37;1597;767;5.803;3.868;-11708071;Control
11;38;1597;765;0.678;0.452;-11047845;Control
11;39;1597;765;0.000;0.000;-11049894;Control
11;40;1606;773;4.082;2.721;-11575208;Control
11;41;1601;769;2.171;1.447;-12032418;Control
11;42;1582;765;6.582;4.388;-11312790;Control
11;43;1551;765;10.509;7.006;-13545398;Control
11;44;1532;765;6.441;4.294;-10978719;Control
11;45;1482;775;17.286;11.524;-11643054;Control
11;46;1484;761;4.794;3.196;-11443632;Control
11;47;1497;767;4.854;3.236;-9994393;Control
11;48;1501;767;1.356;0.904;-9600146;Control
11;49;1494;769;2.468;1.645;-11382415;Control
11;50;1497;763;2.274;1.516;-11247783;Control
11;51;1499;769;2.144;1.429;-12229538;Control
11;52;1507;769;2.712;1.808;-11379361;Control
11;53;1501;779;3.953;2.636;-12233371;Control
11;54;1505;773;2.445;1.630;-11178392;Control
11;55;1509;771;1.516;1.011;-11378081;Control
11;56;1497;769;4.124;2.749;-10521501;Control
11;57;1497;763;2.034;1.356;-10982301;Control
11;58;1497;765;0.678;0.452;-12298413;Control
11;59;1505;767;2.795;1.864;-12169388;Control
11;60;1505;761;2.034;1.356;-10455960;Control
11;61;1497;767;3.390;2.260;-11706278;Control
11;62;1505;761;3.390;2.260;-10192524;Control
11;63;1503;754;2.468;1.645;-12557475;Control
11;64;1499;756;1.516;1.011;-11708049;Control
11;65;1499;750;2.034;1.356;-10849666;Control
11;66;1505;756;2.877;1.918;-11900834;Control
11;67;1511;748;3.390;2.260;-11378605;Control
11;68;1511;752;1.356;0.904;-11641764;Control
11;69;1507;750;1.516;1.011;-11184298;Control
11;70;1513;750;2.034;1.356;-10459550;Control
11;71;1497;761;6.582;4.388;-10389917;Control
11;72;1486;765;3.968;2.645;-12886941;Control
11;73;1494;758;3.604;2.402;-10849710;Control
11;74;1492;758;0.678;0.452;-11637929;Control
11;75;1490;765;2.468;1.645;-12626592;Control
11;76;1480;771;3.953;2.636;-11508125;Control
11;77;1486;771;2.034;1.356;-11441828;Control
11;78;1463;788;9.696;6.464;-10522782;Control
11;79;1440;794;8.058;5.372;-12360874;Control
11;80;1375;809;22.614;15.076;-11511196;Control
11;81;1404;796;10.774;7.182;-9668492;Control
11;82;1390;805;5.642;3.761;-11312798;Control
11;83;1373;826;9.159;6.106;-12756141;Control
11;84;1362;863;13.086;8.724;-11444385;Control
11;85;1356;874;4.248;2.832;-12297641;Control
11;86;1337;907;12.909;8.606;-12364724;Control
11;87;1331;920;4.854;3.236;-11836573;Control
11;88;1335;928;3.032;2.021;-12367260;Control
11;89;1331;916;4.288;2.859;-13217438;Control
11;90;1337;920;2.445;1.630;-11120029;Control
11;91;1335;924;1.516;1.011;-12428706;Control
11;92;1335;916;2.712;1.808;-11443606;Control
11;93;1337;935;6.477;4.318;-9866128;Control
11;94;1341;1012;26.138;17.425;-10589093;Control
11;95;1373;1098;31.107;20.738;-10260878;Control
11;96;1465;1169;39.396;26.264;-11118238;Control
11;97;1549;1190;29.352;19.568;-11644331;Control
11;98;1698;1230;52.299;34.866;-10524309;Control
11;99;1788;1333;46.369;30.912;-12102055;Control
11;100;1868;1358;28.413;18.942;-12562105;Control
11;101;1893;1352;8.716;5.810;-10984609;Control
11;102;1916;1331;10.558;7.039;-10916508;Control
11;103;1962;1304;18.082;12.055;-11710115;Control
11;104;1968;1306;2.144;1.429;-11247771;Control
11;105;1979;1297;4.818;3.212;-11637125;Control
11;106;1968;1297;3.729;2.486;-10984852;Control
11;107;1958;1297;3.390;2.260;-10264971;Control
11;108;1972;1293;4.936;3.291;-12364698;Control
11;109;1972;1297;1.356;0.904;-11116949;Control
11;110;1985;1287;5.560;3.707;-11447457;Control
11;111;1975;1308;7.885;5.257;-10656145;Control
11;112;2048;1291;25.409;16.939;-11971496;Control
11;113;2138;1274;31.050;20.700;-11773341;Control
11;114;2203;1255;22.957;15.305;-13025734;Control
11;115;2287;1216;31.395;20.930;-11905965;Control
11;116;2331;1182;18.850;12.567;-11246756;Control
11;117;2406;1115;34.093;22.728;-11248294;Control
11;118;2444;1069;20.227;13.484;-11640233;Control
11;119;2522;1000;35.303;23.535;-11773086;Control
11;120;2553;947;20.815;13.876;-15124653;Control
12;2;1836;1174;7.826;5.218;-7365254;Control
12;3;1834;1186;4.124;2.749;-7561863;Control
12;4;1821;1176;5.560;3.707;-11046305;Control
12;5;1803;1174;6.140;4.093;-10979463;Control
12;6;1807;1184;3.651;2.434;-11308699;Control
12;7;1819;1178;4.548;3.032;-10528939;Control
12;8;1826;1174;2.733;1.822;-11182250;Control
12;9;1838;1178;4.288;2.859;-9601704;Control
12;10;1840;1184;2.144;1.429;-11179169;Control
12;11;1840;1190;2.034;1.356;-9600413;Control
12;12;1847;1230;13.766;9.177;-9005719;Control
12;13;1849;1249;6.477;4.318;-12226966;Control
12;14;1840;1253;3.339;2.226;-9930884;Control
12;15;1836;1251;1.516;1.011;-13743530;Control
12;16;1840;1247;1.918;1.278;-9477516;Control
12;17;1840;1241;2.034;1.356;-10061191;Control
12;18;1838;1245;1.516;1.011;-11640231;Control
12;19;1832;1239;2.877;1.918;-10260110;Control
12;20;1828;1241;1.516;1.011;-9337219;Control
12;21;1821;1243;2.468;1.645;-10652564;Control
12;22;1821;1245;0.678;0.452;-9929352;Control
12;23;1834;1237;5.175;3.450;-9798799;Control
12;24;1832;1241;1.516;1.011;-9009028;Control
12;25;1832;1237;1.356;0.904;-8876676;Control
12;26;1830;1226;3.790;2.527;-8809867;Control
12;27;1830;1220;2.034;1.356;-9073530;Control
12;28;1824;1216;2.445;1.630;-8746889;Control
12;29;1826;1218;0.959;0.639;-9272461;Control
12;30;1824;1216;0.959;0.639;-9205655;Control
12;31;1824;1216;0.000;0.000;-8810119;Control
12;32;1826;1213;1.222;0.815;-8877456;Control
12;33;1828;1209;1.516;1.011;-10257306;Control
12;34;1828;1203;2.034;1.356;-8812427;Control
12;35;1830;1203;0.678;0.452;-8483967;Control
12;36;1830;1207;1.356;0.904;-9401743;Control
12;37;1832;1211;1.516;1.011;-9335184;Control
12;38;1836;1216;2.171;1.447;-8154250;Control
12;39;1838;1216;0.678;0.452;-9204368;Control
12;40;1840;1218;0.959;0.639;-9008530;Control
12;41;1836;1216;1.516;1.011;-8746119;Control
12;42;1840;1220;1.918;1.278;-10387095;Control
12;43;1836;1218;1.516;1.011;-11703974;Control
12;44;1836;1218;0.000;0.000;-10914206;Control
12;45;1836;1220;0.678;0.452;-11768476;Control
12;46;1838;1220;0.678;0.452;-10978194;Control
12;47;1836;1220;0.678;0.452;-12097441;Control
12;48;1834;1218;0.959;0.639;-10518930;Control
12;49;1828;1207;4.248;2.832;-10388640;Control
12;50;1824;1209;1.516;1.011;-9926541;Control
12;51;1821;1199;3.539;2.360;-10194056;Control
12;52;1817;1205;2.445;1.630;-9600138;Control
12;53;1815;1211;2.144;1.429;-9665417;Control
12;54;1813;1209;0.959;0.639;-10853779;Control
12;55;1813;1209;0.000;0.000;-9864311;Control
12;56;1821;1199;4.341;2.894;-10588826;Control
12;57;1821;1195;1.356;0.904;-10721186;Control
12;58;1821;1195;0.000;0.000;-13161137;Control
12;59;1821;1203;2.712;1.808;-10987171;Control
12;60;1817;1207;1.918;1.278;-10329240;Control
12;61;1813;1216;3.339;2.226;-9995923;Control
12;62;1811;1216;0.678;0.452;-10785172;Control
12;63;1807;1213;1.695;1.130;-9338508;Control
12;64;1807;1211;0.678;0.452;-9536914;Control
12;65;1803;1203;3.032;2.021;-9730461;Control
12;66;1801;1199;1.516;1.011;-10652564;Control
12;67;1805;1199;1.356;0.904;-9993355;Control
12;68;1830;1205;8.716;5.810;-11182503;Control
12;69;1845;1205;5.085;3.390;-11641009;Control
12;70;1849;1201;1.918;1.278;-10523801;Control
12;71;1847;1197;1.516;1.011;-9598344;Control
12;72;1845;1197;0.678;0.452;-9665954;Control
12;73;1847;1195;0.959;0.639;-9667724;Control
12;74;1847;1195;0.000;0.000;-9731985;Control
12;75;1847;1197;0.678;0.452;-9669529;Control
12;76;1847;1197;0.000;0.000;-12427946;Control
12;77;1849;1197;0.678;0.452;-9997463;Control
12;78;1849;1197;0.000;0.000;-11509146;Control
12;79;1847;1197;0.678;0.452;-11576209;Control
12;80;1849;1195;0.959;0.639;-10193302;Control
12;81;1849;1195;0.000;0.000;-9272461;Control
12;82;1847;1195;0.678;0.452;-8877192;Control
12;83;1845;1192;1.222;0.815;-9795197;Control
12;84;1847;1195;1.222;0.815;-8812429;Control
12;85;1847;1195;0.000;0.000;-9010568;Control
12;86;1847;1195;0.000;0.000;-10060427;Control
12;87;1847;1197;0.678;0.452;-10588311;Control
12;88;1847;1197;0.000;0.000;-9930381;Control
12;89;1847;1195;0.678;0.452;-9733517;Control
12;90;1845;1195;0.678;0.452;-9534345;Control
12;91;1845;1197;0.678;0.452;-9929631;Control
12;92;1840;1197;1.695;1.130;-10123422;Control
12;93;1840;1197;0.000;0.000;-10983596;Control
12;94;1840;1197;0.000;0.000;-11114414;Control
12;95;1840;1197;0.000;0.000;-10724760;Control
12;96;1840;1195;0.678;0.452;-12627880;Control
12;97;1840;1195;0.000;0.000;-11508374;Control
12;98;1845;1192;1.977;1.318;-10457228;Control
12;99;1845;1188;1.356;0.904;-10587284;Control
12;100;1845;1190;0.678;0.452;-11640736;Control
12;101;1842;1190;1.017;0.678;-10913937;Control
12;102;1842;1192;0.678;0.452;-10125717;Control
12;103;1842;1192;0.000;0.000;-12099218;Control
12;104;1840;1190;0.959;0.639;-9335950;Control
12;105;1840;1186;1.356;0.904;-9798548;Control
12;106;1836;1186;1.356;0.904;-10980259;Control
12;107;1840;1188;1.516;1.011;-11309728;Control
12;108;1840;1188;0.000;0.000;-10851242;Control
12;109;1842;1188;0.678;0.452;-10587811;Control
12;110;1840;1188;0.678;0.452;-11903387;Control
12;111;1840;1188;0.000;0.000;-11839130;Control
12;112;1840;1186;0.678;0.452;-11641253;Control
12;113;1842;1182;1.516;1.011;-11506066;Control
12;114;1849;1180;2.468;1.645;-10456725;Control
12;115;1845;1178;1.516;1.011;-10194066;Control
12;116;1840;1178;1.695;1.130;-9732237;Control
12;117;1842;1178;0.678;0.452;-9995937;Control
12;118;1845;1178;1.017;0.678;-10126481;Control
12;119;1842;1176;1.222;0.815;-9995398;Control
12;120;1838;1180;1.918;1.278;-10325903;Control
12;121;1836;1182;0.959;0.639;-10454669;Control
12;122;1836;1186;1.356;0.904;-9730696;Control
12;123;1834;1186;0.678;0.452;-10387593;Control
12;124;1838;1186;1.356;0.904;-10193306;Control
12;125;1842;1188;1.516;1.011;-11375258;Control
12;126;1853;1190;3.790;2.527;-12037273;Control
12;127;1855;1201;3.790;2.527;-10070665;Control
12;128;1828;1197;9.253;6.169;-9797768;Control
12;129;1826;1195;0.959;0.639;-9931660;Control
12;130;1826;1195;0.000;0.000;-11374733;Control
12;131;1821;1197;1.826;1.217;-13028772;Control
12;132;1849;1211;10.612;7.075;-10586017;Control
12;133;1849;1209;0.678;0.452;-9664391;Control
12;134;1853;1216;2.733;1.822;-10917288;Control
12;135;1859;1216;2.034;1.356;-11708059;Control
12;136;1863;1220;1.918;1.278;-12820394;Control
12;137;1872;1222;3.125;2.084;-11116696;Control
12;138;1884;1218;4.288;2.859;-12103595;Control
12;139;1893;1226;4.082;2.721;-10984613;Control
12;140;1893;1226;0.000;0.000;-10455960;Control
12;141;1891;1226;0.678;0.452;-10259346;Control
12;142;1889;1228;0.959;0.639;-10059398;Control
12;143;1884;1226;1.826;1.217;-11574688;Control
12;144;1884;1220;2.034;1.356;-9537692;Control
12;145;1884;1218;0.678;0.452;-10194318;Control
12;146;1878;1222;2.445;1.630;-12562612;Control
12;147;1878;1230;2.712;1.808;-10590354;Control
12;148;1880;1224;2.144;1.429;-11635357;Control
12;149;1870;1237;5.560;3.707;-11706008;Control
12;150;1872;1237;0.678;0.452;-12496043;Control
12;151;1872;1234;1.017;0.678;-10916752;Control
12;152;1874;1232;0.959;0.639;-10390405;Control
13;2;2107;1673;16.926;11.284;-11389338;Control
13;3;2111;1658;5.263;3.508;-12770238;Control
13;4;2117;1650;3.390;2.260;-10928024;Control
13;5;2125;1626;8.576;5.717;-11379880;Control
13;6;2167;1551;29.140;19.427;-9802897;Control
13;7;2180;1513;13.615;9.077;-9869192;Control
13;8;2201;1442;25.100;16.733;-12307619;Control
13;9;2184;1354;30.384;20.256;-9214085;Control
13;10;2146;1249;37.854;25.236;-12304044;Control
13;11;2130;1132;40.032;26.688;-11646627;Control
13;12;2069;1012;45.634;30.423;-10717078;Control
13;13;1964;972;38.090;25.394;-9865627;Control
13;14;1834;951;44.641;29.761;-10458265;Control
13;15;1702;951;44.748;29.832;-10790813;Control
13;16;1561;968;48.145;32.097;-10783131;Control
13;17;1440;943;41.885;27.924;-10060186;Control
13;18;1402;979;17.745;11.830;-11045523;Control
13;19;1281;1012;42.517;28.345;-10718619;Control
13;20;1232;1021;16.889;11.259;-11572385;Control
13;21;1224;1004;6.369;4.246;-9401226;Control
13;22;1232;983;7.618;5.079;-11443882;Control
13;23;1230;979;1.516;1.011;-10986919;Control
13;24;1153;966;26.472;17.648;-11709601;Control
13;25;1130;964;7.826;5.218;-11575719;Control
13;26;1161;993;14.391;9.594;-10788772;Control
13;27;1167;1006;4.854;3.236;-11575719;Control
13;28;1151;1002;5.591;3.727;-10456986;Control
13;29;1151;983;6.441;4.294;-11771820;Control
13;30;1138;966;7.255;4.837;-10256787;Control
13;31;1111;956;9.761;6.507;-11638693;Control
13;32;1111;951;1.695;1.130;-11114414;Control
13;33;1125;956;5.040;3.360;-10716827;Control
13;34;1127;970;4.794;3.196;-10258076;Control
13;35;1125;972;0.959;0.639;-10918054;Control
13;36;1109;972;5.424;3.616;-11769248;Control
13;37;1107;979;2.468;1.645;-11049878;Control
13;38;1104;974;1.977;1.318;-11641504;Control
13;39;1119;960;6.956;4.637;-12494249;Control
13;40;1123;945;5.263;3.508;-12427946;Control
13;41;1130;945;2.373;1.582;-10781840;Control
13;42;1117;949;4.611;3.074;-11439774;Control
13;43;1104;966;7.255;4.837;-10655387;Control
13;44;1096;958;3.835;2.557;-14006202;Control
13;45;1119;968;8.502;5.668;-11244699;Control
13;46;1136;960;6.369;4.246;-10721681;Control
13;47;1142;983;8.058;5.372;-11574177;Control
13;48;1130;1000;7.054;4.703;-10989716;Control
13;49;1121;995;3.490;2.327;-10589075;Control
13;50;1119;989;2.144;1.429;-12692147;Control
13;51;1127;989;2.712;1.808;-10980508;Control
13;52;1127;989;0.000;0.000;-13017775;Control
13;53;1136;998;4.315;2.877;-12166829;Control
13;54;1138;989;3.125;2.084;-13545140;Control
13;55;1127;993;3.968;2.645;-11375260;Control
13;56;1130;1000;2.582;1.721;-13479866;Control
13;57;1130;1002;0.678;0.452;-9538181;Control
13;58;1134;1008;2.445;1.630;-10722720;Control
13;59;1138;1006;1.516;1.011;-11310730;Control
13;60;1138;1004;0.678;0.452;-11641486;Control
13;61;1134;1010;2.445;1.630;-11247281;Control
13;62;1136;1000;3.457;2.305;-12693939;Control
13;63;1127;1002;3.125;2.084;-11643032;Control
13;64;1138;998;3.968;2.645;-10655648;Control
13;65;1136;991;2.468;1.645;-10784655;Control
13;66;1144;1004;5.175;3.450;-11507871;Control
13;67;1157;1002;4.459;2.973;-11576235;Control
13;68;1157;991;3.729;2.486;-11444131;Control
13;69;1140;993;5.803;3.868;-12495029;Control
13;70;1142;989;1.516;1.011;-11244963;Control
13;71;1157;998;5.930;3.953;-12561048;Control
13;72;1157;995;1.017;0.678;-10584723;Control
13;73;1144;1004;5.360;3.573;-12101788;Control
13;74;1146;1006;0.959;0.639;-10655648;Control
13;75;1144;1006;0.678;0.452;-10264453;Control
13;76;1140;1014;3.032;2.021;-10459797;Control
13;77;1148;1025;4.611;3.074;-11112349;Control
13;78;1151;1021;1.695;1.130;-12037558;Control
13;79;1148;1018;1.438;0.959;-11444901;Control
13;80;1146;1021;1.222;0.815;-10918305;Control
13;81;1148;1021;0.678;0.452;-11243674;Control
13;82;1153;1016;2.397;1.598;-11903906;Control
13;83;1146;1014;2.468;1.645;-11704752;Control
13;84;1146;1016;0.678;0.452;-13287376;Control
13;85;1142;1014;1.516;1.011;-11705254;Control
13;86;1144;1012;0.959;0.639;-12361136;Control
13;87;1134;1000;5.295;3.530;-12562336;Control
13;88;1127;991;3.865;2.577;-12761261;Control
13;89;1130;995;1.695;1.130;-10391948;Control
13;90;1130;991;1.356;0.904;-11836309;Control
13;91;1134;991;1.356;0.904;-10982818;Control
13;92;1140;991;2.034;1.356;-11642015;Control
13;93;1140;1000;3.051;2.034;-11047825;Control
13;94;1140;998;0.678;0.452;-14205637;Control
13;95;1140;1004;2.034;1.356;-12363180;Control
13;96;1138;1006;0.959;0.639;-12560563;Control
13;97;1134;1004;1.516;1.011;-10851737;Control
13;98;1138;1006;1.516;1.011;-11769749;Control
13;99;1140;1006;0.678;0.452;-11970970;Control
13;100;1142;1002;1.516;1.011;-11704223;Control
13;101;1144;1002;0.678;0.452;-11772308;Control
13;102;1142;1000;0.959;0.639;-11111056;Control
13;103;1138;964;12.279;8.186;-12561066;Control
13;104;1142;958;2.445;1.630;-11114907;Control
13;105;1130;964;4.548;3.032;-10460551;Control
13;106;1138;953;4.611;3.074;-10323350;Control
13;107;1140;951;0.959;0.639;-12233114;Control
13;108;1142;947;1.516;1.011;-12295333;Control
13;109;1140;951;1.516;1.011;-11967146;Control
13;110;1140;947;1.356;0.904;-12699554;Control
13;111;1146;964;6.111;4.074;-10717076;Control
13;112;1144;962;0.959;0.639;-11708059;Control
13;113;1138;953;3.667;2.445;-12824244;Control
13;114;1127;956;3.865;2.577;-12564659;Control
13;115;1121;964;3.390;2.260;-12238502;Control
13;116;1117;956;3.032;2.021;-13622449;Control
13;117;1115;953;1.222;0.815;-11643557;Control
13;118;1123;951;2.795;1.864;-8290679;Control
13;119;1104;953;6.477;4.318;-10126220;Control
13;120;1107;960;2.582;1.721;-12036246;Control
13;121;1113;960;2.034;1.356;-10004363;Control
13;122;1127;958;4.794;3.196;-9075573;Control
13;123;1127;964;2.034;1.356;-9012864;Control
13;124;1134;960;2.733;1.822;-11705767;Control
13;125;1144;953;4.138;2.759;-12692133;Control
13;126;1151;956;2.582;1.721;-12561836;Control
13;127;1161;972;6.396;4.264;-10651286;Control
13;128;1161;981;3.051;2.034;-9994634;Control
13;129;1146;966;7.191;4.794;-10976913;Control
13;130;1153;979;5.005;3.337;-12827308;Control
13;131;1167;989;5.832;3.888;-12102312;Control
13;132;1174;985;2.733;1.822;-12890793;Control
13;133;1167;989;2.733;1.822;-12167058;Control
13;134;1167;983;2.034;1.356;-10914705;Control
13;135;1155;972;5.519;3.679;-10655110;Control
13;136;1157;968;1.516;1.011;-12624295;Control
13;137;1155;974;2.144;1.429;-10653067;Control
13;138;1157;981;2.468;1.645;-10916498;Control
13;139;1157;985;1.356;0.904;-9206142;Control
13;140;1153;985;1.356;0.904;-9534594;Control
13;141;1148;981;2.171;1.447;-10920837;Control
13;142;1148;979;0.678;0.452;-11176600;Control
13;143;1153;987;3.198;2.132;-11572637;Control
13;144;1155;993;2.144;1.429;-9868163;Control
13;145;1155;995;0.678;0.452;-11773598;Control
13;146;1151;998;1.695;1.130;-11776409;Control
13;147;1136;1010;6.512;4.341;-11842743;Control
13;148;1127;1016;3.667;2.445;-11309213;Control
13;149;1125;1029;4.459;2.973;-11245465;Control
13;150;1127;1027;0.959;0.639;-12293523;Control
13;151;1130;1027;1.017;0.678;-12099492;Control
13;152;1134;1023;1.918;1.278;-10982052;Control
14;2;2291;641;14.858;9.905;-11245214;Control
14;3;2281;685;15.296;10.198;-11377827;Control
14;4;2237;805;43.328;28.886;-12302765;Control
14;5;2253;821;7.671;5.114;-11706276;Control
14;6;2235;901;27.798;18.532;-9143660;Control
14;7;2222;1037;46.314;30.876;-11837343;Control
14;8;2197;1115;27.767;18.511;-10785174;Control
14;9;2117;1079;29.739;19.826;-10720913;Control
14;10;2088;1037;17.302;11.535;-10324361;Control
14;11;2058;1029;10.525;7.017;-12362155;Control
14;12;2006;1006;19.275;12.850;-12227974;Control
14;13;1981;1000;8.716;5.810;-12625323;Control
14;14;1945;985;13.221;8.814;-11571867;Control
14;15;1928;972;7.255;4.837;-11306115;Control
14;16;1937;964;4.082;2.721;-10057339;Control
14;17;1956;945;9.109;6.073;-10656903;Control
14;18;1956;914;10.509;7.006;-11903920;Control
14;19;1947;922;4.082;2.721;-11570068;Control
14;20;1939;909;5.175;3.450;-9997678;Control
14;21;1945;903;2.877;1.918;-10454667;Control
14;22;1937;899;3.032;2.021;-10588044;Control
14;23;1926;901;3.790;2.527;-11707018;Control
14;24;1945;876;10.645;7.097;-11506315;Control
14;25;1977;888;11.586;7.724;-11047047;Control
14;26;2004;922;14.718;9.812;-11636623;Control
14;27;2004;920;0.678;0.452;-10917278;Control
14;28;2004;912;2.712;1.808;-10651283;Control
14;29;2014;882;10.720;7.147;-10387593;Control
14;30;2054;767;41.276;27.517;-12360097;Control
14;31;2050;670;32.911;21.941;-12626087;Control
14;32;2000;679;17.222;11.482;-10590366;Control
14;33;1968;683;10.932;7.288;-11373466;Control
14;34;1983;685;5.130;3.420;-10852746;Control
14;35;1983;693;2.712;1.808;-11377814;Control
14;36;1989;698;2.648;1.765;-9336439;Control
14;37;1998;696;3.125;2.084;-8941427;Control
14;38;2014;687;6.223;4.149;-13017246;Control
14;39;2025;683;3.968;2.645;-9865352;Control
14;40;2019;689;2.877;1.918;-11572637;Control
14;41;2006;685;4.611;3.074;-13285798;Control
14;42;2000;691;2.877;1.918;-11969188;Control
14;43;2000;704;4.407;2.938;-13092020;Control
14;44;1991;710;3.667;2.445;-12033439;Control
14;45;1981;712;3.457;2.305;-9469303;Control
14;46;1970;704;4.611;3.074;-9802871;Control
14;47;1975;708;2.171;1.447;-13227691;Control
14;48;1960;710;5.130;3.420;-11570847;Control
14;49;1924;700;12.666;8.444;-11311007;Control
15;2;313;1516;43.778;29.186;-10848146;Control
15;3;458;1516;49.155;32.770;-12562614;Control
15;4;570;1516;37.968;25.312;-9673070;Control
15;5;665;1468;36.082;24.055;-10782869;Control
15;6;786;1372;52.361;34.907;-11637654;Control
15;7;895;1280;48.354;32.236;-10783121;Control
15;8;1018;1236;44.285;29.523;-11310745;Control
15;9;1162;1242;48.858;32.572;-11634841;Control
15;10;1223;1275;23.511;15.674;-10920835;Control
15;11;1267;1305;18.053;12.035;-11437454;Control
15;12;1384;1361;43.972;29.315;-10848639;Control
15;13;1420;1351;12.666;8.444;-12166577;Control
15;14;1438;1319;12.446;8.298;-11706274;Control
15;15;1549;1240;46.186;30.791;-12231598;Control
15;16;1610;1229;21.013;14.008;-12688548;Control
15;17;1689;1217;27.088;18.059;-10521204;Control
15;18;1696;1200;6.232;4.155;-11836547;Control
15;19;1689;1202;2.468;1.645;-11442583;Control
15;20;1673;1208;5.793;3.862;-12699294;Control
15;21;1683;1206;3.457;2.305;-11185312;Control
15;22;1694;1217;5.274;3.516;-10784665;Control
15;23;1681;1192;9.552;6.368;-12238504;Control
15;24;1696;1183;5.930;3.953;-9212786;Control
15;25;1683;1158;9.552;6.368;-10131070;Control
15;26;1694;1152;4.248;2.832;-11374991;Control
15;27;1685;1135;6.521;4.347;-11373979;Control
15;28;1689;1139;1.918;1.278;-11900062;Control
15;29;1689;1133;2.034;1.356;-13610662;Control
15;30;1681;1041;31.306;20.870;-10588298;Control
15;31;1689;985;19.177;12.784;-11049363;Control
15;32;1710;953;12.975;8.650;-9996140;Control
15;33;1717;934;6.864;4.576;-8618599;Control
15;34;1771;888;24.048;16.032;-9077644;Control
15;35;1840;821;32.604;21.736;-11767197;Control
15;36;1846;824;2.274;1.516;-11574431;Control
15;37;1853;819;2.916;1.944;-10914705;Control
15;38;1917;688;49.425;32.950;-10978968;Control
15;39;1980;566;46.547;31.031;-11831446;Control
15;40;2045;443;47.161;31.441;-10384772;Control
15;41;2085;320;43.846;29.231;-11835029;Control
15;42;2150;167;56.354;37.569;-12760493;Control
15;43;2154;142;8.583;5.722;-9996184;Control
15;44;2152;104;12.900;8.600;-10856606;Control
15;45;2160;50;18.506;12.337;-10132865;Control
15;46;2160;20;10.170;6.780;-11113353;Control
16;2;511;1609;16.034;10.689;-11246228;Control
16;3;482;1580;13.903;9.269;-10784922;Control
16;4;465;1589;6.521;4.347;-11647395;Control
16;5;444;1574;8.749;5.832;-10654114;Control
16;6;423;1568;7.404;4.936;-11777961;Control
16;7;411;1549;7.618;5.079;-12572582;Control
16;8;384;1538;9.883;6.589;-11523736;Control
16;9;361;1520;9.901;6.601;-10458006;Control
16;10;338;1507;8.956;5.971;-10461329;Control
16;11;317;1495;8.199;5.466;-11186869;Control
16;12;306;1488;4.420;2.947;-10651559;Control
16;13;290;1470;8.164;5.443;-10063511;Control
16;14;269;1455;8.749;5.832;-10720148;Control
16;15;248;1432;10.558;7.039;-11249064;Control
16;16;217;1415;11.985;7.990;-11574705;Control
16;17;198;1403;7.618;5.079;-11513247;Control
16;18;162;1388;13.221;8.814;-11840932;Control
16;19;146;1386;5.466;3.644;-12166065;Control
16;20;158;1380;4.548;3.032;-11116439;Control
16;21;137;1388;7.618;5.079;-10655638;Control
16;22;116;1403;8.749;5.832;-10259095;Control
16;23;81;1407;11.942;7.961;-11508386;Control
16;24;56;1401;8.716;5.810;-11250578;Control
16;25;41;1401;5.085;3.390;-10988697;Control
16;26;27;1407;5.163;3.442;-12699831;Control
17;2;647;1339;3.125;2.084;-11112084;Control
17;3;658;1345;4.248;2.832;-11442082;Control
17;4;654;1345;1.356;0.904;-11837844;Control
17;5;643;1343;3.790;2.527;-11898793;Control
17;6;647;1345;1.516;1.011;-10721952;Control
17;7;647;1358;4.407;2.938;-11779994;Control
17;8;654;1362;2.733;1.822;-10922401;Control
17;9;658;1364;1.516;1.011;-12368558;Control
17;10;639;1364;6.441;4.294;-10587525;Control
17;11;639;1356;2.712;1.808;-9936252;Control
17;12;637;1356;0.678;0.452;-12106403;Control
17;13;635;1356;0.678;0.452;-10262153;Control
17;14;639;1353;1.695;1.130;-11775643;Control
17;15;635;1358;2.171;1.447;-10526871;Control
17;16;635;1356;0.678;0.452;-10464910;Control
17;17;637;1351;1.826;1.217;-11113099;Control
17;18;635;1351;0.678;0.452;-9873302;Control
17;19;629;1347;2.445;1.630;-9739146;Control
17;20;622;1343;2.733;1.822;-10980486;Control
17;21;616;1345;2.144;1.429;-9862280;Control
17;22;616;1347;0.678;0.452;-9535874;Control
17;23;610;1337;3.953;2.636;-11448475;Control
17;24;604;1333;2.445;1.630;-10456211;Control
17;25;610;1337;2.445;1.630;-11180434;Control
17;26;606;1331;2.445;1.630;-9209730;Control
17;27;599;1322;3.865;2.577;-10987924;Control
17;28;589;1322;3.390;2.260;-9866132;Control
17;29;572;1318;5.920;3.947;-12296621;Control
17;30;572;1312;2.034;1.356;-11576740;Control
17;31;562;1312;3.390;2.260;-9996939;Control
17;32;549;1303;5.360;3.573;-12230569;Control
17;33;554;1312;3.490;2.327;-11114139;Control
17;34;547;1310;2.468;1.645;-11703194;Control
17;35;541;1303;3.125;2.084;-12570036;Control
17;36;535;1301;2.144;1.429;-10519448;Control
17;37;524;1283;7.151;4.767;-11520146;Control
17;38;493;1206;28.139;18.759;-11577239;Control
17;39;485;1181;8.898;5.932;-11184021;Control
17;40;449;1097;30.981;20.654;-11779493;Control
17;41;397;1045;24.930;16.620;-11641764;Control
17;42;362;1047;11.884;7.923;-11568535;Control
17;43;324;1047;12.882;8.588;-14399679;Control
17;44;279;1066;16.559;11.039;-11838127;Control
17;45;206;1124;31.607;21.071;-11770529;Control
17;46;202;1116;3.032;2.021;-13021851;Control
17;47;191;1131;6.306;4.204;-10848926;Control
17;48;166;1139;8.898;5.932;-11311007;Control
17;49;164;1139;0.678;0.452;-11115936;Control
17;50;172;1133;3.390;2.260;-10722971;Control
17;51;189;1124;6.521;4.347;-11641777;Control
17;52;195;1108;5.793;3.862;-10919060;Control
17;53;199;1103;2.171;1.447;-11054239;Control
17;54;199;1093;3.390;2.260;-10986154;Control
17;55;199;1093;0.000;0.000;-10658206;Control
17;56;199;1085;2.712;1.808;-10001826;Control
17;57;197;1076;3.125;2.084;-10981277;Control
17;58;191;1072;2.445;1.630;-10848916;Control
17;59;187;1074;1.516;1.011;-12360874;Control
17;60;185;1074;0.678;0.452;-12167856;Control
17;61;185;1074;0.000;0.000;-13156794;Control
17;62;197;1072;4.124;2.749;-11445673;Control
17;63;187;1062;4.794;3.196;-11049893;Control
17;64;183;1056;2.445;1.630;-9404299;Control
17;65;202;1058;6.477;4.318;-11044237;Control
17;66;191;1060;3.790;2.527;-9668240;Control
17;67;183;1072;4.889;3.259;-8811384;Control
17;68;195;1051;8.199;5.466;-10328223;Control
17;69;208;1049;4.459;2.973;-11383452;Control
17;70;208;1051;0.678;0.452;-9997704;Control
17;71;210;1041;3.457;2.305;-9608608;Control
17;72;195;1037;5.263;3.508;-9929615;Control
17;73;216;1037;7.119;4.746;-12764870;Control
17;74;214;1039;0.959;0.639;-11907503;Control
17;75;195;1045;6.755;4.503;-11045012;Control
17;76;199;1041;1.918;1.278;-11639720;Control
17;77;199;1051;3.390;2.260;-13285048;Control
17;78;204;1049;1.826;1.217;-11047574;Control
17;79;195;1056;3.865;2.577;-12168374;Control
17;80;202;1064;3.604;2.402;-10854817;Control
17;81;197;1068;2.171;1.447;-10060948;Control
17;82;195;1074;2.144;1.429;-12629662;Control
17;83;210;1081;5.611;3.741;-11374238;Control
17;84;208;1085;1.516;1.011;-12628409;Control
17;85;212;1081;1.918;1.278;-12695992;Control
17;86;212;1085;1.356;0.904;-11513515;Control
17;87;214;1074;3.790;2.527;-12498880;Control
17;88;227;1076;4.459;2.973;-11181731;Control
17;89;224;1076;1.017;0.678;-11249326;Control
17;90;212;1070;4.548;3.032;-12756913;Control
17;91;214;1070;0.678;0.452;-13217975;Control
17;92;204;1078;4.341;2.894;-11052966;Control
17;93;202;1070;2.795;1.864;-12563895;Control
17;94;197;1060;3.790;2.527;-10261391;Control
17;95;193;1062;1.516;1.011;-11781812;Control
17;96;187;1060;2.144;1.429;-10327974;Control
17;97;193;1062;2.144;1.429;-10065025;Control
17;98;197;1051;3.968;2.645;-11639744;Control
17;99;202;1035;5.683;3.788;-11179924;Control
17;100;208;1024;4.248;2.832;-9279106;Control
17;101;199;1022;3.125;2.084;-14135743;Control
17;102;181;1018;6.251;4.167;-11110548;Control
17;103;156;1028;9.128;6.085;-10002065;Control
17;104;145;1028;3.729;2.486;-10786446;Control
17;105;139;1035;3.125;2.084;-11836322;Control
17;106;147;1031;3.032;2.021;-10983081;Control
17;107;156;1024;3.865;2.577;-10128791;Control
17;108;139;1024;5.763;3.842;-10980250;Control
17;109;131;1028;3.032;2.021;-9271676;Control
17;110;149;1026;6.140;4.093;-11046819;Control
17;111;147;1028;0.959;0.639;-10593187;Control
17;112;147;1008;6.780;4.520;-10454669;Control
17;113;162;1012;5.263;3.508;-11843505;Control
17;114;160;995;5.803;3.868;-10985878;Control
17;115;154;993;2.144;1.429;-9993884;Control
17;116;162;991;2.795;1.864;-9668749;Control
17;117;164;979;4.124;2.749;-10789014;Control
17;118;160;972;2.733;1.822;-11116173;Control
17;119;143;979;6.232;4.155;-10785951;Control
17;120;139;972;2.733;1.822;-9466258;Control
17;121;137;964;2.795;1.864;-9405579;Control
17;122;162;976;9.401;6.267;-10066867;Control
17;123;164;976;0.678;0.452;-9206658;Control
17;124;174;981;3.790;2.527;-13020320;Control
17;125;185;983;3.790;2.527;-9928839;Control
17;126;179;999;5.793;3.862;-11906992;Control
17;127;187;1006;3.604;2.402;-10847384;Control
17;128;185;1018;4.124;2.749;-10654869;Control
17;129;189;1014;1.918;1.278;-10653590;Control
17;130;193;1014;1.356;0.904;-12230565;Control
17;131;181;1018;4.288;2.859;-11972510;Control
17;132;204;1014;7.914;5.276;-10200986;Control
17;133;199;1016;1.826;1.217;-10524052;Control
17;134;202;1020;1.695;1.130;-11384486;Control
17;135;202;1018;0.678;0.452;-11243404;Control
17;136;210;1028;4.341;2.894;-12432045;Control
17;137;272;1024;21.062;14.041;-12033966;Control
17;138;272;1031;2.373;1.582;-10592913;Control
17;139;277;1024;2.916;1.944;-10585493;Control
17;140;274;1028;1.695;1.130;-12102579;Control
17;141;281;1028;2.373;1.582;-10981541;Control
17;142;272;1047;7.127;4.751;-10256009;Control
17;143;277;1045;1.826;1.217;-10784171;Control
17;144;283;1028;6.111;4.074;-11571867;Control
17;145;277;1037;3.667;2.445;-11770793;Control
17;146;285;1035;2.795;1.864;-11575717;Control
17;147;281;1045;3.651;2.434;-11048888;Control
17;148;264;1058;7.255;4.837;-10980248;Control
17;149;264;1051;2.373;1.582;-13217949;Control
17;150;270;1033;6.432;4.288;-10322320;Control
17;151;268;1031;0.959;0.639;-10256011;Control
17;152;270;1031;0.678;0.452;-11839417;Control
17;153;279;1020;4.818;3.212;-11972007;Control
17;154;274;1018;1.826;1.217;-11772837;Control
17;155;285;1016;3.790;2.527;-11243921;Control
17;156;285;1010;2.034;1.356;-10586017;Control
17;157;287;1001;3.125;2.084;-11901103;Control
17;158;279;997;3.032;2.021;-12232099;Control
17;159;283;989;3.032;2.021;-11967146;Control
17;160;270;993;4.611;3.074;-11967120;Control
17;161;262;951;14.494;9.663;-11313048;Control
17;162;254;933;6.678;4.452;-13475230;Control
17;163;247;949;5.920;3.947;-9664642;Control
17;164;254;939;4.138;2.759;-10191761;Control
17;165;254;947;2.712;1.808;-9338757;Control
17;166;258;958;3.968;2.645;-10060942;Control
17;167;260;962;1.516;1.011;-9207941;Control
17;168;266;970;3.390;2.260;-11112599;Control
17;169;270;951;6.582;4.388;-10321802;Control
17;170;256;935;7.207;4.805;-11110544;Control
17;171;247;933;3.125;2.084;-11504538;Control
17;172;245;933;0.678;0.452;-10386574;Control
17;173;239;939;2.877;1.918;-10652815;Control
17;174;239;941;0.678;0.452;-10252668;Control
17;175;243;943;1.516;1.011;-9733513;Control
17;176;241;945;0.959;0.639;-9732237;Control
17;177;237;951;2.445;1.630;-10330013;Control
17;178;239;941;3.457;2.305;-11647654;Control
17;179;245;945;2.445;1.630;-10916249;Control
17;180;243;939;2.144;1.429;-10130331;Control
17;181;237;951;4.548;3.032;-11314339;Control
17;182;239;939;4.124;2.749;-12360346;Control
18;2;1660;1124;7.618;5.079;-11902138;Control
18;3;1595;1211;36.815;24.544;-10655136;Control
18;4;1570;1354;49.212;32.808;-11841727;Control
18;5;1514;1460;40.640;27.094;-10983079;Control
18;6;1452;1556;38.741;25.827;-12297904;Control
18;7;1456;1608;17.680;11.787;-12302263;Control
18;8;1444;1678;24.076;16.051;-12172466;Control
18;9;1469;1685;8.801;5.867;-12498602;Control
18;10;1498;1703;11.571;7.714;-12631230;Control
18;11;1577;1789;39.588;26.392;-12566723;Control
18;12;1691;1847;43.360;28.907;-11450267;Control
18;13;1795;1915;42.123;28.082;-11379872;Control
19;2;730;925;7.079;4.719;-9338496;Control
19;3;713;921;5.920;3.947;-11047845;Control
19;4;624;935;30.542;20.361;-10853788;Control
19;5;560;943;21.865;14.577;-12435119;Control
19;6;472;972;31.410;20.940;-11503002;Control
19;7;416;1012;23.330;15.553;-10063771;Control
19;8;375;1078;26.340;17.560;-11908007;Control
19;9;358;1091;7.255;4.837;-10132632;Control
19;10;327;1105;11.531;7.687;-12696494;Control
19;11;244;1138;30.279;20.186;-10522004;Control
19;12;244;1134;1.356;0.904;-12295073;Control
19;13;197;1126;16.162;10.775;-11046552;Control
19;14;151;1118;15.828;10.552;-11840161;Control
19;15;124;1141;12.024;8.016;-11711398;Control
19;16;47;1186;30.234;20.156;-8555123;Control
19;17;8;1197;13.737;9.158;-11777959;Control
20;2;492;252;46.959;31.306;-10718359;Control
20;3;501;399;49.926;33.284;-9273215;Control
20;4;476;563;56.238;37.492;-9543046;Control
20;5;453;731;57.483;38.322;-9276285;Control
20;6;430;816;29.851;19.901;-8160895;Control
20;7;441;813;3.865;2.577;-7894910;Control
20;8;412;867;20.779;13.853;-8027525;Control
20;9;447;898;15.850;10.567;-8485758;Control
20;10;447;929;10.509;7.006;-8224367;Control
20;11;455;921;3.835;2.557;-9012361;Control
20;12;457;909;4.124;2.749;-9933705;Control
20;13;457;907;0.678;0.452;-10267024;Control
20;14;484;934;12.944;8.630;-11313578;Control
20;15;509;987;19.866;13.244;-10661260;Control
20;16;492;1012;10.249;6.833;-10914717;Control
20;17;490;1010;0.959;0.639;-12301500;Control
20;18;492;1010;0.678;0.452;-10195355;Control
20;19;389;1066;39.744;26.496;-9273732;Control
20;20;308;1147;38.833;25.889;-9865352;Control
20;21;283;1170;11.516;7.677;-9077127;Control
20;22;254;1209;16.476;10.984;-9208978;Control
20;23;256;1228;6.477;4.318;-8947857;Control
20;24;242;1294;22.872;15.248;-11970477;Control
20;25;213;1449;53.457;35.638;-10065299;Control
20;26;213;1586;46.443;30.962;-11046067;Control
20;27;227;1712;42.977;28.651;-9998746;Control
20;28;246;1830;40.517;27.011;-9341843;Control
20;29;265;1874;16.247;10.832;-11640750;Control
20;30;263;1895;7.151;4.767;-10984860;Control
20;31;267;1903;3.032;2.021;-10327182;Control
20;32;258;1917;5.642;3.761;-10656662;Control
21;2;897;798;3.339;2.226;-8949387;Control
21;3;893;800;1.516;1.011;-8619670;Control
21;4;893;804;1.356;0.904;-10000024;Control
21;5;889;794;3.651;2.434;-10132374;Control
21;6;899;796;3.457;2.305;-9801366;Control
21;7;895;791;2.171;1.447;-10264212;Control
21;8;903;758;11.511;7.674;-9402499;Control
21;9;911;669;30.293;20.195;-10522255;Control
21;10;949;595;28.200;18.800;-9014396;Control
21;11;953;593;1.516;1.011;-11772563;Control
21;12;988;535;22.965;15.310;-11311256;Control
21;13;990;537;0.959;0.639;-9931911;Control
21;14;1011;512;11.068;7.379;-11114141;Control
21;15;1069;419;37.156;24.770;-10326168;Control
21;16;1093;368;19.108;12.738;-10388874;Control
21;17;1133;337;17.156;11.437;-11510177;Control
21;18;1157;291;17.589;11.726;-11704985;Control
21;19;1191;239;21.062;14.041;-11771810;Control
21;20;1220;206;14.893;9.929;-9604241;Control
21;21;1228;171;12.171;8.114;-9403790;Control
21;22;1271;128;20.615;13.743;-10588824;Control
21;23;1300;93;15.409;10.272;-10585995;Control
21;24;1321;59;13.547;9.032;-12959658;Control
21;25;1337;26;12.433;8.288;-12229799;Control
22;2;962;1678;6.582;4.388;-10005650;Control
22;3;962;1670;2.712;1.808;-10860701;Control
22;4;910;1587;33.203;22.135;-10664098;Control
22;5;891;1461;43.197;28.798;-9345417;Control
22;6;926;1348;40.102;26.735;-9935245;Control
22;7;955;1197;52.124;34.750;-9077127;Control
22;8;962;1100;32.969;21.979;-11186327;Control
22;9;997;1003;34.958;23.305;-8947841;Control
22;10;997;889;38.646;25.764;-9147536;Control
22;11;976;877;8.199;5.466;-8362097;Control
22;12;881;724;61.052;40.701;-11386515;Control
22;13;817;604;46.104;30.736;-11516573;Control
22;14;768;478;45.830;30.553;-8758679;Control
22;15;708;334;52.884;35.256;-10201229;Control
22;16;695;196;46.989;31.326;-9144464;Control
22;17;637;132;29.280;19.520;-8623221;Control
22;18;613;20;38.830;25.887;-11047057;Control
23;2;65;692;26.522;17.682;-13227440;Control
23;3;156;770;40.631;27.087;-11517878;Control
23;4;156;764;2.034;1.356;-12499133;Control
23;5;146;756;4.341;2.894;-13942725;Control
23;6;189;791;18.795;12.530;-9737113;Control
23;7;298;845;41.237;27.491;-8419209;Control
23;8;368;855;23.971;15.981;-12432319;Control
23;9;511;853;48.482;32.321;-9805203;Control
23;10;624;913;43.372;28.915;-9803938;Control
23;11;638;958;15.976;10.651;-9404041;Control
23;12;688;1018;26.477;17.651;-9143419;Control
23;13;748;1071;27.139;18.093;-9477257;Control
23;14;845;1168;46.504;31.002;-9940629;Control
23;15;956;1273;51.797;34.531;-11837099;Control
23;16;1045;1395;51.193;34.129;-11379369;Control
23;17;1125;1467;36.486;24.324;-8948108;Control
23;18;1207;1529;34.849;23.233;-9476000;Control
23;19;1242;1640;39.455;26.304;-8222618;Control
23;20;1197;1741;37.484;24.989;-10330516;Control
23;21;1181;1809;23.682;15.788;-9669286;Control
23;22;1154;1896;30.881;20.587;-11909043;Control
23;23;1207;1914;18.975;12.650;-9346433;Control
24;2;375;1653;5.803;3.868;-12037297;Control
24;3;373;1651;0.959;0.639;-10400410;Control
24;4;371;1641;3.457;2.305;-13157570;Control
24;5;363;1639;2.795;1.864;-13486288;Control
24;6;367;1643;1.918;1.278;-11193265;Control
24;7;365;1647;1.516;1.011;-12103352;Control
24;8;369;1637;3.651;2.434;-11446202;Control
24;9;384;1633;5.263;3.508;-10528706;Control
24;10;402;1547;29.786;19.857;-12036545;Control
24;11;445;1429;42.575;28.383;-8817294;Control
24;12;472;1312;40.705;27.137;-11906222;Control
24;13;503;1203;38.416;25.611;-10200224;Control
24;14;562;1144;28.286;18.857;-12034979;Control
24;15;659;1109;34.958;23.305;-10593424;Control
24;16;719;1076;23.213;15.476;-8882834;Control
24;17;788;1033;27.561;18.374;-12691647;Control
24;18;817;975;21.983;14.655;-12830136;Control
24;19;844;912;23.236;15.490;-11113640;Control
24;20;877;821;32.815;21.877;-9860246;Control
24;21;914;762;23.609;15.739;-12501950;Control
24;22;922;737;8.898;5.932;-10788515;Control
24;23;957;667;26.531;17.687;-11314865;Control
24;24;1010;595;30.308;20.205;-10657176;Control
24;25;1043;560;16.307;10.872;-10399145;Control
24;26;1099;474;34.790;23.193;-10589851;Control
24;27;1097;332;48.143;32.095;-9539996;Control
24;28;1084;217;39.233;26.156;-10392987;Control
24;29;1058;125;32.410;21.606;-11383720;Control
24;30;965;24;46.543;31.029;-11380902;Control
24;31;922;6;15.803;10.535;-8025718;Control
25;2;1076;265;3.390;2.260;-10596757;Control
25;3;1082;262;2.274;1.516;-11510694;Control
25;4;1078;248;4.936;3.291;-10652562;Control
25;5;1097;252;6.582;4.388;-10523045;Control
25;6;1181;246;28.549;19.032;-9010819;Control
25;7;1183;240;2.144;1.429;-11707303;Control
25;8;1185;246;2.144;1.429;-11054755;Control
25;9;1203;246;6.102;4.068;-9670034;Control
25;10;1273;258;24.076;16.051;-11711147;Control
25;11;1353;269;27.375;18.250;-12496043;Control
25;12;1403;275;17.072;11.381;-12232871;Control
25;13;1503;248;35.114;23.409;-10594966;Control
25;14;1563;180;30.743;20.495;-10390667;Control
25;15;1584;160;9.831;6.554;-8883087;Control
25;16;1635;98;27.215;18.143;-10527892;Control
25;17;1738;36;40.755;27.170;-9737357;Control
26;2;237;580;54.798;36.532;-10857127;Control
26;3;313;623;29.602;19.735;-10591136;Control
26;4;447;664;47.505;31.670;-12561326;Control
26;5;601;707;54.203;36.135;-9738897;Control
26;6;763;779;60.098;40.065;-11908282;Control
26;7;918;853;58.226;38.817;-11380650;Control
26;8;1037;966;55.631;37.087;-9344903;Control
26;9;1152;1081;55.133;36.755;-10001825;Control
26;10;1273;1183;53.649;35.766;-10523558;Control
26;11;1380;1310;56.296;37.531;-9145741;Control
26;12;1489;1386;45.046;30.031;-12432307;Control
26;13;1546;1386;19.323;12.882;-12100774;Control
26;14;1673;1421;44.658;29.772;-10523547;Control
26;15;1747;1394;26.704;17.802;-10654619;Control
26;16;1807;1339;27.593;18.395;-9735053;Control
26;17;1913;1327;36.164;24.109;-8553841;Control
26;18;1952;1316;13.737;9.158;-9737616;Control
26;19;2002;1288;19.427;12.951;-9671313;Control
26;20;2059;1218;30.602;20.401;-11243670;Control
26;21;2106;1111;39.618;26.412;-11181477;Control
26;22;2143;1052;23.609;15.739;-8617605;Control
26;23;2219;988;33.682;22.455;-10000539;Control
26;24;2244;957;13.501;9.000;-10916524;Control
26;25;2262;937;9.122;6.081;-10787741;Control
26;26;2326;882;28.607;19.071;-10000010;Control
26;27;2346;834;17.628;11.752;-10128792;Control
26;28;2404;752;34.049;22.699;-10000034;Control
26;29;2445;672;30.474;20.316;-11708324;Control
26;30;2459;656;7.207;4.805;-9735055;Control
26;31;2475;605;18.120;12.080;-9539734;Control
26;32;2539;504;40.534;27.023;-10001566;Control
26;33;2553;430;25.531;17.021;-13092281;Control
27;2;192;1328;1.695;1.130;-8421244;Control
27;3;198;1338;3.953;2.636;-8490619;Control
27;4;216;1368;11.860;7.907;-11640224;Control
27;5;218;1407;13.238;8.826;-9274245;Control
27;6;230;1434;10.016;6.678;-9211029;Control
27;7;226;1436;1.516;1.011;-10720159;Control
27;8;253;1466;13.682;9.122;-11048346;Control
27;9;288;1505;17.764;11.843;-11186592;Control
27;10;310;1532;11.807;7.871;-11119261;Control
27;11;339;1579;18.722;12.481;-11377562;Control
27;12;351;1597;7.334;4.889;-9997724;Control
27;13;369;1603;6.432;4.288;-12036011;Control
27;14;382;1626;8.956;5.971;-12434367;Control
27;15;418;1693;25.784;17.189;-9473429;Control
27;16;433;1716;9.309;6.206;-11969450;Control
27;17;420;1740;9.253;6.169;-13218224;Control
27;18;402;1767;11.001;7.334;-10789544;Control
27;19;400;1779;4.124;2.749;-10589863;Control
27;20;388;1826;16.444;10.963;-10786719;Control
27;21;377;1853;9.883;6.589;-11512988;Control
27;22;361;1900;16.831;11.221;-11775911;Control
27;23;353;1912;4.889;3.259;-9273991;Control
28;2;1108;1835;7.054;4.703;-9412502;Control
28;3;1141;1735;35.698;23.799;-10137992;Control
28;4;1139;1667;23.062;15.375;-10724771;Control
28;5;1126;1608;20.481;13.654;-11780263;Control
28;6;1137;1539;23.686;15.791;-10662293;Control
28;7;1220;1441;43.536;29.024;-9605270;Control
28;8;1339;1392;43.627;29.085;-9277590;Control
28;9;1498;1453;57.732;38.488;-9667991;Control
28;10;1500;1504;17.302;11.535;-8752515;Control
28;11;1514;1651;50.058;33.372;-10590356;Control
28;12;1524;1667;6.396;4.264;-10789273;Control
28;13;1545;1708;15.616;10.411;-10595493;Control
28;14;1553;1708;2.712;1.808;-10661277;Control
28;15;1596;1720;15.134;10.089;-9538454;Control
28;16;1686;1718;30.518;20.345;-8422008;Control
28;17;1741;1753;22.100;14.733;-11840936;Control
28;18;1820;1776;27.893;18.595;-11118757;Control
28;19;1763;1810;22.499;15.000;-11380632;Control
28;20;1712;1749;26.954;17.969;-10392987;Control
28;21;1725;1686;21.807;14.538;-9537678;Control
28;22;1818;1645;34.455;22.970;-9144719;Control
28;23;1939;1653;41.109;27.406;-10658465;Control
28;24;2006;1690;25.946;17.297;-10062758;Control
28;25;2000;1690;2.034;1.356;-11708332;Control
28;26;2029;1718;13.666;9.110;-10920360;Control
28;27;2035;1708;3.953;2.636;-11843242;Control
28;28;2041;1698;3.953;2.636;-10068891;Control
28;29;2049;1700;2.795;1.864;-11117226;Control
28;30;2049;1698;0.678;0.452;-8424074;Control
28;31;2049;1698;0.000;0.000;-10593183;Control
28;32;2041;1700;2.795;1.864;-11710375;Control
28;33;2039;1704;1.516;1.011;-10654116;Control
28;34;2041;1704;0.678;0.452;-10331294;Control
28;35;2043;1706;0.959;0.639;-12955830;Control
28;36;2043;1700;2.034;1.356;-11047073;Control
28;37;2043;1700;0.000;0.000;-12035241;Control
28;38;2043;1696;1.356;0.904;-9799835;Control
28;39;2045;1692;1.516;1.011;-11249062;Control
28;40;2049;1686;2.445;1.630;-11112094;Control
28;41;2068;1700;8.001;5.334;-10984100;Control
28;42;2114;1708;15.828;10.552;-10520978;Control
28;43;2153;1725;14.422;9.615;-12956333;Control
28;44;2202;1782;25.481;16.988;-11247272;Control
28;45;2217;1829;16.725;11.150;-10192526;Control
28;46;2241;1874;17.289;11.526;-10917791;Control
28;47;2272;1912;16.625;11.083;-10000529;Control
28;48;2298;1912;8.814;5.876;-9537664;Control
29;2;1502;144;35.828;23.886;-11771819;Control
29;3;1441;244;39.709;26.473;-11902866;Control
29;4;1373;334;38.239;25.493;-11705741;Control
29;5;1349;372;15.236;10.157;-9475456;Control
29;6;1328;413;15.616;10.411;-11179932;Control
29;7;1326;419;2.144;1.429;-12760735;Control
29;8;1324;423;1.516;1.011;-10922381;Control
29;9;1324;421;0.678;0.452;-10593685;Control
29;10;1330;409;4.548;3.032;-12041375;Control
29;11;1332;411;0.959;0.639;-11379882;Control
29;12;1292;546;47.732;31.821;-11516312;Control
29;13;1284;664;40.094;26.729;-11711143;Control
29;14;1341;790;46.881;31.254;-11117478;Control
29;15;1451;841;41.103;27.402;-12825537;Control
29;16;1557;803;38.173;25.449;-9738905;Control
29;17;1661;727;43.667;29.111;-8296598;Control
29;18;1722;654;32.250;21.500;-10064798;Control
29;19;1785;595;29.260;19.507;-10460061;Control
29;20;1846;564;23.196;15.464;-9736605;Control
29;21;1909;552;21.741;14.494;-10392474;Control
29;22;1985;556;25.800;17.200;-11247783;Control
29;23;2048;556;21.357;14.238;-10200477;Control
29;24;2060;564;4.889;3.259;-11967403;Control
29;25;2060;562;0.678;0.452;-10000288;Control
29;26;2115;560;18.657;12.438;-12562612;Control
29;27;2197;546;28.200;18.800;-11181477;Control
29;28;2266;544;23.401;15.601;-11113887;Control
29;29;2354;529;30.262;20.175;-10919327;Control
29;30;2396;536;14.434;9.623;-11905723;Control
29;31;2441;566;18.334;12.223;-11379118;Control
29;32;2454;570;4.611;3.074;-10658976;Control
29;33;2521;593;24.014;16.009;-10592413;Control
30;2;1900;490;2.712;1.808;-12296368;Control
30;3;1894;490;2.034;1.356;-11578288;Control
30;4;1920;484;9.046;6.030;-10393765;Control
30;5;1920;488;1.356;0.904;-12034989;Control
30;6;1951;472;11.826;7.884;-11974830;Control
30;7;1995;464;15.161;10.107;-9734554;Control
30;8;2022;450;10.310;6.874;-12959415;Control
30;9;2026;450;1.356;0.904;-11973049;Control
30;10;2028;443;2.468;1.645;-10720161;Control
30;11;2042;439;4.936;3.291;-10334130;Control
30;12;2042;439;0.000;0.000;-11118007;Control
30;13;2061;427;7.618;5.079;-9934752;Control
30;14;2067;423;2.445;1.630;-10657440;Control
30;15;2091;415;8.576;5.717;-10657705;Control
30;16;2120;413;9.854;6.570;-11642541;Control
30;17;2124;405;3.032;2.021;-11376044;Control
30;18;2152;403;9.516;6.344;-12496819;Control
30;19;2203;380;18.966;12.644;-13616572;Control
30;20;2256;368;18.422;12.281;-11973039;Control
30;21;2352;360;32.657;21.771;-11376295;Control
30;22;2374;362;7.489;4.993;-12633288;Control
30;23;2368;376;5.163;3.442;-10789040;Control
30;24;2395;388;10.016;6.678;-11445671;Control
30;25;2429;376;12.223;8.149;-12237240;Control
30;26;2439;368;4.341;2.894;-11448232;Control
30;27;2445;360;3.390;2.260;-10785451;Control
30;28;2452;352;3.604;2.402;-11510191;Control
30;29;2464;356;4.288;2.859;-11642038;Control
30;30;2502;364;13.164;8.776;-12106424;Control
30;31;2523;382;9.376;6.251;-12166316;Control
30;32;2527;378;1.918;1.278;-12099258;Control
30;33;2545;409;12.152;8.101;-10851485;Control
31;2;563;1746;45.241;30.161;-9078421;Control
31;3;561;1743;1.222;0.815;-9866639;Control
31;4;561;1741;0.678;0.452;-11049113;Control
31;5;559;1703;12.900;8.600;-9668749;Control
31;6;551;1695;3.835;2.557;-10258317;Control
31;7;512;1550;50.902;33.935;-11254954;Control
31;8;516;1402;50.190;33.460;-11320233;Control
31;9;506;1336;22.629;15.086;-10070930;Control
31;10;494;1318;7.334;4.889;-11450026;Control
31;11;496;1290;9.516;6.344;-10719881;Control
31;12;482;1300;5.832;3.888;-10398108;Control
31;13;417;1216;36.006;24.004;-10136232;Control
31;14;396;1190;11.330;7.553;-9150870;Control
31;15;374;1176;8.840;5.893;-9537678;Control
31;16;352;1174;7.489;4.993;-9599878;Control
31;17;295;1190;20.070;13.380;-12301752;Control
31;18;207;1196;29.901;19.934;-11442088;Control
31;19;91;1155;41.708;27.805;-11446954;Control
31;20;34;1098;27.327;18.218;-10596775;Control
32;2;993;1810;10.349;6.899;-11388576;Control
32;3;1005;1802;4.889;3.259;-12035759;Control
32;4;1001;1802;1.356;0.904;-9803166;Control
32;5;1015;1798;4.936;3.291;-11116710;Control
32;6;1064;1724;30.087;20.058;-11642015;Control
32;7;1127;1629;38.643;25.762;-8484234;Control
32;8;1149;1572;20.712;13.808;-12170928;Control
32;9;1202;1470;38.967;25.978;-11118492;Control
32;10;1217;1347;42.006;28.004;-12962990;Control
32;11;1223;1235;38.022;25.348;-10458519;Control
32;12;1198;1129;36.920;24.613;-9408390;Control
32;13;1133;1024;41.863;27.909;-10125203;Control
32;14;1038;973;36.552;24.368;-9797003;Control
32;15;948;920;35.407;23.605;-10060948;Control
32;16;810;869;49.874;33.250;-10784158;Control
32;17;713;875;32.946;21.964;-10917013;Control
32;18;603;924;40.822;27.215;-10785439;Control
32;19;528;977;31.133;20.755;-10852499;Control
32;20;457;1001;25.407;16.938;-11114408;Control
32;21;361;1019;33.111;22.074;-9343634;Control
32;22;268;1129;48.831;32.554;-10852772;Control
32;23;182;1139;29.350;19.567;-11775139;Control
32;24;148;1156;12.886;8.591;-11113880;Control
32;25;164;1164;6.064;4.043;-12957110;Control
32;26;154;1176;5.295;3.530;-12494754;Control
32;27;113;1206;17.222;11.482;-11836840;Control
32;28;46;1249;26.988;17.992;-12036272;Control
33;2;2428;487;30.041;20.027;-10917276;Control
33;3;2332;588;47.238;31.492;-8879746;Control
33;4;2279;643;25.893;17.262;-9670281;Control
33;5;2229;757;42.200;28.133;-10722971;Control
33;6;2204;810;19.866;13.244;-13417662;Control
33;7;2229;931;41.885;27.924;-10001825;Control
33;8;2261;1039;38.185;25.457;-11376044;Control
33;9;2233;1100;22.753;15.169;-10984075;Control
33;10;2220;1102;4.459;2.973;-13284536;Control
33;11;2210;1128;9.443;6.296;-11705763;Control
33;12;2186;1189;22.222;14.815;-9866132;Control
33;13;2129;1232;24.205;16.136;-10459797;Control
33;14;2048;1278;31.578;21.052;-12303266;Control
33;15;2003;1339;25.697;17.131;-11184284;Control
33;16;1932;1370;26.263;17.509;-12169135;Control
33;17;1865;1412;26.807;17.871;-10196125;Control
33;18;1788;1417;26.158;17.439;-12493747;Control
33;19;1754;1404;12.340;8.227;-10592936;Control
33;20;1660;1374;33.450;22.300;-8948352;Control
33;21;1589;1354;25.006;16.670;-11837862;Control
33;22;1496;1362;31.643;21.096;-10657179;Control
33;23;1417;1345;27.394;18.263;-10856087;Control
33;24;1358;1423;33.154;22.103;-10198168;Control
33;25;1305;1559;49.481;32.987;-12437421;Control
33;26;1230;1676;47.112;31.408;-12825778;Control
33;27;1305;1794;47.398;31.599;-9075336;Control
33;28;1421;1837;41.939;27.959;-10724260;Control
33;29;1421;1821;5.424;3.616;-11708075;Control
33;30;1441;1827;7.079;4.719;-10529191;Control
33;31;1433;1829;2.795;1.864;-10133906;Control
33;32;1479;1859;18.617;12.411;-11908785;Control
33;33;1481;1896;12.561;8.374;-11049375;Control
34;2;2271;1340;43.101;28.734;-10528397;Control
34;3;2261;1348;4.341;2.894;-12305057;Control
34;4;2231;1344;10.260;6.840;-10982792;Control
34;5;2176;1306;22.662;15.108;-10993040;Control
34;6;2105;1202;42.688;28.459;-12638640;Control
34;7;2012;1103;46.047;30.698;-11517348;Control
34;8;1929;1030;37.471;24.981;-10461076;Control
34;9;1795;996;46.865;31.244;-11513764;Control
34;10;1695;947;37.751;25.167;-12835754;Control
34;11;1588;829;53.999;35.999;-10594709;Control
34;12;1495;683;58.682;39.122;-10661782;Control
34;13;1440;529;55.436;36.957;-11186076;Control
34;14;1369;440;38.595;25.730;-9275023;Control
34;15;1344;434;8.716;5.810;-10324625;Control
34;16;1328;413;8.950;5.967;-11512236;Control
34;17;1316;407;4.548;3.032;-10591385;Control
34;18;1312;387;6.914;4.610;-11113880;Control
34;19;1306;367;7.079;4.719;-11509926;Control
34;20;1294;348;7.618;5.079;-9536904;Control
34;21;1294;342;2.034;1.356;-9603970;Control
34;22;1308;340;4.794;3.196;-9278582;Control
34;23;1310;310;10.193;6.795;-9010560;Control
34;24;1314;302;3.032;2.021;-12107445;Control
34;25;1308;290;4.548;3.032;-11842739;Control
34;26;1314;283;3.125;2.084;-8617605;Control
34;27;1314;283;0.000;0.000;-11584681;Control
34;28;1308;279;2.445;1.630;-11185304;Control
34;29;1314;296;6.111;4.074;-11519130;Control
34;30;1302;279;7.054;4.703;-11908272;Control
34;31;1300;296;5.803;3.868;-10400159;Control
34;32;1288;298;4.124;2.749;-10331016;Control
34;33;1292;296;1.516;1.011;-9667722;Control
34;34;1294;298;0.959;0.639;-11774377;Control
34;35;1269;261;15.138;10.092;-9938830;Control
34;36;1235;245;12.738;8.492;-11056538;Control
34;37;1213;237;7.936;5.291;-7239274;Control
34;38;1206;217;7.183;4.789;-10926500;Control
34;39;1190;202;7.435;4.957;-10199723;Control
34;40;1186;204;1.516;1.011;-9871496;Control
34;41;1204;206;6.140;4.093;-11388306;Control
34;42;1206;200;2.144;1.429;-11190931;Control
34;43;1217;182;7.151;4.767;-10070152;Control
34;44;1241;196;9.419;6.279;-9344899;Control
34;45;1213;182;10.612;7.075;-10457741;Control
34;46;1225;176;4.548;3.032;-11119770;Control
34;47;1231;168;3.390;2.260;-10395795;Control
34;48;1233;164;1.516;1.011;-10658459;Control
34;49;1255;146;9.636;6.424;-10924182;Control
34;50;1267;133;5.998;3.998;-11246742;Control
34;51;1280;150;7.255;4.837;-10457487;Control
34;52;1261;139;7.443;4.962;-9994382;Control
34;53;1261;141;0.678;0.452;-11708073;Control
34;54;1271;148;4.138;2.759;-10066841;Control
34;55;1271;144;1.356;0.904;-10523811;Control
34;56;1263;137;3.604;2.402;-11051667;Control
34;57;1267;135;1.516;1.011;-9996174;Control
34;58;1271;137;1.516;1.011;-10130581;Control
34;59;1271;135;0.678;0.452;-9734285;Control
34;60;1271;125;3.390;2.260;-9212302;Control
34;61;1263;113;4.889;3.259;-12170666;Control
34;62;1263;99;4.746;3.164;-10459546;Control
34;63;1259;73;8.918;5.945;-11311256;Control
34;64;1263;58;5.263;3.508;-10922640;Control
34;65;1265;52;2.144;1.429;-10725774;Control
34;66;1271;42;3.953;2.636;-9933707;Control
34;67;1277;42;2.034;1.356;-10722455;Control
34;68;1284;40;2.468;1.645;-10591645;Control
34;69;1275;28;5.085;3.390;-11181729;Control
34;70;1261;20;5.466;3.644;-12895670;Control
34;71;1263;20;0.678;0.452;-13288629;Control
34;72;1263;20;0.000;0.000;-11907229;Control
35;2;227;1125;49.610;33.073;-11313063;Control
35;3;320;1168;34.734;23.156;-11312549;Control
35;4;383;1182;21.878;14.585;-11516319;Control
35;5;456;1174;24.895;16.597;-8686718;Control
35;6;515;1160;20.556;13.704;-10397603;Control
35;7;594;1192;28.895;19.263;-9276034;Control
35;8;614;1182;7.580;5.054;-9929352;Control
35;9;620;1182;2.034;1.356;-9338508;Control
35;10;716;1152;34.096;22.731;-11309965;Control
35;11;780;1125;23.548;15.698;-8750721;Control
35;12;847;1087;26.112;17.408;-9404041;Control
35;13;866;1058;11.753;7.835;-11379343;Control
35;14;914;971;33.684;22.456;-11373718;Control
35;15;890;888;29.290;19.526;-11308948;Control
35;16;870;825;22.407;14.938;-12427430;Control
35;17;831;730;34.813;23.209;-11048344;Control
35;18;813;665;22.864;15.243;-10194834;Control
35;19;789;628;14.951;9.967;-10653075;Control
35;20;746;549;30.491;20.327;-8621176;Control
35;21;649;446;47.963;31.976;-10464148;Control
35;22;586;369;33.727;22.484;-11117211;Control
35;23;466;357;40.883;27.255;-8554896;Control
35;24;324;401;50.396;33.597;-9014422;Control
35;25;255;525;48.106;32.071;-11904698;Control
35;26;290;643;41.725;27.816;-11051661;Control
35;27;385;722;41.885;27.924;-11380658;Control
35;28;511;722;42.714;28.476;-10784922;Control
35;29;586;752;27.384;18.256;-9738879;Control
35;30;584;732;6.814;4.543;-12691631;Control
35;31;655;742;24.307;16.204;-11442054;Control
35;32;703;764;17.900;11.933;-11969689;Control
35;33;789;748;29.654;19.770;-11903393;Control
35;34;876;744;29.524;19.683;-11314079;Control
35;35;977;738;34.299;22.866;-11640233;Control
35;36;1046;738;23.391;15.594;-11511204;Control
35;37;1093;758;17.316;11.544;-11116199;Control
35;38;1184;795;33.301;22.201;-11908257;Control
35;39;1247;862;31.177;20.785;-10724522;Control
35;40;1247;969;36.273;24.182;-10789527;Control
35;41;1202;1012;21.100;14.067;-10524060;Control
35;42;1073;1093;51.637;34.425;-10262153;Control
35;43;918;1133;54.266;36.178;-9602956;Control
35;44;774;1178;51.144;34.096;-9934734;Control
35;45;657;1286;53.978;35.985;-10787234;Control
35;46;634;1430;49.435;32.957;-10520980;Control
35;47;636;1555;42.380;28.254;-10066592;Control
35;48;620;1588;12.433;8.288;-11838639;Control
35;49;598;1708;41.358;27.572;-10326170;Control
35;50;608;1817;37.106;24.737;-11645855;Control
35;51;590;1900;28.791;19.194;-10195093;Control
36;2;1670;253;46.104;30.736;-11445925;Control
36;3;1656;301;16.950;11.300;-10128014;Control
36;4;1642;315;6.712;4.475;-10196350;Control
36;5;1616;322;9.128;6.085;-11899794;Control
36;6;1569;303;17.186;11.457;-12031917;Control
36;7;1523;297;15.726;10.484;-12164524;Control
36;8;1494;283;10.917;7.278;-12694716;Control
36;9;1492;281;0.959;0.639;-12299442;Control
36;10;1403;261;30.923;20.616;-12492971;Control
36;11;1320;208;33.384;22.256;-12702901;Control
36;12;1239;129;38.356;25.571;-12886955;Control
36;13;1207;68;23.352;15.568;-10862744;Control
36;14;1174;42;14.242;9.495;-10859931;Control
37;2;1912;325;38.415;25.610;-9212559;Control
37;3;1825;315;29.687;19.791;-10525603;Control
37;4;1751;331;25.666;17.110;-9274506;Control
37;5;1692;343;20.411;13.607;-12765876;Control
37;6;1621;353;24.307;16.204;-11843485;Control
37;7;1559;357;21.062;14.041;-11774630;Control
37;8;1486;388;26.886;17.924;-11976368;Control
37;9;1421;398;22.294;14.863;-9674654;Control
37;10;1322;382;33.996;22.664;-10262669;Control
37;11;1235;370;29.772;19.848;-9863046;Control
37;12;1189;372;15.609;10.406;-10125704;Control
37;13;1118;384;24.410;16.274;-10461080;Control
37;14;1027;406;31.738;21.158;-10131333;Control
37;15;907;388;41.135;27.423;-9863046;Control
37;16;841;374;22.872;15.248;-11640223;Control
37;17;727;400;39.638;26.426;-9277306;Control
37;18;645;414;28.200;18.800;-8814707;Control
37;19;606;503;32.941;21.960;-9994367;Control
37;20;537;608;42.593;28.395;-10324625;Control
37;21;473;677;31.904;21.269;-7829609;Control
37;22;402;740;32.178;21.452;-8748663;Control
37;23;382;782;15.770;10.513;-10587023;Control
37;24;368;796;6.712;4.475;-9599611;Control
37;25;331;843;20.278;13.519;-10719122;Control
37;26;281;911;28.613;19.075;-9732753;Control
37;27;230;946;20.969;13.979;-10197641;Control
37;28;218;950;4.288;2.859;-9274492;Control
37;29;220;930;6.814;4.543;-10129039;Control
37;30;175;1021;34.415;22.943;-9342859;Control
37;31;97;1100;37.635;25.090;-10983321;Control
37;32;18;1144;30.655;20.436;-9998215;Control
38;2;279;1793;34.971;23.314;-9142657;Control
38;3;260;1656;46.888;31.258;-9606028;Control
38;4;264;1490;56.290;37.527;-9213583;Control
38;5;277;1312;60.503;40.335;-11058086;Control
38;6;181;1213;46.749;31.166;-8811651;Control
38;7;80;1150;40.354;26.903;-8417146;Control
38;8;18;1102;26.581;17.720;-12171945;Control