"","Track","Time","X","Y","Distance","Velocity","Pixel","Type","Subtype"
"1","MC1",2,1132,1486,2.034,1.356,-13280686,"Medusa Cell","Medusa Cell"
"2","MC1",3,1123,1492,3.667,2.445,-8614525,"Medusa Cell","Medusa Cell"
"3","MC1",4,1125,1492,0.678,0.452,-12363695,"Medusa Cell","Medusa Cell"
"4","MC1",5,1071,1515,19.897,13.265,-14198448,"Medusa Cell","Medusa Cell"
"5","MC1",6,1046,1497,10.443,6.962,-15125191,"Medusa Cell","Medusa Cell"
"6","MC1",7,1002,1452,21.335,14.224,-16049382,"Medusa Cell","Medusa Cell"
"7","MC1",8,953,1350,38.361,25.574,-13946059,"Medusa Cell","Medusa Cell"
"8","MC1",9,926,1234,40.375,26.917,-10915484,"Medusa Cell","Medusa Cell"
"9","MC1",10,941,1176,20.309,13.539,-11313065,"Medusa Cell","Medusa Cell"
"10","MC1",11,989,1094,32.21,21.474,-6707089,"Medusa Cell","Medusa Cell"
"11","MC1",12,1060,1027,33.094,22.063,-7301508,"Medusa Cell","Medusa Cell"
"12","MC1",13,1165,977,39.425,26.283,-15330775,"Medusa Cell","Medusa Cell"
"13","MC1",14,1245,891,39.818,26.545,-13287865,"Medusa Cell","Medusa Cell"
"14","MC1",15,1274,823,25.061,16.707,-9408400,"Medusa Cell","Medusa Cell"
"15","MC1",16,1266,836,5.175,3.45,-10986393,"Medusa Cell","Medusa Cell"
"16","MC1",17,1251,832,5.263,3.508,-14992315,"Medusa Cell","Medusa Cell"
"17","MC1",18,1270,851,9.109,6.073,-10989726,"Medusa Cell","Medusa Cell"
"18","MC1",19,1318,897,22.538,15.025,-8612463,"Medusa Cell","Medusa Cell"
"19","MC1",20,1385,949,28.751,19.167,-15322824,"Medusa Cell","Medusa Cell"
"20","MC1",21,1423,995,20.227,13.484,-10392438,"Medusa Cell","Medusa Cell"
"21","MC1",22,1488,1088,38.464,25.643,-11188374,"Medusa Cell","Medusa Cell"
"22","MC1",23,1501,1218,44.29,29.527,-9741191,"Medusa Cell","Medusa Cell"
"23","MC1",24,1524,1329,38.428,25.619,-12953522,"Medusa Cell","Medusa Cell"
"24","MC1",25,1555,1362,15.349,10.233,-10140810,"Medusa Cell","Medusa Cell"
"25","MC1",26,1515,1348,14.367,9.578,-13086638,"Medusa Cell","Medusa Cell"
"26","MC1",27,1507,1356,3.835,2.557,-12562879,"Medusa Cell","Medusa Cell"
"27","MC1",28,1517,1375,7.279,4.852,-14207688,"Medusa Cell","Medusa Cell"
"28","MC1",29,1545,1467,32.6,21.734,-11772058,"Medusa Cell","Medusa Cell"
"29","MC1",30,1643,1494,34.46,22.973,-9017741,"Medusa Cell","Medusa Cell"
"30","MC1",31,1746,1459,36.878,24.585,-9936785,"Medusa Cell","Medusa Cell"
"31","MC1",32,1878,1457,44.753,29.835,-7105907,"Medusa Cell","Medusa Cell"
"32","MC1",33,2010,1419,46.565,31.044,-11573401,"Medusa Cell","Medusa Cell"
"33","MC1",34,2144,1408,45.579,30.386,-10729878,"Medusa Cell","Medusa Cell"
"34","MC1",35,2289,1408,49.155,32.77,-13548998,"Medusa Cell","Medusa Cell"
"35","MC1",36,2314,1413,8.643,5.762,-14664371,"Medusa Cell","Medusa Cell"
"36","MC1",37,2281,1400,12.024,8.016,-11311009,"Medusa Cell","Medusa Cell"
"37","MC1",38,2316,1406,12.038,8.025,-10188401,"Medusa Cell","Medusa Cell"
"38","MC1",39,2323,1406,2.373,1.582,-8750208,"Medusa Cell","Medusa Cell"
"39","MC1",40,2325,1406,0.678,0.452,-9665667,"Medusa Cell","Medusa Cell"
"40","MC1",41,2323,1408,0.959,0.639,-7822444,"Medusa Cell","Medusa Cell"
"41","MC1",42,2333,1411,3.539,2.36,-6914169,"Medusa Cell","Medusa Cell"
"42","MC1",43,2327,1421,3.953,2.636,-10984835,"Medusa Cell","Medusa Cell"
"43","MC1",44,2333,1411,3.953,2.636,-14794186,"Medusa Cell","Medusa Cell"
"44","MC1",45,2339,1423,4.548,3.032,-9144989,"Medusa Cell","Medusa Cell"
"45","MC1",46,2339,1429,2.034,1.356,-15448758,"Medusa Cell","Medusa Cell"
"46","MC1",47,2356,1455,10.531,7.021,-10586289,"Medusa Cell","Medusa Cell"
"47","MC1",48,2362,1446,3.667,2.445,-14659269,"Medusa Cell","Medusa Cell"
"48","MC1",49,2362,1440,2.034,1.356,-13214402,"Medusa Cell","Medusa Cell"
"49","MC1",50,2365,1442,1.222,0.815,-13347005,"Medusa Cell","Medusa Cell"
"50","MC1",51,2369,1442,1.356,0.904,-11964572,"Medusa Cell","Medusa Cell"
"51","MC1",52,2369,1438,1.356,0.904,-11966368,"Medusa Cell","Medusa Cell"
"52","MC1",53,2367,1442,1.516,1.011,-12429227,"Medusa Cell","Medusa Cell"
"53","MC1",54,2367,1438,1.356,0.904,-11644325,"Medusa Cell","Medusa Cell"
"54","MC1",55,2371,1442,1.918,1.278,-11512498,"Medusa Cell","Medusa Cell"
"55","MC1",56,2367,1438,1.918,1.278,-13418952,"Medusa Cell","Medusa Cell"
"56","MC1",57,2367,1440,0.678,0.452,-9607534,"Medusa Cell","Medusa Cell"
"57","MC1",58,2369,1436,1.516,1.011,-11114380,"Medusa Cell","Medusa Cell"
"58","MC1",59,2373,1436,1.356,0.904,-8689261,"Medusa Cell","Medusa Cell"
"59","MC1",60,2415,1417,15.627,10.418,-13685197,"Medusa Cell","Medusa Cell"
"60","MC1",61,2513,1385,34.948,23.299,-15913948,"Medusa Cell","Medusa Cell"
"61","MC1",62,2547,1406,13.547,9.032,-11700612,"Medusa Cell","Medusa Cell"
"62","MC1",63,2541,1400,2.877,1.918,-13149351,"Medusa Cell","Medusa Cell"
"63","MC1",64,2536,1402,1.826,1.217,-7561833,"Medusa Cell","Medusa Cell"
"64","MC1",65,2539,1406,1.695,1.13,-13946292,"Medusa Cell","Medusa Cell"
"65","MC1",66,2530,1404,3.125,2.084,-12364986,"Medusa Cell","Medusa Cell"
"66","MC1",67,2528,1404,0.678,0.452,-6650995,"Medusa Cell","Medusa Cell"
"67","MC1",68,2526,1402,0.959,0.639,-13026740,"Medusa Cell","Medusa Cell"
"68","MC1",69,2526,1402,0,0,-12305574,"Medusa Cell","Medusa Cell"
"69","MC1",70,2528,1404,0.959,0.639,-14198451,"Medusa Cell","Medusa Cell"
"70","MC1",71,2545,1402,5.803,3.868,-12035222,"Medusa Cell","Medusa Cell"
"71","MC1",72,2555,1398,3.651,2.434,-13082279,"Medusa Cell","Medusa Cell"
"72","MC2",2,2320,865,44.749,29.833,-15059925,"Medusa Cell","Medusa Cell"
"73","MC2",3,2195,819,45.153,30.102,-14989763,"Medusa Cell","Medusa Cell"
"74","MC2",4,2075,834,40.997,27.331,-10264740,"Medusa Cell","Medusa Cell"
"75","MC2",5,2023,849,18.347,12.231,-11308184,"Medusa Cell","Medusa Cell"
"76","MC2",6,2014,863,5.642,3.761,-11704749,"Medusa Cell","Medusa Cell"
"77","MC2",7,2012,865,0.959,0.639,-5727036,"Medusa Cell","Medusa Cell"
"78","MC2",8,2016,863,1.516,1.011,-9010819,"Medusa Cell","Medusa Cell"
"79","MC2",9,1975,918,23.255,15.504,-9732986,"Medusa Cell","Medusa Cell"
"80","MC2",10,1937,1010,33.744,22.496,-8430729,"Medusa Cell","Medusa Cell"
"81","MC2",11,1937,1119,36.951,24.634,-10395787,"Medusa Cell","Medusa Cell"
"82","MC2",12,1945,1224,35.698,23.799,-9011070,"Medusa Cell","Medusa Cell"
"83","MC2",13,1987,1308,31.837,21.225,-9605240,"Medusa Cell","Medusa Cell"
"84","MC2",14,2014,1392,29.911,19.941,-11825264,"Medusa Cell","Medusa Cell"
"85","MC2",15,2058,1467,29.477,19.652,-9144442,"Medusa Cell","Medusa Cell"
"86","MC2",16,2117,1526,28.286,18.857,-10068875,"Medusa Cell","Medusa Cell"
"87","MC2",17,2138,1601,26.403,17.602,-9339006,"Medusa Cell","Medusa Cell"
"88","MC2",18,2136,1696,32.212,21.475,-10843259,"Medusa Cell","Medusa Cell"
"89","MC2",19,2146,1794,33.395,22.263,-10716552,"Medusa Cell","Medusa Cell"
"90","MC2",20,2172,1882,31.107,20.738,-12747411,"Medusa Cell","Medusa Cell"
"91","MC2",21,2220,1914,19.557,13.038,-13746629,"Medusa Cell","Medusa Cell"
"92","MC3",2,1958,213,37.092,24.728,-13342890,"Medusa Cell","Medusa Cell"
"93","MC3",3,1893,287,33.389,22.26,-13080234,"Medusa Cell","Medusa Cell"
"94","MC3",4,1824,389,41.747,27.831,-12099240,"Medusa Cell","Medusa Cell"
"95","MC3",5,1794,434,18.334,12.223,-11566228,"Medusa Cell","Medusa Cell"
"96","MC3",6,1731,517,35.324,23.55,-7833454,"Medusa Cell","Medusa Cell"
"97","MC3",7,1719,547,10.953,7.302,-12690615,"Medusa Cell","Medusa Cell"
"98","MC3",8,1717,543,1.516,1.011,-10389618,"Medusa Cell","Medusa Cell"
"99","MC3",9,1717,536,2.373,1.582,-9542529,"Medusa Cell","Medusa Cell"
"100","MC3",10,1723,551,5.477,3.651,-11110783,"Medusa Cell","Medusa Cell"
"101","MC3",11,1719,570,6.582,4.388,-12558505,"Medusa Cell","Medusa Cell"
"102","MC3",12,1687,649,28.895,19.263,-9734793,"Medusa Cell","Medusa Cell"
"103","MC3",13,1626,733,35.192,23.462,-9735055,"Medusa Cell","Medusa Cell"
"104","MC3",14,1612,823,30.877,20.585,-8691062,"Medusa Cell","Medusa Cell"
"105","MC3",15,1612,905,27.798,18.532,-8884089,"Medusa Cell","Medusa Cell"
"106","MC3",16,1618,953,16.399,10.932,-12751005,"Medusa Cell","Medusa Cell"
"107","MC3",17,1626,1031,26.581,17.72,-6123881,"Medusa Cell","Medusa Cell"
"108","MC3",18,1633,1127,32.63,21.754,-4161633,"Medusa Cell","Medusa Cell"
"109","MC3",19,1633,1127,0,0,-11379618,"Medusa Cell","Medusa Cell"
"110","MC3",20,1704,1195,33.327,22.218,-9198962,"Medusa Cell","Medusa Cell"
"111","MC3",21,1811,1169,37.329,24.886,-9739146,"Medusa Cell","Medusa Cell"
"112","MC3",22,1834,1079,31.491,20.994,-9393482,"Medusa Cell","Medusa Cell"
"113","MC3",23,1845,983,32.757,21.838,-14203579,"Medusa Cell","Medusa Cell"
"114","MC3",24,1863,886,33.444,22.296,-3283014,"Medusa Cell","Medusa Cell"
"115","MC3",25,1874,775,37.813,25.209,-2758446,"Medusa Cell","Medusa Cell"
"116","MC3",26,1853,668,36.965,24.643,-14466242,"Medusa Cell","Medusa Cell"
"117","MC3",27,1838,563,35.956,23.971,-2560297,"Medusa Cell","Medusa Cell"
"118","MC3",28,1899,465,39.132,26.088,-10795954,"Medusa Cell","Medusa Cell"
"119","MC3",29,1985,406,35.355,23.57,-13805474,"Medusa Cell","Medusa Cell"
"120","MC3",30,2040,348,27.097,18.064,-6384493,"Medusa Cell","Medusa Cell"
"121","MC3",31,2044,352,1.918,1.278,-6970699,"Medusa Cell","Medusa Cell"
"122","MC3",32,2052,362,4.341,2.894,-12241080,"Medusa Cell","Medusa Cell"
"123","MC3",33,2065,356,4.854,3.236,-4279117,"Medusa Cell","Medusa Cell"
"124","MC3",34,2128,337,22.307,14.871,-12229527,"Medusa Cell","Medusa Cell"
"125","MC3",35,2211,324,28.48,18.987,-13225146,"Medusa Cell","Medusa Cell"
"126","MC3",36,2283,322,24.417,16.278,-9601151,"Medusa Cell","Medusa Cell"
"127","MC3",37,2276,320,2.468,1.645,-12826807,"Medusa Cell","Medusa Cell"
"128","MC3",38,2272,320,1.356,0.904,-10001029,"Medusa Cell","Medusa Cell"
"129","MC3",39,2266,318,2.144,1.429,-8760741,"Medusa Cell","Medusa Cell"
"130","MC3",40,2260,331,4.854,3.236,-4811352,"Medusa Cell","Medusa Cell"
"131","MC3",41,2260,337,2.034,1.356,-8610424,"Medusa Cell","Medusa Cell"
"132","MC3",42,2253,337,2.373,1.582,-12176543,"Medusa Cell","Medusa Cell"
"133","MC3",43,2260,339,2.468,1.645,-5327202,"Medusa Cell","Medusa Cell"
"134","MC3",44,2262,335,1.516,1.011,-7294554,"Medusa Cell","Medusa Cell"
"135","MC3",45,2255,329,3.125,2.084,-14142649,"Medusa Cell","Medusa Cell"
"136","MC3",46,2255,333,1.356,0.904,-10583424,"Medusa Cell","Medusa Cell"
"137","MC3",47,2262,339,3.125,2.084,-14408133,"Medusa Cell","Medusa Cell"
"138","MC3",48,2260,354,5.13,3.42,-14277832,"Medusa Cell","Medusa Cell"
"139","MC3",49,2264,358,1.918,1.278,-2960461,"Medusa Cell","Medusa Cell"
"140","MC3",50,2260,358,1.356,0.904,-11374482,"Medusa Cell","Medusa Cell"
"141","MC3",51,2251,356,3.125,2.084,-10865050,"Medusa Cell","Medusa Cell"
"142","MC3",52,2255,345,3.968,2.645,-10397867,"Medusa Cell","Medusa Cell"
"143","MC3",53,2249,352,3.125,2.084,-14391957,"Medusa Cell","Medusa Cell"
"144","MC3",54,2245,356,1.918,1.278,-14663100,"Medusa Cell","Medusa Cell"
"145","MC3",55,2239,354,2.144,1.429,-8942218,"Medusa Cell","Medusa Cell"
"146","MC3",56,2239,354,0,0,-9671063,"Medusa Cell","Medusa Cell"
"147","MC3",57,2235,345,3.339,2.226,-13617874,"Medusa Cell","Medusa Cell"
"148","MC3",58,2232,343,1.222,0.815,-13549523,"Medusa Cell","Medusa Cell"
"149","MC3",59,2237,348,2.397,1.598,-9280161,"Medusa Cell","Medusa Cell"
"150","MC3",60,2235,343,1.826,1.217,-16443364,"Medusa Cell","Medusa Cell"
"151","MC3",61,2237,348,1.826,1.217,-7635887,"Medusa Cell","Medusa Cell"
"152","MC3",62,2239,345,1.222,0.815,-12625836,"Medusa Cell","Medusa Cell"
"153","MC3",63,2239,348,1.017,0.678,-12958160,"Medusa Cell","Medusa Cell"
"154","MC3",64,2243,356,3.032,2.021,-6964342,"Medusa Cell","Medusa Cell"
"155","MC3",65,2243,345,3.729,2.486,-12304796,"Medusa Cell","Medusa Cell"
"156","MC3",66,2245,352,2.468,1.645,-10582109,"Medusa Cell","Medusa Cell"
"157","MC3",67,2245,352,0,0,-13814177,"Medusa Cell","Medusa Cell"
"158","MC3",68,2245,352,0,0,-12502652,"Medusa Cell","Medusa Cell"
"159","MC3",69,2245,352,0,0,-9463878,"Medusa Cell","Medusa Cell"
"160","MC3",70,2245,345,2.373,1.582,-12823217,"Medusa Cell","Medusa Cell"
"161","MC3",71,2245,345,0,0,-11044737,"Medusa Cell","Medusa Cell"
"162","MC3",72,2245,348,1.017,0.678,-10708337,"Medusa Cell","Medusa Cell"
"163","MC3",73,2245,348,0,0,-12944775,"Medusa Cell","Medusa Cell"
"164","MC3",74,2245,348,0,0,-14602947,"Medusa Cell","Medusa Cell"
"165","MC3",75,2245,348,0,0,-15455437,"Medusa Cell","Medusa Cell"
"166","MC3",76,2245,348,0,0,-13804960,"Medusa Cell","Medusa Cell"
"167","MC3",77,2245,350,0.678,0.452,-13480382,"Medusa Cell","Medusa Cell"
"168","MC3",78,2245,350,0,0,-13684693,"Medusa Cell","Medusa Cell"
"169","MC3",79,2245,350,0,0,-14470111,"Medusa Cell","Medusa Cell"
"170","MC3",80,2247,350,0.678,0.452,-14273232,"Medusa Cell","Medusa Cell"
"171","MC3",81,2247,350,0,0,-7891588,"Medusa Cell","Medusa Cell"
"172","MC3",82,2247,350,0,0,-11911113,"Medusa Cell","Medusa Cell"
"173","MC3",83,2247,350,0,0,-9016991,"Medusa Cell","Medusa Cell"
"174","MC3",84,2247,350,0,0,-10527390,"Medusa Cell","Medusa Cell"
"175","MC3",85,2241,348,2.144,1.429,-14145722,"Medusa Cell","Medusa Cell"
"176","MC3",86,2241,348,0,0,-15192006,"Medusa Cell","Medusa Cell"
"177","MC3",87,2253,348,4.068,2.712,-15785172,"Medusa Cell","Medusa Cell"
"178","MC3",88,2249,339,3.339,2.226,-10847884,"Medusa Cell","Medusa Cell"
"179","MC3",89,2260,329,5.04,3.36,-1643564,"Medusa Cell","Medusa Cell"
"180","MC3",90,2268,329,2.712,1.808,-11979707,"Medusa Cell","Medusa Cell"
"181","MC3",91,2268,333,1.356,0.904,-9016185,"Medusa Cell","Medusa Cell"
"182","MC3",92,2272,333,1.356,0.904,-11190680,"Medusa Cell","Medusa Cell"
"183","MC3",93,2270,327,2.144,1.429,-10197377,"Medusa Cell","Medusa Cell"
"184","MC3",94,2270,329,0.678,0.452,-9937030,"Medusa Cell","Medusa Cell"
"185","MC3",95,2264,333,2.445,1.63,-7498611,"Medusa Cell","Medusa Cell"
"186","MC3",96,2264,331,0.678,0.452,-9868699,"Medusa Cell","Medusa Cell"
"187","MC3",97,2264,329,0.678,0.452,-11581877,"Medusa Cell","Medusa Cell"
"188","MC3",98,2262,329,0.678,0.452,-12049863,"Medusa Cell","Medusa Cell"
"189","MC3",99,2264,329,0.678,0.452,-10927530,"Medusa Cell","Medusa Cell"
"190","MC3",100,2268,324,2.171,1.447,-5195138,"Medusa Cell","Medusa Cell"
"191","MC3",101,2268,322,0.678,0.452,-9591163,"Medusa Cell","Medusa Cell"
"192","MC3",102,2266,324,0.959,0.639,-6569862,"Medusa Cell","Medusa Cell"
"193","MC3",103,2264,327,1.222,0.815,-9483721,"Medusa Cell","Medusa Cell"
"194","MC3",104,2268,329,1.516,1.011,-12307106,"Medusa Cell","Medusa Cell"
"195","MC3",105,2293,333,8.583,5.722,-14474684,"Medusa Cell","Medusa Cell"
"196","MC3",106,2318,331,8.502,5.668,-11703453,"Medusa Cell","Medusa Cell"
"197","MC3",107,2352,329,11.546,7.697,-11644582,"Medusa Cell","Medusa Cell"
"198","MC3",108,2375,327,7.826,5.218,-11447470,"Medusa Cell","Medusa Cell"
"199","MC3",109,2392,327,5.763,3.842,-11444385,"Medusa Cell","Medusa Cell"
"200","MC3",110,2413,331,7.247,4.831,-9983854,"Medusa Cell","Medusa Cell"
"201","MC3",111,2423,333,3.457,2.305,-5185334,"Medusa Cell","Medusa Cell"
"202","MC3",112,2444,335,7.151,4.767,-11577247,"Medusa Cell","Medusa Cell"
"203","MC3",113,2453,339,3.339,2.226,-10852497,"Medusa Cell","Medusa Cell"
"204","MC3",114,2455,339,0.678,0.452,-10065804,"Medusa Cell","Medusa Cell"
"205","MC3",115,2467,337,4.124,2.749,-12231848,"Medusa Cell","Medusa Cell"
"206","MC3",116,2486,339,6.477,4.318,-9211761,"Medusa Cell","Medusa Cell"
"207","MC3",117,2497,333,4.248,2.832,-10457236,"Medusa Cell","Medusa Cell"
"208","MC3",118,2507,316,6.686,4.457,-8154734,"Medusa Cell","Medusa Cell"
"209","MC3",119,2520,301,6.729,4.486,-10258058,"Medusa Cell","Medusa Cell"
"210","MC3",120,2530,293,4.341,2.894,-10463898,"Medusa Cell","Medusa Cell"
"211","MC3",121,2534,280,4.611,3.074,-6248278,"Medusa Cell","Medusa Cell"
"212","MC3",122,2543,270,4.561,3.041,-7884892,"Medusa Cell","Medusa Cell"
"213","MC3",123,2551,257,5.175,3.45,-12432566,"Medusa Cell","Medusa Cell"
"214","MC3",124,2553,249,2.795,1.864,-11440022,"Medusa Cell","Medusa Cell"
"215","MC3",125,2553,239,3.39,2.26,-11964039,"Medusa Cell","Medusa Cell"
"216","MC3",126,2551,232,2.468,1.645,-10335397,"Medusa Cell","Medusa Cell"
"217","MC3",127,2547,211,7.247,4.831,-11185050,"Medusa Cell","Medusa Cell"
"218","MC3",128,2547,209,0.678,0.452,-11772312,"Medusa Cell","Medusa Cell"
"219","MC3",129,2547,205,1.356,0.904,-9537928,"Medusa Cell","Medusa Cell"
"220","MC3",130,2549,215,3.457,2.305,-6584430,"Medusa Cell","Medusa Cell"
"221","MC3",131,2549,222,2.373,1.582,-9078190,"Medusa Cell","Medusa Cell"
"222","MC3",132,2549,220,0.678,0.452,-8220803,"Medusa Cell","Medusa Cell"
"223","MC3",133,2549,222,0.678,0.452,-10064790,"Medusa Cell","Medusa Cell"
"224","MC3",134,2549,222,0,0,-9342631,"Medusa Cell","Medusa Cell"
"225","MC3",135,2549,222,0,0,-9598624,"Medusa Cell","Medusa Cell"
"226","MC3",136,2549,222,0,0,-9275276,"Medusa Cell","Medusa Cell"
"227","MC3",137,2549,222,0,0,-9402256,"Medusa Cell","Medusa Cell"
"228","MC3",138,2549,222,0,0,-9205633,"Medusa Cell","Medusa Cell"
"229","MC3",139,2547,222,0.678,0.452,-8481908,"Medusa Cell","Medusa Cell"
"230","MC3",140,2547,224,0.678,0.452,-8480629,"Medusa Cell","Medusa Cell"
"231","MC3",141,2547,224,0,0,-9535131,"Medusa Cell","Medusa Cell"
"232","MC3",142,2547,224,0,0,-9539242,"Medusa Cell","Medusa Cell"
"233","MC3",143,2547,224,0,0,-6841980,"Medusa Cell","Medusa Cell"
"234","MC3",144,2547,224,0,0,-7040664,"Medusa Cell","Medusa Cell"
"235","MC3",145,2545,220,1.516,1.011,-9662911,"Medusa Cell","Medusa Cell"
"236","MC3",146,2545,215,1.695,1.13,-7969131,"Medusa Cell","Medusa Cell"
"237","MC3",147,2547,220,1.826,1.217,-6775920,"Medusa Cell","Medusa Cell"
"238","MC3",148,2547,228,2.712,1.808,-11519954,"Medusa Cell","Medusa Cell"
"239","MC3",149,2543,226,1.516,1.011,-13940907,"Medusa Cell","Medusa Cell"
"240","MC3",150,2543,222,1.356,0.904,-9335973,"Medusa Cell","Medusa Cell"
"241","MC3",151,2543,218,1.356,0.904,-10190761,"Medusa Cell","Medusa Cell"
"242","MC3",152,2534,194,8.689,5.793,-10656408,"Medusa Cell","Medusa Cell"
"243","MC3",153,2528,180,5.163,3.442,-10062731,"Medusa Cell","Medusa Cell"
"244","MC3",154,2515,171,5.36,3.573,-11706276,"Medusa Cell","Medusa Cell"
"245","MC3",155,2515,174,1.017,0.678,-8885104,"Medusa Cell","Medusa Cell"
"246","MC3",156,2515,165,3.051,2.034,-4406851,"Medusa Cell","Medusa Cell"
"247","MC3",157,2511,153,4.288,2.859,-8232562,"Medusa Cell","Medusa Cell"
"248","MC3",158,2507,148,2.171,1.447,-11576219,"Medusa Cell","Medusa Cell"
"249","MC3",159,2505,142,2.144,1.429,-13350329,"Medusa Cell","Medusa Cell"
"250","MC3",160,2503,134,2.795,1.864,-8753518,"Medusa Cell","Medusa Cell"
"251","MC3",161,2503,115,6.441,4.294,-7439033,"Medusa Cell","Medusa Cell"
"252","MC3",162,2499,94,7.247,4.831,-5259645,"Medusa Cell","Medusa Cell"
"253","MC3",163,2492,73,7.504,5.003,-4668230,"Medusa Cell","Medusa Cell"
"254","MC3",164,2482,56,6.686,4.457,-7099451,"Medusa Cell","Medusa Cell"
"255","MC3",165,2471,41,6.306,4.204,-10077136,"Medusa Cell","Medusa Cell"
"256","MC3",166,2486,33,5.763,3.842,-3360344,"Medusa Cell","Medusa Cell"
"257","MC4",2,1262,645,2.795,1.864,-13354440,"Medusa Cell","Medusa Cell"
"258","MC4",3,1247,656,6.306,4.204,-8681389,"Medusa Cell","Medusa Cell"
"259","MC4",4,1237,658,3.457,2.305,-10838131,"Medusa Cell","Medusa Cell"
"260","MC4",5,1264,675,10.816,7.211,-12432068,"Medusa Cell","Medusa Cell"
"261","MC4",6,1289,666,9.007,6.005,-13675192,"Medusa Cell","Medusa Cell"
"262","MC4",7,1268,689,10.558,7.039,-14993624,"Medusa Cell","Medusa Cell"
"263","MC4",8,1197,786,40.751,27.167,-9863571,"Medusa Cell","Medusa Cell"
"264","MC4",9,1086,847,42.937,28.624,-5325135,"Medusa Cell","Medusa Cell"
"265","MC4",10,962,901,45.849,30.566,-10784687,"Medusa Cell","Medusa Cell"
"266","MC4",11,905,1027,46.881,31.254,-14141863,"Medusa Cell","Medusa Cell"
"267","MC4",12,901,1163,46.124,30.749,-14609119,"Medusa Cell","Medusa Cell"
"268","MC4",13,987,1247,40.753,27.169,-9334181,"Medusa Cell","Medusa Cell"
"269","MC4",14,1134,1335,58.08,38.72,-12763594,"Medusa Cell","Medusa Cell"
"270","MC4",15,1192,1434,38.896,25.931,-14135745,"Medusa Cell","Medusa Cell"
"271","MC4",16,1197,1555,41.054,27.369,-7952251,"Medusa Cell","Medusa Cell"
"272","MC4",17,1260,1689,50.196,33.464,-10776965,"Medusa Cell","Medusa Cell"
"273","MC4",18,1270,1790,34.406,22.938,-14400719,"Medusa Cell","Medusa Cell"
"274","MC4",19,1266,1876,29.186,19.457,-7444065,"Medusa Cell","Medusa Cell"
"275","MC5",2,956,861,8.15,5.433,-12630439,"Medusa Cell","Medusa Cell"
"276","MC5",3,968,855,4.548,3.032,-12034468,"Medusa Cell","Medusa Cell"
"277","MC5",4,1000,851,10.932,7.288,-14015440,"Medusa Cell","Medusa Cell"
"278","MC5",5,1025,857,8.716,5.81,-15057597,"Medusa Cell","Medusa Cell"
"279","MC5",6,1073,863,16.399,10.932,-15258830,"Medusa Cell","Medusa Cell"
"280","MC5",7,1144,872,24.262,16.174,-14922692,"Medusa Cell","Medusa Cell"
"281","MC5",8,1205,878,20.779,13.853,-14136731,"Medusa Cell","Medusa Cell"
"282","MC5",9,1220,882,5.263,3.508,-16570569,"Medusa Cell","Medusa Cell"
"283","MC5",10,1216,874,3.032,2.021,-13867417,"Medusa Cell","Medusa Cell"
"284","MC5",11,1287,916,27.965,18.643,-16568028,"Medusa Cell","Medusa Cell"
"285","MC5",12,1302,924,5.763,3.842,-14212554,"Medusa Cell","Medusa Cell"
"286","MC5",13,1302,920,1.356,0.904,-16768212,"Medusa Cell","Medusa Cell"
"287","MC5",14,1302,928,2.712,1.808,-14868415,"Medusa Cell","Medusa Cell"
"288","MC5",15,1304,926,0.959,0.639,-14398915,"Medusa Cell","Medusa Cell"
"289","MC5",16,1291,928,4.459,2.973,-14931888,"Medusa Cell","Medusa Cell"
"290","MC5",17,1283,928,2.712,1.808,-12894667,"Medusa Cell","Medusa Cell"
"291","MC5",18,1285,930,0.959,0.639,-7484733,"Medusa Cell","Medusa Cell"
"292","MC5",19,1285,935,1.695,1.13,-9151911,"Medusa Cell","Medusa Cell"
"293","MC5",20,1283,926,3.125,2.084,-14932157,"Medusa Cell","Medusa Cell"
"294","MC5",21,1287,935,3.339,2.226,-13019816,"Medusa Cell","Medusa Cell"
"295","MC5",22,1304,945,6.686,4.457,-14864088,"Medusa Cell","Medusa Cell"
"296","MC5",23,1302,945,0.678,0.452,-13341617,"Medusa Cell","Medusa Cell"
"297","MC5",24,1341,991,20.444,13.63,-11764376,"Medusa Cell","Medusa Cell"
"298","MC5",25,1364,993,7.826,5.218,-12221829,"Medusa Cell","Medusa Cell"
"299","MC5",26,1364,989,1.356,0.904,-11956890,"Medusa Cell","Medusa Cell"
"300","MC5",27,1402,953,17.745,11.83,-13227705,"Medusa Cell","Medusa Cell"
"301","MC5",28,1499,876,41.984,27.989,-15256018,"Medusa Cell","Medusa Cell"
"302","MC5",29,1601,773,49.141,32.761,-10123384,"Medusa Cell","Medusa Cell"
"303","MC5",30,1675,662,45.224,30.15,-15327418,"Medusa Cell","Medusa Cell"
"304","MC5",31,1727,557,39.721,26.481,-14204082,"Medusa Cell","Medusa Cell"
"305","MC5",32,1790,440,45.047,30.032,-15721448,"Medusa Cell","Medusa Cell"
"306","MC5",33,1868,352,39.864,26.576,-13939647,"Medusa Cell","Medusa Cell"
"307","MC5",34,1907,293,23.976,15.984,-15194853,"Medusa Cell","Medusa Cell"
"308","MC5",35,1949,236,24.002,16.001,-12166577,"Medusa Cell","Medusa Cell"
"309","MC5",36,1998,178,25.739,17.16,-13877177,"Medusa Cell","Medusa Cell"
"310","MC5",37,2016,163,7.943,5.295,-14999765,"Medusa Cell","Medusa Cell"
"311","MC5",38,2067,192,19.889,13.259,-13495268,"Medusa Cell","Medusa Cell"
"312","MC5",39,2054,207,6.729,4.486,-14655416,"Medusa Cell","Medusa Cell"
"313","MC5",40,2052,236,9.854,6.57,-13953483,"Medusa Cell","Medusa Cell"
"314","MC5",41,2031,228,7.618,5.079,-14005440,"Medusa Cell","Medusa Cell"
"315","MC5",42,2006,234,8.716,5.81,-16372943,"Medusa Cell","Medusa Cell"
"316","MC5",43,2023,234,5.763,3.842,-15652543,"Medusa Cell","Medusa Cell"
"317","MC5",44,2021,239,1.826,1.217,-15516628,"Medusa Cell","Medusa Cell"
"318","MC5",45,2021,234,1.695,1.13,-15525844,"Medusa Cell","Medusa Cell"
"319","MC5",46,2027,232,2.144,1.429,-15786459,"Medusa Cell","Medusa Cell"
"320","MC5",47,2027,232,0,0,-11840433,"Medusa Cell","Medusa Cell"
"321","MC5",48,2021,234,2.144,1.429,-15389638,"Medusa Cell","Medusa Cell"
"322","MC5",49,2019,236,0.959,0.639,-9993356,"Medusa Cell","Medusa Cell"
"323","MC5",50,2023,232,1.918,1.278,-8807023,"Medusa Cell","Medusa Cell"
"324","MC5",51,2016,226,3.125,2.084,-13821382,"Medusa Cell","Medusa Cell"
"325","MC5",52,2019,232,2.274,1.516,-13753020,"Medusa Cell","Medusa Cell"
"326","MC5",53,2019,232,0,0,-10405766,"Medusa Cell","Medusa Cell"
"327","MC5",54,2014,222,3.79,2.527,-12436406,"Medusa Cell","Medusa Cell"
"328","MC5",55,2010,205,5.92,3.947,-6762325,"Medusa Cell","Medusa Cell"
"329","MC5",56,2006,201,1.918,1.278,-13413550,"Medusa Cell","Medusa Cell"
"330","MC5",57,1998,201,2.712,1.808,-13420482,"Medusa Cell","Medusa Cell"
"331","MC5",58,1993,203,1.826,1.217,-11306646,"Medusa Cell","Medusa Cell"
"332","MC5",59,1987,205,2.144,1.429,-8681577,"Medusa Cell","Medusa Cell"
"333","MC5",60,1993,205,2.034,1.356,-14731214,"Medusa Cell","Medusa Cell"
"334","MC5",61,1975,199,6.432,4.288,-6768471,"Medusa Cell","Medusa Cell"
"335","MC5",62,1941,211,12.223,8.149,-14015943,"Medusa Cell","Medusa Cell"
"336","MC5",63,1943,209,0.959,0.639,-9597843,"Medusa Cell","Medusa Cell"
"337","MC5",64,1949,218,3.667,2.445,-13750209,"Medusa Cell","Medusa Cell"
"338","MC5",65,1947,224,2.144,1.429,-13485248,"Medusa Cell","Medusa Cell"
"339","MC5",66,1941,224,2.034,1.356,-13678790,"Medusa Cell","Medusa Cell"
"340","MC5",67,1937,218,2.445,1.63,-6719323,"Medusa Cell","Medusa Cell"
"341","MC5",68,1912,203,9.883,6.589,-12431547,"Medusa Cell","Medusa Cell"
"342","MC5",69,1910,201,0.959,0.639,-10142376,"Medusa Cell","Medusa Cell"
"343","MC5",70,1914,199,1.516,1.011,-14922672,"Medusa Cell","Medusa Cell"
"344","MC5",71,1951,199,12.543,8.362,-14072521,"Medusa Cell","Medusa Cell"
"345","MC5",72,1970,171,11.471,7.647,-14134177,"Medusa Cell","Medusa Cell"
"346","MC5",73,2048,153,27.137,18.091,-16106928,"Medusa Cell","Medusa Cell"
"347","MC5",74,2119,129,25.407,16.938,-14210789,"Medusa Cell","Medusa Cell"
"348","MC5",75,2125,127,2.144,1.429,-10659745,"Medusa Cell","Medusa Cell"
"349","MC5",76,2132,129,2.468,1.645,-10008714,"Medusa Cell","Medusa Cell"
"350","MC5",77,2121,129,3.729,2.486,-5320520,"Medusa Cell","Medusa Cell"
"351","MC5",78,2121,132,1.017,0.678,-8933235,"Medusa Cell","Medusa Cell"
"352","MC5",79,2119,150,6.14,4.093,-14931136,"Medusa Cell","Medusa Cell"
"353","MC5",80,2115,140,3.651,2.434,-14870474,"Medusa Cell","Medusa Cell"
"354","MC5",81,2115,146,2.034,1.356,-13082285,"Medusa Cell","Medusa Cell"
"355","MC5",82,2109,136,3.953,2.636,-15393505,"Medusa Cell","Medusa Cell"
"356","MC5",83,2109,136,0,0,-15385034,"Medusa Cell","Medusa Cell"
"357","MC5",84,2111,150,4.794,3.196,-9474444,"Medusa Cell","Medusa Cell"
"358","MC5",85,2111,146,1.356,0.904,-13613257,"Medusa Cell","Medusa Cell"
"359","MC5",86,2107,159,4.611,3.074,-6584138,"Medusa Cell","Medusa Cell"
"360","MC5",87,2100,171,4.71,3.14,-15385535,"Medusa Cell","Medusa Cell"
"361","MC5",88,2109,163,4.082,2.721,-12818854,"Medusa Cell","Medusa Cell"
"362","MC5",89,2109,161,0.678,0.452,-14005186,"Medusa Cell","Medusa Cell"
"363","MC5",90,2113,165,1.918,1.278,-14926799,"Medusa Cell","Medusa Cell"
"364","MC5",91,2100,155,5.56,3.707,-13022914,"Medusa Cell","Medusa Cell"
"365","MC5",92,2100,148,2.373,1.582,-13344436,"Medusa Cell","Medusa Cell"
"366","MC5",93,2107,153,2.916,1.944,-13623766,"Medusa Cell","Medusa Cell"
"367","MC5",94,2109,157,1.516,1.011,-14068669,"Medusa Cell","Medusa Cell"
"368","MC5",95,2117,153,3.032,2.021,-10056575,"Medusa Cell","Medusa Cell"
"369","MC5",96,2123,136,6.111,4.074,-10920599,"Medusa Cell","Medusa Cell"
"370","MC5",97,2123,159,7.797,5.198,-15258034,"Medusa Cell","Medusa Cell"
"371","MC5",98,2136,157,4.459,2.973,-14798547,"Medusa Cell","Medusa Cell"
"372","MC5",99,2151,153,5.263,3.508,-14532031,"Medusa Cell","Medusa Cell"
"373","MC5",100,2157,142,4.248,2.832,-13822413,"Medusa Cell","Medusa Cell"
"374","MC5",101,2161,142,1.356,0.904,-13820607,"Medusa Cell","Medusa Cell"
"375","MC5",102,2161,142,0,0,-13210793,"Medusa Cell","Medusa Cell"
"376","MC5",103,2142,153,7.443,4.962,-14989247,"Medusa Cell","Medusa Cell"
"377","MC5",104,2157,182,11.068,7.379,-12035534,"Medusa Cell","Medusa Cell"
"378","MC5",105,2178,186,7.247,4.831,-15523291,"Medusa Cell","Medusa Cell"
"379","MC5",106,2182,211,8.583,5.722,-13220282,"Medusa Cell","Medusa Cell"
"380","MC5",107,2193,220,4.818,3.212,-14012118,"Medusa Cell","Medusa Cell"
"381","MC5",108,2184,222,3.125,2.084,-13754840,"Medusa Cell","Medusa Cell"
"382","MC5",109,2115,228,23.479,15.653,-12035492,"Medusa Cell","Medusa Cell"
"383","MC5",110,2063,192,21.44,14.293,-12174268,"Medusa Cell","Medusa Cell"
"384","MC5",111,2037,142,19.105,12.736,-14864070,"Medusa Cell","Medusa Cell"
"385","MC5",112,2031,140,2.144,1.429,-9280915,"Medusa Cell","Medusa Cell"
"386","MC5",113,2021,167,9.761,6.507,-11772071,"Medusa Cell","Medusa Cell"
"387","MC5",114,2025,146,7.247,4.831,-14139328,"Medusa Cell","Medusa Cell"
"388","MC5",115,2033,148,2.795,1.864,-14337483,"Medusa Cell","Medusa Cell"
"389","MC5",116,2044,155,4.42,2.947,-14321033,"Medusa Cell","Medusa Cell"
"390","MC5",117,2048,148,2.733,1.822,-14343619,"Medusa Cell","Medusa Cell"
"391","MC5",118,2060,155,4.71,3.14,-16312553,"Medusa Cell","Medusa Cell"
"392","MC5",119,2065,148,2.916,1.944,-14072003,"Medusa Cell","Medusa Cell"
"393","MC5",120,2073,140,3.835,2.557,-10455690,"Medusa Cell","Medusa Cell"
"394","MC5",121,2073,132,2.712,1.808,-12223134,"Medusa Cell","Medusa Cell"
"395","MC5",122,2067,140,3.39,2.26,-15719389,"Medusa Cell","Medusa Cell"
"396","MC5",123,2060,142,2.468,1.645,-13811652,"Medusa Cell","Medusa Cell"
"397","MC5",124,2071,150,4.611,3.074,-13682132,"Medusa Cell","Medusa Cell"
"398","MC5",125,2075,148,1.516,1.011,-15717329,"Medusa Cell","Medusa Cell"
"399","MC5",126,2081,109,13.377,8.918,-15059915,"Medusa Cell","Medusa Cell"
"400","MC5",127,2077,146,12.616,8.411,-8084842,"Medusa Cell","Medusa Cell"
"401","MC5",128,2092,140,5.477,3.651,-14673372,"Medusa Cell","Medusa Cell"
"402","MC5",129,2100,150,4.341,2.894,-15390139,"Medusa Cell","Medusa Cell"
"403","MC5",130,2088,146,4.288,2.859,-15389395,"Medusa Cell","Medusa Cell"
"404","MC5",131,2113,138,8.898,5.932,-11842751,"Medusa Cell","Medusa Cell"
"405","MC5",132,2117,148,3.651,2.434,-13542328,"Medusa Cell","Medusa Cell"
"406","MC5",133,2107,144,3.651,2.434,-14667214,"Medusa Cell","Medusa Cell"
"407","MC5",134,2086,161,9.159,6.106,-14201285,"Medusa Cell","Medusa Cell"
"408","MC5",135,2102,138,9.498,6.332,-13156058,"Medusa Cell","Medusa Cell"
"409","MC5",136,2096,132,2.877,1.918,-13475230,"Medusa Cell","Medusa Cell"
"410","MC5",137,2098,129,1.222,0.815,-12638139,"Medusa Cell","Medusa Cell"
"411","MC5",138,2098,125,1.356,0.904,-14143704,"Medusa Cell","Medusa Cell"
"412","MC5",139,2096,132,2.468,1.645,-12693160,"Medusa Cell","Medusa Cell"
"413","MC5",140,2090,140,3.39,2.26,-10068682,"Medusa Cell","Medusa Cell"
"414","MC5",141,2092,138,0.959,0.639,-9930669,"Medusa Cell","Medusa Cell"
"415","MC5",142,2090,134,1.516,1.011,-14016974,"Medusa Cell","Medusa Cell"
"416","MC5",143,2071,155,9.6,6.4,-12103868,"Medusa Cell","Medusa Cell"
"417","MC5",144,2077,148,3.125,2.084,-9611159,"Medusa Cell","Medusa Cell"
"418","MC5",145,2079,148,0.678,0.452,-8483186,"Medusa Cell","Medusa Cell"
"419","MC5",146,2084,146,1.826,1.217,-5521247,"Medusa Cell","Medusa Cell"
"420","MC5",147,2088,140,2.445,1.63,-11706292,"Medusa Cell","Medusa Cell"
"421","MC5",148,2094,138,2.144,1.429,-14402223,"Medusa Cell","Medusa Cell"
"422","MC5",149,2075,140,6.477,4.318,-14143678,"Medusa Cell","Medusa Cell"
"423","MC5",150,2079,136,1.918,1.278,-14662087,"Medusa Cell","Medusa Cell"
"424","MC5",151,2081,127,3.125,2.084,-15133899,"Medusa Cell","Medusa Cell"
"425","MC5",152,2081,127,0,0,-5468269,"Medusa Cell","Medusa Cell"
"426","MC5",153,2079,129,0.959,0.639,-15528160,"Medusa Cell","Medusa Cell"
"427","MC5",154,2075,132,1.695,1.13,-14461620,"Medusa Cell","Medusa Cell"
"428","MC5",155,2067,142,4.341,2.894,-15590336,"Medusa Cell","Medusa Cell"
"429","MC5",156,2067,132,3.39,2.26,-13085110,"Medusa Cell","Medusa Cell"
"430","MC5",157,2065,136,1.516,1.011,-12766153,"Medusa Cell","Medusa Cell"
"431","MC5",158,2079,129,5.306,3.537,-13287123,"Medusa Cell","Medusa Cell"
"432","MC5",159,2069,155,9.443,6.296,-8485740,"Medusa Cell","Medusa Cell"
"433","MC5",160,2067,155,0.678,0.452,-6770534,"Medusa Cell","Medusa Cell"
"434","MC5",161,2075,165,4.341,2.894,-13166788,"Medusa Cell","Medusa Cell"
"435","MC5",162,2086,201,12.761,8.507,-14858690,"Medusa Cell","Medusa Cell"
"436","MC5",163,2069,199,5.803,3.868,-5730126,"Medusa Cell","Medusa Cell"
"437","MC5",164,2056,157,14.904,9.936,-14531016,"Medusa Cell","Medusa Cell"
"438","MC5",165,2058,142,5.13,3.42,-12626582,"Medusa Cell","Medusa Cell"
"439","MC5",166,2088,138,10.26,6.84,-11843241,"Medusa Cell","Medusa Cell"
"440","MC5",167,2109,132,7.404,4.936,-14409177,"Medusa Cell","Medusa Cell"
"441","MC5",168,2117,134,2.795,1.864,-14079892,"Medusa Cell","Medusa Cell"
"442","MC5",169,2123,153,6.755,4.503,-10911634,"Medusa Cell","Medusa Cell"
"443","MC5",170,2111,163,5.295,3.53,-15454677,"Medusa Cell","Medusa Cell"
"444","MC5",171,2102,174,4.818,3.212,-11107473,"Medusa Cell","Medusa Cell"
"445","MC5",172,2109,180,3.125,2.084,-13361871,"Medusa Cell","Medusa Cell"
"446","MC5",173,2130,180,7.119,4.746,-15327450,"Medusa Cell","Medusa Cell"
"447","MC5",174,2107,176,7.914,5.276,-11046026,"Medusa Cell","Medusa Cell"
"448","MC5",175,2105,180,1.516,1.011,-13289926,"Medusa Cell","Medusa Cell"
"449","MC5",176,2107,178,0.959,0.639,-7367500,"Medusa Cell","Medusa Cell"
"450","MC5",177,2092,178,5.085,3.39,-10326671,"Medusa Cell","Medusa Cell"
"451","MC5",178,2088,178,1.356,0.904,-8091259,"Medusa Cell","Medusa Cell"
"452","MC5",179,2071,174,5.92,3.947,-13871805,"Medusa Cell","Medusa Cell"
"453","MC5",180,2054,161,7.255,4.837,-15981797,"Medusa Cell","Medusa Cell"
"454","MC5",181,2067,163,4.459,2.973,-15783121,"Medusa Cell","Medusa Cell"
"455","MC5",182,2073,174,4.248,2.832,-12160395,"Medusa Cell","Medusa Cell"
"456","MC5",183,2079,163,4.248,2.832,-10124675,"Medusa Cell","Medusa Cell"
"457","MC5",184,2088,163,3.051,2.034,-12955834,"Medusa Cell","Medusa Cell"
"458","MC5",185,2096,161,2.795,1.864,-8874874,"Medusa Cell","Medusa Cell"
"459","MC5",186,2094,163,0.959,0.639,-13541035,"Medusa Cell","Medusa Cell"
"460","MC5",187,2096,178,5.13,3.42,-10845315,"Medusa Cell","Medusa Cell"
"461","MC5",188,2096,184,2.034,1.356,-14722767,"Medusa Cell","Medusa Cell"
"462","MC5",189,2096,176,2.712,1.808,-14011091,"Medusa Cell","Medusa Cell"
"463","MC5",190,2094,178,0.959,0.639,-13540269,"Medusa Cell","Medusa Cell"
"464","MC5",191,2077,188,6.686,4.457,-14591417,"Medusa Cell","Medusa Cell"
"465","MC5",192,2084,194,3.125,2.084,-13875153,"Medusa Cell","Medusa Cell"
"466","MC5",193,2056,161,14.671,9.781,-14861771,"Medusa Cell","Medusa Cell"
"467","MC5",194,2060,153,3.032,2.021,-13296342,"Medusa Cell","Medusa Cell"
"468","MC5",195,2052,144,4.082,2.721,-14211540,"Medusa Cell","Medusa Cell"
"469","MC5",196,2050,134,3.457,2.305,-13811139,"Medusa Cell","Medusa Cell"
"470","MC5",197,2060,129,3.79,2.527,-10650256,"Medusa Cell","Medusa Cell"
"471","MC5",198,2060,127,0.678,0.452,-14740964,"Medusa Cell","Medusa Cell"
"472","MC5",199,2060,129,0.678,0.452,-14477793,"Medusa Cell","Medusa Cell"
"473","MC5",200,2067,129,2.373,1.582,-12092821,"Medusa Cell","Medusa Cell"
"474","MC5",201,2075,119,4.341,2.894,-5399673,"Medusa Cell","Medusa Cell"
"475","MC5",202,2077,117,0.959,0.639,-4877404,"Medusa Cell","Medusa Cell"
"476","MC5",203,2077,115,0.678,0.452,-5870210,"Medusa Cell","Medusa Cell"
"477","MC5",204,2077,119,1.356,0.904,-6194294,"Medusa Cell","Medusa Cell"
"478","MC5",205,2079,119,0.678,0.452,-9346190,"Medusa Cell","Medusa Cell"
"479","MC5",206,2079,119,0,0,-8361880,"Medusa Cell","Medusa Cell"
"480","MC5",207,2079,119,0,0,-5918561,"Medusa Cell","Medusa Cell"
"481","MC5",208,2084,117,1.826,1.217,-15132604,"Medusa Cell","Medusa Cell"
"482","MC5",209,2084,113,1.356,0.904,-8358834,"Medusa Cell","Medusa Cell"
"483","MC5",210,2077,115,2.468,1.645,-6721972,"Medusa Cell","Medusa Cell"
"484","MC5",211,2086,111,3.339,2.226,-6719611,"Medusa Cell","Medusa Cell"
"485","MC5",212,2092,109,2.144,1.429,-5465235,"Medusa Cell","Medusa Cell"
"486","MC5",213,2096,106,1.695,1.13,-2368573,"Medusa Cell","Medusa Cell"
"487","MC5",214,2090,106,2.034,1.356,-8104098,"Medusa Cell","Medusa Cell"
"488","MC5",215,2098,104,2.795,1.864,-3954250,"Medusa Cell","Medusa Cell"
"489","MC5",216,2094,104,1.356,0.904,-13754053,"Medusa Cell","Medusa Cell"
"490","MC5",217,2096,100,1.516,1.011,-13679817,"Medusa Cell","Medusa Cell"
"491","MC5",218,2098,98,0.959,0.639,-11907269,"Medusa Cell","Medusa Cell"
"492","MC5",219,2096,96,0.959,0.639,-10386087,"Medusa Cell","Medusa Cell"
"493","MC5",220,2098,94,0.959,0.639,-8218458,"Medusa Cell","Medusa Cell"
"494","MC5",221,2092,94,2.034,1.356,-8151929,"Medusa Cell","Medusa Cell"
"495","MC5",222,2092,96,0.678,0.452,-14870761,"Medusa Cell","Medusa Cell"
"496","MC5",223,2096,94,1.516,1.011,-7891309,"Medusa Cell","Medusa Cell"
"497","MC5",224,2092,94,1.356,0.904,-7235727,"Medusa Cell","Medusa Cell"
"498","MC5",225,2094,96,0.959,0.639,-13415100,"Medusa Cell","Medusa Cell"
"499","MC5",226,2094,94,0.678,0.452,-8027276,"Medusa Cell","Medusa Cell"
"500","MC5",227,2098,94,1.356,0.904,-9997752,"Medusa Cell","Medusa Cell"
"501","MC5",228,2098,92,0.678,0.452,-10263934,"Medusa Cell","Medusa Cell"
"502","MC5",229,2094,98,2.445,1.63,-12761032,"Medusa Cell","Medusa Cell"
"503","MC5",230,2094,96,0.678,0.452,-4926800,"Medusa Cell","Medusa Cell"
"504","MC5",231,2098,94,1.516,1.011,-8550043,"Medusa Cell","Medusa Cell"
"505","MC5",232,2098,92,0.678,0.452,-7698524,"Medusa Cell","Medusa Cell"
"506","MC5",233,2098,94,0.678,0.452,-7502422,"Medusa Cell","Medusa Cell"
"507","MC5",234,2098,94,0,0,-8278644,"Medusa Cell","Medusa Cell"
"508","MC5",235,2098,92,0.678,0.452,-9993304,"Medusa Cell","Medusa Cell"
"509","MC5",236,2096,94,0.959,0.639,-4276546,"Medusa Cell","Medusa Cell"
"510","MC5",237,2098,96,0.959,0.639,-6912341,"Medusa Cell","Medusa Cell"
"511","MC5",238,2096,96,0.678,0.452,-8746368,"Medusa Cell","Medusa Cell"
"512","MC5",239,2096,94,0.678,0.452,-9342643,"Medusa Cell","Medusa Cell"
"513","MC5",240,2098,92,0.959,0.639,-14408930,"Medusa Cell","Medusa Cell"
"514","MC5",241,2098,85,2.373,1.582,-10197138,"Medusa Cell","Medusa Cell"
"515","MC5",242,2100,92,2.468,1.645,-15128531,"Medusa Cell","Medusa Cell"
"516","MC5",243,2100,90,0.678,0.452,-6844793,"Medusa Cell","Medusa Cell"
"517","MC5",244,2105,92,1.826,1.217,-13092056,"Medusa Cell","Medusa Cell"
"518","MC5",245,2100,94,1.826,1.217,-14609368,"Medusa Cell","Medusa Cell"
"519","MC5",246,2102,94,0.678,0.452,-8218018,"Medusa Cell","Medusa Cell"
"520","MC5",247,2094,94,2.712,1.808,-10982320,"Medusa Cell","Medusa Cell"
"521","MC5",248,2094,94,0,0,-12630995,"Medusa Cell","Medusa Cell"
"522","MC5",249,2096,90,1.516,1.011,-11512010,"Medusa Cell","Medusa Cell"
"523","MC5",250,2098,92,0.959,0.639,-8414633,"Medusa Cell","Medusa Cell"
"524","MC5",251,2096,94,0.959,0.639,-13620706,"Medusa Cell","Medusa Cell"
"525","MC5",252,2096,94,0,0,-15263967,"Medusa Cell","Medusa Cell"
"526","MC5",253,2096,92,0.678,0.452,-10852032,"Medusa Cell","Medusa Cell"
"527","MC5",254,2092,92,1.356,0.904,-9534630,"Medusa Cell","Medusa Cell"
"528","MC5",255,2092,92,0,0,-8616323,"Medusa Cell","Medusa Cell"
"529","MC5",256,2092,92,0,0,-5197891,"Medusa Cell","Medusa Cell"
"530","MC5",257,2094,92,0.678,0.452,-6642558,"Medusa Cell","Medusa Cell"
"531","MC5",258,2094,90,0.678,0.452,-6836379,"Medusa Cell","Medusa Cell"
"532","MC5",259,2096,88,0.959,0.639,-6241864,"Medusa Cell","Medusa Cell"
"533","MC5",260,2096,88,0,0,-8422999,"Medusa Cell","Medusa Cell"
"534","MC5",261,2098,92,1.516,1.011,-6307174,"Medusa Cell","Medusa Cell"
"535","MC5",262,2098,90,0.678,0.452,-5853266,"Medusa Cell","Medusa Cell"
"536","MC5",263,2096,92,0.959,0.639,-8093290,"Medusa Cell","Medusa Cell"
"537","MC5",264,2096,92,0,0,-6570839,"Medusa Cell","Medusa Cell"
"538","MC5",265,2096,90,0.678,0.452,-6110296,"Medusa Cell","Medusa Cell"
"539","MC5",266,2096,90,0,0,-6047793,"Medusa Cell","Medusa Cell"
"540","MC5",267,2096,88,0.678,0.452,-9477481,"Medusa Cell","Medusa Cell"
"541","MC5",268,2096,88,0,0,-8032606,"Medusa Cell","Medusa Cell"
"542","MC5",269,2096,90,0.678,0.452,-8351323,"Medusa Cell","Medusa Cell"
"543","MC5",270,2098,96,2.144,1.429,-9144227,"Medusa Cell","Medusa Cell"
"544","MC5",271,2102,94,1.516,1.011,-8752798,"Medusa Cell","Medusa Cell"
"545","MC5",272,2102,94,0,0,-8676965,"Medusa Cell","Medusa Cell"
"546","MC5",273,2102,96,0.678,0.452,-7620427,"Medusa Cell","Medusa Cell"
"547","MC5",274,2100,100,1.516,1.011,-10589881,"Medusa Cell","Medusa Cell"
"548","MC5",275,2098,102,0.959,0.639,-10132652,"Medusa Cell","Medusa Cell"
"549","MC5",276,2098,104,0.678,0.452,-8677255,"Medusa Cell","Medusa Cell"
"550","MC5",277,2098,104,0,0,-13554891,"Medusa Cell","Medusa Cell"
"551","MC5",278,2098,102,0.678,0.452,-12694726,"Medusa Cell","Medusa Cell"
"552","MC5",279,2098,100,0.678,0.452,-14535859,"Medusa Cell","Medusa Cell"
"553","MC5",280,2100,96,1.516,1.011,-8940965,"Medusa Cell","Medusa Cell"
"554","MC5",281,2100,96,0,0,-9019533,"Medusa Cell","Medusa Cell"
"555","MC5",282,2100,98,0.678,0.452,-11646140,"Medusa Cell","Medusa Cell"
"556","MC5",283,2094,94,2.445,1.63,-8485770,"Medusa Cell","Medusa Cell"
"557","MC5",284,2094,94,0,0,-9392722,"Medusa Cell","Medusa Cell"
"558","MC5",285,2098,96,1.516,1.011,-10792122,"Medusa Cell","Medusa Cell"
"559","MC5",286,2102,96,1.356,0.904,-7886196,"Medusa Cell","Medusa Cell"
"560","MC5",287,2098,94,1.516,1.011,-4148535,"Medusa Cell","Medusa Cell"
"561","MC5",288,2092,100,2.877,1.918,-9861528,"Medusa Cell","Medusa Cell"
"562","MC5",289,2096,96,1.918,1.278,-7431574,"Medusa Cell","Medusa Cell"
"563","MC5",290,2098,98,0.959,0.639,-10589363,"Medusa Cell","Medusa Cell"
"564","MC5",291,2098,96,0.678,0.452,-6700156,"Medusa Cell","Medusa Cell"
"565","MC5",292,2096,98,0.959,0.639,-5787742,"Medusa Cell","Medusa Cell"
"566","MC5",293,2098,98,0.678,0.452,-6968177,"Medusa Cell","Medusa Cell"
"567","MC5",294,2098,98,0,0,-9933481,"Medusa Cell","Medusa Cell"
"568","MC5",295,2098,98,0,0,-5848644,"Medusa Cell","Medusa Cell"
"569","MC5",296,2102,96,1.516,1.011,-10135205,"Medusa Cell","Medusa Cell"
"570","MC5",297,2100,94,0.959,0.639,-7752593,"Medusa Cell","Medusa Cell"
"571","MC5",298,2098,92,0.959,0.639,-9081201,"Medusa Cell","Medusa Cell"
"572","MC5",299,2105,92,2.373,1.582,-7962486,"Medusa Cell","Medusa Cell"
"573","MC5",300,2100,96,2.171,1.447,-6780029,"Medusa Cell","Medusa Cell"
"574","MC5",301,2096,96,1.356,0.904,-10739395,"Medusa Cell","Medusa Cell"
"575","MC6",2,1119,358,3.968,2.645,-11973824,"Medusa Cell","Medusa Cell"
"576","MC6",3,1113,369,4.248,2.832,-13352130,"Medusa Cell","Medusa Cell"
"577","MC6",4,1109,369,1.356,0.904,-13733026,"Medusa Cell","Medusa Cell"
"578","MC6",5,1109,375,2.034,1.356,-11765655,"Medusa Cell","Medusa Cell"
"579","MC6",6,1109,375,0,0,-12039091,"Medusa Cell","Medusa Cell"
"580","MC6",7,1107,375,0.678,0.452,-12362656,"Medusa Cell","Medusa Cell"
"581","MC6",8,1107,373,0.678,0.452,-14995153,"Medusa Cell","Medusa Cell"
"582","MC6",9,1107,373,0,0,-13014701,"Medusa Cell","Medusa Cell"
"583","MC6",10,1104,373,1.017,0.678,-15578032,"Medusa Cell","Medusa Cell"
"584","MC6",11,1104,373,0,0,-12961982,"Medusa Cell","Medusa Cell"
"585","MC6",12,1104,377,1.356,0.904,-14729414,"Medusa Cell","Medusa Cell"
"586","MC6",13,1104,381,1.356,0.904,-10708349,"Medusa Cell","Medusa Cell"
"587","MC6",14,1104,381,0,0,-12216439,"Medusa Cell","Medusa Cell"
"588","MC6",15,1104,383,0.678,0.452,-12234417,"Medusa Cell","Medusa Cell"
"589","MC6",16,1104,381,0.678,0.452,-12176567,"Medusa Cell","Medusa Cell"
"590","MC6",17,1086,400,8.872,5.915,-14145739,"Medusa Cell","Medusa Cell"
"591","MC6",18,1092,396,2.445,1.63,-13151142,"Medusa Cell","Medusa Cell"
"592","MC6",19,1094,389,2.468,1.645,-13606828,"Medusa Cell","Medusa Cell"
"593","MC6",20,1094,389,0,0,-12762812,"Medusa Cell","Medusa Cell"
"594","MC6",21,1094,389,0,0,-14606286,"Medusa Cell","Medusa Cell"
"595","MC6",22,1094,389,0,0,-13481119,"Medusa Cell","Medusa Cell"
"596","MC6",23,1094,389,0,0,-14475472,"Medusa Cell","Medusa Cell"
"597","MC6",24,1094,385,1.356,0.904,-13265526,"Medusa Cell","Medusa Cell"
"598","MC6",25,1090,389,1.918,1.278,-13872246,"Medusa Cell","Medusa Cell"
"599","MC6",26,1092,385,1.516,1.011,-13345708,"Medusa Cell","Medusa Cell"
"600","MC6",27,1092,385,0,0,-14468809,"Medusa Cell","Medusa Cell"
"601","MC6",28,1092,383,0.678,0.452,-15715026,"Medusa Cell","Medusa Cell"
"602","MC6",29,1092,381,0.678,0.452,-13555368,"Medusa Cell","Medusa Cell"
"603","MC6",30,1083,398,6.521,4.347,-14931665,"Medusa Cell","Medusa Cell"
"604","MC6",31,1083,389,3.051,2.034,-13093070,"Medusa Cell","Medusa Cell"
"605","MC6",32,1079,402,4.611,3.074,-13156542,"Medusa Cell","Medusa Cell"
"606","MC6",33,1073,404,2.144,1.429,-15844819,"Medusa Cell","Medusa Cell"
"607","MC6",34,1079,398,2.877,1.918,-13551284,"Medusa Cell","Medusa Cell"
"608","MC6",35,1086,389,3.865,2.577,-12500663,"Medusa Cell","Medusa Cell"
"609","MC6",36,1086,387,0.678,0.452,-11573163,"Medusa Cell","Medusa Cell"
"610","MC6",37,1086,389,0.678,0.452,-10335154,"Medusa Cell","Medusa Cell"
"611","MC6",38,1083,392,1.438,0.959,-12031157,"Medusa Cell","Medusa Cell"
"612","MC6",39,1075,398,3.39,2.26,-8813432,"Medusa Cell","Medusa Cell"
"613","MC6",40,1079,392,2.445,1.63,-14476753,"Medusa Cell","Medusa Cell"
"614","MC6",41,1075,389,1.695,1.13,-13614273,"Medusa Cell","Medusa Cell"
"615","MC6",42,1075,396,2.373,1.582,-10525343,"Medusa Cell","Medusa Cell"
"616","MC6",43,1081,396,2.034,1.356,-14929622,"Medusa Cell","Medusa Cell"
"617","MC6",44,1088,392,2.733,1.822,-11307422,"Medusa Cell","Medusa Cell"
"618","MC6",45,1081,400,3.604,2.402,-11639746,"Medusa Cell","Medusa Cell"
"619","MC6",46,1081,402,0.678,0.452,-12489637,"Medusa Cell","Medusa Cell"
"620","MC6",47,1075,408,2.877,1.918,-15255764,"Medusa Cell","Medusa Cell"
"621","MC6",48,1073,410,0.959,0.639,-9785707,"Medusa Cell","Medusa Cell"
"622","MC6",49,1073,415,1.695,1.13,-14608066,"Medusa Cell","Medusa Cell"
"623","MC6",50,1077,410,2.171,1.447,-14858439,"Medusa Cell","Medusa Cell"
"624","MC6",51,1073,413,1.695,1.13,-11897502,"Medusa Cell","Medusa Cell"
"625","MC6",52,1071,410,1.222,0.815,-13354442,"Medusa Cell","Medusa Cell"
"626","MC6",53,1056,415,5.36,3.573,-9399660,"Medusa Cell","Medusa Cell"
"627","MC6",54,1056,417,0.678,0.452,-14861511,"Medusa Cell","Medusa Cell"
"628","MC6",55,1050,421,2.445,1.63,-9924993,"Medusa Cell","Medusa Cell"
"629","MC6",56,1048,410,3.79,2.527,-11833265,"Medusa Cell","Medusa Cell"
"630","MC6",57,1050,406,1.516,1.011,-8545907,"Medusa Cell","Medusa Cell"
"631","MC6",58,1056,400,2.877,1.918,-11506328,"Medusa Cell","Medusa Cell"
"632","MC6",59,1058,400,0.678,0.452,-11764387,"Medusa Cell","Medusa Cell"
"633","MC6",60,1060,398,0.959,0.639,-14210250,"Medusa Cell","Medusa Cell"
"634","MC6",61,1062,402,1.516,1.011,-12634816,"Medusa Cell","Medusa Cell"
"635","MC6",62,1067,400,1.826,1.217,-13812920,"Medusa Cell","Medusa Cell"
"636","MC6",63,1075,389,4.611,3.074,-13742274,"Medusa Cell","Medusa Cell"
"637","MC6",64,1079,396,2.733,1.822,-12877974,"Medusa Cell","Medusa Cell"
"638","MC6",65,1090,389,4.42,2.947,-15651248,"Medusa Cell","Medusa Cell"
"639","MC6",66,1090,381,2.712,1.808,-10059406,"Medusa Cell","Medusa Cell"
"640","MC6",67,1092,377,1.516,1.011,-14604255,"Medusa Cell","Medusa Cell"
"641","MC6",68,1094,379,0.959,0.639,-13672098,"Medusa Cell","Medusa Cell"
"642","MC6",69,1123,373,10.039,6.693,-14596545,"Medusa Cell","Medusa Cell"
"643","MC6",70,1134,371,3.79,2.527,-14342851,"Medusa Cell","Medusa Cell"
"644","MC6",71,1142,394,8.255,5.503,-12883871,"Medusa Cell","Medusa Cell"
"645","MC6",72,1127,404,6.111,4.074,-14266048,"Medusa Cell","Medusa Cell"
"646","MC6",73,1123,383,7.247,4.831,-10593424,"Medusa Cell","Medusa Cell"
"647","MC6",74,1123,383,0,0,-8287842,"Medusa Cell","Medusa Cell"
"648","MC6",75,1115,377,3.39,2.26,-12108492,"Medusa Cell","Medusa Cell"
"649","MC6",76,1113,366,3.79,2.527,-11305114,"Medusa Cell","Medusa Cell"
"650","MC6",77,1119,354,4.548,3.032,-14670549,"Medusa Cell","Medusa Cell"
"651","MC6",78,1109,333,7.885,5.257,-11173227,"Medusa Cell","Medusa Cell"
"652","MC6",79,1125,327,5.793,3.862,-12243905,"Medusa Cell","Medusa Cell"
"653","MC6",80,1132,320,3.356,2.237,-10849193,"Medusa Cell","Medusa Cell"
"654","MC6",81,1123,318,3.125,2.084,-10861497,"Medusa Cell","Medusa Cell"
"655","MC6",82,1117,324,2.877,1.918,-12827074,"Medusa Cell","Medusa Cell"
"656","MC6",83,1109,318,3.39,2.26,-14142647,"Medusa Cell","Medusa Cell"
"657","MC6",84,1104,310,3.198,2.132,-11186852,"Medusa Cell","Medusa Cell"
"658","MC6",85,1115,312,3.79,2.527,-8019101,"Medusa Cell","Medusa Cell"
"659","MC6",86,1119,312,1.356,0.904,-7889797,"Medusa Cell","Medusa Cell"
"660","MC6",87,1121,306,2.144,1.429,-12292007,"Medusa Cell","Medusa Cell"
"661","MC6",88,1121,297,3.051,2.034,-9458549,"Medusa Cell","Medusa Cell"
"662","MC6",89,1123,295,0.959,0.639,-13484468,"Medusa Cell","Medusa Cell"
"663","MC6",90,1123,291,1.356,0.904,-11840949,"Medusa Cell","Medusa Cell"
"664","MC6",91,1130,295,2.733,1.822,-12308383,"Medusa Cell","Medusa Cell"
"665","MC6",92,1127,306,3.865,2.577,-10338475,"Medusa Cell","Medusa Cell"
"666","MC6",93,1119,306,2.712,1.808,-11969446,"Medusa Cell","Medusa Cell"
"667","MC6",94,1148,337,14.391,9.594,-11765916,"Medusa Cell","Medusa Cell"
"668","MC6",95,1136,364,10.016,6.678,-13610690,"Medusa Cell","Medusa Cell"
"669","MC6",96,1125,316,16.694,11.129,-11652767,"Medusa Cell","Medusa Cell"
"670","MC6",97,1119,333,6.111,4.074,-12951204,"Medusa Cell","Medusa Cell"
"671","MC6",98,1107,318,6.512,4.341,-14201001,"Medusa Cell","Medusa Cell"
"672","MC6",99,1104,314,1.695,1.13,-8094572,"Medusa Cell","Medusa Cell"
"673","MC6",100,1113,304,4.561,3.041,-13157059,"Medusa Cell","Medusa Cell"
"674","MC6",101,1119,306,2.144,1.429,-13486278,"Medusa Cell","Medusa Cell"
"675","MC6",102,1117,297,3.125,2.084,-13751500,"Medusa Cell","Medusa Cell"
"676","MC6",103,1111,268,10.039,6.693,-13679040,"Medusa Cell","Medusa Cell"
"677","MC6",104,1104,266,2.468,1.645,-14600406,"Medusa Cell","Medusa Cell"
"678","MC6",105,1121,274,6.369,4.246,-13219758,"Medusa Cell","Medusa Cell"
"679","MC6",106,1111,268,3.953,2.636,-5981497,"Medusa Cell","Medusa Cell"
"680","MC6",107,1111,270,0.678,0.452,-10325678,"Medusa Cell","Medusa Cell"
"681","MC6",108,1090,276,7.404,4.936,-11692413,"Medusa Cell","Medusa Cell"
"682","MC6",109,1100,278,3.457,2.305,-15839932,"Medusa Cell","Medusa Cell"
"683","MC6",110,1102,278,0.678,0.452,-9200231,"Medusa Cell","Medusa Cell"
"684","MC6",111,1088,272,5.163,3.442,-13011870,"Medusa Cell","Medusa Cell"
"685","MC6",112,1088,272,0,0,-11304057,"Medusa Cell","Medusa Cell"
"686","MC6",113,1102,289,7.466,4.977,-13092299,"Medusa Cell","Medusa Cell"
"687","MC6",114,1113,287,3.79,2.527,-14606801,"Medusa Cell","Medusa Cell"
"688","MC6",115,1107,268,6.755,4.503,-9417606,"Medusa Cell","Medusa Cell"
"689","MC6",116,1121,257,6.036,4.024,-11440034,"Medusa Cell","Medusa Cell"
"690","MC6",117,1123,241,5.466,3.644,-14535628,"Medusa Cell","Medusa Cell"
"691","MC6",118,1140,230,6.864,4.576,-12763591,"Medusa Cell","Medusa Cell"
"692","MC6",119,1178,203,15.803,10.535,-16763086,"Medusa Cell","Medusa Cell"
"693","MC6",120,1125,243,22.51,15.006,-14794176,"Medusa Cell","Medusa Cell"
"694","MC6",121,1130,236,2.916,1.944,-11766944,"Medusa Cell","Medusa Cell"
"695","MC6",122,1140,266,10.72,7.147,-12881352,"Medusa Cell","Medusa Cell"
"696","MC6",123,1140,268,0.678,0.452,-13219780,"Medusa Cell","Medusa Cell"
"697","MC6",124,1127,257,5.773,3.849,-12887468,"Medusa Cell","Medusa Cell"
"698","MC6",125,1115,239,7.334,4.889,-15579850,"Medusa Cell","Medusa Cell"
"699","MC6",126,1109,232,3.125,2.084,-10579333,"Medusa Cell","Medusa Cell"
"700","MC6",127,1119,239,4.138,2.759,-13278378,"Medusa Cell","Medusa Cell"
"701","MC6",128,1125,251,4.548,3.032,-8155772,"Medusa Cell","Medusa Cell"
"702","MC6",129,1136,259,4.611,3.074,-9590351,"Medusa Cell","Medusa Cell"
"703","MC6",130,1136,251,2.712,1.808,-13279658,"Medusa Cell","Medusa Cell"
"704","MC6",131,1113,228,11.027,7.351,-14468560,"Medusa Cell","Medusa Cell"
"705","MC6",132,1109,218,3.651,2.434,-14993621,"Medusa Cell","Medusa Cell"
"706","MC6",133,1111,226,2.795,1.864,-15586770,"Medusa Cell","Medusa Cell"
"707","MC6",134,1098,220,4.854,3.236,-13817031,"Medusa Cell","Medusa Cell"
"708","MC6",135,1111,226,4.854,3.236,-14598086,"Medusa Cell","Medusa Cell"
"709","MC6",136,1100,243,6.864,4.576,-14398139,"Medusa Cell","Medusa Cell"
"710","MC6",137,1088,247,4.288,2.859,-10985373,"Medusa Cell","Medusa Cell"
"711","MC6",138,1081,268,7.504,5.003,-13618615,"Medusa Cell","Medusa Cell"
"712","MC6",139,1073,266,2.795,1.864,-13282489,"Medusa Cell","Medusa Cell"
"713","MC6",140,1075,274,2.795,1.864,-8288924,"Medusa Cell","Medusa Cell"
"714","MC6",141,1062,278,4.611,3.074,-10782355,"Medusa Cell","Medusa Cell"
"715","MC6",142,1077,278,5.085,3.39,-13096630,"Medusa Cell","Medusa Cell"
"716","MC6",143,1060,276,5.803,3.868,-9008001,"Medusa Cell","Medusa Cell"
"717","MC6",144,1058,276,0.678,0.452,-11647897,"Medusa Cell","Medusa Cell"
"718","MC6",145,1058,287,3.729,2.486,-8755573,"Medusa Cell","Medusa Cell"
"719","MC6",146,1037,287,7.119,4.746,-9145453,"Medusa Cell","Medusa Cell"
"720","MC6",147,1052,297,6.111,4.074,-12371379,"Medusa Cell","Medusa Cell"
"721","MC6",148,1069,329,12.284,8.189,-10507411,"Medusa Cell","Medusa Cell"
"722","MC6",149,1104,343,12.779,8.519,-7359066,"Medusa Cell","Medusa Cell"
"723","MC6",150,1098,293,17.072,11.381,-11108487,"Medusa Cell","Medusa Cell"
"724","MC6",151,1098,310,5.763,3.842,-13281198,"Medusa Cell","Medusa Cell"
"725","MC6",152,1081,316,6.111,4.074,-11641486,"Medusa Cell","Medusa Cell"
"726","MC6",153,1086,318,1.826,1.217,-14598866,"Medusa Cell","Medusa Cell"
"727","MC6",154,1098,322,4.288,2.859,-11957652,"Medusa Cell","Medusa Cell"
"728","MC6",155,1113,314,5.763,3.842,-11574422,"Medusa Cell","Medusa Cell"
"729","MC6",156,1098,327,6.729,4.486,-8949641,"Medusa Cell","Medusa Cell"
"730","MC6",157,1081,333,6.111,4.074,-14211515,"Medusa Cell","Medusa Cell"
"731","MC6",158,1092,327,4.248,2.832,-11243931,"Medusa Cell","Medusa Cell"
"732","MC6",159,1096,295,10.932,7.288,-10513280,"Medusa Cell","Medusa Cell"
"733","MC6",160,1102,285,3.953,2.636,-7816796,"Medusa Cell","Medusa Cell"
"734","MC6",161,1111,285,3.051,2.034,-14661307,"Medusa Cell","Medusa Cell"
"735","MC6",162,1111,289,1.356,0.904,-11902615,"Medusa Cell","Medusa Cell"
"736","MC6",163,1117,285,2.445,1.63,-15781849,"Medusa Cell","Medusa Cell"
"737","MC6",164,1111,276,3.667,2.445,-15055818,"Medusa Cell","Medusa Cell"
"738","MC6",165,1104,283,3.356,2.237,-12235690,"Medusa Cell","Medusa Cell"
"739","MC6",166,1130,297,10.011,6.674,-9922948,"Medusa Cell","Medusa Cell"
"740","MC6",167,1119,310,5.773,3.849,-10184828,"Medusa Cell","Medusa Cell"
"741","MC6",168,1113,316,2.877,1.918,-9197670,"Medusa Cell","Medusa Cell"
"742","MC6",169,1102,322,4.248,2.832,-11045227,"Medusa Cell","Medusa Cell"
"743","MC6",170,1100,329,2.468,1.645,-9930116,"Medusa Cell","Medusa Cell"
"744","MC6",171,1098,327,0.959,0.639,-10197102,"Medusa Cell","Medusa Cell"
"745","MC6",172,1088,314,5.56,3.707,-11376285,"Medusa Cell","Medusa Cell"
"746","MC6",173,1096,310,3.032,2.021,-13349576,"Medusa Cell","Medusa Cell"
"747","MC6",174,1094,304,2.144,1.429,-10126709,"Medusa Cell","Medusa Cell"
"748","MC6",175,1092,299,1.826,1.217,-12550805,"Medusa Cell","Medusa Cell"
"749","MC6",176,1056,335,17.259,11.506,-9596277,"Medusa Cell","Medusa Cell"
"750","MC6",177,1012,320,15.759,10.506,-11252649,"Medusa Cell","Medusa Cell"
"751","MC6",178,1000,316,4.288,2.859,-9665931,"Medusa Cell","Medusa Cell"
"752","MC6",179,1004,322,2.445,1.63,-12227744,"Medusa Cell","Medusa Cell"
"753","MC6",180,1002,331,3.125,2.084,-8022147,"Medusa Cell","Medusa Cell"
"754","MC6",181,1031,324,10.113,6.742,-7308883,"Medusa Cell","Medusa Cell"
"755","MC6",182,1050,320,6.582,4.388,-11186869,"Medusa Cell","Medusa Cell"
"756","MC6",183,1069,314,6.755,4.503,-12234175,"Medusa Cell","Medusa Cell"
"757","MC6",184,1073,297,5.92,3.947,-12172198,"Medusa Cell","Medusa Cell"
"758","MC6",185,1054,287,7.279,4.852,-11697291,"Medusa Cell","Medusa Cell"
"759","MC6",186,1046,287,2.712,1.808,-10194317,"Medusa Cell","Medusa Cell"
"760","MC6",187,1035,285,3.79,2.527,-10845317,"Medusa Cell","Medusa Cell"
"761","MC6",188,1033,289,1.516,1.011,-12955824,"Medusa Cell","Medusa Cell"
"762","MC6",189,1029,293,1.918,1.278,-10916760,"Medusa Cell","Medusa Cell"
"763","MC6",190,1033,293,1.356,0.904,-10181492,"Medusa Cell","Medusa Cell"
"764","MC6",191,1031,299,2.144,1.429,-12294818,"Medusa Cell","Medusa Cell"
"765","MC6",192,1033,297,0.959,0.639,-9949628,"Medusa Cell","Medusa Cell"
"766","MC6",193,1033,285,4.068,2.712,-12823424,"Medusa Cell","Medusa Cell"
"767","MC6",194,1039,291,2.877,1.918,-13553323,"Medusa Cell","Medusa Cell"
"768","MC6",195,1048,289,3.125,2.084,-13221036,"Medusa Cell","Medusa Cell"
"769","MC6",196,1054,272,6.111,4.074,-13480117,"Medusa Cell","Medusa Cell"
"770","MC6",197,1060,262,3.953,2.636,-15713185,"Medusa Cell","Medusa Cell"
"771","MC6",198,1060,268,2.034,1.356,-9933466,"Medusa Cell","Medusa Cell"
"772","MC6",199,1062,272,1.516,1.011,-7159904,"Medusa Cell","Medusa Cell"
"773","MC6",200,1052,270,3.457,2.305,-14470609,"Medusa Cell","Medusa Cell"
"774","MC6",201,1042,274,3.651,2.434,-15195078,"Medusa Cell","Medusa Cell"
"775","MC6",202,1044,280,2.144,1.429,-9790874,"Medusa Cell","Medusa Cell"
"776","MC6",203,1035,274,3.667,2.445,-14200479,"Medusa Cell","Medusa Cell"
"777","MC6",204,1042,247,9.456,6.304,-11040386,"Medusa Cell","Medusa Cell"
"778","MC6",205,1044,247,0.678,0.452,-9334384,"Medusa Cell","Medusa Cell"
"779","MC6",206,1039,249,1.826,1.217,-10786703,"Medusa Cell","Medusa Cell"
"780","MC6",207,1037,230,6.477,4.318,-15912882,"Medusa Cell","Medusa Cell"
"781","MC6",208,1037,232,0.678,0.452,-13285056,"Medusa Cell","Medusa Cell"
"782","MC6",209,1039,224,2.795,1.864,-15000528,"Medusa Cell","Medusa Cell"
"783","MC6",210,1037,222,0.959,0.639,-7558022,"Medusa Cell","Medusa Cell"
"784","MC6",211,1044,226,2.733,1.822,-14997697,"Medusa Cell","Medusa Cell"
"785","MC6",212,1058,241,6.956,4.637,-9741477,"Medusa Cell","Medusa Cell"
"786","MC6",213,1071,253,5.998,3.998,-12886957,"Medusa Cell","Medusa Cell"
"787","MC6",214,1071,262,3.051,2.034,-11175296,"Medusa Cell","Medusa Cell"
"788","MC6",215,1056,278,7.435,4.957,-13549507,"Medusa Cell","Medusa Cell"
"789","MC6",216,1067,266,5.519,3.679,-14471879,"Medusa Cell","Medusa Cell"
"790","MC6",217,1077,274,4.341,2.894,-15057356,"Medusa Cell","Medusa Cell"
"791","MC6",218,1073,285,3.968,2.645,-14207932,"Medusa Cell","Medusa Cell"
"792","MC6",219,1094,306,10.068,6.712,-12954541,"Medusa Cell","Medusa Cell"
"793","MC6",220,1098,312,2.445,1.63,-6777180,"Medusa Cell","Medusa Cell"
"794","MC6",221,1104,322,3.953,2.636,-9672825,"Medusa Cell","Medusa Cell"
"795","MC6",222,1107,316,2.274,1.516,-10142584,"Medusa Cell","Medusa Cell"
"796","MC6",223,1100,322,3.125,2.084,-15188162,"Medusa Cell","Medusa Cell"
"797","MC6",224,1100,333,3.729,2.486,-13473963,"Medusa Cell","Medusa Cell"
"798","MC6",225,1096,354,7.247,4.831,-13410752,"Medusa Cell","Medusa Cell"
"799","MC6",226,1102,360,2.877,1.918,-13413049,"Medusa Cell","Medusa Cell"
"800","MC6",227,1100,360,0.678,0.452,-14859464,"Medusa Cell","Medusa Cell"
"801","MC6",228,1094,362,2.144,1.429,-14992331,"Medusa Cell","Medusa Cell"
"802","MC6",229,1088,371,3.667,2.445,-15846872,"Medusa Cell","Medusa Cell"
"803","MC6",230,1081,381,4.138,2.759,-15717331,"Medusa Cell","Medusa Cell"
"804","MC6",231,1090,369,5.085,3.39,-13144485,"Medusa Cell","Medusa Cell"
"805","MC6",232,1094,373,1.918,1.278,-12164772,"Medusa Cell","Medusa Cell"
"806","MC6",233,1104,371,3.457,2.305,-14198965,"Medusa Cell","Medusa Cell"
"807","MC6",234,1127,343,12.284,8.189,-12360874,"Medusa Cell","Medusa Cell"
"808","MC6",235,1121,343,2.034,1.356,-14797258,"Medusa Cell","Medusa Cell"
"809","MC6",236,1115,343,2.034,1.356,-7563616,"Medusa Cell","Medusa Cell"
"810","MC6",237,1117,348,1.826,1.217,-11638406,"Medusa Cell","Medusa Cell"
"811","MC6",239,1107,331,6.686,4.457,-9527397,"Medusa Cell","Medusa Cell"
"812","MC6",240,1138,337,10.704,7.136,-10594481,"Medusa Cell","Medusa Cell"
"813","MC6",241,1159,312,11.068,7.379,-13217721,"Medusa Cell","Medusa Cell"
"814","MC6",242,1195,318,12.372,8.248,-14606045,"Medusa Cell","Medusa Cell"
"815","MC6",243,1127,343,24.561,16.374,-11832220,"Medusa Cell","Medusa Cell"
"816","MC6",244,1117,333,4.794,3.196,-13208196,"Medusa Cell","Medusa Cell"
"817","MC6",245,1142,312,11.068,7.379,-12824495,"Medusa Cell","Medusa Cell"
"818","MC6",246,1121,350,14.718,9.812,-13875655,"Medusa Cell","Medusa Cell"
"819","MC6",247,1121,343,2.373,1.582,-11839409,"Medusa Cell","Medusa Cell"
"820","MC6",248,1107,329,6.712,4.475,-10255722,"Medusa Cell","Medusa Cell"
"821","MC6",249,1115,350,7.618,5.079,-10134130,"Medusa Cell","Medusa Cell"
"822","MC6",250,1119,354,1.918,1.278,-9664373,"Medusa Cell","Medusa Cell"
"823","MC6",251,1125,350,2.445,1.63,-11511731,"Medusa Cell","Medusa Cell"
"824","MC6",252,1107,358,6.678,4.452,-12300998,"Medusa Cell","Medusa Cell"
"825","MC6",253,1113,358,2.034,1.356,-13618891,"Medusa Cell","Medusa Cell"
"826","MC6",254,1069,341,15.991,10.66,-15454911,"Medusa Cell","Medusa Cell"
"827","MC6",255,1065,322,6.582,4.388,-8615597,"Medusa Cell","Medusa Cell"
"828","MC6",256,1083,324,6.14,4.093,-12896434,"Medusa Cell","Medusa Cell"
"829","MC6",257,1073,310,5.832,3.888,-5851746,"Medusa Cell","Medusa Cell"
"830","MC6",258,1069,304,2.445,1.63,-10513553,"Medusa Cell","Medusa Cell"
"831","MC6",259,1069,297,2.373,1.582,-9018001,"Medusa Cell","Medusa Cell"
"832","MC6",260,1062,293,2.733,1.822,-10773893,"Medusa Cell","Medusa Cell"
"833","MC6",261,1050,280,5.998,3.998,-15263440,"Medusa Cell","Medusa Cell"
"834","MC6",262,1056,287,3.125,2.084,-9936751,"Medusa Cell","Medusa Cell"
"835","MC6",263,1065,295,4.082,2.721,-14269633,"Medusa Cell","Medusa Cell"
"836","MC6",264,1069,289,2.445,1.63,-11438228,"Medusa Cell","Medusa Cell"
"837","MC6",265,1067,291,0.959,0.639,-13276325,"Medusa Cell","Medusa Cell"
"838","MC6",266,1069,285,2.144,1.429,-9858680,"Medusa Cell","Medusa Cell"
"839","MC6",267,1071,289,1.516,1.011,-10447737,"Medusa Cell","Medusa Cell"
"840","MC6",268,1062,283,3.667,2.445,-12288911,"Medusa Cell","Medusa Cell"
"841","MC6",269,1058,285,1.516,1.011,-15517398,"Medusa Cell","Medusa Cell"
"842","MC6",270,1056,289,1.516,1.011,-14326964,"Medusa Cell","Medusa Cell"
"843","MC6",271,1056,295,2.034,1.356,-10442621,"Medusa Cell","Medusa Cell"
"844","MC6",272,1052,295,1.356,0.904,-11694474,"Medusa Cell","Medusa Cell"
"845","MC6",273,1058,293,2.144,1.429,-13353401,"Medusa Cell","Medusa Cell"
"846","MC6",274,1060,289,1.516,1.011,-7959412,"Medusa Cell","Medusa Cell"
"847","MC6",275,1062,285,1.516,1.011,-14783653,"Medusa Cell","Medusa Cell"
"848","MC6",276,1075,283,4.459,2.973,-11185551,"Medusa Cell","Medusa Cell"
"849","MC6",277,1086,280,3.865,2.577,-11628687,"Medusa Cell","Medusa Cell"
"850","MC6",278,1098,283,4.193,2.795,-6267011,"Medusa Cell","Medusa Cell"
"851","MC6",279,1111,287,4.611,3.074,-10582654,"Medusa Cell","Medusa Cell"
"852","MC6",280,1117,295,3.39,2.26,-9534085,"Medusa Cell","Medusa Cell"
"853","MC6",281,1123,304,3.667,2.445,-7048280,"Medusa Cell","Medusa Cell"
"854","MC6",282,1098,280,11.748,7.832,-3772985,"Medusa Cell","Medusa Cell"
"855","MC6",283,1088,264,6.396,4.264,-8813935,"Medusa Cell","Medusa Cell"
"856","MC6",284,1077,289,9.259,6.173,-4476973,"Medusa Cell","Medusa Cell"
"857","MC6",285,1060,276,7.255,4.837,-5717313,"Medusa Cell","Medusa Cell"
"858","MC6",286,1088,289,10.465,6.977,-11366277,"Medusa Cell","Medusa Cell"
"859","MC6",287,1088,270,6.441,4.294,-13093319,"Medusa Cell","Medusa Cell"
"860","MC6",288,1088,270,0,0,-8228201,"Medusa Cell","Medusa Cell"
"861","MC6",289,1083,276,2.648,1.765,-13284282,"Medusa Cell","Medusa Cell"
"862","MC6",290,1083,266,3.39,2.26,-10857923,"Medusa Cell","Medusa Cell"
"863","MC6",291,1086,268,1.222,0.815,-10255750,"Medusa Cell","Medusa Cell"
"864","MC6",292,1096,276,4.341,2.894,-13948105,"Medusa Cell","Medusa Cell"
"865","MC6",293,1088,280,3.032,2.021,-11315106,"Medusa Cell","Medusa Cell"
"866","MC6",294,1086,274,2.144,1.429,-16440530,"Medusa Cell","Medusa Cell"
"867","MC6",295,1086,270,1.356,0.904,-14070706,"Medusa Cell","Medusa Cell"
"868","MC6",296,1094,278,3.835,2.557,-13743030,"Medusa Cell","Medusa Cell"
"869","MC6",297,1094,287,3.051,2.034,-13278368,"Medusa Cell","Medusa Cell"
"870","MC6",298,1115,297,7.885,5.257,-13813949,"Medusa Cell","Medusa Cell"
"871","MC6",299,1115,295,0.678,0.452,-14925008,"Medusa Cell","Medusa Cell"
"872","MC6",300,1115,278,5.763,3.842,-13152949,"Medusa Cell","Medusa Cell"
"873","MC6",301,1111,249,9.924,6.616,-14854328,"Medusa Cell","Medusa Cell"
"874","MC6",302,1086,247,8.502,5.668,-13550035,"Medusa Cell","Medusa Cell"
"875","MC6",303,1052,253,11.704,7.803,-14656448,"Medusa Cell","Medusa Cell"
"876","MC6",304,1054,251,0.959,0.639,-14668766,"Medusa Cell","Medusa Cell"
"877","MC6",305,1056,255,1.516,1.011,-15319740,"Medusa Cell","Medusa Cell"
"878","MC6",306,1056,253,0.678,0.452,-15065822,"Medusa Cell","Medusa Cell"
"879","MC6",307,1042,232,8.556,5.704,-15715262,"Medusa Cell","Medusa Cell"
"880","MC6",308,1052,218,5.832,3.888,-15065034,"Medusa Cell","Medusa Cell"
"881","MC6",309,1077,226,8.898,5.932,-14342095,"Medusa Cell","Medusa Cell"
"882","MC6",310,1083,243,6.111,4.074,-13674657,"Medusa Cell","Medusa Cell"
"883","MC6",311,1111,251,9.872,6.581,-7765610,"Medusa Cell","Medusa Cell"
"884","MC6",312,1090,253,7.151,4.767,-12815002,"Medusa Cell","Medusa Cell"
"885","MC6",313,1044,245,15.828,10.552,-9999464,"Medusa Cell","Medusa Cell"
"886","MC6",314,1039,211,11.65,7.767,-11905436,"Medusa Cell","Medusa Cell"
"887","MC6",315,1044,241,10.31,6.874,-12570576,"Medusa Cell","Medusa Cell"
"888","MC6",316,1060,253,6.78,4.52,-13416381,"Medusa Cell","Medusa Cell"
"889","MC6",317,1065,262,3.49,2.327,-12296863,"Medusa Cell","Medusa Cell"
"890","MC6",318,1067,236,8.84,5.893,-13751498,"Medusa Cell","Medusa Cell"
"891","MC6",319,1067,236,0,0,-15854791,"Medusa Cell","Medusa Cell"
"892","MC6",320,1065,232,1.516,1.011,-11765416,"Medusa Cell","Medusa Cell"
"893","MC6",321,1086,230,7.151,4.767,-15985388,"Medusa Cell","Medusa Cell"
"894","MC6",322,1100,236,5.163,3.442,-14395039,"Medusa Cell","Medusa Cell"
"895","MC6",323,1065,222,12.779,8.519,-16572630,"Medusa Cell","Medusa Cell"
"896","MC6",324,1073,226,3.032,2.021,-14727880,"Medusa Cell","Medusa Cell"
"897","MC6",325,1079,226,2.034,1.356,-14336196,"Medusa Cell","Medusa Cell"
"898","MC6",326,1062,236,6.686,4.457,-14538698,"Medusa Cell","Medusa Cell"
"899","MC6",327,1065,239,1.438,0.959,-13408675,"Medusa Cell","Medusa Cell"
"900","MC6",328,1054,243,3.968,2.645,-13748416,"Medusa Cell","Medusa Cell"
"901","MC6",329,1056,245,0.959,0.639,-11579579,"Medusa Cell","Medusa Cell"
"902","MC7",2,1086,1237,2.468,1.645,-15192784,"Medusa Cell","Medusa Cell"
"903","MC7",3,1086,1237,0,0,-14014913,"Medusa Cell","Medusa Cell"
"904","MC7",4,1029,1211,21.238,14.159,-15321046,"Medusa Cell","Medusa Cell"
"905","MC7",5,918,1165,40.732,27.155,-15263967,"Medusa Cell","Medusa Cell"
"906","MC7",6,828,1182,31.05,20.7,-14654638,"Medusa Cell","Medusa Cell"
"907","MC7",7,735,1241,37.336,24.891,-14926801,"Medusa Cell","Medusa Cell"
"908","MC7",8,706,1308,24.749,16.5,-15520480,"Medusa Cell","Medusa Cell"
"909","MC7",9,748,1352,20.621,13.747,-12029088,"Medusa Cell","Medusa Cell"
"910","MC7",10,719,1327,12.98,8.653,-8749708,"Medusa Cell","Medusa Cell"
"911","MC7",11,706,1322,4.722,3.148,-13809082,"Medusa Cell","Medusa Cell"
"912","MC7",12,698,1327,3.198,2.132,-13743792,"Medusa Cell","Medusa Cell"
"913","MC7",13,687,1325,3.79,2.527,-6387555,"Medusa Cell","Medusa Cell"
"914","MC7",14,664,1325,7.797,5.198,-13354676,"Medusa Cell","Medusa Cell"
"915","MC7",15,660,1304,7.247,4.831,-15593181,"Medusa Cell","Medusa Cell"
"916","MC7",16,652,1308,3.032,2.021,-12498319,"Medusa Cell","Medusa Cell"
"917","MC7",17,649,1312,1.695,1.13,-11960462,"Medusa Cell","Medusa Cell"
"918","MC7",18,647,1304,2.795,1.864,-11123879,"Medusa Cell","Medusa Cell"
"919","MC7",19,631,1327,9.498,6.332,-10779012,"Medusa Cell","Medusa Cell"
"920","MC7",20,576,1339,19.084,12.722,-14672580,"Medusa Cell","Medusa Cell"
"921","MC7",21,475,1379,36.826,24.551,-13472960,"Medusa Cell","Medusa Cell"
"922","MC7",22,381,1419,34.631,23.087,-14936516,"Medusa Cell","Medusa Cell"
"923","MC7",23,320,1467,26.313,17.542,-16311249,"Medusa Cell","Medusa Cell"
"924","MC7",24,270,1490,18.657,12.438,-8072266,"Medusa Cell","Medusa Cell"
"925","MC7",25,262,1490,2.712,1.808,-10127208,"Medusa Cell","Medusa Cell"
"926","MC7",26,251,1450,14.063,9.376,-15848904,"Medusa Cell","Medusa Cell"
"927","MC7",27,178,1457,24.861,16.574,-14798545,"Medusa Cell","Medusa Cell"
"928","MC7",28,125,1478,19.326,12.884,-14539979,"Medusa Cell","Medusa Cell"
"929","MC7",29,58,1490,23.074,15.383,-11639710,"Medusa Cell","Medusa Cell"
"930","MC7",30,10,1492,16.286,10.857,-10787009,"Medusa Cell","Medusa Cell"
"931","MC8",2,574,62,12.738,8.492,-9206912,"Medusa Cell","Medusa Cell"
"932","MC8",3,427,100,51.471,34.314,-9667463,"Medusa Cell","Medusa Cell"
"933","MC8",4,299,111,43.552,29.035,-10916750,"Medusa Cell","Medusa Cell"
"934","MC8",5,215,60,33.314,22.209,-10589314,"Medusa Cell","Medusa Cell"
"935","MC8",6,220,16,15.012,10.008,-10197664,"Medusa Cell","Medusa Cell"
"936","MC8",7,310,134,50.309,33.539,-9667209,"Medusa Cell","Medusa Cell"
"937","MC8",8,406,140,32.608,21.738,-9206658,"Medusa Cell","Medusa Cell"
"938","MC8",9,444,129,13.411,8.941,-9140347,"Medusa Cell","Medusa Cell"
"939","MC8",10,427,138,6.521,4.347,-9471370,"Medusa Cell","Medusa Cell"
"940","MC8",11,318,136,36.957,24.638,-9666180,"Medusa Cell","Medusa Cell"
"941","MC8",12,188,129,44.134,29.423,-9470592,"Medusa Cell","Medusa Cell"
"942","MC8",13,123,148,22.957,15.305,-11049616,"Medusa Cell","Medusa Cell"
"943","MC8",14,102,98,18.384,12.256,-10586502,"Medusa Cell","Medusa Cell"
"944","MC8",15,138,134,17.259,11.506,-11446165,"Medusa Cell","Medusa Cell"
"945","MC8",16,171,140,11.37,7.58,-9602181,"Medusa Cell","Medusa Cell"
"946","MC8",17,218,165,18.047,12.031,-11914167,"Medusa Cell","Medusa Cell"
"947","MC8",18,230,174,5.085,3.39,-12172460,"Medusa Cell","Medusa Cell"
"948","MC8",19,245,132,15.119,10.079,-11841437,"Medusa Cell","Medusa Cell"
"949","MC8",20,245,102,10.17,6.78,-10260862,"Medusa Cell","Medusa Cell"
"950","MC8",21,241,102,1.356,0.904,-10130808,"Medusa Cell","Medusa Cell"
"951","MC8",22,230,100,3.79,2.527,-10917777,"Medusa Cell","Medusa Cell"
"952","MC8",23,243,96,4.611,3.074,-10324351,"Medusa Cell","Medusa Cell"
"953","MC8",24,245,100,1.516,1.011,-10329994,"Medusa Cell","Medusa Cell"
"954","MC8",25,251,96,2.445,1.63,-9342581,"Medusa Cell","Medusa Cell"
"955","MC8",26,243,90,3.39,2.26,-10651019,"Medusa Cell","Medusa Cell"
"956","MC8",27,247,23,22.753,15.169,-10057590,"Medusa Cell","Medusa Cell"
"957","MC8",28,255,10,5.175,3.45,-10126218,"Medusa Cell","Medusa Cell"
"958","MC8",29,276,10,7.119,4.746,-11111306,"Medusa Cell","Medusa Cell"
"959","MC9",2,800,438,8.801,5.867,-11177363,"Medusa Cell","Medusa Cell"
"960","MC9",3,924,501,47.15,31.434,-11970993,"Medusa Cell","Medusa Cell"
"961","MC9",4,1069,446,52.572,35.048,-10126220,"Medusa Cell","Medusa Cell"
"962","MC9",5,1192,366,49.741,33.16,-11642264,"Medusa Cell","Medusa Cell"
"963","MC9",6,1299,266,49.648,33.099,-11510945,"Medusa Cell","Medusa Cell"
"964","MC9",7,1438,276,47.243,31.495,-9532805,"Medusa Cell","Medusa Cell"
"965","MC9",8,1580,236,50.011,33.341,-10257038,"Medusa Cell","Medusa Cell"
"966","MC9",9,1685,106,56.65,37.766,-10192788,"Medusa Cell","Medusa Cell"
"967","MC9",10,1748,54,27.692,18.462,-9471111,"Medusa Cell","Medusa Cell"
"968","MC9",11,1746,39,5.13,3.42,-9993868,"Medusa Cell","Medusa Cell"
"969","MC9",12,1746,10,9.831,6.554,-11242906,"Medusa Cell","Medusa Cell"
"970","MC10",2,2172,805,39.315,26.21,-10590607,"Medusa Cell","Medusa Cell"
"971","MC10",3,2111,842,24.186,16.124,-10984861,"Medusa Cell","Medusa Cell"
"972","MC10",4,2096,853,6.306,4.204,-11048336,"Medusa Cell","Medusa Cell"
"973","MC10",5,2077,878,10.645,7.097,-11509400,"Medusa Cell","Medusa Cell"
"974","MC10",6,2075,868,3.457,2.305,-10126723,"Medusa Cell","Medusa Cell"
"975","MC10",7,2073,876,2.795,1.864,-10784904,"Medusa Cell","Medusa Cell"
"976","MC10",8,2067,886,3.953,2.636,-11706017,"Medusa Cell","Medusa Cell"
"977","MC10",9,2056,895,4.818,3.212,-11183504,"Medusa Cell","Medusa Cell"
"978","MC10",10,2052,901,2.445,1.63,-10657679,"Medusa Cell","Medusa Cell"
"979","MC10",11,2052,903,0.678,0.452,-10653604,"Medusa Cell","Medusa Cell"
"980","MC10",12,2044,895,3.835,2.557,-11904674,"Medusa Cell","Medusa Cell"
"981","MC10",13,2040,897,1.516,1.011,-10391196,"Medusa Cell","Medusa Cell"
"982","MC10",14,2042,891,2.144,1.429,-11117989,"Medusa Cell","Medusa Cell"
"983","MC10",15,2044,882,3.125,2.084,-9861780,"Medusa Cell","Medusa Cell"
"984","MC10",16,2046,878,1.516,1.011,-12823215,"Medusa Cell","Medusa Cell"
"985","MC10",17,2033,893,6.729,4.486,-11704736,"Medusa Cell","Medusa Cell"
"986","MC10",18,2016,893,5.763,3.842,-10981527,"Medusa Cell","Medusa Cell"
"987","MC10",19,2023,897,2.733,1.822,-10452618,"Medusa Cell","Medusa Cell"
"988","MC10",20,2012,893,3.968,2.645,-10653853,"Medusa Cell","Medusa Cell"
"989","MC10",21,2014,880,4.459,2.973,-10256785,"Medusa Cell","Medusa Cell"
"990","MC10",22,2004,878,3.457,2.305,-9930132,"Medusa Cell","Medusa Cell"
"991","MC10",23,1993,874,3.968,2.645,-10855571,"Medusa Cell","Medusa Cell"
"992","MC10",24,1996,878,1.695,1.13,-12037810,"Medusa Cell","Medusa Cell"
"993","MC10",25,1989,878,2.373,1.582,-9272464,"Medusa Cell","Medusa Cell"
"994","MC10",26,1941,870,16.496,10.998,-11114154,"Medusa Cell","Medusa Cell"
"995","MC10",27,1912,870,9.831,6.554,-9865366,"Medusa Cell","Medusa Cell"
"996","MC10",28,1838,859,25.362,16.908,-10194832,"Medusa Cell","Medusa Cell"
"997","MC10",29,1794,849,15.296,10.198,-11247029,"Medusa Cell","Medusa Cell"
"998","MC10",30,1725,834,23.937,15.958,-10720159,"Medusa Cell","Medusa Cell"
"999","MC10",31,1687,823,13.411,8.941,-10459297,"Medusa Cell","Medusa Cell"
"1000","MC10",32,1696,798,9.007,6.005,-10985122,"Medusa Cell","Medusa Cell"
"1001","MC10",33,1666,798,10.17,6.78,-11047584,"Medusa Cell","Medusa Cell"
"1002","MC10",34,1616,773,18.951,12.634,-11441564,"Medusa Cell","Medusa Cell"
"1003","MC10",35,1618,763,3.457,2.305,-12625325,"Medusa Cell","Medusa Cell"
"1004","MC10",36,1614,769,2.445,1.63,-12035743,"Medusa Cell","Medusa Cell"
"1005","MC10",37,1597,767,5.803,3.868,-11708071,"Medusa Cell","Medusa Cell"
"1006","MC10",38,1597,765,0.678,0.452,-11047845,"Medusa Cell","Medusa Cell"
"1007","MC10",39,1597,765,0,0,-11049894,"Medusa Cell","Medusa Cell"
"1008","MC10",40,1606,773,4.082,2.721,-11575208,"Medusa Cell","Medusa Cell"
"1009","MC10",41,1601,769,2.171,1.447,-12032418,"Medusa Cell","Medusa Cell"
"1010","MC10",42,1582,765,6.582,4.388,-11312790,"Medusa Cell","Medusa Cell"
"1011","MC10",43,1551,765,10.509,7.006,-13545398,"Medusa Cell","Medusa Cell"
"1012","MC10",44,1532,765,6.441,4.294,-10978719,"Medusa Cell","Medusa Cell"
"1013","MC10",45,1482,775,17.286,11.524,-11643054,"Medusa Cell","Medusa Cell"
"1014","MC10",46,1484,761,4.794,3.196,-11443632,"Medusa Cell","Medusa Cell"
"1015","MC10",47,1497,767,4.854,3.236,-9994393,"Medusa Cell","Medusa Cell"
"1016","MC10",48,1501,767,1.356,0.904,-9600146,"Medusa Cell","Medusa Cell"
"1017","MC10",49,1494,769,2.468,1.645,-11382415,"Medusa Cell","Medusa Cell"
"1018","MC10",50,1497,763,2.274,1.516,-11247783,"Medusa Cell","Medusa Cell"
"1019","MC10",51,1499,769,2.144,1.429,-12229538,"Medusa Cell","Medusa Cell"
"1020","MC10",52,1507,769,2.712,1.808,-11379361,"Medusa Cell","Medusa Cell"
"1021","MC10",53,1501,779,3.953,2.636,-12233371,"Medusa Cell","Medusa Cell"
"1022","MC10",54,1505,773,2.445,1.63,-11178392,"Medusa Cell","Medusa Cell"
"1023","MC10",55,1509,771,1.516,1.011,-11378081,"Medusa Cell","Medusa Cell"
"1024","MC10",56,1497,769,4.124,2.749,-10521501,"Medusa Cell","Medusa Cell"
"1025","MC10",57,1497,763,2.034,1.356,-10982301,"Medusa Cell","Medusa Cell"
"1026","MC10",58,1497,765,0.678,0.452,-12298413,"Medusa Cell","Medusa Cell"
"1027","MC10",59,1505,767,2.795,1.864,-12169388,"Medusa Cell","Medusa Cell"
"1028","MC10",60,1505,761,2.034,1.356,-10455960,"Medusa Cell","Medusa Cell"
"1029","MC10",61,1497,767,3.39,2.26,-11706278,"Medusa Cell","Medusa Cell"
"1030","MC10",62,1505,761,3.39,2.26,-10192524,"Medusa Cell","Medusa Cell"
"1031","MC10",63,1503,754,2.468,1.645,-12557475,"Medusa Cell","Medusa Cell"
"1032","MC10",64,1499,756,1.516,1.011,-11708049,"Medusa Cell","Medusa Cell"
"1033","MC10",65,1499,750,2.034,1.356,-10849666,"Medusa Cell","Medusa Cell"
"1034","MC10",66,1505,756,2.877,1.918,-11900834,"Medusa Cell","Medusa Cell"
"1035","MC10",67,1511,748,3.39,2.26,-11378605,"Medusa Cell","Medusa Cell"
"1036","MC10",68,1511,752,1.356,0.904,-11641764,"Medusa Cell","Medusa Cell"
"1037","MC10",69,1507,750,1.516,1.011,-11184298,"Medusa Cell","Medusa Cell"
"1038","MC10",70,1513,750,2.034,1.356,-10459550,"Medusa Cell","Medusa Cell"
"1039","MC10",71,1497,761,6.582,4.388,-10389917,"Medusa Cell","Medusa Cell"
"1040","MC10",72,1486,765,3.968,2.645,-12886941,"Medusa Cell","Medusa Cell"
"1041","MC10",73,1494,758,3.604,2.402,-10849710,"Medusa Cell","Medusa Cell"
"1042","MC10",74,1492,758,0.678,0.452,-11637929,"Medusa Cell","Medusa Cell"
"1043","MC10",75,1490,765,2.468,1.645,-12626592,"Medusa Cell","Medusa Cell"
"1044","MC10",76,1480,771,3.953,2.636,-11508125,"Medusa Cell","Medusa Cell"
"1045","MC10",77,1486,771,2.034,1.356,-11441828,"Medusa Cell","Medusa Cell"
"1046","MC10",78,1463,788,9.696,6.464,-10522782,"Medusa Cell","Medusa Cell"
"1047","MC10",79,1440,794,8.058,5.372,-12360874,"Medusa Cell","Medusa Cell"
"1048","MC10",80,1375,809,22.614,15.076,-11511196,"Medusa Cell","Medusa Cell"
"1049","MC10",81,1404,796,10.774,7.182,-9668492,"Medusa Cell","Medusa Cell"
"1050","MC10",82,1390,805,5.642,3.761,-11312798,"Medusa Cell","Medusa Cell"
"1051","MC10",83,1373,826,9.159,6.106,-12756141,"Medusa Cell","Medusa Cell"
"1052","MC10",84,1362,863,13.086,8.724,-11444385,"Medusa Cell","Medusa Cell"
"1053","MC10",85,1356,874,4.248,2.832,-12297641,"Medusa Cell","Medusa Cell"
"1054","MC10",86,1337,907,12.909,8.606,-12364724,"Medusa Cell","Medusa Cell"
"1055","MC10",87,1331,920,4.854,3.236,-11836573,"Medusa Cell","Medusa Cell"
"1056","MC10",88,1335,928,3.032,2.021,-12367260,"Medusa Cell","Medusa Cell"
"1057","MC10",89,1331,916,4.288,2.859,-13217438,"Medusa Cell","Medusa Cell"
"1058","MC10",90,1337,920,2.445,1.63,-11120029,"Medusa Cell","Medusa Cell"
"1059","MC10",91,1335,924,1.516,1.011,-12428706,"Medusa Cell","Medusa Cell"
"1060","MC10",92,1335,916,2.712,1.808,-11443606,"Medusa Cell","Medusa Cell"
"1061","MC10",93,1337,935,6.477,4.318,-9866128,"Medusa Cell","Medusa Cell"
"1062","MC10",94,1341,1012,26.138,17.425,-10589093,"Medusa Cell","Medusa Cell"
"1063","MC10",95,1373,1098,31.107,20.738,-10260878,"Medusa Cell","Medusa Cell"
"1064","MC10",96,1465,1169,39.396,26.264,-11118238,"Medusa Cell","Medusa Cell"
"1065","MC10",97,1549,1190,29.352,19.568,-11644331,"Medusa Cell","Medusa Cell"
"1066","MC10",98,1698,1230,52.299,34.866,-10524309,"Medusa Cell","Medusa Cell"
"1067","MC10",99,1788,1333,46.369,30.912,-12102055,"Medusa Cell","Medusa Cell"
"1068","MC10",100,1868,1358,28.413,18.942,-12562105,"Medusa Cell","Medusa Cell"
"1069","MC10",101,1893,1352,8.716,5.81,-10984609,"Medusa Cell","Medusa Cell"
"1070","MC10",102,1916,1331,10.558,7.039,-10916508,"Medusa Cell","Medusa Cell"
"1071","MC10",103,1962,1304,18.082,12.055,-11710115,"Medusa Cell","Medusa Cell"
"1072","MC10",104,1968,1306,2.144,1.429,-11247771,"Medusa Cell","Medusa Cell"
"1073","MC10",105,1979,1297,4.818,3.212,-11637125,"Medusa Cell","Medusa Cell"
"1074","MC10",106,1968,1297,3.729,2.486,-10984852,"Medusa Cell","Medusa Cell"
"1075","MC10",107,1958,1297,3.39,2.26,-10264971,"Medusa Cell","Medusa Cell"
"1076","MC10",108,1972,1293,4.936,3.291,-12364698,"Medusa Cell","Medusa Cell"
"1077","MC10",109,1972,1297,1.356,0.904,-11116949,"Medusa Cell","Medusa Cell"
"1078","MC10",110,1985,1287,5.56,3.707,-11447457,"Medusa Cell","Medusa Cell"
"1079","MC10",111,1975,1308,7.885,5.257,-10656145,"Medusa Cell","Medusa Cell"
"1080","MC10",112,2048,1291,25.409,16.939,-11971496,"Medusa Cell","Medusa Cell"
"1081","MC10",113,2138,1274,31.05,20.7,-11773341,"Medusa Cell","Medusa Cell"
"1082","MC10",114,2203,1255,22.957,15.305,-13025734,"Medusa Cell","Medusa Cell"
"1083","MC10",115,2287,1216,31.395,20.93,-11905965,"Medusa Cell","Medusa Cell"
"1084","MC10",116,2331,1182,18.85,12.567,-11246756,"Medusa Cell","Medusa Cell"
"1085","MC10",117,2406,1115,34.093,22.728,-11248294,"Medusa Cell","Medusa Cell"
"1086","MC10",118,2444,1069,20.227,13.484,-11640233,"Medusa Cell","Medusa Cell"
"1087","MC10",119,2522,1000,35.303,23.535,-11773086,"Medusa Cell","Medusa Cell"
"1088","MC10",120,2553,947,20.815,13.876,-15124653,"Medusa Cell","Medusa Cell"
"1089","MC11",2,1836,1174,7.826,5.218,-7365254,"Medusa Cell","Medusa Cell"
"1090","MC11",3,1834,1186,4.124,2.749,-7561863,"Medusa Cell","Medusa Cell"
"1091","MC11",4,1821,1176,5.56,3.707,-11046305,"Medusa Cell","Medusa Cell"
"1092","MC11",5,1803,1174,6.14,4.093,-10979463,"Medusa Cell","Medusa Cell"
"1093","MC11",6,1807,1184,3.651,2.434,-11308699,"Medusa Cell","Medusa Cell"
"1094","MC11",7,1819,1178,4.548,3.032,-10528939,"Medusa Cell","Medusa Cell"
"1095","MC11",8,1826,1174,2.733,1.822,-11182250,"Medusa Cell","Medusa Cell"
"1096","MC11",9,1838,1178,4.288,2.859,-9601704,"Medusa Cell","Medusa Cell"
"1097","MC11",10,1840,1184,2.144,1.429,-11179169,"Medusa Cell","Medusa Cell"
"1098","MC11",11,1840,1190,2.034,1.356,-9600413,"Medusa Cell","Medusa Cell"
"1099","MC11",12,1847,1230,13.766,9.177,-9005719,"Medusa Cell","Medusa Cell"
"1100","MC11",13,1849,1249,6.477,4.318,-12226966,"Medusa Cell","Medusa Cell"
"1101","MC11",14,1840,1253,3.339,2.226,-9930884,"Medusa Cell","Medusa Cell"
"1102","MC11",15,1836,1251,1.516,1.011,-13743530,"Medusa Cell","Medusa Cell"
"1103","MC11",16,1840,1247,1.918,1.278,-9477516,"Medusa Cell","Medusa Cell"
"1104","MC11",17,1840,1241,2.034,1.356,-10061191,"Medusa Cell","Medusa Cell"
"1105","MC11",18,1838,1245,1.516,1.011,-11640231,"Medusa Cell","Medusa Cell"
"1106","MC11",19,1832,1239,2.877,1.918,-10260110,"Medusa Cell","Medusa Cell"
"1107","MC11",20,1828,1241,1.516,1.011,-9337219,"Medusa Cell","Medusa Cell"
"1108","MC11",21,1821,1243,2.468,1.645,-10652564,"Medusa Cell","Medusa Cell"
"1109","MC11",22,1821,1245,0.678,0.452,-9929352,"Medusa Cell","Medusa Cell"
"1110","MC11",23,1834,1237,5.175,3.45,-9798799,"Medusa Cell","Medusa Cell"
"1111","MC11",24,1832,1241,1.516,1.011,-9009028,"Medusa Cell","Medusa Cell"
"1112","MC11",25,1832,1237,1.356,0.904,-8876676,"Medusa Cell","Medusa Cell"
"1113","MC11",26,1830,1226,3.79,2.527,-8809867,"Medusa Cell","Medusa Cell"
"1114","MC11",27,1830,1220,2.034,1.356,-9073530,"Medusa Cell","Medusa Cell"
"1115","MC11",28,1824,1216,2.445,1.63,-8746889,"Medusa Cell","Medusa Cell"
"1116","MC11",29,1826,1218,0.959,0.639,-9272461,"Medusa Cell","Medusa Cell"
"1117","MC11",30,1824,1216,0.959,0.639,-9205655,"Medusa Cell","Medusa Cell"
"1118","MC11",31,1824,1216,0,0,-8810119,"Medusa Cell","Medusa Cell"
"1119","MC11",32,1826,1213,1.222,0.815,-8877456,"Medusa Cell","Medusa Cell"
"1120","MC11",33,1828,1209,1.516,1.011,-10257306,"Medusa Cell","Medusa Cell"
"1121","MC11",34,1828,1203,2.034,1.356,-8812427,"Medusa Cell","Medusa Cell"
"1122","MC11",35,1830,1203,0.678,0.452,-8483967,"Medusa Cell","Medusa Cell"
"1123","MC11",36,1830,1207,1.356,0.904,-9401743,"Medusa Cell","Medusa Cell"
"1124","MC11",37,1832,1211,1.516,1.011,-9335184,"Medusa Cell","Medusa Cell"
"1125","MC11",38,1836,1216,2.171,1.447,-8154250,"Medusa Cell","Medusa Cell"
"1126","MC11",39,1838,1216,0.678,0.452,-9204368,"Medusa Cell","Medusa Cell"
"1127","MC11",40,1840,1218,0.959,0.639,-9008530,"Medusa Cell","Medusa Cell"
"1128","MC11",41,1836,1216,1.516,1.011,-8746119,"Medusa Cell","Medusa Cell"
"1129","MC11",42,1840,1220,1.918,1.278,-10387095,"Medusa Cell","Medusa Cell"
"1130","MC11",43,1836,1218,1.516,1.011,-11703974,"Medusa Cell","Medusa Cell"
"1131","MC11",44,1836,1218,0,0,-10914206,"Medusa Cell","Medusa Cell"
"1132","MC11",45,1836,1220,0.678,0.452,-11768476,"Medusa Cell","Medusa Cell"
"1133","MC11",46,1838,1220,0.678,0.452,-10978194,"Medusa Cell","Medusa Cell"
"1134","MC11",47,1836,1220,0.678,0.452,-12097441,"Medusa Cell","Medusa Cell"
"1135","MC11",48,1834,1218,0.959,0.639,-10518930,"Medusa Cell","Medusa Cell"
"1136","MC11",49,1828,1207,4.248,2.832,-10388640,"Medusa Cell","Medusa Cell"
"1137","MC11",50,1824,1209,1.516,1.011,-9926541,"Medusa Cell","Medusa Cell"
"1138","MC11",51,1821,1199,3.539,2.36,-10194056,"Medusa Cell","Medusa Cell"
"1139","MC11",52,1817,1205,2.445,1.63,-9600138,"Medusa Cell","Medusa Cell"
"1140","MC11",53,1815,1211,2.144,1.429,-9665417,"Medusa Cell","Medusa Cell"
"1141","MC11",54,1813,1209,0.959,0.639,-10853779,"Medusa Cell","Medusa Cell"
"1142","MC11",55,1813,1209,0,0,-9864311,"Medusa Cell","Medusa Cell"
"1143","MC11",56,1821,1199,4.341,2.894,-10588826,"Medusa Cell","Medusa Cell"
"1144","MC11",57,1821,1195,1.356,0.904,-10721186,"Medusa Cell","Medusa Cell"
"1145","MC11",58,1821,1195,0,0,-13161137,"Medusa Cell","Medusa Cell"
"1146","MC11",59,1821,1203,2.712,1.808,-10987171,"Medusa Cell","Medusa Cell"
"1147","MC11",60,1817,1207,1.918,1.278,-10329240,"Medusa Cell","Medusa Cell"
"1148","MC11",61,1813,1216,3.339,2.226,-9995923,"Medusa Cell","Medusa Cell"
"1149","MC11",62,1811,1216,0.678,0.452,-10785172,"Medusa Cell","Medusa Cell"
"1150","MC11",63,1807,1213,1.695,1.13,-9338508,"Medusa Cell","Medusa Cell"
"1151","MC11",64,1807,1211,0.678,0.452,-9536914,"Medusa Cell","Medusa Cell"
"1152","MC11",65,1803,1203,3.032,2.021,-9730461,"Medusa Cell","Medusa Cell"
"1153","MC11",66,1801,1199,1.516,1.011,-10652564,"Medusa Cell","Medusa Cell"
"1154","MC11",67,1805,1199,1.356,0.904,-9993355,"Medusa Cell","Medusa Cell"
"1155","MC11",68,1830,1205,8.716,5.81,-11182503,"Medusa Cell","Medusa Cell"
"1156","MC11",69,1845,1205,5.085,3.39,-11641009,"Medusa Cell","Medusa Cell"
"1157","MC11",70,1849,1201,1.918,1.278,-10523801,"Medusa Cell","Medusa Cell"
"1158","MC11",71,1847,1197,1.516,1.011,-9598344,"Medusa Cell","Medusa Cell"
"1159","MC11",72,1845,1197,0.678,0.452,-9665954,"Medusa Cell","Medusa Cell"
"1160","MC11",73,1847,1195,0.959,0.639,-9667724,"Medusa Cell","Medusa Cell"
"1161","MC11",74,1847,1195,0,0,-9731985,"Medusa Cell","Medusa Cell"
"1162","MC11",75,1847,1197,0.678,0.452,-9669529,"Medusa Cell","Medusa Cell"
"1163","MC11",76,1847,1197,0,0,-12427946,"Medusa Cell","Medusa Cell"
"1164","MC11",77,1849,1197,0.678,0.452,-9997463,"Medusa Cell","Medusa Cell"
"1165","MC11",78,1849,1197,0,0,-11509146,"Medusa Cell","Medusa Cell"
"1166","MC11",79,1847,1197,0.678,0.452,-11576209,"Medusa Cell","Medusa Cell"
"1167","MC11",80,1849,1195,0.959,0.639,-10193302,"Medusa Cell","Medusa Cell"
"1168","MC11",81,1849,1195,0,0,-9272461,"Medusa Cell","Medusa Cell"
"1169","MC11",82,1847,1195,0.678,0.452,-8877192,"Medusa Cell","Medusa Cell"
"1170","MC11",83,1845,1192,1.222,0.815,-9795197,"Medusa Cell","Medusa Cell"
"1171","MC11",84,1847,1195,1.222,0.815,-8812429,"Medusa Cell","Medusa Cell"
"1172","MC11",85,1847,1195,0,0,-9010568,"Medusa Cell","Medusa Cell"
"1173","MC11",86,1847,1195,0,0,-10060427,"Medusa Cell","Medusa Cell"
"1174","MC11",87,1847,1197,0.678,0.452,-10588311,"Medusa Cell","Medusa Cell"
"1175","MC11",88,1847,1197,0,0,-9930381,"Medusa Cell","Medusa Cell"
"1176","MC11",89,1847,1195,0.678,0.452,-9733517,"Medusa Cell","Medusa Cell"
"1177","MC11",90,1845,1195,0.678,0.452,-9534345,"Medusa Cell","Medusa Cell"
"1178","MC11",91,1845,1197,0.678,0.452,-9929631,"Medusa Cell","Medusa Cell"
"1179","MC11",92,1840,1197,1.695,1.13,-10123422,"Medusa Cell","Medusa Cell"
"1180","MC11",93,1840,1197,0,0,-10983596,"Medusa Cell","Medusa Cell"
"1181","MC11",94,1840,1197,0,0,-11114414,"Medusa Cell","Medusa Cell"
"1182","MC11",95,1840,1197,0,0,-10724760,"Medusa Cell","Medusa Cell"
"1183","MC11",96,1840,1195,0.678,0.452,-12627880,"Medusa Cell","Medusa Cell"
"1184","MC11",97,1840,1195,0,0,-11508374,"Medusa Cell","Medusa Cell"
"1185","MC11",98,1845,1192,1.977,1.318,-10457228,"Medusa Cell","Medusa Cell"
"1186","MC11",99,1845,1188,1.356,0.904,-10587284,"Medusa Cell","Medusa Cell"
"1187","MC11",100,1845,1190,0.678,0.452,-11640736,"Medusa Cell","Medusa Cell"
"1188","MC11",101,1842,1190,1.017,0.678,-10913937,"Medusa Cell","Medusa Cell"
"1189","MC11",102,1842,1192,0.678,0.452,-10125717,"Medusa Cell","Medusa Cell"
"1190","MC11",103,1842,1192,0,0,-12099218,"Medusa Cell","Medusa Cell"
"1191","MC11",104,1840,1190,0.959,0.639,-9335950,"Medusa Cell","Medusa Cell"
"1192","MC11",105,1840,1186,1.356,0.904,-9798548,"Medusa Cell","Medusa Cell"
"1193","MC11",106,1836,1186,1.356,0.904,-10980259,"Medusa Cell","Medusa Cell"
"1194","MC11",107,1840,1188,1.516,1.011,-11309728,"Medusa Cell","Medusa Cell"
"1195","MC11",108,1840,1188,0,0,-10851242,"Medusa Cell","Medusa Cell"
"1196","MC11",109,1842,1188,0.678,0.452,-10587811,"Medusa Cell","Medusa Cell"
"1197","MC11",110,1840,1188,0.678,0.452,-11903387,"Medusa Cell","Medusa Cell"
"1198","MC11",111,1840,1188,0,0,-11839130,"Medusa Cell","Medusa Cell"
"1199","MC11",112,1840,1186,0.678,0.452,-11641253,"Medusa Cell","Medusa Cell"
"1200","MC11",113,1842,1182,1.516,1.011,-11506066,"Medusa Cell","Medusa Cell"
"1201","MC11",114,1849,1180,2.468,1.645,-10456725,"Medusa Cell","Medusa Cell"
"1202","MC11",115,1845,1178,1.516,1.011,-10194066,"Medusa Cell","Medusa Cell"
"1203","MC11",116,1840,1178,1.695,1.13,-9732237,"Medusa Cell","Medusa Cell"
"1204","MC11",117,1842,1178,0.678,0.452,-9995937,"Medusa Cell","Medusa Cell"
"1205","MC11",118,1845,1178,1.017,0.678,-10126481,"Medusa Cell","Medusa Cell"
"1206","MC11",119,1842,1176,1.222,0.815,-9995398,"Medusa Cell","Medusa Cell"
"1207","MC11",120,1838,1180,1.918,1.278,-10325903,"Medusa Cell","Medusa Cell"
"1208","MC11",121,1836,1182,0.959,0.639,-10454669,"Medusa Cell","Medusa Cell"
"1209","MC11",122,1836,1186,1.356,0.904,-9730696,"Medusa Cell","Medusa Cell"
"1210","MC11",123,1834,1186,0.678,0.452,-10387593,"Medusa Cell","Medusa Cell"
"1211","MC11",124,1838,1186,1.356,0.904,-10193306,"Medusa Cell","Medusa Cell"
"1212","MC11",125,1842,1188,1.516,1.011,-11375258,"Medusa Cell","Medusa Cell"
"1213","MC11",126,1853,1190,3.79,2.527,-12037273,"Medusa Cell","Medusa Cell"
"1214","MC11",127,1855,1201,3.79,2.527,-10070665,"Medusa Cell","Medusa Cell"
"1215","MC11",128,1828,1197,9.253,6.169,-9797768,"Medusa Cell","Medusa Cell"
"1216","MC11",129,1826,1195,0.959,0.639,-9931660,"Medusa Cell","Medusa Cell"
"1217","MC11",130,1826,1195,0,0,-11374733,"Medusa Cell","Medusa Cell"
"1218","MC11",131,1821,1197,1.826,1.217,-13028772,"Medusa Cell","Medusa Cell"
"1219","MC11",132,1849,1211,10.612,7.075,-10586017,"Medusa Cell","Medusa Cell"
"1220","MC11",133,1849,1209,0.678,0.452,-9664391,"Medusa Cell","Medusa Cell"
"1221","MC11",134,1853,1216,2.733,1.822,-10917288,"Medusa Cell","Medusa Cell"
"1222","MC11",135,1859,1216,2.034,1.356,-11708059,"Medusa Cell","Medusa Cell"
"1223","MC11",136,1863,1220,1.918,1.278,-12820394,"Medusa Cell","Medusa Cell"
"1224","MC11",137,1872,1222,3.125,2.084,-11116696,"Medusa Cell","Medusa Cell"
"1225","MC11",138,1884,1218,4.288,2.859,-12103595,"Medusa Cell","Medusa Cell"
"1226","MC11",139,1893,1226,4.082,2.721,-10984613,"Medusa Cell","Medusa Cell"
"1227","MC11",140,1893,1226,0,0,-10455960,"Medusa Cell","Medusa Cell"
"1228","MC11",141,1891,1226,0.678,0.452,-10259346,"Medusa Cell","Medusa Cell"
"1229","MC11",142,1889,1228,0.959,0.639,-10059398,"Medusa Cell","Medusa Cell"
"1230","MC11",143,1884,1226,1.826,1.217,-11574688,"Medusa Cell","Medusa Cell"
"1231","MC11",144,1884,1220,2.034,1.356,-9537692,"Medusa Cell","Medusa Cell"
"1232","MC11",145,1884,1218,0.678,0.452,-10194318,"Medusa Cell","Medusa Cell"
"1233","MC11",146,1878,1222,2.445,1.63,-12562612,"Medusa Cell","Medusa Cell"
"1234","MC11",147,1878,1230,2.712,1.808,-10590354,"Medusa Cell","Medusa Cell"
"1235","MC11",148,1880,1224,2.144,1.429,-11635357,"Medusa Cell","Medusa Cell"
"1236","MC11",149,1870,1237,5.56,3.707,-11706008,"Medusa Cell","Medusa Cell"
"1237","MC11",150,1872,1237,0.678,0.452,-12496043,"Medusa Cell","Medusa Cell"
"1238","MC11",151,1872,1234,1.017,0.678,-10916752,"Medusa Cell","Medusa Cell"
"1239","MC11",152,1874,1232,0.959,0.639,-10390405,"Medusa Cell","Medusa Cell"
"1240","MC12",2,2107,1673,16.926,11.284,-11389338,"Medusa Cell","Medusa Cell"
"1241","MC12",3,2111,1658,5.263,3.508,-12770238,"Medusa Cell","Medusa Cell"
"1242","MC12",4,2117,1650,3.39,2.26,-10928024,"Medusa Cell","Medusa Cell"
"1243","MC12",5,2125,1626,8.576,5.717,-11379880,"Medusa Cell","Medusa Cell"
"1244","MC12",6,2167,1551,29.14,19.427,-9802897,"Medusa Cell","Medusa Cell"
"1245","MC12",7,2180,1513,13.615,9.077,-9869192,"Medusa Cell","Medusa Cell"
"1246","MC12",8,2201,1442,25.1,16.733,-12307619,"Medusa Cell","Medusa Cell"
"1247","MC12",9,2184,1354,30.384,20.256,-9214085,"Medusa Cell","Medusa Cell"
"1248","MC12",10,2146,1249,37.854,25.236,-12304044,"Medusa Cell","Medusa Cell"
"1249","MC12",11,2130,1132,40.032,26.688,-11646627,"Medusa Cell","Medusa Cell"
"1250","MC12",12,2069,1012,45.634,30.423,-10717078,"Medusa Cell","Medusa Cell"
"1251","MC12",13,1964,972,38.09,25.394,-9865627,"Medusa Cell","Medusa Cell"
"1252","MC12",14,1834,951,44.641,29.761,-10458265,"Medusa Cell","Medusa Cell"
"1253","MC12",15,1702,951,44.748,29.832,-10790813,"Medusa Cell","Medusa Cell"
"1254","MC12",16,1561,968,48.145,32.097,-10783131,"Medusa Cell","Medusa Cell"
"1255","MC12",17,1440,943,41.885,27.924,-10060186,"Medusa Cell","Medusa Cell"
"1256","MC12",18,1402,979,17.745,11.83,-11045523,"Medusa Cell","Medusa Cell"
"1257","MC12",19,1281,1012,42.517,28.345,-10718619,"Medusa Cell","Medusa Cell"
"1258","MC12",20,1232,1021,16.889,11.259,-11572385,"Medusa Cell","Medusa Cell"
"1259","MC12",21,1224,1004,6.369,4.246,-9401226,"Medusa Cell","Medusa Cell"
"1260","MC12",22,1232,983,7.618,5.079,-11443882,"Medusa Cell","Medusa Cell"
"1261","MC12",23,1230,979,1.516,1.011,-10986919,"Medusa Cell","Medusa Cell"
"1262","MC12",24,1153,966,26.472,17.648,-11709601,"Medusa Cell","Medusa Cell"
"1263","MC12",25,1130,964,7.826,5.218,-11575719,"Medusa Cell","Medusa Cell"
"1264","MC12",26,1161,993,14.391,9.594,-10788772,"Medusa Cell","Medusa Cell"
"1265","MC12",27,1167,1006,4.854,3.236,-11575719,"Medusa Cell","Medusa Cell"
"1266","MC12",28,1151,1002,5.591,3.727,-10456986,"Medusa Cell","Medusa Cell"
"1267","MC12",29,1151,983,6.441,4.294,-11771820,"Medusa Cell","Medusa Cell"
"1268","MC12",30,1138,966,7.255,4.837,-10256787,"Medusa Cell","Medusa Cell"
"1269","MC12",31,1111,956,9.761,6.507,-11638693,"Medusa Cell","Medusa Cell"
"1270","MC12",32,1111,951,1.695,1.13,-11114414,"Medusa Cell","Medusa Cell"
"1271","MC12",33,1125,956,5.04,3.36,-10716827,"Medusa Cell","Medusa Cell"
"1272","MC12",34,1127,970,4.794,3.196,-10258076,"Medusa Cell","Medusa Cell"
"1273","MC12",35,1125,972,0.959,0.639,-10918054,"Medusa Cell","Medusa Cell"
"1274","MC12",36,1109,972,5.424,3.616,-11769248,"Medusa Cell","Medusa Cell"
"1275","MC12",37,1107,979,2.468,1.645,-11049878,"Medusa Cell","Medusa Cell"
"1276","MC12",38,1104,974,1.977,1.318,-11641504,"Medusa Cell","Medusa Cell"
"1277","MC12",39,1119,960,6.956,4.637,-12494249,"Medusa Cell","Medusa Cell"
"1278","MC12",40,1123,945,5.263,3.508,-12427946,"Medusa Cell","Medusa Cell"
"1279","MC12",41,1130,945,2.373,1.582,-10781840,"Medusa Cell","Medusa Cell"
"1280","MC12",42,1117,949,4.611,3.074,-11439774,"Medusa Cell","Medusa Cell"
"1281","MC12",43,1104,966,7.255,4.837,-10655387,"Medusa Cell","Medusa Cell"
"1282","MC12",44,1096,958,3.835,2.557,-14006202,"Medusa Cell","Medusa Cell"
"1283","MC12",45,1119,968,8.502,5.668,-11244699,"Medusa Cell","Medusa Cell"
"1284","MC12",46,1136,960,6.369,4.246,-10721681,"Medusa Cell","Medusa Cell"
"1285","MC12",47,1142,983,8.058,5.372,-11574177,"Medusa Cell","Medusa Cell"
"1286","MC12",48,1130,1000,7.054,4.703,-10989716,"Medusa Cell","Medusa Cell"
"1287","MC12",49,1121,995,3.49,2.327,-10589075,"Medusa Cell","Medusa Cell"
"1288","MC12",50,1119,989,2.144,1.429,-12692147,"Medusa Cell","Medusa Cell"
"1289","MC12",51,1127,989,2.712,1.808,-10980508,"Medusa Cell","Medusa Cell"
"1290","MC12",52,1127,989,0,0,-13017775,"Medusa Cell","Medusa Cell"
"1291","MC12",53,1136,998,4.315,2.877,-12166829,"Medusa Cell","Medusa Cell"
"1292","MC12",54,1138,989,3.125,2.084,-13545140,"Medusa Cell","Medusa Cell"
"1293","MC12",55,1127,993,3.968,2.645,-11375260,"Medusa Cell","Medusa Cell"
"1294","MC12",56,1130,1000,2.582,1.721,-13479866,"Medusa Cell","Medusa Cell"
"1295","MC12",57,1130,1002,0.678,0.452,-9538181,"Medusa Cell","Medusa Cell"
"1296","MC12",58,1134,1008,2.445,1.63,-10722720,"Medusa Cell","Medusa Cell"
"1297","MC12",59,1138,1006,1.516,1.011,-11310730,"Medusa Cell","Medusa Cell"
"1298","MC12",60,1138,1004,0.678,0.452,-11641486,"Medusa Cell","Medusa Cell"
"1299","MC12",61,1134,1010,2.445,1.63,-11247281,"Medusa Cell","Medusa Cell"
"1300","MC12",62,1136,1000,3.457,2.305,-12693939,"Medusa Cell","Medusa Cell"
"1301","MC12",63,1127,1002,3.125,2.084,-11643032,"Medusa Cell","Medusa Cell"
"1302","MC12",64,1138,998,3.968,2.645,-10655648,"Medusa Cell","Medusa Cell"
"1303","MC12",65,1136,991,2.468,1.645,-10784655,"Medusa Cell","Medusa Cell"
"1304","MC12",66,1144,1004,5.175,3.45,-11507871,"Medusa Cell","Medusa Cell"
"1305","MC12",67,1157,1002,4.459,2.973,-11576235,"Medusa Cell","Medusa Cell"
"1306","MC12",68,1157,991,3.729,2.486,-11444131,"Medusa Cell","Medusa Cell"
"1307","MC12",69,1140,993,5.803,3.868,-12495029,"Medusa Cell","Medusa Cell"
"1308","MC12",70,1142,989,1.516,1.011,-11244963,"Medusa Cell","Medusa Cell"
"1309","MC12",71,1157,998,5.93,3.953,-12561048,"Medusa Cell","Medusa Cell"
"1310","MC12",72,1157,995,1.017,0.678,-10584723,"Medusa Cell","Medusa Cell"
"1311","MC12",73,1144,1004,5.36,3.573,-12101788,"Medusa Cell","Medusa Cell"
"1312","MC12",74,1146,1006,0.959,0.639,-10655648,"Medusa Cell","Medusa Cell"
"1313","MC12",75,1144,1006,0.678,0.452,-10264453,"Medusa Cell","Medusa Cell"
"1314","MC12",76,1140,1014,3.032,2.021,-10459797,"Medusa Cell","Medusa Cell"
"1315","MC12",77,1148,1025,4.611,3.074,-11112349,"Medusa Cell","Medusa Cell"
"1316","MC12",78,1151,1021,1.695,1.13,-12037558,"Medusa Cell","Medusa Cell"
"1317","MC12",79,1148,1018,1.438,0.959,-11444901,"Medusa Cell","Medusa Cell"
"1318","MC12",80,1146,1021,1.222,0.815,-10918305,"Medusa Cell","Medusa Cell"
"1319","MC12",81,1148,1021,0.678,0.452,-11243674,"Medusa Cell","Medusa Cell"
"1320","MC12",82,1153,1016,2.397,1.598,-11903906,"Medusa Cell","Medusa Cell"
"1321","MC12",83,1146,1014,2.468,1.645,-11704752,"Medusa Cell","Medusa Cell"
"1322","MC12",84,1146,1016,0.678,0.452,-13287376,"Medusa Cell","Medusa Cell"
"1323","MC12",85,1142,1014,1.516,1.011,-11705254,"Medusa Cell","Medusa Cell"
"1324","MC12",86,1144,1012,0.959,0.639,-12361136,"Medusa Cell","Medusa Cell"
"1325","MC12",87,1134,1000,5.295,3.53,-12562336,"Medusa Cell","Medusa Cell"
"1326","MC12",88,1127,991,3.865,2.577,-12761261,"Medusa Cell","Medusa Cell"
"1327","MC12",89,1130,995,1.695,1.13,-10391948,"Medusa Cell","Medusa Cell"
"1328","MC12",90,1130,991,1.356,0.904,-11836309,"Medusa Cell","Medusa Cell"
"1329","MC12",91,1134,991,1.356,0.904,-10982818,"Medusa Cell","Medusa Cell"
"1330","MC12",92,1140,991,2.034,1.356,-11642015,"Medusa Cell","Medusa Cell"
"1331","MC12",93,1140,1000,3.051,2.034,-11047825,"Medusa Cell","Medusa Cell"
"1332","MC12",94,1140,998,0.678,0.452,-14205637,"Medusa Cell","Medusa Cell"
"1333","MC12",95,1140,1004,2.034,1.356,-12363180,"Medusa Cell","Medusa Cell"
"1334","MC12",96,1138,1006,0.959,0.639,-12560563,"Medusa Cell","Medusa Cell"
"1335","MC12",97,1134,1004,1.516,1.011,-10851737,"Medusa Cell","Medusa Cell"
"1336","MC12",98,1138,1006,1.516,1.011,-11769749,"Medusa Cell","Medusa Cell"
"1337","MC12",99,1140,1006,0.678,0.452,-11970970,"Medusa Cell","Medusa Cell"
"1338","MC12",100,1142,1002,1.516,1.011,-11704223,"Medusa Cell","Medusa Cell"
"1339","MC12",101,1144,1002,0.678,0.452,-11772308,"Medusa Cell","Medusa Cell"
"1340","MC12",102,1142,1000,0.959,0.639,-11111056,"Medusa Cell","Medusa Cell"
"1341","MC12",103,1138,964,12.279,8.186,-12561066,"Medusa Cell","Medusa Cell"
"1342","MC12",104,1142,958,2.445,1.63,-11114907,"Medusa Cell","Medusa Cell"
"1343","MC12",105,1130,964,4.548,3.032,-10460551,"Medusa Cell","Medusa Cell"
"1344","MC12",106,1138,953,4.611,3.074,-10323350,"Medusa Cell","Medusa Cell"
"1345","MC12",107,1140,951,0.959,0.639,-12233114,"Medusa Cell","Medusa Cell"
"1346","MC12",108,1142,947,1.516,1.011,-12295333,"Medusa Cell","Medusa Cell"
"1347","MC12",109,1140,951,1.516,1.011,-11967146,"Medusa Cell","Medusa Cell"
"1348","MC12",110,1140,947,1.356,0.904,-12699554,"Medusa Cell","Medusa Cell"
"1349","MC12",111,1146,964,6.111,4.074,-10717076,"Medusa Cell","Medusa Cell"
"1350","MC12",112,1144,962,0.959,0.639,-11708059,"Medusa Cell","Medusa Cell"
"1351","MC12",113,1138,953,3.667,2.445,-12824244,"Medusa Cell","Medusa Cell"
"1352","MC12",114,1127,956,3.865,2.577,-12564659,"Medusa Cell","Medusa Cell"
"1353","MC12",115,1121,964,3.39,2.26,-12238502,"Medusa Cell","Medusa Cell"
"1354","MC12",116,1117,956,3.032,2.021,-13622449,"Medusa Cell","Medusa Cell"
"1355","MC12",117,1115,953,1.222,0.815,-11643557,"Medusa Cell","Medusa Cell"
"1356","MC12",118,1123,951,2.795,1.864,-8290679,"Medusa Cell","Medusa Cell"
"1357","MC12",119,1104,953,6.477,4.318,-10126220,"Medusa Cell","Medusa Cell"
"1358","MC12",120,1107,960,2.582,1.721,-12036246,"Medusa Cell","Medusa Cell"
"1359","MC12",121,1113,960,2.034,1.356,-10004363,"Medusa Cell","Medusa Cell"
"1360","MC12",122,1127,958,4.794,3.196,-9075573,"Medusa Cell","Medusa Cell"
"1361","MC12",123,1127,964,2.034,1.356,-9012864,"Medusa Cell","Medusa Cell"
"1362","MC12",124,1134,960,2.733,1.822,-11705767,"Medusa Cell","Medusa Cell"
"1363","MC12",125,1144,953,4.138,2.759,-12692133,"Medusa Cell","Medusa Cell"
"1364","MC12",126,1151,956,2.582,1.721,-12561836,"Medusa Cell","Medusa Cell"
"1365","MC12",127,1161,972,6.396,4.264,-10651286,"Medusa Cell","Medusa Cell"
"1366","MC12",128,1161,981,3.051,2.034,-9994634,"Medusa Cell","Medusa Cell"
"1367","MC12",129,1146,966,7.191,4.794,-10976913,"Medusa Cell","Medusa Cell"
"1368","MC12",130,1153,979,5.005,3.337,-12827308,"Medusa Cell","Medusa Cell"
"1369","MC12",131,1167,989,5.832,3.888,-12102312,"Medusa Cell","Medusa Cell"
"1370","MC12",132,1174,985,2.733,1.822,-12890793,"Medusa Cell","Medusa Cell"
"1371","MC12",133,1167,989,2.733,1.822,-12167058,"Medusa Cell","Medusa Cell"
"1372","MC12",134,1167,983,2.034,1.356,-10914705,"Medusa Cell","Medusa Cell"
"1373","MC12",135,1155,972,5.519,3.679,-10655110,"Medusa Cell","Medusa Cell"
"1374","MC12",136,1157,968,1.516,1.011,-12624295,"Medusa Cell","Medusa Cell"
"1375","MC12",137,1155,974,2.144,1.429,-10653067,"Medusa Cell","Medusa Cell"
"1376","MC12",138,1157,981,2.468,1.645,-10916498,"Medusa Cell","Medusa Cell"
"1377","MC12",139,1157,985,1.356,0.904,-9206142,"Medusa Cell","Medusa Cell"
"1378","MC12",140,1153,985,1.356,0.904,-9534594,"Medusa Cell","Medusa Cell"
"1379","MC12",141,1148,981,2.171,1.447,-10920837,"Medusa Cell","Medusa Cell"
"1380","MC12",142,1148,979,0.678,0.452,-11176600,"Medusa Cell","Medusa Cell"
"1381","MC12",143,1153,987,3.198,2.132,-11572637,"Medusa Cell","Medusa Cell"
"1382","MC12",144,1155,993,2.144,1.429,-9868163,"Medusa Cell","Medusa Cell"
"1383","MC12",145,1155,995,0.678,0.452,-11773598,"Medusa Cell","Medusa Cell"
"1384","MC12",146,1151,998,1.695,1.13,-11776409,"Medusa Cell","Medusa Cell"
"1385","MC12",147,1136,1010,6.512,4.341,-11842743,"Medusa Cell","Medusa Cell"
"1386","MC12",148,1127,1016,3.667,2.445,-11309213,"Medusa Cell","Medusa Cell"
"1387","MC12",149,1125,1029,4.459,2.973,-11245465,"Medusa Cell","Medusa Cell"
"1388","MC12",150,1127,1027,0.959,0.639,-12293523,"Medusa Cell","Medusa Cell"
"1389","MC12",151,1130,1027,1.017,0.678,-12099492,"Medusa Cell","Medusa Cell"
"1390","MC12",152,1134,1023,1.918,1.278,-10982052,"Medusa Cell","Medusa Cell"
"1391","MC13",2,2291,641,14.858,9.905,-11245214,"Medusa Cell","Medusa Cell"
"1392","MC13",3,2281,685,15.296,10.198,-11377827,"Medusa Cell","Medusa Cell"
"1393","MC13",4,2237,805,43.328,28.886,-12302765,"Medusa Cell","Medusa Cell"
"1394","MC13",5,2253,821,7.671,5.114,-11706276,"Medusa Cell","Medusa Cell"
"1395","MC13",6,2235,901,27.798,18.532,-9143660,"Medusa Cell","Medusa Cell"
"1396","MC13",7,2222,1037,46.314,30.876,-11837343,"Medusa Cell","Medusa Cell"
"1397","MC13",8,2197,1115,27.767,18.511,-10785174,"Medusa Cell","Medusa Cell"
"1398","MC13",9,2117,1079,29.739,19.826,-10720913,"Medusa Cell","Medusa Cell"
"1399","MC13",10,2088,1037,17.302,11.535,-10324361,"Medusa Cell","Medusa Cell"
"1400","MC13",11,2058,1029,10.525,7.017,-12362155,"Medusa Cell","Medusa Cell"
"1401","MC13",12,2006,1006,19.275,12.85,-12227974,"Medusa Cell","Medusa Cell"
"1402","MC13",13,1981,1000,8.716,5.81,-12625323,"Medusa Cell","Medusa Cell"
"1403","MC13",14,1945,985,13.221,8.814,-11571867,"Medusa Cell","Medusa Cell"
"1404","MC13",15,1928,972,7.255,4.837,-11306115,"Medusa Cell","Medusa Cell"
"1405","MC13",16,1937,964,4.082,2.721,-10057339,"Medusa Cell","Medusa Cell"
"1406","MC13",17,1956,945,9.109,6.073,-10656903,"Medusa Cell","Medusa Cell"
"1407","MC13",18,1956,914,10.509,7.006,-11903920,"Medusa Cell","Medusa Cell"
"1408","MC13",19,1947,922,4.082,2.721,-11570068,"Medusa Cell","Medusa Cell"
"1409","MC13",20,1939,909,5.175,3.45,-9997678,"Medusa Cell","Medusa Cell"
"1410","MC13",21,1945,903,2.877,1.918,-10454667,"Medusa Cell","Medusa Cell"
"1411","MC13",22,1937,899,3.032,2.021,-10588044,"Medusa Cell","Medusa Cell"
"1412","MC13",23,1926,901,3.79,2.527,-11707018,"Medusa Cell","Medusa Cell"
"1413","MC13",24,1945,876,10.645,7.097,-11506315,"Medusa Cell","Medusa Cell"
"1414","MC13",25,1977,888,11.586,7.724,-11047047,"Medusa Cell","Medusa Cell"
"1415","MC13",26,2004,922,14.718,9.812,-11636623,"Medusa Cell","Medusa Cell"
"1416","MC13",27,2004,920,0.678,0.452,-10917278,"Medusa Cell","Medusa Cell"
"1417","MC13",28,2004,912,2.712,1.808,-10651283,"Medusa Cell","Medusa Cell"
"1418","MC13",29,2014,882,10.72,7.147,-10387593,"Medusa Cell","Medusa Cell"
"1419","MC13",30,2054,767,41.276,27.517,-12360097,"Medusa Cell","Medusa Cell"
"1420","MC13",31,2050,670,32.911,21.941,-12626087,"Medusa Cell","Medusa Cell"
"1421","MC13",32,2000,679,17.222,11.482,-10590366,"Medusa Cell","Medusa Cell"
"1422","MC13",33,1968,683,10.932,7.288,-11373466,"Medusa Cell","Medusa Cell"
"1423","MC13",34,1983,685,5.13,3.42,-10852746,"Medusa Cell","Medusa Cell"
"1424","MC13",35,1983,693,2.712,1.808,-11377814,"Medusa Cell","Medusa Cell"
"1425","MC13",36,1989,698,2.648,1.765,-9336439,"Medusa Cell","Medusa Cell"
"1426","MC13",37,1998,696,3.125,2.084,-8941427,"Medusa Cell","Medusa Cell"
"1427","MC13",38,2014,687,6.223,4.149,-13017246,"Medusa Cell","Medusa Cell"
"1428","MC13",39,2025,683,3.968,2.645,-9865352,"Medusa Cell","Medusa Cell"
"1429","MC13",40,2019,689,2.877,1.918,-11572637,"Medusa Cell","Medusa Cell"
"1430","MC13",41,2006,685,4.611,3.074,-13285798,"Medusa Cell","Medusa Cell"
"1431","MC13",42,2000,691,2.877,1.918,-11969188,"Medusa Cell","Medusa Cell"
"1432","MC13",43,2000,704,4.407,2.938,-13092020,"Medusa Cell","Medusa Cell"
"1433","MC13",44,1991,710,3.667,2.445,-12033439,"Medusa Cell","Medusa Cell"
"1434","MC13",45,1981,712,3.457,2.305,-9469303,"Medusa Cell","Medusa Cell"
"1435","MC13",46,1970,704,4.611,3.074,-9802871,"Medusa Cell","Medusa Cell"
"1436","MC13",47,1975,708,2.171,1.447,-13227691,"Medusa Cell","Medusa Cell"
"1437","MC13",48,1960,710,5.13,3.42,-11570847,"Medusa Cell","Medusa Cell"
"1438","MC13",49,1924,700,12.666,8.444,-11311007,"Medusa Cell","Medusa Cell"
"1439","MC14",2,313,1516,43.778,29.186,-10848146,"Medusa Cell","Medusa Cell"
"1440","MC14",3,458,1516,49.155,32.77,-12562614,"Medusa Cell","Medusa Cell"
"1441","MC14",4,570,1516,37.968,25.312,-9673070,"Medusa Cell","Medusa Cell"
"1442","MC14",5,665,1468,36.082,24.055,-10782869,"Medusa Cell","Medusa Cell"
"1443","MC14",6,786,1372,52.361,34.907,-11637654,"Medusa Cell","Medusa Cell"
"1444","MC14",7,895,1280,48.354,32.236,-10783121,"Medusa Cell","Medusa Cell"
"1445","MC14",8,1018,1236,44.285,29.523,-11310745,"Medusa Cell","Medusa Cell"
"1446","MC14",9,1162,1242,48.858,32.572,-11634841,"Medusa Cell","Medusa Cell"
"1447","MC14",10,1223,1275,23.511,15.674,-10920835,"Medusa Cell","Medusa Cell"
"1448","MC14",11,1267,1305,18.053,12.035,-11437454,"Medusa Cell","Medusa Cell"
"1449","MC14",12,1384,1361,43.972,29.315,-10848639,"Medusa Cell","Medusa Cell"
"1450","MC14",13,1420,1351,12.666,8.444,-12166577,"Medusa Cell","Medusa Cell"
"1451","MC14",14,1438,1319,12.446,8.298,-11706274,"Medusa Cell","Medusa Cell"
"1452","MC14",15,1549,1240,46.186,30.791,-12231598,"Medusa Cell","Medusa Cell"
"1453","MC14",16,1610,1229,21.013,14.008,-12688548,"Medusa Cell","Medusa Cell"
"1454","MC14",17,1689,1217,27.088,18.059,-10521204,"Medusa Cell","Medusa Cell"
"1455","MC14",18,1696,1200,6.232,4.155,-11836547,"Medusa Cell","Medusa Cell"
"1456","MC14",19,1689,1202,2.468,1.645,-11442583,"Medusa Cell","Medusa Cell"
"1457","MC14",20,1673,1208,5.793,3.862,-12699294,"Medusa Cell","Medusa Cell"
"1458","MC14",21,1683,1206,3.457,2.305,-11185312,"Medusa Cell","Medusa Cell"
"1459","MC14",22,1694,1217,5.274,3.516,-10784665,"Medusa Cell","Medusa Cell"
"1460","MC14",23,1681,1192,9.552,6.368,-12238504,"Medusa Cell","Medusa Cell"
"1461","MC14",24,1696,1183,5.93,3.953,-9212786,"Medusa Cell","Medusa Cell"
"1462","MC14",25,1683,1158,9.552,6.368,-10131070,"Medusa Cell","Medusa Cell"
"1463","MC14",26,1694,1152,4.248,2.832,-11374991,"Medusa Cell","Medusa Cell"
"1464","MC14",27,1685,1135,6.521,4.347,-11373979,"Medusa Cell","Medusa Cell"
"1465","MC14",28,1689,1139,1.918,1.278,-11900062,"Medusa Cell","Medusa Cell"
"1466","MC14",29,1689,1133,2.034,1.356,-13610662,"Medusa Cell","Medusa Cell"
"1467","MC14",30,1681,1041,31.306,20.87,-10588298,"Medusa Cell","Medusa Cell"
"1468","MC14",31,1689,985,19.177,12.784,-11049363,"Medusa Cell","Medusa Cell"
"1469","MC14",32,1710,953,12.975,8.65,-9996140,"Medusa Cell","Medusa Cell"
"1470","MC14",33,1717,934,6.864,4.576,-8618599,"Medusa Cell","Medusa Cell"
"1471","MC14",34,1771,888,24.048,16.032,-9077644,"Medusa Cell","Medusa Cell"
"1472","MC14",35,1840,821,32.604,21.736,-11767197,"Medusa Cell","Medusa Cell"
"1473","MC14",36,1846,824,2.274,1.516,-11574431,"Medusa Cell","Medusa Cell"
"1474","MC14",37,1853,819,2.916,1.944,-10914705,"Medusa Cell","Medusa Cell"
"1475","MC14",38,1917,688,49.425,32.95,-10978968,"Medusa Cell","Medusa Cell"
"1476","MC14",39,1980,566,46.547,31.031,-11831446,"Medusa Cell","Medusa Cell"
"1477","MC14",40,2045,443,47.161,31.441,-10384772,"Medusa Cell","Medusa Cell"
"1478","MC14",41,2085,320,43.846,29.231,-11835029,"Medusa Cell","Medusa Cell"
"1479","MC14",42,2150,167,56.354,37.569,-12760493,"Medusa Cell","Medusa Cell"
"1480","MC14",43,2154,142,8.583,5.722,-9996184,"Medusa Cell","Medusa Cell"
"1481","MC14",44,2152,104,12.9,8.6,-10856606,"Medusa Cell","Medusa Cell"
"1482","MC14",45,2160,50,18.506,12.337,-10132865,"Medusa Cell","Medusa Cell"
"1483","MC14",46,2160,20,10.17,6.78,-11113353,"Medusa Cell","Medusa Cell"
"1484","MC15",2,511,1609,16.034,10.689,-11246228,"Medusa Cell","Medusa Cell"
"1485","MC15",3,482,1580,13.903,9.269,-10784922,"Medusa Cell","Medusa Cell"
"1486","MC15",4,465,1589,6.521,4.347,-11647395,"Medusa Cell","Medusa Cell"
"1487","MC15",5,444,1574,8.749,5.832,-10654114,"Medusa Cell","Medusa Cell"
"1488","MC15",6,423,1568,7.404,4.936,-11777961,"Medusa Cell","Medusa Cell"
"1489","MC15",7,411,1549,7.618,5.079,-12572582,"Medusa Cell","Medusa Cell"
"1490","MC15",8,384,1538,9.883,6.589,-11523736,"Medusa Cell","Medusa Cell"
"1491","MC15",9,361,1520,9.901,6.601,-10458006,"Medusa Cell","Medusa Cell"
"1492","MC15",10,338,1507,8.956,5.971,-10461329,"Medusa Cell","Medusa Cell"
"1493","MC15",11,317,1495,8.199,5.466,-11186869,"Medusa Cell","Medusa Cell"
"1494","MC15",12,306,1488,4.42,2.947,-10651559,"Medusa Cell","Medusa Cell"
"1495","MC15",13,290,1470,8.164,5.443,-10063511,"Medusa Cell","Medusa Cell"
"1496","MC15",14,269,1455,8.749,5.832,-10720148,"Medusa Cell","Medusa Cell"
"1497","MC15",15,248,1432,10.558,7.039,-11249064,"Medusa Cell","Medusa Cell"
"1498","MC15",16,217,1415,11.985,7.99,-11574705,"Medusa Cell","Medusa Cell"
"1499","MC15",17,198,1403,7.618,5.079,-11513247,"Medusa Cell","Medusa Cell"
"1500","MC15",18,162,1388,13.221,8.814,-11840932,"Medusa Cell","Medusa Cell"
"1501","MC15",19,146,1386,5.466,3.644,-12166065,"Medusa Cell","Medusa Cell"
"1502","MC15",20,158,1380,4.548,3.032,-11116439,"Medusa Cell","Medusa Cell"
"1503","MC15",21,137,1388,7.618,5.079,-10655638,"Medusa Cell","Medusa Cell"
"1504","MC15",22,116,1403,8.749,5.832,-10259095,"Medusa Cell","Medusa Cell"
"1505","MC15",23,81,1407,11.942,7.961,-11508386,"Medusa Cell","Medusa Cell"
"1506","MC15",24,56,1401,8.716,5.81,-11250578,"Medusa Cell","Medusa Cell"
"1507","MC15",25,41,1401,5.085,3.39,-10988697,"Medusa Cell","Medusa Cell"
"1508","MC15",26,27,1407,5.163,3.442,-12699831,"Medusa Cell","Medusa Cell"
"1509","MC16",2,647,1339,3.125,2.084,-11112084,"Medusa Cell","Medusa Cell"
"1510","MC16",3,658,1345,4.248,2.832,-11442082,"Medusa Cell","Medusa Cell"
"1511","MC16",4,654,1345,1.356,0.904,-11837844,"Medusa Cell","Medusa Cell"
"1512","MC16",5,643,1343,3.79,2.527,-11898793,"Medusa Cell","Medusa Cell"
"1513","MC16",6,647,1345,1.516,1.011,-10721952,"Medusa Cell","Medusa Cell"
"1514","MC16",7,647,1358,4.407,2.938,-11779994,"Medusa Cell","Medusa Cell"
"1515","MC16",8,654,1362,2.733,1.822,-10922401,"Medusa Cell","Medusa Cell"
"1516","MC16",9,658,1364,1.516,1.011,-12368558,"Medusa Cell","Medusa Cell"
"1517","MC16",10,639,1364,6.441,4.294,-10587525,"Medusa Cell","Medusa Cell"
"1518","MC16",11,639,1356,2.712,1.808,-9936252,"Medusa Cell","Medusa Cell"
"1519","MC16",12,637,1356,0.678,0.452,-12106403,"Medusa Cell","Medusa Cell"
"1520","MC16",13,635,1356,0.678,0.452,-10262153,"Medusa Cell","Medusa Cell"
"1521","MC16",14,639,1353,1.695,1.13,-11775643,"Medusa Cell","Medusa Cell"
"1522","MC16",15,635,1358,2.171,1.447,-10526871,"Medusa Cell","Medusa Cell"
"1523","MC16",16,635,1356,0.678,0.452,-10464910,"Medusa Cell","Medusa Cell"
"1524","MC16",17,637,1351,1.826,1.217,-11113099,"Medusa Cell","Medusa Cell"
"1525","MC16",18,635,1351,0.678,0.452,-9873302,"Medusa Cell","Medusa Cell"
"1526","MC16",19,629,1347,2.445,1.63,-9739146,"Medusa Cell","Medusa Cell"
"1527","MC16",20,622,1343,2.733,1.822,-10980486,"Medusa Cell","Medusa Cell"
"1528","MC16",21,616,1345,2.144,1.429,-9862280,"Medusa Cell","Medusa Cell"
"1529","MC16",22,616,1347,0.678,0.452,-9535874,"Medusa Cell","Medusa Cell"
"1530","MC16",23,610,1337,3.953,2.636,-11448475,"Medusa Cell","Medusa Cell"
"1531","MC16",24,604,1333,2.445,1.63,-10456211,"Medusa Cell","Medusa Cell"
"1532","MC16",25,610,1337,2.445,1.63,-11180434,"Medusa Cell","Medusa Cell"
"1533","MC16",26,606,1331,2.445,1.63,-9209730,"Medusa Cell","Medusa Cell"
"1534","MC16",27,599,1322,3.865,2.577,-10987924,"Medusa Cell","Medusa Cell"
"1535","MC16",28,589,1322,3.39,2.26,-9866132,"Medusa Cell","Medusa Cell"
"1536","MC16",29,572,1318,5.92,3.947,-12296621,"Medusa Cell","Medusa Cell"
"1537","MC16",30,572,1312,2.034,1.356,-11576740,"Medusa Cell","Medusa Cell"
"1538","MC16",31,562,1312,3.39,2.26,-9996939,"Medusa Cell","Medusa Cell"
"1539","MC16",32,549,1303,5.36,3.573,-12230569,"Medusa Cell","Medusa Cell"
"1540","MC16",33,554,1312,3.49,2.327,-11114139,"Medusa Cell","Medusa Cell"
"1541","MC16",34,547,1310,2.468,1.645,-11703194,"Medusa Cell","Medusa Cell"
"1542","MC16",35,541,1303,3.125,2.084,-12570036,"Medusa Cell","Medusa Cell"
"1543","MC16",36,535,1301,2.144,1.429,-10519448,"Medusa Cell","Medusa Cell"
"1544","MC16",37,524,1283,7.151,4.767,-11520146,"Medusa Cell","Medusa Cell"
"1545","MC16",38,493,1206,28.139,18.759,-11577239,"Medusa Cell","Medusa Cell"
"1546","MC16",39,485,1181,8.898,5.932,-11184021,"Medusa Cell","Medusa Cell"
"1547","MC16",40,449,1097,30.981,20.654,-11779493,"Medusa Cell","Medusa Cell"
"1548","MC16",41,397,1045,24.93,16.62,-11641764,"Medusa Cell","Medusa Cell"
"1549","MC16",42,362,1047,11.884,7.923,-11568535,"Medusa Cell","Medusa Cell"
"1550","MC16",43,324,1047,12.882,8.588,-14399679,"Medusa Cell","Medusa Cell"
"1551","MC16",44,279,1066,16.559,11.039,-11838127,"Medusa Cell","Medusa Cell"
"1552","MC16",45,206,1124,31.607,21.071,-11770529,"Medusa Cell","Medusa Cell"
"1553","MC16",46,202,1116,3.032,2.021,-13021851,"Medusa Cell","Medusa Cell"
"1554","MC16",47,191,1131,6.306,4.204,-10848926,"Medusa Cell","Medusa Cell"
"1555","MC16",48,166,1139,8.898,5.932,-11311007,"Medusa Cell","Medusa Cell"
"1556","MC16",49,164,1139,0.678,0.452,-11115936,"Medusa Cell","Medusa Cell"
"1557","MC16",50,172,1133,3.39,2.26,-10722971,"Medusa Cell","Medusa Cell"
"1558","MC16",51,189,1124,6.521,4.347,-11641777,"Medusa Cell","Medusa Cell"
"1559","MC16",52,195,1108,5.793,3.862,-10919060,"Medusa Cell","Medusa Cell"
"1560","MC16",53,199,1103,2.171,1.447,-11054239,"Medusa Cell","Medusa Cell"
"1561","MC16",54,199,1093,3.39,2.26,-10986154,"Medusa Cell","Medusa Cell"
"1562","MC16",55,199,1093,0,0,-10658206,"Medusa Cell","Medusa Cell"
"1563","MC16",56,199,1085,2.712,1.808,-10001826,"Medusa Cell","Medusa Cell"
"1564","MC16",57,197,1076,3.125,2.084,-10981277,"Medusa Cell","Medusa Cell"
"1565","MC16",58,191,1072,2.445,1.63,-10848916,"Medusa Cell","Medusa Cell"
"1566","MC16",59,187,1074,1.516,1.011,-12360874,"Medusa Cell","Medusa Cell"
"1567","MC16",60,185,1074,0.678,0.452,-12167856,"Medusa Cell","Medusa Cell"
"1568","MC16",61,185,1074,0,0,-13156794,"Medusa Cell","Medusa Cell"
"1569","MC16",62,197,1072,4.124,2.749,-11445673,"Medusa Cell","Medusa Cell"
"1570","MC16",63,187,1062,4.794,3.196,-11049893,"Medusa Cell","Medusa Cell"
"1571","MC16",64,183,1056,2.445,1.63,-9404299,"Medusa Cell","Medusa Cell"
"1572","MC16",65,202,1058,6.477,4.318,-11044237,"Medusa Cell","Medusa Cell"
"1573","MC16",66,191,1060,3.79,2.527,-9668240,"Medusa Cell","Medusa Cell"
"1574","MC16",67,183,1072,4.889,3.259,-8811384,"Medusa Cell","Medusa Cell"
"1575","MC16",68,195,1051,8.199,5.466,-10328223,"Medusa Cell","Medusa Cell"
"1576","MC16",69,208,1049,4.459,2.973,-11383452,"Medusa Cell","Medusa Cell"
"1577","MC16",70,208,1051,0.678,0.452,-9997704,"Medusa Cell","Medusa Cell"
"1578","MC16",71,210,1041,3.457,2.305,-9608608,"Medusa Cell","Medusa Cell"
"1579","MC16",72,195,1037,5.263,3.508,-9929615,"Medusa Cell","Medusa Cell"
"1580","MC16",73,216,1037,7.119,4.746,-12764870,"Medusa Cell","Medusa Cell"
"1581","MC16",74,214,1039,0.959,0.639,-11907503,"Medusa Cell","Medusa Cell"
"1582","MC16",75,195,1045,6.755,4.503,-11045012,"Medusa Cell","Medusa Cell"
"1583","MC16",76,199,1041,1.918,1.278,-11639720,"Medusa Cell","Medusa Cell"
"1584","MC16",77,199,1051,3.39,2.26,-13285048,"Medusa Cell","Medusa Cell"
"1585","MC16",78,204,1049,1.826,1.217,-11047574,"Medusa Cell","Medusa Cell"
"1586","MC16",79,195,1056,3.865,2.577,-12168374,"Medusa Cell","Medusa Cell"
"1587","MC16",80,202,1064,3.604,2.402,-10854817,"Medusa Cell","Medusa Cell"
"1588","MC16",81,197,1068,2.171,1.447,-10060948,"Medusa Cell","Medusa Cell"
"1589","MC16",82,195,1074,2.144,1.429,-12629662,"Medusa Cell","Medusa Cell"
"1590","MC16",83,210,1081,5.611,3.741,-11374238,"Medusa Cell","Medusa Cell"
"1591","MC16",84,208,1085,1.516,1.011,-12628409,"Medusa Cell","Medusa Cell"
"1592","MC16",85,212,1081,1.918,1.278,-12695992,"Medusa Cell","Medusa Cell"
"1593","MC16",86,212,1085,1.356,0.904,-11513515,"Medusa Cell","Medusa Cell"
"1594","MC16",87,214,1074,3.79,2.527,-12498880,"Medusa Cell","Medusa Cell"
"1595","MC16",88,227,1076,4.459,2.973,-11181731,"Medusa Cell","Medusa Cell"
"1596","MC16",89,224,1076,1.017,0.678,-11249326,"Medusa Cell","Medusa Cell"
"1597","MC16",90,212,1070,4.548,3.032,-12756913,"Medusa Cell","Medusa Cell"
"1598","MC16",91,214,1070,0.678,0.452,-13217975,"Medusa Cell","Medusa Cell"
"1599","MC16",92,204,1078,4.341,2.894,-11052966,"Medusa Cell","Medusa Cell"
"1600","MC16",93,202,1070,2.795,1.864,-12563895,"Medusa Cell","Medusa Cell"
"1601","MC16",94,197,1060,3.79,2.527,-10261391,"Medusa Cell","Medusa Cell"
"1602","MC16",95,193,1062,1.516,1.011,-11781812,"Medusa Cell","Medusa Cell"
"1603","MC16",96,187,1060,2.144,1.429,-10327974,"Medusa Cell","Medusa Cell"
"1604","MC16",97,193,1062,2.144,1.429,-10065025,"Medusa Cell","Medusa Cell"
"1605","MC16",98,197,1051,3.968,2.645,-11639744,"Medusa Cell","Medusa Cell"
"1606","MC16",99,202,1035,5.683,3.788,-11179924,"Medusa Cell","Medusa Cell"
"1607","MC16",100,208,1024,4.248,2.832,-9279106,"Medusa Cell","Medusa Cell"
"1608","MC16",101,199,1022,3.125,2.084,-14135743,"Medusa Cell","Medusa Cell"
"1609","MC16",102,181,1018,6.251,4.167,-11110548,"Medusa Cell","Medusa Cell"
"1610","MC16",103,156,1028,9.128,6.085,-10002065,"Medusa Cell","Medusa Cell"
"1611","MC16",104,145,1028,3.729,2.486,-10786446,"Medusa Cell","Medusa Cell"
"1612","MC16",105,139,1035,3.125,2.084,-11836322,"Medusa Cell","Medusa Cell"
"1613","MC16",106,147,1031,3.032,2.021,-10983081,"Medusa Cell","Medusa Cell"
"1614","MC16",107,156,1024,3.865,2.577,-10128791,"Medusa Cell","Medusa Cell"
"1615","MC16",108,139,1024,5.763,3.842,-10980250,"Medusa Cell","Medusa Cell"
"1616","MC16",109,131,1028,3.032,2.021,-9271676,"Medusa Cell","Medusa Cell"
"1617","MC16",110,149,1026,6.14,4.093,-11046819,"Medusa Cell","Medusa Cell"
"1618","MC16",111,147,1028,0.959,0.639,-10593187,"Medusa Cell","Medusa Cell"
"1619","MC16",112,147,1008,6.78,4.52,-10454669,"Medusa Cell","Medusa Cell"
"1620","MC16",113,162,1012,5.263,3.508,-11843505,"Medusa Cell","Medusa Cell"
"1621","MC16",114,160,995,5.803,3.868,-10985878,"Medusa Cell","Medusa Cell"
"1622","MC16",115,154,993,2.144,1.429,-9993884,"Medusa Cell","Medusa Cell"
"1623","MC16",116,162,991,2.795,1.864,-9668749,"Medusa Cell","Medusa Cell"
"1624","MC16",117,164,979,4.124,2.749,-10789014,"Medusa Cell","Medusa Cell"
"1625","MC16",118,160,972,2.733,1.822,-11116173,"Medusa Cell","Medusa Cell"
"1626","MC16",119,143,979,6.232,4.155,-10785951,"Medusa Cell","Medusa Cell"
"1627","MC16",120,139,972,2.733,1.822,-9466258,"Medusa Cell","Medusa Cell"
"1628","MC16",121,137,964,2.795,1.864,-9405579,"Medusa Cell","Medusa Cell"
"1629","MC16",122,162,976,9.401,6.267,-10066867,"Medusa Cell","Medusa Cell"
"1630","MC16",123,164,976,0.678,0.452,-9206658,"Medusa Cell","Medusa Cell"
"1631","MC16",124,174,981,3.79,2.527,-13020320,"Medusa Cell","Medusa Cell"
"1632","MC16",125,185,983,3.79,2.527,-9928839,"Medusa Cell","Medusa Cell"
"1633","MC16",126,179,999,5.793,3.862,-11906992,"Medusa Cell","Medusa Cell"
"1634","MC16",127,187,1006,3.604,2.402,-10847384,"Medusa Cell","Medusa Cell"
"1635","MC16",128,185,1018,4.124,2.749,-10654869,"Medusa Cell","Medusa Cell"
"1636","MC16",129,189,1014,1.918,1.278,-10653590,"Medusa Cell","Medusa Cell"
"1637","MC16",130,193,1014,1.356,0.904,-12230565,"Medusa Cell","Medusa Cell"
"1638","MC16",131,181,1018,4.288,2.859,-11972510,"Medusa Cell","Medusa Cell"
"1639","MC16",132,204,1014,7.914,5.276,-10200986,"Medusa Cell","Medusa Cell"
"1640","MC16",133,199,1016,1.826,1.217,-10524052,"Medusa Cell","Medusa Cell"
"1641","MC16",134,202,1020,1.695,1.13,-11384486,"Medusa Cell","Medusa Cell"
"1642","MC16",135,202,1018,0.678,0.452,-11243404,"Medusa Cell","Medusa Cell"
"1643","MC16",136,210,1028,4.341,2.894,-12432045,"Medusa Cell","Medusa Cell"
"1644","MC16",137,272,1024,21.062,14.041,-12033966,"Medusa Cell","Medusa Cell"
"1645","MC16",138,272,1031,2.373,1.582,-10592913,"Medusa Cell","Medusa Cell"
"1646","MC16",139,277,1024,2.916,1.944,-10585493,"Medusa Cell","Medusa Cell"
"1647","MC16",140,274,1028,1.695,1.13,-12102579,"Medusa Cell","Medusa Cell"
"1648","MC16",141,281,1028,2.373,1.582,-10981541,"Medusa Cell","Medusa Cell"
"1649","MC16",142,272,1047,7.127,4.751,-10256009,"Medusa Cell","Medusa Cell"
"1650","MC16",143,277,1045,1.826,1.217,-10784171,"Medusa Cell","Medusa Cell"
"1651","MC16",144,283,1028,6.111,4.074,-11571867,"Medusa Cell","Medusa Cell"
"1652","MC16",145,277,1037,3.667,2.445,-11770793,"Medusa Cell","Medusa Cell"
"1653","MC16",146,285,1035,2.795,1.864,-11575717,"Medusa Cell","Medusa Cell"
"1654","MC16",147,281,1045,3.651,2.434,-11048888,"Medusa Cell","Medusa Cell"
"1655","MC16",148,264,1058,7.255,4.837,-10980248,"Medusa Cell","Medusa Cell"
"1656","MC16",149,264,1051,2.373,1.582,-13217949,"Medusa Cell","Medusa Cell"
"1657","MC16",150,270,1033,6.432,4.288,-10322320,"Medusa Cell","Medusa Cell"
"1658","MC16",151,268,1031,0.959,0.639,-10256011,"Medusa Cell","Medusa Cell"
"1659","MC16",152,270,1031,0.678,0.452,-11839417,"Medusa Cell","Medusa Cell"
"1660","MC16",153,279,1020,4.818,3.212,-11972007,"Medusa Cell","Medusa Cell"
"1661","MC16",154,274,1018,1.826,1.217,-11772837,"Medusa Cell","Medusa Cell"
"1662","MC16",155,285,1016,3.79,2.527,-11243921,"Medusa Cell","Medusa Cell"
"1663","MC16",156,285,1010,2.034,1.356,-10586017,"Medusa Cell","Medusa Cell"
"1664","MC16",157,287,1001,3.125,2.084,-11901103,"Medusa Cell","Medusa Cell"
"1665","MC16",158,279,997,3.032,2.021,-12232099,"Medusa Cell","Medusa Cell"
"1666","MC16",159,283,989,3.032,2.021,-11967146,"Medusa Cell","Medusa Cell"
"1667","MC16",160,270,993,4.611,3.074,-11967120,"Medusa Cell","Medusa Cell"
"1668","MC16",161,262,951,14.494,9.663,-11313048,"Medusa Cell","Medusa Cell"
"1669","MC16",162,254,933,6.678,4.452,-13475230,"Medusa Cell","Medusa Cell"
"1670","MC16",163,247,949,5.92,3.947,-9664642,"Medusa Cell","Medusa Cell"
"1671","MC16",164,254,939,4.138,2.759,-10191761,"Medusa Cell","Medusa Cell"
"1672","MC16",165,254,947,2.712,1.808,-9338757,"Medusa Cell","Medusa Cell"
"1673","MC16",166,258,958,3.968,2.645,-10060942,"Medusa Cell","Medusa Cell"
"1674","MC16",167,260,962,1.516,1.011,-9207941,"Medusa Cell","Medusa Cell"
"1675","MC16",168,266,970,3.39,2.26,-11112599,"Medusa Cell","Medusa Cell"
"1676","MC16",169,270,951,6.582,4.388,-10321802,"Medusa Cell","Medusa Cell"
"1677","MC16",170,256,935,7.207,4.805,-11110544,"Medusa Cell","Medusa Cell"
"1678","MC16",171,247,933,3.125,2.084,-11504538,"Medusa Cell","Medusa Cell"
"1679","MC16",172,245,933,0.678,0.452,-10386574,"Medusa Cell","Medusa Cell"
"1680","MC16",173,239,939,2.877,1.918,-10652815,"Medusa Cell","Medusa Cell"
"1681","MC16",174,239,941,0.678,0.452,-10252668,"Medusa Cell","Medusa Cell"
"1682","MC16",175,243,943,1.516,1.011,-9733513,"Medusa Cell","Medusa Cell"
"1683","MC16",176,241,945,0.959,0.639,-9732237,"Medusa Cell","Medusa Cell"
"1684","MC16",177,237,951,2.445,1.63,-10330013,"Medusa Cell","Medusa Cell"
"1685","MC16",178,239,941,3.457,2.305,-11647654,"Medusa Cell","Medusa Cell"
"1686","MC16",179,245,945,2.445,1.63,-10916249,"Medusa Cell","Medusa Cell"
"1687","MC16",180,243,939,2.144,1.429,-10130331,"Medusa Cell","Medusa Cell"
"1688","MC16",181,237,951,4.548,3.032,-11314339,"Medusa Cell","Medusa Cell"
"1689","MC16",182,239,939,4.124,2.749,-12360346,"Medusa Cell","Medusa Cell"
"1690","MC17",2,1660,1124,7.618,5.079,-11902138,"Medusa Cell","Medusa Cell"
"1691","MC17",3,1595,1211,36.815,24.544,-10655136,"Medusa Cell","Medusa Cell"
"1692","MC17",4,1570,1354,49.212,32.808,-11841727,"Medusa Cell","Medusa Cell"
"1693","MC17",5,1514,1460,40.64,27.094,-10983079,"Medusa Cell","Medusa Cell"
"1694","MC17",6,1452,1556,38.741,25.827,-12297904,"Medusa Cell","Medusa Cell"
"1695","MC17",7,1456,1608,17.68,11.787,-12302263,"Medusa Cell","Medusa Cell"
"1696","MC17",8,1444,1678,24.076,16.051,-12172466,"Medusa Cell","Medusa Cell"
"1697","MC17",9,1469,1685,8.801,5.867,-12498602,"Medusa Cell","Medusa Cell"
"1698","MC17",10,1498,1703,11.571,7.714,-12631230,"Medusa Cell","Medusa Cell"
"1699","MC17",11,1577,1789,39.588,26.392,-12566723,"Medusa Cell","Medusa Cell"
"1700","MC17",12,1691,1847,43.36,28.907,-11450267,"Medusa Cell","Medusa Cell"
"1701","MC17",13,1795,1915,42.123,28.082,-11379872,"Medusa Cell","Medusa Cell"
"1702","MC18",2,730,925,7.079,4.719,-9338496,"Medusa Cell","Medusa Cell"
"1703","MC18",3,713,921,5.92,3.947,-11047845,"Medusa Cell","Medusa Cell"
"1704","MC18",4,624,935,30.542,20.361,-10853788,"Medusa Cell","Medusa Cell"
"1705","MC18",5,560,943,21.865,14.577,-12435119,"Medusa Cell","Medusa Cell"
"1706","MC18",6,472,972,31.41,20.94,-11503002,"Medusa Cell","Medusa Cell"
"1707","MC18",7,416,1012,23.33,15.553,-10063771,"Medusa Cell","Medusa Cell"
"1708","MC18",8,375,1078,26.34,17.56,-11908007,"Medusa Cell","Medusa Cell"
"1709","MC18",9,358,1091,7.255,4.837,-10132632,"Medusa Cell","Medusa Cell"
"1710","MC18",10,327,1105,11.531,7.687,-12696494,"Medusa Cell","Medusa Cell"
"1711","MC18",11,244,1138,30.279,20.186,-10522004,"Medusa Cell","Medusa Cell"
"1712","MC18",12,244,1134,1.356,0.904,-12295073,"Medusa Cell","Medusa Cell"
"1713","MC18",13,197,1126,16.162,10.775,-11046552,"Medusa Cell","Medusa Cell"
"1714","MC18",14,151,1118,15.828,10.552,-11840161,"Medusa Cell","Medusa Cell"
"1715","MC18",15,124,1141,12.024,8.016,-11711398,"Medusa Cell","Medusa Cell"
"1716","MC18",16,47,1186,30.234,20.156,-8555123,"Medusa Cell","Medusa Cell"
"1717","MC18",17,8,1197,13.737,9.158,-11777959,"Medusa Cell","Medusa Cell"
"1718","MC19",2,492,252,46.959,31.306,-10718359,"Medusa Cell","Medusa Cell"
"1719","MC19",3,501,399,49.926,33.284,-9273215,"Medusa Cell","Medusa Cell"
"1720","MC19",4,476,563,56.238,37.492,-9543046,"Medusa Cell","Medusa Cell"
"1721","MC19",5,453,731,57.483,38.322,-9276285,"Medusa Cell","Medusa Cell"
"1722","MC19",6,430,816,29.851,19.901,-8160895,"Medusa Cell","Medusa Cell"
"1723","MC19",7,441,813,3.865,2.577,-7894910,"Medusa Cell","Medusa Cell"
"1724","MC19",8,412,867,20.779,13.853,-8027525,"Medusa Cell","Medusa Cell"
"1725","MC19",9,447,898,15.85,10.567,-8485758,"Medusa Cell","Medusa Cell"
"1726","MC19",10,447,929,10.509,7.006,-8224367,"Medusa Cell","Medusa Cell"
"1727","MC19",11,455,921,3.835,2.557,-9012361,"Medusa Cell","Medusa Cell"
"1728","MC19",12,457,909,4.124,2.749,-9933705,"Medusa Cell","Medusa Cell"
"1729","MC19",13,457,907,0.678,0.452,-10267024,"Medusa Cell","Medusa Cell"
"1730","MC19",14,484,934,12.944,8.63,-11313578,"Medusa Cell","Medusa Cell"
"1731","MC19",15,509,987,19.866,13.244,-10661260,"Medusa Cell","Medusa Cell"
"1732","MC19",16,492,1012,10.249,6.833,-10914717,"Medusa Cell","Medusa Cell"
"1733","MC19",17,490,1010,0.959,0.639,-12301500,"Medusa Cell","Medusa Cell"
"1734","MC19",18,492,1010,0.678,0.452,-10195355,"Medusa Cell","Medusa Cell"
"1735","MC19",19,389,1066,39.744,26.496,-9273732,"Medusa Cell","Medusa Cell"
"1736","MC19",20,308,1147,38.833,25.889,-9865352,"Medusa Cell","Medusa Cell"
"1737","MC19",21,283,1170,11.516,7.677,-9077127,"Medusa Cell","Medusa Cell"
"1738","MC19",22,254,1209,16.476,10.984,-9208978,"Medusa Cell","Medusa Cell"
"1739","MC19",23,256,1228,6.477,4.318,-8947857,"Medusa Cell","Medusa Cell"
"1740","MC19",24,242,1294,22.872,15.248,-11970477,"Medusa Cell","Medusa Cell"
"1741","MC19",25,213,1449,53.457,35.638,-10065299,"Medusa Cell","Medusa Cell"
"1742","MC19",26,213,1586,46.443,30.962,-11046067,"Medusa Cell","Medusa Cell"
"1743","MC19",27,227,1712,42.977,28.651,-9998746,"Medusa Cell","Medusa Cell"
"1744","MC19",28,246,1830,40.517,27.011,-9341843,"Medusa Cell","Medusa Cell"
"1745","MC19",29,265,1874,16.247,10.832,-11640750,"Medusa Cell","Medusa Cell"
"1746","MC19",30,263,1895,7.151,4.767,-10984860,"Medusa Cell","Medusa Cell"
"1747","MC19",31,267,1903,3.032,2.021,-10327182,"Medusa Cell","Medusa Cell"
"1748","MC19",32,258,1917,5.642,3.761,-10656662,"Medusa Cell","Medusa Cell"
"1749","MC20",2,897,798,3.339,2.226,-8949387,"Medusa Cell","Medusa Cell"
"1750","MC20",3,893,800,1.516,1.011,-8619670,"Medusa Cell","Medusa Cell"
"1751","MC20",4,893,804,1.356,0.904,-10000024,"Medusa Cell","Medusa Cell"
"1752","MC20",5,889,794,3.651,2.434,-10132374,"Medusa Cell","Medusa Cell"
"1753","MC20",6,899,796,3.457,2.305,-9801366,"Medusa Cell","Medusa Cell"
"1754","MC20",7,895,791,2.171,1.447,-10264212,"Medusa Cell","Medusa Cell"
"1755","MC20",8,903,758,11.511,7.674,-9402499,"Medusa Cell","Medusa Cell"
"1756","MC20",9,911,669,30.293,20.195,-10522255,"Medusa Cell","Medusa Cell"
"1757","MC20",10,949,595,28.2,18.8,-9014396,"Medusa Cell","Medusa Cell"
"1758","MC20",11,953,593,1.516,1.011,-11772563,"Medusa Cell","Medusa Cell"
"1759","MC20",12,988,535,22.965,15.31,-11311256,"Medusa Cell","Medusa Cell"
"1760","MC20",13,990,537,0.959,0.639,-9931911,"Medusa Cell","Medusa Cell"
"1761","MC20",14,1011,512,11.068,7.379,-11114141,"Medusa Cell","Medusa Cell"
"1762","MC20",15,1069,419,37.156,24.77,-10326168,"Medusa Cell","Medusa Cell"
"1763","MC20",16,1093,368,19.108,12.738,-10388874,"Medusa Cell","Medusa Cell"
"1764","MC20",17,1133,337,17.156,11.437,-11510177,"Medusa Cell","Medusa Cell"
"1765","MC20",18,1157,291,17.589,11.726,-11704985,"Medusa Cell","Medusa Cell"
"1766","MC20",19,1191,239,21.062,14.041,-11771810,"Medusa Cell","Medusa Cell"
"1767","MC20",20,1220,206,14.893,9.929,-9604241,"Medusa Cell","Medusa Cell"
"1768","MC20",21,1228,171,12.171,8.114,-9403790,"Medusa Cell","Medusa Cell"
"1769","MC20",22,1271,128,20.615,13.743,-10588824,"Medusa Cell","Medusa Cell"
"1770","MC20",23,1300,93,15.409,10.272,-10585995,"Medusa Cell","Medusa Cell"
"1771","MC20",24,1321,59,13.547,9.032,-12959658,"Medusa Cell","Medusa Cell"
"1772","MC20",25,1337,26,12.433,8.288,-12229799,"Medusa Cell","Medusa Cell"
"1773","MC21",2,962,1678,6.582,4.388,-10005650,"Medusa Cell","Medusa Cell"
"1774","MC21",3,962,1670,2.712,1.808,-10860701,"Medusa Cell","Medusa Cell"
"1775","MC21",4,910,1587,33.203,22.135,-10664098,"Medusa Cell","Medusa Cell"
"1776","MC21",5,891,1461,43.197,28.798,-9345417,"Medusa Cell","Medusa Cell"
"1777","MC21",6,926,1348,40.102,26.735,-9935245,"Medusa Cell","Medusa Cell"
"1778","MC21",7,955,1197,52.124,34.75,-9077127,"Medusa Cell","Medusa Cell"
"1779","MC21",8,962,1100,32.969,21.979,-11186327,"Medusa Cell","Medusa Cell"
"1780","MC21",9,997,1003,34.958,23.305,-8947841,"Medusa Cell","Medusa Cell"
"1781","MC21",10,997,889,38.646,25.764,-9147536,"Medusa Cell","Medusa Cell"
"1782","MC21",11,976,877,8.199,5.466,-8362097,"Medusa Cell","Medusa Cell"
"1783","MC21",12,881,724,61.052,40.701,-11386515,"Medusa Cell","Medusa Cell"
"1784","MC21",13,817,604,46.104,30.736,-11516573,"Medusa Cell","Medusa Cell"
"1785","MC21",14,768,478,45.83,30.553,-8758679,"Medusa Cell","Medusa Cell"
"1786","MC21",15,708,334,52.884,35.256,-10201229,"Medusa Cell","Medusa Cell"
"1787","MC21",16,695,196,46.989,31.326,-9144464,"Medusa Cell","Medusa Cell"
"1788","MC21",17,637,132,29.28,19.52,-8623221,"Medusa Cell","Medusa Cell"
"1789","MC21",18,613,20,38.83,25.887,-11047057,"Medusa Cell","Medusa Cell"
"1790","MC22",2,65,692,26.522,17.682,-13227440,"Medusa Cell","Medusa Cell"
"1791","MC22",3,156,770,40.631,27.087,-11517878,"Medusa Cell","Medusa Cell"
"1792","MC22",4,156,764,2.034,1.356,-12499133,"Medusa Cell","Medusa Cell"
"1793","MC22",5,146,756,4.341,2.894,-13942725,"Medusa Cell","Medusa Cell"
"1794","MC22",6,189,791,18.795,12.53,-9737113,"Medusa Cell","Medusa Cell"
"1795","MC22",7,298,845,41.237,27.491,-8419209,"Medusa Cell","Medusa Cell"
"1796","MC22",8,368,855,23.971,15.981,-12432319,"Medusa Cell","Medusa Cell"
"1797","MC22",9,511,853,48.482,32.321,-9805203,"Medusa Cell","Medusa Cell"
"1798","MC22",10,624,913,43.372,28.915,-9803938,"Medusa Cell","Medusa Cell"
"1799","MC22",11,638,958,15.976,10.651,-9404041,"Medusa Cell","Medusa Cell"
"1800","MC22",12,688,1018,26.477,17.651,-9143419,"Medusa Cell","Medusa Cell"
"1801","MC22",13,748,1071,27.139,18.093,-9477257,"Medusa Cell","Medusa Cell"
"1802","MC22",14,845,1168,46.504,31.002,-9940629,"Medusa Cell","Medusa Cell"
"1803","MC22",15,956,1273,51.797,34.531,-11837099,"Medusa Cell","Medusa Cell"
"1804","MC22",16,1045,1395,51.193,34.129,-11379369,"Medusa Cell","Medusa Cell"
"1805","MC22",17,1125,1467,36.486,24.324,-8948108,"Medusa Cell","Medusa Cell"
"1806","MC22",18,1207,1529,34.849,23.233,-9476000,"Medusa Cell","Medusa Cell"
"1807","MC22",19,1242,1640,39.455,26.304,-8222618,"Medusa Cell","Medusa Cell"
"1808","MC22",20,1197,1741,37.484,24.989,-10330516,"Medusa Cell","Medusa Cell"
"1809","MC22",21,1181,1809,23.682,15.788,-9669286,"Medusa Cell","Medusa Cell"
"1810","MC22",22,1154,1896,30.881,20.587,-11909043,"Medusa Cell","Medusa Cell"
"1811","MC22",23,1207,1914,18.975,12.65,-9346433,"Medusa Cell","Medusa Cell"
"1812","MC23",2,375,1653,5.803,3.868,-12037297,"Medusa Cell","Medusa Cell"
"1813","MC23",3,373,1651,0.959,0.639,-10400410,"Medusa Cell","Medusa Cell"
"1814","MC23",4,371,1641,3.457,2.305,-13157570,"Medusa Cell","Medusa Cell"
"1815","MC23",5,363,1639,2.795,1.864,-13486288,"Medusa Cell","Medusa Cell"
"1816","MC23",6,367,1643,1.918,1.278,-11193265,"Medusa Cell","Medusa Cell"
"1817","MC23",7,365,1647,1.516,1.011,-12103352,"Medusa Cell","Medusa Cell"
"1818","MC23",8,369,1637,3.651,2.434,-11446202,"Medusa Cell","Medusa Cell"
"1819","MC23",9,384,1633,5.263,3.508,-10528706,"Medusa Cell","Medusa Cell"
"1820","MC23",10,402,1547,29.786,19.857,-12036545,"Medusa Cell","Medusa Cell"
"1821","MC23",11,445,1429,42.575,28.383,-8817294,"Medusa Cell","Medusa Cell"
"1822","MC23",12,472,1312,40.705,27.137,-11906222,"Medusa Cell","Medusa Cell"
"1823","MC23",13,503,1203,38.416,25.611,-10200224,"Medusa Cell","Medusa Cell"
"1824","MC23",14,562,1144,28.286,18.857,-12034979,"Medusa Cell","Medusa Cell"
"1825","MC23",15,659,1109,34.958,23.305,-10593424,"Medusa Cell","Medusa Cell"
"1826","MC23",16,719,1076,23.213,15.476,-8882834,"Medusa Cell","Medusa Cell"
"1827","MC23",17,788,1033,27.561,18.374,-12691647,"Medusa Cell","Medusa Cell"
"1828","MC23",18,817,975,21.983,14.655,-12830136,"Medusa Cell","Medusa Cell"
"1829","MC23",19,844,912,23.236,15.49,-11113640,"Medusa Cell","Medusa Cell"
"1830","MC23",20,877,821,32.815,21.877,-9860246,"Medusa Cell","Medusa Cell"
"1831","MC23",21,914,762,23.609,15.739,-12501950,"Medusa Cell","Medusa Cell"
"1832","MC23",22,922,737,8.898,5.932,-10788515,"Medusa Cell","Medusa Cell"
"1833","MC23",23,957,667,26.531,17.687,-11314865,"Medusa Cell","Medusa Cell"
"1834","MC23",24,1010,595,30.308,20.205,-10657176,"Medusa Cell","Medusa Cell"
"1835","MC23",25,1043,560,16.307,10.872,-10399145,"Medusa Cell","Medusa Cell"
"1836","MC23",26,1099,474,34.79,23.193,-10589851,"Medusa Cell","Medusa Cell"
"1837","MC23",27,1097,332,48.143,32.095,-9539996,"Medusa Cell","Medusa Cell"
"1838","MC23",28,1084,217,39.233,26.156,-10392987,"Medusa Cell","Medusa Cell"
"1839","MC23",29,1058,125,32.41,21.606,-11383720,"Medusa Cell","Medusa Cell"
"1840","MC23",30,965,24,46.543,31.029,-11380902,"Medusa Cell","Medusa Cell"
"1841","MC23",31,922,6,15.803,10.535,-8025718,"Medusa Cell","Medusa Cell"
"1842","MC24",2,1076,265,3.39,2.26,-10596757,"Medusa Cell","Medusa Cell"
"1843","MC24",3,1082,262,2.274,1.516,-11510694,"Medusa Cell","Medusa Cell"
"1844","MC24",4,1078,248,4.936,3.291,-10652562,"Medusa Cell","Medusa Cell"
"1845","MC24",5,1097,252,6.582,4.388,-10523045,"Medusa Cell","Medusa Cell"
"1846","MC24",6,1181,246,28.549,19.032,-9010819,"Medusa Cell","Medusa Cell"
"1847","MC24",7,1183,240,2.144,1.429,-11707303,"Medusa Cell","Medusa Cell"
"1848","MC24",8,1185,246,2.144,1.429,-11054755,"Medusa Cell","Medusa Cell"
"1849","MC24",9,1203,246,6.102,4.068,-9670034,"Medusa Cell","Medusa Cell"
"1850","MC24",10,1273,258,24.076,16.051,-11711147,"Medusa Cell","Medusa Cell"
"1851","MC24",11,1353,269,27.375,18.25,-12496043,"Medusa Cell","Medusa Cell"
"1852","MC24",12,1403,275,17.072,11.381,-12232871,"Medusa Cell","Medusa Cell"
"1853","MC24",13,1503,248,35.114,23.409,-10594966,"Medusa Cell","Medusa Cell"
"1854","MC24",14,1563,180,30.743,20.495,-10390667,"Medusa Cell","Medusa Cell"
"1855","MC24",15,1584,160,9.831,6.554,-8883087,"Medusa Cell","Medusa Cell"
"1856","MC24",16,1635,98,27.215,18.143,-10527892,"Medusa Cell","Medusa Cell"
"1857","MC24",17,1738,36,40.755,27.17,-9737357,"Medusa Cell","Medusa Cell"
"1858","MC25",2,237,580,54.798,36.532,-10857127,"Medusa Cell","Medusa Cell"
"1859","MC25",3,313,623,29.602,19.735,-10591136,"Medusa Cell","Medusa Cell"
"1860","MC25",4,447,664,47.505,31.67,-12561326,"Medusa Cell","Medusa Cell"
"1861","MC25",5,601,707,54.203,36.135,-9738897,"Medusa Cell","Medusa Cell"
"1862","MC25",6,763,779,60.098,40.065,-11908282,"Medusa Cell","Medusa Cell"
"1863","MC25",7,918,853,58.226,38.817,-11380650,"Medusa Cell","Medusa Cell"
"1864","MC25",8,1037,966,55.631,37.087,-9344903,"Medusa Cell","Medusa Cell"
"1865","MC25",9,1152,1081,55.133,36.755,-10001825,"Medusa Cell","Medusa Cell"
"1866","MC25",10,1273,1183,53.649,35.766,-10523558,"Medusa Cell","Medusa Cell"
"1867","MC25",11,1380,1310,56.296,37.531,-9145741,"Medusa Cell","Medusa Cell"
"1868","MC25",12,1489,1386,45.046,30.031,-12432307,"Medusa Cell","Medusa Cell"
"1869","MC25",13,1546,1386,19.323,12.882,-12100774,"Medusa Cell","Medusa Cell"
"1870","MC25",14,1673,1421,44.658,29.772,-10523547,"Medusa Cell","Medusa Cell"
"1871","MC25",15,1747,1394,26.704,17.802,-10654619,"Medusa Cell","Medusa Cell"
"1872","MC25",16,1807,1339,27.593,18.395,-9735053,"Medusa Cell","Medusa Cell"
"1873","MC25",17,1913,1327,36.164,24.109,-8553841,"Medusa Cell","Medusa Cell"
"1874","MC25",18,1952,1316,13.737,9.158,-9737616,"Medusa Cell","Medusa Cell"
"1875","MC25",19,2002,1288,19.427,12.951,-9671313,"Medusa Cell","Medusa Cell"
"1876","MC25",20,2059,1218,30.602,20.401,-11243670,"Medusa Cell","Medusa Cell"
"1877","MC25",21,2106,1111,39.618,26.412,-11181477,"Medusa Cell","Medusa Cell"
"1878","MC25",22,2143,1052,23.609,15.739,-8617605,"Medusa Cell","Medusa Cell"
"1879","MC25",23,2219,988,33.682,22.455,-10000539,"Medusa Cell","Medusa Cell"
"1880","MC25",24,2244,957,13.501,9,-10916524,"Medusa Cell","Medusa Cell"
"1881","MC25",25,2262,937,9.122,6.081,-10787741,"Medusa Cell","Medusa Cell"
"1882","MC25",26,2326,882,28.607,19.071,-10000010,"Medusa Cell","Medusa Cell"
"1883","MC25",27,2346,834,17.628,11.752,-10128792,"Medusa Cell","Medusa Cell"
"1884","MC25",28,2404,752,34.049,22.699,-10000034,"Medusa Cell","Medusa Cell"
"1885","MC25",29,2445,672,30.474,20.316,-11708324,"Medusa Cell","Medusa Cell"
"1886","MC25",30,2459,656,7.207,4.805,-9735055,"Medusa Cell","Medusa Cell"
"1887","MC25",31,2475,605,18.12,12.08,-9539734,"Medusa Cell","Medusa Cell"
"1888","MC25",32,2539,504,40.534,27.023,-10001566,"Medusa Cell","Medusa Cell"
"1889","MC25",33,2553,430,25.531,17.021,-13092281,"Medusa Cell","Medusa Cell"
"1890","MC26",2,192,1328,1.695,1.13,-8421244,"Medusa Cell","Medusa Cell"
"1891","MC26",3,198,1338,3.953,2.636,-8490619,"Medusa Cell","Medusa Cell"
"1892","MC26",4,216,1368,11.86,7.907,-11640224,"Medusa Cell","Medusa Cell"
"1893","MC26",5,218,1407,13.238,8.826,-9274245,"Medusa Cell","Medusa Cell"
"1894","MC26",6,230,1434,10.016,6.678,-9211029,"Medusa Cell","Medusa Cell"
"1895","MC26",7,226,1436,1.516,1.011,-10720159,"Medusa Cell","Medusa Cell"
"1896","MC26",8,253,1466,13.682,9.122,-11048346,"Medusa Cell","Medusa Cell"
"1897","MC26",9,288,1505,17.764,11.843,-11186592,"Medusa Cell","Medusa Cell"
"1898","MC26",10,310,1532,11.807,7.871,-11119261,"Medusa Cell","Medusa Cell"
"1899","MC26",11,339,1579,18.722,12.481,-11377562,"Medusa Cell","Medusa Cell"
"1900","MC26",12,351,1597,7.334,4.889,-9997724,"Medusa Cell","Medusa Cell"
"1901","MC26",13,369,1603,6.432,4.288,-12036011,"Medusa Cell","Medusa Cell"
"1902","MC26",14,382,1626,8.956,5.971,-12434367,"Medusa Cell","Medusa Cell"
"1903","MC26",15,418,1693,25.784,17.189,-9473429,"Medusa Cell","Medusa Cell"
"1904","MC26",16,433,1716,9.309,6.206,-11969450,"Medusa Cell","Medusa Cell"
"1905","MC26",17,420,1740,9.253,6.169,-13218224,"Medusa Cell","Medusa Cell"
"1906","MC26",18,402,1767,11.001,7.334,-10789544,"Medusa Cell","Medusa Cell"
"1907","MC26",19,400,1779,4.124,2.749,-10589863,"Medusa Cell","Medusa Cell"
"1908","MC26",20,388,1826,16.444,10.963,-10786719,"Medusa Cell","Medusa Cell"
"1909","MC26",21,377,1853,9.883,6.589,-11512988,"Medusa Cell","Medusa Cell"
"1910","MC26",22,361,1900,16.831,11.221,-11775911,"Medusa Cell","Medusa Cell"
"1911","MC26",23,353,1912,4.889,3.259,-9273991,"Medusa Cell","Medusa Cell"
"1912","MC27",2,1108,1835,7.054,4.703,-9412502,"Medusa Cell","Medusa Cell"
"1913","MC27",3,1141,1735,35.698,23.799,-10137992,"Medusa Cell","Medusa Cell"
"1914","MC27",4,1139,1667,23.062,15.375,-10724771,"Medusa Cell","Medusa Cell"
"1915","MC27",5,1126,1608,20.481,13.654,-11780263,"Medusa Cell","Medusa Cell"
"1916","MC27",6,1137,1539,23.686,15.791,-10662293,"Medusa Cell","Medusa Cell"
"1917","MC27",7,1220,1441,43.536,29.024,-9605270,"Medusa Cell","Medusa Cell"
"1918","MC27",8,1339,1392,43.627,29.085,-9277590,"Medusa Cell","Medusa Cell"
"1919","MC27",9,1498,1453,57.732,38.488,-9667991,"Medusa Cell","Medusa Cell"
"1920","MC27",10,1500,1504,17.302,11.535,-8752515,"Medusa Cell","Medusa Cell"
"1921","MC27",11,1514,1651,50.058,33.372,-10590356,"Medusa Cell","Medusa Cell"
"1922","MC27",12,1524,1667,6.396,4.264,-10789273,"Medusa Cell","Medusa Cell"
"1923","MC27",13,1545,1708,15.616,10.411,-10595493,"Medusa Cell","Medusa Cell"
"1924","MC27",14,1553,1708,2.712,1.808,-10661277,"Medusa Cell","Medusa Cell"
"1925","MC27",15,1596,1720,15.134,10.089,-9538454,"Medusa Cell","Medusa Cell"
"1926","MC27",16,1686,1718,30.518,20.345,-8422008,"Medusa Cell","Medusa Cell"
"1927","MC27",17,1741,1753,22.1,14.733,-11840936,"Medusa Cell","Medusa Cell"
"1928","MC27",18,1820,1776,27.893,18.595,-11118757,"Medusa Cell","Medusa Cell"
"1929","MC27",19,1763,1810,22.499,15,-11380632,"Medusa Cell","Medusa Cell"
"1930","MC27",20,1712,1749,26.954,17.969,-10392987,"Medusa Cell","Medusa Cell"
"1931","MC27",21,1725,1686,21.807,14.538,-9537678,"Medusa Cell","Medusa Cell"
"1932","MC27",22,1818,1645,34.455,22.97,-9144719,"Medusa Cell","Medusa Cell"
"1933","MC27",23,1939,1653,41.109,27.406,-10658465,"Medusa Cell","Medusa Cell"
"1934","MC27",24,2006,1690,25.946,17.297,-10062758,"Medusa Cell","Medusa Cell"
"1935","MC27",25,2000,1690,2.034,1.356,-11708332,"Medusa Cell","Medusa Cell"
"1936","MC27",26,2029,1718,13.666,9.11,-10920360,"Medusa Cell","Medusa Cell"
"1937","MC27",27,2035,1708,3.953,2.636,-11843242,"Medusa Cell","Medusa Cell"
"1938","MC27",28,2041,1698,3.953,2.636,-10068891,"Medusa Cell","Medusa Cell"
"1939","MC27",29,2049,1700,2.795,1.864,-11117226,"Medusa Cell","Medusa Cell"
"1940","MC27",30,2049,1698,0.678,0.452,-8424074,"Medusa Cell","Medusa Cell"
"1941","MC27",31,2049,1698,0,0,-10593183,"Medusa Cell","Medusa Cell"
"1942","MC27",32,2041,1700,2.795,1.864,-11710375,"Medusa Cell","Medusa Cell"
"1943","MC27",33,2039,1704,1.516,1.011,-10654116,"Medusa Cell","Medusa Cell"
"1944","MC27",34,2041,1704,0.678,0.452,-10331294,"Medusa Cell","Medusa Cell"
"1945","MC27",35,2043,1706,0.959,0.639,-12955830,"Medusa Cell","Medusa Cell"
"1946","MC27",36,2043,1700,2.034,1.356,-11047073,"Medusa Cell","Medusa Cell"
"1947","MC27",37,2043,1700,0,0,-12035241,"Medusa Cell","Medusa Cell"
"1948","MC27",38,2043,1696,1.356,0.904,-9799835,"Medusa Cell","Medusa Cell"
"1949","MC27",39,2045,1692,1.516,1.011,-11249062,"Medusa Cell","Medusa Cell"
"1950","MC27",40,2049,1686,2.445,1.63,-11112094,"Medusa Cell","Medusa Cell"
"1951","MC27",41,2068,1700,8.001,5.334,-10984100,"Medusa Cell","Medusa Cell"
"1952","MC27",42,2114,1708,15.828,10.552,-10520978,"Medusa Cell","Medusa Cell"
"1953","MC27",43,2153,1725,14.422,9.615,-12956333,"Medusa Cell","Medusa Cell"
"1954","MC27",44,2202,1782,25.481,16.988,-11247272,"Medusa Cell","Medusa Cell"
"1955","MC27",45,2217,1829,16.725,11.15,-10192526,"Medusa Cell","Medusa Cell"
"1956","MC27",46,2241,1874,17.289,11.526,-10917791,"Medusa Cell","Medusa Cell"
"1957","MC27",47,2272,1912,16.625,11.083,-10000529,"Medusa Cell","Medusa Cell"
"1958","MC27",48,2298,1912,8.814,5.876,-9537664,"Medusa Cell","Medusa Cell"
"1959","MC28",2,1502,144,35.828,23.886,-11771819,"Medusa Cell","Medusa Cell"
"1960","MC28",3,1441,244,39.709,26.473,-11902866,"Medusa Cell","Medusa Cell"
"1961","MC28",4,1373,334,38.239,25.493,-11705741,"Medusa Cell","Medusa Cell"
"1962","MC28",5,1349,372,15.236,10.157,-9475456,"Medusa Cell","Medusa Cell"
"1963","MC28",6,1328,413,15.616,10.411,-11179932,"Medusa Cell","Medusa Cell"
"1964","MC28",7,1326,419,2.144,1.429,-12760735,"Medusa Cell","Medusa Cell"
"1965","MC28",8,1324,423,1.516,1.011,-10922381,"Medusa Cell","Medusa Cell"
"1966","MC28",9,1324,421,0.678,0.452,-10593685,"Medusa Cell","Medusa Cell"
"1967","MC28",10,1330,409,4.548,3.032,-12041375,"Medusa Cell","Medusa Cell"
"1968","MC28",11,1332,411,0.959,0.639,-11379882,"Medusa Cell","Medusa Cell"
"1969","MC28",12,1292,546,47.732,31.821,-11516312,"Medusa Cell","Medusa Cell"
"1970","MC28",13,1284,664,40.094,26.729,-11711143,"Medusa Cell","Medusa Cell"
"1971","MC28",14,1341,790,46.881,31.254,-11117478,"Medusa Cell","Medusa Cell"
"1972","MC28",15,1451,841,41.103,27.402,-12825537,"Medusa Cell","Medusa Cell"
"1973","MC28",16,1557,803,38.173,25.449,-9738905,"Medusa Cell","Medusa Cell"
"1974","MC28",17,1661,727,43.667,29.111,-8296598,"Medusa Cell","Medusa Cell"
"1975","MC28",18,1722,654,32.25,21.5,-10064798,"Medusa Cell","Medusa Cell"
"1976","MC28",19,1785,595,29.26,19.507,-10460061,"Medusa Cell","Medusa Cell"
"1977","MC28",20,1846,564,23.196,15.464,-9736605,"Medusa Cell","Medusa Cell"
"1978","MC28",21,1909,552,21.741,14.494,-10392474,"Medusa Cell","Medusa Cell"
"1979","MC28",22,1985,556,25.8,17.2,-11247783,"Medusa Cell","Medusa Cell"
"1980","MC28",23,2048,556,21.357,14.238,-10200477,"Medusa Cell","Medusa Cell"
"1981","MC28",24,2060,564,4.889,3.259,-11967403,"Medusa Cell","Medusa Cell"
"1982","MC28",25,2060,562,0.678,0.452,-10000288,"Medusa Cell","Medusa Cell"
"1983","MC28",26,2115,560,18.657,12.438,-12562612,"Medusa Cell","Medusa Cell"
"1984","MC28",27,2197,546,28.2,18.8,-11181477,"Medusa Cell","Medusa Cell"
"1985","MC28",28,2266,544,23.401,15.601,-11113887,"Medusa Cell","Medusa Cell"
"1986","MC28",29,2354,529,30.262,20.175,-10919327,"Medusa Cell","Medusa Cell"
"1987","MC28",30,2396,536,14.434,9.623,-11905723,"Medusa Cell","Medusa Cell"
"1988","MC28",31,2441,566,18.334,12.223,-11379118,"Medusa Cell","Medusa Cell"
"1989","MC28",32,2454,570,4.611,3.074,-10658976,"Medusa Cell","Medusa Cell"
"1990","MC28",33,2521,593,24.014,16.009,-10592413,"Medusa Cell","Medusa Cell"
"1991","MC29",2,1900,490,2.712,1.808,-12296368,"Medusa Cell","Medusa Cell"
"1992","MC29",3,1894,490,2.034,1.356,-11578288,"Medusa Cell","Medusa Cell"
"1993","MC29",4,1920,484,9.046,6.03,-10393765,"Medusa Cell","Medusa Cell"
"1994","MC29",5,1920,488,1.356,0.904,-12034989,"Medusa Cell","Medusa Cell"
"1995","MC29",6,1951,472,11.826,7.884,-11974830,"Medusa Cell","Medusa Cell"
"1996","MC29",7,1995,464,15.161,10.107,-9734554,"Medusa Cell","Medusa Cell"
"1997","MC29",8,2022,450,10.31,6.874,-12959415,"Medusa Cell","Medusa Cell"
"1998","MC29",9,2026,450,1.356,0.904,-11973049,"Medusa Cell","Medusa Cell"
"1999","MC29",10,2028,443,2.468,1.645,-10720161,"Medusa Cell","Medusa Cell"
"2000","MC29",11,2042,439,4.936,3.291,-10334130,"Medusa Cell","Medusa Cell"
"2001","MC29",12,2042,439,0,0,-11118007,"Medusa Cell","Medusa Cell"
"2002","MC29",13,2061,427,7.618,5.079,-9934752,"Medusa Cell","Medusa Cell"
"2003","MC29",14,2067,423,2.445,1.63,-10657440,"Medusa Cell","Medusa Cell"
"2004","MC29",15,2091,415,8.576,5.717,-10657705,"Medusa Cell","Medusa Cell"
"2005","MC29",16,2120,413,9.854,6.57,-11642541,"Medusa Cell","Medusa Cell"
"2006","MC29",17,2124,405,3.032,2.021,-11376044,"Medusa Cell","Medusa Cell"
"2007","MC29",18,2152,403,9.516,6.344,-12496819,"Medusa Cell","Medusa Cell"
"2008","MC29",19,2203,380,18.966,12.644,-13616572,"Medusa Cell","Medusa Cell"
"2009","MC29",20,2256,368,18.422,12.281,-11973039,"Medusa Cell","Medusa Cell"
"2010","MC29",21,2352,360,32.657,21.771,-11376295,"Medusa Cell","Medusa Cell"
"2011","MC29",22,2374,362,7.489,4.993,-12633288,"Medusa Cell","Medusa Cell"
"2012","MC29",23,2368,376,5.163,3.442,-10789040,"Medusa Cell","Medusa Cell"
"2013","MC29",24,2395,388,10.016,6.678,-11445671,"Medusa Cell","Medusa Cell"
"2014","MC29",25,2429,376,12.223,8.149,-12237240,"Medusa Cell","Medusa Cell"
"2015","MC29",26,2439,368,4.341,2.894,-11448232,"Medusa Cell","Medusa Cell"
"2016","MC29",27,2445,360,3.39,2.26,-10785451,"Medusa Cell","Medusa Cell"
"2017","MC29",28,2452,352,3.604,2.402,-11510191,"Medusa Cell","Medusa Cell"
"2018","MC29",29,2464,356,4.288,2.859,-11642038,"Medusa Cell","Medusa Cell"
"2019","MC29",30,2502,364,13.164,8.776,-12106424,"Medusa Cell","Medusa Cell"
"2020","MC29",31,2523,382,9.376,6.251,-12166316,"Medusa Cell","Medusa Cell"
"2021","MC29",32,2527,378,1.918,1.278,-12099258,"Medusa Cell","Medusa Cell"
"2022","MC29",33,2545,409,12.152,8.101,-10851485,"Medusa Cell","Medusa Cell"
"2023","MC30",2,563,1746,45.241,30.161,-9078421,"Medusa Cell","Medusa Cell"
"2024","MC30",3,561,1743,1.222,0.815,-9866639,"Medusa Cell","Medusa Cell"
"2025","MC30",4,561,1741,0.678,0.452,-11049113,"Medusa Cell","Medusa Cell"
"2026","MC30",5,559,1703,12.9,8.6,-9668749,"Medusa Cell","Medusa Cell"
"2027","MC30",6,551,1695,3.835,2.557,-10258317,"Medusa Cell","Medusa Cell"
"2028","MC30",7,512,1550,50.902,33.935,-11254954,"Medusa Cell","Medusa Cell"
"2029","MC30",8,516,1402,50.19,33.46,-11320233,"Medusa Cell","Medusa Cell"
"2030","MC30",9,506,1336,22.629,15.086,-10070930,"Medusa Cell","Medusa Cell"
"2031","MC30",10,494,1318,7.334,4.889,-11450026,"Medusa Cell","Medusa Cell"
"2032","MC30",11,496,1290,9.516,6.344,-10719881,"Medusa Cell","Medusa Cell"
"2033","MC30",12,482,1300,5.832,3.888,-10398108,"Medusa Cell","Medusa Cell"
"2034","MC30",13,417,1216,36.006,24.004,-10136232,"Medusa Cell","Medusa Cell"
"2035","MC30",14,396,1190,11.33,7.553,-9150870,"Medusa Cell","Medusa Cell"
"2036","MC30",15,374,1176,8.84,5.893,-9537678,"Medusa Cell","Medusa Cell"
"2037","MC30",16,352,1174,7.489,4.993,-9599878,"Medusa Cell","Medusa Cell"
"2038","MC30",17,295,1190,20.07,13.38,-12301752,"Medusa Cell","Medusa Cell"
"2039","MC30",18,207,1196,29.901,19.934,-11442088,"Medusa Cell","Medusa Cell"
"2040","MC30",19,91,1155,41.708,27.805,-11446954,"Medusa Cell","Medusa Cell"
"2041","MC30",20,34,1098,27.327,18.218,-10596775,"Medusa Cell","Medusa Cell"
"2042","MC31",2,993,1810,10.349,6.899,-11388576,"Medusa Cell","Medusa Cell"
"2043","MC31",3,1005,1802,4.889,3.259,-12035759,"Medusa Cell","Medusa Cell"
"2044","MC31",4,1001,1802,1.356,0.904,-9803166,"Medusa Cell","Medusa Cell"
"2045","MC31",5,1015,1798,4.936,3.291,-11116710,"Medusa Cell","Medusa Cell"
"2046","MC31",6,1064,1724,30.087,20.058,-11642015,"Medusa Cell","Medusa Cell"
"2047","MC31",7,1127,1629,38.643,25.762,-8484234,"Medusa Cell","Medusa Cell"
"2048","MC31",8,1149,1572,20.712,13.808,-12170928,"Medusa Cell","Medusa Cell"
"2049","MC31",9,1202,1470,38.967,25.978,-11118492,"Medusa Cell","Medusa Cell"
"2050","MC31",10,1217,1347,42.006,28.004,-12962990,"Medusa Cell","Medusa Cell"
"2051","MC31",11,1223,1235,38.022,25.348,-10458519,"Medusa Cell","Medusa Cell"
"2052","MC31",12,1198,1129,36.92,24.613,-9408390,"Medusa Cell","Medusa Cell"
"2053","MC31",13,1133,1024,41.863,27.909,-10125203,"Medusa Cell","Medusa Cell"
"2054","MC31",14,1038,973,36.552,24.368,-9797003,"Medusa Cell","Medusa Cell"
"2055","MC31",15,948,920,35.407,23.605,-10060948,"Medusa Cell","Medusa Cell"
"2056","MC31",16,810,869,49.874,33.25,-10784158,"Medusa Cell","Medusa Cell"
"2057","MC31",17,713,875,32.946,21.964,-10917013,"Medusa Cell","Medusa Cell"
"2058","MC31",18,603,924,40.822,27.215,-10785439,"Medusa Cell","Medusa Cell"
"2059","MC31",19,528,977,31.133,20.755,-10852499,"Medusa Cell","Medusa Cell"
"2060","MC31",20,457,1001,25.407,16.938,-11114408,"Medusa Cell","Medusa Cell"
"2061","MC31",21,361,1019,33.111,22.074,-9343634,"Medusa Cell","Medusa Cell"
"2062","MC31",22,268,1129,48.831,32.554,-10852772,"Medusa Cell","Medusa Cell"
"2063","MC31",23,182,1139,29.35,19.567,-11775139,"Medusa Cell","Medusa Cell"
"2064","MC31",24,148,1156,12.886,8.591,-11113880,"Medusa Cell","Medusa Cell"
"2065","MC31",25,164,1164,6.064,4.043,-12957110,"Medusa Cell","Medusa Cell"
"2066","MC31",26,154,1176,5.295,3.53,-12494754,"Medusa Cell","Medusa Cell"
"2067","MC31",27,113,1206,17.222,11.482,-11836840,"Medusa Cell","Medusa Cell"
"2068","MC31",28,46,1249,26.988,17.992,-12036272,"Medusa Cell","Medusa Cell"
"2069","MC32",2,2428,487,30.041,20.027,-10917276,"Medusa Cell","Medusa Cell"
"2070","MC32",3,2332,588,47.238,31.492,-8879746,"Medusa Cell","Medusa Cell"
"2071","MC32",4,2279,643,25.893,17.262,-9670281,"Medusa Cell","Medusa Cell"
"2072","MC32",5,2229,757,42.2,28.133,-10722971,"Medusa Cell","Medusa Cell"
"2073","MC32",6,2204,810,19.866,13.244,-13417662,"Medusa Cell","Medusa Cell"
"2074","MC32",7,2229,931,41.885,27.924,-10001825,"Medusa Cell","Medusa Cell"
"2075","MC32",8,2261,1039,38.185,25.457,-11376044,"Medusa Cell","Medusa Cell"
"2076","MC32",9,2233,1100,22.753,15.169,-10984075,"Medusa Cell","Medusa Cell"
"2077","MC32",10,2220,1102,4.459,2.973,-13284536,"Medusa Cell","Medusa Cell"
"2078","MC32",11,2210,1128,9.443,6.296,-11705763,"Medusa Cell","Medusa Cell"
"2079","MC32",12,2186,1189,22.222,14.815,-9866132,"Medusa Cell","Medusa Cell"
"2080","MC32",13,2129,1232,24.205,16.136,-10459797,"Medusa Cell","Medusa Cell"
"2081","MC32",14,2048,1278,31.578,21.052,-12303266,"Medusa Cell","Medusa Cell"
"2082","MC32",15,2003,1339,25.697,17.131,-11184284,"Medusa Cell","Medusa Cell"
"2083","MC32",16,1932,1370,26.263,17.509,-12169135,"Medusa Cell","Medusa Cell"
"2084","MC32",17,1865,1412,26.807,17.871,-10196125,"Medusa Cell","Medusa Cell"
"2085","MC32",18,1788,1417,26.158,17.439,-12493747,"Medusa Cell","Medusa Cell"
"2086","MC32",19,1754,1404,12.34,8.227,-10592936,"Medusa Cell","Medusa Cell"
"2087","MC32",20,1660,1374,33.45,22.3,-8948352,"Medusa Cell","Medusa Cell"
"2088","MC32",21,1589,1354,25.006,16.67,-11837862,"Medusa Cell","Medusa Cell"
"2089","MC32",22,1496,1362,31.643,21.096,-10657179,"Medusa Cell","Medusa Cell"
"2090","MC32",23,1417,1345,27.394,18.263,-10856087,"Medusa Cell","Medusa Cell"
"2091","MC32",24,1358,1423,33.154,22.103,-10198168,"Medusa Cell","Medusa Cell"
"2092","MC32",25,1305,1559,49.481,32.987,-12437421,"Medusa Cell","Medusa Cell"
"2093","MC32",26,1230,1676,47.112,31.408,-12825778,"Medusa Cell","Medusa Cell"
"2094","MC32",27,1305,1794,47.398,31.599,-9075336,"Medusa Cell","Medusa Cell"
"2095","MC32",28,1421,1837,41.939,27.959,-10724260,"Medusa Cell","Medusa Cell"
"2096","MC32",29,1421,1821,5.424,3.616,-11708075,"Medusa Cell","Medusa Cell"
"2097","MC32",30,1441,1827,7.079,4.719,-10529191,"Medusa Cell","Medusa Cell"
"2098","MC32",31,1433,1829,2.795,1.864,-10133906,"Medusa Cell","Medusa Cell"
"2099","MC32",32,1479,1859,18.617,12.411,-11908785,"Medusa Cell","Medusa Cell"
"2100","MC32",33,1481,1896,12.561,8.374,-11049375,"Medusa Cell","Medusa Cell"
"2101","MC33",2,2271,1340,43.101,28.734,-10528397,"Medusa Cell","Medusa Cell"
"2102","MC33",3,2261,1348,4.341,2.894,-12305057,"Medusa Cell","Medusa Cell"
"2103","MC33",4,2231,1344,10.26,6.84,-10982792,"Medusa Cell","Medusa Cell"
"2104","MC33",5,2176,1306,22.662,15.108,-10993040,"Medusa Cell","Medusa Cell"
"2105","MC33",6,2105,1202,42.688,28.459,-12638640,"Medusa Cell","Medusa Cell"
"2106","MC33",7,2012,1103,46.047,30.698,-11517348,"Medusa Cell","Medusa Cell"
"2107","MC33",8,1929,1030,37.471,24.981,-10461076,"Medusa Cell","Medusa Cell"
"2108","MC33",9,1795,996,46.865,31.244,-11513764,"Medusa Cell","Medusa Cell"
"2109","MC33",10,1695,947,37.751,25.167,-12835754,"Medusa Cell","Medusa Cell"
"2110","MC33",11,1588,829,53.999,35.999,-10594709,"Medusa Cell","Medusa Cell"
"2111","MC33",12,1495,683,58.682,39.122,-10661782,"Medusa Cell","Medusa Cell"
"2112","MC33",13,1440,529,55.436,36.957,-11186076,"Medusa Cell","Medusa Cell"
"2113","MC33",14,1369,440,38.595,25.73,-9275023,"Medusa Cell","Medusa Cell"
"2114","MC33",15,1344,434,8.716,5.81,-10324625,"Medusa Cell","Medusa Cell"
"2115","MC33",16,1328,413,8.95,5.967,-11512236,"Medusa Cell","Medusa Cell"
"2116","MC33",17,1316,407,4.548,3.032,-10591385,"Medusa Cell","Medusa Cell"
"2117","MC33",18,1312,387,6.914,4.61,-11113880,"Medusa Cell","Medusa Cell"
"2118","MC33",19,1306,367,7.079,4.719,-11509926,"Medusa Cell","Medusa Cell"
"2119","MC33",20,1294,348,7.618,5.079,-9536904,"Medusa Cell","Medusa Cell"
"2120","MC33",21,1294,342,2.034,1.356,-9603970,"Medusa Cell","Medusa Cell"
"2121","MC33",22,1308,340,4.794,3.196,-9278582,"Medusa Cell","Medusa Cell"
"2122","MC33",23,1310,310,10.193,6.795,-9010560,"Medusa Cell","Medusa Cell"
"2123","MC33",24,1314,302,3.032,2.021,-12107445,"Medusa Cell","Medusa Cell"
"2124","MC33",25,1308,290,4.548,3.032,-11842739,"Medusa Cell","Medusa Cell"
"2125","MC33",26,1314,283,3.125,2.084,-8617605,"Medusa Cell","Medusa Cell"
"2126","MC33",27,1314,283,0,0,-11584681,"Medusa Cell","Medusa Cell"
"2127","MC33",28,1308,279,2.445,1.63,-11185304,"Medusa Cell","Medusa Cell"
"2128","MC33",29,1314,296,6.111,4.074,-11519130,"Medusa Cell","Medusa Cell"
"2129","MC33",30,1302,279,7.054,4.703,-11908272,"Medusa Cell","Medusa Cell"
"2130","MC33",31,1300,296,5.803,3.868,-10400159,"Medusa Cell","Medusa Cell"
"2131","MC33",32,1288,298,4.124,2.749,-10331016,"Medusa Cell","Medusa Cell"
"2132","MC33",33,1292,296,1.516,1.011,-9667722,"Medusa Cell","Medusa Cell"
"2133","MC33",34,1294,298,0.959,0.639,-11774377,"Medusa Cell","Medusa Cell"
"2134","MC33",35,1269,261,15.138,10.092,-9938830,"Medusa Cell","Medusa Cell"
"2135","MC33",36,1235,245,12.738,8.492,-11056538,"Medusa Cell","Medusa Cell"
"2136","MC33",37,1213,237,7.936,5.291,-7239274,"Medusa Cell","Medusa Cell"
"2137","MC33",38,1206,217,7.183,4.789,-10926500,"Medusa Cell","Medusa Cell"
"2138","MC33",39,1190,202,7.435,4.957,-10199723,"Medusa Cell","Medusa Cell"
"2139","MC33",40,1186,204,1.516,1.011,-9871496,"Medusa Cell","Medusa Cell"
"2140","MC33",41,1204,206,6.14,4.093,-11388306,"Medusa Cell","Medusa Cell"
"2141","MC33",42,1206,200,2.144,1.429,-11190931,"Medusa Cell","Medusa Cell"
"2142","MC33",43,1217,182,7.151,4.767,-10070152,"Medusa Cell","Medusa Cell"
"2143","MC33",44,1241,196,9.419,6.279,-9344899,"Medusa Cell","Medusa Cell"
"2144","MC33",45,1213,182,10.612,7.075,-10457741,"Medusa Cell","Medusa Cell"
"2145","MC33",46,1225,176,4.548,3.032,-11119770,"Medusa Cell","Medusa Cell"
"2146","MC33",47,1231,168,3.39,2.26,-10395795,"Medusa Cell","Medusa Cell"
"2147","MC33",48,1233,164,1.516,1.011,-10658459,"Medusa Cell","Medusa Cell"
"2148","MC33",49,1255,146,9.636,6.424,-10924182,"Medusa Cell","Medusa Cell"
"2149","MC33",50,1267,133,5.998,3.998,-11246742,"Medusa Cell","Medusa Cell"
"2150","MC33",51,1280,150,7.255,4.837,-10457487,"Medusa Cell","Medusa Cell"
"2151","MC33",52,1261,139,7.443,4.962,-9994382,"Medusa Cell","Medusa Cell"
"2152","MC33",53,1261,141,0.678,0.452,-11708073,"Medusa Cell","Medusa Cell"
"2153","MC33",54,1271,148,4.138,2.759,-10066841,"Medusa Cell","Medusa Cell"
"2154","MC33",55,1271,144,1.356,0.904,-10523811,"Medusa Cell","Medusa Cell"
"2155","MC33",56,1263,137,3.604,2.402,-11051667,"Medusa Cell","Medusa Cell"
"2156","MC33",57,1267,135,1.516,1.011,-9996174,"Medusa Cell","Medusa Cell"
"2157","MC33",58,1271,137,1.516,1.011,-10130581,"Medusa Cell","Medusa Cell"
"2158","MC33",59,1271,135,0.678,0.452,-9734285,"Medusa Cell","Medusa Cell"
"2159","MC33",60,1271,125,3.39,2.26,-9212302,"Medusa Cell","Medusa Cell"
"2160","MC33",61,1263,113,4.889,3.259,-12170666,"Medusa Cell","Medusa Cell"
"2161","MC33",62,1263,99,4.746,3.164,-10459546,"Medusa Cell","Medusa Cell"
"2162","MC33",63,1259,73,8.918,5.945,-11311256,"Medusa Cell","Medusa Cell"
"2163","MC33",64,1263,58,5.263,3.508,-10922640,"Medusa Cell","Medusa Cell"
"2164","MC33",65,1265,52,2.144,1.429,-10725774,"Medusa Cell","Medusa Cell"
"2165","MC33",66,1271,42,3.953,2.636,-9933707,"Medusa Cell","Medusa Cell"
"2166","MC33",67,1277,42,2.034,1.356,-10722455,"Medusa Cell","Medusa Cell"
"2167","MC33",68,1284,40,2.468,1.645,-10591645,"Medusa Cell","Medusa Cell"
"2168","MC33",69,1275,28,5.085,3.39,-11181729,"Medusa Cell","Medusa Cell"
"2169","MC33",70,1261,20,5.466,3.644,-12895670,"Medusa Cell","Medusa Cell"
"2170","MC33",71,1263,20,0.678,0.452,-13288629,"Medusa Cell","Medusa Cell"
"2171","MC33",72,1263,20,0,0,-11907229,"Medusa Cell","Medusa Cell"
"2172","MC34",2,227,1125,49.61,33.073,-11313063,"Medusa Cell","Medusa Cell"
"2173","MC34",3,320,1168,34.734,23.156,-11312549,"Medusa Cell","Medusa Cell"
"2174","MC34",4,383,1182,21.878,14.585,-11516319,"Medusa Cell","Medusa Cell"
"2175","MC34",5,456,1174,24.895,16.597,-8686718,"Medusa Cell","Medusa Cell"
"2176","MC34",6,515,1160,20.556,13.704,-10397603,"Medusa Cell","Medusa Cell"
"2177","MC34",7,594,1192,28.895,19.263,-9276034,"Medusa Cell","Medusa Cell"
"2178","MC34",8,614,1182,7.58,5.054,-9929352,"Medusa Cell","Medusa Cell"
"2179","MC34",9,620,1182,2.034,1.356,-9338508,"Medusa Cell","Medusa Cell"
"2180","MC34",10,716,1152,34.096,22.731,-11309965,"Medusa Cell","Medusa Cell"
"2181","MC34",11,780,1125,23.548,15.698,-8750721,"Medusa Cell","Medusa Cell"
"2182","MC34",12,847,1087,26.112,17.408,-9404041,"Medusa Cell","Medusa Cell"
"2183","MC34",13,866,1058,11.753,7.835,-11379343,"Medusa Cell","Medusa Cell"
"2184","MC34",14,914,971,33.684,22.456,-11373718,"Medusa Cell","Medusa Cell"
"2185","MC34",15,890,888,29.29,19.526,-11308948,"Medusa Cell","Medusa Cell"
"2186","MC34",16,870,825,22.407,14.938,-12427430,"Medusa Cell","Medusa Cell"
"2187","MC34",17,831,730,34.813,23.209,-11048344,"Medusa Cell","Medusa Cell"
"2188","MC34",18,813,665,22.864,15.243,-10194834,"Medusa Cell","Medusa Cell"
"2189","MC34",19,789,628,14.951,9.967,-10653075,"Medusa Cell","Medusa Cell"
"2190","MC34",20,746,549,30.491,20.327,-8621176,"Medusa Cell","Medusa Cell"
"2191","MC34",21,649,446,47.963,31.976,-10464148,"Medusa Cell","Medusa Cell"
"2192","MC34",22,586,369,33.727,22.484,-11117211,"Medusa Cell","Medusa Cell"
"2193","MC34",23,466,357,40.883,27.255,-8554896,"Medusa Cell","Medusa Cell"
"2194","MC34",24,324,401,50.396,33.597,-9014422,"Medusa Cell","Medusa Cell"
"2195","MC34",25,255,525,48.106,32.071,-11904698,"Medusa Cell","Medusa Cell"
"2196","MC34",26,290,643,41.725,27.816,-11051661,"Medusa Cell","Medusa Cell"
"2197","MC34",27,385,722,41.885,27.924,-11380658,"Medusa Cell","Medusa Cell"
"2198","MC34",28,511,722,42.714,28.476,-10784922,"Medusa Cell","Medusa Cell"
"2199","MC34",29,586,752,27.384,18.256,-9738879,"Medusa Cell","Medusa Cell"
"2200","MC34",30,584,732,6.814,4.543,-12691631,"Medusa Cell","Medusa Cell"
"2201","MC34",31,655,742,24.307,16.204,-11442054,"Medusa Cell","Medusa Cell"
"2202","MC34",32,703,764,17.9,11.933,-11969689,"Medusa Cell","Medusa Cell"
"2203","MC34",33,789,748,29.654,19.77,-11903393,"Medusa Cell","Medusa Cell"
"2204","MC34",34,876,744,29.524,19.683,-11314079,"Medusa Cell","Medusa Cell"
"2205","MC34",35,977,738,34.299,22.866,-11640233,"Medusa Cell","Medusa Cell"
"2206","MC34",36,1046,738,23.391,15.594,-11511204,"Medusa Cell","Medusa Cell"
"2207","MC34",37,1093,758,17.316,11.544,-11116199,"Medusa Cell","Medusa Cell"
"2208","MC34",38,1184,795,33.301,22.201,-11908257,"Medusa Cell","Medusa Cell"
"2209","MC34",39,1247,862,31.177,20.785,-10724522,"Medusa Cell","Medusa Cell"
"2210","MC34",40,1247,969,36.273,24.182,-10789527,"Medusa Cell","Medusa Cell"
"2211","MC34",41,1202,1012,21.1,14.067,-10524060,"Medusa Cell","Medusa Cell"
"2212","MC34",42,1073,1093,51.637,34.425,-10262153,"Medusa Cell","Medusa Cell"
"2213","MC34",43,918,1133,54.266,36.178,-9602956,"Medusa Cell","Medusa Cell"
"2214","MC34",44,774,1178,51.144,34.096,-9934734,"Medusa Cell","Medusa Cell"
"2215","MC34",45,657,1286,53.978,35.985,-10787234,"Medusa Cell","Medusa Cell"
"2216","MC34",46,634,1430,49.435,32.957,-10520980,"Medusa Cell","Medusa Cell"
"2217","MC34",47,636,1555,42.38,28.254,-10066592,"Medusa Cell","Medusa Cell"
"2218","MC34",48,620,1588,12.433,8.288,-11838639,"Medusa Cell","Medusa Cell"
"2219","MC34",49,598,1708,41.358,27.572,-10326170,"Medusa Cell","Medusa Cell"
"2220","MC34",50,608,1817,37.106,24.737,-11645855,"Medusa Cell","Medusa Cell"
"2221","MC34",51,590,1900,28.791,19.194,-10195093,"Medusa Cell","Medusa Cell"
"2222","MC35",2,1670,253,46.104,30.736,-11445925,"Medusa Cell","Medusa Cell"
"2223","MC35",3,1656,301,16.95,11.3,-10128014,"Medusa Cell","Medusa Cell"
"2224","MC35",4,1642,315,6.712,4.475,-10196350,"Medusa Cell","Medusa Cell"
"2225","MC35",5,1616,322,9.128,6.085,-11899794,"Medusa Cell","Medusa Cell"
"2226","MC35",6,1569,303,17.186,11.457,-12031917,"Medusa Cell","Medusa Cell"
"2227","MC35",7,1523,297,15.726,10.484,-12164524,"Medusa Cell","Medusa Cell"
"2228","MC35",8,1494,283,10.917,7.278,-12694716,"Medusa Cell","Medusa Cell"
"2229","MC35",9,1492,281,0.959,0.639,-12299442,"Medusa Cell","Medusa Cell"
"2230","MC35",10,1403,261,30.923,20.616,-12492971,"Medusa Cell","Medusa Cell"
"2231","MC35",11,1320,208,33.384,22.256,-12702901,"Medusa Cell","Medusa Cell"
"2232","MC35",12,1239,129,38.356,25.571,-12886955,"Medusa Cell","Medusa Cell"
"2233","MC35",13,1207,68,23.352,15.568,-10862744,"Medusa Cell","Medusa Cell"
"2234","MC35",14,1174,42,14.242,9.495,-10859931,"Medusa Cell","Medusa Cell"
"2235","MC36",2,1912,325,38.415,25.61,-9212559,"Medusa Cell","Medusa Cell"
"2236","MC36",3,1825,315,29.687,19.791,-10525603,"Medusa Cell","Medusa Cell"
"2237","MC36",4,1751,331,25.666,17.11,-9274506,"Medusa Cell","Medusa Cell"
"2238","MC36",5,1692,343,20.411,13.607,-12765876,"Medusa Cell","Medusa Cell"
"2239","MC36",6,1621,353,24.307,16.204,-11843485,"Medusa Cell","Medusa Cell"
"2240","MC36",7,1559,357,21.062,14.041,-11774630,"Medusa Cell","Medusa Cell"
"2241","MC36",8,1486,388,26.886,17.924,-11976368,"Medusa Cell","Medusa Cell"
"2242","MC36",9,1421,398,22.294,14.863,-9674654,"Medusa Cell","Medusa Cell"
"2243","MC36",10,1322,382,33.996,22.664,-10262669,"Medusa Cell","Medusa Cell"
"2244","MC36",11,1235,370,29.772,19.848,-9863046,"Medusa Cell","Medusa Cell"
"2245","MC36",12,1189,372,15.609,10.406,-10125704,"Medusa Cell","Medusa Cell"
"2246","MC36",13,1118,384,24.41,16.274,-10461080,"Medusa Cell","Medusa Cell"
"2247","MC36",14,1027,406,31.738,21.158,-10131333,"Medusa Cell","Medusa Cell"
"2248","MC36",15,907,388,41.135,27.423,-9863046,"Medusa Cell","Medusa Cell"
"2249","MC36",16,841,374,22.872,15.248,-11640223,"Medusa Cell","Medusa Cell"
"2250","MC36",17,727,400,39.638,26.426,-9277306,"Medusa Cell","Medusa Cell"
"2251","MC36",18,645,414,28.2,18.8,-8814707,"Medusa Cell","Medusa Cell"
"2252","MC36",19,606,503,32.941,21.96,-9994367,"Medusa Cell","Medusa Cell"
"2253","MC36",20,537,608,42.593,28.395,-10324625,"Medusa Cell","Medusa Cell"
"2254","MC36",21,473,677,31.904,21.269,-7829609,"Medusa Cell","Medusa Cell"
"2255","MC36",22,402,740,32.178,21.452,-8748663,"Medusa Cell","Medusa Cell"
"2256","MC36",23,382,782,15.77,10.513,-10587023,"Medusa Cell","Medusa Cell"
"2257","MC36",24,368,796,6.712,4.475,-9599611,"Medusa Cell","Medusa Cell"
"2258","MC36",25,331,843,20.278,13.519,-10719122,"Medusa Cell","Medusa Cell"
"2259","MC36",26,281,911,28.613,19.075,-9732753,"Medusa Cell","Medusa Cell"
"2260","MC36",27,230,946,20.969,13.979,-10197641,"Medusa Cell","Medusa Cell"
"2261","MC36",28,218,950,4.288,2.859,-9274492,"Medusa Cell","Medusa Cell"
"2262","MC36",29,220,930,6.814,4.543,-10129039,"Medusa Cell","Medusa Cell"
"2263","MC36",30,175,1021,34.415,22.943,-9342859,"Medusa Cell","Medusa Cell"
"2264","MC36",31,97,1100,37.635,25.09,-10983321,"Medusa Cell","Medusa Cell"
"2265","MC36",32,18,1144,30.655,20.436,-9998215,"Medusa Cell","Medusa Cell"
"2266","MC37",2,279,1793,34.971,23.314,-9142657,"Medusa Cell","Medusa Cell"
"2267","MC37",3,260,1656,46.888,31.258,-9606028,"Medusa Cell","Medusa Cell"
"2268","MC37",4,264,1490,56.29,37.527,-9213583,"Medusa Cell","Medusa Cell"
"2269","MC37",5,277,1312,60.503,40.335,-11058086,"Medusa Cell","Medusa Cell"
"2270","MC37",6,181,1213,46.749,31.166,-8811651,"Medusa Cell","Medusa Cell"
"2271","MC37",7,80,1150,40.354,26.903,-8417146,"Medusa Cell","Medusa Cell"
"2272","MC37",8,18,1102,26.581,17.72,-12171945,"Medusa Cell","Medusa Cell"
"1","C1",2,404,404,3.125,2.084,-11051158,"Control","Coenocyte"
"2","C1",3,406,408,1.516,1.011,-10457489,"Control","Coenocyte"
"3","C1",4,408,404,1.516,1.011,-9737617,"Control","Coenocyte"
"4","C1",5,408,406,0.678,0.452,-9539735,"Control","Coenocyte"
"5","C1",6,402,408,2.144,1.429,-10591888,"Control","Coenocyte"
"6","C1",7,408,408,2.034,1.356,-8554122,"Control","Coenocyte"
"7","C1",8,406,408,0.678,0.452,-10064798,"Control","Coenocyte"
"8","C1",9,406,408,0,0,-9473944,"Control","Coenocyte"
"9","C1",10,402,406,1.516,1.011,-10262431,"Control","Coenocyte"
"10","C1",11,404,408,0.959,0.639,-9276822,"Control","Coenocyte"
"11","C1",12,404,408,0,0,-9212830,"Control","Coenocyte"
"12","C1",13,404,408,0,0,-8816014,"Control","Coenocyte"
"13","C1",14,400,408,1.356,0.904,-9407122,"Control","Coenocyte"
"14","C1",15,400,408,0,0,-10196135,"Control","Coenocyte"
"15","C1",16,400,408,0,0,-9801367,"Control","Coenocyte"
"16","C1",17,400,408,0,0,-8947089,"Control","Coenocyte"
"17","C1",18,400,408,0,0,-9538972,"Control","Coenocyte"
"18","C1",19,400,408,0,0,-8814721,"Control","Coenocyte"
"19","C1",20,400,408,0,0,-8355710,"Control","Coenocyte"
"20","C1",21,398,408,0.678,0.452,-9668238,"Control","Coenocyte"
"21","C1",22,398,410,0.678,0.452,-9538446,"Control","Coenocyte"
"22","C1",23,398,410,0,0,-9604501,"Control","Coenocyte"
"23","C1",24,398,410,0,0,-9275282,"Control","Coenocyte"
"24","C1",25,398,410,0,0,-9012629,"Control","Coenocyte"
"25","C1",26,398,410,0,0,-9274506,"Control","Coenocyte"
"26","C1",27,398,410,0,0,-9143437,"Control","Coenocyte"
"27","C1",28,398,410,0,0,-8552842,"Control","Coenocyte"
"28","C1",29,398,410,0,0,-8814731,"Control","Coenocyte"
"29","C1",30,398,410,0,0,-9144466,"Control","Coenocyte"
"30","C1",31,398,410,0,0,-8618632,"Control","Coenocyte"
"31","C1",32,398,410,0,0,-9012880,"Control","Coenocyte"
"32","C1",33,398,410,0,0,-9539222,"Control","Coenocyte"
"33","C1",34,398,410,0,0,-8947340,"Control","Coenocyte"
"34","C1",35,398,410,0,0,-9208725,"Control","Coenocyte"
"35","C1",36,398,408,0.678,0.452,-8616841,"Control","Coenocyte"
"36","C1",37,398,408,0,0,-8485770,"Control","Coenocyte"
"37","C1",38,398,408,0,0,-9801115,"Control","Coenocyte"
"38","C1",39,398,406,0.678,0.452,-9472663,"Control","Coenocyte"
"39","C1",40,398,404,0.678,0.452,-7240305,"Control","Coenocyte"
"40","C1",41,389,404,3.051,2.034,-8158345,"Control","Coenocyte"
"41","C1",42,389,404,0,0,-7238519,"Control","Coenocyte"
"42","C1",43,389,404,0,0,-7565944,"Control","Coenocyte"
"43","C1",44,387,406,0.959,0.639,-8750218,"Control","Coenocyte"
"44","C1",45,387,406,0,0,-9210772,"Control","Coenocyte"
"45","C1",46,387,406,0,0,-8290950,"Control","Coenocyte"
"46","C1",47,387,406,0,0,-8356500,"Control","Coenocyte"
"47","C1",48,387,406,0,0,-8093579,"Control","Coenocyte"
"48","C1",49,387,406,0,0,-7633028,"Control","Coenocyte"
"49","C1",50,387,408,0.678,0.452,-8225684,"Control","Coenocyte"
"50","C1",51,387,408,0,0,-8487576,"Control","Coenocyte"
"51","C1",52,387,413,1.695,1.13,-9408412,"Control","Coenocyte"
"52","C1",53,387,413,0,0,-9473934,"Control","Coenocyte"
"53","C1",54,387,413,0,0,-9407891,"Control","Coenocyte"
"54","C1",55,387,413,0,0,-9606040,"Control","Coenocyte"
"55","C1",56,387,413,0,0,-9408649,"Control","Coenocyte"
"56","C1",57,387,408,1.695,1.13,-8748679,"Control","Coenocyte"
"57","C1",58,387,408,0,0,-8881296,"Control","Coenocyte"
"58","C1",59,387,408,0,0,-8355211,"Control","Coenocyte"
"59","C1",60,387,408,0,0,-9144728,"Control","Coenocyte"
"60","C1",61,387,408,0,0,-8814731,"Control","Coenocyte"
"61","C1",62,387,408,0,0,-8420745,"Control","Coenocyte"
"62","C1",63,387,408,0,0,-8421256,"Control","Coenocyte"
"63","C1",64,387,408,0,0,-8287874,"Control","Coenocyte"
"64","C1",65,385,408,0.678,0.452,-8880273,"Control","Coenocyte"
"65","C1",66,385,408,0,0,-8552064,"Control","Coenocyte"
"66","C1",67,385,408,0,0,-9076103,"Control","Coenocyte"
"67","C1",68,385,408,0,0,-9470084,"Control","Coenocyte"
"68","C1",69,385,408,0,0,-9798281,"Control","Coenocyte"
"69","C1",70,385,408,0,0,-9403010,"Control","Coenocyte"
"70","C1",71,385,408,0,0,-9206919,"Control","Coenocyte"
"71","C1",72,385,408,0,0,-9667213,"Control","Coenocyte"
"72","C1",73,385,408,0,0,-9404037,"Control","Coenocyte"
"73","C1",74,385,408,0,0,-9339527,"Control","Coenocyte"
"74","C1",75,385,408,0,0,-8352648,"Control","Coenocyte"
"75","C1",76,385,408,0,0,-9602445,"Control","Coenocyte"
"76","C1",77,385,408,0,0,-9340045,"Control","Coenocyte"
"77","C1",78,385,408,0,0,-8486017,"Control","Coenocyte"
"78","C1",79,387,406,0.959,0.639,-10589073,"Control","Coenocyte"
"79","C1",80,387,408,0.678,0.452,-9273216,"Control","Coenocyte"
"80","C1",81,387,408,0,0,-9470343,"Control","Coenocyte"
"81","C1",82,387,408,0,0,-10259851,"Control","Coenocyte"
"82","C1",83,387,408,0,0,-9207420,"Control","Coenocyte"
"83","C1",84,383,410,1.516,1.011,-9275009,"Control","Coenocyte"
"84","C1",85,385,410,0.678,0.452,-9537664,"Control","Coenocyte"
"85","C1",86,385,410,0,0,-9798530,"Control","Coenocyte"
"86","C1",87,385,410,0,0,-10194315,"Control","Coenocyte"
"87","C1",88,385,410,0,0,-10521230,"Control","Coenocyte"
"88","C1",89,387,413,1.222,0.815,-8025459,"Control","Coenocyte"
"89","C1",90,387,413,0,0,-8550519,"Control","Coenocyte"
"90","C1",91,389,410,1.222,0.815,-9009014,"Control","Coenocyte"
"91","C1",92,389,410,0,0,-8812413,"Control","Coenocyte"
"92","C1",93,389,410,0,0,-9600128,"Control","Coenocyte"
"93","C1",94,387,410,0.678,0.452,-10063501,"Control","Coenocyte"
"94","C1",95,387,410,0,0,-11113616,"Control","Coenocyte"
"95","C1",96,387,410,0,0,-11838103,"Control","Coenocyte"
"96","C1",97,387,410,0,0,-11839392,"Control","Coenocyte"
"97","C1",98,387,410,0,0,-11443355,"Control","Coenocyte"
"98","C1",99,387,410,0,0,-11049113,"Control","Coenocyte"
"99","C1",100,389,410,0.678,0.452,-9534847,"Control","Coenocyte"
"100","C2",2,1782,645,1.516,1.011,-8356726,"Control","Coenocyte"
"101","C2",3,1782,645,0,0,-8816251,"Control","Coenocyte"
"102","C2",4,1782,645,0,0,-9210233,"Control","Coenocyte"
"103","C2",5,1782,645,0,0,-9475207,"Control","Coenocyte"
"104","C2",6,1782,652,2.373,1.582,-9931923,"Control","Coenocyte"
"105","C2",7,1782,652,0,0,-8682369,"Control","Coenocyte"
"106","C2",8,1782,652,0,0,-10455941,"Control","Coenocyte"
"107","C2",9,1771,649,3.865,2.577,-8816514,"Control","Coenocyte"
"108","C2",10,1771,649,0,0,-9013632,"Control","Coenocyte"
"109","C2",11,1775,649,1.356,0.904,-9996679,"Control","Coenocyte"
"110","C2",12,1775,649,0,0,-9143170,"Control","Coenocyte"
"111","C2",13,1775,649,0,0,-9211524,"Control","Coenocyte"
"112","C2",14,1777,649,0.678,0.452,-8685180,"Control","Coenocyte"
"113","C2",15,1784,647,2.468,1.645,-10256779,"Control","Coenocyte"
"114","C2",16,1782,649,0.959,0.639,-9732739,"Control","Coenocyte"
"115","C2",17,1777,652,1.977,1.318,-8881266,"Control","Coenocyte"
"116","C2",18,1777,649,1.017,0.678,-9605252,"Control","Coenocyte"
"117","C2",19,1777,649,0,0,-9274235,"Control","Coenocyte"
"118","C2",20,1780,649,1.017,0.678,-9273203,"Control","Coenocyte"
"119","C2",21,1780,649,0,0,-9735550,"Control","Coenocyte"
"120","C2",22,1780,649,0,0,-9537155,"Control","Coenocyte"
"121","C2",23,1780,649,0,0,-9668992,"Control","Coenocyte"
"122","C2",24,1780,647,0.678,0.452,-9537658,"Control","Coenocyte"
"123","C2",25,1780,649,0.678,0.452,-9471362,"Control","Coenocyte"
"124","C2",26,1780,649,0,0,-9733505,"Control","Coenocyte"
"125","C2",27,1780,649,0,0,-9534845,"Control","Coenocyte"
"126","C2",28,1771,649,3.051,2.034,-9144188,"Control","Coenocyte"
"127","C2",29,1773,654,1.826,1.217,-9604488,"Control","Coenocyte"
"128","C2",30,1773,654,0,0,-9277825,"Control","Coenocyte"
"129","C2",31,1773,652,0.678,0.452,-9406593,"Control","Coenocyte"
"130","C2",32,1775,647,1.826,1.217,-9801602,"Control","Coenocyte"
"131","C2",33,1777,652,1.826,1.217,-9932173,"Control","Coenocyte"
"132","C2",34,1777,652,0,0,-9602178,"Control","Coenocyte"
"133","C2",35,1777,652,0,0,-9340548,"Control","Coenocyte"
"134","C2",36,1777,649,1.017,0.678,-9274492,"Control","Coenocyte"
"135","C2",37,1777,649,0,0,-9145721,"Control","Coenocyte"
"136","C2",38,1777,649,0,0,-9605502,"Control","Coenocyte"
"137","C2",39,1777,649,0,0,-9671294,"Control","Coenocyte"
"138","C2",40,1780,652,1.438,0.959,-10391688,"Control","Coenocyte"
"139","C2",41,1773,649,2.582,1.721,-10191746,"Control","Coenocyte"
"140","C2",42,1773,649,0,0,-9930886,"Control","Coenocyte"
"141","C2",43,1771,652,1.222,0.815,-9142144,"Control","Coenocyte"
"142","C2",44,1771,652,0,0,-9601919,"Control","Coenocyte"
"143","C2",45,1769,649,1.222,0.815,-9670284,"Control","Coenocyte"
"144","C2",46,1765,649,1.356,0.904,-9144701,"Control","Coenocyte"
"145","C2",47,1765,649,0,0,-9937290,"Control","Coenocyte"
"146","C2",48,1767,647,0.959,0.639,-9145721,"Control","Coenocyte"
"147","C2",49,1765,645,0.959,0.639,-9541248,"Control","Coenocyte"
"148","C2",50,1761,649,1.918,1.278,-8094068,"Control","Coenocyte"
"149","C2",51,1761,649,0,0,-8225157,"Control","Coenocyte"
"150","C2",52,1761,649,0,0,-8422008,"Control","Coenocyte"
"151","C2",53,1765,647,1.516,1.011,-8685690,"Control","Coenocyte"
"152","C2",54,1767,647,0.678,0.452,-7962216,"Control","Coenocyte"
"153","C2",55,1767,652,1.695,1.13,-8026990,"Control","Coenocyte"
"154","C2",56,1767,649,1.017,0.678,-8222057,"Control","Coenocyte"
"155","C2",57,1763,647,1.516,1.011,-8748395,"Control","Coenocyte"
"156","C2",58,1765,645,0.959,0.639,-9276537,"Control","Coenocyte"
"157","C2",59,1765,645,0,0,-8881779,"Control","Coenocyte"
"158","C2",60,1767,647,0.959,0.639,-9474685,"Control","Coenocyte"
"159","C2",61,1767,647,0,0,-8290158,"Control","Coenocyte"
"160","C2",62,1763,647,1.356,0.904,-8026739,"Control","Coenocyte"
"161","C2",63,1763,647,0,0,-8289143,"Control","Coenocyte"
"162","C2",64,1765,645,0.959,0.639,-8289393,"Control","Coenocyte"
"163","C2",65,1765,645,0,0,-8355175,"Control","Coenocyte"
"164","C2",66,1765,643,0.678,0.452,-9075058,"Control","Coenocyte"
"165","C2",67,1765,643,0,0,-8745834,"Control","Coenocyte"
"166","C2",68,1765,645,0.678,0.452,-8682355,"Control","Coenocyte"
"167","C2",69,1761,645,1.356,0.904,-9406842,"Control","Coenocyte"
"168","C2",70,1759,645,0.678,0.452,-9797493,"Control","Coenocyte"
"169","C2",71,1761,647,0.959,0.639,-9207420,"Control","Coenocyte"
"170","C2",72,1761,647,0,0,-9601668,"Control","Coenocyte"
"171","C2",73,1761,647,0,0,-9602178,"Control","Coenocyte"
"172","C2",74,1761,647,0,0,-10917779,"Control","Coenocyte"
"173","C2",75,1761,647,0,0,-10260108,"Control","Coenocyte"
"174","C2",76,1763,649,0.959,0.639,-10392973,"Control","Coenocyte"
"175","C2",77,1767,647,1.516,1.011,-10130064,"Control","Coenocyte"
"176","C2",78,1765,647,0.678,0.452,-9602950,"Control","Coenocyte"
"177","C2",79,1763,647,0.678,0.452,-9339273,"Control","Coenocyte"
"178","C2",80,1763,652,1.695,1.13,-10322570,"Control","Coenocyte"
"179","C2",81,1767,649,1.695,1.13,-10979983,"Control","Coenocyte"
"180","C2",82,1773,652,2.274,1.516,-9931137,"Control","Coenocyte"
"181","C2",83,1777,652,1.356,0.904,-9274996,"Control","Coenocyte"
"182","C2",84,1777,647,1.695,1.13,-9275256,"Control","Coenocyte"
"183","C2",85,1771,647,2.034,1.356,-9866379,"Control","Coenocyte"
"184","C2",86,1773,647,0.678,0.452,-9864074,"Control","Coenocyte"
"185","C2",87,1777,649,1.516,1.011,-9866122,"Control","Coenocyte"
"186","C2",88,1777,647,0.678,0.452,-9733238,"Control","Coenocyte"
"187","C2",89,1777,649,0.678,0.452,-10060932,"Control","Coenocyte"
"188","C2",90,1773,652,1.695,1.13,-10325391,"Control","Coenocyte"
"189","C2",91,1773,647,1.695,1.13,-10524551,"Control","Coenocyte"
"190","C2",92,1775,647,0.678,0.452,-11048589,"Control","Coenocyte"
"191","C2",93,1775,649,0.678,0.452,-9139840,"Control","Coenocyte"
"192","C2",94,1777,649,0.678,0.452,-9469830,"Control","Coenocyte"
"193","C2",95,1777,649,0,0,-9341567,"Control","Coenocyte"
"194","C2",96,1777,649,0,0,-9933186,"Control","Coenocyte"
"195","C2",97,1777,649,0,0,-9994115,"Control","Coenocyte"
"196","C2",98,1780,649,1.017,0.678,-9535625,"Control","Coenocyte"
"197","C2",99,1780,649,0,0,-9666180,"Control","Coenocyte"
"198","C2",100,1780,649,0,0,-9534598,"Control","Coenocyte"
"199","C3",2,2495,933,2.582,1.721,-8617330,"Control","Coenocyte"
"200","C3",3,2495,928,1.695,1.13,-9208190,"Control","Coenocyte"
"201","C3",4,2495,928,0,0,-8750462,"Control","Coenocyte"
"202","C3",5,2495,928,0,0,-8421495,"Control","Coenocyte"
"203","C3",6,2492,928,1.017,0.678,-7960176,"Control","Coenocyte"
"204","C3",7,2490,928,0.678,0.452,-8813683,"Control","Coenocyte"
"205","C3",8,2488,924,1.516,1.011,-8551024,"Control","Coenocyte"
"206","C3",9,2480,928,3.032,2.021,-8881017,"Control","Coenocyte"
"207","C3",10,2474,926,2.144,1.429,-8750468,"Control","Coenocyte"
"208","C3",11,2480,926,2.034,1.356,-9143159,"Control","Coenocyte"
"209","C3",12,2480,924,0.678,0.452,-8879997,"Control","Coenocyte"
"210","C3",13,2480,924,0,0,-9077113,"Control","Coenocyte"
"211","C3",14,2480,930,2.034,1.356,-8355955,"Control","Coenocyte"
"212","C3",15,2486,926,2.445,1.63,-9733253,"Control","Coenocyte"
"213","C3",16,2486,933,2.373,1.582,-8287599,"Control","Coenocyte"
"214","C3",17,2488,930,1.222,0.815,-8552816,"Control","Coenocyte"
"215","C3",18,2490,930,0.678,0.452,-9669252,"Control","Coenocyte"
"216","C3",19,2484,924,2.877,1.918,-9339257,"Control","Coenocyte"
"217","C3",20,2486,928,1.516,1.011,-8683891,"Control","Coenocyte"
"218","C3",21,2482,926,1.516,1.011,-9339523,"Control","Coenocyte"
"219","C3",22,2488,924,2.144,1.429,-8881517,"Control","Coenocyte"
"220","C3",23,2488,928,1.356,0.904,-9996939,"Control","Coenocyte"
"221","C3",24,2482,930,2.144,1.429,-9469563,"Control","Coenocyte"
"222","C3",25,2480,933,1.222,0.815,-9142646,"Control","Coenocyte"
"223","C3",26,2478,928,1.826,1.217,-9339778,"Control","Coenocyte"
"224","C3",27,2486,930,2.795,1.864,-9337971,"Control","Coenocyte"
"225","C3",28,2482,933,1.695,1.13,-9667974,"Control","Coenocyte"
"226","C3",29,2486,935,1.516,1.011,-9075323,"Control","Coenocyte"
"227","C3",30,2476,935,3.39,2.26,-8550773,"Control","Coenocyte"
"228","C3",31,2471,930,2.397,1.598,-8616817,"Control","Coenocyte"
"229","C3",32,2478,924,3.125,2.084,-8420719,"Control","Coenocyte"
"230","C3",33,2480,930,2.144,1.429,-9011320,"Control","Coenocyte"
"231","C3",34,2480,930,0,0,-8618358,"Control","Coenocyte"
"232","C3",35,2482,930,0.678,0.452,-8552814,"Control","Coenocyte"
"233","C3",36,2480,937,2.468,1.645,-8616304,"Control","Coenocyte"
"234","C3",37,2480,928,3.051,2.034,-8681848,"Control","Coenocyte"
"235","C3",38,2492,924,4.288,2.859,-9206912,"Control","Coenocyte"
"236","C3",39,2488,924,1.356,0.904,-9140600,"Control","Coenocyte"
"237","C3",40,2486,928,1.516,1.011,-9272962,"Control","Coenocyte"
"238","C3",41,2478,928,2.712,1.808,-9734269,"Control","Coenocyte"
"239","C3",42,2476,926,0.959,0.639,-8944500,"Control","Coenocyte"
"240","C3",43,2486,920,3.953,2.636,-8813434,"Control","Coenocyte"
"241","C3",44,2482,928,3.032,2.021,-8880500,"Control","Coenocyte"
"242","C3",45,2474,928,2.712,1.808,-8816512,"Control","Coenocyte"
"243","C3",46,2461,928,4.407,2.938,-9143169,"Control","Coenocyte"
"244","C3",47,2459,926,0.959,0.639,-8749179,"Control","Coenocyte"
"245","C3",48,2465,924,2.144,1.429,-8682618,"Control","Coenocyte"
"246","C3",49,2467,926,0.959,0.639,-8156023,"Control","Coenocyte"
"247","C3",50,2467,930,1.356,0.904,-8881794,"Control","Coenocyte"
"248","C3",51,2465,928,0.959,0.639,-8355704,"Control","Coenocyte"
"249","C3",52,2467,930,0.959,0.639,-9208963,"Control","Coenocyte"
"250","C3",53,2467,930,0,0,-8684669,"Control","Coenocyte"
"251","C3",54,2465,926,1.516,1.011,-8420725,"Control","Coenocyte"
"252","C3",55,2465,928,0.678,0.452,-8683640,"Control","Coenocyte"
"253","C3",56,2467,926,0.959,0.639,-8618355,"Control","Coenocyte"
"254","C3",57,2467,926,0,0,-8748663,"Control","Coenocyte"
"255","C3",58,2471,933,2.733,1.822,-8945280,"Control","Coenocyte"
"256","C3",59,2471,928,1.695,1.13,-8748912,"Control","Coenocyte"
"257","C3",60,2467,930,1.516,1.011,-9211009,"Control","Coenocyte"
"258","C3",61,2463,930,1.356,0.904,-8879477,"Control","Coenocyte"
"259","C3",62,2465,928,0.959,0.639,-8550529,"Control","Coenocyte"
"260","C3",63,2469,922,2.445,1.63,-9403513,"Control","Coenocyte"
"261","C3",64,2467,920,0.959,0.639,-8813181,"Control","Coenocyte"
"262","C3",65,2467,924,1.356,0.904,-9337469,"Control","Coenocyte"
"263","C3",66,2471,924,1.356,0.904,-9141629,"Control","Coenocyte"
"264","C3",67,2476,926,1.826,1.217,-9076335,"Control","Coenocyte"
"265","C3",68,2474,930,1.516,1.011,-9274232,"Control","Coenocyte"
"266","C3",69,2467,930,2.373,1.582,-9142649,"Control","Coenocyte"
"267","C3",70,2467,935,1.695,1.13,-9075828,"Control","Coenocyte"
"268","C3",71,2471,930,2.171,1.447,-9208693,"Control","Coenocyte"
"269","C3",72,2465,928,2.144,1.429,-9339509,"Control","Coenocyte"
"270","C3",73,2465,930,0.678,0.452,-9536629,"Control","Coenocyte"
"271","C3",74,2465,935,1.695,1.13,-9735296,"Control","Coenocyte"
"272","C3",75,2465,928,2.373,1.582,-9143672,"Control","Coenocyte"
"273","C3",76,2463,928,0.678,0.452,-9802105,"Control","Coenocyte"
"274","C3",77,2467,930,1.516,1.011,-9211264,"Control","Coenocyte"
"275","C3",78,2467,933,1.017,0.678,-9603199,"Control","Coenocyte"
"276","C3",79,2476,930,3.216,2.144,-9144440,"Control","Coenocyte"
"277","C3",80,2465,935,4.096,2.731,-9339008,"Control","Coenocyte"
"278","C3",81,2465,937,0.678,0.452,-8420978,"Control","Coenocyte"
"279","C3",82,2469,935,1.516,1.011,-9535358,"Control","Coenocyte"
"280","C3",83,2471,939,1.516,1.011,-9470582,"Control","Coenocyte"
"281","C3",84,2453,939,6.102,4.068,-9274492,"Control","Coenocyte"
"282","C3",85,2463,941,3.457,2.305,-9800327,"Control","Coenocyte"
"283","C3",86,2457,941,2.034,1.356,-8749684,"Control","Coenocyte"
"284","C3",87,2465,930,4.611,3.074,-8749682,"Control","Coenocyte"
"285","C3",88,2463,939,3.125,2.084,-8878960,"Control","Coenocyte"
"286","C3",89,2461,941,0.959,0.639,-8813945,"Control","Coenocyte"
"287","C3",90,2465,939,1.516,1.011,-9012086,"Control","Coenocyte"
"288","C3",91,2467,935,1.516,1.011,-9338745,"Control","Coenocyte"
"289","C3",92,2463,941,2.445,1.63,-8813434,"Control","Coenocyte"
"290","C3",93,2461,937,1.516,1.011,-8880502,"Control","Coenocyte"
"291","C3",94,2459,939,0.959,0.639,-8880752,"Control","Coenocyte"
"292","C3",95,2467,933,3.39,2.26,-9077618,"Control","Coenocyte"
"293","C3",96,2467,926,2.373,1.582,-9471611,"Control","Coenocyte"
"294","C3",97,2474,922,2.733,1.822,-9404799,"Control","Coenocyte"
"295","C3",98,2474,914,2.712,1.808,-9142900,"Control","Coenocyte"
"296","C3",99,2476,924,3.457,2.305,-9144442,"Control","Coenocyte"
"297","C3",100,2474,926,0.959,0.639,-9012086,"Control","Coenocyte"
"298","C4",2,977,1025,1.222,0.815,-9403523,"Control","Coenocyte"
"299","C4",3,974,1023,1.222,0.815,-10324625,"Control","Coenocyte"
"300","C4",4,964,1027,3.651,2.434,-12496295,"Control","Coenocyte"
"301","C4",5,970,1029,2.144,1.429,-10523797,"Control","Coenocyte"
"302","C4",6,970,1029,0,0,-10062472,"Control","Coenocyte"
"303","C4",7,972,1029,0.678,0.452,-9207687,"Control","Coenocyte"
"304","C4",8,970,1025,1.516,1.011,-10852248,"Control","Coenocyte"
"305","C4",9,972,1027,0.959,0.639,-9604750,"Control","Coenocyte"
"306","C4",10,972,1027,0,0,-11050396,"Control","Coenocyte"
"307","C4",11,972,1027,0,0,-11049627,"Control","Coenocyte"
"308","C4",12,970,1027,0.678,0.452,-10983331,"Control","Coenocyte"
"309","C4",13,972,1025,0.959,0.639,-10589863,"Control","Coenocyte"
"310","C4",14,972,1025,0,0,-10919580,"Control","Coenocyte"
"311","C4",15,972,1025,0,0,-12169648,"Control","Coenocyte"
"312","C4",16,972,1025,0,0,-10655395,"Control","Coenocyte"
"313","C4",17,964,1029,3.032,2.021,-11780259,"Control","Coenocyte"
"314","C4",18,966,1029,0.678,0.452,-12367276,"Control","Coenocyte"
"315","C4",19,970,1025,1.918,1.278,-12171704,"Control","Coenocyte"
"316","C4",20,970,1023,0.678,0.452,-10455710,"Control","Coenocyte"
"317","C4",21,970,1023,0,0,-10256284,"Control","Coenocyte"
"318","C4",22,970,1023,0,0,-10589851,"Control","Coenocyte"
"319","C4",23,970,1023,0,0,-11445164,"Control","Coenocyte"
"320","C4",24,968,1021,0.959,0.639,-10852263,"Control","Coenocyte"
"321","C4",25,968,1021,0,0,-10456476,"Control","Coenocyte"
"322","C4",26,968,1021,0,0,-10325401,"Control","Coenocyte"
"323","C4",27,968,1021,0,0,-9537690,"Control","Coenocyte"
"324","C4",28,968,1021,0,0,-10921891,"Control","Coenocyte"
"325","C4",29,974,1018,2.274,1.516,-9207689,"Control","Coenocyte"
"326","C4",30,970,1018,1.356,0.904,-10589594,"Control","Coenocyte"
"327","C4",31,972,1021,1.222,0.815,-10064285,"Control","Coenocyte"
"328","C4",32,972,1021,0,0,-10986405,"Control","Coenocyte"
"329","C4",33,970,1018,1.222,0.815,-11316385,"Control","Coenocyte"
"330","C4",34,970,1018,0,0,-10133904,"Control","Coenocyte"
"331","C4",35,968,1018,0.678,0.452,-10655638,"Control","Coenocyte"
"332","C4",36,968,1018,0,0,-10326155,"Control","Coenocyte"
"333","C4",37,972,1016,1.516,1.011,-10725022,"Control","Coenocyte"
"334","C4",38,970,1016,0.678,0.452,-11117727,"Control","Coenocyte"
"335","C4",39,970,1016,0,0,-10724511,"Control","Coenocyte"
"336","C4",40,970,1016,0,0,-9931412,"Control","Coenocyte"
"337","C4",41,958,1018,4.124,2.749,-9870232,"Control","Coenocyte"
"338","C4",42,958,1016,0.678,0.452,-8949908,"Control","Coenocyte"
"339","C4",43,958,1016,0,0,-8552565,"Control","Coenocyte"
"340","C4",44,958,1018,0.678,0.452,-9474957,"Control","Coenocyte"
"341","C4",45,956,1018,0.678,0.452,-8092029,"Control","Coenocyte"
"342","C4",46,956,1018,0,0,-10129562,"Control","Coenocyte"
"343","C4",47,956,1018,0,0,-8158081,"Control","Coenocyte"
"344","C4",48,953,1021,1.438,0.959,-8814471,"Control","Coenocyte"
"345","C4",49,958,1018,1.977,1.318,-7762286,"Control","Coenocyte"
"346","C4",50,958,1018,0,0,-8420741,"Control","Coenocyte"
"347","C4",51,958,1021,1.017,0.678,-7895163,"Control","Coenocyte"
"348","C4",52,958,1023,0.678,0.452,-9406868,"Control","Coenocyte"
"349","C4",53,953,1021,1.826,1.217,-7894899,"Control","Coenocyte"
"350","C4",54,953,1021,0,0,-7830898,"Control","Coenocyte"
"351","C4",55,953,1018,1.017,0.678,-8558196,"Control","Coenocyte"
"352","C4",56,951,1018,0.678,0.452,-8619133,"Control","Coenocyte"
"353","C4",57,951,1018,0,0,-8882810,"Control","Coenocyte"
"354","C4",58,949,1023,1.826,1.217,-8354184,"Control","Coenocyte"
"355","C4",59,949,1021,0.678,0.452,-8620416,"Control","Coenocyte"
"356","C4",60,949,1021,0,0,-9077125,"Control","Coenocyte"
"357","C4",61,949,1033,4.068,2.712,-8685186,"Control","Coenocyte"
"358","C4",62,945,1037,1.918,1.278,-9211031,"Control","Coenocyte"
"359","C4",63,945,1037,0,0,-10066589,"Control","Coenocyte"
"360","C4",64,945,1039,0.678,0.452,-8951685,"Control","Coenocyte"
"361","C4",65,945,1039,0,0,-8688260,"Control","Coenocyte"
"362","C4",66,937,1044,3.198,2.132,-10522267,"Control","Coenocyte"
"363","C4",67,926,1046,3.79,2.527,-10522770,"Control","Coenocyte"
"364","C4",68,930,1037,3.339,2.226,-8023924,"Control","Coenocyte"
"365","C4",69,933,1029,2.896,1.931,-11056018,"Control","Coenocyte"
"366","C4",70,941,1018,4.611,3.074,-8877428,"Control","Coenocyte"
"367","C4",71,937,1027,3.339,2.226,-10526355,"Control","Coenocyte"
"368","C4",72,935,1025,0.959,0.639,-9013642,"Control","Coenocyte"
"369","C4",73,935,1023,0.678,0.452,-8553343,"Control","Coenocyte"
"370","C4",74,937,1023,0.678,0.452,-11382690,"Control","Coenocyte"
"371","C4",75,939,1021,0.959,0.639,-10327964,"Control","Coenocyte"
"372","C4",76,939,1025,1.356,0.904,-10920879,"Control","Coenocyte"
"373","C4",77,941,1025,0.678,0.452,-12241074,"Control","Coenocyte"
"374","C4",78,941,1025,0,0,-9281955,"Control","Coenocyte"
"375","C4",79,943,1027,0.959,0.639,-11512996,"Control","Coenocyte"
"376","C4",80,941,1027,0.678,0.452,-12762804,"Control","Coenocyte"
"377","C4",81,937,1027,1.356,0.904,-12562606,"Control","Coenocyte"
"378","C4",82,941,1027,1.356,0.904,-11115417,"Control","Coenocyte"
"379","C4",83,945,1027,1.356,0.904,-11246756,"Control","Coenocyte"
"380","C4",84,943,1031,1.516,1.011,-12760236,"Control","Coenocyte"
"381","C4",85,947,1031,1.356,0.904,-12629947,"Control","Coenocyte"
"382","C4",86,945,1035,1.516,1.011,-11446954,"Control","Coenocyte"
"383","C4",87,947,1035,0.678,0.452,-11251892,"Control","Coenocyte"
"384","C4",88,949,1033,0.959,0.639,-12635050,"Control","Coenocyte"
"385","C4",89,949,1039,2.034,1.356,-11968686,"Control","Coenocyte"
"386","C4",90,951,1042,1.222,0.815,-11509164,"Control","Coenocyte"
"387","C4",91,947,1039,1.695,1.13,-12233397,"Control","Coenocyte"
"388","C4",92,943,1039,1.356,0.904,-13482427,"Control","Coenocyte"
"389","C4",93,937,1035,2.445,1.63,-11509166,"Control","Coenocyte"
"390","C4",94,930,1035,2.373,1.582,-13685959,"Control","Coenocyte"
"391","C4",95,937,1035,2.373,1.582,-10591910,"Control","Coenocyte"
"392","C4",96,937,1035,0,0,-9998243,"Control","Coenocyte"
"393","C4",97,939,1042,2.468,1.645,-11119782,"Control","Coenocyte"
"394","C4",98,945,1044,2.144,1.429,-11703471,"Control","Coenocyte"
"395","C4",99,937,1033,4.611,3.074,-11579310,"Control","Coenocyte"
"396","C4",100,933,1027,2.445,1.63,-9670293,"Control","Coenocyte"
"397","C5",2,289,1633,2.445,1.63,-12560043,"Control","Coenocyte"
"398","C5",3,291,1635,0.959,0.639,-12298664,"Control","Coenocyte"
"399","C5",4,291,1635,0,0,-12298411,"Control","Coenocyte"
"400","C5",5,291,1633,0.678,0.452,-12495020,"Control","Coenocyte"
"401","C5",6,289,1637,1.516,1.011,-12428973,"Control","Coenocyte"
"402","C5",7,289,1637,0,0,-11048595,"Control","Coenocyte"
"403","C5",8,289,1641,1.356,0.904,-9733766,"Control","Coenocyte"
"404","C5",9,291,1641,0.678,0.452,-10194064,"Control","Coenocyte"
"405","C5",10,291,1647,2.034,1.356,-8224890,"Control","Coenocyte"
"406","C5",11,287,1647,1.356,0.904,-9142659,"Control","Coenocyte"
"407","C5",12,285,1645,0.959,0.639,-10390934,"Control","Coenocyte"
"408","C5",13,283,1647,0.959,0.639,-9665404,"Control","Coenocyte"
"409","C5",14,276,1645,2.468,1.645,-11775143,"Control","Coenocyte"
"410","C5",15,276,1643,0.678,0.452,-12694449,"Control","Coenocyte"
"411","C5",16,276,1643,0,0,-12695471,"Control","Coenocyte"
"412","C5",17,278,1643,0.678,0.452,-12954790,"Control","Coenocyte"
"413","C5",18,278,1645,0.678,0.452,-12299181,"Control","Coenocyte"
"414","C5",19,276,1643,0.959,0.639,-12365476,"Control","Coenocyte"
"415","C5",20,276,1643,0,0,-12827306,"Control","Coenocyte"
"416","C5",21,278,1643,0.678,0.452,-12496308,"Control","Coenocyte"
"417","C5",22,276,1645,0.959,0.639,-12300972,"Control","Coenocyte"
"418","C5",23,276,1647,0.678,0.452,-12758704,"Control","Coenocyte"
"419","C5",24,276,1647,0,0,-12891820,"Control","Coenocyte"
"420","C5",25,274,1650,1.222,0.815,-12501423,"Control","Coenocyte"
"421","C5",26,276,1652,0.959,0.639,-11513501,"Control","Coenocyte"
"422","C5",27,276,1650,0.678,0.452,-12697515,"Control","Coenocyte"
"423","C5",28,276,1650,0,0,-12894892,"Control","Coenocyte"
"424","C5",29,276,1647,1.017,0.678,-11118507,"Control","Coenocyte"
"425","C5",30,270,1650,2.274,1.516,-11709597,"Control","Coenocyte"
"426","C5",31,270,1647,1.017,0.678,-12173741,"Control","Coenocyte"
"427","C5",32,274,1650,1.695,1.13,-12958377,"Control","Coenocyte"
"428","C5",33,274,1650,0,0,-12693420,"Control","Coenocyte"
"429","C5",34,272,1652,0.959,0.639,-11572886,"Control","Coenocyte"
"430","C5",35,272,1652,0,0,-11045768,"Control","Coenocyte"
"431","C5",36,276,1650,1.516,1.011,-12236964,"Control","Coenocyte"
"432","C5",37,276,1652,0.678,0.452,-12040613,"Control","Coenocyte"
"433","C5",38,274,1650,0.959,0.639,-13221814,"Control","Coenocyte"
"434","C5",39,272,1652,0.959,0.639,-13221294,"Control","Coenocyte"
"435","C5",40,262,1652,3.39,2.26,-13349299,"Control","Coenocyte"
"436","C5",41,264,1656,1.516,1.011,-13349050,"Control","Coenocyte"
"437","C5",42,255,1654,3.125,2.084,-11978403,"Control","Coenocyte"
"438","C5",43,264,1660,3.667,2.445,-13150127,"Control","Coenocyte"
"439","C5",44,268,1656,1.918,1.278,-11904157,"Control","Coenocyte"
"440","C5",45,262,1656,2.034,1.356,-12693169,"Control","Coenocyte"
"441","C5",46,266,1654,1.516,1.011,-12299943,"Control","Coenocyte"
"442","C5",47,266,1652,0.678,0.452,-12762555,"Control","Coenocyte"
"443","C5",48,262,1658,2.445,1.63,-11836311,"Control","Coenocyte"
"444","C5",49,259,1658,1.017,0.678,-10521479,"Control","Coenocyte"
"445","C5",50,257,1654,1.516,1.011,-11778476,"Control","Coenocyte"
"446","C5",51,259,1650,1.516,1.011,-7829378,"Control","Coenocyte"
"447","C5",52,255,1650,1.356,0.904,-7106674,"Control","Coenocyte"
"448","C5",53,255,1650,0,0,-7305586,"Control","Coenocyte"
"449","C5",54,255,1647,1.017,0.678,-8091513,"Control","Coenocyte"
"450","C5",55,253,1650,1.222,0.815,-9075082,"Control","Coenocyte"
"451","C5",56,253,1647,1.017,0.678,-9011597,"Control","Coenocyte"
"452","C5",57,251,1652,1.826,1.217,-10792096,"Control","Coenocyte"
"453","C5",58,262,1650,3.79,2.527,-7502461,"Control","Coenocyte"
"454","C5",59,266,1643,2.733,1.822,-8091752,"Control","Coenocyte"
"455","C5",60,251,1650,5.611,3.741,-12040884,"Control","Coenocyte"
"456","C5",61,255,1652,1.516,1.011,-9998479,"Control","Coenocyte"
"457","C5",62,253,1652,0.678,0.452,-11383204,"Control","Coenocyte"
"458","C5",63,255,1652,0.678,0.452,-8024185,"Control","Coenocyte"
"459","C5",64,255,1652,0,0,-7368308,"Control","Coenocyte"
"460","C5",65,251,1650,1.516,1.011,-9997203,"Control","Coenocyte"
"461","C5",66,249,1652,0.959,0.639,-12896183,"Control","Coenocyte"
"462","C5",67,257,1643,4.082,2.721,-8550511,"Control","Coenocyte"
"463","C5",68,253,1652,3.339,2.226,-12436143,"Control","Coenocyte"
"464","C5",69,257,1639,4.611,3.074,-11183253,"Control","Coenocyte"
"465","C5",70,255,1641,0.959,0.639,-10989473,"Control","Coenocyte"
"466","C5",71,255,1643,0.678,0.452,-10658968,"Control","Coenocyte"
"467","C5",72,257,1641,0.959,0.639,-9473417,"Control","Coenocyte"
"468","C5",73,253,1639,1.516,1.011,-9408138,"Control","Coenocyte"
"469","C5",74,253,1641,0.678,0.452,-11974317,"Control","Coenocyte"
"470","C5",75,255,1643,0.959,0.639,-10915217,"Control","Coenocyte"
"471","C5",76,253,1639,1.516,1.011,-11716521,"Control","Coenocyte"
"472","C5",77,253,1641,0.678,0.452,-12111529,"Control","Coenocyte"
"473","C5",78,253,1639,0.678,0.452,-8617857,"Control","Coenocyte"
"474","C5",79,249,1645,2.445,1.63,-11645865,"Control","Coenocyte"
"475","C5",80,251,1641,1.516,1.011,-10725287,"Control","Coenocyte"
"476","C5",81,251,1639,0.678,0.452,-9603987,"Control","Coenocyte"
"477","C5",82,249,1647,2.795,1.864,-10789791,"Control","Coenocyte"
"478","C5",83,251,1643,1.516,1.011,-12437673,"Control","Coenocyte"
"479","C5",84,253,1641,0.959,0.639,-10460826,"Control","Coenocyte"
"480","C5",85,251,1637,1.516,1.011,-11117211,"Control","Coenocyte"
"481","C5",86,249,1645,2.795,1.864,-11907503,"Control","Coenocyte"
"482","C5",87,249,1641,1.356,0.904,-12501933,"Control","Coenocyte"
"483","C5",88,249,1645,1.356,0.904,-10722694,"Control","Coenocyte"
"484","C5",89,251,1645,0.678,0.452,-11844524,"Control","Coenocyte"
"485","C5",90,247,1647,1.516,1.011,-10655885,"Control","Coenocyte"
"486","C5",91,255,1639,3.835,2.557,-9995145,"Control","Coenocyte"
"487","C5",92,245,1637,3.457,2.305,-11580323,"Control","Coenocyte"
"488","C5",93,249,1647,3.651,2.434,-12302255,"Control","Coenocyte"
"489","C5",94,255,1645,2.144,1.429,-11774129,"Control","Coenocyte"
"490","C5",95,255,1645,0,0,-11771297,"Control","Coenocyte"
"491","C5",96,243,1643,4.124,2.749,-9342094,"Control","Coenocyte"
"492","C5",97,255,1647,4.288,2.859,-9994367,"Control","Coenocyte"
"493","C5",98,255,1650,1.017,0.678,-8680829,"Control","Coenocyte"
"494","C5",99,251,1652,1.516,1.011,-10721439,"Control","Coenocyte"
"495","C5",100,251,1647,1.695,1.13,-11378079,"Control","Coenocyte"
"496","C6",2,394,52,1.356,0.904,-11507606,"Control","Coenocyte"
"497","C6",3,394,52,0,0,-11509651,"Control","Coenocyte"
"498","C6",4,394,52,0,0,-11047560,"Control","Coenocyte"
"499","C6",5,396,48,1.516,1.011,-9927283,"Control","Coenocyte"
"500","C6",6,394,50,0.959,0.639,-10717555,"Control","Coenocyte"
"501","C6",7,394,50,0,0,-10587784,"Control","Coenocyte"
"502","C6",8,394,50,0,0,-10983307,"Control","Coenocyte"
"503","C6",9,394,50,0,0,-11180953,"Control","Coenocyte"
"504","C6",10,394,50,0,0,-11046291,"Control","Coenocyte"
"505","C6",11,394,50,0,0,-12363685,"Control","Coenocyte"
"506","C6",12,394,50,0,0,-11639962,"Control","Coenocyte"
"507","C6",13,396,48,0.959,0.639,-9601149,"Control","Coenocyte"
"508","C6",14,396,48,0,0,-9534570,"Control","Coenocyte"
"509","C6",15,396,48,0,0,-9995121,"Control","Coenocyte"
"510","C6",16,396,48,0,0,-9468779,"Control","Coenocyte"
"511","C6",17,396,48,0,0,-9798763,"Control","Coenocyte"
"512","C6",18,396,48,0,0,-9667175,"Control","Coenocyte"
"513","C6",19,389,52,2.733,1.822,-12956576,"Control","Coenocyte"
"514","C6",20,396,50,2.468,1.645,-9206883,"Control","Coenocyte"
"515","C6",21,396,48,0.678,0.452,-9730910,"Control","Coenocyte"
"516","C6",22,396,48,0,0,-9339760,"Control","Coenocyte"
"517","C6",23,396,48,0,0,-8878178,"Control","Coenocyte"
"518","C6",24,396,48,0,0,-9075046,"Control","Coenocyte"
"519","C6",25,396,48,0,0,-9401450,"Control","Coenocyte"
"520","C6",26,396,48,0,0,-9009263,"Control","Coenocyte"
"521","C6",27,398,48,0.678,0.452,-8420440,"Control","Coenocyte"
"522","C6",28,404,46,2.144,1.429,-9143133,"Control","Coenocyte"
"523","C6",29,398,50,2.445,1.63,-8943201,"Control","Coenocyte"
"524","C6",30,398,50,0,0,-8945756,"Control","Coenocyte"
"525","C6",31,394,50,1.356,0.904,-10257515,"Control","Coenocyte"
"526","C6",32,394,50,0,0,-9272417,"Control","Coenocyte"
"527","C6",33,398,46,1.918,1.278,-8419163,"Control","Coenocyte"
"528","C6",34,398,48,0.678,0.452,-8222552,"Control","Coenocyte"
"529","C6",35,398,48,0,0,-8616542,"Control","Coenocyte"
"530","C6",36,398,48,0,0,-8814188,"Control","Coenocyte"
"531","C6",37,396,48,0.678,0.452,-8156759,"Control","Coenocyte"
"532","C6",38,396,48,0,0,-8091987,"Control","Coenocyte"
"533","C6",39,396,50,0.678,0.452,-9270622,"Control","Coenocyte"
"534","C6",40,396,50,0,0,-9140831,"Control","Coenocyte"
"535","C6",41,396,50,0,0,-8550232,"Control","Coenocyte"
"536","C6",42,398,48,0.959,0.639,-9077867,"Control","Coenocyte"
"537","C6",43,398,48,0,0,-9207923,"Control","Coenocyte"
"538","C6",44,396,48,0.678,0.452,-8484970,"Control","Coenocyte"
"539","C6",45,396,48,0,0,-8157026,"Control","Coenocyte"
"540","C6",46,396,48,0,0,-8090966,"Control","Coenocyte"
"541","C6",47,398,48,0.678,0.452,-7764568,"Control","Coenocyte"
"542","C6",48,398,48,0,0,-8616538,"Control","Coenocyte"
"543","C6",49,398,48,0,0,-9405027,"Control","Coenocyte"
"544","C6",50,398,48,0,0,-8616302,"Control","Coenocyte"
"545","C6",51,398,48,0,0,-8944242,"Control","Coenocyte"
"546","C6",52,400,50,0.959,0.639,-8614246,"Control","Coenocyte"
"547","C6",53,402,52,0.959,0.639,-8093280,"Control","Coenocyte"
"548","C6",54,400,50,0.959,0.639,-8942431,"Control","Coenocyte"
"549","C6",55,389,54,3.968,2.645,-11507355,"Control","Coenocyte"
"550","C6",56,396,50,2.733,1.822,-8223324,"Control","Coenocyte"
"551","C6",57,396,50,0,0,-8091226,"Control","Coenocyte"
"552","C6",58,394,50,0.678,0.452,-8617570,"Control","Coenocyte"
"553","C6",59,394,50,0,0,-8879981,"Control","Coenocyte"
"554","C6",60,396,50,0.678,0.452,-8748391,"Control","Coenocyte"
"555","C6",61,396,48,0.678,0.452,-8289103,"Control","Coenocyte"
"556","C6",62,396,48,0,0,-8352101,"Control","Coenocyte"
"557","C6",63,398,48,0.678,0.452,-8157026,"Control","Coenocyte"
"558","C6",64,398,48,0,0,-9012074,"Control","Coenocyte"
"559","C6",65,398,48,0,0,-8812638,"Control","Coenocyte"
"560","C6",66,398,48,0,0,-8286294,"Control","Coenocyte"
"561","C6",67,398,48,0,0,-9075289,"Control","Coenocyte"
"562","C6",68,398,48,0,0,-8945505,"Control","Coenocyte"
"563","C6",69,398,48,0,0,-9338479,"Control","Coenocyte"
"564","C6",70,398,48,0,0,-8681571,"Control","Coenocyte"
"565","C6",71,398,46,0.678,0.452,-8747873,"Control","Coenocyte"
"566","C6",72,396,46,0.678,0.452,-8354395,"Control","Coenocyte"
"567","C6",73,398,48,0.959,0.639,-8878948,"Control","Coenocyte"
"568","C6",74,398,48,0,0,-9141093,"Control","Coenocyte"
"569","C6",75,398,48,0,0,-9206894,"Control","Coenocyte"
"570","C6",76,396,48,0.678,0.452,-8551768,"Control","Coenocyte"
"571","C6",77,396,48,0,0,-8748914,"Control","Coenocyte"
"572","C6",78,398,48,0.678,0.452,-8680041,"Control","Coenocyte"
"573","C6",79,398,48,0,0,-9140339,"Control","Coenocyte"
"574","C6",80,398,48,0,0,-9271916,"Control","Coenocyte"
"575","C6",81,398,48,0,0,-9337709,"Control","Coenocyte"
"576","C6",82,394,46,1.516,1.011,-8486745,"Control","Coenocyte"
"577","C6",83,394,46,0,0,-8684639,"Control","Coenocyte"
"578","C6",84,394,48,0.678,0.452,-8880751,"Control","Coenocyte"
"579","C6",85,394,48,0,0,-8421228,"Control","Coenocyte"
"580","C6",86,394,48,0,0,-8027240,"Control","Coenocyte"
"581","C6",87,398,48,1.356,0.904,-8419428,"Control","Coenocyte"
"582","C6",88,396,50,0.959,0.639,-8551276,"Control","Coenocyte"
"583","C6",89,400,50,1.356,0.904,-8024932,"Control","Coenocyte"
"584","C6",90,400,48,0.678,0.452,-8419161,"Control","Coenocyte"
"595","C7",2,199,369,0,0,-11046018,"Control","Coenocyte"
"596","C7",3,199,369,0,0,-11112062,"Control","Coenocyte"
"597","C7",4,199,369,0,0,-10717553,"Control","Coenocyte"
"598","C7",5,199,369,0,0,-10784108,"Control","Coenocyte"
"599","C7",6,201,366,1.222,0.815,-11375493,"Control","Coenocyte"
"600","C7",7,203,366,0.678,0.452,-10782592,"Control","Coenocyte"
"601","C7",8,201,364,0.959,0.639,-11242616,"Control","Coenocyte"
"602","C7",9,201,364,0,0,-11177601,"Control","Coenocyte"
"603","C7",10,203,364,0.678,0.452,-11308152,"Control","Coenocyte"
"604","C7",11,201,364,0.678,0.452,-11831683,"Control","Coenocyte"
"605","C7",12,201,369,1.695,1.13,-10524789,"Control","Coenocyte"
"606","C7",13,199,366,1.222,0.815,-11768448,"Control","Coenocyte"
"607","C7",14,197,366,0.678,0.452,-11504251,"Control","Coenocyte"
"608","C7",15,199,366,0.678,0.452,-10978936,"Control","Coenocyte"
"609","C7",16,199,366,0,0,-11042682,"Control","Coenocyte"
"610","C7",17,199,366,0,0,-10717050,"Control","Coenocyte"
"611","C7",18,199,366,0,0,-11113341,"Control","Coenocyte"
"612","C7",19,197,366,0.678,0.452,-10980224,"Control","Coenocyte"
"613","C7",20,197,366,0,0,-10846321,"Control","Coenocyte"
"614","C7",21,197,366,0,0,-10979963,"Control","Coenocyte"
"615","C7",22,197,366,0,0,-10650498,"Control","Coenocyte"
"616","C7",23,201,364,1.516,1.011,-10455163,"Control","Coenocyte"
"617","C7",24,201,369,1.695,1.13,-10585993,"Control","Coenocyte"
"618","C7",25,199,369,0.678,0.452,-10194040,"Control","Coenocyte"
"619","C7",26,199,366,1.017,0.678,-10783606,"Control","Coenocyte"
"620","C7",27,199,366,0,0,-10717052,"Control","Coenocyte"
"621","C7",28,199,366,0,0,-11241603,"Control","Coenocyte"
"622","C7",29,201,366,0.678,0.452,-10979714,"Control","Coenocyte"
"623","C7",30,201,366,0,0,-11177601,"Control","Coenocyte"
"624","C7",31,201,366,0,0,-11243656,"Control","Coenocyte"
"625","C7",32,201,366,0,0,-10982268,"Control","Coenocyte"
"626","C7",33,199,366,0.678,0.452,-9996685,"Control","Coenocyte"
"627","C7",34,199,366,0,0,-9536637,"Control","Coenocyte"
"628","C7",35,197,369,1.222,0.815,-10325624,"Control","Coenocyte"
"629","C7",36,201,369,1.356,0.904,-10455688,"Control","Coenocyte"
"630","C7",37,199,371,0.959,0.639,-10321014,"Control","Coenocyte"
"631","C7",38,199,369,0.678,0.452,-10060405,"Control","Coenocyte"
"632","C7",39,199,366,1.017,0.678,-9666691,"Control","Coenocyte"
"633","C7",40,197,369,1.222,0.815,-10585464,"Control","Coenocyte"
"634","C7",41,197,369,0,0,-10191997,"Control","Coenocyte"
"635","C7",42,197,369,0,0,-9009530,"Control","Coenocyte"
"636","C7",43,197,366,1.017,0.678,-9012854,"Control","Coenocyte"
"637","C7",44,190,369,2.582,1.721,-9272702,"Control","Coenocyte"
"638","C7",45,188,371,0.959,0.639,-9404799,"Control","Coenocyte"
"639","C7",46,188,371,0,0,-8417906,"Control","Coenocyte"
"640","C7",47,182,371,2.034,1.356,-9929354,"Control","Coenocyte"
"641","C7",48,188,369,2.144,1.429,-9599098,"Control","Coenocyte"
"642","C7",49,188,371,0.678,0.452,-9404538,"Control","Coenocyte"
"643","C7",50,188,371,0,0,-8945529,"Control","Coenocyte"
"644","C7",51,186,369,0.959,0.639,-9930882,"Control","Coenocyte"
"645","C7",52,186,369,0,0,-9401701,"Control","Coenocyte"
"646","C7",53,186,371,0.678,0.452,-9271667,"Control","Coenocyte"
"647","C7",54,186,371,0,0,-10256258,"Control","Coenocyte"
"648","C7",55,190,371,1.356,0.904,-9469314,"Control","Coenocyte"
"649","C7",56,192,371,0.678,0.452,-10058360,"Control","Coenocyte"
"650","C7",57,197,369,1.826,1.217,-9337967,"Control","Coenocyte"
"651","C7",58,197,369,0,0,-9604472,"Control","Coenocyte"
"652","C7",59,199,369,0.678,0.452,-9933439,"Control","Coenocyte"
"653","C7",60,199,369,0,0,-10394758,"Control","Coenocyte"
"654","C7",61,197,369,0.678,0.452,-9867134,"Control","Coenocyte"
"655","C7",62,197,369,0,0,-9337969,"Control","Coenocyte"
"656","C7",63,192,369,1.695,1.13,-10063481,"Control","Coenocyte"
"657","C7",64,192,369,0,0,-10588800,"Control","Coenocyte"
"658","C7",65,194,366,1.222,0.815,-11246726,"Control","Coenocyte"
"659","C7",66,194,369,1.017,0.678,-10065026,"Control","Coenocyte"
"660","C7",67,194,369,0,0,-9996661,"Control","Coenocyte"
"661","C7",68,192,371,0.959,0.639,-10323583,"Control","Coenocyte"
"662","C7",69,192,371,0,0,-9929846,"Control","Coenocyte"
"663","C7",70,192,369,0.678,0.452,-10061440,"Control","Coenocyte"
"664","C7",71,192,369,0,0,-10657661,"Control","Coenocyte"
"665","C7",72,192,369,0,0,-9934969,"Control","Coenocyte"
"666","C7",73,192,371,0.678,0.452,-9540738,"Control","Coenocyte"
"667","C7",74,197,371,1.695,1.13,-9404802,"Control","Coenocyte"
"668","C7",75,197,371,0,0,-9798271,"Control","Coenocyte"
"669","C7",76,197,371,0,0,-8683121,"Control","Coenocyte"
"670","C7",77,194,369,1.222,0.815,-10063224,"Control","Coenocyte"
"671","C7",78,197,371,1.222,0.815,-8875635,"Control","Coenocyte"
"672","C7",79,192,371,1.695,1.13,-9670257,"Control","Coenocyte"
"673","C7",80,192,371,0,0,-10525056,"Control","Coenocyte"
"674","C7",81,192,371,0,0,-10262405,"Control","Coenocyte"
"675","C7",82,194,369,0.959,0.639,-10722435,"Control","Coenocyte"
"676","C7",83,194,371,0.678,0.452,-10330765,"Control","Coenocyte"
"677","C7",84,194,371,0,0,-10131343,"Control","Coenocyte"
"678","C7",85,194,371,0,0,-9999749,"Control","Coenocyte"
"679","C7",86,194,371,0,0,-9933954,"Control","Coenocyte"
"680","C7",87,199,366,2.397,1.598,-10262921,"Control","Coenocyte"
"681","C7",88,199,366,0,0,-9802873,"Control","Coenocyte"
"682","C7",89,197,366,0.678,0.452,-9538168,"Control","Coenocyte"
"683","C7",90,197,366,0,0,-9664111,"Control","Coenocyte"
"684","C7",91,197,369,1.017,0.678,-9206910,"Control","Coenocyte"
"685","C7",92,197,369,0,0,-9995650,"Control","Coenocyte"
"686","C7",93,197,369,0,0,-9010795,"Control","Coenocyte"
"687","C7",94,197,369,0,0,-9338220,"Control","Coenocyte"
"688","C7",95,197,369,0,0,-9274987,"Control","Coenocyte"
"689","C7",96,197,366,1.017,0.678,-10456442,"Control","Coenocyte"
"694","C8",2,117,538,0.678,0.452,-11045505,"Control","Coenocyte"
"695","C8",3,119,540,0.959,0.639,-11375240,"Control","Coenocyte"
"696","C8",4,123,543,1.695,1.13,-10065518,"Control","Coenocyte"
"697","C8",5,123,540,1.017,0.678,-9472870,"Control","Coenocyte"
"698","C8",6,123,538,0.678,0.452,-11309187,"Control","Coenocyte"
"699","C8",7,123,538,0,0,-10523246,"Control","Coenocyte"
"700","C8",8,119,540,1.516,1.011,-10260587,"Control","Coenocyte"
"701","C8",9,121,536,1.516,1.011,-10782335,"Control","Coenocyte"
"702","C8",10,121,540,1.356,0.904,-10524786,"Control","Coenocyte"
"703","C8",11,121,538,0.678,0.452,-10585724,"Control","Coenocyte"
"704","C8",12,121,538,0,0,-10191991,"Control","Coenocyte"
"705","C8",13,121,538,0,0,-11046017,"Control","Coenocyte"
"706","C8",14,121,538,0,0,-10914180,"Control","Coenocyte"
"707","C8",15,117,536,1.516,1.011,-11045505,"Control","Coenocyte"
"708","C8",16,115,536,0.678,0.452,-10651772,"Control","Coenocyte"
"709","C8",17,115,534,0.678,0.452,-11112826,"Control","Coenocyte"
"710","C8",18,115,538,1.356,0.904,-10458996,"Control","Coenocyte"
"711","C8",19,121,538,2.034,1.356,-11178615,"Control","Coenocyte"
"712","C8",20,121,534,1.356,0.904,-10913919,"Control","Coenocyte"
"713","C8",21,121,536,0.678,0.452,-10717052,"Control","Coenocyte"
"714","C8",22,121,536,0,0,-11110522,"Control","Coenocyte"
"715","C8",23,119,536,0.678,0.452,-10389125,"Control","Coenocyte"
"716","C8",24,119,536,0,0,-10258034,"Control","Coenocyte"
"717","C8",25,119,538,0.678,0.452,-10325875,"Control","Coenocyte"
"718","C8",26,119,536,0.678,0.452,-9735538,"Control","Coenocyte"
"719","C8",27,129,519,6.686,4.457,-10850673,"Control","Coenocyte"
"720","C8",28,121,511,3.835,2.557,-10129793,"Control","Coenocyte"
"721","C8",29,121,501,3.39,2.26,-10455161,"Control","Coenocyte"
"722","C8",30,125,499,1.516,1.011,-9402998,"Control","Coenocyte"
"723","C8",31,115,499,3.39,2.26,-10265215,"Control","Coenocyte"
"724","C8",32,117,496,1.222,0.815,-10720651,"Control","Coenocyte"
"725","C8",33,117,499,1.017,0.678,-11184783,"Control","Coenocyte"
"726","C8",34,115,490,3.125,2.084,-9736575,"Control","Coenocyte"
"727","C8",35,117,490,0.678,0.452,-9738109,"Control","Coenocyte"
"728","C8",36,119,490,0.678,0.452,-9340532,"Control","Coenocyte"
"729","C8",37,119,488,0.678,0.452,-10782596,"Control","Coenocyte"
"730","C8",38,104,482,5.477,3.651,-9865324,"Control","Coenocyte"
"731","C8",39,100,484,1.516,1.011,-10455924,"Control","Coenocyte"
"732","C8",40,98,486,0.959,0.639,-10454405,"Control","Coenocyte"
"733","C8",41,96,480,2.144,1.429,-10717312,"Control","Coenocyte"
"734","C8",42,90,473,3.125,2.084,-10916999,"Control","Coenocyte"
"735","C8",43,90,461,4.068,2.712,-10654340,"Control","Coenocyte"
"736","C8",44,85,446,5.36,3.573,-10456953,"Control","Coenocyte"
"737","C8",45,85,440,2.034,1.356,-10522235,"Control","Coenocyte"
"738","C8",46,77,436,3.032,2.021,-9410168,"Control","Coenocyte"
"739","C8",47,77,440,1.356,0.904,-10392185,"Control","Coenocyte"
"740","C8",48,77,434,2.034,1.356,-8750193,"Control","Coenocyte"
"741","C8",49,79,440,2.144,1.429,-10850181,"Control","Coenocyte"
"742","C8",50,88,438,3.125,2.084,-10588028,"Control","Coenocyte"
"743","C8",51,75,431,5.005,3.337,-10197387,"Control","Coenocyte"
"744","C8",52,77,436,1.826,1.217,-9929597,"Control","Coenocyte"
"745","C8",53,79,436,0.678,0.452,-10849137,"Control","Coenocyte"
"746","C8",54,79,434,0.678,0.452,-11308176,"Control","Coenocyte"
"747","C8",55,79,436,0.678,0.452,-10721413,"Control","Coenocyte"
"748","C8",56,81,434,0.959,0.639,-10782333,"Control","Coenocyte"
"749","C8",57,81,434,0,0,-11046018,"Control","Coenocyte"
"750","C8",58,81,431,1.017,0.678,-10521740,"Control","Coenocyte"
"751","C8",59,79,434,1.222,0.815,-10981240,"Control","Coenocyte"
"752","C8",60,79,434,0,0,-11113093,"Control","Coenocyte"
"753","C8",61,79,436,0.678,0.452,-10456953,"Control","Coenocyte"
"754","C8",62,81,431,1.826,1.217,-10585215,"Control","Coenocyte"
"755","C8",63,81,431,0,0,-11306880,"Control","Coenocyte"
"756","C8",64,77,431,1.356,0.904,-10850420,"Control","Coenocyte"
"757","C8",65,77,429,0.678,0.452,-10328187,"Control","Coenocyte"
"758","C8",66,77,431,0.678,0.452,-11240827,"Control","Coenocyte"
"759","C8",67,77,431,0,0,-11110518,"Control","Coenocyte"
"760","C8",68,75,434,1.222,0.815,-11242896,"Control","Coenocyte"
"761","C8",69,77,431,1.222,0.815,-11111810,"Control","Coenocyte"
"762","C8",70,77,431,0,0,-10718080,"Control","Coenocyte"
"763","C8",71,79,431,0.678,0.452,-10848639,"Control","Coenocyte"
"764","C8",72,79,434,1.017,0.678,-10915447,"Control","Coenocyte"
"765","C8",73,83,431,1.695,1.13,-10524286,"Control","Coenocyte"
"766","C8",74,81,431,0.678,0.452,-11443858,"Control","Coenocyte"
"767","C8",75,81,431,0,0,-11046279,"Control","Coenocyte"
"768","C8",76,81,431,0,0,-10587795,"Control","Coenocyte"
"769","C8",77,81,431,0,0,-10195594,"Control","Coenocyte"
"770","C8",78,79,431,0.678,0.452,-9865344,"Control","Coenocyte"
"771","C8",79,79,431,0,0,-9737090,"Control","Coenocyte"
"772","C8",80,79,431,0,0,-8943991,"Control","Coenocyte"
"773","C8",81,79,431,0,0,-9666433,"Control","Coenocyte"
"774","C8",82,79,431,0,0,-9141878,"Control","Coenocyte"
"775","C8",83,77,431,0.678,0.452,-10391437,"Control","Coenocyte"
"776","C8",84,79,431,0.678,0.452,-10454405,"Control","Coenocyte"
"777","C8",85,79,431,0,0,-8878709,"Control","Coenocyte"
"778","C8",86,77,431,0.678,0.452,-10918806,"Control","Coenocyte"
"779","C8",87,77,431,0,0,-10655359,"Control","Coenocyte"
"780","C8",88,77,431,0,0,-10722684,"Control","Coenocyte"
"781","C8",89,77,431,0,0,-9801349,"Control","Coenocyte"
"782","C8",90,79,429,0.959,0.639,-10720133,"Control","Coenocyte"
"783","C8",91,77,431,0.959,0.639,-10652295,"Control","Coenocyte"
"784","C8",92,77,434,1.017,0.678,-10587007,"Control","Coenocyte"
"785","C8",93,77,434,0,0,-8681066,"Control","Coenocyte"
"786","C8",94,73,429,2.171,1.447,-9601394,"Control","Coenocyte"
"787","C8",95,73,427,0.678,0.452,-9404021,"Control","Coenocyte"
"788","C8",96,73,427,0,0,-9404001,"Control","Coenocyte"
"789","C8",97,75,427,0.678,0.452,-10064253,"Control","Coenocyte"
"790","C8",98,73,427,0.678,0.452,-10126705,"Control","Coenocyte"
"791","C8",99,73,427,0,0,-10519671,"Control","Coenocyte"
"792","C8",100,73,427,0,0,-9010793,"Control","Coenocyte"
"793","C9",2,1744,494,3.051,2.034,-9865324,"Control","Coenocyte"
"794","C9",3,1742,501,2.468,1.645,-9666158,"Control","Coenocyte"
"795","C9",4,1748,503,2.144,1.429,-8682323,"Control","Coenocyte"
"796","C9",5,1748,503,0,0,-8878423,"Control","Coenocyte"
"797","C9",6,1746,503,0.678,0.452,-9536351,"Control","Coenocyte"
"798","C9",7,1746,501,0.678,0.452,-9928289,"Control","Coenocyte"
"799","C9",8,1744,501,0.678,0.452,-9206875,"Control","Coenocyte"
"800","C9",9,1744,501,0,0,-9731413,"Control","Coenocyte"
"801","C9",10,1744,501,0,0,-9076309,"Control","Coenocyte"
"802","C9",11,1746,503,0.959,0.639,-9273431,"Control","Coenocyte"
"803","C9",12,1744,501,0.959,0.639,-9336405,"Control","Coenocyte"
"804","C9",13,1744,501,0,0,-9863774,"Control","Coenocyte"
"805","C9",14,1742,503,0.959,0.639,-9732703,"Control","Coenocyte"
"806","C9",15,1738,501,1.516,1.011,-9273955,"Control","Coenocyte"
"807","C9",16,1748,505,3.651,2.434,-9534821,"Control","Coenocyte"
"808","C9",17,1748,505,0,0,-9732452,"Control","Coenocyte"
"809","C9",18,1746,503,0.959,0.639,-9799264,"Control","Coenocyte"
"810","C9",19,1746,503,0,0,-9864035,"Control","Coenocyte"
"811","C9",20,1746,505,0.678,0.452,-9271386,"Control","Coenocyte"
"812","C9",21,1740,503,2.144,1.429,-9536353,"Control","Coenocyte"
"813","C9",22,1740,503,0,0,-9011565,"Control","Coenocyte"
"814","C9",23,1746,496,3.125,2.084,-12497545,"Control","Coenocyte"
"815","C9",24,1746,501,1.695,1.13,-9929316,"Control","Coenocyte"
"816","C9",25,1744,501,0.678,0.452,-8813907,"Control","Coenocyte"
"817","C9",26,1744,499,0.678,0.452,-10256994,"Control","Coenocyte"
"818","C9",27,1744,503,1.356,0.904,-9467484,"Control","Coenocyte"
"819","C9",28,1744,501,0.678,0.452,-9860964,"Control","Coenocyte"
"820","C9",29,1744,501,0,0,-9534560,"Control","Coenocyte"
"821","C9",30,1744,501,0,0,-9207386,"Control","Coenocyte"
"822","C9",31,1744,501,0,0,-9534819,"Control","Coenocyte"
"823","C9",32,1742,501,0.678,0.452,-9404005,"Control","Coenocyte"
"824","C9",33,1742,501,0,0,-8683622,"Control","Coenocyte"
"825","C9",34,1742,499,0.678,0.452,-9862759,"Control","Coenocyte"
"826","C9",35,1742,501,0.678,0.452,-8615526,"Control","Coenocyte"
"827","C9",36,1742,501,0,0,-9665125,"Control","Coenocyte"
"828","C9",37,1742,501,0,0,-8485481,"Control","Coenocyte"
"829","C9",38,1742,501,0,0,-8353115,"Control","Coenocyte"
"830","C9",39,1742,501,0,0,-9206884,"Control","Coenocyte"
"831","C9",40,1744,501,0.678,0.452,-9337959,"Control","Coenocyte"
"832","C9",41,1744,501,0,0,-8877669,"Control","Coenocyte"
"833","C9",42,1742,501,0.678,0.452,-9208944,"Control","Coenocyte"
"834","C9",43,1742,501,0,0,-9142886,"Control","Coenocyte"
"835","C9",44,1740,501,0.678,0.452,-8746332,"Control","Coenocyte"
"836","C9",45,1740,501,0,0,-8878950,"Control","Coenocyte"
"837","C9",46,1742,499,0.959,0.639,-8810344,"Control","Coenocyte"
"838","C9",47,1742,499,0,0,-9731169,"Control","Coenocyte"
"839","C9",48,1742,503,1.356,0.904,-8482398,"Control","Coenocyte"
"840","C9",49,1742,501,0.678,0.452,-9272687,"Control","Coenocyte"
"841","C9",50,1742,501,0,0,-8747611,"Control","Coenocyte"
"842","C9",51,1742,501,0,0,-9207410,"Control","Coenocyte"
"843","C9",52,1742,503,0.678,0.452,-8746081,"Control","Coenocyte"
"844","C9",53,1742,503,0,0,-8158048,"Control","Coenocyte"
"845","C9",54,1742,503,0,0,-8812890,"Control","Coenocyte"
"846","C9",55,1742,503,0,0,-8879474,"Control","Coenocyte"
"847","C9",56,1742,503,0,0,-8679780,"Control","Coenocyte"
"848","C9",57,1744,494,3.125,2.084,-9930094,"Control","Coenocyte"
"849","C9",58,1746,503,3.125,2.084,-9271396,"Control","Coenocyte"
"850","C9",59,1738,501,2.795,1.864,-9336437,"Control","Coenocyte"
"851","C9",60,1738,501,0,0,-8945002,"Control","Coenocyte"
"852","C9",61,1740,507,2.144,1.429,-9009504,"Control","Coenocyte"
"853","C9",62,1740,503,1.356,0.904,-8812890,"Control","Coenocyte"
"854","C9",63,1748,505,2.795,1.864,-8615000,"Control","Coenocyte"
"855","C9",64,1748,505,0,0,-9599080,"Control","Coenocyte"
"856","C9",65,1746,503,0.959,0.639,-8615259,"Control","Coenocyte"
"857","C9",66,1746,503,0,0,-9011037,"Control","Coenocyte"
"858","C9",67,1746,501,0.678,0.452,-9206108,"Control","Coenocyte"
"859","C9",68,1744,503,0.959,0.639,-8617831,"Control","Coenocyte"
"860","C9",69,1744,501,0.678,0.452,-9009243,"Control","Coenocyte"
"861","C9",70,1744,501,0,0,-8420701,"Control","Coenocyte"
"862","C9",71,1742,499,0.959,0.639,-9140843,"Control","Coenocyte"
"863","C9",72,1740,501,0.959,0.639,-9271149,"Control","Coenocyte"
"864","C9",73,1742,499,0.959,0.639,-9009748,"Control","Coenocyte"
"865","C9",74,1742,499,0,0,-9209704,"Control","Coenocyte"
"866","C9",75,1742,499,0,0,-9207648,"Control","Coenocyte"
"867","C9",76,1738,501,1.516,1.011,-8943473,"Control","Coenocyte"
"868","C9",77,1738,501,0,0,-9403511,"Control","Coenocyte"
"869","C9",78,1738,503,0.678,0.452,-8156264,"Control","Coenocyte"
"870","C9",79,1740,501,0.959,0.639,-9206632,"Control","Coenocyte"
"871","C9",80,1742,503,0.959,0.639,-9012325,"Control","Coenocyte"
"872","C9",81,1740,499,1.516,1.011,-9405545,"Control","Coenocyte"
"873","C9",82,1740,501,0.678,0.452,-9470066,"Control","Coenocyte"
"874","C9",83,1740,501,0,0,-9076339,"Control","Coenocyte"
"875","C9",84,1740,501,0,0,-8353635,"Control","Coenocyte"
"876","C9",85,1742,499,0.959,0.639,-8811887,"Control","Coenocyte"
"877","C9",86,1742,499,0,0,-8746618,"Control","Coenocyte"
"878","C9",87,1742,499,0,0,-8026973,"Control","Coenocyte"
"879","C9",88,1742,501,0.678,0.452,-8615526,"Control","Coenocyte"
"880","C9",89,1742,503,0.678,0.452,-8878196,"Control","Coenocyte"
"881","C9",90,1742,503,0,0,-8945002,"Control","Coenocyte"
"882","C9",91,1717,457,17.748,11.832,-9273454,"Control","Coenocyte"
"883","C9",92,1715,469,4.124,2.749,-11111547,"Control","Coenocyte"
"884","C9",93,1725,478,4.561,3.041,-8817254,"Control","Coenocyte"
"885","C9",94,1725,482,1.356,0.904,-10518646,"Control","Coenocyte"
"886","C9",95,1736,488,4.248,2.832,-9470818,"Control","Coenocyte"
"887","C9",96,1738,494,2.144,1.429,-7632990,"Control","Coenocyte"
"888","C9",97,1750,505,5.519,3.679,-9599350,"Control","Coenocyte"
"889","C9",98,1742,511,3.39,2.26,-11111306,"Control","Coenocyte"
"890","C9",99,1742,511,0,0,-11702683,"Control","Coenocyte"
"891","C9",100,1742,509,0.678,0.452,-11574440,"Control","Coenocyte"
"1","C10",2,1381,681,0.959,0.639,-12690089,"Control","Coenocyte"
"2","C10",3,1383,685,1.516,1.011,-12427946,"Control","Coenocyte"
"3","C10",4,1381,687,0.959,0.639,-11243935,"Control","Coenocyte"
"4","C10",5,1381,685,0.678,0.452,-11965853,"Control","Coenocyte"
"5","C10",6,1383,685,0.678,0.452,-12493741,"Control","Coenocyte"
"6","C10",7,1381,685,0.678,0.452,-11638428,"Control","Coenocyte"
"7","C10",8,1381,685,0,0,-11243933,"Control","Coenocyte"
"8","C10",9,1385,683,1.516,1.011,-11967397,"Control","Coenocyte"
"9","C10",10,1381,685,1.516,1.011,-11572385,"Control","Coenocyte"
"10","C10",11,1381,685,0,0,-11836062,"Control","Coenocyte"
"11","C10",12,1381,685,0,0,-11437199,"Control","Coenocyte"
"12","C10",13,1381,685,0,0,-11307673,"Control","Coenocyte"
"13","C10",14,1381,683,0.678,0.452,-12558756,"Control","Coenocyte"
"14","C10",15,1381,683,0,0,-12753825,"Control","Coenocyte"
"15","C10",16,1379,683,0.678,0.452,-12622229,"Control","Coenocyte"
"16","C10",17,1379,685,0.678,0.452,-11638691,"Control","Coenocyte"
"17","C10",18,1381,685,0.678,0.452,-12426919,"Control","Coenocyte"
"18","C10",19,1383,685,0.678,0.452,-12690602,"Control","Coenocyte"
"19","C10",20,1381,685,0.678,0.452,-12293274,"Control","Coenocyte"
"20","C10",21,1379,685,0.678,0.452,-11573666,"Control","Coenocyte"
"21","C10",22,1379,685,0,0,-11967906,"Control","Coenocyte"
"22","C10",23,1381,685,0.678,0.452,-12098981,"Control","Coenocyte"
"23","C10",24,1385,683,1.516,1.011,-11441312,"Control","Coenocyte"
"24","C10",25,1383,685,0.959,0.639,-12493223,"Control","Coenocyte"
"25","C10",26,1383,685,0,0,-12493992,"Control","Coenocyte"
"26","C10",27,1383,683,0.678,0.452,-11900325,"Control","Coenocyte"
"27","C10",28,1383,683,0,0,-11243171,"Control","Coenocyte"
"28","C10",29,1381,683,0.678,0.452,-11506076,"Control","Coenocyte"
"29","C10",30,1381,683,0,0,-11440285,"Control","Coenocyte"
"30","C10",31,1381,683,0,0,-11702944,"Control","Coenocyte"
"31","C10",32,1381,683,0,0,-11703455,"Control","Coenocyte"
"32","C10",33,1381,685,0.678,0.452,-12229547,"Control","Coenocyte"
"33","C10",34,1381,683,0.678,0.452,-11768484,"Control","Coenocyte"
"34","C10",35,1381,683,0,0,-11898783,"Control","Coenocyte"
"35","C10",36,1381,683,0,0,-11241883,"Control","Coenocyte"
"36","C10",37,1381,685,0.678,0.452,-11702942,"Control","Coenocyte"
"37","C10",38,1381,685,0,0,-11569298,"Control","Coenocyte"
"38","C10",39,1381,685,0,0,-11307155,"Control","Coenocyte"
"39","C10",40,1381,685,0,0,-11043220,"Control","Coenocyte"
"40","C10",41,1383,683,0.959,0.639,-11175319,"Control","Coenocyte"
"41","C10",42,1383,683,0,0,-11439269,"Control","Coenocyte"
"42","C10",43,1383,685,0.678,0.452,-11634588,"Control","Coenocyte"
"43","C10",44,1381,687,0.959,0.639,-10848148,"Control","Coenocyte"
"44","C10",45,1381,687,0,0,-11766943,"Control","Coenocyte"
"45","C10",46,1381,687,0,0,-11109780,"Control","Coenocyte"
"46","C10",47,1383,685,0.959,0.639,-11372188,"Control","Coenocyte"
"47","C10",48,1383,685,0,0,-11570331,"Control","Coenocyte"
"48","C10",49,1383,685,0,0,-11834792,"Control","Coenocyte"
"49","C10",50,1383,685,0,0,-11701410,"Control","Coenocyte"
"50","C10",51,1383,685,0,0,-11833515,"Control","Coenocyte"
"51","C10",52,1383,685,0,0,-11108244,"Control","Coenocyte"
"52","C10",53,1383,685,0,0,-11308446,"Control","Coenocyte"
"53","C10",54,1383,685,0,0,-11372439,"Control","Coenocyte"
"54","C10",55,1383,685,0,0,-11835043,"Control","Coenocyte"
"55","C10",56,1383,685,0,0,-10977940,"Control","Coenocyte"
"56","C10",57,1383,685,0,0,-10060435,"Control","Coenocyte"
"57","C10",58,1385,687,0.959,0.639,-12563885,"Control","Coenocyte"
"58","C10",59,1385,687,0,0,-13219766,"Control","Coenocyte"
"59","C10",60,1383,687,0.678,0.452,-12629686,"Control","Coenocyte"
"60","C10",61,1383,687,0,0,-12826279,"Control","Coenocyte"
"61","C10",62,1383,687,0,0,-12629929,"Control","Coenocyte"
"62","C10",63,1383,687,0,0,-13612455,"Control","Coenocyte"
"63","C10",64,1383,685,0.678,0.452,-12892333,"Control","Coenocyte"
"64","C10",65,1385,685,0.678,0.452,-13220534,"Control","Coenocyte"
"65","C10",66,1385,685,0,0,-12827818,"Control","Coenocyte"
"66","C10",67,1381,687,1.516,1.011,-12235169,"Control","Coenocyte"
"67","C10",68,1381,687,0,0,-12956325,"Control","Coenocyte"
"68","C10",69,1381,687,0,0,-12499366,"Control","Coenocyte"
"69","C10",70,1383,685,0.959,0.639,-13411504,"Control","Coenocyte"
"70","C10",71,1383,685,0,0,-12230820,"Control","Coenocyte"
"71","C10",72,1385,683,0.959,0.639,-12628658,"Control","Coenocyte"
"72","C10",73,1383,683,0.678,0.452,-12429488,"Control","Coenocyte"
"73","C10",74,1379,685,1.516,1.011,-13022118,"Control","Coenocyte"
"74","C10",75,1383,685,1.356,0.904,-12823215,"Control","Coenocyte"
"75","C10",76,1385,683,0.959,0.639,-11705773,"Control","Coenocyte"
"76","C10",77,1385,685,0.678,0.452,-13153203,"Control","Coenocyte"
"77","C10",78,1385,685,0,0,-12038293,"Control","Coenocyte"
"78","C10",79,1383,685,0.678,0.452,-12757673,"Control","Coenocyte"
"79","C10",80,1383,685,0,0,-12822437,"Control","Coenocyte"
"80","C10",81,1383,685,0,0,-13479607,"Control","Coenocyte"
"81","C10",82,1385,683,0.959,0.639,-12235171,"Control","Coenocyte"
"82","C10",83,1383,683,0.678,0.452,-11777975,"Control","Coenocyte"
"83","C10",84,1377,687,2.445,1.63,-11834530,"Control","Coenocyte"
"84","C10",85,1377,685,0.678,0.452,-11904425,"Control","Coenocyte"
"85","C10",86,1381,687,1.516,1.011,-12099240,"Control","Coenocyte"
"86","C10",87,1383,689,0.959,0.639,-12953773,"Control","Coenocyte"
"87","C10",88,1392,689,3.051,2.034,-10988685,"Control","Coenocyte"
"88","C10",89,1392,685,1.356,0.904,-12758962,"Control","Coenocyte"
"89","C10",90,1390,689,1.516,1.011,-11576987,"Control","Coenocyte"
"90","C10",91,1392,687,0.959,0.639,-11769479,"Control","Coenocyte"
"91","C10",92,1387,687,1.695,1.13,-11842707,"Control","Coenocyte"
"92","C10",93,1392,687,1.695,1.13,-10721411,"Control","Coenocyte"
"93","C10",94,1390,679,2.795,1.864,-11448996,"Control","Coenocyte"
"94","C10",95,1383,677,2.468,1.645,-11509417,"Control","Coenocyte"
"95","C10",96,1375,675,2.795,1.864,-12360621,"Control","Coenocyte"
"96","C10",97,1390,683,5.763,3.842,-12628383,"Control","Coenocyte"
"97","C10",98,1390,691,2.712,1.808,-10852762,"Control","Coenocyte"
"98","C10",99,1381,691,3.051,2.034,-11904684,"Control","Coenocyte"
"99","C10",100,1402,689,7.151,4.767,-10195596,"Control","Coenocyte"
"991","C11",2,2253,102,0.959,0.639,-11111785,"Control","Uninuclear"
"992","C11",3,2255,104,0.959,0.639,-11960722,"Control","Uninuclear"
"993","C11",4,2251,104,1.356,0.904,-9863804,"Control","Uninuclear"
"994","C11",5,2255,100,1.918,1.278,-11102584,"Control","Uninuclear"
"995","C11",6,2255,100,0,0,-11171711,"Control","Uninuclear"
"996","C11",7,2255,100,0,0,-11702683,"Control","Uninuclear"
"997","C11",8,2255,100,0,0,-12290718,"Control","Uninuclear"
"998","C11",9,2253,98,0.959,0.639,-8811623,"Control","Uninuclear"
"999","C11",10,2253,98,0,0,-10060653,"Control","Uninuclear"
"1000","C11",11,2253,98,0,0,-11104111,"Control","Uninuclear"
"1001","C11",12,2253,100,0.678,0.452,-11106177,"Control","Uninuclear"
"1002","C11",13,2251,100,0.678,0.452,-11829900,"Control","Uninuclear"
"1003","C11",14,2249,100,0.678,0.452,-8027497,"Control","Uninuclear"
"1004","C11",15,2258,98,3.125,2.084,-13686224,"Control","Uninuclear"
"1005","C11",16,2255,100,1.222,0.815,-13670833,"Control","Uninuclear"
"1006","C11",17,2253,102,0.959,0.639,-13673628,"Control","Uninuclear"
"1007","C11",18,2251,102,0.678,0.452,-10914432,"Control","Uninuclear"
"1008","C11",19,2251,102,0,0,-10059382,"Control","Uninuclear"
"1009","C11",20,2251,102,0,0,-10720623,"Control","Uninuclear"
"1010","C11",21,2251,102,0,0,-10385510,"Control","Uninuclear"
"1011","C11",22,2251,102,0,0,-9729629,"Control","Uninuclear"
"1012","C11",23,2251,102,0,0,-8681050,"Control","Uninuclear"
"1013","C11",24,2251,102,0,0,-8807765,"Control","Uninuclear"
"1014","C11",25,2251,102,0,0,-10581866,"Control","Uninuclear"
"1015","C11",26,2251,102,0,0,-8808024,"Control","Uninuclear"
"1016","C11",27,2251,102,0,0,-9397857,"Control","Uninuclear"
"1017","C11",28,2251,102,0,0,-9856353,"Control","Uninuclear"
"1018","C11",29,2251,102,0,0,-11038565,"Control","Uninuclear"
"1019","C11",30,2251,102,0,0,-9661542,"Control","Uninuclear"
"1020","C11",31,2251,102,0,0,-10450272,"Control","Uninuclear"
"1021","C11",32,2251,102,0,0,-8942431,"Control","Uninuclear"
"1022","C11",33,2251,102,0,0,-10325357,"Control","Uninuclear"
"1023","C11",34,2251,102,0,0,-9736040,"Control","Uninuclear"
"1024","C11",35,2251,102,0,0,-9602403,"Control","Uninuclear"
"1025","C11",36,2251,102,0,0,-9669731,"Control","Uninuclear"
"1026","C11",37,2251,102,0,0,-12620420,"Control","Uninuclear"
"1027","C11",38,2251,104,0.678,0.452,-12553607,"Control","Uninuclear"
"1028","C11",39,2251,104,0,0,-9660788,"Control","Uninuclear"
"1029","C11",40,2251,104,0,0,-10187634,"Control","Uninuclear"
"1030","C11",41,2251,104,0,0,-9399652,"Control","Uninuclear"
"1031","C11",42,2251,104,0,0,-9269614,"Control","Uninuclear"
"1032","C11",43,2251,104,0,0,-9007991,"Control","Uninuclear"
"1033","C11",44,2251,104,0,0,-8807274,"Control","Uninuclear"
"1034","C11",45,2251,104,0,0,-9271649,"Control","Uninuclear"
"1035","C11",46,2251,104,0,0,-9727586,"Control","Uninuclear"
"1036","C11",47,2251,104,0,0,-9465705,"Control","Uninuclear"
"1037","C11",48,2251,104,0,0,-9399653,"Control","Uninuclear"
"1038","C11",49,2251,104,0,0,-8285032,"Control","Uninuclear"
"1039","C11",50,2251,104,0,0,-10386304,"Control","Uninuclear"
"1040","C11",51,2251,104,0,0,-9533806,"Control","Uninuclear"
"1041","C11",52,2251,104,0,0,-8874597,"Control","Uninuclear"
"1042","C11",53,2251,104,0,0,-8416855,"Control","Uninuclear"
"1043","C11",54,2251,104,0,0,-8681320,"Control","Uninuclear"
"1044","C11",55,2251,104,0,0,-9272164,"Control","Uninuclear"
"1045","C11",56,2251,104,0,0,-9073760,"Control","Uninuclear"
"1046","C11",57,2251,104,0,0,-8743022,"Control","Uninuclear"
"1047","C11",58,2251,104,0,0,-8610410,"Control","Uninuclear"
"1048","C11",59,2251,104,0,0,-8089683,"Control","Uninuclear"
"1049","C11",60,2251,104,0,0,-8544351,"Control","Uninuclear"
"1050","C11",61,2251,104,0,0,-8806762,"Control","Uninuclear"
"1051","C11",62,2251,104,0,0,-9465469,"Control","Uninuclear"
"1052","C11",63,2251,102,0.678,0.452,-8740715,"Control","Uninuclear"
"1053","C11",64,2253,102,0.678,0.452,-8940665,"Control","Uninuclear"
"1054","C11",65,2253,100,0.678,0.452,-10056061,"Control","Uninuclear"
"1055","C11",66,2253,100,0,0,-10317934,"Control","Uninuclear"
"1056","C11",67,2251,100,0.678,0.452,-8346721,"Control","Uninuclear"
"1057","C11",68,2251,100,0,0,-8805740,"Control","Uninuclear"
"1058","C11",69,2251,100,0,0,-9662322,"Control","Uninuclear"
"1059","C11",70,2251,100,0,0,-9663333,"Control","Uninuclear"
"1060","C11",71,2251,100,0,0,-9533026,"Control","Uninuclear"
"1061","C11",72,2251,102,0.678,0.452,-10188161,"Control","Uninuclear"
"1062","C11",73,2251,102,0,0,-10054008,"Control","Uninuclear"
"1063","C11",74,2251,102,0,0,-9532266,"Control","Uninuclear"
"1064","C11",75,2251,102,0,0,-10847107,"Control","Uninuclear"
"1065","C11",76,2251,102,0,0,-10448768,"Control","Uninuclear"
"1066","C11",77,2251,102,0,0,-9135980,"Control","Uninuclear"
"1067","C11",78,2251,102,0,0,-9859962,"Control","Uninuclear"
"1068","C11",79,2251,102,0,0,-9267296,"Control","Uninuclear"
"1069","C11",80,2251,102,0,0,-9200490,"Control","Uninuclear"
"1070","C11",81,2251,102,0,0,-11110271,"Control","Uninuclear"
"1071","C11",82,2251,102,0,0,-10189176,"Control","Uninuclear"
"1072","C11",83,2251,102,0,0,-9795189,"Control","Uninuclear"
"1073","C11",84,2251,102,0,0,-9400939,"Control","Uninuclear"
"1074","C11",85,2251,102,0,0,-9203824,"Control","Uninuclear"
"1075","C11",86,2251,104,0.678,0.452,-10317691,"Control","Uninuclear"
"1076","C11",87,2251,104,0,0,-10188928,"Control","Uninuclear"
"1077","C11",88,2251,104,0,0,-9858171,"Control","Uninuclear"
"1078","C11",89,2251,104,0,0,-10323080,"Control","Uninuclear"
"1079","C11",90,2251,104,0,0,-9732224,"Control","Uninuclear"
"1080","C11",91,2251,104,0,0,-9992837,"Control","Uninuclear"
"1081","C11",92,2251,104,0,0,-10783380,"Control","Uninuclear"
"1082","C11",93,2251,102,0.678,0.452,-9995137,"Control","Uninuclear"
"1083","C11",94,2251,102,0,0,-10584713,"Control","Uninuclear"
"1084","C11",95,2251,102,0,0,-10784663,"Control","Uninuclear"
"1085","C11",96,2251,102,0,0,-10129043,"Control","Uninuclear"
"1086","C11",97,2251,102,0,0,-11574939,"Control","Uninuclear"
"1087","C11",98,2251,102,0,0,-11970475,"Control","Uninuclear"
"1088","C11",99,2251,102,0,0,-11308178,"Control","Uninuclear"
"1089","C11",100,2251,100,0.678,0.452,-11178631,"Control","Uninuclear"
"1090","C12",2,1756,194,1.017,0.678,-10845575,"Control","Uninuclear"
"1091","C12",3,1756,194,0,0,-10588038,"Control","Uninuclear"
"1092","C12",4,1756,194,0,0,-10779514,"Control","Uninuclear"
"1093","C12",5,1756,194,0,0,-11309702,"Control","Uninuclear"
"1094","C12",6,1750,190,2.445,1.63,-10323057,"Control","Uninuclear"
"1095","C12",7,1742,176,5.466,3.644,-11704726,"Control","Uninuclear"
"1096","C12",8,1733,176,3.051,2.034,-10851734,"Control","Uninuclear"
"1097","C12",9,1731,174,0.959,0.639,-10850949,"Control","Uninuclear"
"1098","C12",10,1727,171,1.695,1.13,-7768703,"Control","Uninuclear"
"1099","C12",11,1727,178,2.373,1.582,-10321016,"Control","Uninuclear"
"1100","C12",12,1729,176,0.959,0.639,-11041916,"Control","Uninuclear"
"1101","C12",13,1729,176,0,0,-9278092,"Control","Uninuclear"
"1102","C12",14,1727,169,2.468,1.645,-10912889,"Control","Uninuclear"
"1103","C12",15,1731,165,1.918,1.278,-11439236,"Control","Uninuclear"
"1104","C12",16,1731,165,0,0,-10720653,"Control","Uninuclear"
"1105","C12",17,1731,165,0,0,-5786187,"Control","Uninuclear"
"1106","C12",18,1731,169,1.356,0.904,-6446427,"Control","Uninuclear"
"1107","C12",19,1731,171,0.678,0.452,-5655627,"Control","Uninuclear"
"1108","C12",20,1733,178,2.468,1.645,-9996675,"Control","Uninuclear"
"1109","C12",21,1736,174,1.695,1.13,-11965338,"Control","Uninuclear"
"1110","C12",22,1736,169,1.695,1.13,-12497324,"Control","Uninuclear"
"1111","C12",23,1725,165,3.968,2.645,-11244687,"Control","Uninuclear"
"1112","C12",24,1727,163,0.959,0.639,-6841433,"Control","Uninuclear"
"1113","C12",25,1727,163,0,0,-7241067,"Control","Uninuclear"
"1114","C12",26,1731,161,1.516,1.011,-6175293,"Control","Uninuclear"
"1115","C12",27,1731,163,0.678,0.452,-7704186,"Control","Uninuclear"
"1116","C12",28,1731,163,0,0,-7239792,"Control","Uninuclear"
"1117","C12",29,1731,165,0.678,0.452,-7769729,"Control","Uninuclear"
"1118","C12",30,1731,165,0,0,-5314604,"Control","Uninuclear"
"1119","C12",31,1731,165,0,0,-7026241,"Control","Uninuclear"
"1120","C12",32,1727,165,1.356,0.904,-10186607,"Control","Uninuclear"
"1121","C12",33,1727,167,0.678,0.452,-5972534,"Control","Uninuclear"
"1122","C12",34,1725,174,2.468,1.645,-9278344,"Control","Uninuclear"
"1123","C12",35,1727,182,2.795,1.864,-5390916,"Control","Uninuclear"
"1124","C12",36,1721,184,2.144,1.429,-8231824,"Control","Uninuclear"
"1125","C12",37,1721,184,0,0,-7573906,"Control","Uninuclear"
"1126","C12",38,1721,184,0,0,-8282470,"Control","Uninuclear"
"1127","C12",39,1721,184,0,0,-5387325,"Control","Uninuclear"
"1128","C12",40,1721,184,0,0,-4791856,"Control","Uninuclear"
"1129","C12",41,1721,184,0,0,-4860462,"Control","Uninuclear"
"1130","C12",42,1721,184,0,0,-5583415,"Control","Uninuclear"
"1131","C12",43,1721,184,0,0,-4466743,"Control","Uninuclear"
"1132","C12",44,1721,184,0,0,-6186326,"Control","Uninuclear"
"1133","C12",45,1721,184,0,0,-4991547,"Control","Uninuclear"
"1134","C12",46,1721,184,0,0,-7496026,"Control","Uninuclear"
"1135","C12",47,1721,184,0,0,-9150616,"Control","Uninuclear"
"1136","C12",48,1725,182,1.516,1.011,-6893123,"Control","Uninuclear"
"1137","C12",49,1725,184,0.678,0.452,-5123632,"Control","Uninuclear"
"1138","C12",50,1721,184,1.356,0.904,-5591630,"Control","Uninuclear"
"1139","C12",51,1721,184,0,0,-4863031,"Control","Uninuclear"
"1140","C12",52,1721,184,0,0,-5790812,"Control","Uninuclear"
"1141","C12",53,1721,184,0,0,-4675657,"Control","Uninuclear"
"1142","C12",54,1721,184,0,0,-6057567,"Control","Uninuclear"
"1143","C12",55,1721,184,0,0,-6775900,"Control","Uninuclear"
"1144","C12",56,1721,184,0,0,-7500912,"Control","Uninuclear"
"1145","C12",57,1721,184,0,0,-8748678,"Control","Uninuclear"
"1146","C12",58,1721,184,0,0,-8555387,"Control","Uninuclear"
"1147","C12",59,1725,182,1.516,1.011,-5531979,"Control","Uninuclear"
"1148","C12",60,1727,182,0.678,0.452,-6908759,"Control","Uninuclear"
"1149","C12",61,1721,182,2.034,1.356,-5529926,"Control","Uninuclear"
"1150","C12",62,1723,180,0.959,0.639,-6777430,"Control","Uninuclear"
"1151","C12",63,1723,178,0.678,0.452,-6517843,"Control","Uninuclear"
"1152","C12",64,1723,180,0.678,0.452,-6846548,"Control","Uninuclear"
"1153","C12",65,1723,180,0,0,-6915164,"Control","Uninuclear"
"1154","C12",66,1723,180,0,0,-6840404,"Control","Uninuclear"
"1155","C12",67,1719,174,2.445,1.63,-6252879,"Control","Uninuclear"
"1156","C12",68,1723,167,2.733,1.822,-7107931,"Control","Uninuclear"
"1157","C12",69,1721,171,1.516,1.011,-7237724,"Control","Uninuclear"
"1158","C12",70,1725,178,2.733,1.822,-6449999,"Control","Uninuclear"
"1159","C12",71,1729,176,1.516,1.011,-7961957,"Control","Uninuclear"
"1160","C12",72,1738,184,4.082,2.721,-7755614,"Control","Uninuclear"
"1161","C12",73,1738,182,0.678,0.452,-6320713,"Control","Uninuclear"
"1162","C12",74,1740,178,1.516,1.011,-6780763,"Control","Uninuclear"
"1163","C12",75,1752,169,5.085,3.39,-7632990,"Control","Uninuclear"
"1164","C12",76,1759,171,2.468,1.645,-6775894,"Control","Uninuclear"
"1165","C12",77,1752,169,2.468,1.645,-6843217,"Control","Uninuclear"
"1166","C12",78,1752,169,0,0,-7106146,"Control","Uninuclear"
"1167","C12",79,1754,176,2.468,1.645,-8486772,"Control","Uninuclear"
"1168","C12",80,1752,171,1.826,1.217,-5922121,"Control","Uninuclear"
"1169","C12",81,1756,176,2.171,1.447,-9146004,"Control","Uninuclear"
"1170","C12",82,1754,174,0.959,0.639,-8615285,"Control","Uninuclear"
"1171","C12",83,1763,178,3.339,2.226,-7429984,"Control","Uninuclear"
"1172","C12",84,1754,176,3.125,2.084,-6904917,"Control","Uninuclear"
"1173","C12",85,1761,174,2.468,1.645,-8939887,"Control","Uninuclear"
"1174","C12",86,1756,176,1.826,1.217,-8284778,"Control","Uninuclear"
"1175","C12",87,1756,174,0.678,0.452,-7894624,"Control","Uninuclear"
"1176","C12",88,1759,174,1.017,0.678,-7502687,"Control","Uninuclear"
"1177","C12",89,1761,176,0.959,0.639,-6577486,"Control","Uninuclear"
"1178","C12",90,1765,178,1.516,1.011,-8351600,"Control","Uninuclear"
"1179","C12",91,1767,178,0.678,0.452,-9798279,"Control","Uninuclear"
"1180","C12",92,1769,176,0.959,0.639,-10129801,"Control","Uninuclear"
"1181","C12",93,1769,176,0,0,-11049627,"Control","Uninuclear"
"1182","C12",94,1769,176,0,0,-10396059,"Control","Uninuclear"
"1183","C12",95,1769,176,0,0,-11708833,"Control","Uninuclear"
"1184","C12",96,1769,176,0,0,-12369334,"Control","Uninuclear"
"1185","C12",97,1769,174,0.678,0.452,-13022136,"Control","Uninuclear"
"1186","C12",98,1769,176,0.678,0.452,-12300731,"Control","Uninuclear"
"1187","C12",99,1769,176,0,0,-11908273,"Control","Uninuclear"
"1188","C12",100,1769,176,0,0,-10987432,"Control","Uninuclear"
"1189","C13",2,937,645,1.918,1.278,-7436617,"Control","Uninuclear"
"1190","C13",3,933,652,2.733,1.822,-12104632,"Control","Uninuclear"
"1191","C13",4,930,645,2.582,1.721,-8153480,"Control","Uninuclear"
"1192","C13",5,928,647,0.959,0.639,-11713477,"Control","Uninuclear"
"1193","C13",6,924,647,1.356,0.904,-12635864,"Control","Uninuclear"
"1194","C13",7,935,643,3.968,2.645,-13093335,"Control","Uninuclear"
"1195","C13",8,935,645,0.678,0.452,-12505311,"Control","Uninuclear"
"1196","C13",9,928,643,2.468,1.645,-9337241,"Control","Uninuclear"
"1197","C13",10,928,639,1.356,0.904,-6251060,"Control","Uninuclear"
"1198","C13",11,928,641,0.678,0.452,-3750964,"Control","Uninuclear"
"1199","C13",12,930,639,0.959,0.639,-6579267,"Control","Uninuclear"
"1200","C13",13,930,637,0.678,0.452,-7237446,"Control","Uninuclear"
"1201","C13",14,933,637,1.017,0.678,-6382397,"Control","Uninuclear"
"1202","C13",15,933,637,0,0,-9394007,"Control","Uninuclear"
"1203","C13",16,933,637,0,0,-9390408,"Control","Uninuclear"
"1204","C13",17,933,637,0,0,-8869734,"Control","Uninuclear"
"1205","C13",18,933,637,0,0,-12487583,"Control","Uninuclear"
"1206","C13",19,933,639,0.678,0.452,-7169862,"Control","Uninuclear"
"1207","C13",20,933,639,0,0,-6386496,"Control","Uninuclear"
"1208","C13",21,933,637,0.678,0.452,-8679009,"Control","Uninuclear"
"1209","C13",22,933,637,0,0,-8356454,"Control","Uninuclear"
"1210","C13",23,937,641,1.918,1.278,-6316622,"Control","Uninuclear"
"1211","C13",24,937,643,0.678,0.452,-6919499,"Control","Uninuclear"
"1212","C13",25,937,643,0,0,-9070652,"Control","Uninuclear"
"1213","C13",26,926,643,3.729,2.486,-5333050,"Control","Uninuclear"
"1214","C13",27,924,647,1.516,1.011,-9931684,"Control","Uninuclear"
"1215","C13",28,922,645,0.959,0.639,-6383690,"Control","Uninuclear"
"1216","C13",29,924,643,0.959,0.639,-6582850,"Control","Uninuclear"
"1217","C13",30,926,645,0.959,0.639,-6452032,"Control","Uninuclear"
"1218","C13",31,926,645,0,0,-5270827,"Control","Uninuclear"
"1219","C13",32,933,641,2.733,1.822,-8162416,"Control","Uninuclear"
"1220","C13",33,935,643,0.959,0.639,-5597764,"Control","Uninuclear"
"1221","C13",34,933,641,0.959,0.639,-8030044,"Control","Uninuclear"
"1222","C13",35,935,643,0.959,0.639,-7833932,"Control","Uninuclear"
"1223","C13",36,935,641,0.678,0.452,-7307600,"Control","Uninuclear"
"1224","C13",37,933,639,0.959,0.639,-7436642,"Control","Uninuclear"
"1225","C13",38,933,639,0,0,-7308881,"Control","Uninuclear"
"1226","C13",39,933,641,0.678,0.452,-8225892,"Control","Uninuclear"
"1227","C13",40,933,641,0,0,-8088678,"Control","Uninuclear"
"1228","C13",41,935,639,0.959,0.639,-9659976,"Control","Uninuclear"
"1229","C13",42,926,641,3.125,2.084,-6976856,"Control","Uninuclear"
"1230","C13",43,924,645,1.516,1.011,-7833168,"Control","Uninuclear"
"1231","C13",44,924,645,0,0,-7966570,"Control","Uninuclear"
"1232","C13",45,924,645,0,0,-7635803,"Control","Uninuclear"
"1233","C13",46,924,645,0,0,-8223849,"Control","Uninuclear"
"1234","C13",47,924,647,0.678,0.452,-8290430,"Control","Uninuclear"
"1235","C13",48,926,645,0.959,0.639,-7832665,"Control","Uninuclear"
"1236","C13",49,926,645,0,0,-4873795,"Control","Uninuclear"
"1237","C13",50,924,647,0.959,0.639,-4873016,"Control","Uninuclear"
"1238","C13",51,924,647,0,0,-4611376,"Control","Uninuclear"
"1239","C13",52,924,647,0,0,-6777172,"Control","Uninuclear"
"1240","C13",53,924,645,0.678,0.452,-7044428,"Control","Uninuclear"
"1241","C13",54,922,643,0.959,0.639,-6717793,"Control","Uninuclear"
"1242","C13",55,922,643,0,0,-7174502,"Control","Uninuclear"
"1243","C13",56,922,643,0,0,-7835514,"Control","Uninuclear"
"1244","C13",57,922,643,0,0,-8487549,"Control","Uninuclear"
"1245","C13",58,924,643,0.678,0.452,-8025957,"Control","Uninuclear"
"1246","C13",59,926,645,0.959,0.639,-5727036,"Control","Uninuclear"
"1247","C13",60,920,647,2.144,1.429,-6385756,"Control","Uninuclear"
"1248","C13",61,930,647,3.39,2.26,-5797220,"Control","Uninuclear"
"1249","C13",62,930,649,0.678,0.452,-4216395,"Control","Uninuclear"
"1250","C13",63,924,647,2.144,1.429,-8097401,"Control","Uninuclear"
"1251","C13",64,930,643,2.445,1.63,-8681076,"Control","Uninuclear"
"1252","C13",65,939,635,4.082,2.721,-8623496,"Control","Uninuclear"
"1253","C13",66,933,641,2.877,1.918,-6519393,"Control","Uninuclear"
"1254","C13",67,935,641,0.678,0.452,-8682098,"Control","Uninuclear"
"1255","C13",68,935,633,2.712,1.808,-7502689,"Control","Uninuclear"
"1256","C13",69,935,633,0,0,-7701596,"Control","Uninuclear"
"1257","C13",70,935,635,0.678,0.452,-7763012,"Control","Uninuclear"
"1258","C13",71,933,635,0.678,0.452,-11312581,"Control","Uninuclear"
"1259","C13",72,933,633,0.678,0.452,-8414297,"Control","Uninuclear"
"1260","C13",73,933,635,0.678,0.452,-7762001,"Control","Uninuclear"
"1261","C13",74,933,637,0.678,0.452,-8489568,"Control","Uninuclear"
"1262","C13",75,933,637,0,0,-8159073,"Control","Uninuclear"
"1263","C13",76,933,633,1.356,0.904,-10056276,"Control","Uninuclear"
"1264","C13",77,935,637,1.516,1.011,-7833952,"Control","Uninuclear"
"1265","C13",78,935,637,0,0,-8422257,"Control","Uninuclear"
"1266","C13",79,935,639,0.678,0.452,-7895135,"Control","Uninuclear"
"1267","C13",80,930,645,2.648,1.765,-7437429,"Control","Uninuclear"
"1268","C13",81,930,647,0.678,0.452,-9078144,"Control","Uninuclear"
"1269","C13",82,933,647,1.017,0.678,-8494707,"Control","Uninuclear"
"1270","C13",83,933,647,0,0,-8489079,"Control","Uninuclear"
"1271","C13",84,935,649,0.959,0.639,-6385748,"Control","Uninuclear"
"1272","C13",85,930,647,1.826,1.217,-8165740,"Control","Uninuclear"
"1273","C13",86,930,649,0.678,0.452,-7767423,"Control","Uninuclear"
"1274","C13",87,922,649,2.712,1.808,-8552052,"Control","Uninuclear"
"1275","C13",88,924,645,1.516,1.011,-9669242,"Control","Uninuclear"
"1276","C13",89,924,649,1.356,0.904,-8162668,"Control","Uninuclear"
"1277","C13",90,926,647,0.959,0.639,-7242084,"Control","Uninuclear"
"1278","C13",91,928,643,1.516,1.011,-8752752,"Control","Uninuclear"
"1279","C13",92,939,639,3.968,2.645,-5929053,"Control","Uninuclear"
"1280","C13",93,939,641,0.678,0.452,-7440752,"Control","Uninuclear"
"1281","C13",94,926,641,4.407,2.938,-8686442,"Control","Uninuclear"
"1282","C13",95,926,641,0,0,-7174753,"Control","Uninuclear"
"1283","C13",96,924,641,0.678,0.452,-7106926,"Control","Uninuclear"
"1284","C13",97,928,643,1.516,1.011,-6323287,"Control","Uninuclear"
"1285","C13",98,930,641,0.959,0.639,-7904603,"Control","Uninuclear"
"1286","C13",99,930,645,1.356,0.904,-9009002,"Control","Uninuclear"
"1287","C13",100,924,643,2.144,1.429,-9277053,"Control","Uninuclear"
"1288","C14",2,1907,1018,0,0,-12362653,"Control","Uninuclear"
"1289","C14",3,1905,1018,0.678,0.452,-12688020,"Control","Uninuclear"
"1290","C14",4,1905,1018,0,0,-12358292,"Control","Uninuclear"
"1291","C14",5,1905,1018,0,0,-12885401,"Control","Uninuclear"
"1292","C14",6,1905,1018,0,0,-12425879,"Control","Uninuclear"
"1293","C14",7,1907,1012,2.144,1.429,-12232618,"Control","Uninuclear"
"1294","C14",8,1907,1012,0,0,-11771029,"Control","Uninuclear"
"1295","C14",9,1907,1012,0,0,-11112846,"Control","Uninuclear"
"1296","C14",10,1907,1012,0,0,-9862522,"Control","Uninuclear"
"1297","C14",11,1907,1012,0,0,-9799033,"Control","Uninuclear"
"1298","C14",12,1903,1014,1.516,1.011,-9798782,"Control","Uninuclear"
"1299","C14",13,1903,1014,0,0,-10196099,"Control","Uninuclear"
"1300","C14",14,1903,1014,0,0,-9275774,"Control","Uninuclear"
"1301","C14",15,1903,1016,0.678,0.452,-9994369,"Control","Uninuclear"
"1302","C14",16,1901,1018,0.959,0.639,-9928065,"Control","Uninuclear"
"1303","C14",17,1901,1018,0,0,-10322051,"Control","Uninuclear"
"1304","C14",18,1901,1016,0.678,0.452,-9995899,"Control","Uninuclear"
"1305","C14",19,1897,1018,1.516,1.011,-9863032,"Control","Uninuclear"
"1306","C14",20,1897,1018,0,0,-9734267,"Control","Uninuclear"
"1307","C14",21,1897,1018,0,0,-10913667,"Control","Uninuclear"
"1308","C14",22,1897,1018,0,0,-9469547,"Control","Uninuclear"
"1309","C14",23,1897,1018,0,0,-9598312,"Control","Uninuclear"
"1310","C14",24,1897,1018,0,0,-9468528,"Control","Uninuclear"
"1311","C14",25,1897,1018,0,0,-8811868,"Control","Uninuclear"
"1312","C14",26,1897,1018,0,0,-9071198,"Control","Uninuclear"
"1313","C14",27,1897,1018,0,0,-9336940,"Control","Uninuclear"
"1314","C14",28,1897,1018,0,0,-8486492,"Control","Uninuclear"
"1315","C14",29,1897,1018,0,0,-9404011,"Control","Uninuclear"
"1316","C14",30,1897,1018,0,0,-8488042,"Control","Uninuclear"
"1317","C14",31,1899,1018,0.678,0.452,-9271146,"Control","Uninuclear"
"1318","C14",32,1899,1018,0,0,-9208439,"Control","Uninuclear"
"1319","C14",33,1899,1018,0,0,-9666407,"Control","Uninuclear"
"1320","C14",34,1899,1018,0,0,-9341550,"Control","Uninuclear"
"1321","C14",35,1899,1018,0,0,-9732725,"Control","Uninuclear"
"1322","C14",36,1899,1018,0,0,-9472617,"Control","Uninuclear"
"1323","C14",37,1899,1018,0,0,-8815985,"Control","Uninuclear"
"1324","C14",38,1901,1021,1.222,0.815,-9077105,"Control","Uninuclear"
"1325","C14",39,1901,1021,0,0,-8875373,"Control","Uninuclear"
"1326","C14",40,1901,1021,0,0,-9534839,"Control","Uninuclear"
"1327","C14",41,1901,1018,1.017,0.678,-9738368,"Control","Uninuclear"
"1328","C14",42,1903,1018,0.678,0.452,-9731436,"Control","Uninuclear"
"1329","C14",43,1905,1018,0.678,0.452,-9731440,"Control","Uninuclear"
"1330","C14",44,1905,1018,0,0,-9536362,"Control","Uninuclear"
"1331","C14",45,1905,1018,0,0,-10191736,"Control","Uninuclear"
"1332","C14",46,1905,1018,0,0,-9865841,"Control","Uninuclear"
"1333","C14",47,1905,1018,0,0,-10586755,"Control","Uninuclear"
"1334","C14",48,1903,1018,0.678,0.452,-8222819,"Control","Uninuclear"
"1335","C14",49,1903,1018,0,0,-9337215,"Control","Uninuclear"
"1336","C14",50,1903,1018,0,0,-9992051,"Control","Uninuclear"
"1337","C14",51,1903,1018,0,0,-9927544,"Control","Uninuclear"
"1338","C14",52,1903,1018,0,0,-9797744,"Control","Uninuclear"
"1339","C14",53,1903,1018,0,0,-9993320,"Control","Uninuclear"
"1340","C14",54,1903,1018,0,0,-10585740,"Control","Uninuclear"
"1341","C14",55,1903,1018,0,0,-10717310,"Control","Uninuclear"
"1342","C14",56,1903,1018,0,0,-9667193,"Control","Uninuclear"
"1343","C14",57,1903,1018,0,0,-9340012,"Control","Uninuclear"
"1344","C14",58,1903,1018,0,0,-9796988,"Control","Uninuclear"
"1345","C14",59,1903,1018,0,0,-9995390,"Control","Uninuclear"
"1346","C14",60,1903,1018,0,0,-9468777,"Control","Uninuclear"
"1347","C14",61,1905,1018,0.678,0.452,-9534057,"Control","Uninuclear"
"1348","C14",62,1905,1021,1.017,0.678,-10586244,"Control","Uninuclear"
"1349","C14",63,1910,1018,1.977,1.318,-10396811,"Control","Uninuclear"
"1350","C14",64,1907,1016,1.222,0.815,-9869705,"Control","Uninuclear"
"1351","C14",65,1907,1016,0,0,-9869962,"Control","Uninuclear"
"1352","C14",66,1907,1016,0,0,-9345930,"Control","Uninuclear"
"1353","C14",67,1907,1016,0,0,-9738370,"Control","Uninuclear"
"1354","C14",68,1907,1016,0,0,-9407865,"Control","Uninuclear"
"1355","C14",69,1907,1014,0.678,0.452,-9997692,"Control","Uninuclear"
"1356","C14",70,1907,1014,0,0,-10785156,"Control","Uninuclear"
"1357","C14",71,1907,1014,0,0,-10651517,"Control","Uninuclear"
"1358","C14",72,1907,1014,0,0,-11047047,"Control","Uninuclear"
"1359","C14",73,1907,1014,0,0,-10716037,"Control","Uninuclear"
"1360","C14",74,1907,1014,0,0,-10782335,"Control","Uninuclear"
"1361","C14",75,1907,1016,0.678,0.452,-10256258,"Control","Uninuclear"
"1362","C14",76,1905,1016,0.678,0.452,-10849141,"Control","Uninuclear"
"1363","C14",77,1905,1016,0,0,-10392700,"Control","Uninuclear"
"1364","C14",78,1905,1016,0,0,-10324854,"Control","Uninuclear"
"1365","C14",79,1905,1016,0,0,-9735272,"Control","Uninuclear"
"1366","C14",80,1905,1016,0,0,-9010018,"Control","Uninuclear"
"1367","C14",81,1905,1016,0,0,-9271898,"Control","Uninuclear"
"1368","C14",82,1905,1016,0,0,-9542005,"Control","Uninuclear"
"1369","C14",83,1905,1016,0,0,-9278320,"Control","Uninuclear"
"1370","C14",84,1905,1016,0,0,-9213554,"Control","Uninuclear"
"1371","C14",85,1905,1016,0,0,-9539172,"Control","Uninuclear"
"1372","C14",86,1905,1016,0,0,-9143914,"Control","Uninuclear"
"1373","C14",87,1905,1016,0,0,-8945004,"Control","Uninuclear"
"1374","C14",88,1905,1016,0,0,-9276529,"Control","Uninuclear"
"1375","C14",89,1905,1016,0,0,-8549734,"Control","Uninuclear"
"1376","C14",90,1905,1016,0,0,-9340528,"Control","Uninuclear"
"1377","C14",91,1905,1016,0,0,-8744802,"Control","Uninuclear"
"1378","C14",92,1905,1016,0,0,-8745840,"Control","Uninuclear"
"1379","C14",93,1905,1016,0,0,-8284778,"Control","Uninuclear"
"1380","C14",94,1905,1016,0,0,-8812931,"Control","Uninuclear"
"1381","C14",95,1907,1014,0.959,0.639,-8483446,"Control","Uninuclear"
"1382","C14",96,1907,1014,0,0,-10059133,"Control","Uninuclear"
"1383","C14",97,1907,1014,0,0,-9005932,"Control","Uninuclear"
"1384","C14",98,1907,1014,0,0,-10193288,"Control","Uninuclear"
"1385","C14",99,1907,1014,0,0,-9601403,"Control","Uninuclear"
"1386","C14",100,1907,1014,0,0,-9863535,"Control","Uninuclear"
"1387","C15",2,2094,1320,0.678,0.452,-8292464,"Control","Uninuclear"
"1388","C15",3,2094,1322,0.678,0.452,-8097645,"Control","Uninuclear"
"1389","C15",4,2094,1322,0,0,-6716502,"Control","Uninuclear"
"1390","C15",5,2094,1322,0,0,-5660992,"Control","Uninuclear"
"1391","C15",6,2092,1318,1.516,1.011,-5997106,"Control","Uninuclear"
"1392","C15",7,2092,1318,0,0,-6383450,"Control","Uninuclear"
"1393","C15",8,2092,1318,0,0,-5726011,"Control","Uninuclear"
"1394","C15",9,2092,1316,0.678,0.452,-5080104,"Control","Uninuclear"
"1395","C15",10,2092,1316,0,0,-8351084,"Control","Uninuclear"
"1396","C15",11,2088,1318,1.516,1.011,-5079846,"Control","Uninuclear"
"1397","C15",12,2088,1316,0.678,0.452,-4945456,"Control","Uninuclear"
"1398","C15",13,2086,1318,0.959,0.639,-4948258,"Control","Uninuclear"
"1399","C15",14,2086,1318,0,0,-5469232,"Control","Uninuclear"
"1400","C15",15,2086,1318,0,0,-5669679,"Control","Uninuclear"
"1401","C15",16,2086,1318,0,0,-5928265,"Control","Uninuclear"
"1402","C15",17,2088,1322,1.516,1.011,-4747564,"Control","Uninuclear"
"1403","C15",18,2088,1322,0,0,-5927491,"Control","Uninuclear"
"1404","C15",19,2088,1322,0,0,-5998136,"Control","Uninuclear"
"1405","C15",20,2088,1322,0,0,-5535793,"Control","Uninuclear"
"1406","C15",21,2088,1322,0,0,-5406761,"Control","Uninuclear"
"1407","C15",22,2088,1322,0,0,-5402927,"Control","Uninuclear"
"1408","C15",23,2088,1322,0,0,-6191160,"Control","Uninuclear"
"1409","C15",24,2088,1322,0,0,-7702097,"Control","Uninuclear"
"1410","C15",25,2090,1320,0.959,0.639,-6844239,"Control","Uninuclear"
"1411","C15",26,2090,1320,0,0,-7238234,"Control","Uninuclear"
"1412","C15",27,2090,1320,0,0,-7962722,"Control","Uninuclear"
"1413","C15",28,2090,1320,0,0,-8092262,"Control","Uninuclear"
"1414","C15",29,2090,1320,0,0,-8227698,"Control","Uninuclear"
"1415","C15",30,2090,1320,0,0,-7894884,"Control","Uninuclear"
"1416","C15",31,2090,1320,0,0,-8487549,"Control","Uninuclear"
"1417","C15",32,2090,1320,0,0,-9934209,"Control","Uninuclear"
"1418","C15",33,2090,1320,0,0,-9865344,"Control","Uninuclear"
"1419","C15",34,2090,1320,0,0,-9541248,"Control","Uninuclear"
"1420","C15",35,2090,1320,0,0,-8488038,"Control","Uninuclear"
"1421","C15",36,2090,1320,0,0,-8488312,"Control","Uninuclear"
"1422","C15",37,2090,1322,0.678,0.452,-9013614,"Control","Uninuclear"
"1423","C15",38,2088,1322,0.678,0.452,-9275499,"Control","Uninuclear"
"1424","C15",39,2088,1322,0,0,-10324361,"Control","Uninuclear"
"1425","C15",40,2088,1320,0.678,0.452,-8881519,"Control","Uninuclear"
"1426","C15",41,2090,1320,0.678,0.452,-10128512,"Control","Uninuclear"
"1427","C15",42,2090,1320,0,0,-9535346,"Control","Uninuclear"
"1428","C15",43,2090,1320,0,0,-10587785,"Control","Uninuclear"
"1429","C15",44,2090,1320,0,0,-8946031,"Control","Uninuclear"
"1430","C15",45,2090,1320,0,0,-9672825,"Control","Uninuclear"
"1431","C15",46,2088,1320,0.678,0.452,-9539459,"Control","Uninuclear"
"1432","C15",47,2088,1320,0,0,-8880752,"Control","Uninuclear"
"1433","C15",48,2088,1318,0.678,0.452,-8945519,"Control","Uninuclear"
"1434","C15",49,2088,1316,0.678,0.452,-8883057,"Control","Uninuclear"
"1435","C15",50,2088,1316,0,0,-7506019,"Control","Uninuclear"
"1436","C15",51,2088,1320,1.356,0.904,-8491622,"Control","Uninuclear"
"1437","C15",52,2088,1320,0,0,-7436126,"Control","Uninuclear"
"1438","C15",53,2088,1320,0,0,-8747888,"Control","Uninuclear"
"1439","C15",54,2088,1320,0,0,-8819587,"Control","Uninuclear"
"1440","C15",55,2088,1320,0,0,-9148549,"Control","Uninuclear"
"1441","C15",56,2088,1320,0,0,-9736334,"Control","Uninuclear"
"1442","C15",57,2088,1322,0.678,0.452,-10062472,"Control","Uninuclear"
"1443","C15",58,2088,1322,0,0,-8156552,"Control","Uninuclear"
"1444","C15",59,2090,1318,1.516,1.011,-8422245,"Control","Uninuclear"
"1445","C15",60,2092,1318,0.678,0.452,-7896424,"Control","Uninuclear"
"1446","C15",61,2092,1318,0,0,-8425591,"Control","Uninuclear"
"1447","C15",62,2092,1320,0.678,0.452,-6192700,"Control","Uninuclear"
"1448","C15",63,2092,1318,0.678,0.452,-8026735,"Control","Uninuclear"
"1449","C15",64,2092,1318,0,0,-6975070,"Control","Uninuclear"
"1450","C15",65,2092,1318,0,0,-7965305,"Control","Uninuclear"
"1451","C15",66,2092,1316,0.678,0.452,-7895654,"Control","Uninuclear"
"1452","C15",67,2092,1316,0,0,-7632743,"Control","Uninuclear"
"1453","C15",68,2092,1316,0,0,-8812136,"Control","Uninuclear"
"1454","C15",69,2092,1316,0,0,-8615774,"Control","Uninuclear"
"1455","C15",70,2092,1318,0.678,0.452,-8222570,"Control","Uninuclear"
"1456","C15",71,2092,1318,0,0,-8224627,"Control","Uninuclear"
"1457","C15",72,2092,1318,0,0,-9342068,"Control","Uninuclear"
"1458","C15",73,2092,1316,0.678,0.452,-8356456,"Control","Uninuclear"
"1459","C15",74,2092,1316,0,0,-8221798,"Control","Uninuclear"
"1460","C15",75,2090,1318,0.959,0.639,-8615260,"Control","Uninuclear"
"1461","C15",76,2090,1320,0.678,0.452,-8028261,"Control","Uninuclear"
"1462","C15",77,2090,1318,0.678,0.452,-9404015,"Control","Uninuclear"
"1463","C15",78,2090,1318,0,0,-8552289,"Control","Uninuclear"
"1464","C15",79,2090,1318,0,0,-8882295,"Control","Uninuclear"
"1465","C15",80,2088,1318,0.678,0.452,-8487274,"Control","Uninuclear"
"1466","C15",81,2088,1318,0,0,-8493153,"Control","Uninuclear"
"1467","C15",82,2088,1318,0,0,-8686191,"Control","Uninuclear"
"1468","C15",83,2088,1318,0,0,-7702873,"Control","Uninuclear"
"1469","C15",84,2088,1318,0,0,-7244877,"Control","Uninuclear"
"1470","C15",85,2088,1318,0,0,-8427611,"Control","Uninuclear"
"1471","C15",86,2086,1318,0.678,0.452,-7243339,"Control","Uninuclear"
"1472","C15",87,2086,1318,0,0,-7964517,"Control","Uninuclear"
"1473","C15",88,2086,1318,0,0,-7307087,"Control","Uninuclear"
"1474","C15",89,2088,1318,0.678,0.452,-7440977,"Control","Uninuclear"
"1475","C15",90,2090,1318,0.678,0.452,-6914386,"Control","Uninuclear"
"1476","C15",91,2090,1318,0,0,-7898723,"Control","Uninuclear"
"1477","C15",92,2090,1320,0.678,0.452,-7508077,"Control","Uninuclear"
"1478","C15",93,2090,1320,0,0,-6916702,"Control","Uninuclear"
"1479","C15",94,2090,1322,0.678,0.452,-5467714,"Control","Uninuclear"
"1480","C15",95,2094,1316,2.445,1.63,-5798991,"Control","Uninuclear"
"1481","C15",96,2094,1316,0,0,-7312729,"Control","Uninuclear"
"1482","C15",97,2092,1318,0.959,0.639,-5144139,"Control","Uninuclear"
"1483","C15",98,2092,1316,0.678,0.452,-6195265,"Control","Uninuclear"
"1484","C15",99,2088,1316,1.356,0.904,-7248203,"Control","Uninuclear"
"1485","C15",100,2088,1316,0,0,-6656063,"Control","Uninuclear"
"1486","C16",2,496,366,0.678,0.452,-7642532,"Control","Uninuclear"
"1487","C16",3,496,371,1.695,1.13,-14267567,"Control","Uninuclear"
"1488","C16",4,496,371,0,0,-8027533,"Control","Uninuclear"
"1489","C16",5,494,373,0.959,0.639,-13948861,"Control","Uninuclear"
"1490","C16",6,482,377,4.288,2.859,-4276795,"Control","Uninuclear"
"1491","C16",7,480,383,2.144,1.429,-11585472,"Control","Uninuclear"
"1492","C16",8,471,377,3.667,2.445,-12834990,"Control","Uninuclear"
"1493","C16",9,471,383,2.034,1.356,-11125938,"Control","Uninuclear"
"1494","C16",10,471,383,0,0,-9350568,"Control","Uninuclear"
"1495","C16",11,469,383,0.678,0.452,-11328193,"Control","Uninuclear"
"1496","C16",12,469,383,0,0,-14514538,"Control","Uninuclear"
"1497","C16",13,454,381,5.13,3.42,-11055040,"Control","Uninuclear"
"1498","C16",14,454,381,0,0,-11428715,"Control","Uninuclear"
"1499","C16",15,450,381,1.356,0.904,-10917276,"Control","Uninuclear"
"1500","C16",16,448,387,2.144,1.429,-10988695,"Control","Uninuclear"
"1501","C16",17,440,392,3.198,2.132,-11439734,"Control","Uninuclear"
"1502","C16",18,438,389,1.222,0.815,-11715015,"Control","Uninuclear"
"1503","C16",19,438,389,0,0,-11900046,"Control","Uninuclear"
"1504","C16",20,438,389,0,0,-14134965,"Control","Uninuclear"
"1505","C16",21,438,383,2.034,1.356,-14142396,"Control","Uninuclear"
"1506","C16",22,438,389,2.034,1.356,-10986642,"Control","Uninuclear"
"1507","C16",23,434,396,2.733,1.822,-11060406,"Control","Uninuclear"
"1508","C16",24,434,396,0,0,-10466993,"Control","Uninuclear"
"1509","C16",25,431,398,1.222,0.815,-9547160,"Control","Uninuclear"
"1510","C16",26,431,400,0.678,0.452,-8692888,"Control","Uninuclear"
"1511","C16",27,431,396,1.356,0.904,-9020297,"Control","Uninuclear"
"1512","C16",28,431,396,0,0,-11577510,"Control","Uninuclear"
"1513","C16",29,431,396,0,0,-10466468,"Control","Uninuclear"
"1514","C16",30,431,396,0,0,-11059108,"Control","Uninuclear"
"1515","C16",31,431,396,0,0,-8745572,"Control","Uninuclear"
"1516","C16",32,431,394,0.678,0.452,-13751490,"Control","Uninuclear"
"1517","C16",33,431,389,1.695,1.13,-9741448,"Control","Uninuclear"
"1518","C16",34,431,385,1.356,0.904,-7614787,"Control","Uninuclear"
"1519","C16",35,417,398,6.477,4.318,-11776946,"Control","Uninuclear"
"1520","C16",36,415,400,0.959,0.639,-9664375,"Control","Uninuclear"
"1521","C16",37,394,400,7.119,4.746,-12369298,"Control","Uninuclear"
"1522","C16",38,385,400,3.051,2.034,-13227438,"Control","Uninuclear"
"1523","C16",39,371,404,4.936,3.291,-13805739,"Control","Uninuclear"
"1524","C16",40,366,396,3.198,2.132,-12703440,"Control","Uninuclear"
"1525","C16",41,356,389,4.138,2.759,-13483968,"Control","Uninuclear"
"1526","C16",42,343,387,4.459,2.973,-11647670,"Control","Uninuclear"
"1527","C16",43,337,392,2.648,1.765,-12501164,"Control","Uninuclear"
"1528","C16",44,327,394,3.457,2.305,-12895401,"Control","Uninuclear"
"1529","C16",45,327,394,0,0,-14408907,"Control","Uninuclear"
"1530","C16",46,329,394,0.678,0.452,-12883360,"Control","Uninuclear"
"1531","C16",47,329,392,0.678,0.452,-12951435,"Control","Uninuclear"
"1532","C16",48,331,387,1.826,1.217,-8677504,"Control","Uninuclear"
"1533","C16",49,331,389,0.678,0.452,-12697511,"Control","Uninuclear"
"1534","C16",50,308,392,7.863,5.242,-4466227,"Control","Uninuclear"
"1535","C16",51,295,389,4.523,3.015,-9942452,"Control","Uninuclear"
"1536","C16",52,287,396,3.604,2.402,-12562353,"Control","Uninuclear"
"1537","C16",53,264,392,7.914,5.276,-10400398,"Control","Uninuclear"
"1538","C16",54,264,389,1.017,0.678,-13167051,"Control","Uninuclear"
"1539","C16",55,253,387,3.79,2.527,-12493737,"Control","Uninuclear"
"1540","C16",56,245,377,4.341,2.894,-10997434,"Control","Uninuclear"
"1541","C16",57,245,377,0,0,-6047279,"Control","Uninuclear"
"1542","C16",58,241,379,1.516,1.011,-13483965,"Control","Uninuclear"
"1543","C16",59,241,379,0,0,-16100257,"Control","Uninuclear"
"1544","C16",60,220,381,7.151,4.767,-5538407,"Control","Uninuclear"
"1545","C16",61,218,379,0.959,0.639,-6067050,"Control","Uninuclear"
"1546","C16",62,218,379,0,0,-6566730,"Control","Uninuclear"
"1547","C16",63,218,375,1.356,0.904,-7819627,"Control","Uninuclear"
"1548","C16",64,218,371,1.356,0.904,-11377813,"Control","Uninuclear"
"1549","C16",65,228,364,4.138,2.759,-6570587,"Control","Uninuclear"
"1550","C16",66,213,360,5.263,3.508,-10787995,"Control","Uninuclear"
"1551","C16",68,215,354,2.144,1.429,-9668009,"Control","Uninuclear"
"1552","C16",69,224,350,3.339,2.226,-3672350,"Control","Uninuclear"
"1553","C16",70,218,350,2.034,1.356,-14003639,"Control","Uninuclear"
"1554","C16",71,205,341,5.36,3.573,-10726318,"Control","Uninuclear"
"1555","C16",72,194,335,4.248,2.832,-11127989,"Control","Uninuclear"
"1556","C16",73,194,335,0,0,-14130086,"Control","Uninuclear"
"1557","C16",74,176,337,6.14,4.093,-10012799,"Control","Uninuclear"
"1558","C16",75,165,333,3.968,2.645,-8559734,"Control","Uninuclear"
"1559","C16",76,165,331,0.678,0.452,-8809079,"Control","Uninuclear"
"1560","C16",77,148,320,6.864,4.576,-11974828,"Control","Uninuclear"
"1561","C16",78,140,324,3.032,2.021,-12103846,"Control","Uninuclear"
"1562","C16",79,127,327,4.523,3.015,-13295545,"Control","Uninuclear"
"1563","C16",80,102,327,8.475,5.65,-9086821,"Control","Uninuclear"
"1564","C16",81,102,333,2.034,1.356,-9922388,"Control","Uninuclear"
"1565","C16",82,100,331,0.959,0.639,-11712182,"Control","Uninuclear"
"1566","C16",83,94,337,2.877,1.918,-11908526,"Control","Uninuclear"
"1567","C16",84,81,329,5.175,3.45,-12236195,"Control","Uninuclear"
"1568","C16",85,73,331,2.795,1.864,-11579056,"Control","Uninuclear"
"1569","C16",86,71,322,3.125,2.084,-11711658,"Control","Uninuclear"
"1570","C16",87,64,318,2.733,1.822,-8420439,"Control","Uninuclear"
"1571","C16",88,58,318,2.034,1.356,-13221312,"Control","Uninuclear"
"1572","C16",89,56,318,0.678,0.452,-10384261,"Control","Uninuclear"
"1573","C16",90,50,318,2.034,1.356,-4861733,"Control","Uninuclear"
"1574","C16",91,44,318,2.034,1.356,-10782104,"Control","Uninuclear"
"1575","C16",92,33,320,3.79,2.527,-12625060,"Control","Uninuclear"
"1576","C16",93,25,320,2.712,1.808,-9586776,"Control","Uninuclear"
"1577","C16",94,18,318,2.468,1.645,-13674137,"Control","Uninuclear"
"1578","C16",95,12,312,2.877,1.918,-15454123,"Control","Uninuclear"
"1579","C16",96,8,316,1.918,1.278,-12426428,"Control","Uninuclear"
"1580","C16",97,8,322,2.034,1.356,-9074805,"Control","Uninuclear"
"1581","C16",98,6,322,0.678,0.452,-9930367,"Control","Uninuclear"
"1582","C16",99,6,322,0,0,-9537157,"Control","Uninuclear"
"1583","C17",2,1691,406,1.356,0.904,-7300949,"Control","Uninuclear"
"1584","C17",3,1691,410,1.356,0.904,-7634275,"Control","Uninuclear"
"1585","C17",4,1691,410,0,0,-7304287,"Control","Uninuclear"
"1586","C17",5,1691,410,0,0,-7698526,"Control","Uninuclear"
"1587","C17",6,1691,410,0,0,-6976343,"Control","Uninuclear"
"1588","C17",7,1691,410,0,0,-7500377,"Control","Uninuclear"
"1589","C17",8,1691,410,0,0,-7763547,"Control","Uninuclear"
"1590","C17",9,1696,408,1.826,1.217,-6715992,"Control","Uninuclear"
"1591","C17",10,1694,408,0.678,0.452,-7040863,"Control","Uninuclear"
"1592","C17",11,1689,408,1.695,1.13,-8222822,"Control","Uninuclear"
"1593","C17",12,1689,408,0,0,-7697504,"Control","Uninuclear"
"1594","C17",13,1689,408,0,0,-7566946,"Control","Uninuclear"
"1595","C17",14,1689,408,0,0,-7828079,"Control","Uninuclear"
"1596","C17",15,1689,408,0,0,-7631463,"Control","Uninuclear"
"1597","C17",16,1689,410,0.678,0.452,-7960427,"Control","Uninuclear"
"1598","C17",17,1694,410,1.695,1.13,-8027501,"Control","Uninuclear"
"1599","C17",18,1694,410,0,0,-7698274,"Control","Uninuclear"
"1600","C17",19,1694,410,0,0,-8485993,"Control","Uninuclear"
"1601","C17",20,1694,410,0,0,-7896667,"Control","Uninuclear"
"1602","C17",21,1694,410,0,0,-8025694,"Control","Uninuclear"
"1603","C17",22,1694,408,0.678,0.452,-7369068,"Control","Uninuclear"
"1604","C17",23,1694,408,0,0,-7039325,"Control","Uninuclear"
"1605","C17",24,1694,408,0,0,-7762518,"Control","Uninuclear"
"1606","C17",25,1694,408,0,0,-7763300,"Control","Uninuclear"
"1607","C17",26,1694,408,0,0,-7829090,"Control","Uninuclear"
"1608","C17",27,1694,408,0,0,-7893084,"Control","Uninuclear"
"1609","C17",28,1694,408,0,0,-7762522,"Control","Uninuclear"
"1610","C17",29,1694,408,0,0,-8417380,"Control","Uninuclear"
"1611","C17",30,1691,408,1.017,0.678,-7564638,"Control","Uninuclear"
"1612","C17",31,1691,408,0,0,-7565669,"Control","Uninuclear"
"1613","C17",32,1691,408,0,0,-7368282,"Control","Uninuclear"
"1614","C17",33,1691,408,0,0,-7955554,"Control","Uninuclear"
"1615","C17",34,1694,408,1.017,0.678,-8283747,"Control","Uninuclear"
"1616","C17",35,1694,408,0,0,-8612965,"Control","Uninuclear"
"1617","C17",36,1694,408,0,0,-8350561,"Control","Uninuclear"
"1618","C17",37,1694,408,0,0,-7893595,"Control","Uninuclear"
"1619","C17",38,1694,408,0,0,-9209193,"Control","Uninuclear"
"1620","C17",39,1694,408,0,0,-9470560,"Control","Uninuclear"
"1621","C17",40,1694,408,0,0,-9204574,"Control","Uninuclear"
"1622","C17",41,1694,406,0.678,0.452,-8944741,"Control","Uninuclear"
"1623","C17",42,1694,404,0.678,0.452,-8482921,"Control","Uninuclear"
"1624","C17",43,1694,404,0,0,-7763816,"Control","Uninuclear"
"1625","C17",44,1691,406,1.222,0.815,-9008742,"Control","Uninuclear"
"1626","C17",45,1691,406,0,0,-8548455,"Control","Uninuclear"
"1627","C17",46,1689,406,0.678,0.452,-8416869,"Control","Uninuclear"
"1628","C17",47,1689,406,0,0,-7693395,"Control","Uninuclear"
"1629","C17",48,1689,406,0,0,-8676187,"Control","Uninuclear"
"1630","C17",49,1689,406,0,0,-8808804,"Control","Uninuclear"
"1631","C17",50,1689,406,0,0,-8614521,"Control","Uninuclear"
"1632","C17",51,1691,408,0.959,0.639,-8152666,"Control","Uninuclear"
"1633","C17",52,1691,408,0,0,-8548441,"Control","Uninuclear"
"1634","C17",53,1691,408,0,0,-9466473,"Control","Uninuclear"
"1635","C17",54,1691,408,0,0,-8155237,"Control","Uninuclear"
"1636","C17",55,1691,408,0,0,-7629142,"Control","Uninuclear"
"1637","C17",56,1691,408,0,0,-8483422,"Control","Uninuclear"
"1638","C17",57,1691,408,0,0,-8089691,"Control","Uninuclear"
"1639","C17",58,1691,408,0,0,-8614508,"Control","Uninuclear"
"1640","C17",59,1691,408,0,0,-8746345,"Control","Uninuclear"
"1641","C17",60,1691,408,0,0,-8420717,"Control","Uninuclear"
"1642","C17",61,1691,406,0.678,0.452,-8679777,"Control","Uninuclear"
"1643","C17",62,1691,406,0,0,-8745580,"Control","Uninuclear"
"1644","C17",63,1691,406,0,0,-8286308,"Control","Uninuclear"
"1645","C17",64,1694,408,1.222,0.815,-8683620,"Control","Uninuclear"
"1646","C17",65,1694,408,0,0,-8418156,"Control","Uninuclear"
"1647","C17",66,1694,408,0,0,-8355938,"Control","Uninuclear"
"1648","C17",67,1694,408,0,0,-8222819,"Control","Uninuclear"
"1649","C17",68,1694,408,0,0,-8290663,"Control","Uninuclear"
"1650","C17",69,1696,406,0.959,0.639,-6124357,"Control","Uninuclear"
"1651","C17",70,1691,406,1.695,1.13,-8218962,"Control","Uninuclear"
"1652","C17",71,1698,406,2.373,1.582,-6124116,"Control","Uninuclear"
"1653","C17",72,1696,408,0.959,0.639,-6063166,"Control","Uninuclear"
"1654","C17",73,1696,406,0.678,0.452,-6387529,"Control","Uninuclear"
"1655","C17",74,1694,406,0.678,0.452,-6779467,"Control","Uninuclear"
"1656","C17",75,1694,406,0,0,-7240024,"Control","Uninuclear"
"1657","C17",76,1694,406,0,0,-6711126,"Control","Uninuclear"
"1658","C17",77,1691,406,1.017,0.678,-7828831,"Control","Uninuclear"
"1659","C17",78,1691,406,0,0,-6646862,"Control","Uninuclear"
"1660","C17",79,1689,408,0.959,0.639,-7434835,"Control","Uninuclear"
"1661","C17",80,1689,408,0,0,-8288864,"Control","Uninuclear"
"1662","C17",81,1689,408,0,0,-8488543,"Control","Uninuclear"
"1663","C17",82,1691,406,0.959,0.639,-8222301,"Control","Uninuclear"
"1664","C17",83,1691,406,0,0,-8679009,"Control","Uninuclear"
"1665","C17",84,1694,406,1.017,0.678,-8487539,"Control","Uninuclear"
"1666","C17",85,1694,406,0,0,-7370070,"Control","Uninuclear"
"1667","C17",86,1691,406,1.017,0.678,-8022360,"Control","Uninuclear"
"1668","C17",87,1691,408,0.678,0.452,-8548194,"Control","Uninuclear"
"1669","C17",88,1691,408,0,0,-8218728,"Control","Uninuclear"
"1670","C17",89,1691,408,0,0,-8614757,"Control","Uninuclear"
"1671","C17",90,1691,408,0,0,-8546659,"Control","Uninuclear"
"1672","C17",91,1691,408,0,0,-7761506,"Control","Uninuclear"
"1673","C17",92,1691,408,0,0,-7631460,"Control","Uninuclear"
"1674","C17",93,1691,408,0,0,-7895651,"Control","Uninuclear"
"1675","C17",94,1691,406,0.678,0.452,-7698526,"Control","Uninuclear"
"1676","C17",95,1691,406,0,0,-8289382,"Control","Uninuclear"
"1677","C17",96,1694,404,1.222,0.815,-7041895,"Control","Uninuclear"
"1678","C17",97,1694,406,0.678,0.452,-6979926,"Control","Uninuclear"
"1679","C17",98,1694,406,0,0,-7371360,"Control","Uninuclear"
"1680","C17",99,1694,404,0.678,0.452,-7175274,"Control","Uninuclear"
"1681","C17",100,1691,406,1.222,0.815,-7304286,"Control","Uninuclear"
"1682","C18",2,1505,1333,5.803,3.868,-5010476,"Control","Uninuclear"
"1683","C18",3,1492,1348,6.729,4.486,-7031615,"Control","Uninuclear"
"1684","C18",4,1490,1335,4.459,2.973,-9343359,"Control","Uninuclear"
"1685","C18",5,1494,1335,1.356,0.904,-8814697,"Control","Uninuclear"
"1686","C18",6,1488,1327,3.39,2.26,-10195574,"Control","Uninuclear"
"1687","C18",7,1482,1327,2.034,1.356,-9928572,"Control","Uninuclear"
"1688","C18",8,1476,1310,6.111,4.074,-9081203,"Control","Uninuclear"
"1689","C18",9,1471,1304,2.648,1.765,-11047047,"Control","Uninuclear"
"1690","C18",10,1461,1306,3.457,2.305,-9933958,"Control","Uninuclear"
"1691","C18",11,1465,1304,1.516,1.011,-9345430,"Control","Uninuclear"
"1692","C18",12,1465,1299,1.695,1.13,-9805694,"Control","Uninuclear"
"1693","C18",13,1465,1299,0,0,-8235355,"Control","Uninuclear"
"1694","C18",14,1459,1289,3.953,2.636,-7247953,"Control","Uninuclear"
"1695","C18",15,1457,1283,2.144,1.429,-5986109,"Control","Uninuclear"
"1696","C18",16,1446,1276,4.42,2.947,-11049090,"Control","Uninuclear"
"1697","C18",17,1442,1272,1.918,1.278,-8561519,"Control","Uninuclear"
"1698","C18",18,1444,1272,0.678,0.452,-9869200,"Control","Uninuclear"
"1699","C18",19,1444,1272,0,0,-9217915,"Control","Uninuclear"
"1700","C18",20,1442,1270,0.959,0.639,-5994088,"Control","Uninuclear"
"1701","C18",21,1440,1268,0.959,0.639,-6128226,"Control","Uninuclear"
"1702","C18",22,1440,1270,0.678,0.452,-9144691,"Control","Uninuclear"
"1703","C18",23,1427,1285,6.729,4.486,-8953205,"Control","Uninuclear"
"1704","C18",24,1434,1287,2.468,1.645,-7699799,"Control","Uninuclear"
"1705","C18",25,1423,1295,4.611,3.074,-6978386,"Control","Uninuclear"
"1706","C18",26,1404,1295,6.441,4.294,-8688252,"Control","Uninuclear"
"1707","C18",27,1404,1293,0.678,0.452,-8945505,"Control","Uninuclear"
"1708","C18",28,1396,1302,4.082,2.721,-10388095,"Control","Uninuclear"
"1709","C18",29,1394,1302,0.678,0.452,-8750193,"Control","Uninuclear"
"1710","C18",30,1398,1299,1.695,1.13,-10001790,"Control","Uninuclear"
"1711","C18",31,1394,1299,1.356,0.904,-9599096,"Control","Uninuclear"
"1712","C18",32,1390,1304,2.171,1.447,-9280363,"Control","Uninuclear"
"1713","C18",33,1381,1297,3.865,2.577,-8751984,"Control","Uninuclear"
"1714","C18",34,1373,1304,3.604,2.402,-8820362,"Control","Uninuclear"
"1715","C18",35,1362,1304,3.729,2.486,-9275783,"Control","Uninuclear"
"1716","C18",36,1354,1308,3.032,2.021,-9280889,"Control","Uninuclear"
"1717","C18",37,1352,1333,8.502,5.668,-9340789,"Control","Uninuclear"
"1718","C18",38,1352,1327,2.034,1.356,-9072979,"Control","Uninuclear"
"1719","C18",39,1335,1329,5.803,3.868,-7833415,"Control","Uninuclear"
"1720","C18",40,1329,1320,3.667,2.445,-10389125,"Control","Uninuclear"
"1721","C18",41,1325,1318,1.516,1.011,-10786931,"Control","Uninuclear"
"1722","C18",42,1331,1320,2.144,1.429,-7164228,"Control","Uninuclear"
"1723","C18",43,1331,1310,3.39,2.26,-9999484,"Control","Uninuclear"
"1724","C18",44,1335,1304,2.445,1.63,-7052356,"Control","Uninuclear"
"1725","C18",45,1333,1302,0.959,0.639,-10263170,"Control","Uninuclear"
"1726","C18",46,1333,1302,0,0,-7234135,"Control","Uninuclear"
"1727","C18",47,1325,1306,3.032,2.021,-8225137,"Control","Uninuclear"
"1728","C18",48,1314,1304,3.79,2.527,-9012078,"Control","Uninuclear"
"1729","C18",49,1308,1312,3.39,2.26,-7305308,"Control","Uninuclear"
"1730","C18",50,1302,1312,2.034,1.356,-10390934,"Control","Uninuclear"
"1731","C18",51,1302,1312,0,0,-9995119,"Control","Uninuclear"
"1732","C18",52,1306,1306,2.445,1.63,-9737857,"Control","Uninuclear"
"1733","C18",53,1302,1308,1.516,1.011,-10785658,"Control","Uninuclear"
"1734","C18",54,1297,1310,1.826,1.217,-10261894,"Control","Uninuclear"
"1735","C18",55,1287,1312,3.457,2.305,-10066294,"Control","Uninuclear"
"1736","C18",56,1283,1316,1.918,1.278,-11311725,"Control","Uninuclear"
"1737","C18",57,1283,1316,0,0,-10523757,"Control","Uninuclear"
"1738","C18",58,1285,1316,0.678,0.452,-11239269,"Control","Uninuclear"
"1739","C18",59,1285,1316,0,0,-9930619,"Control","Uninuclear"
"1740","C18",60,1283,1316,0.678,0.452,-9204589,"Control","Uninuclear"
"1741","C18",61,1272,1316,3.729,2.486,-9473916,"Control","Uninuclear"
"1742","C18",62,1253,1312,6.582,4.388,-10586496,"Control","Uninuclear"
"1743","C18",63,1243,1310,3.457,2.305,-10449268,"Control","Uninuclear"
"1744","C18",64,1232,1308,3.79,2.527,-10122598,"Control","Uninuclear"
"1745","C18",65,1243,1297,5.274,3.516,-9018755,"Control","Uninuclear"
"1746","C18",66,1232,1297,3.729,2.486,-9930359,"Control","Uninuclear"
"1747","C18",67,1232,1289,2.712,1.808,-9868925,"Control","Uninuclear"
"1748","C18",68,1226,1295,2.877,1.918,-9737339,"Control","Uninuclear"
"1749","C18",69,1232,1289,2.877,1.918,-9014119,"Control","Uninuclear"
"1750","C18",70,1232,1285,1.356,0.904,-7699035,"Control","Uninuclear"
"1751","C18",71,1226,1291,2.877,1.918,-10128763,"Control","Uninuclear"
"1752","C18",72,1226,1287,1.356,0.904,-10985866,"Control","Uninuclear"
"1753","C18",73,1226,1287,0,0,-10262151,"Control","Uninuclear"
"1754","C18",74,1228,1283,1.516,1.011,-10068113,"Control","Uninuclear"
"1755","C18",75,1232,1287,1.918,1.278,-10129013,"Control","Uninuclear"
"1756","C18",76,1237,1287,1.695,1.13,-10918794,"Control","Uninuclear"
"1757","C18",77,1241,1287,1.356,0.904,-10849921,"Control","Uninuclear"
"1758","C18",78,1239,1283,1.516,1.011,-9538669,"Control","Uninuclear"
"1759","C18",79,1241,1266,5.803,3.868,-7634281,"Control","Uninuclear"
"1760","C18",80,1239,1266,0.678,0.452,-10392189,"Control","Uninuclear"
"1761","C18",81,1234,1257,3.49,2.327,-9938065,"Control","Uninuclear"
"1762","C18",82,1237,1251,2.274,1.516,-10595736,"Control","Uninuclear"
"1763","C18",83,1226,1251,3.729,2.486,-10851970,"Control","Uninuclear"
"1764","C18",84,1218,1257,3.39,2.26,-11702390,"Control","Uninuclear"
"1765","C18",85,1228,1249,4.341,2.894,-11047033,"Control","Uninuclear"
"1766","C18",86,1239,1245,3.968,2.645,-10917765,"Control","Uninuclear"
"1767","C18",87,1241,1245,0.678,0.452,-9536876,"Control","Uninuclear"
"1768","C18",88,1232,1245,3.051,2.034,-10064764,"Control","Uninuclear"
"1769","C18",89,1234,1243,0.959,0.639,-10393729,"Control","Uninuclear"
"1770","C18",90,1230,1241,1.516,1.011,-11376774,"Control","Uninuclear"
"1771","C18",91,1245,1245,5.263,3.508,-9931119,"Control","Uninuclear"
"1772","C18",92,1237,1247,2.795,1.864,-11173240,"Control","Uninuclear"
"1773","C18",93,1241,1245,1.516,1.011,-10521732,"Control","Uninuclear"
"1774","C18",94,1239,1243,0.959,0.639,-9928815,"Control","Uninuclear"
"1775","C18",95,1249,1232,5.04,3.36,-9529696,"Control","Uninuclear"
"1776","C18",96,1260,1232,3.729,2.486,-10648949,"Control","Uninuclear"
"1777","C18",97,1251,1239,3.865,2.577,-11567734,"Control","Uninuclear"
"1778","C18",98,1251,1241,0.678,0.452,-11372411,"Control","Uninuclear"
"1779","C18",99,1237,1247,5.163,3.442,-9733513,"Control","Uninuclear"
"1780","C18",100,1232,1257,3.79,2.527,-10323324,"Control","Uninuclear"
"1781","C19",2,1310,1654,1.516,1.011,-8421479,"Control","Uninuclear"
"1782","C19",3,1310,1654,0,0,-8421731,"Control","Uninuclear"
"1783","C19",4,1312,1654,0.678,0.452,-8419939,"Control","Uninuclear"
"1784","C19",5,1312,1654,0,0,-8617056,"Control","Uninuclear"
"1785","C19",6,1312,1654,0,0,-9072740,"Control","Uninuclear"
"1786","C19",7,1312,1654,0,0,-9141621,"Control","Uninuclear"
"1787","C19",8,1312,1654,0,0,-8483941,"Control","Uninuclear"
"1788","C19",9,1312,1654,0,0,-8683624,"Control","Uninuclear"
"1789","C19",10,1312,1654,0,0,-9073758,"Control","Uninuclear"
"1790","C19",11,1310,1654,0.678,0.452,-8355688,"Control","Uninuclear"
"1791","C19",12,1312,1656,0.959,0.639,-8750195,"Control","Uninuclear"
"1792","C19",13,1312,1654,0.678,0.452,-8354397,"Control","Uninuclear"
"1793","C19",14,1312,1654,0,0,-7369830,"Control","Uninuclear"
"1794","C19",15,1312,1654,0,0,-8092781,"Control","Uninuclear"
"1795","C19",16,1312,1654,0,0,-7961959,"Control","Uninuclear"
"1796","C19",17,1312,1654,0,0,-8286312,"Control","Uninuclear"
"1797","C19",18,1314,1652,0.959,0.639,-8026210,"Control","Uninuclear"
"1798","C19",19,1314,1652,0,0,-8485991,"Control","Uninuclear"
"1799","C19",20,1314,1654,0.678,0.452,-9209968,"Control","Uninuclear"
"1800","C19",21,1314,1654,0,0,-8355686,"Control","Uninuclear"
"1801","C19",22,1314,1654,0,0,-8818021,"Control","Uninuclear"
"1802","C19",23,1314,1654,0,0,-8685672,"Control","Uninuclear"
"1803","C19",24,1314,1654,0,0,-8751976,"Control","Uninuclear"
"1804","C19",25,1314,1654,0,0,-9211498,"Control","Uninuclear"
"1805","C19",26,1314,1654,0,0,-8947059,"Control","Uninuclear"
"1806","C19",27,1314,1654,0,0,-8814436,"Control","Uninuclear"
"1807","C19",28,1314,1654,0,0,-8749917,"Control","Uninuclear"
"1808","C19",29,1314,1654,0,0,-8225131,"Control","Uninuclear"
"1809","C19",30,1314,1654,0,0,-8816229,"Control","Uninuclear"
"1810","C19",31,1314,1654,0,0,-8027487,"Control","Uninuclear"
"1811","C19",32,1314,1654,0,0,-8421980,"Control","Uninuclear"
"1812","C19",33,1314,1654,0,0,-9142623,"Control","Uninuclear"
"1813","C19",34,1314,1654,0,0,-9340528,"Control","Uninuclear"
"1814","C19",35,1314,1652,0.678,0.452,-8487272,"Control","Uninuclear"
"1815","C19",36,1314,1652,0,0,-8092506,"Control","Uninuclear"
"1816","C19",37,1314,1652,0,0,-8947562,"Control","Uninuclear"
"1817","C19",38,1314,1650,0.678,0.452,-9141090,"Control","Uninuclear"
"1818","C19",39,1314,1647,1.017,0.678,-8943703,"Control","Uninuclear"
"1819","C19",40,1314,1647,0,0,-8356715,"Control","Uninuclear"
"1820","C19",41,1314,1647,0,0,-7829842,"Control","Uninuclear"
"1821","C19",42,1314,1647,0,0,-8091738,"Control","Uninuclear"
"1822","C19",43,1314,1647,0,0,-8288853,"Control","Uninuclear"
"1823","C19",44,1314,1647,0,0,-9206876,"Control","Uninuclear"
"1824","C19",45,1314,1647,0,0,-8881504,"Control","Uninuclear"
"1825","C19",46,1312,1652,1.826,1.217,-9666657,"Control","Uninuclear"
"1826","C19",47,1312,1652,0,0,-8092753,"Control","Uninuclear"
"1827","C19",48,1310,1650,0.959,0.639,-7961179,"Control","Uninuclear"
"1828","C19",49,1310,1650,0,0,-8356438,"Control","Uninuclear"
"1829","C19",50,1310,1652,0.678,0.452,-8420191,"Control","Uninuclear"
"1830","C19",51,1310,1652,0,0,-8092502,"Control","Uninuclear"
"1831","C19",52,1312,1652,0.678,0.452,-8094048,"Control","Uninuclear"
"1832","C19",53,1312,1652,0,0,-8553053,"Control","Uninuclear"
"1833","C19",54,1312,1650,0.678,0.452,-7763800,"Control","Uninuclear"
"1834","C19",55,1310,1650,0.678,0.452,-8489317,"Control","Uninuclear"
"1835","C19",56,1310,1650,0,0,-8486746,"Control","Uninuclear"
"1836","C19",57,1310,1650,0,0,-8748896,"Control","Uninuclear"
"1837","C19",58,1310,1652,0.678,0.452,-8619877,"Control","Uninuclear"
"1838","C19",59,1312,1650,0.959,0.639,-9212016,"Control","Uninuclear"
"1839","C19",60,1312,1650,0,0,-9405304,"Control","Uninuclear"
"1840","C19",61,1312,1650,0,0,-9273454,"Control","Uninuclear"
"1841","C19",62,1312,1652,0.678,0.452,-8618596,"Control","Uninuclear"
"1842","C19",63,1312,1652,0,0,-9079912,"Control","Uninuclear"
"1843","C19",64,1312,1652,0,0,-8355686,"Control","Uninuclear"
"1844","C19",65,1312,1652,0,0,-9012328,"Control","Uninuclear"
"1845","C19",66,1314,1652,0.678,0.452,-9205079,"Control","Uninuclear"
"1846","C19",67,1314,1654,0.678,0.452,-9402735,"Control","Uninuclear"
"1847","C19",68,1314,1654,0,0,-9278067,"Control","Uninuclear"
"1848","C19",69,1314,1654,0,0,-10386797,"Control","Uninuclear"
"1849","C19",70,1312,1654,0.678,0.452,-9077356,"Control","Uninuclear"
"1850","C19",71,1312,1654,0,0,-8487013,"Control","Uninuclear"
"1851","C19",72,1314,1654,0.678,0.452,-9862003,"Control","Uninuclear"
"1852","C19",73,1314,1654,0,0,-9273441,"Control","Uninuclear"
"1853","C19",74,1316,1652,0.959,0.639,-9339758,"Control","Uninuclear"
"1854","C19",75,1316,1652,0,0,-8681551,"Control","Uninuclear"
"1855","C19",76,1316,1652,0,0,-9406824,"Control","Uninuclear"
"1856","C19",77,1316,1652,0,0,-8881753,"Control","Uninuclear"
"1857","C19",78,1316,1652,0,0,-9143387,"Control","Uninuclear"
"1858","C19",79,1316,1652,0,0,-8487260,"Control","Uninuclear"
"1859","C19",80,1312,1654,1.516,1.011,-8945507,"Control","Uninuclear"
"1860","C19",81,1312,1654,0,0,-9275248,"Control","Uninuclear"
"1861","C19",82,1314,1652,0.959,0.639,-9600351,"Control","Uninuclear"
"1862","C19",83,1314,1652,0,0,-9014117,"Control","Uninuclear"
"1863","C19",84,1314,1652,0,0,-9863525,"Control","Uninuclear"
"1864","C19",85,1314,1652,0,0,-8550749,"Control","Uninuclear"
"1865","C19",86,1314,1652,0,0,-8549466,"Control","Uninuclear"
"1866","C19",87,1314,1652,0,0,-9008992,"Control","Uninuclear"
"1867","C19",88,1314,1652,0,0,-8814160,"Control","Uninuclear"
"1868","C19",89,1314,1652,0,0,-6456646,"Control","Uninuclear"
"1869","C19",90,1314,1652,0,0,-8749654,"Control","Uninuclear"
"1870","C19",91,1314,1652,0,0,-8554849,"Control","Uninuclear"
"1871","C19",92,1314,1652,0,0,-9014382,"Control","Uninuclear"
"1872","C19",93,1314,1652,0,0,-8619875,"Control","Uninuclear"
"1873","C19",94,1314,1652,0,0,-8816989,"Control","Uninuclear"
"1874","C19",95,1316,1652,0.678,0.452,-8485453,"Control","Uninuclear"
"1875","C19",96,1320,1647,2.171,1.447,-9606256,"Control","Uninuclear"
"1876","C19",97,1320,1647,0,0,-9995637,"Control","Uninuclear"
"1877","C19",98,1318,1647,0.678,0.452,-9996140,"Control","Uninuclear"
"1878","C19",99,1318,1647,0,0,-8620129,"Control","Uninuclear"
"1879","C19",100,1318,1647,0,0,-8882022,"Control","Uninuclear"
"1880","C20",2,840,1664,2.733,1.822,-7633754,"Control","Uninuclear"
"1881","C20",3,842,1671,2.468,1.645,-5069124,"Control","Uninuclear"
"1882","C20",4,836,1666,2.648,1.765,-7166010,"Control","Uninuclear"
"1883","C20",5,836,1666,0,0,-5658416,"Control","Uninuclear"
"1884","C20",6,836,1666,0,0,-9022573,"Control","Uninuclear"
"1885","C20",7,836,1671,1.695,1.13,-5981497,"Control","Uninuclear"
"1886","C20",8,836,1671,0,0,-5733962,"Control","Uninuclear"
"1887","C20",9,838,1668,1.222,0.815,-8030846,"Control","Uninuclear"
"1888","C20",10,838,1671,1.017,0.678,-9279886,"Control","Uninuclear"
"1889","C20",11,840,1673,0.959,0.639,-9605751,"Control","Uninuclear"
"1890","C20",12,840,1673,0,0,-7309910,"Control","Uninuclear"
"1891","C20",13,840,1671,0.678,0.452,-11239070,"Control","Uninuclear"
"1892","C20",14,838,1658,4.459,2.973,-8356213,"Control","Uninuclear"
"1893","C20",15,838,1658,0,0,-9087334,"Control","Uninuclear"
"1894","C20",16,838,1658,0,0,-11372952,"Control","Uninuclear"
"1895","C20",17,832,1654,2.445,1.63,-6441042,"Control","Uninuclear"
"1896","C20",18,819,1652,4.459,2.973,-6590049,"Control","Uninuclear"
"1897","C20",19,821,1647,1.826,1.217,-6586732,"Control","Uninuclear"
"1898","C20",20,817,1645,1.516,1.011,-7833479,"Control","Uninuclear"
"1899","C20",21,809,1643,2.795,1.864,-7701845,"Control","Uninuclear"
"1900","C20",22,796,1633,5.56,3.707,-5988945,"Control","Uninuclear"
"1901","C20",23,796,1633,0,0,-7310684,"Control","Uninuclear"
"1902","C20",24,796,1629,1.356,0.904,-8017756,"Control","Uninuclear"
"1903","C20",25,788,1622,3.604,2.402,-9346719,"Control","Uninuclear"
"1904","C20",26,786,1620,0.959,0.639,-7836272,"Control","Uninuclear"
"1905","C20",27,784,1620,0.678,0.452,-8356212,"Control","Uninuclear"
"1906","C20",28,782,1620,0.678,0.452,-8818308,"Control","Uninuclear"
"1907","C20",29,782,1620,0,0,-7830369,"Control","Uninuclear"
"1908","C20",30,782,1620,0,0,-9938057,"Control","Uninuclear"
"1909","C20",31,782,1622,0.678,0.452,-7445883,"Control","Uninuclear"
"1910","C20",32,779,1622,1.017,0.678,-7243865,"Control","Uninuclear"
"1911","C20",33,782,1620,1.222,0.815,-7965281,"Control","Uninuclear"
"1912","C20",34,782,1620,0,0,-8948342,"Control","Uninuclear"
"1913","C20",35,782,1620,0,0,-13747406,"Control","Uninuclear"
"1914","C20",36,779,1608,4.193,2.795,-5605195,"Control","Uninuclear"
"1915","C20",37,777,1599,3.125,2.084,-8555888,"Control","Uninuclear"
"1916","C20",38,771,1599,2.034,1.356,-8095083,"Control","Uninuclear"
"1917","C20",39,767,1591,3.032,2.021,-6125898,"Control","Uninuclear"
"1918","C20",40,752,1589,5.13,3.42,-6261846,"Control","Uninuclear"
"1919","C20",41,731,1591,7.151,4.767,-8686432,"Control","Uninuclear"
"1920","C20",42,731,1587,1.356,0.904,-6260556,"Control","Uninuclear"
"1921","C20",43,719,1580,4.71,3.14,-9342832,"Control","Uninuclear"
"1922","C20",44,710,1578,3.125,2.084,-9008501,"Control","Uninuclear"
"1923","C20",45,704,1574,2.445,1.63,-8224367,"Control","Uninuclear"
"1924","C20",47,698,1574,2.034,1.356,-6058572,"Control","Uninuclear"
"1925","C20",48,685,1570,4.611,3.074,-7699290,"Control","Uninuclear"
"1926","C20",49,679,1564,2.877,1.918,-10322793,"Control","Uninuclear"
"1927","C20",50,670,1570,3.667,2.445,-9342822,"Control","Uninuclear"
"1928","C20",51,668,1574,1.516,1.011,-11308938,"Control","Uninuclear"
"1929","C20",52,666,1574,0.678,0.452,-8356707,"Control","Uninuclear"
"1930","C20",53,668,1564,3.457,2.305,-9146507,"Control","Uninuclear"
"1931","C20",54,666,1561,1.222,0.815,-10454140,"Control","Uninuclear"
"1932","C20",55,654,1559,4.124,2.749,-8028026,"Control","Uninuclear"
"1933","C20",56,647,1559,2.373,1.582,-10061943,"Control","Uninuclear"
"1934","C20",57,639,1559,2.712,1.808,-10391684,"Control","Uninuclear"
"1935","C20",58,639,1559,0,0,-9147774,"Control","Uninuclear"
"1936","C20",59,643,1553,2.445,1.63,-9477241,"Control","Uninuclear"
"1937","C20",60,641,1553,0.678,0.452,-8428642,"Control","Uninuclear"
"1938","C20",61,639,1557,1.516,1.011,-6911829,"Control","Uninuclear"
"1939","C20",62,641,1555,0.959,0.639,-10791297,"Control","Uninuclear"
"1940","C20",63,641,1557,0.678,0.452,-9868915,"Control","Uninuclear"
"1941","C20",64,641,1557,0,0,-7953233,"Control","Uninuclear"
"1942","C20",65,645,1555,1.516,1.011,-9476475,"Control","Uninuclear"
"1943","C20",66,645,1555,0,0,-8232283,"Control","Uninuclear"
"1944","C20",67,622,1528,12.024,8.016,-9932669,"Control","Uninuclear"
"1945","C20",68,624,1503,8.502,5.668,-7113820,"Control","Uninuclear"
"1946","C20",69,622,1492,3.79,2.527,-9870455,"Control","Uninuclear"
"1947","C20",70,631,1482,4.561,3.041,-8818519,"Control","Uninuclear"
"1948","C20",71,628,1471,3.865,2.577,-9276786,"Control","Uninuclear"
"1949","C20",72,620,1469,2.795,1.864,-9475472,"Control","Uninuclear"
"1950","C20",73,614,1467,2.144,1.429,-10129015,"Control","Uninuclear"
"1951","C20",74,612,1461,2.144,1.429,-7429960,"Control","Uninuclear"
"1952","C20",75,608,1459,1.516,1.011,-5068322,"Control","Uninuclear"
"1953","C20",76,587,1455,7.247,4.831,-6919766,"Control","Uninuclear"
"1954","C20",77,578,1450,3.49,2.327,-7574103,"Control","Uninuclear"
"1955","C20",78,568,1446,3.651,2.434,-8689243,"Control","Uninuclear"
"1956","C20",79,568,1452,2.034,1.356,-9542272,"Control","Uninuclear"
"1957","C20",80,549,1450,6.477,4.318,-9924706,"Control","Uninuclear"
"1958","C20",81,543,1450,2.034,1.356,-10522243,"Control","Uninuclear"
"1959","C20",82,534,1450,3.051,2.034,-8160892,"Control","Uninuclear"
"1960","C20",83,530,1450,1.356,0.904,-5661243,"Control","Uninuclear"
"1961","C20",84,517,1452,4.459,2.973,-7832692,"Control","Uninuclear"
"1962","C20",85,509,1455,2.896,1.931,-7835514,"Control","Uninuclear"
"1963","C20",86,494,1452,5.186,3.457,-8949881,"Control","Uninuclear"
"1964","C20",87,488,1452,2.034,1.356,-10191233,"Control","Uninuclear"
"1965","C20",88,482,1450,2.144,1.429,-8032139,"Control","Uninuclear"
"1966","C20",89,480,1457,2.468,1.645,-8553330,"Control","Uninuclear"
"1967","C20",90,475,1459,1.826,1.217,-9208703,"Control","Uninuclear"
"1968","C20",91,471,1459,1.356,0.904,-9407620,"Control","Uninuclear"
"1969","C20",92,463,1461,2.795,1.864,-10190457,"Control","Uninuclear"
"1970","C20",93,454,1461,3.051,2.034,-9932400,"Control","Uninuclear"
"1971","C20",94,448,1461,2.034,1.356,-7049066,"Control","Uninuclear"
"1972","C20",95,440,1450,4.611,3.074,-5540958,"Control","Uninuclear"
"1973","C20",96,425,1450,5.085,3.39,-10326144,"Control","Uninuclear"
"1974","C20",97,408,1457,6.232,4.155,-10846829,"Control","Uninuclear"
"1975","C20",98,402,1457,2.034,1.356,-8620650,"Control","Uninuclear"
"1976","C20",99,389,1457,4.407,2.938,-8034429,"Control","Uninuclear"
"1977","C20",100,373,1457,5.424,3.616,-8163196,"Control","Uninuclear"