"","Track","Time","X","Y","Distance","Velocity","Pixel","Type","Subtype"
"1","C1",2,404,404,3.125,2.084,-11051158,"Control","Coenocyte"
"2","C1",3,406,408,1.516,1.011,-10457489,"Control","Coenocyte"
"3","C1",4,408,404,1.516,1.011,-9737617,"Control","Coenocyte"
"4","C1",5,408,406,0.678,0.452,-9539735,"Control","Coenocyte"
"5","C1",6,402,408,2.144,1.429,-10591888,"Control","Coenocyte"
"6","C1",7,408,408,2.034,1.356,-8554122,"Control","Coenocyte"
"7","C1",8,406,408,0.678,0.452,-10064798,"Control","Coenocyte"
"8","C1",9,406,408,0,0,-9473944,"Control","Coenocyte"
"9","C1",10,402,406,1.516,1.011,-10262431,"Control","Coenocyte"
"10","C1",11,404,408,0.959,0.639,-9276822,"Control","Coenocyte"
"11","C1",12,404,408,0,0,-9212830,"Control","Coenocyte"
"12","C1",13,404,408,0,0,-8816014,"Control","Coenocyte"
"13","C1",14,400,408,1.356,0.904,-9407122,"Control","Coenocyte"
"14","C1",15,400,408,0,0,-10196135,"Control","Coenocyte"
"15","C1",16,400,408,0,0,-9801367,"Control","Coenocyte"
"16","C1",17,400,408,0,0,-8947089,"Control","Coenocyte"
"17","C1",18,400,408,0,0,-9538972,"Control","Coenocyte"
"18","C1",19,400,408,0,0,-8814721,"Control","Coenocyte"
"19","C1",20,400,408,0,0,-8355710,"Control","Coenocyte"
"20","C1",21,398,408,0.678,0.452,-9668238,"Control","Coenocyte"
"21","C1",22,398,410,0.678,0.452,-9538446,"Control","Coenocyte"
"22","C1",23,398,410,0,0,-9604501,"Control","Coenocyte"
"23","C1",24,398,410,0,0,-9275282,"Control","Coenocyte"
"24","C1",25,398,410,0,0,-9012629,"Control","Coenocyte"
"25","C1",26,398,410,0,0,-9274506,"Control","Coenocyte"
"26","C1",27,398,410,0,0,-9143437,"Control","Coenocyte"
"27","C1",28,398,410,0,0,-8552842,"Control","Coenocyte"
"28","C1",29,398,410,0,0,-8814731,"Control","Coenocyte"
"29","C1",30,398,410,0,0,-9144466,"Control","Coenocyte"
"30","C1",31,398,410,0,0,-8618632,"Control","Coenocyte"
"31","C1",32,398,410,0,0,-9012880,"Control","Coenocyte"
"32","C1",33,398,410,0,0,-9539222,"Control","Coenocyte"
"33","C1",34,398,410,0,0,-8947340,"Control","Coenocyte"
"34","C1",35,398,410,0,0,-9208725,"Control","Coenocyte"
"35","C1",36,398,408,0.678,0.452,-8616841,"Control","Coenocyte"
"36","C1",37,398,408,0,0,-8485770,"Control","Coenocyte"
"37","C1",38,398,408,0,0,-9801115,"Control","Coenocyte"
"38","C1",39,398,406,0.678,0.452,-9472663,"Control","Coenocyte"
"39","C1",40,398,404,0.678,0.452,-7240305,"Control","Coenocyte"
"40","C1",41,389,404,3.051,2.034,-8158345,"Control","Coenocyte"
"41","C1",42,389,404,0,0,-7238519,"Control","Coenocyte"
"42","C1",43,389,404,0,0,-7565944,"Control","Coenocyte"
"43","C1",44,387,406,0.959,0.639,-8750218,"Control","Coenocyte"
"44","C1",45,387,406,0,0,-9210772,"Control","Coenocyte"
"45","C1",46,387,406,0,0,-8290950,"Control","Coenocyte"
"46","C1",47,387,406,0,0,-8356500,"Control","Coenocyte"
"47","C1",48,387,406,0,0,-8093579,"Control","Coenocyte"
"48","C1",49,387,406,0,0,-7633028,"Control","Coenocyte"
"49","C1",50,387,408,0.678,0.452,-8225684,"Control","Coenocyte"
"50","C1",51,387,408,0,0,-8487576,"Control","Coenocyte"
"51","C1",52,387,413,1.695,1.13,-9408412,"Control","Coenocyte"
"52","C1",53,387,413,0,0,-9473934,"Control","Coenocyte"
"53","C1",54,387,413,0,0,-9407891,"Control","Coenocyte"
"54","C1",55,387,413,0,0,-9606040,"Control","Coenocyte"
"55","C1",56,387,413,0,0,-9408649,"Control","Coenocyte"
"56","C1",57,387,408,1.695,1.13,-8748679,"Control","Coenocyte"
"57","C1",58,387,408,0,0,-8881296,"Control","Coenocyte"
"58","C1",59,387,408,0,0,-8355211,"Control","Coenocyte"
"59","C1",60,387,408,0,0,-9144728,"Control","Coenocyte"
"60","C1",61,387,408,0,0,-8814731,"Control","Coenocyte"
"61","C1",62,387,408,0,0,-8420745,"Control","Coenocyte"
"62","C1",63,387,408,0,0,-8421256,"Control","Coenocyte"
"63","C1",64,387,408,0,0,-8287874,"Control","Coenocyte"
"64","C1",65,385,408,0.678,0.452,-8880273,"Control","Coenocyte"
"65","C1",66,385,408,0,0,-8552064,"Control","Coenocyte"
"66","C1",67,385,408,0,0,-9076103,"Control","Coenocyte"
"67","C1",68,385,408,0,0,-9470084,"Control","Coenocyte"
"68","C1",69,385,408,0,0,-9798281,"Control","Coenocyte"
"69","C1",70,385,408,0,0,-9403010,"Control","Coenocyte"
"70","C1",71,385,408,0,0,-9206919,"Control","Coenocyte"
"71","C1",72,385,408,0,0,-9667213,"Control","Coenocyte"
"72","C1",73,385,408,0,0,-9404037,"Control","Coenocyte"
"73","C1",74,385,408,0,0,-9339527,"Control","Coenocyte"
"74","C1",75,385,408,0,0,-8352648,"Control","Coenocyte"
"75","C1",76,385,408,0,0,-9602445,"Control","Coenocyte"
"76","C1",77,385,408,0,0,-9340045,"Control","Coenocyte"
"77","C1",78,385,408,0,0,-8486017,"Control","Coenocyte"
"78","C1",79,387,406,0.959,0.639,-10589073,"Control","Coenocyte"
"79","C1",80,387,408,0.678,0.452,-9273216,"Control","Coenocyte"
"80","C1",81,387,408,0,0,-9470343,"Control","Coenocyte"
"81","C1",82,387,408,0,0,-10259851,"Control","Coenocyte"
"82","C1",83,387,408,0,0,-9207420,"Control","Coenocyte"
"83","C1",84,383,410,1.516,1.011,-9275009,"Control","Coenocyte"
"84","C1",85,385,410,0.678,0.452,-9537664,"Control","Coenocyte"
"85","C1",86,385,410,0,0,-9798530,"Control","Coenocyte"
"86","C1",87,385,410,0,0,-10194315,"Control","Coenocyte"
"87","C1",88,385,410,0,0,-10521230,"Control","Coenocyte"
"88","C1",89,387,413,1.222,0.815,-8025459,"Control","Coenocyte"
"89","C1",90,387,413,0,0,-8550519,"Control","Coenocyte"
"90","C1",91,389,410,1.222,0.815,-9009014,"Control","Coenocyte"
"91","C1",92,389,410,0,0,-8812413,"Control","Coenocyte"
"92","C1",93,389,410,0,0,-9600128,"Control","Coenocyte"
"93","C1",94,387,410,0.678,0.452,-10063501,"Control","Coenocyte"
"94","C1",95,387,410,0,0,-11113616,"Control","Coenocyte"
"95","C1",96,387,410,0,0,-11838103,"Control","Coenocyte"
"96","C1",97,387,410,0,0,-11839392,"Control","Coenocyte"
"97","C1",98,387,410,0,0,-11443355,"Control","Coenocyte"
"98","C1",99,387,410,0,0,-11049113,"Control","Coenocyte"
"99","C1",100,389,410,0.678,0.452,-9534847,"Control","Coenocyte"
"100","C2",2,1782,645,1.516,1.011,-8356726,"Control","Coenocyte"
"101","C2",3,1782,645,0,0,-8816251,"Control","Coenocyte"
"102","C2",4,1782,645,0,0,-9210233,"Control","Coenocyte"
"103","C2",5,1782,645,0,0,-9475207,"Control","Coenocyte"
"104","C2",6,1782,652,2.373,1.582,-9931923,"Control","Coenocyte"
"105","C2",7,1782,652,0,0,-8682369,"Control","Coenocyte"
"106","C2",8,1782,652,0,0,-10455941,"Control","Coenocyte"
"107","C2",9,1771,649,3.865,2.577,-8816514,"Control","Coenocyte"
"108","C2",10,1771,649,0,0,-9013632,"Control","Coenocyte"
"109","C2",11,1775,649,1.356,0.904,-9996679,"Control","Coenocyte"
"110","C2",12,1775,649,0,0,-9143170,"Control","Coenocyte"
"111","C2",13,1775,649,0,0,-9211524,"Control","Coenocyte"
"112","C2",14,1777,649,0.678,0.452,-8685180,"Control","Coenocyte"
"113","C2",15,1784,647,2.468,1.645,-10256779,"Control","Coenocyte"
"114","C2",16,1782,649,0.959,0.639,-9732739,"Control","Coenocyte"
"115","C2",17,1777,652,1.977,1.318,-8881266,"Control","Coenocyte"
"116","C2",18,1777,649,1.017,0.678,-9605252,"Control","Coenocyte"
"117","C2",19,1777,649,0,0,-9274235,"Control","Coenocyte"
"118","C2",20,1780,649,1.017,0.678,-9273203,"Control","Coenocyte"
"119","C2",21,1780,649,0,0,-9735550,"Control","Coenocyte"
"120","C2",22,1780,649,0,0,-9537155,"Control","Coenocyte"
"121","C2",23,1780,649,0,0,-9668992,"Control","Coenocyte"
"122","C2",24,1780,647,0.678,0.452,-9537658,"Control","Coenocyte"
"123","C2",25,1780,649,0.678,0.452,-9471362,"Control","Coenocyte"
"124","C2",26,1780,649,0,0,-9733505,"Control","Coenocyte"
"125","C2",27,1780,649,0,0,-9534845,"Control","Coenocyte"
"126","C2",28,1771,649,3.051,2.034,-9144188,"Control","Coenocyte"
"127","C2",29,1773,654,1.826,1.217,-9604488,"Control","Coenocyte"
"128","C2",30,1773,654,0,0,-9277825,"Control","Coenocyte"
"129","C2",31,1773,652,0.678,0.452,-9406593,"Control","Coenocyte"
"130","C2",32,1775,647,1.826,1.217,-9801602,"Control","Coenocyte"
"131","C2",33,1777,652,1.826,1.217,-9932173,"Control","Coenocyte"
"132","C2",34,1777,652,0,0,-9602178,"Control","Coenocyte"
"133","C2",35,1777,652,0,0,-9340548,"Control","Coenocyte"
"134","C2",36,1777,649,1.017,0.678,-9274492,"Control","Coenocyte"
"135","C2",37,1777,649,0,0,-9145721,"Control","Coenocyte"
"136","C2",38,1777,649,0,0,-9605502,"Control","Coenocyte"
"137","C2",39,1777,649,0,0,-9671294,"Control","Coenocyte"
"138","C2",40,1780,652,1.438,0.959,-10391688,"Control","Coenocyte"
"139","C2",41,1773,649,2.582,1.721,-10191746,"Control","Coenocyte"
"140","C2",42,1773,649,0,0,-9930886,"Control","Coenocyte"
"141","C2",43,1771,652,1.222,0.815,-9142144,"Control","Coenocyte"
"142","C2",44,1771,652,0,0,-9601919,"Control","Coenocyte"
"143","C2",45,1769,649,1.222,0.815,-9670284,"Control","Coenocyte"
"144","C2",46,1765,649,1.356,0.904,-9144701,"Control","Coenocyte"
"145","C2",47,1765,649,0,0,-9937290,"Control","Coenocyte"
"146","C2",48,1767,647,0.959,0.639,-9145721,"Control","Coenocyte"
"147","C2",49,1765,645,0.959,0.639,-9541248,"Control","Coenocyte"
"148","C2",50,1761,649,1.918,1.278,-8094068,"Control","Coenocyte"
"149","C2",51,1761,649,0,0,-8225157,"Control","Coenocyte"
"150","C2",52,1761,649,0,0,-8422008,"Control","Coenocyte"
"151","C2",53,1765,647,1.516,1.011,-8685690,"Control","Coenocyte"
"152","C2",54,1767,647,0.678,0.452,-7962216,"Control","Coenocyte"
"153","C2",55,1767,652,1.695,1.13,-8026990,"Control","Coenocyte"
"154","C2",56,1767,649,1.017,0.678,-8222057,"Control","Coenocyte"
"155","C2",57,1763,647,1.516,1.011,-8748395,"Control","Coenocyte"
"156","C2",58,1765,645,0.959,0.639,-9276537,"Control","Coenocyte"
"157","C2",59,1765,645,0,0,-8881779,"Control","Coenocyte"
"158","C2",60,1767,647,0.959,0.639,-9474685,"Control","Coenocyte"
"159","C2",61,1767,647,0,0,-8290158,"Control","Coenocyte"
"160","C2",62,1763,647,1.356,0.904,-8026739,"Control","Coenocyte"
"161","C2",63,1763,647,0,0,-8289143,"Control","Coenocyte"
"162","C2",64,1765,645,0.959,0.639,-8289393,"Control","Coenocyte"
"163","C2",65,1765,645,0,0,-8355175,"Control","Coenocyte"
"164","C2",66,1765,643,0.678,0.452,-9075058,"Control","Coenocyte"
"165","C2",67,1765,643,0,0,-8745834,"Control","Coenocyte"
"166","C2",68,1765,645,0.678,0.452,-8682355,"Control","Coenocyte"
"167","C2",69,1761,645,1.356,0.904,-9406842,"Control","Coenocyte"
"168","C2",70,1759,645,0.678,0.452,-9797493,"Control","Coenocyte"
"169","C2",71,1761,647,0.959,0.639,-9207420,"Control","Coenocyte"
"170","C2",72,1761,647,0,0,-9601668,"Control","Coenocyte"
"171","C2",73,1761,647,0,0,-9602178,"Control","Coenocyte"
"172","C2",74,1761,647,0,0,-10917779,"Control","Coenocyte"
"173","C2",75,1761,647,0,0,-10260108,"Control","Coenocyte"
"174","C2",76,1763,649,0.959,0.639,-10392973,"Control","Coenocyte"
"175","C2",77,1767,647,1.516,1.011,-10130064,"Control","Coenocyte"
"176","C2",78,1765,647,0.678,0.452,-9602950,"Control","Coenocyte"
"177","C2",79,1763,647,0.678,0.452,-9339273,"Control","Coenocyte"
"178","C2",80,1763,652,1.695,1.13,-10322570,"Control","Coenocyte"
"179","C2",81,1767,649,1.695,1.13,-10979983,"Control","Coenocyte"
"180","C2",82,1773,652,2.274,1.516,-9931137,"Control","Coenocyte"
"181","C2",83,1777,652,1.356,0.904,-9274996,"Control","Coenocyte"
"182","C2",84,1777,647,1.695,1.13,-9275256,"Control","Coenocyte"
"183","C2",85,1771,647,2.034,1.356,-9866379,"Control","Coenocyte"
"184","C2",86,1773,647,0.678,0.452,-9864074,"Control","Coenocyte"
"185","C2",87,1777,649,1.516,1.011,-9866122,"Control","Coenocyte"
"186","C2",88,1777,647,0.678,0.452,-9733238,"Control","Coenocyte"
"187","C2",89,1777,649,0.678,0.452,-10060932,"Control","Coenocyte"
"188","C2",90,1773,652,1.695,1.13,-10325391,"Control","Coenocyte"
"189","C2",91,1773,647,1.695,1.13,-10524551,"Control","Coenocyte"
"190","C2",92,1775,647,0.678,0.452,-11048589,"Control","Coenocyte"
"191","C2",93,1775,649,0.678,0.452,-9139840,"Control","Coenocyte"
"192","C2",94,1777,649,0.678,0.452,-9469830,"Control","Coenocyte"
"193","C2",95,1777,649,0,0,-9341567,"Control","Coenocyte"
"194","C2",96,1777,649,0,0,-9933186,"Control","Coenocyte"
"195","C2",97,1777,649,0,0,-9994115,"Control","Coenocyte"
"196","C2",98,1780,649,1.017,0.678,-9535625,"Control","Coenocyte"
"197","C2",99,1780,649,0,0,-9666180,"Control","Coenocyte"
"198","C2",100,1780,649,0,0,-9534598,"Control","Coenocyte"
"199","C3",2,2495,933,2.582,1.721,-8617330,"Control","Coenocyte"
"200","C3",3,2495,928,1.695,1.13,-9208190,"Control","Coenocyte"
"201","C3",4,2495,928,0,0,-8750462,"Control","Coenocyte"
"202","C3",5,2495,928,0,0,-8421495,"Control","Coenocyte"
"203","C3",6,2492,928,1.017,0.678,-7960176,"Control","Coenocyte"
"204","C3",7,2490,928,0.678,0.452,-8813683,"Control","Coenocyte"
"205","C3",8,2488,924,1.516,1.011,-8551024,"Control","Coenocyte"
"206","C3",9,2480,928,3.032,2.021,-8881017,"Control","Coenocyte"
"207","C3",10,2474,926,2.144,1.429,-8750468,"Control","Coenocyte"
"208","C3",11,2480,926,2.034,1.356,-9143159,"Control","Coenocyte"
"209","C3",12,2480,924,0.678,0.452,-8879997,"Control","Coenocyte"
"210","C3",13,2480,924,0,0,-9077113,"Control","Coenocyte"
"211","C3",14,2480,930,2.034,1.356,-8355955,"Control","Coenocyte"
"212","C3",15,2486,926,2.445,1.63,-9733253,"Control","Coenocyte"
"213","C3",16,2486,933,2.373,1.582,-8287599,"Control","Coenocyte"
"214","C3",17,2488,930,1.222,0.815,-8552816,"Control","Coenocyte"
"215","C3",18,2490,930,0.678,0.452,-9669252,"Control","Coenocyte"
"216","C3",19,2484,924,2.877,1.918,-9339257,"Control","Coenocyte"
"217","C3",20,2486,928,1.516,1.011,-8683891,"Control","Coenocyte"
"218","C3",21,2482,926,1.516,1.011,-9339523,"Control","Coenocyte"
"219","C3",22,2488,924,2.144,1.429,-8881517,"Control","Coenocyte"
"220","C3",23,2488,928,1.356,0.904,-9996939,"Control","Coenocyte"
"221","C3",24,2482,930,2.144,1.429,-9469563,"Control","Coenocyte"
"222","C3",25,2480,933,1.222,0.815,-9142646,"Control","Coenocyte"
"223","C3",26,2478,928,1.826,1.217,-9339778,"Control","Coenocyte"
"224","C3",27,2486,930,2.795,1.864,-9337971,"Control","Coenocyte"
"225","C3",28,2482,933,1.695,1.13,-9667974,"Control","Coenocyte"
"226","C3",29,2486,935,1.516,1.011,-9075323,"Control","Coenocyte"
"227","C3",30,2476,935,3.39,2.26,-8550773,"Control","Coenocyte"
"228","C3",31,2471,930,2.397,1.598,-8616817,"Control","Coenocyte"
"229","C3",32,2478,924,3.125,2.084,-8420719,"Control","Coenocyte"
"230","C3",33,2480,930,2.144,1.429,-9011320,"Control","Coenocyte"
"231","C3",34,2480,930,0,0,-8618358,"Control","Coenocyte"
"232","C3",35,2482,930,0.678,0.452,-8552814,"Control","Coenocyte"
"233","C3",36,2480,937,2.468,1.645,-8616304,"Control","Coenocyte"
"234","C3",37,2480,928,3.051,2.034,-8681848,"Control","Coenocyte"
"235","C3",38,2492,924,4.288,2.859,-9206912,"Control","Coenocyte"
"236","C3",39,2488,924,1.356,0.904,-9140600,"Control","Coenocyte"
"237","C3",40,2486,928,1.516,1.011,-9272962,"Control","Coenocyte"
"238","C3",41,2478,928,2.712,1.808,-9734269,"Control","Coenocyte"
"239","C3",42,2476,926,0.959,0.639,-8944500,"Control","Coenocyte"
"240","C3",43,2486,920,3.953,2.636,-8813434,"Control","Coenocyte"
"241","C3",44,2482,928,3.032,2.021,-8880500,"Control","Coenocyte"
"242","C3",45,2474,928,2.712,1.808,-8816512,"Control","Coenocyte"
"243","C3",46,2461,928,4.407,2.938,-9143169,"Control","Coenocyte"
"244","C3",47,2459,926,0.959,0.639,-8749179,"Control","Coenocyte"
"245","C3",48,2465,924,2.144,1.429,-8682618,"Control","Coenocyte"
"246","C3",49,2467,926,0.959,0.639,-8156023,"Control","Coenocyte"
"247","C3",50,2467,930,1.356,0.904,-8881794,"Control","Coenocyte"
"248","C3",51,2465,928,0.959,0.639,-8355704,"Control","Coenocyte"
"249","C3",52,2467,930,0.959,0.639,-9208963,"Control","Coenocyte"
"250","C3",53,2467,930,0,0,-8684669,"Control","Coenocyte"
"251","C3",54,2465,926,1.516,1.011,-8420725,"Control","Coenocyte"
"252","C3",55,2465,928,0.678,0.452,-8683640,"Control","Coenocyte"
"253","C3",56,2467,926,0.959,0.639,-8618355,"Control","Coenocyte"
"254","C3",57,2467,926,0,0,-8748663,"Control","Coenocyte"
"255","C3",58,2471,933,2.733,1.822,-8945280,"Control","Coenocyte"
"256","C3",59,2471,928,1.695,1.13,-8748912,"Control","Coenocyte"
"257","C3",60,2467,930,1.516,1.011,-9211009,"Control","Coenocyte"
"258","C3",61,2463,930,1.356,0.904,-8879477,"Control","Coenocyte"
"259","C3",62,2465,928,0.959,0.639,-8550529,"Control","Coenocyte"
"260","C3",63,2469,922,2.445,1.63,-9403513,"Control","Coenocyte"
"261","C3",64,2467,920,0.959,0.639,-8813181,"Control","Coenocyte"
"262","C3",65,2467,924,1.356,0.904,-9337469,"Control","Coenocyte"
"263","C3",66,2471,924,1.356,0.904,-9141629,"Control","Coenocyte"
"264","C3",67,2476,926,1.826,1.217,-9076335,"Control","Coenocyte"
"265","C3",68,2474,930,1.516,1.011,-9274232,"Control","Coenocyte"
"266","C3",69,2467,930,2.373,1.582,-9142649,"Control","Coenocyte"
"267","C3",70,2467,935,1.695,1.13,-9075828,"Control","Coenocyte"
"268","C3",71,2471,930,2.171,1.447,-9208693,"Control","Coenocyte"
"269","C3",72,2465,928,2.144,1.429,-9339509,"Control","Coenocyte"
"270","C3",73,2465,930,0.678,0.452,-9536629,"Control","Coenocyte"
"271","C3",74,2465,935,1.695,1.13,-9735296,"Control","Coenocyte"
"272","C3",75,2465,928,2.373,1.582,-9143672,"Control","Coenocyte"
"273","C3",76,2463,928,0.678,0.452,-9802105,"Control","Coenocyte"
"274","C3",77,2467,930,1.516,1.011,-9211264,"Control","Coenocyte"
"275","C3",78,2467,933,1.017,0.678,-9603199,"Control","Coenocyte"
"276","C3",79,2476,930,3.216,2.144,-9144440,"Control","Coenocyte"
"277","C3",80,2465,935,4.096,2.731,-9339008,"Control","Coenocyte"
"278","C3",81,2465,937,0.678,0.452,-8420978,"Control","Coenocyte"
"279","C3",82,2469,935,1.516,1.011,-9535358,"Control","Coenocyte"
"280","C3",83,2471,939,1.516,1.011,-9470582,"Control","Coenocyte"
"281","C3",84,2453,939,6.102,4.068,-9274492,"Control","Coenocyte"
"282","C3",85,2463,941,3.457,2.305,-9800327,"Control","Coenocyte"
"283","C3",86,2457,941,2.034,1.356,-8749684,"Control","Coenocyte"
"284","C3",87,2465,930,4.611,3.074,-8749682,"Control","Coenocyte"
"285","C3",88,2463,939,3.125,2.084,-8878960,"Control","Coenocyte"
"286","C3",89,2461,941,0.959,0.639,-8813945,"Control","Coenocyte"
"287","C3",90,2465,939,1.516,1.011,-9012086,"Control","Coenocyte"
"288","C3",91,2467,935,1.516,1.011,-9338745,"Control","Coenocyte"
"289","C3",92,2463,941,2.445,1.63,-8813434,"Control","Coenocyte"
"290","C3",93,2461,937,1.516,1.011,-8880502,"Control","Coenocyte"
"291","C3",94,2459,939,0.959,0.639,-8880752,"Control","Coenocyte"
"292","C3",95,2467,933,3.39,2.26,-9077618,"Control","Coenocyte"
"293","C3",96,2467,926,2.373,1.582,-9471611,"Control","Coenocyte"
"294","C3",97,2474,922,2.733,1.822,-9404799,"Control","Coenocyte"
"295","C3",98,2474,914,2.712,1.808,-9142900,"Control","Coenocyte"
"296","C3",99,2476,924,3.457,2.305,-9144442,"Control","Coenocyte"
"297","C3",100,2474,926,0.959,0.639,-9012086,"Control","Coenocyte"
"298","C4",2,977,1025,1.222,0.815,-9403523,"Control","Coenocyte"
"299","C4",3,974,1023,1.222,0.815,-10324625,"Control","Coenocyte"
"300","C4",4,964,1027,3.651,2.434,-12496295,"Control","Coenocyte"
"301","C4",5,970,1029,2.144,1.429,-10523797,"Control","Coenocyte"
"302","C4",6,970,1029,0,0,-10062472,"Control","Coenocyte"
"303","C4",7,972,1029,0.678,0.452,-9207687,"Control","Coenocyte"
"304","C4",8,970,1025,1.516,1.011,-10852248,"Control","Coenocyte"
"305","C4",9,972,1027,0.959,0.639,-9604750,"Control","Coenocyte"
"306","C4",10,972,1027,0,0,-11050396,"Control","Coenocyte"
"307","C4",11,972,1027,0,0,-11049627,"Control","Coenocyte"
"308","C4",12,970,1027,0.678,0.452,-10983331,"Control","Coenocyte"
"309","C4",13,972,1025,0.959,0.639,-10589863,"Control","Coenocyte"
"310","C4",14,972,1025,0,0,-10919580,"Control","Coenocyte"
"311","C4",15,972,1025,0,0,-12169648,"Control","Coenocyte"
"312","C4",16,972,1025,0,0,-10655395,"Control","Coenocyte"
"313","C4",17,964,1029,3.032,2.021,-11780259,"Control","Coenocyte"
"314","C4",18,966,1029,0.678,0.452,-12367276,"Control","Coenocyte"
"315","C4",19,970,1025,1.918,1.278,-12171704,"Control","Coenocyte"
"316","C4",20,970,1023,0.678,0.452,-10455710,"Control","Coenocyte"
"317","C4",21,970,1023,0,0,-10256284,"Control","Coenocyte"
"318","C4",22,970,1023,0,0,-10589851,"Control","Coenocyte"
"319","C4",23,970,1023,0,0,-11445164,"Control","Coenocyte"
"320","C4",24,968,1021,0.959,0.639,-10852263,"Control","Coenocyte"
"321","C4",25,968,1021,0,0,-10456476,"Control","Coenocyte"
"322","C4",26,968,1021,0,0,-10325401,"Control","Coenocyte"
"323","C4",27,968,1021,0,0,-9537690,"Control","Coenocyte"
"324","C4",28,968,1021,0,0,-10921891,"Control","Coenocyte"
"325","C4",29,974,1018,2.274,1.516,-9207689,"Control","Coenocyte"
"326","C4",30,970,1018,1.356,0.904,-10589594,"Control","Coenocyte"
"327","C4",31,972,1021,1.222,0.815,-10064285,"Control","Coenocyte"
"328","C4",32,972,1021,0,0,-10986405,"Control","Coenocyte"
"329","C4",33,970,1018,1.222,0.815,-11316385,"Control","Coenocyte"
"330","C4",34,970,1018,0,0,-10133904,"Control","Coenocyte"
"331","C4",35,968,1018,0.678,0.452,-10655638,"Control","Coenocyte"
"332","C4",36,968,1018,0,0,-10326155,"Control","Coenocyte"
"333","C4",37,972,1016,1.516,1.011,-10725022,"Control","Coenocyte"
"334","C4",38,970,1016,0.678,0.452,-11117727,"Control","Coenocyte"
"335","C4",39,970,1016,0,0,-10724511,"Control","Coenocyte"
"336","C4",40,970,1016,0,0,-9931412,"Control","Coenocyte"
"337","C4",41,958,1018,4.124,2.749,-9870232,"Control","Coenocyte"
"338","C4",42,958,1016,0.678,0.452,-8949908,"Control","Coenocyte"
"339","C4",43,958,1016,0,0,-8552565,"Control","Coenocyte"
"340","C4",44,958,1018,0.678,0.452,-9474957,"Control","Coenocyte"
"341","C4",45,956,1018,0.678,0.452,-8092029,"Control","Coenocyte"
"342","C4",46,956,1018,0,0,-10129562,"Control","Coenocyte"
"343","C4",47,956,1018,0,0,-8158081,"Control","Coenocyte"
"344","C4",48,953,1021,1.438,0.959,-8814471,"Control","Coenocyte"
"345","C4",49,958,1018,1.977,1.318,-7762286,"Control","Coenocyte"
"346","C4",50,958,1018,0,0,-8420741,"Control","Coenocyte"
"347","C4",51,958,1021,1.017,0.678,-7895163,"Control","Coenocyte"
"348","C4",52,958,1023,0.678,0.452,-9406868,"Control","Coenocyte"
"349","C4",53,953,1021,1.826,1.217,-7894899,"Control","Coenocyte"
"350","C4",54,953,1021,0,0,-7830898,"Control","Coenocyte"
"351","C4",55,953,1018,1.017,0.678,-8558196,"Control","Coenocyte"
"352","C4",56,951,1018,0.678,0.452,-8619133,"Control","Coenocyte"
"353","C4",57,951,1018,0,0,-8882810,"Control","Coenocyte"
"354","C4",58,949,1023,1.826,1.217,-8354184,"Control","Coenocyte"
"355","C4",59,949,1021,0.678,0.452,-8620416,"Control","Coenocyte"
"356","C4",60,949,1021,0,0,-9077125,"Control","Coenocyte"
"357","C4",61,949,1033,4.068,2.712,-8685186,"Control","Coenocyte"
"358","C4",62,945,1037,1.918,1.278,-9211031,"Control","Coenocyte"
"359","C4",63,945,1037,0,0,-10066589,"Control","Coenocyte"
"360","C4",64,945,1039,0.678,0.452,-8951685,"Control","Coenocyte"
"361","C4",65,945,1039,0,0,-8688260,"Control","Coenocyte"
"362","C4",66,937,1044,3.198,2.132,-10522267,"Control","Coenocyte"
"363","C4",67,926,1046,3.79,2.527,-10522770,"Control","Coenocyte"
"364","C4",68,930,1037,3.339,2.226,-8023924,"Control","Coenocyte"
"365","C4",69,933,1029,2.896,1.931,-11056018,"Control","Coenocyte"
"366","C4",70,941,1018,4.611,3.074,-8877428,"Control","Coenocyte"
"367","C4",71,937,1027,3.339,2.226,-10526355,"Control","Coenocyte"
"368","C4",72,935,1025,0.959,0.639,-9013642,"Control","Coenocyte"
"369","C4",73,935,1023,0.678,0.452,-8553343,"Control","Coenocyte"
"370","C4",74,937,1023,0.678,0.452,-11382690,"Control","Coenocyte"
"371","C4",75,939,1021,0.959,0.639,-10327964,"Control","Coenocyte"
"372","C4",76,939,1025,1.356,0.904,-10920879,"Control","Coenocyte"
"373","C4",77,941,1025,0.678,0.452,-12241074,"Control","Coenocyte"
"374","C4",78,941,1025,0,0,-9281955,"Control","Coenocyte"
"375","C4",79,943,1027,0.959,0.639,-11512996,"Control","Coenocyte"
"376","C4",80,941,1027,0.678,0.452,-12762804,"Control","Coenocyte"
"377","C4",81,937,1027,1.356,0.904,-12562606,"Control","Coenocyte"
"378","C4",82,941,1027,1.356,0.904,-11115417,"Control","Coenocyte"
"379","C4",83,945,1027,1.356,0.904,-11246756,"Control","Coenocyte"
"380","C4",84,943,1031,1.516,1.011,-12760236,"Control","Coenocyte"
"381","C4",85,947,1031,1.356,0.904,-12629947,"Control","Coenocyte"
"382","C4",86,945,1035,1.516,1.011,-11446954,"Control","Coenocyte"
"383","C4",87,947,1035,0.678,0.452,-11251892,"Control","Coenocyte"
"384","C4",88,949,1033,0.959,0.639,-12635050,"Control","Coenocyte"
"385","C4",89,949,1039,2.034,1.356,-11968686,"Control","Coenocyte"
"386","C4",90,951,1042,1.222,0.815,-11509164,"Control","Coenocyte"
"387","C4",91,947,1039,1.695,1.13,-12233397,"Control","Coenocyte"
"388","C4",92,943,1039,1.356,0.904,-13482427,"Control","Coenocyte"
"389","C4",93,937,1035,2.445,1.63,-11509166,"Control","Coenocyte"
"390","C4",94,930,1035,2.373,1.582,-13685959,"Control","Coenocyte"
"391","C4",95,937,1035,2.373,1.582,-10591910,"Control","Coenocyte"
"392","C4",96,937,1035,0,0,-9998243,"Control","Coenocyte"
"393","C4",97,939,1042,2.468,1.645,-11119782,"Control","Coenocyte"
"394","C4",98,945,1044,2.144,1.429,-11703471,"Control","Coenocyte"
"395","C4",99,937,1033,4.611,3.074,-11579310,"Control","Coenocyte"
"396","C4",100,933,1027,2.445,1.63,-9670293,"Control","Coenocyte"
"397","C5",2,289,1633,2.445,1.63,-12560043,"Control","Coenocyte"
"398","C5",3,291,1635,0.959,0.639,-12298664,"Control","Coenocyte"
"399","C5",4,291,1635,0,0,-12298411,"Control","Coenocyte"
"400","C5",5,291,1633,0.678,0.452,-12495020,"Control","Coenocyte"
"401","C5",6,289,1637,1.516,1.011,-12428973,"Control","Coenocyte"
"402","C5",7,289,1637,0,0,-11048595,"Control","Coenocyte"
"403","C5",8,289,1641,1.356,0.904,-9733766,"Control","Coenocyte"
"404","C5",9,291,1641,0.678,0.452,-10194064,"Control","Coenocyte"
"405","C5",10,291,1647,2.034,1.356,-8224890,"Control","Coenocyte"
"406","C5",11,287,1647,1.356,0.904,-9142659,"Control","Coenocyte"
"407","C5",12,285,1645,0.959,0.639,-10390934,"Control","Coenocyte"
"408","C5",13,283,1647,0.959,0.639,-9665404,"Control","Coenocyte"
"409","C5",14,276,1645,2.468,1.645,-11775143,"Control","Coenocyte"
"410","C5",15,276,1643,0.678,0.452,-12694449,"Control","Coenocyte"
"411","C5",16,276,1643,0,0,-12695471,"Control","Coenocyte"
"412","C5",17,278,1643,0.678,0.452,-12954790,"Control","Coenocyte"
"413","C5",18,278,1645,0.678,0.452,-12299181,"Control","Coenocyte"
"414","C5",19,276,1643,0.959,0.639,-12365476,"Control","Coenocyte"
"415","C5",20,276,1643,0,0,-12827306,"Control","Coenocyte"
"416","C5",21,278,1643,0.678,0.452,-12496308,"Control","Coenocyte"
"417","C5",22,276,1645,0.959,0.639,-12300972,"Control","Coenocyte"
"418","C5",23,276,1647,0.678,0.452,-12758704,"Control","Coenocyte"
"419","C5",24,276,1647,0,0,-12891820,"Control","Coenocyte"
"420","C5",25,274,1650,1.222,0.815,-12501423,"Control","Coenocyte"
"421","C5",26,276,1652,0.959,0.639,-11513501,"Control","Coenocyte"
"422","C5",27,276,1650,0.678,0.452,-12697515,"Control","Coenocyte"
"423","C5",28,276,1650,0,0,-12894892,"Control","Coenocyte"
"424","C5",29,276,1647,1.017,0.678,-11118507,"Control","Coenocyte"
"425","C5",30,270,1650,2.274,1.516,-11709597,"Control","Coenocyte"
"426","C5",31,270,1647,1.017,0.678,-12173741,"Control","Coenocyte"
"427","C5",32,274,1650,1.695,1.13,-12958377,"Control","Coenocyte"
"428","C5",33,274,1650,0,0,-12693420,"Control","Coenocyte"
"429","C5",34,272,1652,0.959,0.639,-11572886,"Control","Coenocyte"
"430","C5",35,272,1652,0,0,-11045768,"Control","Coenocyte"
"431","C5",36,276,1650,1.516,1.011,-12236964,"Control","Coenocyte"
"432","C5",37,276,1652,0.678,0.452,-12040613,"Control","Coenocyte"
"433","C5",38,274,1650,0.959,0.639,-13221814,"Control","Coenocyte"
"434","C5",39,272,1652,0.959,0.639,-13221294,"Control","Coenocyte"
"435","C5",40,262,1652,3.39,2.26,-13349299,"Control","Coenocyte"
"436","C5",41,264,1656,1.516,1.011,-13349050,"Control","Coenocyte"
"437","C5",42,255,1654,3.125,2.084,-11978403,"Control","Coenocyte"
"438","C5",43,264,1660,3.667,2.445,-13150127,"Control","Coenocyte"
"439","C5",44,268,1656,1.918,1.278,-11904157,"Control","Coenocyte"
"440","C5",45,262,1656,2.034,1.356,-12693169,"Control","Coenocyte"
"441","C5",46,266,1654,1.516,1.011,-12299943,"Control","Coenocyte"
"442","C5",47,266,1652,0.678,0.452,-12762555,"Control","Coenocyte"
"443","C5",48,262,1658,2.445,1.63,-11836311,"Control","Coenocyte"
"444","C5",49,259,1658,1.017,0.678,-10521479,"Control","Coenocyte"
"445","C5",50,257,1654,1.516,1.011,-11778476,"Control","Coenocyte"
"446","C5",51,259,1650,1.516,1.011,-7829378,"Control","Coenocyte"
"447","C5",52,255,1650,1.356,0.904,-7106674,"Control","Coenocyte"
"448","C5",53,255,1650,0,0,-7305586,"Control","Coenocyte"
"449","C5",54,255,1647,1.017,0.678,-8091513,"Control","Coenocyte"
"450","C5",55,253,1650,1.222,0.815,-9075082,"Control","Coenocyte"
"451","C5",56,253,1647,1.017,0.678,-9011597,"Control","Coenocyte"
"452","C5",57,251,1652,1.826,1.217,-10792096,"Control","Coenocyte"
"453","C5",58,262,1650,3.79,2.527,-7502461,"Control","Coenocyte"
"454","C5",59,266,1643,2.733,1.822,-8091752,"Control","Coenocyte"
"455","C5",60,251,1650,5.611,3.741,-12040884,"Control","Coenocyte"
"456","C5",61,255,1652,1.516,1.011,-9998479,"Control","Coenocyte"
"457","C5",62,253,1652,0.678,0.452,-11383204,"Control","Coenocyte"
"458","C5",63,255,1652,0.678,0.452,-8024185,"Control","Coenocyte"
"459","C5",64,255,1652,0,0,-7368308,"Control","Coenocyte"
"460","C5",65,251,1650,1.516,1.011,-9997203,"Control","Coenocyte"
"461","C5",66,249,1652,0.959,0.639,-12896183,"Control","Coenocyte"
"462","C5",67,257,1643,4.082,2.721,-8550511,"Control","Coenocyte"
"463","C5",68,253,1652,3.339,2.226,-12436143,"Control","Coenocyte"
"464","C5",69,257,1639,4.611,3.074,-11183253,"Control","Coenocyte"
"465","C5",70,255,1641,0.959,0.639,-10989473,"Control","Coenocyte"
"466","C5",71,255,1643,0.678,0.452,-10658968,"Control","Coenocyte"
"467","C5",72,257,1641,0.959,0.639,-9473417,"Control","Coenocyte"
"468","C5",73,253,1639,1.516,1.011,-9408138,"Control","Coenocyte"
"469","C5",74,253,1641,0.678,0.452,-11974317,"Control","Coenocyte"
"470","C5",75,255,1643,0.959,0.639,-10915217,"Control","Coenocyte"
"471","C5",76,253,1639,1.516,1.011,-11716521,"Control","Coenocyte"
"472","C5",77,253,1641,0.678,0.452,-12111529,"Control","Coenocyte"
"473","C5",78,253,1639,0.678,0.452,-8617857,"Control","Coenocyte"
"474","C5",79,249,1645,2.445,1.63,-11645865,"Control","Coenocyte"
"475","C5",80,251,1641,1.516,1.011,-10725287,"Control","Coenocyte"
"476","C5",81,251,1639,0.678,0.452,-9603987,"Control","Coenocyte"
"477","C5",82,249,1647,2.795,1.864,-10789791,"Control","Coenocyte"
"478","C5",83,251,1643,1.516,1.011,-12437673,"Control","Coenocyte"
"479","C5",84,253,1641,0.959,0.639,-10460826,"Control","Coenocyte"
"480","C5",85,251,1637,1.516,1.011,-11117211,"Control","Coenocyte"
"481","C5",86,249,1645,2.795,1.864,-11907503,"Control","Coenocyte"
"482","C5",87,249,1641,1.356,0.904,-12501933,"Control","Coenocyte"
"483","C5",88,249,1645,1.356,0.904,-10722694,"Control","Coenocyte"
"484","C5",89,251,1645,0.678,0.452,-11844524,"Control","Coenocyte"
"485","C5",90,247,1647,1.516,1.011,-10655885,"Control","Coenocyte"
"486","C5",91,255,1639,3.835,2.557,-9995145,"Control","Coenocyte"
"487","C5",92,245,1637,3.457,2.305,-11580323,"Control","Coenocyte"
"488","C5",93,249,1647,3.651,2.434,-12302255,"Control","Coenocyte"
"489","C5",94,255,1645,2.144,1.429,-11774129,"Control","Coenocyte"
"490","C5",95,255,1645,0,0,-11771297,"Control","Coenocyte"
"491","C5",96,243,1643,4.124,2.749,-9342094,"Control","Coenocyte"
"492","C5",97,255,1647,4.288,2.859,-9994367,"Control","Coenocyte"
"493","C5",98,255,1650,1.017,0.678,-8680829,"Control","Coenocyte"
"494","C5",99,251,1652,1.516,1.011,-10721439,"Control","Coenocyte"
"495","C5",100,251,1647,1.695,1.13,-11378079,"Control","Coenocyte"
"496","C6",2,394,52,1.356,0.904,-11507606,"Control","Coenocyte"
"497","C6",3,394,52,0,0,-11509651,"Control","Coenocyte"
"498","C6",4,394,52,0,0,-11047560,"Control","Coenocyte"
"499","C6",5,396,48,1.516,1.011,-9927283,"Control","Coenocyte"
"500","C6",6,394,50,0.959,0.639,-10717555,"Control","Coenocyte"
"501","C6",7,394,50,0,0,-10587784,"Control","Coenocyte"
"502","C6",8,394,50,0,0,-10983307,"Control","Coenocyte"
"503","C6",9,394,50,0,0,-11180953,"Control","Coenocyte"
"504","C6",10,394,50,0,0,-11046291,"Control","Coenocyte"
"505","C6",11,394,50,0,0,-12363685,"Control","Coenocyte"
"506","C6",12,394,50,0,0,-11639962,"Control","Coenocyte"
"507","C6",13,396,48,0.959,0.639,-9601149,"Control","Coenocyte"
"508","C6",14,396,48,0,0,-9534570,"Control","Coenocyte"
"509","C6",15,396,48,0,0,-9995121,"Control","Coenocyte"
"510","C6",16,396,48,0,0,-9468779,"Control","Coenocyte"
"511","C6",17,396,48,0,0,-9798763,"Control","Coenocyte"
"512","C6",18,396,48,0,0,-9667175,"Control","Coenocyte"
"513","C6",19,389,52,2.733,1.822,-12956576,"Control","Coenocyte"
"514","C6",20,396,50,2.468,1.645,-9206883,"Control","Coenocyte"
"515","C6",21,396,48,0.678,0.452,-9730910,"Control","Coenocyte"
"516","C6",22,396,48,0,0,-9339760,"Control","Coenocyte"
"517","C6",23,396,48,0,0,-8878178,"Control","Coenocyte"
"518","C6",24,396,48,0,0,-9075046,"Control","Coenocyte"
"519","C6",25,396,48,0,0,-9401450,"Control","Coenocyte"
"520","C6",26,396,48,0,0,-9009263,"Control","Coenocyte"
"521","C6",27,398,48,0.678,0.452,-8420440,"Control","Coenocyte"
"522","C6",28,404,46,2.144,1.429,-9143133,"Control","Coenocyte"
"523","C6",29,398,50,2.445,1.63,-8943201,"Control","Coenocyte"
"524","C6",30,398,50,0,0,-8945756,"Control","Coenocyte"
"525","C6",31,394,50,1.356,0.904,-10257515,"Control","Coenocyte"
"526","C6",32,394,50,0,0,-9272417,"Control","Coenocyte"
"527","C6",33,398,46,1.918,1.278,-8419163,"Control","Coenocyte"
"528","C6",34,398,48,0.678,0.452,-8222552,"Control","Coenocyte"
"529","C6",35,398,48,0,0,-8616542,"Control","Coenocyte"
"530","C6",36,398,48,0,0,-8814188,"Control","Coenocyte"
"531","C6",37,396,48,0.678,0.452,-8156759,"Control","Coenocyte"
"532","C6",38,396,48,0,0,-8091987,"Control","Coenocyte"
"533","C6",39,396,50,0.678,0.452,-9270622,"Control","Coenocyte"
"534","C6",40,396,50,0,0,-9140831,"Control","Coenocyte"
"535","C6",41,396,50,0,0,-8550232,"Control","Coenocyte"
"536","C6",42,398,48,0.959,0.639,-9077867,"Control","Coenocyte"
"537","C6",43,398,48,0,0,-9207923,"Control","Coenocyte"
"538","C6",44,396,48,0.678,0.452,-8484970,"Control","Coenocyte"
"539","C6",45,396,48,0,0,-8157026,"Control","Coenocyte"
"540","C6",46,396,48,0,0,-8090966,"Control","Coenocyte"
"541","C6",47,398,48,0.678,0.452,-7764568,"Control","Coenocyte"
"542","C6",48,398,48,0,0,-8616538,"Control","Coenocyte"
"543","C6",49,398,48,0,0,-9405027,"Control","Coenocyte"
"544","C6",50,398,48,0,0,-8616302,"Control","Coenocyte"
"545","C6",51,398,48,0,0,-8944242,"Control","Coenocyte"
"546","C6",52,400,50,0.959,0.639,-8614246,"Control","Coenocyte"
"547","C6",53,402,52,0.959,0.639,-8093280,"Control","Coenocyte"
"548","C6",54,400,50,0.959,0.639,-8942431,"Control","Coenocyte"
"549","C6",55,389,54,3.968,2.645,-11507355,"Control","Coenocyte"
"550","C6",56,396,50,2.733,1.822,-8223324,"Control","Coenocyte"
"551","C6",57,396,50,0,0,-8091226,"Control","Coenocyte"
"552","C6",58,394,50,0.678,0.452,-8617570,"Control","Coenocyte"
"553","C6",59,394,50,0,0,-8879981,"Control","Coenocyte"
"554","C6",60,396,50,0.678,0.452,-8748391,"Control","Coenocyte"
"555","C6",61,396,48,0.678,0.452,-8289103,"Control","Coenocyte"
"556","C6",62,396,48,0,0,-8352101,"Control","Coenocyte"
"557","C6",63,398,48,0.678,0.452,-8157026,"Control","Coenocyte"
"558","C6",64,398,48,0,0,-9012074,"Control","Coenocyte"
"559","C6",65,398,48,0,0,-8812638,"Control","Coenocyte"
"560","C6",66,398,48,0,0,-8286294,"Control","Coenocyte"
"561","C6",67,398,48,0,0,-9075289,"Control","Coenocyte"
"562","C6",68,398,48,0,0,-8945505,"Control","Coenocyte"
"563","C6",69,398,48,0,0,-9338479,"Control","Coenocyte"
"564","C6",70,398,48,0,0,-8681571,"Control","Coenocyte"
"565","C6",71,398,46,0.678,0.452,-8747873,"Control","Coenocyte"
"566","C6",72,396,46,0.678,0.452,-8354395,"Control","Coenocyte"
"567","C6",73,398,48,0.959,0.639,-8878948,"Control","Coenocyte"
"568","C6",74,398,48,0,0,-9141093,"Control","Coenocyte"
"569","C6",75,398,48,0,0,-9206894,"Control","Coenocyte"
"570","C6",76,396,48,0.678,0.452,-8551768,"Control","Coenocyte"
"571","C6",77,396,48,0,0,-8748914,"Control","Coenocyte"
"572","C6",78,398,48,0.678,0.452,-8680041,"Control","Coenocyte"
"573","C6",79,398,48,0,0,-9140339,"Control","Coenocyte"
"574","C6",80,398,48,0,0,-9271916,"Control","Coenocyte"
"575","C6",81,398,48,0,0,-9337709,"Control","Coenocyte"
"576","C6",82,394,46,1.516,1.011,-8486745,"Control","Coenocyte"
"577","C6",83,394,46,0,0,-8684639,"Control","Coenocyte"
"578","C6",84,394,48,0.678,0.452,-8880751,"Control","Coenocyte"
"579","C6",85,394,48,0,0,-8421228,"Control","Coenocyte"
"580","C6",86,394,48,0,0,-8027240,"Control","Coenocyte"
"581","C6",87,398,48,1.356,0.904,-8419428,"Control","Coenocyte"
"582","C6",88,396,50,0.959,0.639,-8551276,"Control","Coenocyte"
"583","C6",89,400,50,1.356,0.904,-8024932,"Control","Coenocyte"
"584","C6",90,400,48,0.678,0.452,-8419161,"Control","Coenocyte"
"595","C7",2,199,369,0,0,-11046018,"Control","Coenocyte"
"596","C7",3,199,369,0,0,-11112062,"Control","Coenocyte"
"597","C7",4,199,369,0,0,-10717553,"Control","Coenocyte"
"598","C7",5,199,369,0,0,-10784108,"Control","Coenocyte"
"599","C7",6,201,366,1.222,0.815,-11375493,"Control","Coenocyte"
"600","C7",7,203,366,0.678,0.452,-10782592,"Control","Coenocyte"
"601","C7",8,201,364,0.959,0.639,-11242616,"Control","Coenocyte"
"602","C7",9,201,364,0,0,-11177601,"Control","Coenocyte"
"603","C7",10,203,364,0.678,0.452,-11308152,"Control","Coenocyte"
"604","C7",11,201,364,0.678,0.452,-11831683,"Control","Coenocyte"
"605","C7",12,201,369,1.695,1.13,-10524789,"Control","Coenocyte"
"606","C7",13,199,366,1.222,0.815,-11768448,"Control","Coenocyte"
"607","C7",14,197,366,0.678,0.452,-11504251,"Control","Coenocyte"
"608","C7",15,199,366,0.678,0.452,-10978936,"Control","Coenocyte"
"609","C7",16,199,366,0,0,-11042682,"Control","Coenocyte"
"610","C7",17,199,366,0,0,-10717050,"Control","Coenocyte"
"611","C7",18,199,366,0,0,-11113341,"Control","Coenocyte"
"612","C7",19,197,366,0.678,0.452,-10980224,"Control","Coenocyte"
"613","C7",20,197,366,0,0,-10846321,"Control","Coenocyte"
"614","C7",21,197,366,0,0,-10979963,"Control","Coenocyte"
"615","C7",22,197,366,0,0,-10650498,"Control","Coenocyte"
"616","C7",23,201,364,1.516,1.011,-10455163,"Control","Coenocyte"
"617","C7",24,201,369,1.695,1.13,-10585993,"Control","Coenocyte"
"618","C7",25,199,369,0.678,0.452,-10194040,"Control","Coenocyte"
"619","C7",26,199,366,1.017,0.678,-10783606,"Control","Coenocyte"
"620","C7",27,199,366,0,0,-10717052,"Control","Coenocyte"
"621","C7",28,199,366,0,0,-11241603,"Control","Coenocyte"
"622","C7",29,201,366,0.678,0.452,-10979714,"Control","Coenocyte"
"623","C7",30,201,366,0,0,-11177601,"Control","Coenocyte"
"624","C7",31,201,366,0,0,-11243656,"Control","Coenocyte"
"625","C7",32,201,366,0,0,-10982268,"Control","Coenocyte"
"626","C7",33,199,366,0.678,0.452,-9996685,"Control","Coenocyte"
"627","C7",34,199,366,0,0,-9536637,"Control","Coenocyte"
"628","C7",35,197,369,1.222,0.815,-10325624,"Control","Coenocyte"
"629","C7",36,201,369,1.356,0.904,-10455688,"Control","Coenocyte"
"630","C7",37,199,371,0.959,0.639,-10321014,"Control","Coenocyte"
"631","C7",38,199,369,0.678,0.452,-10060405,"Control","Coenocyte"
"632","C7",39,199,366,1.017,0.678,-9666691,"Control","Coenocyte"
"633","C7",40,197,369,1.222,0.815,-10585464,"Control","Coenocyte"
"634","C7",41,197,369,0,0,-10191997,"Control","Coenocyte"
"635","C7",42,197,369,0,0,-9009530,"Control","Coenocyte"
"636","C7",43,197,366,1.017,0.678,-9012854,"Control","Coenocyte"
"637","C7",44,190,369,2.582,1.721,-9272702,"Control","Coenocyte"
"638","C7",45,188,371,0.959,0.639,-9404799,"Control","Coenocyte"
"639","C7",46,188,371,0,0,-8417906,"Control","Coenocyte"
"640","C7",47,182,371,2.034,1.356,-9929354,"Control","Coenocyte"
"641","C7",48,188,369,2.144,1.429,-9599098,"Control","Coenocyte"
"642","C7",49,188,371,0.678,0.452,-9404538,"Control","Coenocyte"
"643","C7",50,188,371,0,0,-8945529,"Control","Coenocyte"
"644","C7",51,186,369,0.959,0.639,-9930882,"Control","Coenocyte"
"645","C7",52,186,369,0,0,-9401701,"Control","Coenocyte"
"646","C7",53,186,371,0.678,0.452,-9271667,"Control","Coenocyte"
"647","C7",54,186,371,0,0,-10256258,"Control","Coenocyte"
"648","C7",55,190,371,1.356,0.904,-9469314,"Control","Coenocyte"
"649","C7",56,192,371,0.678,0.452,-10058360,"Control","Coenocyte"
"650","C7",57,197,369,1.826,1.217,-9337967,"Control","Coenocyte"
"651","C7",58,197,369,0,0,-9604472,"Control","Coenocyte"
"652","C7",59,199,369,0.678,0.452,-9933439,"Control","Coenocyte"
"653","C7",60,199,369,0,0,-10394758,"Control","Coenocyte"
"654","C7",61,197,369,0.678,0.452,-9867134,"Control","Coenocyte"
"655","C7",62,197,369,0,0,-9337969,"Control","Coenocyte"
"656","C7",63,192,369,1.695,1.13,-10063481,"Control","Coenocyte"
"657","C7",64,192,369,0,0,-10588800,"Control","Coenocyte"
"658","C7",65,194,366,1.222,0.815,-11246726,"Control","Coenocyte"
"659","C7",66,194,369,1.017,0.678,-10065026,"Control","Coenocyte"
"660","C7",67,194,369,0,0,-9996661,"Control","Coenocyte"
"661","C7",68,192,371,0.959,0.639,-10323583,"Control","Coenocyte"
"662","C7",69,192,371,0,0,-9929846,"Control","Coenocyte"
"663","C7",70,192,369,0.678,0.452,-10061440,"Control","Coenocyte"
"664","C7",71,192,369,0,0,-10657661,"Control","Coenocyte"
"665","C7",72,192,369,0,0,-9934969,"Control","Coenocyte"
"666","C7",73,192,371,0.678,0.452,-9540738,"Control","Coenocyte"
"667","C7",74,197,371,1.695,1.13,-9404802,"Control","Coenocyte"
"668","C7",75,197,371,0,0,-9798271,"Control","Coenocyte"
"669","C7",76,197,371,0,0,-8683121,"Control","Coenocyte"
"670","C7",77,194,369,1.222,0.815,-10063224,"Control","Coenocyte"
"671","C7",78,197,371,1.222,0.815,-8875635,"Control","Coenocyte"
"672","C7",79,192,371,1.695,1.13,-9670257,"Control","Coenocyte"
"673","C7",80,192,371,0,0,-10525056,"Control","Coenocyte"
"674","C7",81,192,371,0,0,-10262405,"Control","Coenocyte"
"675","C7",82,194,369,0.959,0.639,-10722435,"Control","Coenocyte"
"676","C7",83,194,371,0.678,0.452,-10330765,"Control","Coenocyte"
"677","C7",84,194,371,0,0,-10131343,"Control","Coenocyte"
"678","C7",85,194,371,0,0,-9999749,"Control","Coenocyte"
"679","C7",86,194,371,0,0,-9933954,"Control","Coenocyte"
"680","C7",87,199,366,2.397,1.598,-10262921,"Control","Coenocyte"
"681","C7",88,199,366,0,0,-9802873,"Control","Coenocyte"
"682","C7",89,197,366,0.678,0.452,-9538168,"Control","Coenocyte"
"683","C7",90,197,366,0,0,-9664111,"Control","Coenocyte"
"684","C7",91,197,369,1.017,0.678,-9206910,"Control","Coenocyte"
"685","C7",92,197,369,0,0,-9995650,"Control","Coenocyte"
"686","C7",93,197,369,0,0,-9010795,"Control","Coenocyte"
"687","C7",94,197,369,0,0,-9338220,"Control","Coenocyte"
"688","C7",95,197,369,0,0,-9274987,"Control","Coenocyte"
"689","C7",96,197,366,1.017,0.678,-10456442,"Control","Coenocyte"
"694","C8",2,117,538,0.678,0.452,-11045505,"Control","Coenocyte"
"695","C8",3,119,540,0.959,0.639,-11375240,"Control","Coenocyte"
"696","C8",4,123,543,1.695,1.13,-10065518,"Control","Coenocyte"
"697","C8",5,123,540,1.017,0.678,-9472870,"Control","Coenocyte"
"698","C8",6,123,538,0.678,0.452,-11309187,"Control","Coenocyte"
"699","C8",7,123,538,0,0,-10523246,"Control","Coenocyte"
"700","C8",8,119,540,1.516,1.011,-10260587,"Control","Coenocyte"
"701","C8",9,121,536,1.516,1.011,-10782335,"Control","Coenocyte"
"702","C8",10,121,540,1.356,0.904,-10524786,"Control","Coenocyte"
"703","C8",11,121,538,0.678,0.452,-10585724,"Control","Coenocyte"
"704","C8",12,121,538,0,0,-10191991,"Control","Coenocyte"
"705","C8",13,121,538,0,0,-11046017,"Control","Coenocyte"
"706","C8",14,121,538,0,0,-10914180,"Control","Coenocyte"
"707","C8",15,117,536,1.516,1.011,-11045505,"Control","Coenocyte"
"708","C8",16,115,536,0.678,0.452,-10651772,"Control","Coenocyte"
"709","C8",17,115,534,0.678,0.452,-11112826,"Control","Coenocyte"
"710","C8",18,115,538,1.356,0.904,-10458996,"Control","Coenocyte"
"711","C8",19,121,538,2.034,1.356,-11178615,"Control","Coenocyte"
"712","C8",20,121,534,1.356,0.904,-10913919,"Control","Coenocyte"
"713","C8",21,121,536,0.678,0.452,-10717052,"Control","Coenocyte"
"714","C8",22,121,536,0,0,-11110522,"Control","Coenocyte"
"715","C8",23,119,536,0.678,0.452,-10389125,"Control","Coenocyte"
"716","C8",24,119,536,0,0,-10258034,"Control","Coenocyte"
"717","C8",25,119,538,0.678,0.452,-10325875,"Control","Coenocyte"
"718","C8",26,119,536,0.678,0.452,-9735538,"Control","Coenocyte"
"719","C8",27,129,519,6.686,4.457,-10850673,"Control","Coenocyte"
"720","C8",28,121,511,3.835,2.557,-10129793,"Control","Coenocyte"
"721","C8",29,121,501,3.39,2.26,-10455161,"Control","Coenocyte"
"722","C8",30,125,499,1.516,1.011,-9402998,"Control","Coenocyte"
"723","C8",31,115,499,3.39,2.26,-10265215,"Control","Coenocyte"
"724","C8",32,117,496,1.222,0.815,-10720651,"Control","Coenocyte"
"725","C8",33,117,499,1.017,0.678,-11184783,"Control","Coenocyte"
"726","C8",34,115,490,3.125,2.084,-9736575,"Control","Coenocyte"
"727","C8",35,117,490,0.678,0.452,-9738109,"Control","Coenocyte"
"728","C8",36,119,490,0.678,0.452,-9340532,"Control","Coenocyte"
"729","C8",37,119,488,0.678,0.452,-10782596,"Control","Coenocyte"
"730","C8",38,104,482,5.477,3.651,-9865324,"Control","Coenocyte"
"731","C8",39,100,484,1.516,1.011,-10455924,"Control","Coenocyte"
"732","C8",40,98,486,0.959,0.639,-10454405,"Control","Coenocyte"
"733","C8",41,96,480,2.144,1.429,-10717312,"Control","Coenocyte"
"734","C8",42,90,473,3.125,2.084,-10916999,"Control","Coenocyte"
"735","C8",43,90,461,4.068,2.712,-10654340,"Control","Coenocyte"
"736","C8",44,85,446,5.36,3.573,-10456953,"Control","Coenocyte"
"737","C8",45,85,440,2.034,1.356,-10522235,"Control","Coenocyte"
"738","C8",46,77,436,3.032,2.021,-9410168,"Control","Coenocyte"
"739","C8",47,77,440,1.356,0.904,-10392185,"Control","Coenocyte"
"740","C8",48,77,434,2.034,1.356,-8750193,"Control","Coenocyte"
"741","C8",49,79,440,2.144,1.429,-10850181,"Control","Coenocyte"
"742","C8",50,88,438,3.125,2.084,-10588028,"Control","Coenocyte"
"743","C8",51,75,431,5.005,3.337,-10197387,"Control","Coenocyte"
"744","C8",52,77,436,1.826,1.217,-9929597,"Control","Coenocyte"
"745","C8",53,79,436,0.678,0.452,-10849137,"Control","Coenocyte"
"746","C8",54,79,434,0.678,0.452,-11308176,"Control","Coenocyte"
"747","C8",55,79,436,0.678,0.452,-10721413,"Control","Coenocyte"
"748","C8",56,81,434,0.959,0.639,-10782333,"Control","Coenocyte"
"749","C8",57,81,434,0,0,-11046018,"Control","Coenocyte"
"750","C8",58,81,431,1.017,0.678,-10521740,"Control","Coenocyte"
"751","C8",59,79,434,1.222,0.815,-10981240,"Control","Coenocyte"
"752","C8",60,79,434,0,0,-11113093,"Control","Coenocyte"
"753","C8",61,79,436,0.678,0.452,-10456953,"Control","Coenocyte"
"754","C8",62,81,431,1.826,1.217,-10585215,"Control","Coenocyte"
"755","C8",63,81,431,0,0,-11306880,"Control","Coenocyte"
"756","C8",64,77,431,1.356,0.904,-10850420,"Control","Coenocyte"
"757","C8",65,77,429,0.678,0.452,-10328187,"Control","Coenocyte"
"758","C8",66,77,431,0.678,0.452,-11240827,"Control","Coenocyte"
"759","C8",67,77,431,0,0,-11110518,"Control","Coenocyte"
"760","C8",68,75,434,1.222,0.815,-11242896,"Control","Coenocyte"
"761","C8",69,77,431,1.222,0.815,-11111810,"Control","Coenocyte"
"762","C8",70,77,431,0,0,-10718080,"Control","Coenocyte"
"763","C8",71,79,431,0.678,0.452,-10848639,"Control","Coenocyte"
"764","C8",72,79,434,1.017,0.678,-10915447,"Control","Coenocyte"
"765","C8",73,83,431,1.695,1.13,-10524286,"Control","Coenocyte"
"766","C8",74,81,431,0.678,0.452,-11443858,"Control","Coenocyte"
"767","C8",75,81,431,0,0,-11046279,"Control","Coenocyte"
"768","C8",76,81,431,0,0,-10587795,"Control","Coenocyte"
"769","C8",77,81,431,0,0,-10195594,"Control","Coenocyte"
"770","C8",78,79,431,0.678,0.452,-9865344,"Control","Coenocyte"
"771","C8",79,79,431,0,0,-9737090,"Control","Coenocyte"
"772","C8",80,79,431,0,0,-8943991,"Control","Coenocyte"
"773","C8",81,79,431,0,0,-9666433,"Control","Coenocyte"
"774","C8",82,79,431,0,0,-9141878,"Control","Coenocyte"
"775","C8",83,77,431,0.678,0.452,-10391437,"Control","Coenocyte"
"776","C8",84,79,431,0.678,0.452,-10454405,"Control","Coenocyte"
"777","C8",85,79,431,0,0,-8878709,"Control","Coenocyte"
"778","C8",86,77,431,0.678,0.452,-10918806,"Control","Coenocyte"
"779","C8",87,77,431,0,0,-10655359,"Control","Coenocyte"
"780","C8",88,77,431,0,0,-10722684,"Control","Coenocyte"
"781","C8",89,77,431,0,0,-9801349,"Control","Coenocyte"
"782","C8",90,79,429,0.959,0.639,-10720133,"Control","Coenocyte"
"783","C8",91,77,431,0.959,0.639,-10652295,"Control","Coenocyte"
"784","C8",92,77,434,1.017,0.678,-10587007,"Control","Coenocyte"
"785","C8",93,77,434,0,0,-8681066,"Control","Coenocyte"
"786","C8",94,73,429,2.171,1.447,-9601394,"Control","Coenocyte"
"787","C8",95,73,427,0.678,0.452,-9404021,"Control","Coenocyte"
"788","C8",96,73,427,0,0,-9404001,"Control","Coenocyte"
"789","C8",97,75,427,0.678,0.452,-10064253,"Control","Coenocyte"
"790","C8",98,73,427,0.678,0.452,-10126705,"Control","Coenocyte"
"791","C8",99,73,427,0,0,-10519671,"Control","Coenocyte"
"792","C8",100,73,427,0,0,-9010793,"Control","Coenocyte"
"793","C9",2,1744,494,3.051,2.034,-9865324,"Control","Coenocyte"
"794","C9",3,1742,501,2.468,1.645,-9666158,"Control","Coenocyte"
"795","C9",4,1748,503,2.144,1.429,-8682323,"Control","Coenocyte"
"796","C9",5,1748,503,0,0,-8878423,"Control","Coenocyte"
"797","C9",6,1746,503,0.678,0.452,-9536351,"Control","Coenocyte"
"798","C9",7,1746,501,0.678,0.452,-9928289,"Control","Coenocyte"
"799","C9",8,1744,501,0.678,0.452,-9206875,"Control","Coenocyte"
"800","C9",9,1744,501,0,0,-9731413,"Control","Coenocyte"
"801","C9",10,1744,501,0,0,-9076309,"Control","Coenocyte"
"802","C9",11,1746,503,0.959,0.639,-9273431,"Control","Coenocyte"
"803","C9",12,1744,501,0.959,0.639,-9336405,"Control","Coenocyte"
"804","C9",13,1744,501,0,0,-9863774,"Control","Coenocyte"
"805","C9",14,1742,503,0.959,0.639,-9732703,"Control","Coenocyte"
"806","C9",15,1738,501,1.516,1.011,-9273955,"Control","Coenocyte"
"807","C9",16,1748,505,3.651,2.434,-9534821,"Control","Coenocyte"
"808","C9",17,1748,505,0,0,-9732452,"Control","Coenocyte"
"809","C9",18,1746,503,0.959,0.639,-9799264,"Control","Coenocyte"
"810","C9",19,1746,503,0,0,-9864035,"Control","Coenocyte"
"811","C9",20,1746,505,0.678,0.452,-9271386,"Control","Coenocyte"
"812","C9",21,1740,503,2.144,1.429,-9536353,"Control","Coenocyte"
"813","C9",22,1740,503,0,0,-9011565,"Control","Coenocyte"
"814","C9",23,1746,496,3.125,2.084,-12497545,"Control","Coenocyte"
"815","C9",24,1746,501,1.695,1.13,-9929316,"Control","Coenocyte"
"816","C9",25,1744,501,0.678,0.452,-8813907,"Control","Coenocyte"
"817","C9",26,1744,499,0.678,0.452,-10256994,"Control","Coenocyte"
"818","C9",27,1744,503,1.356,0.904,-9467484,"Control","Coenocyte"
"819","C9",28,1744,501,0.678,0.452,-9860964,"Control","Coenocyte"
"820","C9",29,1744,501,0,0,-9534560,"Control","Coenocyte"
"821","C9",30,1744,501,0,0,-9207386,"Control","Coenocyte"
"822","C9",31,1744,501,0,0,-9534819,"Control","Coenocyte"
"823","C9",32,1742,501,0.678,0.452,-9404005,"Control","Coenocyte"
"824","C9",33,1742,501,0,0,-8683622,"Control","Coenocyte"
"825","C9",34,1742,499,0.678,0.452,-9862759,"Control","Coenocyte"
"826","C9",35,1742,501,0.678,0.452,-8615526,"Control","Coenocyte"
"827","C9",36,1742,501,0,0,-9665125,"Control","Coenocyte"
"828","C9",37,1742,501,0,0,-8485481,"Control","Coenocyte"
"829","C9",38,1742,501,0,0,-8353115,"Control","Coenocyte"
"830","C9",39,1742,501,0,0,-9206884,"Control","Coenocyte"
"831","C9",40,1744,501,0.678,0.452,-9337959,"Control","Coenocyte"
"832","C9",41,1744,501,0,0,-8877669,"Control","Coenocyte"
"833","C9",42,1742,501,0.678,0.452,-9208944,"Control","Coenocyte"
"834","C9",43,1742,501,0,0,-9142886,"Control","Coenocyte"
"835","C9",44,1740,501,0.678,0.452,-8746332,"Control","Coenocyte"
"836","C9",45,1740,501,0,0,-8878950,"Control","Coenocyte"
"837","C9",46,1742,499,0.959,0.639,-8810344,"Control","Coenocyte"
"838","C9",47,1742,499,0,0,-9731169,"Control","Coenocyte"
"839","C9",48,1742,503,1.356,0.904,-8482398,"Control","Coenocyte"
"840","C9",49,1742,501,0.678,0.452,-9272687,"Control","Coenocyte"
"841","C9",50,1742,501,0,0,-8747611,"Control","Coenocyte"
"842","C9",51,1742,501,0,0,-9207410,"Control","Coenocyte"
"843","C9",52,1742,503,0.678,0.452,-8746081,"Control","Coenocyte"
"844","C9",53,1742,503,0,0,-8158048,"Control","Coenocyte"
"845","C9",54,1742,503,0,0,-8812890,"Control","Coenocyte"
"846","C9",55,1742,503,0,0,-8879474,"Control","Coenocyte"
"847","C9",56,1742,503,0,0,-8679780,"Control","Coenocyte"
"848","C9",57,1744,494,3.125,2.084,-9930094,"Control","Coenocyte"
"849","C9",58,1746,503,3.125,2.084,-9271396,"Control","Coenocyte"
"850","C9",59,1738,501,2.795,1.864,-9336437,"Control","Coenocyte"
"851","C9",60,1738,501,0,0,-8945002,"Control","Coenocyte"
"852","C9",61,1740,507,2.144,1.429,-9009504,"Control","Coenocyte"
"853","C9",62,1740,503,1.356,0.904,-8812890,"Control","Coenocyte"
"854","C9",63,1748,505,2.795,1.864,-8615000,"Control","Coenocyte"
"855","C9",64,1748,505,0,0,-9599080,"Control","Coenocyte"
"856","C9",65,1746,503,0.959,0.639,-8615259,"Control","Coenocyte"
"857","C9",66,1746,503,0,0,-9011037,"Control","Coenocyte"
"858","C9",67,1746,501,0.678,0.452,-9206108,"Control","Coenocyte"
"859","C9",68,1744,503,0.959,0.639,-8617831,"Control","Coenocyte"
"860","C9",69,1744,501,0.678,0.452,-9009243,"Control","Coenocyte"
"861","C9",70,1744,501,0,0,-8420701,"Control","Coenocyte"
"862","C9",71,1742,499,0.959,0.639,-9140843,"Control","Coenocyte"
"863","C9",72,1740,501,0.959,0.639,-9271149,"Control","Coenocyte"
"864","C9",73,1742,499,0.959,0.639,-9009748,"Control","Coenocyte"
"865","C9",74,1742,499,0,0,-9209704,"Control","Coenocyte"
"866","C9",75,1742,499,0,0,-9207648,"Control","Coenocyte"
"867","C9",76,1738,501,1.516,1.011,-8943473,"Control","Coenocyte"
"868","C9",77,1738,501,0,0,-9403511,"Control","Coenocyte"
"869","C9",78,1738,503,0.678,0.452,-8156264,"Control","Coenocyte"
"870","C9",79,1740,501,0.959,0.639,-9206632,"Control","Coenocyte"
"871","C9",80,1742,503,0.959,0.639,-9012325,"Control","Coenocyte"
"872","C9",81,1740,499,1.516,1.011,-9405545,"Control","Coenocyte"
"873","C9",82,1740,501,0.678,0.452,-9470066,"Control","Coenocyte"
"874","C9",83,1740,501,0,0,-9076339,"Control","Coenocyte"
"875","C9",84,1740,501,0,0,-8353635,"Control","Coenocyte"
"876","C9",85,1742,499,0.959,0.639,-8811887,"Control","Coenocyte"
"877","C9",86,1742,499,0,0,-8746618,"Control","Coenocyte"
"878","C9",87,1742,499,0,0,-8026973,"Control","Coenocyte"
"879","C9",88,1742,501,0.678,0.452,-8615526,"Control","Coenocyte"
"880","C9",89,1742,503,0.678,0.452,-8878196,"Control","Coenocyte"
"881","C9",90,1742,503,0,0,-8945002,"Control","Coenocyte"
"882","C9",91,1717,457,17.748,11.832,-9273454,"Control","Coenocyte"
"883","C9",92,1715,469,4.124,2.749,-11111547,"Control","Coenocyte"
"884","C9",93,1725,478,4.561,3.041,-8817254,"Control","Coenocyte"
"885","C9",94,1725,482,1.356,0.904,-10518646,"Control","Coenocyte"
"886","C9",95,1736,488,4.248,2.832,-9470818,"Control","Coenocyte"
"887","C9",96,1738,494,2.144,1.429,-7632990,"Control","Coenocyte"
"888","C9",97,1750,505,5.519,3.679,-9599350,"Control","Coenocyte"
"889","C9",98,1742,511,3.39,2.26,-11111306,"Control","Coenocyte"
"890","C9",99,1742,511,0,0,-11702683,"Control","Coenocyte"
"891","C9",100,1742,509,0.678,0.452,-11574440,"Control","Coenocyte"
"1","C10",2,1381,681,0.959,0.639,-12690089,"Control","Coenocyte"
"2","C10",3,1383,685,1.516,1.011,-12427946,"Control","Coenocyte"
"3","C10",4,1381,687,0.959,0.639,-11243935,"Control","Coenocyte"
"4","C10",5,1381,685,0.678,0.452,-11965853,"Control","Coenocyte"
"5","C10",6,1383,685,0.678,0.452,-12493741,"Control","Coenocyte"
"6","C10",7,1381,685,0.678,0.452,-11638428,"Control","Coenocyte"
"7","C10",8,1381,685,0,0,-11243933,"Control","Coenocyte"
"8","C10",9,1385,683,1.516,1.011,-11967397,"Control","Coenocyte"
"9","C10",10,1381,685,1.516,1.011,-11572385,"Control","Coenocyte"
"10","C10",11,1381,685,0,0,-11836062,"Control","Coenocyte"
"11","C10",12,1381,685,0,0,-11437199,"Control","Coenocyte"
"12","C10",13,1381,685,0,0,-11307673,"Control","Coenocyte"
"13","C10",14,1381,683,0.678,0.452,-12558756,"Control","Coenocyte"
"14","C10",15,1381,683,0,0,-12753825,"Control","Coenocyte"
"15","C10",16,1379,683,0.678,0.452,-12622229,"Control","Coenocyte"
"16","C10",17,1379,685,0.678,0.452,-11638691,"Control","Coenocyte"
"17","C10",18,1381,685,0.678,0.452,-12426919,"Control","Coenocyte"
"18","C10",19,1383,685,0.678,0.452,-12690602,"Control","Coenocyte"
"19","C10",20,1381,685,0.678,0.452,-12293274,"Control","Coenocyte"
"20","C10",21,1379,685,0.678,0.452,-11573666,"Control","Coenocyte"
"21","C10",22,1379,685,0,0,-11967906,"Control","Coenocyte"
"22","C10",23,1381,685,0.678,0.452,-12098981,"Control","Coenocyte"
"23","C10",24,1385,683,1.516,1.011,-11441312,"Control","Coenocyte"
"24","C10",25,1383,685,0.959,0.639,-12493223,"Control","Coenocyte"
"25","C10",26,1383,685,0,0,-12493992,"Control","Coenocyte"
"26","C10",27,1383,683,0.678,0.452,-11900325,"Control","Coenocyte"
"27","C10",28,1383,683,0,0,-11243171,"Control","Coenocyte"
"28","C10",29,1381,683,0.678,0.452,-11506076,"Control","Coenocyte"
"29","C10",30,1381,683,0,0,-11440285,"Control","Coenocyte"
"30","C10",31,1381,683,0,0,-11702944,"Control","Coenocyte"
"31","C10",32,1381,683,0,0,-11703455,"Control","Coenocyte"
"32","C10",33,1381,685,0.678,0.452,-12229547,"Control","Coenocyte"
"33","C10",34,1381,683,0.678,0.452,-11768484,"Control","Coenocyte"
"34","C10",35,1381,683,0,0,-11898783,"Control","Coenocyte"
"35","C10",36,1381,683,0,0,-11241883,"Control","Coenocyte"
"36","C10",37,1381,685,0.678,0.452,-11702942,"Control","Coenocyte"
"37","C10",38,1381,685,0,0,-11569298,"Control","Coenocyte"
"38","C10",39,1381,685,0,0,-11307155,"Control","Coenocyte"
"39","C10",40,1381,685,0,0,-11043220,"Control","Coenocyte"
"40","C10",41,1383,683,0.959,0.639,-11175319,"Control","Coenocyte"
"41","C10",42,1383,683,0,0,-11439269,"Control","Coenocyte"
"42","C10",43,1383,685,0.678,0.452,-11634588,"Control","Coenocyte"
"43","C10",44,1381,687,0.959,0.639,-10848148,"Control","Coenocyte"
"44","C10",45,1381,687,0,0,-11766943,"Control","Coenocyte"
"45","C10",46,1381,687,0,0,-11109780,"Control","Coenocyte"
"46","C10",47,1383,685,0.959,0.639,-11372188,"Control","Coenocyte"
"47","C10",48,1383,685,0,0,-11570331,"Control","Coenocyte"
"48","C10",49,1383,685,0,0,-11834792,"Control","Coenocyte"
"49","C10",50,1383,685,0,0,-11701410,"Control","Coenocyte"
"50","C10",51,1383,685,0,0,-11833515,"Control","Coenocyte"
"51","C10",52,1383,685,0,0,-11108244,"Control","Coenocyte"
"52","C10",53,1383,685,0,0,-11308446,"Control","Coenocyte"
"53","C10",54,1383,685,0,0,-11372439,"Control","Coenocyte"
"54","C10",55,1383,685,0,0,-11835043,"Control","Coenocyte"
"55","C10",56,1383,685,0,0,-10977940,"Control","Coenocyte"
"56","C10",57,1383,685,0,0,-10060435,"Control","Coenocyte"
"57","C10",58,1385,687,0.959,0.639,-12563885,"Control","Coenocyte"
"58","C10",59,1385,687,0,0,-13219766,"Control","Coenocyte"
"59","C10",60,1383,687,0.678,0.452,-12629686,"Control","Coenocyte"
"60","C10",61,1383,687,0,0,-12826279,"Control","Coenocyte"
"61","C10",62,1383,687,0,0,-12629929,"Control","Coenocyte"
"62","C10",63,1383,687,0,0,-13612455,"Control","Coenocyte"
"63","C10",64,1383,685,0.678,0.452,-12892333,"Control","Coenocyte"
"64","C10",65,1385,685,0.678,0.452,-13220534,"Control","Coenocyte"
"65","C10",66,1385,685,0,0,-12827818,"Control","Coenocyte"
"66","C10",67,1381,687,1.516,1.011,-12235169,"Control","Coenocyte"
"67","C10",68,1381,687,0,0,-12956325,"Control","Coenocyte"
"68","C10",69,1381,687,0,0,-12499366,"Control","Coenocyte"
"69","C10",70,1383,685,0.959,0.639,-13411504,"Control","Coenocyte"
"70","C10",71,1383,685,0,0,-12230820,"Control","Coenocyte"
"71","C10",72,1385,683,0.959,0.639,-12628658,"Control","Coenocyte"
"72","C10",73,1383,683,0.678,0.452,-12429488,"Control","Coenocyte"
"73","C10",74,1379,685,1.516,1.011,-13022118,"Control","Coenocyte"
"74","C10",75,1383,685,1.356,0.904,-12823215,"Control","Coenocyte"
"75","C10",76,1385,683,0.959,0.639,-11705773,"Control","Coenocyte"
"76","C10",77,1385,685,0.678,0.452,-13153203,"Control","Coenocyte"
"77","C10",78,1385,685,0,0,-12038293,"Control","Coenocyte"
"78","C10",79,1383,685,0.678,0.452,-12757673,"Control","Coenocyte"
"79","C10",80,1383,685,0,0,-12822437,"Control","Coenocyte"
"80","C10",81,1383,685,0,0,-13479607,"Control","Coenocyte"
"81","C10",82,1385,683,0.959,0.639,-12235171,"Control","Coenocyte"
"82","C10",83,1383,683,0.678,0.452,-11777975,"Control","Coenocyte"
"83","C10",84,1377,687,2.445,1.63,-11834530,"Control","Coenocyte"
"84","C10",85,1377,685,0.678,0.452,-11904425,"Control","Coenocyte"
"85","C10",86,1381,687,1.516,1.011,-12099240,"Control","Coenocyte"
"86","C10",87,1383,689,0.959,0.639,-12953773,"Control","Coenocyte"
"87","C10",88,1392,689,3.051,2.034,-10988685,"Control","Coenocyte"
"88","C10",89,1392,685,1.356,0.904,-12758962,"Control","Coenocyte"
"89","C10",90,1390,689,1.516,1.011,-11576987,"Control","Coenocyte"
"90","C10",91,1392,687,0.959,0.639,-11769479,"Control","Coenocyte"
"91","C10",92,1387,687,1.695,1.13,-11842707,"Control","Coenocyte"
"92","C10",93,1392,687,1.695,1.13,-10721411,"Control","Coenocyte"
"93","C10",94,1390,679,2.795,1.864,-11448996,"Control","Coenocyte"
"94","C10",95,1383,677,2.468,1.645,-11509417,"Control","Coenocyte"
"95","C10",96,1375,675,2.795,1.864,-12360621,"Control","Coenocyte"
"96","C10",97,1390,683,5.763,3.842,-12628383,"Control","Coenocyte"
"97","C10",98,1390,691,2.712,1.808,-10852762,"Control","Coenocyte"
"98","C10",99,1381,691,3.051,2.034,-11904684,"Control","Coenocyte"
"99","C10",100,1402,689,7.151,4.767,-10195596,"Control","Coenocyte"
"991","C11",2,2253,102,0.959,0.639,-11111785,"Control","Uninuclear"
"992","C11",3,2255,104,0.959,0.639,-11960722,"Control","Uninuclear"
"993","C11",4,2251,104,1.356,0.904,-9863804,"Control","Uninuclear"
"994","C11",5,2255,100,1.918,1.278,-11102584,"Control","Uninuclear"
"995","C11",6,2255,100,0,0,-11171711,"Control","Uninuclear"
"996","C11",7,2255,100,0,0,-11702683,"Control","Uninuclear"
"997","C11",8,2255,100,0,0,-12290718,"Control","Uninuclear"
"998","C11",9,2253,98,0.959,0.639,-8811623,"Control","Uninuclear"
"999","C11",10,2253,98,0,0,-10060653,"Control","Uninuclear"
"1000","C11",11,2253,98,0,0,-11104111,"Control","Uninuclear"
"1001","C11",12,2253,100,0.678,0.452,-11106177,"Control","Uninuclear"
"1002","C11",13,2251,100,0.678,0.452,-11829900,"Control","Uninuclear"
"1003","C11",14,2249,100,0.678,0.452,-8027497,"Control","Uninuclear"
"1004","C11",15,2258,98,3.125,2.084,-13686224,"Control","Uninuclear"
"1005","C11",16,2255,100,1.222,0.815,-13670833,"Control","Uninuclear"
"1006","C11",17,2253,102,0.959,0.639,-13673628,"Control","Uninuclear"
"1007","C11",18,2251,102,0.678,0.452,-10914432,"Control","Uninuclear"
"1008","C11",19,2251,102,0,0,-10059382,"Control","Uninuclear"
"1009","C11",20,2251,102,0,0,-10720623,"Control","Uninuclear"
"1010","C11",21,2251,102,0,0,-10385510,"Control","Uninuclear"
"1011","C11",22,2251,102,0,0,-9729629,"Control","Uninuclear"
"1012","C11",23,2251,102,0,0,-8681050,"Control","Uninuclear"
"1013","C11",24,2251,102,0,0,-8807765,"Control","Uninuclear"
"1014","C11",25,2251,102,0,0,-10581866,"Control","Uninuclear"
"1015","C11",26,2251,102,0,0,-8808024,"Control","Uninuclear"
"1016","C11",27,2251,102,0,0,-9397857,"Control","Uninuclear"
"1017","C11",28,2251,102,0,0,-9856353,"Control","Uninuclear"
"1018","C11",29,2251,102,0,0,-11038565,"Control","Uninuclear"
"1019","C11",30,2251,102,0,0,-9661542,"Control","Uninuclear"
"1020","C11",31,2251,102,0,0,-10450272,"Control","Uninuclear"
"1021","C11",32,2251,102,0,0,-8942431,"Control","Uninuclear"
"1022","C11",33,2251,102,0,0,-10325357,"Control","Uninuclear"
"1023","C11",34,2251,102,0,0,-9736040,"Control","Uninuclear"
"1024","C11",35,2251,102,0,0,-9602403,"Control","Uninuclear"
"1025","C11",36,2251,102,0,0,-9669731,"Control","Uninuclear"
"1026","C11",37,2251,102,0,0,-12620420,"Control","Uninuclear"
"1027","C11",38,2251,104,0.678,0.452,-12553607,"Control","Uninuclear"
"1028","C11",39,2251,104,0,0,-9660788,"Control","Uninuclear"
"1029","C11",40,2251,104,0,0,-10187634,"Control","Uninuclear"
"1030","C11",41,2251,104,0,0,-9399652,"Control","Uninuclear"
"1031","C11",42,2251,104,0,0,-9269614,"Control","Uninuclear"
"1032","C11",43,2251,104,0,0,-9007991,"Control","Uninuclear"
"1033","C11",44,2251,104,0,0,-8807274,"Control","Uninuclear"
"1034","C11",45,2251,104,0,0,-9271649,"Control","Uninuclear"
"1035","C11",46,2251,104,0,0,-9727586,"Control","Uninuclear"
"1036","C11",47,2251,104,0,0,-9465705,"Control","Uninuclear"
"1037","C11",48,2251,104,0,0,-9399653,"Control","Uninuclear"
"1038","C11",49,2251,104,0,0,-8285032,"Control","Uninuclear"
"1039","C11",50,2251,104,0,0,-10386304,"Control","Uninuclear"
"1040","C11",51,2251,104,0,0,-9533806,"Control","Uninuclear"
"1041","C11",52,2251,104,0,0,-8874597,"Control","Uninuclear"
"1042","C11",53,2251,104,0,0,-8416855,"Control","Uninuclear"
"1043","C11",54,2251,104,0,0,-8681320,"Control","Uninuclear"
"1044","C11",55,2251,104,0,0,-9272164,"Control","Uninuclear"
"1045","C11",56,2251,104,0,0,-9073760,"Control","Uninuclear"
"1046","C11",57,2251,104,0,0,-8743022,"Control","Uninuclear"
"1047","C11",58,2251,104,0,0,-8610410,"Control","Uninuclear"
"1048","C11",59,2251,104,0,0,-8089683,"Control","Uninuclear"
"1049","C11",60,2251,104,0,0,-8544351,"Control","Uninuclear"
"1050","C11",61,2251,104,0,0,-8806762,"Control","Uninuclear"
"1051","C11",62,2251,104,0,0,-9465469,"Control","Uninuclear"
"1052","C11",63,2251,102,0.678,0.452,-8740715,"Control","Uninuclear"
"1053","C11",64,2253,102,0.678,0.452,-8940665,"Control","Uninuclear"
"1054","C11",65,2253,100,0.678,0.452,-10056061,"Control","Uninuclear"
"1055","C11",66,2253,100,0,0,-10317934,"Control","Uninuclear"
"1056","C11",67,2251,100,0.678,0.452,-8346721,"Control","Uninuclear"
"1057","C11",68,2251,100,0,0,-8805740,"Control","Uninuclear"
"1058","C11",69,2251,100,0,0,-9662322,"Control","Uninuclear"
"1059","C11",70,2251,100,0,0,-9663333,"Control","Uninuclear"
"1060","C11",71,2251,100,0,0,-9533026,"Control","Uninuclear"
"1061","C11",72,2251,102,0.678,0.452,-10188161,"Control","Uninuclear"
"1062","C11",73,2251,102,0,0,-10054008,"Control","Uninuclear"
"1063","C11",74,2251,102,0,0,-9532266,"Control","Uninuclear"
"1064","C11",75,2251,102,0,0,-10847107,"Control","Uninuclear"
"1065","C11",76,2251,102,0,0,-10448768,"Control","Uninuclear"
"1066","C11",77,2251,102,0,0,-9135980,"Control","Uninuclear"
"1067","C11",78,2251,102,0,0,-9859962,"Control","Uninuclear"
"1068","C11",79,2251,102,0,0,-9267296,"Control","Uninuclear"
"1069","C11",80,2251,102,0,0,-9200490,"Control","Uninuclear"
"1070","C11",81,2251,102,0,0,-11110271,"Control","Uninuclear"
"1071","C11",82,2251,102,0,0,-10189176,"Control","Uninuclear"
"1072","C11",83,2251,102,0,0,-9795189,"Control","Uninuclear"
"1073","C11",84,2251,102,0,0,-9400939,"Control","Uninuclear"
"1074","C11",85,2251,102,0,0,-9203824,"Control","Uninuclear"
"1075","C11",86,2251,104,0.678,0.452,-10317691,"Control","Uninuclear"
"1076","C11",87,2251,104,0,0,-10188928,"Control","Uninuclear"
"1077","C11",88,2251,104,0,0,-9858171,"Control","Uninuclear"
"1078","C11",89,2251,104,0,0,-10323080,"Control","Uninuclear"
"1079","C11",90,2251,104,0,0,-9732224,"Control","Uninuclear"
"1080","C11",91,2251,104,0,0,-9992837,"Control","Uninuclear"
"1081","C11",92,2251,104,0,0,-10783380,"Control","Uninuclear"
"1082","C11",93,2251,102,0.678,0.452,-9995137,"Control","Uninuclear"
"1083","C11",94,2251,102,0,0,-10584713,"Control","Uninuclear"
"1084","C11",95,2251,102,0,0,-10784663,"Control","Uninuclear"
"1085","C11",96,2251,102,0,0,-10129043,"Control","Uninuclear"
"1086","C11",97,2251,102,0,0,-11574939,"Control","Uninuclear"
"1087","C11",98,2251,102,0,0,-11970475,"Control","Uninuclear"
"1088","C11",99,2251,102,0,0,-11308178,"Control","Uninuclear"
"1089","C11",100,2251,100,0.678,0.452,-11178631,"Control","Uninuclear"
"1090","C12",2,1756,194,1.017,0.678,-10845575,"Control","Uninuclear"
"1091","C12",3,1756,194,0,0,-10588038,"Control","Uninuclear"
"1092","C12",4,1756,194,0,0,-10779514,"Control","Uninuclear"
"1093","C12",5,1756,194,0,0,-11309702,"Control","Uninuclear"
"1094","C12",6,1750,190,2.445,1.63,-10323057,"Control","Uninuclear"
"1095","C12",7,1742,176,5.466,3.644,-11704726,"Control","Uninuclear"
"1096","C12",8,1733,176,3.051,2.034,-10851734,"Control","Uninuclear"
"1097","C12",9,1731,174,0.959,0.639,-10850949,"Control","Uninuclear"
"1098","C12",10,1727,171,1.695,1.13,-7768703,"Control","Uninuclear"
"1099","C12",11,1727,178,2.373,1.582,-10321016,"Control","Uninuclear"
"1100","C12",12,1729,176,0.959,0.639,-11041916,"Control","Uninuclear"
"1101","C12",13,1729,176,0,0,-9278092,"Control","Uninuclear"
"1102","C12",14,1727,169,2.468,1.645,-10912889,"Control","Uninuclear"
"1103","C12",15,1731,165,1.918,1.278,-11439236,"Control","Uninuclear"
"1104","C12",16,1731,165,0,0,-10720653,"Control","Uninuclear"
"1105","C12",17,1731,165,0,0,-5786187,"Control","Uninuclear"
"1106","C12",18,1731,169,1.356,0.904,-6446427,"Control","Uninuclear"
"1107","C12",19,1731,171,0.678,0.452,-5655627,"Control","Uninuclear"
"1108","C12",20,1733,178,2.468,1.645,-9996675,"Control","Uninuclear"
"1109","C12",21,1736,174,1.695,1.13,-11965338,"Control","Uninuclear"
"1110","C12",22,1736,169,1.695,1.13,-12497324,"Control","Uninuclear"
"1111","C12",23,1725,165,3.968,2.645,-11244687,"Control","Uninuclear"
"1112","C12",24,1727,163,0.959,0.639,-6841433,"Control","Uninuclear"
"1113","C12",25,1727,163,0,0,-7241067,"Control","Uninuclear"
"1114","C12",26,1731,161,1.516,1.011,-6175293,"Control","Uninuclear"
"1115","C12",27,1731,163,0.678,0.452,-7704186,"Control","Uninuclear"
"1116","C12",28,1731,163,0,0,-7239792,"Control","Uninuclear"
"1117","C12",29,1731,165,0.678,0.452,-7769729,"Control","Uninuclear"
"1118","C12",30,1731,165,0,0,-5314604,"Control","Uninuclear"
"1119","C12",31,1731,165,0,0,-7026241,"Control","Uninuclear"
"1120","C12",32,1727,165,1.356,0.904,-10186607,"Control","Uninuclear"
"1121","C12",33,1727,167,0.678,0.452,-5972534,"Control","Uninuclear"
"1122","C12",34,1725,174,2.468,1.645,-9278344,"Control","Uninuclear"
"1123","C12",35,1727,182,2.795,1.864,-5390916,"Control","Uninuclear"
"1124","C12",36,1721,184,2.144,1.429,-8231824,"Control","Uninuclear"
"1125","C12",37,1721,184,0,0,-7573906,"Control","Uninuclear"
"1126","C12",38,1721,184,0,0,-8282470,"Control","Uninuclear"
"1127","C12",39,1721,184,0,0,-5387325,"Control","Uninuclear"
"1128","C12",40,1721,184,0,0,-4791856,"Control","Uninuclear"
"1129","C12",41,1721,184,0,0,-4860462,"Control","Uninuclear"
"1130","C12",42,1721,184,0,0,-5583415,"Control","Uninuclear"
"1131","C12",43,1721,184,0,0,-4466743,"Control","Uninuclear"
"1132","C12",44,1721,184,0,0,-6186326,"Control","Uninuclear"
"1133","C12",45,1721,184,0,0,-4991547,"Control","Uninuclear"
"1134","C12",46,1721,184,0,0,-7496026,"Control","Uninuclear"
"1135","C12",47,1721,184,0,0,-9150616,"Control","Uninuclear"
"1136","C12",48,1725,182,1.516,1.011,-6893123,"Control","Uninuclear"
"1137","C12",49,1725,184,0.678,0.452,-5123632,"Control","Uninuclear"
"1138","C12",50,1721,184,1.356,0.904,-5591630,"Control","Uninuclear"
"1139","C12",51,1721,184,0,0,-4863031,"Control","Uninuclear"
"1140","C12",52,1721,184,0,0,-5790812,"Control","Uninuclear"
"1141","C12",53,1721,184,0,0,-4675657,"Control","Uninuclear"
"1142","C12",54,1721,184,0,0,-6057567,"Control","Uninuclear"
"1143","C12",55,1721,184,0,0,-6775900,"Control","Uninuclear"
"1144","C12",56,1721,184,0,0,-7500912,"Control","Uninuclear"
"1145","C12",57,1721,184,0,0,-8748678,"Control","Uninuclear"
"1146","C12",58,1721,184,0,0,-8555387,"Control","Uninuclear"
"1147","C12",59,1725,182,1.516,1.011,-5531979,"Control","Uninuclear"
"1148","C12",60,1727,182,0.678,0.452,-6908759,"Control","Uninuclear"
"1149","C12",61,1721,182,2.034,1.356,-5529926,"Control","Uninuclear"
"1150","C12",62,1723,180,0.959,0.639,-6777430,"Control","Uninuclear"
"1151","C12",63,1723,178,0.678,0.452,-6517843,"Control","Uninuclear"
"1152","C12",64,1723,180,0.678,0.452,-6846548,"Control","Uninuclear"
"1153","C12",65,1723,180,0,0,-6915164,"Control","Uninuclear"
"1154","C12",66,1723,180,0,0,-6840404,"Control","Uninuclear"
"1155","C12",67,1719,174,2.445,1.63,-6252879,"Control","Uninuclear"
"1156","C12",68,1723,167,2.733,1.822,-7107931,"Control","Uninuclear"
"1157","C12",69,1721,171,1.516,1.011,-7237724,"Control","Uninuclear"
"1158","C12",70,1725,178,2.733,1.822,-6449999,"Control","Uninuclear"
"1159","C12",71,1729,176,1.516,1.011,-7961957,"Control","Uninuclear"
"1160","C12",72,1738,184,4.082,2.721,-7755614,"Control","Uninuclear"
"1161","C12",73,1738,182,0.678,0.452,-6320713,"Control","Uninuclear"
"1162","C12",74,1740,178,1.516,1.011,-6780763,"Control","Uninuclear"
"1163","C12",75,1752,169,5.085,3.39,-7632990,"Control","Uninuclear"
"1164","C12",76,1759,171,2.468,1.645,-6775894,"Control","Uninuclear"
"1165","C12",77,1752,169,2.468,1.645,-6843217,"Control","Uninuclear"
"1166","C12",78,1752,169,0,0,-7106146,"Control","Uninuclear"
"1167","C12",79,1754,176,2.468,1.645,-8486772,"Control","Uninuclear"
"1168","C12",80,1752,171,1.826,1.217,-5922121,"Control","Uninuclear"
"1169","C12",81,1756,176,2.171,1.447,-9146004,"Control","Uninuclear"
"1170","C12",82,1754,174,0.959,0.639,-8615285,"Control","Uninuclear"
"1171","C12",83,1763,178,3.339,2.226,-7429984,"Control","Uninuclear"
"1172","C12",84,1754,176,3.125,2.084,-6904917,"Control","Uninuclear"
"1173","C12",85,1761,174,2.468,1.645,-8939887,"Control","Uninuclear"
"1174","C12",86,1756,176,1.826,1.217,-8284778,"Control","Uninuclear"
"1175","C12",87,1756,174,0.678,0.452,-7894624,"Control","Uninuclear"
"1176","C12",88,1759,174,1.017,0.678,-7502687,"Control","Uninuclear"
"1177","C12",89,1761,176,0.959,0.639,-6577486,"Control","Uninuclear"
"1178","C12",90,1765,178,1.516,1.011,-8351600,"Control","Uninuclear"
"1179","C12",91,1767,178,0.678,0.452,-9798279,"Control","Uninuclear"
"1180","C12",92,1769,176,0.959,0.639,-10129801,"Control","Uninuclear"
"1181","C12",93,1769,176,0,0,-11049627,"Control","Uninuclear"
"1182","C12",94,1769,176,0,0,-10396059,"Control","Uninuclear"
"1183","C12",95,1769,176,0,0,-11708833,"Control","Uninuclear"
"1184","C12",96,1769,176,0,0,-12369334,"Control","Uninuclear"
"1185","C12",97,1769,174,0.678,0.452,-13022136,"Control","Uninuclear"
"1186","C12",98,1769,176,0.678,0.452,-12300731,"Control","Uninuclear"
"1187","C12",99,1769,176,0,0,-11908273,"Control","Uninuclear"
"1188","C12",100,1769,176,0,0,-10987432,"Control","Uninuclear"
"1189","C13",2,937,645,1.918,1.278,-7436617,"Control","Uninuclear"
"1190","C13",3,933,652,2.733,1.822,-12104632,"Control","Uninuclear"
"1191","C13",4,930,645,2.582,1.721,-8153480,"Control","Uninuclear"
"1192","C13",5,928,647,0.959,0.639,-11713477,"Control","Uninuclear"
"1193","C13",6,924,647,1.356,0.904,-12635864,"Control","Uninuclear"
"1194","C13",7,935,643,3.968,2.645,-13093335,"Control","Uninuclear"
"1195","C13",8,935,645,0.678,0.452,-12505311,"Control","Uninuclear"
"1196","C13",9,928,643,2.468,1.645,-9337241,"Control","Uninuclear"
"1197","C13",10,928,639,1.356,0.904,-6251060,"Control","Uninuclear"
"1198","C13",11,928,641,0.678,0.452,-3750964,"Control","Uninuclear"
"1199","C13",12,930,639,0.959,0.639,-6579267,"Control","Uninuclear"
"1200","C13",13,930,637,0.678,0.452,-7237446,"Control","Uninuclear"
"1201","C13",14,933,637,1.017,0.678,-6382397,"Control","Uninuclear"
"1202","C13",15,933,637,0,0,-9394007,"Control","Uninuclear"
"1203","C13",16,933,637,0,0,-9390408,"Control","Uninuclear"
"1204","C13",17,933,637,0,0,-8869734,"Control","Uninuclear"
"1205","C13",18,933,637,0,0,-12487583,"Control","Uninuclear"
"1206","C13",19,933,639,0.678,0.452,-7169862,"Control","Uninuclear"
"1207","C13",20,933,639,0,0,-6386496,"Control","Uninuclear"
"1208","C13",21,933,637,0.678,0.452,-8679009,"Control","Uninuclear"
"1209","C13",22,933,637,0,0,-8356454,"Control","Uninuclear"
"1210","C13",23,937,641,1.918,1.278,-6316622,"Control","Uninuclear"
"1211","C13",24,937,643,0.678,0.452,-6919499,"Control","Uninuclear"
"1212","C13",25,937,643,0,0,-9070652,"Control","Uninuclear"
"1213","C13",26,926,643,3.729,2.486,-5333050,"Control","Uninuclear"
"1214","C13",27,924,647,1.516,1.011,-9931684,"Control","Uninuclear"
"1215","C13",28,922,645,0.959,0.639,-6383690,"Control","Uninuclear"
"1216","C13",29,924,643,0.959,0.639,-6582850,"Control","Uninuclear"
"1217","C13",30,926,645,0.959,0.639,-6452032,"Control","Uninuclear"
"1218","C13",31,926,645,0,0,-5270827,"Control","Uninuclear"
"1219","C13",32,933,641,2.733,1.822,-8162416,"Control","Uninuclear"
"1220","C13",33,935,643,0.959,0.639,-5597764,"Control","Uninuclear"
"1221","C13",34,933,641,0.959,0.639,-8030044,"Control","Uninuclear"
"1222","C13",35,935,643,0.959,0.639,-7833932,"Control","Uninuclear"
"1223","C13",36,935,641,0.678,0.452,-7307600,"Control","Uninuclear"
"1224","C13",37,933,639,0.959,0.639,-7436642,"Control","Uninuclear"
"1225","C13",38,933,639,0,0,-7308881,"Control","Uninuclear"
"1226","C13",39,933,641,0.678,0.452,-8225892,"Control","Uninuclear"
"1227","C13",40,933,641,0,0,-8088678,"Control","Uninuclear"
"1228","C13",41,935,639,0.959,0.639,-9659976,"Control","Uninuclear"
"1229","C13",42,926,641,3.125,2.084,-6976856,"Control","Uninuclear"
"1230","C13",43,924,645,1.516,1.011,-7833168,"Control","Uninuclear"
"1231","C13",44,924,645,0,0,-7966570,"Control","Uninuclear"
"1232","C13",45,924,645,0,0,-7635803,"Control","Uninuclear"
"1233","C13",46,924,645,0,0,-8223849,"Control","Uninuclear"
"1234","C13",47,924,647,0.678,0.452,-8290430,"Control","Uninuclear"
"1235","C13",48,926,645,0.959,0.639,-7832665,"Control","Uninuclear"
"1236","C13",49,926,645,0,0,-4873795,"Control","Uninuclear"
"1237","C13",50,924,647,0.959,0.639,-4873016,"Control","Uninuclear"
"1238","C13",51,924,647,0,0,-4611376,"Control","Uninuclear"
"1239","C13",52,924,647,0,0,-6777172,"Control","Uninuclear"
"1240","C13",53,924,645,0.678,0.452,-7044428,"Control","Uninuclear"
"1241","C13",54,922,643,0.959,0.639,-6717793,"Control","Uninuclear"
"1242","C13",55,922,643,0,0,-7174502,"Control","Uninuclear"
"1243","C13",56,922,643,0,0,-7835514,"Control","Uninuclear"
"1244","C13",57,922,643,0,0,-8487549,"Control","Uninuclear"
"1245","C13",58,924,643,0.678,0.452,-8025957,"Control","Uninuclear"
"1246","C13",59,926,645,0.959,0.639,-5727036,"Control","Uninuclear"
"1247","C13",60,920,647,2.144,1.429,-6385756,"Control","Uninuclear"
"1248","C13",61,930,647,3.39,2.26,-5797220,"Control","Uninuclear"
"1249","C13",62,930,649,0.678,0.452,-4216395,"Control","Uninuclear"
"1250","C13",63,924,647,2.144,1.429,-8097401,"Control","Uninuclear"
"1251","C13",64,930,643,2.445,1.63,-8681076,"Control","Uninuclear"
"1252","C13",65,939,635,4.082,2.721,-8623496,"Control","Uninuclear"
"1253","C13",66,933,641,2.877,1.918,-6519393,"Control","Uninuclear"
"1254","C13",67,935,641,0.678,0.452,-8682098,"Control","Uninuclear"
"1255","C13",68,935,633,2.712,1.808,-7502689,"Control","Uninuclear"
"1256","C13",69,935,633,0,0,-7701596,"Control","Uninuclear"
"1257","C13",70,935,635,0.678,0.452,-7763012,"Control","Uninuclear"
"1258","C13",71,933,635,0.678,0.452,-11312581,"Control","Uninuclear"
"1259","C13",72,933,633,0.678,0.452,-8414297,"Control","Uninuclear"
"1260","C13",73,933,635,0.678,0.452,-7762001,"Control","Uninuclear"
"1261","C13",74,933,637,0.678,0.452,-8489568,"Control","Uninuclear"
"1262","C13",75,933,637,0,0,-8159073,"Control","Uninuclear"
"1263","C13",76,933,633,1.356,0.904,-10056276,"Control","Uninuclear"
"1264","C13",77,935,637,1.516,1.011,-7833952,"Control","Uninuclear"
"1265","C13",78,935,637,0,0,-8422257,"Control","Uninuclear"
"1266","C13",79,935,639,0.678,0.452,-7895135,"Control","Uninuclear"
"1267","C13",80,930,645,2.648,1.765,-7437429,"Control","Uninuclear"
"1268","C13",81,930,647,0.678,0.452,-9078144,"Control","Uninuclear"
"1269","C13",82,933,647,1.017,0.678,-8494707,"Control","Uninuclear"
"1270","C13",83,933,647,0,0,-8489079,"Control","Uninuclear"
"1271","C13",84,935,649,0.959,0.639,-6385748,"Control","Uninuclear"
"1272","C13",85,930,647,1.826,1.217,-8165740,"Control","Uninuclear"
"1273","C13",86,930,649,0.678,0.452,-7767423,"Control","Uninuclear"
"1274","C13",87,922,649,2.712,1.808,-8552052,"Control","Uninuclear"
"1275","C13",88,924,645,1.516,1.011,-9669242,"Control","Uninuclear"
"1276","C13",89,924,649,1.356,0.904,-8162668,"Control","Uninuclear"
"1277","C13",90,926,647,0.959,0.639,-7242084,"Control","Uninuclear"
"1278","C13",91,928,643,1.516,1.011,-8752752,"Control","Uninuclear"
"1279","C13",92,939,639,3.968,2.645,-5929053,"Control","Uninuclear"
"1280","C13",93,939,641,0.678,0.452,-7440752,"Control","Uninuclear"
"1281","C13",94,926,641,4.407,2.938,-8686442,"Control","Uninuclear"
"1282","C13",95,926,641,0,0,-7174753,"Control","Uninuclear"
"1283","C13",96,924,641,0.678,0.452,-7106926,"Control","Uninuclear"
"1284","C13",97,928,643,1.516,1.011,-6323287,"Control","Uninuclear"
"1285","C13",98,930,641,0.959,0.639,-7904603,"Control","Uninuclear"
"1286","C13",99,930,645,1.356,0.904,-9009002,"Control","Uninuclear"
"1287","C13",100,924,643,2.144,1.429,-9277053,"Control","Uninuclear"
"1288","C14",2,1907,1018,0,0,-12362653,"Control","Uninuclear"
"1289","C14",3,1905,1018,0.678,0.452,-12688020,"Control","Uninuclear"
"1290","C14",4,1905,1018,0,0,-12358292,"Control","Uninuclear"
"1291","C14",5,1905,1018,0,0,-12885401,"Control","Uninuclear"
"1292","C14",6,1905,1018,0,0,-12425879,"Control","Uninuclear"
"1293","C14",7,1907,1012,2.144,1.429,-12232618,"Control","Uninuclear"
"1294","C14",8,1907,1012,0,0,-11771029,"Control","Uninuclear"
"1295","C14",9,1907,1012,0,0,-11112846,"Control","Uninuclear"
"1296","C14",10,1907,1012,0,0,-9862522,"Control","Uninuclear"
"1297","C14",11,1907,1012,0,0,-9799033,"Control","Uninuclear"
"1298","C14",12,1903,1014,1.516,1.011,-9798782,"Control","Uninuclear"
"1299","C14",13,1903,1014,0,0,-10196099,"Control","Uninuclear"
"1300","C14",14,1903,1014,0,0,-9275774,"Control","Uninuclear"
"1301","C14",15,1903,1016,0.678,0.452,-9994369,"Control","Uninuclear"
"1302","C14",16,1901,1018,0.959,0.639,-9928065,"Control","Uninuclear"
"1303","C14",17,1901,1018,0,0,-10322051,"Control","Uninuclear"
"1304","C14",18,1901,1016,0.678,0.452,-9995899,"Control","Uninuclear"
"1305","C14",19,1897,1018,1.516,1.011,-9863032,"Control","Uninuclear"
"1306","C14",20,1897,1018,0,0,-9734267,"Control","Uninuclear"
"1307","C14",21,1897,1018,0,0,-10913667,"Control","Uninuclear"
"1308","C14",22,1897,1018,0,0,-9469547,"Control","Uninuclear"
"1309","C14",23,1897,1018,0,0,-9598312,"Control","Uninuclear"
"1310","C14",24,1897,1018,0,0,-9468528,"Control","Uninuclear"
"1311","C14",25,1897,1018,0,0,-8811868,"Control","Uninuclear"
"1312","C14",26,1897,1018,0,0,-9071198,"Control","Uninuclear"
"1313","C14",27,1897,1018,0,0,-9336940,"Control","Uninuclear"
"1314","C14",28,1897,1018,0,0,-8486492,"Control","Uninuclear"
"1315","C14",29,1897,1018,0,0,-9404011,"Control","Uninuclear"
"1316","C14",30,1897,1018,0,0,-8488042,"Control","Uninuclear"
"1317","C14",31,1899,1018,0.678,0.452,-9271146,"Control","Uninuclear"
"1318","C14",32,1899,1018,0,0,-9208439,"Control","Uninuclear"
"1319","C14",33,1899,1018,0,0,-9666407,"Control","Uninuclear"
"1320","C14",34,1899,1018,0,0,-9341550,"Control","Uninuclear"
"1321","C14",35,1899,1018,0,0,-9732725,"Control","Uninuclear"
"1322","C14",36,1899,1018,0,0,-9472617,"Control","Uninuclear"
"1323","C14",37,1899,1018,0,0,-8815985,"Control","Uninuclear"
"1324","C14",38,1901,1021,1.222,0.815,-9077105,"Control","Uninuclear"
"1325","C14",39,1901,1021,0,0,-8875373,"Control","Uninuclear"
"1326","C14",40,1901,1021,0,0,-9534839,"Control","Uninuclear"
"1327","C14",41,1901,1018,1.017,0.678,-9738368,"Control","Uninuclear"
"1328","C14",42,1903,1018,0.678,0.452,-9731436,"Control","Uninuclear"
"1329","C14",43,1905,1018,0.678,0.452,-9731440,"Control","Uninuclear"
"1330","C14",44,1905,1018,0,0,-9536362,"Control","Uninuclear"
"1331","C14",45,1905,1018,0,0,-10191736,"Control","Uninuclear"
"1332","C14",46,1905,1018,0,0,-9865841,"Control","Uninuclear"
"1333","C14",47,1905,1018,0,0,-10586755,"Control","Uninuclear"
"1334","C14",48,1903,1018,0.678,0.452,-8222819,"Control","Uninuclear"
"1335","C14",49,1903,1018,0,0,-9337215,"Control","Uninuclear"
"1336","C14",50,1903,1018,0,0,-9992051,"Control","Uninuclear"
"1337","C14",51,1903,1018,0,0,-9927544,"Control","Uninuclear"
"1338","C14",52,1903,1018,0,0,-9797744,"Control","Uninuclear"
"1339","C14",53,1903,1018,0,0,-9993320,"Control","Uninuclear"
"1340","C14",54,1903,1018,0,0,-10585740,"Control","Uninuclear"
"1341","C14",55,1903,1018,0,0,-10717310,"Control","Uninuclear"
"1342","C14",56,1903,1018,0,0,-9667193,"Control","Uninuclear"
"1343","C14",57,1903,1018,0,0,-9340012,"Control","Uninuclear"
"1344","C14",58,1903,1018,0,0,-9796988,"Control","Uninuclear"
"1345","C14",59,1903,1018,0,0,-9995390,"Control","Uninuclear"
"1346","C14",60,1903,1018,0,0,-9468777,"Control","Uninuclear"
"1347","C14",61,1905,1018,0.678,0.452,-9534057,"Control","Uninuclear"
"1348","C14",62,1905,1021,1.017,0.678,-10586244,"Control","Uninuclear"
"1349","C14",63,1910,1018,1.977,1.318,-10396811,"Control","Uninuclear"
"1350","C14",64,1907,1016,1.222,0.815,-9869705,"Control","Uninuclear"
"1351","C14",65,1907,1016,0,0,-9869962,"Control","Uninuclear"
"1352","C14",66,1907,1016,0,0,-9345930,"Control","Uninuclear"
"1353","C14",67,1907,1016,0,0,-9738370,"Control","Uninuclear"
"1354","C14",68,1907,1016,0,0,-9407865,"Control","Uninuclear"
"1355","C14",69,1907,1014,0.678,0.452,-9997692,"Control","Uninuclear"
"1356","C14",70,1907,1014,0,0,-10785156,"Control","Uninuclear"
"1357","C14",71,1907,1014,0,0,-10651517,"Control","Uninuclear"
"1358","C14",72,1907,1014,0,0,-11047047,"Control","Uninuclear"
"1359","C14",73,1907,1014,0,0,-10716037,"Control","Uninuclear"
"1360","C14",74,1907,1014,0,0,-10782335,"Control","Uninuclear"
"1361","C14",75,1907,1016,0.678,0.452,-10256258,"Control","Uninuclear"
"1362","C14",76,1905,1016,0.678,0.452,-10849141,"Control","Uninuclear"
"1363","C14",77,1905,1016,0,0,-10392700,"Control","Uninuclear"
"1364","C14",78,1905,1016,0,0,-10324854,"Control","Uninuclear"
"1365","C14",79,1905,1016,0,0,-9735272,"Control","Uninuclear"
"1366","C14",80,1905,1016,0,0,-9010018,"Control","Uninuclear"
"1367","C14",81,1905,1016,0,0,-9271898,"Control","Uninuclear"
"1368","C14",82,1905,1016,0,0,-9542005,"Control","Uninuclear"
"1369","C14",83,1905,1016,0,0,-9278320,"Control","Uninuclear"
"1370","C14",84,1905,1016,0,0,-9213554,"Control","Uninuclear"
"1371","C14",85,1905,1016,0,0,-9539172,"Control","Uninuclear"
"1372","C14",86,1905,1016,0,0,-9143914,"Control","Uninuclear"
"1373","C14",87,1905,1016,0,0,-8945004,"Control","Uninuclear"
"1374","C14",88,1905,1016,0,0,-9276529,"Control","Uninuclear"
"1375","C14",89,1905,1016,0,0,-8549734,"Control","Uninuclear"
"1376","C14",90,1905,1016,0,0,-9340528,"Control","Uninuclear"
"1377","C14",91,1905,1016,0,0,-8744802,"Control","Uninuclear"
"1378","C14",92,1905,1016,0,0,-8745840,"Control","Uninuclear"
"1379","C14",93,1905,1016,0,0,-8284778,"Control","Uninuclear"
"1380","C14",94,1905,1016,0,0,-8812931,"Control","Uninuclear"
"1381","C14",95,1907,1014,0.959,0.639,-8483446,"Control","Uninuclear"
"1382","C14",96,1907,1014,0,0,-10059133,"Control","Uninuclear"
"1383","C14",97,1907,1014,0,0,-9005932,"Control","Uninuclear"
"1384","C14",98,1907,1014,0,0,-10193288,"Control","Uninuclear"
"1385","C14",99,1907,1014,0,0,-9601403,"Control","Uninuclear"
"1386","C14",100,1907,1014,0,0,-9863535,"Control","Uninuclear"
"1387","C15",2,2094,1320,0.678,0.452,-8292464,"Control","Uninuclear"
"1388","C15",3,2094,1322,0.678,0.452,-8097645,"Control","Uninuclear"
"1389","C15",4,2094,1322,0,0,-6716502,"Control","Uninuclear"
"1390","C15",5,2094,1322,0,0,-5660992,"Control","Uninuclear"
"1391","C15",6,2092,1318,1.516,1.011,-5997106,"Control","Uninuclear"
"1392","C15",7,2092,1318,0,0,-6383450,"Control","Uninuclear"
"1393","C15",8,2092,1318,0,0,-5726011,"Control","Uninuclear"
"1394","C15",9,2092,1316,0.678,0.452,-5080104,"Control","Uninuclear"
"1395","C15",10,2092,1316,0,0,-8351084,"Control","Uninuclear"
"1396","C15",11,2088,1318,1.516,1.011,-5079846,"Control","Uninuclear"
"1397","C15",12,2088,1316,0.678,0.452,-4945456,"Control","Uninuclear"
"1398","C15",13,2086,1318,0.959,0.639,-4948258,"Control","Uninuclear"
"1399","C15",14,2086,1318,0,0,-5469232,"Control","Uninuclear"
"1400","C15",15,2086,1318,0,0,-5669679,"Control","Uninuclear"
"1401","C15",16,2086,1318,0,0,-5928265,"Control","Uninuclear"
"1402","C15",17,2088,1322,1.516,1.011,-4747564,"Control","Uninuclear"
"1403","C15",18,2088,1322,0,0,-5927491,"Control","Uninuclear"
"1404","C15",19,2088,1322,0,0,-5998136,"Control","Uninuclear"
"1405","C15",20,2088,1322,0,0,-5535793,"Control","Uninuclear"
"1406","C15",21,2088,1322,0,0,-5406761,"Control","Uninuclear"
"1407","C15",22,2088,1322,0,0,-5402927,"Control","Uninuclear"
"1408","C15",23,2088,1322,0,0,-6191160,"Control","Uninuclear"
"1409","C15",24,2088,1322,0,0,-7702097,"Control","Uninuclear"
"1410","C15",25,2090,1320,0.959,0.639,-6844239,"Control","Uninuclear"
"1411","C15",26,2090,1320,0,0,-7238234,"Control","Uninuclear"
"1412","C15",27,2090,1320,0,0,-7962722,"Control","Uninuclear"
"1413","C15",28,2090,1320,0,0,-8092262,"Control","Uninuclear"
"1414","C15",29,2090,1320,0,0,-8227698,"Control","Uninuclear"
"1415","C15",30,2090,1320,0,0,-7894884,"Control","Uninuclear"
"1416","C15",31,2090,1320,0,0,-8487549,"Control","Uninuclear"
"1417","C15",32,2090,1320,0,0,-9934209,"Control","Uninuclear"
"1418","C15",33,2090,1320,0,0,-9865344,"Control","Uninuclear"
"1419","C15",34,2090,1320,0,0,-9541248,"Control","Uninuclear"
"1420","C15",35,2090,1320,0,0,-8488038,"Control","Uninuclear"
"1421","C15",36,2090,1320,0,0,-8488312,"Control","Uninuclear"
"1422","C15",37,2090,1322,0.678,0.452,-9013614,"Control","Uninuclear"
"1423","C15",38,2088,1322,0.678,0.452,-9275499,"Control","Uninuclear"
"1424","C15",39,2088,1322,0,0,-10324361,"Control","Uninuclear"
"1425","C15",40,2088,1320,0.678,0.452,-8881519,"Control","Uninuclear"
"1426","C15",41,2090,1320,0.678,0.452,-10128512,"Control","Uninuclear"
"1427","C15",42,2090,1320,0,0,-9535346,"Control","Uninuclear"
"1428","C15",43,2090,1320,0,0,-10587785,"Control","Uninuclear"
"1429","C15",44,2090,1320,0,0,-8946031,"Control","Uninuclear"
"1430","C15",45,2090,1320,0,0,-9672825,"Control","Uninuclear"
"1431","C15",46,2088,1320,0.678,0.452,-9539459,"Control","Uninuclear"
"1432","C15",47,2088,1320,0,0,-8880752,"Control","Uninuclear"
"1433","C15",48,2088,1318,0.678,0.452,-8945519,"Control","Uninuclear"
"1434","C15",49,2088,1316,0.678,0.452,-8883057,"Control","Uninuclear"
"1435","C15",50,2088,1316,0,0,-7506019,"Control","Uninuclear"
"1436","C15",51,2088,1320,1.356,0.904,-8491622,"Control","Uninuclear"
"1437","C15",52,2088,1320,0,0,-7436126,"Control","Uninuclear"
"1438","C15",53,2088,1320,0,0,-8747888,"Control","Uninuclear"
"1439","C15",54,2088,1320,0,0,-8819587,"Control","Uninuclear"
"1440","C15",55,2088,1320,0,0,-9148549,"Control","Uninuclear"
"1441","C15",56,2088,1320,0,0,-9736334,"Control","Uninuclear"
"1442","C15",57,2088,1322,0.678,0.452,-10062472,"Control","Uninuclear"
"1443","C15",58,2088,1322,0,0,-8156552,"Control","Uninuclear"
"1444","C15",59,2090,1318,1.516,1.011,-8422245,"Control","Uninuclear"
"1445","C15",60,2092,1318,0.678,0.452,-7896424,"Control","Uninuclear"
"1446","C15",61,2092,1318,0,0,-8425591,"Control","Uninuclear"
"1447","C15",62,2092,1320,0.678,0.452,-6192700,"Control","Uninuclear"
"1448","C15",63,2092,1318,0.678,0.452,-8026735,"Control","Uninuclear"
"1449","C15",64,2092,1318,0,0,-6975070,"Control","Uninuclear"
"1450","C15",65,2092,1318,0,0,-7965305,"Control","Uninuclear"
"1451","C15",66,2092,1316,0.678,0.452,-7895654,"Control","Uninuclear"
"1452","C15",67,2092,1316,0,0,-7632743,"Control","Uninuclear"
"1453","C15",68,2092,1316,0,0,-8812136,"Control","Uninuclear"
"1454","C15",69,2092,1316,0,0,-8615774,"Control","Uninuclear"
"1455","C15",70,2092,1318,0.678,0.452,-8222570,"Control","Uninuclear"
"1456","C15",71,2092,1318,0,0,-8224627,"Control","Uninuclear"
"1457","C15",72,2092,1318,0,0,-9342068,"Control","Uninuclear"
"1458","C15",73,2092,1316,0.678,0.452,-8356456,"Control","Uninuclear"
"1459","C15",74,2092,1316,0,0,-8221798,"Control","Uninuclear"
"1460","C15",75,2090,1318,0.959,0.639,-8615260,"Control","Uninuclear"
"1461","C15",76,2090,1320,0.678,0.452,-8028261,"Control","Uninuclear"
"1462","C15",77,2090,1318,0.678,0.452,-9404015,"Control","Uninuclear"
"1463","C15",78,2090,1318,0,0,-8552289,"Control","Uninuclear"
"1464","C15",79,2090,1318,0,0,-8882295,"Control","Uninuclear"
"1465","C15",80,2088,1318,0.678,0.452,-8487274,"Control","Uninuclear"
"1466","C15",81,2088,1318,0,0,-8493153,"Control","Uninuclear"
"1467","C15",82,2088,1318,0,0,-8686191,"Control","Uninuclear"
"1468","C15",83,2088,1318,0,0,-7702873,"Control","Uninuclear"
"1469","C15",84,2088,1318,0,0,-7244877,"Control","Uninuclear"
"1470","C15",85,2088,1318,0,0,-8427611,"Control","Uninuclear"
"1471","C15",86,2086,1318,0.678,0.452,-7243339,"Control","Uninuclear"
"1472","C15",87,2086,1318,0,0,-7964517,"Control","Uninuclear"
"1473","C15",88,2086,1318,0,0,-7307087,"Control","Uninuclear"
"1474","C15",89,2088,1318,0.678,0.452,-7440977,"Control","Uninuclear"
"1475","C15",90,2090,1318,0.678,0.452,-6914386,"Control","Uninuclear"
"1476","C15",91,2090,1318,0,0,-7898723,"Control","Uninuclear"
"1477","C15",92,2090,1320,0.678,0.452,-7508077,"Control","Uninuclear"
"1478","C15",93,2090,1320,0,0,-6916702,"Control","Uninuclear"
"1479","C15",94,2090,1322,0.678,0.452,-5467714,"Control","Uninuclear"
"1480","C15",95,2094,1316,2.445,1.63,-5798991,"Control","Uninuclear"
"1481","C15",96,2094,1316,0,0,-7312729,"Control","Uninuclear"
"1482","C15",97,2092,1318,0.959,0.639,-5144139,"Control","Uninuclear"
"1483","C15",98,2092,1316,0.678,0.452,-6195265,"Control","Uninuclear"
"1484","C15",99,2088,1316,1.356,0.904,-7248203,"Control","Uninuclear"
"1485","C15",100,2088,1316,0,0,-6656063,"Control","Uninuclear"
"1486","C16",2,496,366,0.678,0.452,-7642532,"Control","Uninuclear"
"1487","C16",3,496,371,1.695,1.13,-14267567,"Control","Uninuclear"
"1488","C16",4,496,371,0,0,-8027533,"Control","Uninuclear"
"1489","C16",5,494,373,0.959,0.639,-13948861,"Control","Uninuclear"
"1490","C16",6,482,377,4.288,2.859,-4276795,"Control","Uninuclear"
"1491","C16",7,480,383,2.144,1.429,-11585472,"Control","Uninuclear"
"1492","C16",8,471,377,3.667,2.445,-12834990,"Control","Uninuclear"
"1493","C16",9,471,383,2.034,1.356,-11125938,"Control","Uninuclear"
"1494","C16",10,471,383,0,0,-9350568,"Control","Uninuclear"
"1495","C16",11,469,383,0.678,0.452,-11328193,"Control","Uninuclear"
"1496","C16",12,469,383,0,0,-14514538,"Control","Uninuclear"
"1497","C16",13,454,381,5.13,3.42,-11055040,"Control","Uninuclear"
"1498","C16",14,454,381,0,0,-11428715,"Control","Uninuclear"
"1499","C16",15,450,381,1.356,0.904,-10917276,"Control","Uninuclear"
"1500","C16",16,448,387,2.144,1.429,-10988695,"Control","Uninuclear"
"1501","C16",17,440,392,3.198,2.132,-11439734,"Control","Uninuclear"
"1502","C16",18,438,389,1.222,0.815,-11715015,"Control","Uninuclear"
"1503","C16",19,438,389,0,0,-11900046,"Control","Uninuclear"
"1504","C16",20,438,389,0,0,-14134965,"Control","Uninuclear"
"1505","C16",21,438,383,2.034,1.356,-14142396,"Control","Uninuclear"
"1506","C16",22,438,389,2.034,1.356,-10986642,"Control","Uninuclear"
"1507","C16",23,434,396,2.733,1.822,-11060406,"Control","Uninuclear"
"1508","C16",24,434,396,0,0,-10466993,"Control","Uninuclear"
"1509","C16",25,431,398,1.222,0.815,-9547160,"Control","Uninuclear"
"1510","C16",26,431,400,0.678,0.452,-8692888,"Control","Uninuclear"
"1511","C16",27,431,396,1.356,0.904,-9020297,"Control","Uninuclear"
"1512","C16",28,431,396,0,0,-11577510,"Control","Uninuclear"
"1513","C16",29,431,396,0,0,-10466468,"Control","Uninuclear"
"1514","C16",30,431,396,0,0,-11059108,"Control","Uninuclear"
"1515","C16",31,431,396,0,0,-8745572,"Control","Uninuclear"
"1516","C16",32,431,394,0.678,0.452,-13751490,"Control","Uninuclear"
"1517","C16",33,431,389,1.695,1.13,-9741448,"Control","Uninuclear"
"1518","C16",34,431,385,1.356,0.904,-7614787,"Control","Uninuclear"
"1519","C16",35,417,398,6.477,4.318,-11776946,"Control","Uninuclear"
"1520","C16",36,415,400,0.959,0.639,-9664375,"Control","Uninuclear"
"1521","C16",37,394,400,7.119,4.746,-12369298,"Control","Uninuclear"
"1522","C16",38,385,400,3.051,2.034,-13227438,"Control","Uninuclear"
"1523","C16",39,371,404,4.936,3.291,-13805739,"Control","Uninuclear"
"1524","C16",40,366,396,3.198,2.132,-12703440,"Control","Uninuclear"
"1525","C16",41,356,389,4.138,2.759,-13483968,"Control","Uninuclear"
"1526","C16",42,343,387,4.459,2.973,-11647670,"Control","Uninuclear"
"1527","C16",43,337,392,2.648,1.765,-12501164,"Control","Uninuclear"
"1528","C16",44,327,394,3.457,2.305,-12895401,"Control","Uninuclear"
"1529","C16",45,327,394,0,0,-14408907,"Control","Uninuclear"
"1530","C16",46,329,394,0.678,0.452,-12883360,"Control","Uninuclear"
"1531","C16",47,329,392,0.678,0.452,-12951435,"Control","Uninuclear"
"1532","C16",48,331,387,1.826,1.217,-8677504,"Control","Uninuclear"
"1533","C16",49,331,389,0.678,0.452,-12697511,"Control","Uninuclear"
"1534","C16",50,308,392,7.863,5.242,-4466227,"Control","Uninuclear"
"1535","C16",51,295,389,4.523,3.015,-9942452,"Control","Uninuclear"
"1536","C16",52,287,396,3.604,2.402,-12562353,"Control","Uninuclear"
"1537","C16",53,264,392,7.914,5.276,-10400398,"Control","Uninuclear"
"1538","C16",54,264,389,1.017,0.678,-13167051,"Control","Uninuclear"
"1539","C16",55,253,387,3.79,2.527,-12493737,"Control","Uninuclear"
"1540","C16",56,245,377,4.341,2.894,-10997434,"Control","Uninuclear"
"1541","C16",57,245,377,0,0,-6047279,"Control","Uninuclear"
"1542","C16",58,241,379,1.516,1.011,-13483965,"Control","Uninuclear"
"1543","C16",59,241,379,0,0,-16100257,"Control","Uninuclear"
"1544","C16",60,220,381,7.151,4.767,-5538407,"Control","Uninuclear"
"1545","C16",61,218,379,0.959,0.639,-6067050,"Control","Uninuclear"
"1546","C16",62,218,379,0,0,-6566730,"Control","Uninuclear"
"1547","C16",63,218,375,1.356,0.904,-7819627,"Control","Uninuclear"
"1548","C16",64,218,371,1.356,0.904,-11377813,"Control","Uninuclear"
"1549","C16",65,228,364,4.138,2.759,-6570587,"Control","Uninuclear"
"1550","C16",66,213,360,5.263,3.508,-10787995,"Control","Uninuclear"
"1551","C16",68,215,354,2.144,1.429,-9668009,"Control","Uninuclear"
"1552","C16",69,224,350,3.339,2.226,-3672350,"Control","Uninuclear"
"1553","C16",70,218,350,2.034,1.356,-14003639,"Control","Uninuclear"
"1554","C16",71,205,341,5.36,3.573,-10726318,"Control","Uninuclear"
"1555","C16",72,194,335,4.248,2.832,-11127989,"Control","Uninuclear"
"1556","C16",73,194,335,0,0,-14130086,"Control","Uninuclear"
"1557","C16",74,176,337,6.14,4.093,-10012799,"Control","Uninuclear"
"1558","C16",75,165,333,3.968,2.645,-8559734,"Control","Uninuclear"
"1559","C16",76,165,331,0.678,0.452,-8809079,"Control","Uninuclear"
"1560","C16",77,148,320,6.864,4.576,-11974828,"Control","Uninuclear"
"1561","C16",78,140,324,3.032,2.021,-12103846,"Control","Uninuclear"
"1562","C16",79,127,327,4.523,3.015,-13295545,"Control","Uninuclear"
"1563","C16",80,102,327,8.475,5.65,-9086821,"Control","Uninuclear"
"1564","C16",81,102,333,2.034,1.356,-9922388,"Control","Uninuclear"
"1565","C16",82,100,331,0.959,0.639,-11712182,"Control","Uninuclear"
"1566","C16",83,94,337,2.877,1.918,-11908526,"Control","Uninuclear"
"1567","C16",84,81,329,5.175,3.45,-12236195,"Control","Uninuclear"
"1568","C16",85,73,331,2.795,1.864,-11579056,"Control","Uninuclear"
"1569","C16",86,71,322,3.125,2.084,-11711658,"Control","Uninuclear"
"1570","C16",87,64,318,2.733,1.822,-8420439,"Control","Uninuclear"
"1571","C16",88,58,318,2.034,1.356,-13221312,"Control","Uninuclear"
"1572","C16",89,56,318,0.678,0.452,-10384261,"Control","Uninuclear"
"1573","C16",90,50,318,2.034,1.356,-4861733,"Control","Uninuclear"
"1574","C16",91,44,318,2.034,1.356,-10782104,"Control","Uninuclear"
"1575","C16",92,33,320,3.79,2.527,-12625060,"Control","Uninuclear"
"1576","C16",93,25,320,2.712,1.808,-9586776,"Control","Uninuclear"
"1577","C16",94,18,318,2.468,1.645,-13674137,"Control","Uninuclear"
"1578","C16",95,12,312,2.877,1.918,-15454123,"Control","Uninuclear"
"1579","C16",96,8,316,1.918,1.278,-12426428,"Control","Uninuclear"
"1580","C16",97,8,322,2.034,1.356,-9074805,"Control","Uninuclear"
"1581","C16",98,6,322,0.678,0.452,-9930367,"Control","Uninuclear"
"1582","C16",99,6,322,0,0,-9537157,"Control","Uninuclear"
"1583","C17",2,1691,406,1.356,0.904,-7300949,"Control","Uninuclear"
"1584","C17",3,1691,410,1.356,0.904,-7634275,"Control","Uninuclear"
"1585","C17",4,1691,410,0,0,-7304287,"Control","Uninuclear"
"1586","C17",5,1691,410,0,0,-7698526,"Control","Uninuclear"
"1587","C17",6,1691,410,0,0,-6976343,"Control","Uninuclear"
"1588","C17",7,1691,410,0,0,-7500377,"Control","Uninuclear"
"1589","C17",8,1691,410,0,0,-7763547,"Control","Uninuclear"
"1590","C17",9,1696,408,1.826,1.217,-6715992,"Control","Uninuclear"
"1591","C17",10,1694,408,0.678,0.452,-7040863,"Control","Uninuclear"
"1592","C17",11,1689,408,1.695,1.13,-8222822,"Control","Uninuclear"
"1593","C17",12,1689,408,0,0,-7697504,"Control","Uninuclear"
"1594","C17",13,1689,408,0,0,-7566946,"Control","Uninuclear"
"1595","C17",14,1689,408,0,0,-7828079,"Control","Uninuclear"
"1596","C17",15,1689,408,0,0,-7631463,"Control","Uninuclear"
"1597","C17",16,1689,410,0.678,0.452,-7960427,"Control","Uninuclear"
"1598","C17",17,1694,410,1.695,1.13,-8027501,"Control","Uninuclear"
"1599","C17",18,1694,410,0,0,-7698274,"Control","Uninuclear"
"1600","C17",19,1694,410,0,0,-8485993,"Control","Uninuclear"
"1601","C17",20,1694,410,0,0,-7896667,"Control","Uninuclear"
"1602","C17",21,1694,410,0,0,-8025694,"Control","Uninuclear"
"1603","C17",22,1694,408,0.678,0.452,-7369068,"Control","Uninuclear"
"1604","C17",23,1694,408,0,0,-7039325,"Control","Uninuclear"
"1605","C17",24,1694,408,0,0,-7762518,"Control","Uninuclear"
"1606","C17",25,1694,408,0,0,-7763300,"Control","Uninuclear"
"1607","C17",26,1694,408,0,0,-7829090,"Control","Uninuclear"
"1608","C17",27,1694,408,0,0,-7893084,"Control","Uninuclear"
"1609","C17",28,1694,408,0,0,-7762522,"Control","Uninuclear"
"1610","C17",29,1694,408,0,0,-8417380,"Control","Uninuclear"
"1611","C17",30,1691,408,1.017,0.678,-7564638,"Control","Uninuclear"
"1612","C17",31,1691,408,0,0,-7565669,"Control","Uninuclear"
"1613","C17",32,1691,408,0,0,-7368282,"Control","Uninuclear"
"1614","C17",33,1691,408,0,0,-7955554,"Control","Uninuclear"
"1615","C17",34,1694,408,1.017,0.678,-8283747,"Control","Uninuclear"
"1616","C17",35,1694,408,0,0,-8612965,"Control","Uninuclear"
"1617","C17",36,1694,408,0,0,-8350561,"Control","Uninuclear"
"1618","C17",37,1694,408,0,0,-7893595,"Control","Uninuclear"
"1619","C17",38,1694,408,0,0,-9209193,"Control","Uninuclear"
"1620","C17",39,1694,408,0,0,-9470560,"Control","Uninuclear"
"1621","C17",40,1694,408,0,0,-9204574,"Control","Uninuclear"
"1622","C17",41,1694,406,0.678,0.452,-8944741,"Control","Uninuclear"
"1623","C17",42,1694,404,0.678,0.452,-8482921,"Control","Uninuclear"
"1624","C17",43,1694,404,0,0,-7763816,"Control","Uninuclear"
"1625","C17",44,1691,406,1.222,0.815,-9008742,"Control","Uninuclear"
"1626","C17",45,1691,406,0,0,-8548455,"Control","Uninuclear"
"1627","C17",46,1689,406,0.678,0.452,-8416869,"Control","Uninuclear"
"1628","C17",47,1689,406,0,0,-7693395,"Control","Uninuclear"
"1629","C17",48,1689,406,0,0,-8676187,"Control","Uninuclear"
"1630","C17",49,1689,406,0,0,-8808804,"Control","Uninuclear"
"1631","C17",50,1689,406,0,0,-8614521,"Control","Uninuclear"
"1632","C17",51,1691,408,0.959,0.639,-8152666,"Control","Uninuclear"
"1633","C17",52,1691,408,0,0,-8548441,"Control","Uninuclear"
"1634","C17",53,1691,408,0,0,-9466473,"Control","Uninuclear"
"1635","C17",54,1691,408,0,0,-8155237,"Control","Uninuclear"
"1636","C17",55,1691,408,0,0,-7629142,"Control","Uninuclear"
"1637","C17",56,1691,408,0,0,-8483422,"Control","Uninuclear"
"1638","C17",57,1691,408,0,0,-8089691,"Control","Uninuclear"
"1639","C17",58,1691,408,0,0,-8614508,"Control","Uninuclear"
"1640","C17",59,1691,408,0,0,-8746345,"Control","Uninuclear"
"1641","C17",60,1691,408,0,0,-8420717,"Control","Uninuclear"
"1642","C17",61,1691,406,0.678,0.452,-8679777,"Control","Uninuclear"
"1643","C17",62,1691,406,0,0,-8745580,"Control","Uninuclear"
"1644","C17",63,1691,406,0,0,-8286308,"Control","Uninuclear"
"1645","C17",64,1694,408,1.222,0.815,-8683620,"Control","Uninuclear"
"1646","C17",65,1694,408,0,0,-8418156,"Control","Uninuclear"
"1647","C17",66,1694,408,0,0,-8355938,"Control","Uninuclear"
"1648","C17",67,1694,408,0,0,-8222819,"Control","Uninuclear"
"1649","C17",68,1694,408,0,0,-8290663,"Control","Uninuclear"
"1650","C17",69,1696,406,0.959,0.639,-6124357,"Control","Uninuclear"
"1651","C17",70,1691,406,1.695,1.13,-8218962,"Control","Uninuclear"
"1652","C17",71,1698,406,2.373,1.582,-6124116,"Control","Uninuclear"
"1653","C17",72,1696,408,0.959,0.639,-6063166,"Control","Uninuclear"
"1654","C17",73,1696,406,0.678,0.452,-6387529,"Control","Uninuclear"
"1655","C17",74,1694,406,0.678,0.452,-6779467,"Control","Uninuclear"
"1656","C17",75,1694,406,0,0,-7240024,"Control","Uninuclear"
"1657","C17",76,1694,406,0,0,-6711126,"Control","Uninuclear"
"1658","C17",77,1691,406,1.017,0.678,-7828831,"Control","Uninuclear"
"1659","C17",78,1691,406,0,0,-6646862,"Control","Uninuclear"
"1660","C17",79,1689,408,0.959,0.639,-7434835,"Control","Uninuclear"
"1661","C17",80,1689,408,0,0,-8288864,"Control","Uninuclear"
"1662","C17",81,1689,408,0,0,-8488543,"Control","Uninuclear"
"1663","C17",82,1691,406,0.959,0.639,-8222301,"Control","Uninuclear"
"1664","C17",83,1691,406,0,0,-8679009,"Control","Uninuclear"
"1665","C17",84,1694,406,1.017,0.678,-8487539,"Control","Uninuclear"
"1666","C17",85,1694,406,0,0,-7370070,"Control","Uninuclear"
"1667","C17",86,1691,406,1.017,0.678,-8022360,"Control","Uninuclear"
"1668","C17",87,1691,408,0.678,0.452,-8548194,"Control","Uninuclear"
"1669","C17",88,1691,408,0,0,-8218728,"Control","Uninuclear"
"1670","C17",89,1691,408,0,0,-8614757,"Control","Uninuclear"
"1671","C17",90,1691,408,0,0,-8546659,"Control","Uninuclear"
"1672","C17",91,1691,408,0,0,-7761506,"Control","Uninuclear"
"1673","C17",92,1691,408,0,0,-7631460,"Control","Uninuclear"
"1674","C17",93,1691,408,0,0,-7895651,"Control","Uninuclear"
"1675","C17",94,1691,406,0.678,0.452,-7698526,"Control","Uninuclear"
"1676","C17",95,1691,406,0,0,-8289382,"Control","Uninuclear"
"1677","C17",96,1694,404,1.222,0.815,-7041895,"Control","Uninuclear"
"1678","C17",97,1694,406,0.678,0.452,-6979926,"Control","Uninuclear"
"1679","C17",98,1694,406,0,0,-7371360,"Control","Uninuclear"
"1680","C17",99,1694,404,0.678,0.452,-7175274,"Control","Uninuclear"
"1681","C17",100,1691,406,1.222,0.815,-7304286,"Control","Uninuclear"
"1682","C18",2,1505,1333,5.803,3.868,-5010476,"Control","Uninuclear"
"1683","C18",3,1492,1348,6.729,4.486,-7031615,"Control","Uninuclear"
"1684","C18",4,1490,1335,4.459,2.973,-9343359,"Control","Uninuclear"
"1685","C18",5,1494,1335,1.356,0.904,-8814697,"Control","Uninuclear"
"1686","C18",6,1488,1327,3.39,2.26,-10195574,"Control","Uninuclear"
"1687","C18",7,1482,1327,2.034,1.356,-9928572,"Control","Uninuclear"
"1688","C18",8,1476,1310,6.111,4.074,-9081203,"Control","Uninuclear"
"1689","C18",9,1471,1304,2.648,1.765,-11047047,"Control","Uninuclear"
"1690","C18",10,1461,1306,3.457,2.305,-9933958,"Control","Uninuclear"
"1691","C18",11,1465,1304,1.516,1.011,-9345430,"Control","Uninuclear"
"1692","C18",12,1465,1299,1.695,1.13,-9805694,"Control","Uninuclear"
"1693","C18",13,1465,1299,0,0,-8235355,"Control","Uninuclear"
"1694","C18",14,1459,1289,3.953,2.636,-7247953,"Control","Uninuclear"
"1695","C18",15,1457,1283,2.144,1.429,-5986109,"Control","Uninuclear"
"1696","C18",16,1446,1276,4.42,2.947,-11049090,"Control","Uninuclear"
"1697","C18",17,1442,1272,1.918,1.278,-8561519,"Control","Uninuclear"
"1698","C18",18,1444,1272,0.678,0.452,-9869200,"Control","Uninuclear"
"1699","C18",19,1444,1272,0,0,-9217915,"Control","Uninuclear"
"1700","C18",20,1442,1270,0.959,0.639,-5994088,"Control","Uninuclear"
"1701","C18",21,1440,1268,0.959,0.639,-6128226,"Control","Uninuclear"
"1702","C18",22,1440,1270,0.678,0.452,-9144691,"Control","Uninuclear"
"1703","C18",23,1427,1285,6.729,4.486,-8953205,"Control","Uninuclear"
"1704","C18",24,1434,1287,2.468,1.645,-7699799,"Control","Uninuclear"
"1705","C18",25,1423,1295,4.611,3.074,-6978386,"Control","Uninuclear"
"1706","C18",26,1404,1295,6.441,4.294,-8688252,"Control","Uninuclear"
"1707","C18",27,1404,1293,0.678,0.452,-8945505,"Control","Uninuclear"
"1708","C18",28,1396,1302,4.082,2.721,-10388095,"Control","Uninuclear"
"1709","C18",29,1394,1302,0.678,0.452,-8750193,"Control","Uninuclear"
"1710","C18",30,1398,1299,1.695,1.13,-10001790,"Control","Uninuclear"
"1711","C18",31,1394,1299,1.356,0.904,-9599096,"Control","Uninuclear"
"1712","C18",32,1390,1304,2.171,1.447,-9280363,"Control","Uninuclear"
"1713","C18",33,1381,1297,3.865,2.577,-8751984,"Control","Uninuclear"
"1714","C18",34,1373,1304,3.604,2.402,-8820362,"Control","Uninuclear"
"1715","C18",35,1362,1304,3.729,2.486,-9275783,"Control","Uninuclear"
"1716","C18",36,1354,1308,3.032,2.021,-9280889,"Control","Uninuclear"
"1717","C18",37,1352,1333,8.502,5.668,-9340789,"Control","Uninuclear"
"1718","C18",38,1352,1327,2.034,1.356,-9072979,"Control","Uninuclear"
"1719","C18",39,1335,1329,5.803,3.868,-7833415,"Control","Uninuclear"
"1720","C18",40,1329,1320,3.667,2.445,-10389125,"Control","Uninuclear"
"1721","C18",41,1325,1318,1.516,1.011,-10786931,"Control","Uninuclear"
"1722","C18",42,1331,1320,2.144,1.429,-7164228,"Control","Uninuclear"
"1723","C18",43,1331,1310,3.39,2.26,-9999484,"Control","Uninuclear"
"1724","C18",44,1335,1304,2.445,1.63,-7052356,"Control","Uninuclear"
"1725","C18",45,1333,1302,0.959,0.639,-10263170,"Control","Uninuclear"
"1726","C18",46,1333,1302,0,0,-7234135,"Control","Uninuclear"
"1727","C18",47,1325,1306,3.032,2.021,-8225137,"Control","Uninuclear"
"1728","C18",48,1314,1304,3.79,2.527,-9012078,"Control","Uninuclear"
"1729","C18",49,1308,1312,3.39,2.26,-7305308,"Control","Uninuclear"
"1730","C18",50,1302,1312,2.034,1.356,-10390934,"Control","Uninuclear"
"1731","C18",51,1302,1312,0,0,-9995119,"Control","Uninuclear"
"1732","C18",52,1306,1306,2.445,1.63,-9737857,"Control","Uninuclear"
"1733","C18",53,1302,1308,1.516,1.011,-10785658,"Control","Uninuclear"
"1734","C18",54,1297,1310,1.826,1.217,-10261894,"Control","Uninuclear"
"1735","C18",55,1287,1312,3.457,2.305,-10066294,"Control","Uninuclear"
"1736","C18",56,1283,1316,1.918,1.278,-11311725,"Control","Uninuclear"
"1737","C18",57,1283,1316,0,0,-10523757,"Control","Uninuclear"
"1738","C18",58,1285,1316,0.678,0.452,-11239269,"Control","Uninuclear"
"1739","C18",59,1285,1316,0,0,-9930619,"Control","Uninuclear"
"1740","C18",60,1283,1316,0.678,0.452,-9204589,"Control","Uninuclear"
"1741","C18",61,1272,1316,3.729,2.486,-9473916,"Control","Uninuclear"
"1742","C18",62,1253,1312,6.582,4.388,-10586496,"Control","Uninuclear"
"1743","C18",63,1243,1310,3.457,2.305,-10449268,"Control","Uninuclear"
"1744","C18",64,1232,1308,3.79,2.527,-10122598,"Control","Uninuclear"
"1745","C18",65,1243,1297,5.274,3.516,-9018755,"Control","Uninuclear"
"1746","C18",66,1232,1297,3.729,2.486,-9930359,"Control","Uninuclear"
"1747","C18",67,1232,1289,2.712,1.808,-9868925,"Control","Uninuclear"
"1748","C18",68,1226,1295,2.877,1.918,-9737339,"Control","Uninuclear"
"1749","C18",69,1232,1289,2.877,1.918,-9014119,"Control","Uninuclear"
"1750","C18",70,1232,1285,1.356,0.904,-7699035,"Control","Uninuclear"
"1751","C18",71,1226,1291,2.877,1.918,-10128763,"Control","Uninuclear"
"1752","C18",72,1226,1287,1.356,0.904,-10985866,"Control","Uninuclear"
"1753","C18",73,1226,1287,0,0,-10262151,"Control","Uninuclear"
"1754","C18",74,1228,1283,1.516,1.011,-10068113,"Control","Uninuclear"
"1755","C18",75,1232,1287,1.918,1.278,-10129013,"Control","Uninuclear"
"1756","C18",76,1237,1287,1.695,1.13,-10918794,"Control","Uninuclear"
"1757","C18",77,1241,1287,1.356,0.904,-10849921,"Control","Uninuclear"
"1758","C18",78,1239,1283,1.516,1.011,-9538669,"Control","Uninuclear"
"1759","C18",79,1241,1266,5.803,3.868,-7634281,"Control","Uninuclear"
"1760","C18",80,1239,1266,0.678,0.452,-10392189,"Control","Uninuclear"
"1761","C18",81,1234,1257,3.49,2.327,-9938065,"Control","Uninuclear"
"1762","C18",82,1237,1251,2.274,1.516,-10595736,"Control","Uninuclear"
"1763","C18",83,1226,1251,3.729,2.486,-10851970,"Control","Uninuclear"
"1764","C18",84,1218,1257,3.39,2.26,-11702390,"Control","Uninuclear"
"1765","C18",85,1228,1249,4.341,2.894,-11047033,"Control","Uninuclear"
"1766","C18",86,1239,1245,3.968,2.645,-10917765,"Control","Uninuclear"
"1767","C18",87,1241,1245,0.678,0.452,-9536876,"Control","Uninuclear"
"1768","C18",88,1232,1245,3.051,2.034,-10064764,"Control","Uninuclear"
"1769","C18",89,1234,1243,0.959,0.639,-10393729,"Control","Uninuclear"
"1770","C18",90,1230,1241,1.516,1.011,-11376774,"Control","Uninuclear"
"1771","C18",91,1245,1245,5.263,3.508,-9931119,"Control","Uninuclear"
"1772","C18",92,1237,1247,2.795,1.864,-11173240,"Control","Uninuclear"
"1773","C18",93,1241,1245,1.516,1.011,-10521732,"Control","Uninuclear"
"1774","C18",94,1239,1243,0.959,0.639,-9928815,"Control","Uninuclear"
"1775","C18",95,1249,1232,5.04,3.36,-9529696,"Control","Uninuclear"
"1776","C18",96,1260,1232,3.729,2.486,-10648949,"Control","Uninuclear"
"1777","C18",97,1251,1239,3.865,2.577,-11567734,"Control","Uninuclear"
"1778","C18",98,1251,1241,0.678,0.452,-11372411,"Control","Uninuclear"
"1779","C18",99,1237,1247,5.163,3.442,-9733513,"Control","Uninuclear"
"1780","C18",100,1232,1257,3.79,2.527,-10323324,"Control","Uninuclear"
"1781","C19",2,1310,1654,1.516,1.011,-8421479,"Control","Uninuclear"
"1782","C19",3,1310,1654,0,0,-8421731,"Control","Uninuclear"
"1783","C19",4,1312,1654,0.678,0.452,-8419939,"Control","Uninuclear"
"1784","C19",5,1312,1654,0,0,-8617056,"Control","Uninuclear"
"1785","C19",6,1312,1654,0,0,-9072740,"Control","Uninuclear"
"1786","C19",7,1312,1654,0,0,-9141621,"Control","Uninuclear"
"1787","C19",8,1312,1654,0,0,-8483941,"Control","Uninuclear"
"1788","C19",9,1312,1654,0,0,-8683624,"Control","Uninuclear"
"1789","C19",10,1312,1654,0,0,-9073758,"Control","Uninuclear"
"1790","C19",11,1310,1654,0.678,0.452,-8355688,"Control","Uninuclear"
"1791","C19",12,1312,1656,0.959,0.639,-8750195,"Control","Uninuclear"
"1792","C19",13,1312,1654,0.678,0.452,-8354397,"Control","Uninuclear"
"1793","C19",14,1312,1654,0,0,-7369830,"Control","Uninuclear"
"1794","C19",15,1312,1654,0,0,-8092781,"Control","Uninuclear"
"1795","C19",16,1312,1654,0,0,-7961959,"Control","Uninuclear"
"1796","C19",17,1312,1654,0,0,-8286312,"Control","Uninuclear"
"1797","C19",18,1314,1652,0.959,0.639,-8026210,"Control","Uninuclear"
"1798","C19",19,1314,1652,0,0,-8485991,"Control","Uninuclear"
"1799","C19",20,1314,1654,0.678,0.452,-9209968,"Control","Uninuclear"
"1800","C19",21,1314,1654,0,0,-8355686,"Control","Uninuclear"
"1801","C19",22,1314,1654,0,0,-8818021,"Control","Uninuclear"
"1802","C19",23,1314,1654,0,0,-8685672,"Control","Uninuclear"
"1803","C19",24,1314,1654,0,0,-8751976,"Control","Uninuclear"
"1804","C19",25,1314,1654,0,0,-9211498,"Control","Uninuclear"
"1805","C19",26,1314,1654,0,0,-8947059,"Control","Uninuclear"
"1806","C19",27,1314,1654,0,0,-8814436,"Control","Uninuclear"
"1807","C19",28,1314,1654,0,0,-8749917,"Control","Uninuclear"
"1808","C19",29,1314,1654,0,0,-8225131,"Control","Uninuclear"
"1809","C19",30,1314,1654,0,0,-8816229,"Control","Uninuclear"
"1810","C19",31,1314,1654,0,0,-8027487,"Control","Uninuclear"
"1811","C19",32,1314,1654,0,0,-8421980,"Control","Uninuclear"
"1812","C19",33,1314,1654,0,0,-9142623,"Control","Uninuclear"
"1813","C19",34,1314,1654,0,0,-9340528,"Control","Uninuclear"
"1814","C19",35,1314,1652,0.678,0.452,-8487272,"Control","Uninuclear"
"1815","C19",36,1314,1652,0,0,-8092506,"Control","Uninuclear"
"1816","C19",37,1314,1652,0,0,-8947562,"Control","Uninuclear"
"1817","C19",38,1314,1650,0.678,0.452,-9141090,"Control","Uninuclear"
"1818","C19",39,1314,1647,1.017,0.678,-8943703,"Control","Uninuclear"
"1819","C19",40,1314,1647,0,0,-8356715,"Control","Uninuclear"
"1820","C19",41,1314,1647,0,0,-7829842,"Control","Uninuclear"
"1821","C19",42,1314,1647,0,0,-8091738,"Control","Uninuclear"
"1822","C19",43,1314,1647,0,0,-8288853,"Control","Uninuclear"
"1823","C19",44,1314,1647,0,0,-9206876,"Control","Uninuclear"
"1824","C19",45,1314,1647,0,0,-8881504,"Control","Uninuclear"
"1825","C19",46,1312,1652,1.826,1.217,-9666657,"Control","Uninuclear"
"1826","C19",47,1312,1652,0,0,-8092753,"Control","Uninuclear"
"1827","C19",48,1310,1650,0.959,0.639,-7961179,"Control","Uninuclear"
"1828","C19",49,1310,1650,0,0,-8356438,"Control","Uninuclear"
"1829","C19",50,1310,1652,0.678,0.452,-8420191,"Control","Uninuclear"
"1830","C19",51,1310,1652,0,0,-8092502,"Control","Uninuclear"
"1831","C19",52,1312,1652,0.678,0.452,-8094048,"Control","Uninuclear"
"1832","C19",53,1312,1652,0,0,-8553053,"Control","Uninuclear"
"1833","C19",54,1312,1650,0.678,0.452,-7763800,"Control","Uninuclear"
"1834","C19",55,1310,1650,0.678,0.452,-8489317,"Control","Uninuclear"
"1835","C19",56,1310,1650,0,0,-8486746,"Control","Uninuclear"
"1836","C19",57,1310,1650,0,0,-8748896,"Control","Uninuclear"
"1837","C19",58,1310,1652,0.678,0.452,-8619877,"Control","Uninuclear"
"1838","C19",59,1312,1650,0.959,0.639,-9212016,"Control","Uninuclear"
"1839","C19",60,1312,1650,0,0,-9405304,"Control","Uninuclear"
"1840","C19",61,1312,1650,0,0,-9273454,"Control","Uninuclear"
"1841","C19",62,1312,1652,0.678,0.452,-8618596,"Control","Uninuclear"
"1842","C19",63,1312,1652,0,0,-9079912,"Control","Uninuclear"
"1843","C19",64,1312,1652,0,0,-8355686,"Control","Uninuclear"
"1844","C19",65,1312,1652,0,0,-9012328,"Control","Uninuclear"
"1845","C19",66,1314,1652,0.678,0.452,-9205079,"Control","Uninuclear"
"1846","C19",67,1314,1654,0.678,0.452,-9402735,"Control","Uninuclear"
"1847","C19",68,1314,1654,0,0,-9278067,"Control","Uninuclear"
"1848","C19",69,1314,1654,0,0,-10386797,"Control","Uninuclear"
"1849","C19",70,1312,1654,0.678,0.452,-9077356,"Control","Uninuclear"
"1850","C19",71,1312,1654,0,0,-8487013,"Control","Uninuclear"
"1851","C19",72,1314,1654,0.678,0.452,-9862003,"Control","Uninuclear"
"1852","C19",73,1314,1654,0,0,-9273441,"Control","Uninuclear"
"1853","C19",74,1316,1652,0.959,0.639,-9339758,"Control","Uninuclear"
"1854","C19",75,1316,1652,0,0,-8681551,"Control","Uninuclear"
"1855","C19",76,1316,1652,0,0,-9406824,"Control","Uninuclear"
"1856","C19",77,1316,1652,0,0,-8881753,"Control","Uninuclear"
"1857","C19",78,1316,1652,0,0,-9143387,"Control","Uninuclear"
"1858","C19",79,1316,1652,0,0,-8487260,"Control","Uninuclear"
"1859","C19",80,1312,1654,1.516,1.011,-8945507,"Control","Uninuclear"
"1860","C19",81,1312,1654,0,0,-9275248,"Control","Uninuclear"
"1861","C19",82,1314,1652,0.959,0.639,-9600351,"Control","Uninuclear"
"1862","C19",83,1314,1652,0,0,-9014117,"Control","Uninuclear"
"1863","C19",84,1314,1652,0,0,-9863525,"Control","Uninuclear"
"1864","C19",85,1314,1652,0,0,-8550749,"Control","Uninuclear"
"1865","C19",86,1314,1652,0,0,-8549466,"Control","Uninuclear"
"1866","C19",87,1314,1652,0,0,-9008992,"Control","Uninuclear"
"1867","C19",88,1314,1652,0,0,-8814160,"Control","Uninuclear"
"1868","C19",89,1314,1652,0,0,-6456646,"Control","Uninuclear"
"1869","C19",90,1314,1652,0,0,-8749654,"Control","Uninuclear"
"1870","C19",91,1314,1652,0,0,-8554849,"Control","Uninuclear"
"1871","C19",92,1314,1652,0,0,-9014382,"Control","Uninuclear"
"1872","C19",93,1314,1652,0,0,-8619875,"Control","Uninuclear"
"1873","C19",94,1314,1652,0,0,-8816989,"Control","Uninuclear"
"1874","C19",95,1316,1652,0.678,0.452,-8485453,"Control","Uninuclear"
"1875","C19",96,1320,1647,2.171,1.447,-9606256,"Control","Uninuclear"
"1876","C19",97,1320,1647,0,0,-9995637,"Control","Uninuclear"
"1877","C19",98,1318,1647,0.678,0.452,-9996140,"Control","Uninuclear"
"1878","C19",99,1318,1647,0,0,-8620129,"Control","Uninuclear"
"1879","C19",100,1318,1647,0,0,-8882022,"Control","Uninuclear"
"1880","C20",2,840,1664,2.733,1.822,-7633754,"Control","Uninuclear"
"1881","C20",3,842,1671,2.468,1.645,-5069124,"Control","Uninuclear"
"1882","C20",4,836,1666,2.648,1.765,-7166010,"Control","Uninuclear"
"1883","C20",5,836,1666,0,0,-5658416,"Control","Uninuclear"
"1884","C20",6,836,1666,0,0,-9022573,"Control","Uninuclear"
"1885","C20",7,836,1671,1.695,1.13,-5981497,"Control","Uninuclear"
"1886","C20",8,836,1671,0,0,-5733962,"Control","Uninuclear"
"1887","C20",9,838,1668,1.222,0.815,-8030846,"Control","Uninuclear"
"1888","C20",10,838,1671,1.017,0.678,-9279886,"Control","Uninuclear"
"1889","C20",11,840,1673,0.959,0.639,-9605751,"Control","Uninuclear"
"1890","C20",12,840,1673,0,0,-7309910,"Control","Uninuclear"
"1891","C20",13,840,1671,0.678,0.452,-11239070,"Control","Uninuclear"
"1892","C20",14,838,1658,4.459,2.973,-8356213,"Control","Uninuclear"
"1893","C20",15,838,1658,0,0,-9087334,"Control","Uninuclear"
"1894","C20",16,838,1658,0,0,-11372952,"Control","Uninuclear"
"1895","C20",17,832,1654,2.445,1.63,-6441042,"Control","Uninuclear"
"1896","C20",18,819,1652,4.459,2.973,-6590049,"Control","Uninuclear"
"1897","C20",19,821,1647,1.826,1.217,-6586732,"Control","Uninuclear"
"1898","C20",20,817,1645,1.516,1.011,-7833479,"Control","Uninuclear"
"1899","C20",21,809,1643,2.795,1.864,-7701845,"Control","Uninuclear"
"1900","C20",22,796,1633,5.56,3.707,-5988945,"Control","Uninuclear"
"1901","C20",23,796,1633,0,0,-7310684,"Control","Uninuclear"
"1902","C20",24,796,1629,1.356,0.904,-8017756,"Control","Uninuclear"
"1903","C20",25,788,1622,3.604,2.402,-9346719,"Control","Uninuclear"
"1904","C20",26,786,1620,0.959,0.639,-7836272,"Control","Uninuclear"
"1905","C20",27,784,1620,0.678,0.452,-8356212,"Control","Uninuclear"
"1906","C20",28,782,1620,0.678,0.452,-8818308,"Control","Uninuclear"
"1907","C20",29,782,1620,0,0,-7830369,"Control","Uninuclear"
"1908","C20",30,782,1620,0,0,-9938057,"Control","Uninuclear"
"1909","C20",31,782,1622,0.678,0.452,-7445883,"Control","Uninuclear"
"1910","C20",32,779,1622,1.017,0.678,-7243865,"Control","Uninuclear"
"1911","C20",33,782,1620,1.222,0.815,-7965281,"Control","Uninuclear"
"1912","C20",34,782,1620,0,0,-8948342,"Control","Uninuclear"
"1913","C20",35,782,1620,0,0,-13747406,"Control","Uninuclear"
"1914","C20",36,779,1608,4.193,2.795,-5605195,"Control","Uninuclear"
"1915","C20",37,777,1599,3.125,2.084,-8555888,"Control","Uninuclear"
"1916","C20",38,771,1599,2.034,1.356,-8095083,"Control","Uninuclear"
"1917","C20",39,767,1591,3.032,2.021,-6125898,"Control","Uninuclear"
"1918","C20",40,752,1589,5.13,3.42,-6261846,"Control","Uninuclear"
"1919","C20",41,731,1591,7.151,4.767,-8686432,"Control","Uninuclear"
"1920","C20",42,731,1587,1.356,0.904,-6260556,"Control","Uninuclear"
"1921","C20",43,719,1580,4.71,3.14,-9342832,"Control","Uninuclear"
"1922","C20",44,710,1578,3.125,2.084,-9008501,"Control","Uninuclear"
"1923","C20",45,704,1574,2.445,1.63,-8224367,"Control","Uninuclear"
"1924","C20",47,698,1574,2.034,1.356,-6058572,"Control","Uninuclear"
"1925","C20",48,685,1570,4.611,3.074,-7699290,"Control","Uninuclear"
"1926","C20",49,679,1564,2.877,1.918,-10322793,"Control","Uninuclear"
"1927","C20",50,670,1570,3.667,2.445,-9342822,"Control","Uninuclear"
"1928","C20",51,668,1574,1.516,1.011,-11308938,"Control","Uninuclear"
"1929","C20",52,666,1574,0.678,0.452,-8356707,"Control","Uninuclear"
"1930","C20",53,668,1564,3.457,2.305,-9146507,"Control","Uninuclear"
"1931","C20",54,666,1561,1.222,0.815,-10454140,"Control","Uninuclear"
"1932","C20",55,654,1559,4.124,2.749,-8028026,"Control","Uninuclear"
"1933","C20",56,647,1559,2.373,1.582,-10061943,"Control","Uninuclear"
"1934","C20",57,639,1559,2.712,1.808,-10391684,"Control","Uninuclear"
"1935","C20",58,639,1559,0,0,-9147774,"Control","Uninuclear"
"1936","C20",59,643,1553,2.445,1.63,-9477241,"Control","Uninuclear"
"1937","C20",60,641,1553,0.678,0.452,-8428642,"Control","Uninuclear"
"1938","C20",61,639,1557,1.516,1.011,-6911829,"Control","Uninuclear"
"1939","C20",62,641,1555,0.959,0.639,-10791297,"Control","Uninuclear"
"1940","C20",63,641,1557,0.678,0.452,-9868915,"Control","Uninuclear"
"1941","C20",64,641,1557,0,0,-7953233,"Control","Uninuclear"
"1942","C20",65,645,1555,1.516,1.011,-9476475,"Control","Uninuclear"
"1943","C20",66,645,1555,0,0,-8232283,"Control","Uninuclear"
"1944","C20",67,622,1528,12.024,8.016,-9932669,"Control","Uninuclear"
"1945","C20",68,624,1503,8.502,5.668,-7113820,"Control","Uninuclear"
"1946","C20",69,622,1492,3.79,2.527,-9870455,"Control","Uninuclear"
"1947","C20",70,631,1482,4.561,3.041,-8818519,"Control","Uninuclear"
"1948","C20",71,628,1471,3.865,2.577,-9276786,"Control","Uninuclear"
"1949","C20",72,620,1469,2.795,1.864,-9475472,"Control","Uninuclear"
"1950","C20",73,614,1467,2.144,1.429,-10129015,"Control","Uninuclear"
"1951","C20",74,612,1461,2.144,1.429,-7429960,"Control","Uninuclear"
"1952","C20",75,608,1459,1.516,1.011,-5068322,"Control","Uninuclear"
"1953","C20",76,587,1455,7.247,4.831,-6919766,"Control","Uninuclear"
"1954","C20",77,578,1450,3.49,2.327,-7574103,"Control","Uninuclear"
"1955","C20",78,568,1446,3.651,2.434,-8689243,"Control","Uninuclear"
"1956","C20",79,568,1452,2.034,1.356,-9542272,"Control","Uninuclear"
"1957","C20",80,549,1450,6.477,4.318,-9924706,"Control","Uninuclear"
"1958","C20",81,543,1450,2.034,1.356,-10522243,"Control","Uninuclear"
"1959","C20",82,534,1450,3.051,2.034,-8160892,"Control","Uninuclear"
"1960","C20",83,530,1450,1.356,0.904,-5661243,"Control","Uninuclear"
"1961","C20",84,517,1452,4.459,2.973,-7832692,"Control","Uninuclear"
"1962","C20",85,509,1455,2.896,1.931,-7835514,"Control","Uninuclear"
"1963","C20",86,494,1452,5.186,3.457,-8949881,"Control","Uninuclear"
"1964","C20",87,488,1452,2.034,1.356,-10191233,"Control","Uninuclear"
"1965","C20",88,482,1450,2.144,1.429,-8032139,"Control","Uninuclear"
"1966","C20",89,480,1457,2.468,1.645,-8553330,"Control","Uninuclear"
"1967","C20",90,475,1459,1.826,1.217,-9208703,"Control","Uninuclear"
"1968","C20",91,471,1459,1.356,0.904,-9407620,"Control","Uninuclear"
"1969","C20",92,463,1461,2.795,1.864,-10190457,"Control","Uninuclear"
"1970","C20",93,454,1461,3.051,2.034,-9932400,"Control","Uninuclear"
"1971","C20",94,448,1461,2.034,1.356,-7049066,"Control","Uninuclear"
"1972","C20",95,440,1450,4.611,3.074,-5540958,"Control","Uninuclear"
"1973","C20",96,425,1450,5.085,3.39,-10326144,"Control","Uninuclear"
"1974","C20",97,408,1457,6.232,4.155,-10846829,"Control","Uninuclear"
"1975","C20",98,402,1457,2.034,1.356,-8620650,"Control","Uninuclear"
"1976","C20",99,389,1457,4.407,2.938,-8034429,"Control","Uninuclear"
"1977","C20",100,373,1457,5.424,3.616,-8163196,"Control","Uninuclear"
