"","Track","Time","X","Y","Distance","Velocity","Pixel","Type","Subtype"
"1","C1",2,136.956,514.263,3.125,2.084,-11051158,"Control","Coenocyte"
"2","C1",3,137.634,512.907,1.516,1.011,-10457489,"Control","Coenocyte"
"3","C1",4,138.312,514.263,1.516,1.011,-9737617,"Control","Coenocyte"
"4","C1",5,138.312,513.585,0.678,0.452,-9539735,"Control","Coenocyte"
"5","C1",6,136.278,512.907,2.144,1.429,-10591888,"Control","Coenocyte"
"6","C1",7,138.312,512.907,2.034,1.356,-8554122,"Control","Coenocyte"
"7","C1",8,137.634,512.907,0.678,0.452,-10064798,"Control","Coenocyte"
"8","C1",9,137.634,512.907,0,0,-9473944,"Control","Coenocyte"
"9","C1",10,136.278,513.585,1.516,1.011,-10262431,"Control","Coenocyte"
"10","C1",11,136.956,512.907,0.959,0.639,-9276822,"Control","Coenocyte"
"11","C1",12,136.956,512.907,0,0,-9212830,"Control","Coenocyte"
"12","C1",13,136.956,512.907,0,0,-8816014,"Control","Coenocyte"
"13","C1",14,135.6,512.907,1.356,0.904,-9407122,"Control","Coenocyte"
"14","C1",15,135.6,512.907,0,0,-10196135,"Control","Coenocyte"
"15","C1",16,135.6,512.907,0,0,-9801367,"Control","Coenocyte"
"16","C1",17,135.6,512.907,0,0,-8947089,"Control","Coenocyte"
"17","C1",18,135.6,512.907,0,0,-9538972,"Control","Coenocyte"
"18","C1",19,135.6,512.907,0,0,-8814721,"Control","Coenocyte"
"19","C1",20,135.6,512.907,0,0,-8355710,"Control","Coenocyte"
"20","C1",21,134.922,512.907,0.678,0.452,-9668238,"Control","Coenocyte"
"21","C1",22,134.922,512.229,0.678,0.452,-9538446,"Control","Coenocyte"
"22","C1",23,134.922,512.229,0,0,-9604501,"Control","Coenocyte"
"23","C1",24,134.922,512.229,0,0,-9275282,"Control","Coenocyte"
"24","C1",25,134.922,512.229,0,0,-9012629,"Control","Coenocyte"
"25","C1",26,134.922,512.229,0,0,-9274506,"Control","Coenocyte"
"26","C1",27,134.922,512.229,0,0,-9143437,"Control","Coenocyte"
"27","C1",28,134.922,512.229,0,0,-8552842,"Control","Coenocyte"
"28","C1",29,134.922,512.229,0,0,-8814731,"Control","Coenocyte"
"29","C1",30,134.922,512.229,0,0,-9144466,"Control","Coenocyte"
"30","C1",31,134.922,512.229,0,0,-8618632,"Control","Coenocyte"
"31","C1",32,134.922,512.229,0,0,-9012880,"Control","Coenocyte"
"32","C1",33,134.922,512.229,0,0,-9539222,"Control","Coenocyte"
"33","C1",34,134.922,512.229,0,0,-8947340,"Control","Coenocyte"
"34","C1",35,134.922,512.229,0,0,-9208725,"Control","Coenocyte"
"35","C1",36,134.922,512.907,0.678,0.452,-8616841,"Control","Coenocyte"
"36","C1",37,134.922,512.907,0,0,-8485770,"Control","Coenocyte"
"37","C1",38,134.922,512.907,0,0,-9801115,"Control","Coenocyte"
"38","C1",39,134.922,513.585,0.678,0.452,-9472663,"Control","Coenocyte"
"39","C1",40,134.922,514.263,0.678,0.452,-7240305,"Control","Coenocyte"
"40","C1",41,131.871,514.263,3.051,2.034,-8158345,"Control","Coenocyte"
"41","C1",42,131.871,514.263,0,0,-7238519,"Control","Coenocyte"
"42","C1",43,131.871,514.263,0,0,-7565944,"Control","Coenocyte"
"43","C1",44,131.193,513.585,0.959,0.639,-8750218,"Control","Coenocyte"
"44","C1",45,131.193,513.585,0,0,-9210772,"Control","Coenocyte"
"45","C1",46,131.193,513.585,0,0,-8290950,"Control","Coenocyte"
"46","C1",47,131.193,513.585,0,0,-8356500,"Control","Coenocyte"
"47","C1",48,131.193,513.585,0,0,-8093579,"Control","Coenocyte"
"48","C1",49,131.193,513.585,0,0,-7633028,"Control","Coenocyte"
"49","C1",50,131.193,512.907,0.678,0.452,-8225684,"Control","Coenocyte"
"50","C1",51,131.193,512.907,0,0,-8487576,"Control","Coenocyte"
"51","C1",52,131.193,511.212,1.695,1.13,-9408412,"Control","Coenocyte"
"52","C1",53,131.193,511.212,0,0,-9473934,"Control","Coenocyte"
"53","C1",54,131.193,511.212,0,0,-9407891,"Control","Coenocyte"
"54","C1",55,131.193,511.212,0,0,-9606040,"Control","Coenocyte"
"55","C1",56,131.193,511.212,0,0,-9408649,"Control","Coenocyte"
"56","C1",57,131.193,512.907,1.695,1.13,-8748679,"Control","Coenocyte"
"57","C1",58,131.193,512.907,0,0,-8881296,"Control","Coenocyte"
"58","C1",59,131.193,512.907,0,0,-8355211,"Control","Coenocyte"
"59","C1",60,131.193,512.907,0,0,-9144728,"Control","Coenocyte"
"60","C1",61,131.193,512.907,0,0,-8814731,"Control","Coenocyte"
"61","C1",62,131.193,512.907,0,0,-8420745,"Control","Coenocyte"
"62","C1",63,131.193,512.907,0,0,-8421256,"Control","Coenocyte"
"63","C1",64,131.193,512.907,0,0,-8287874,"Control","Coenocyte"
"64","C1",65,130.515,512.907,0.678,0.452,-8880273,"Control","Coenocyte"
"65","C1",66,130.515,512.907,0,0,-8552064,"Control","Coenocyte"
"66","C1",67,130.515,512.907,0,0,-9076103,"Control","Coenocyte"
"67","C1",68,130.515,512.907,0,0,-9470084,"Control","Coenocyte"
"68","C1",69,130.515,512.907,0,0,-9798281,"Control","Coenocyte"
"69","C1",70,130.515,512.907,0,0,-9403010,"Control","Coenocyte"
"70","C1",71,130.515,512.907,0,0,-9206919,"Control","Coenocyte"
"71","C1",72,130.515,512.907,0,0,-9667213,"Control","Coenocyte"
"72","C1",73,130.515,512.907,0,0,-9404037,"Control","Coenocyte"
"73","C1",74,130.515,512.907,0,0,-9339527,"Control","Coenocyte"
"74","C1",75,130.515,512.907,0,0,-8352648,"Control","Coenocyte"
"75","C1",76,130.515,512.907,0,0,-9602445,"Control","Coenocyte"
"76","C1",77,130.515,512.907,0,0,-9340045,"Control","Coenocyte"
"77","C1",78,130.515,512.907,0,0,-8486017,"Control","Coenocyte"
"78","C1",79,131.193,513.585,0.959,0.639,-10589073,"Control","Coenocyte"
"79","C1",80,131.193,512.907,0.678,0.452,-9273216,"Control","Coenocyte"
"80","C1",81,131.193,512.907,0,0,-9470343,"Control","Coenocyte"
"81","C1",82,131.193,512.907,0,0,-10259851,"Control","Coenocyte"
"82","C1",83,131.193,512.907,0,0,-9207420,"Control","Coenocyte"
"83","C1",84,129.837,512.229,1.516,1.011,-9275009,"Control","Coenocyte"
"84","C1",85,130.515,512.229,0.678,0.452,-9537664,"Control","Coenocyte"
"85","C1",86,130.515,512.229,0,0,-9798530,"Control","Coenocyte"
"86","C1",87,130.515,512.229,0,0,-10194315,"Control","Coenocyte"
"87","C1",88,130.515,512.229,0,0,-10521230,"Control","Coenocyte"
"88","C1",89,131.193,511.212,1.222,0.815,-8025459,"Control","Coenocyte"
"89","C1",90,131.193,511.212,0,0,-8550519,"Control","Coenocyte"
"90","C1",91,131.871,512.229,1.222,0.815,-9009014,"Control","Coenocyte"
"91","C1",92,131.871,512.229,0,0,-8812413,"Control","Coenocyte"
"92","C1",93,131.871,512.229,0,0,-9600128,"Control","Coenocyte"
"93","C1",94,131.193,512.229,0.678,0.452,-10063501,"Control","Coenocyte"
"94","C1",95,131.193,512.229,0,0,-11113616,"Control","Coenocyte"
"95","C1",96,131.193,512.229,0,0,-11838103,"Control","Coenocyte"
"96","C1",97,131.193,512.229,0,0,-11839392,"Control","Coenocyte"
"97","C1",98,131.193,512.229,0,0,-11443355,"Control","Coenocyte"
"98","C1",99,131.193,512.229,0,0,-11049113,"Control","Coenocyte"
"99","C1",100,131.871,512.229,0.678,0.452,-9534847,"Control","Coenocyte"
"100","C2",2,604.098,432.564,1.516,1.011,-8356726,"Control","Coenocyte"
"101","C2",3,604.098,432.564,0,0,-8816251,"Control","Coenocyte"
"102","C2",4,604.098,432.564,0,0,-9210233,"Control","Coenocyte"
"103","C2",5,604.098,432.564,0,0,-9475207,"Control","Coenocyte"
"104","C2",6,604.098,430.191,2.373,1.582,-9931923,"Control","Coenocyte"
"105","C2",7,604.098,430.191,0,0,-8682369,"Control","Coenocyte"
"106","C2",8,604.098,430.191,0,0,-10455941,"Control","Coenocyte"
"107","C2",9,600.369,431.208,3.865,2.577,-8816514,"Control","Coenocyte"
"108","C2",10,600.369,431.208,0,0,-9013632,"Control","Coenocyte"
"109","C2",11,601.725,431.208,1.356,0.904,-9996679,"Control","Coenocyte"
"110","C2",12,601.725,431.208,0,0,-9143170,"Control","Coenocyte"
"111","C2",13,601.725,431.208,0,0,-9211524,"Control","Coenocyte"
"112","C2",14,602.403,431.208,0.678,0.452,-8685180,"Control","Coenocyte"
"113","C2",15,604.776,431.886,2.468,1.645,-10256779,"Control","Coenocyte"
"114","C2",16,604.098,431.208,0.959,0.639,-9732739,"Control","Coenocyte"
"115","C2",17,602.403,430.191,1.977,1.318,-8881266,"Control","Coenocyte"
"116","C2",18,602.403,431.208,1.017,0.678,-9605252,"Control","Coenocyte"
"117","C2",19,602.403,431.208,0,0,-9274235,"Control","Coenocyte"
"118","C2",20,603.42,431.208,1.017,0.678,-9273203,"Control","Coenocyte"
"119","C2",21,603.42,431.208,0,0,-9735550,"Control","Coenocyte"
"120","C2",22,603.42,431.208,0,0,-9537155,"Control","Coenocyte"
"121","C2",23,603.42,431.208,0,0,-9668992,"Control","Coenocyte"
"122","C2",24,603.42,431.886,0.678,0.452,-9537658,"Control","Coenocyte"
"123","C2",25,603.42,431.208,0.678,0.452,-9471362,"Control","Coenocyte"
"124","C2",26,603.42,431.208,0,0,-9733505,"Control","Coenocyte"
"125","C2",27,603.42,431.208,0,0,-9534845,"Control","Coenocyte"
"126","C2",28,600.369,431.208,3.051,2.034,-9144188,"Control","Coenocyte"
"127","C2",29,601.047,429.513,1.826,1.217,-9604488,"Control","Coenocyte"
"128","C2",30,601.047,429.513,0,0,-9277825,"Control","Coenocyte"
"129","C2",31,601.047,430.191,0.678,0.452,-9406593,"Control","Coenocyte"
"130","C2",32,601.725,431.886,1.826,1.217,-9801602,"Control","Coenocyte"
"131","C2",33,602.403,430.191,1.826,1.217,-9932173,"Control","Coenocyte"
"132","C2",34,602.403,430.191,0,0,-9602178,"Control","Coenocyte"
"133","C2",35,602.403,430.191,0,0,-9340548,"Control","Coenocyte"
"134","C2",36,602.403,431.208,1.017,0.678,-9274492,"Control","Coenocyte"
"135","C2",37,602.403,431.208,0,0,-9145721,"Control","Coenocyte"
"136","C2",38,602.403,431.208,0,0,-9605502,"Control","Coenocyte"
"137","C2",39,602.403,431.208,0,0,-9671294,"Control","Coenocyte"
"138","C2",40,603.42,430.191,1.438,0.959,-10391688,"Control","Coenocyte"
"139","C2",41,601.047,431.208,2.582,1.721,-10191746,"Control","Coenocyte"
"140","C2",42,601.047,431.208,0,0,-9930886,"Control","Coenocyte"
"141","C2",43,600.369,430.191,1.222,0.815,-9142144,"Control","Coenocyte"
"142","C2",44,600.369,430.191,0,0,-9601919,"Control","Coenocyte"
"143","C2",45,599.691,431.208,1.222,0.815,-9670284,"Control","Coenocyte"
"144","C2",46,598.335,431.208,1.356,0.904,-9144701,"Control","Coenocyte"
"145","C2",47,598.335,431.208,0,0,-9937290,"Control","Coenocyte"
"146","C2",48,599.013,431.886,0.959,0.639,-9145721,"Control","Coenocyte"
"147","C2",49,598.335,432.564,0.959,0.639,-9541248,"Control","Coenocyte"
"148","C2",50,596.979,431.208,1.918,1.278,-8094068,"Control","Coenocyte"
"149","C2",51,596.979,431.208,0,0,-8225157,"Control","Coenocyte"
"150","C2",52,596.979,431.208,0,0,-8422008,"Control","Coenocyte"
"151","C2",53,598.335,431.886,1.516,1.011,-8685690,"Control","Coenocyte"
"152","C2",54,599.013,431.886,0.678,0.452,-7962216,"Control","Coenocyte"
"153","C2",55,599.013,430.191,1.695,1.13,-8026990,"Control","Coenocyte"
"154","C2",56,599.013,431.208,1.017,0.678,-8222057,"Control","Coenocyte"
"155","C2",57,597.657,431.886,1.516,1.011,-8748395,"Control","Coenocyte"
"156","C2",58,598.335,432.564,0.959,0.639,-9276537,"Control","Coenocyte"
"157","C2",59,598.335,432.564,0,0,-8881779,"Control","Coenocyte"
"158","C2",60,599.013,431.886,0.959,0.639,-9474685,"Control","Coenocyte"
"159","C2",61,599.013,431.886,0,0,-8290158,"Control","Coenocyte"
"160","C2",62,597.657,431.886,1.356,0.904,-8026739,"Control","Coenocyte"
"161","C2",63,597.657,431.886,0,0,-8289143,"Control","Coenocyte"
"162","C2",64,598.335,432.564,0.959,0.639,-8289393,"Control","Coenocyte"
"163","C2",65,598.335,432.564,0,0,-8355175,"Control","Coenocyte"
"164","C2",66,598.335,433.242,0.678,0.452,-9075058,"Control","Coenocyte"
"165","C2",67,598.335,433.242,0,0,-8745834,"Control","Coenocyte"
"166","C2",68,598.335,432.564,0.678,0.452,-8682355,"Control","Coenocyte"
"167","C2",69,596.979,432.564,1.356,0.904,-9406842,"Control","Coenocyte"
"168","C2",70,596.301,432.564,0.678,0.452,-9797493,"Control","Coenocyte"
"169","C2",71,596.979,431.886,0.959,0.639,-9207420,"Control","Coenocyte"
"170","C2",72,596.979,431.886,0,0,-9601668,"Control","Coenocyte"
"171","C2",73,596.979,431.886,0,0,-9602178,"Control","Coenocyte"
"172","C2",74,596.979,431.886,0,0,-10917779,"Control","Coenocyte"
"173","C2",75,596.979,431.886,0,0,-10260108,"Control","Coenocyte"
"174","C2",76,597.657,431.208,0.959,0.639,-10392973,"Control","Coenocyte"
"175","C2",77,599.013,431.886,1.516,1.011,-10130064,"Control","Coenocyte"
"176","C2",78,598.335,431.886,0.678,0.452,-9602950,"Control","Coenocyte"
"177","C2",79,597.657,431.886,0.678,0.452,-9339273,"Control","Coenocyte"
"178","C2",80,597.657,430.191,1.695,1.13,-10322570,"Control","Coenocyte"
"179","C2",81,599.013,431.208,1.695,1.13,-10979983,"Control","Coenocyte"
"180","C2",82,601.047,430.191,2.274,1.516,-9931137,"Control","Coenocyte"
"181","C2",83,602.403,430.191,1.356,0.904,-9274996,"Control","Coenocyte"
"182","C2",84,602.403,431.886,1.695,1.13,-9275256,"Control","Coenocyte"
"183","C2",85,600.369,431.886,2.034,1.356,-9866379,"Control","Coenocyte"
"184","C2",86,601.047,431.886,0.678,0.452,-9864074,"Control","Coenocyte"
"185","C2",87,602.403,431.208,1.516,1.011,-9866122,"Control","Coenocyte"
"186","C2",88,602.403,431.886,0.678,0.452,-9733238,"Control","Coenocyte"
"187","C2",89,602.403,431.208,0.678,0.452,-10060932,"Control","Coenocyte"
"188","C2",90,601.047,430.191,1.695,1.13,-10325391,"Control","Coenocyte"
"189","C2",91,601.047,431.886,1.695,1.13,-10524551,"Control","Coenocyte"
"190","C2",92,601.725,431.886,0.678,0.452,-11048589,"Control","Coenocyte"
"191","C2",93,601.725,431.208,0.678,0.452,-9139840,"Control","Coenocyte"
"192","C2",94,602.403,431.208,0.678,0.452,-9469830,"Control","Coenocyte"
"193","C2",95,602.403,431.208,0,0,-9341567,"Control","Coenocyte"
"194","C2",96,602.403,431.208,0,0,-9933186,"Control","Coenocyte"
"195","C2",97,602.403,431.208,0,0,-9994115,"Control","Coenocyte"
"196","C2",98,603.42,431.208,1.017,0.678,-9535625,"Control","Coenocyte"
"197","C2",99,603.42,431.208,0,0,-9666180,"Control","Coenocyte"
"198","C2",100,603.42,431.208,0,0,-9534598,"Control","Coenocyte"
"199","C3",2,845.805,334.932,2.582,1.721,-8617330,"Control","Coenocyte"
"200","C3",3,845.805,336.627,1.695,1.13,-9208190,"Control","Coenocyte"
"201","C3",4,845.805,336.627,0,0,-8750462,"Control","Coenocyte"
"202","C3",5,845.805,336.627,0,0,-8421495,"Control","Coenocyte"
"203","C3",6,844.788,336.627,1.017,0.678,-7960176,"Control","Coenocyte"
"204","C3",7,844.11,336.627,0.678,0.452,-8813683,"Control","Coenocyte"
"205","C3",8,843.432,337.983,1.516,1.011,-8551024,"Control","Coenocyte"
"206","C3",9,840.72,336.627,3.032,2.021,-8881017,"Control","Coenocyte"
"207","C3",10,838.686,337.305,2.144,1.429,-8750468,"Control","Coenocyte"
"208","C3",11,840.72,337.305,2.034,1.356,-9143159,"Control","Coenocyte"
"209","C3",12,840.72,337.983,0.678,0.452,-8879997,"Control","Coenocyte"
"210","C3",13,840.72,337.983,0,0,-9077113,"Control","Coenocyte"
"211","C3",14,840.72,335.949,2.034,1.356,-8355955,"Control","Coenocyte"
"212","C3",15,842.754,337.305,2.445,1.63,-9733253,"Control","Coenocyte"
"213","C3",16,842.754,334.932,2.373,1.582,-8287599,"Control","Coenocyte"
"214","C3",17,843.432,335.949,1.222,0.815,-8552816,"Control","Coenocyte"
"215","C3",18,844.11,335.949,0.678,0.452,-9669252,"Control","Coenocyte"
"216","C3",19,842.076,337.983,2.877,1.918,-9339257,"Control","Coenocyte"
"217","C3",20,842.754,336.627,1.516,1.011,-8683891,"Control","Coenocyte"
"218","C3",21,841.398,337.305,1.516,1.011,-9339523,"Control","Coenocyte"
"219","C3",22,843.432,337.983,2.144,1.429,-8881517,"Control","Coenocyte"
"220","C3",23,843.432,336.627,1.356,0.904,-9996939,"Control","Coenocyte"
"221","C3",24,841.398,335.949,2.144,1.429,-9469563,"Control","Coenocyte"
"222","C3",25,840.72,334.932,1.222,0.815,-9142646,"Control","Coenocyte"
"223","C3",26,840.042,336.627,1.826,1.217,-9339778,"Control","Coenocyte"
"224","C3",27,842.754,335.949,2.795,1.864,-9337971,"Control","Coenocyte"
"225","C3",28,841.398,334.932,1.695,1.13,-9667974,"Control","Coenocyte"
"226","C3",29,842.754,334.254,1.516,1.011,-9075323,"Control","Coenocyte"
"227","C3",30,839.364,334.254,3.39,2.26,-8550773,"Control","Coenocyte"
"228","C3",31,837.669,335.949,2.397,1.598,-8616817,"Control","Coenocyte"
"229","C3",32,840.042,337.983,3.125,2.084,-8420719,"Control","Coenocyte"
"230","C3",33,840.72,335.949,2.144,1.429,-9011320,"Control","Coenocyte"
"231","C3",34,840.72,335.949,0,0,-8618358,"Control","Coenocyte"
"232","C3",35,841.398,335.949,0.678,0.452,-8552814,"Control","Coenocyte"
"233","C3",36,840.72,333.576,2.468,1.645,-8616304,"Control","Coenocyte"
"234","C3",37,840.72,336.627,3.051,2.034,-8681848,"Control","Coenocyte"
"235","C3",38,844.788,337.983,4.288,2.859,-9206912,"Control","Coenocyte"
"236","C3",39,843.432,337.983,1.356,0.904,-9140600,"Control","Coenocyte"
"237","C3",40,842.754,336.627,1.516,1.011,-9272962,"Control","Coenocyte"
"238","C3",41,840.042,336.627,2.712,1.808,-9734269,"Control","Coenocyte"
"239","C3",42,839.364,337.305,0.959,0.639,-8944500,"Control","Coenocyte"
"240","C3",43,842.754,339.339,3.953,2.636,-8813434,"Control","Coenocyte"
"241","C3",44,841.398,336.627,3.032,2.021,-8880500,"Control","Coenocyte"
"242","C3",45,838.686,336.627,2.712,1.808,-8816512,"Control","Coenocyte"
"243","C3",46,834.279,336.627,4.407,2.938,-9143169,"Control","Coenocyte"
"244","C3",47,833.601,337.305,0.959,0.639,-8749179,"Control","Coenocyte"
"245","C3",48,835.635,337.983,2.144,1.429,-8682618,"Control","Coenocyte"
"246","C3",49,836.313,337.305,0.959,0.639,-8156023,"Control","Coenocyte"
"247","C3",50,836.313,335.949,1.356,0.904,-8881794,"Control","Coenocyte"
"248","C3",51,835.635,336.627,0.959,0.639,-8355704,"Control","Coenocyte"
"249","C3",52,836.313,335.949,0.959,0.639,-9208963,"Control","Coenocyte"
"250","C3",53,836.313,335.949,0,0,-8684669,"Control","Coenocyte"
"251","C3",54,835.635,337.305,1.516,1.011,-8420725,"Control","Coenocyte"
"252","C3",55,835.635,336.627,0.678,0.452,-8683640,"Control","Coenocyte"
"253","C3",56,836.313,337.305,0.959,0.639,-8618355,"Control","Coenocyte"
"254","C3",57,836.313,337.305,0,0,-8748663,"Control","Coenocyte"
"255","C3",58,837.669,334.932,2.733,1.822,-8945280,"Control","Coenocyte"
"256","C3",59,837.669,336.627,1.695,1.13,-8748912,"Control","Coenocyte"
"257","C3",60,836.313,335.949,1.516,1.011,-9211009,"Control","Coenocyte"
"258","C3",61,834.957,335.949,1.356,0.904,-8879477,"Control","Coenocyte"
"259","C3",62,835.635,336.627,0.959,0.639,-8550529,"Control","Coenocyte"
"260","C3",63,836.991,338.661,2.445,1.63,-9403513,"Control","Coenocyte"
"261","C3",64,836.313,339.339,0.959,0.639,-8813181,"Control","Coenocyte"
"262","C3",65,836.313,337.983,1.356,0.904,-9337469,"Control","Coenocyte"
"263","C3",66,837.669,337.983,1.356,0.904,-9141629,"Control","Coenocyte"
"264","C3",67,839.364,337.305,1.826,1.217,-9076335,"Control","Coenocyte"
"265","C3",68,838.686,335.949,1.516,1.011,-9274232,"Control","Coenocyte"
"266","C3",69,836.313,335.949,2.373,1.582,-9142649,"Control","Coenocyte"
"267","C3",70,836.313,334.254,1.695,1.13,-9075828,"Control","Coenocyte"
"268","C3",71,837.669,335.949,2.171,1.447,-9208693,"Control","Coenocyte"
"269","C3",72,835.635,336.627,2.144,1.429,-9339509,"Control","Coenocyte"
"270","C3",73,835.635,335.949,0.678,0.452,-9536629,"Control","Coenocyte"
"271","C3",74,835.635,334.254,1.695,1.13,-9735296,"Control","Coenocyte"
"272","C3",75,835.635,336.627,2.373,1.582,-9143672,"Control","Coenocyte"
"273","C3",76,834.957,336.627,0.678,0.452,-9802105,"Control","Coenocyte"
"274","C3",77,836.313,335.949,1.516,1.011,-9211264,"Control","Coenocyte"
"275","C3",78,836.313,334.932,1.017,0.678,-9603199,"Control","Coenocyte"
"276","C3",79,839.364,335.949,3.216,2.144,-9144440,"Control","Coenocyte"
"277","C3",80,835.635,334.254,4.096,2.731,-9339008,"Control","Coenocyte"
"278","C3",81,835.635,333.576,0.678,0.452,-8420978,"Control","Coenocyte"
"279","C3",82,836.991,334.254,1.516,1.011,-9535358,"Control","Coenocyte"
"280","C3",83,837.669,332.898,1.516,1.011,-9470582,"Control","Coenocyte"
"281","C3",84,831.567,332.898,6.102,4.068,-9274492,"Control","Coenocyte"
"282","C3",85,834.957,332.22,3.457,2.305,-9800327,"Control","Coenocyte"
"283","C3",86,832.923,332.22,2.034,1.356,-8749684,"Control","Coenocyte"
"284","C3",87,835.635,335.949,4.611,3.074,-8749682,"Control","Coenocyte"
"285","C3",88,834.957,332.898,3.125,2.084,-8878960,"Control","Coenocyte"
"286","C3",89,834.279,332.22,0.959,0.639,-8813945,"Control","Coenocyte"
"287","C3",90,835.635,332.898,1.516,1.011,-9012086,"Control","Coenocyte"
"288","C3",91,836.313,334.254,1.516,1.011,-9338745,"Control","Coenocyte"
"289","C3",92,834.957,332.22,2.445,1.63,-8813434,"Control","Coenocyte"
"290","C3",93,834.279,333.576,1.516,1.011,-8880502,"Control","Coenocyte"
"291","C3",94,833.601,332.898,0.959,0.639,-8880752,"Control","Coenocyte"
"292","C3",95,836.313,334.932,3.39,2.26,-9077618,"Control","Coenocyte"
"293","C3",96,836.313,337.305,2.373,1.582,-9471611,"Control","Coenocyte"
"294","C3",97,838.686,338.661,2.733,1.822,-9404799,"Control","Coenocyte"
"295","C3",98,838.686,341.373,2.712,1.808,-9142900,"Control","Coenocyte"
"296","C3",99,839.364,337.983,3.457,2.305,-9144442,"Control","Coenocyte"
"297","C3",100,838.686,337.305,0.959,0.639,-9012086,"Control","Coenocyte"
"298","C4",2,331.203,303.744,1.222,0.815,-9403523,"Control","Coenocyte"
"299","C4",3,330.186,304.422,1.222,0.815,-10324625,"Control","Coenocyte"
"300","C4",4,326.796,303.066,3.651,2.434,-12496295,"Control","Coenocyte"
"301","C4",5,328.83,302.388,2.144,1.429,-10523797,"Control","Coenocyte"
"302","C4",6,328.83,302.388,0,0,-10062472,"Control","Coenocyte"
"303","C4",7,329.508,302.388,0.678,0.452,-9207687,"Control","Coenocyte"
"304","C4",8,328.83,303.744,1.516,1.011,-10852248,"Control","Coenocyte"
"305","C4",9,329.508,303.066,0.959,0.639,-9604750,"Control","Coenocyte"
"306","C4",10,329.508,303.066,0,0,-11050396,"Control","Coenocyte"
"307","C4",11,329.508,303.066,0,0,-11049627,"Control","Coenocyte"
"308","C4",12,328.83,303.066,0.678,0.452,-10983331,"Control","Coenocyte"
"309","C4",13,329.508,303.744,0.959,0.639,-10589863,"Control","Coenocyte"
"310","C4",14,329.508,303.744,0,0,-10919580,"Control","Coenocyte"
"311","C4",15,329.508,303.744,0,0,-12169648,"Control","Coenocyte"
"312","C4",16,329.508,303.744,0,0,-10655395,"Control","Coenocyte"
"313","C4",17,326.796,302.388,3.032,2.021,-11780259,"Control","Coenocyte"
"314","C4",18,327.474,302.388,0.678,0.452,-12367276,"Control","Coenocyte"
"315","C4",19,328.83,303.744,1.918,1.278,-12171704,"Control","Coenocyte"
"316","C4",20,328.83,304.422,0.678,0.452,-10455710,"Control","Coenocyte"
"317","C4",21,328.83,304.422,0,0,-10256284,"Control","Coenocyte"
"318","C4",22,328.83,304.422,0,0,-10589851,"Control","Coenocyte"
"319","C4",23,328.83,304.422,0,0,-11445164,"Control","Coenocyte"
"320","C4",24,328.152,305.1,0.959,0.639,-10852263,"Control","Coenocyte"
"321","C4",25,328.152,305.1,0,0,-10456476,"Control","Coenocyte"
"322","C4",26,328.152,305.1,0,0,-10325401,"Control","Coenocyte"
"323","C4",27,328.152,305.1,0,0,-9537690,"Control","Coenocyte"
"324","C4",28,328.152,305.1,0,0,-10921891,"Control","Coenocyte"
"325","C4",29,330.186,306.117,2.274,1.516,-9207689,"Control","Coenocyte"
"326","C4",30,328.83,306.117,1.356,0.904,-10589594,"Control","Coenocyte"
"327","C4",31,329.508,305.1,1.222,0.815,-10064285,"Control","Coenocyte"
"328","C4",32,329.508,305.1,0,0,-10986405,"Control","Coenocyte"
"329","C4",33,328.83,306.117,1.222,0.815,-11316385,"Control","Coenocyte"
"330","C4",34,328.83,306.117,0,0,-10133904,"Control","Coenocyte"
"331","C4",35,328.152,306.117,0.678,0.452,-10655638,"Control","Coenocyte"
"332","C4",36,328.152,306.117,0,0,-10326155,"Control","Coenocyte"
"333","C4",37,329.508,306.795,1.516,1.011,-10725022,"Control","Coenocyte"
"334","C4",38,328.83,306.795,0.678,0.452,-11117727,"Control","Coenocyte"
"335","C4",39,328.83,306.795,0,0,-10724511,"Control","Coenocyte"
"336","C4",40,328.83,306.795,0,0,-9931412,"Control","Coenocyte"
"337","C4",41,324.762,306.117,4.124,2.749,-9870232,"Control","Coenocyte"
"338","C4",42,324.762,306.795,0.678,0.452,-8949908,"Control","Coenocyte"
"339","C4",43,324.762,306.795,0,0,-8552565,"Control","Coenocyte"
"340","C4",44,324.762,306.117,0.678,0.452,-9474957,"Control","Coenocyte"
"341","C4",45,324.084,306.117,0.678,0.452,-8092029,"Control","Coenocyte"
"342","C4",46,324.084,306.117,0,0,-10129562,"Control","Coenocyte"
"343","C4",47,324.084,306.117,0,0,-8158081,"Control","Coenocyte"
"344","C4",48,323.067,305.1,1.438,0.959,-8814471,"Control","Coenocyte"
"345","C4",49,324.762,306.117,1.977,1.318,-7762286,"Control","Coenocyte"
"346","C4",50,324.762,306.117,0,0,-8420741,"Control","Coenocyte"
"347","C4",51,324.762,305.1,1.017,0.678,-7895163,"Control","Coenocyte"
"348","C4",52,324.762,304.422,0.678,0.452,-9406868,"Control","Coenocyte"
"349","C4",53,323.067,305.1,1.826,1.217,-7894899,"Control","Coenocyte"
"350","C4",54,323.067,305.1,0,0,-7830898,"Control","Coenocyte"
"351","C4",55,323.067,306.117,1.017,0.678,-8558196,"Control","Coenocyte"
"352","C4",56,322.389,306.117,0.678,0.452,-8619133,"Control","Coenocyte"
"353","C4",57,322.389,306.117,0,0,-8882810,"Control","Coenocyte"
"354","C4",58,321.711,304.422,1.826,1.217,-8354184,"Control","Coenocyte"
"355","C4",59,321.711,305.1,0.678,0.452,-8620416,"Control","Coenocyte"
"356","C4",60,321.711,305.1,0,0,-9077125,"Control","Coenocyte"
"357","C4",61,321.711,301.032,4.068,2.712,-8685186,"Control","Coenocyte"
"358","C4",62,320.355,299.676,1.918,1.278,-9211031,"Control","Coenocyte"
"359","C4",63,320.355,299.676,0,0,-10066589,"Control","Coenocyte"
"360","C4",64,320.355,298.998,0.678,0.452,-8951685,"Control","Coenocyte"
"361","C4",65,320.355,298.998,0,0,-8688260,"Control","Coenocyte"
"362","C4",66,317.643,297.303,3.198,2.132,-10522267,"Control","Coenocyte"
"363","C4",67,313.914,296.625,3.79,2.527,-10522770,"Control","Coenocyte"
"364","C4",68,315.27,299.676,3.339,2.226,-8023924,"Control","Coenocyte"
"365","C4",69,316.287,302.388,2.896,1.931,-11056018,"Control","Coenocyte"
"366","C4",70,318.999,306.117,4.611,3.074,-8877428,"Control","Coenocyte"
"367","C4",71,317.643,303.066,3.339,2.226,-10526355,"Control","Coenocyte"
"368","C4",72,316.965,303.744,0.959,0.639,-9013642,"Control","Coenocyte"
"369","C4",73,316.965,304.422,0.678,0.452,-8553343,"Control","Coenocyte"
"370","C4",74,317.643,304.422,0.678,0.452,-11382690,"Control","Coenocyte"
"371","C4",75,318.321,305.1,0.959,0.639,-10327964,"Control","Coenocyte"
"372","C4",76,318.321,303.744,1.356,0.904,-10920879,"Control","Coenocyte"
"373","C4",77,318.999,303.744,0.678,0.452,-12241074,"Control","Coenocyte"
"374","C4",78,318.999,303.744,0,0,-9281955,"Control","Coenocyte"
"375","C4",79,319.677,303.066,0.959,0.639,-11512996,"Control","Coenocyte"
"376","C4",80,318.999,303.066,0.678,0.452,-12762804,"Control","Coenocyte"
"377","C4",81,317.643,303.066,1.356,0.904,-12562606,"Control","Coenocyte"
"378","C4",82,318.999,303.066,1.356,0.904,-11115417,"Control","Coenocyte"
"379","C4",83,320.355,303.066,1.356,0.904,-11246756,"Control","Coenocyte"
"380","C4",84,319.677,301.71,1.516,1.011,-12760236,"Control","Coenocyte"
"381","C4",85,321.033,301.71,1.356,0.904,-12629947,"Control","Coenocyte"
"382","C4",86,320.355,300.354,1.516,1.011,-11446954,"Control","Coenocyte"
"383","C4",87,321.033,300.354,0.678,0.452,-11251892,"Control","Coenocyte"
"384","C4",88,321.711,301.032,0.959,0.639,-12635050,"Control","Coenocyte"
"385","C4",89,321.711,298.998,2.034,1.356,-11968686,"Control","Coenocyte"
"386","C4",90,322.389,297.981,1.222,0.815,-11509164,"Control","Coenocyte"
"387","C4",91,321.033,298.998,1.695,1.13,-12233397,"Control","Coenocyte"
"388","C4",92,319.677,298.998,1.356,0.904,-13482427,"Control","Coenocyte"
"389","C4",93,317.643,300.354,2.445,1.63,-11509166,"Control","Coenocyte"
"390","C4",94,315.27,300.354,2.373,1.582,-13685959,"Control","Coenocyte"
"391","C4",95,317.643,300.354,2.373,1.582,-10591910,"Control","Coenocyte"
"392","C4",96,317.643,300.354,0,0,-9998243,"Control","Coenocyte"
"393","C4",97,318.321,297.981,2.468,1.645,-11119782,"Control","Coenocyte"
"394","C4",98,320.355,297.303,2.144,1.429,-11703471,"Control","Coenocyte"
"395","C4",99,317.643,301.032,4.611,3.074,-11579310,"Control","Coenocyte"
"396","C4",100,316.287,303.066,2.445,1.63,-9670293,"Control","Coenocyte"
"397","C5",2,97.971,97.632,2.445,1.63,-12560043,"Control","Coenocyte"
"398","C5",3,98.649,96.954,0.959,0.639,-12298664,"Control","Coenocyte"
"399","C5",4,98.649,96.954,0,0,-12298411,"Control","Coenocyte"
"400","C5",5,98.649,97.632,0.678,0.452,-12495020,"Control","Coenocyte"
"401","C5",6,97.971,96.276,1.516,1.011,-12428973,"Control","Coenocyte"
"402","C5",7,97.971,96.276,0,0,-11048595,"Control","Coenocyte"
"403","C5",8,97.971,94.92,1.356,0.904,-9733766,"Control","Coenocyte"
"404","C5",9,98.649,94.92,0.678,0.452,-10194064,"Control","Coenocyte"
"405","C5",10,98.649,92.886,2.034,1.356,-8224890,"Control","Coenocyte"
"406","C5",11,97.293,92.886,1.356,0.904,-9142659,"Control","Coenocyte"
"407","C5",12,96.615,93.564,0.959,0.639,-10390934,"Control","Coenocyte"
"408","C5",13,95.937,92.886,0.959,0.639,-9665404,"Control","Coenocyte"
"409","C5",14,93.564,93.564,2.468,1.645,-11775143,"Control","Coenocyte"
"410","C5",15,93.564,94.242,0.678,0.452,-12694449,"Control","Coenocyte"
"411","C5",16,93.564,94.242,0,0,-12695471,"Control","Coenocyte"
"412","C5",17,94.242,94.242,0.678,0.452,-12954790,"Control","Coenocyte"
"413","C5",18,94.242,93.564,0.678,0.452,-12299181,"Control","Coenocyte"
"414","C5",19,93.564,94.242,0.959,0.639,-12365476,"Control","Coenocyte"
"415","C5",20,93.564,94.242,0,0,-12827306,"Control","Coenocyte"
"416","C5",21,94.242,94.242,0.678,0.452,-12496308,"Control","Coenocyte"
"417","C5",22,93.564,93.564,0.959,0.639,-12300972,"Control","Coenocyte"
"418","C5",23,93.564,92.886,0.678,0.452,-12758704,"Control","Coenocyte"
"419","C5",24,93.564,92.886,0,0,-12891820,"Control","Coenocyte"
"420","C5",25,92.886,91.869,1.222,0.815,-12501423,"Control","Coenocyte"
"421","C5",26,93.564,91.191,0.959,0.639,-11513501,"Control","Coenocyte"
"422","C5",27,93.564,91.869,0.678,0.452,-12697515,"Control","Coenocyte"
"423","C5",28,93.564,91.869,0,0,-12894892,"Control","Coenocyte"
"424","C5",29,93.564,92.886,1.017,0.678,-11118507,"Control","Coenocyte"
"425","C5",30,91.53,91.869,2.274,1.516,-11709597,"Control","Coenocyte"
"426","C5",31,91.53,92.886,1.017,0.678,-12173741,"Control","Coenocyte"
"427","C5",32,92.886,91.869,1.695,1.13,-12958377,"Control","Coenocyte"
"428","C5",33,92.886,91.869,0,0,-12693420,"Control","Coenocyte"
"429","C5",34,92.208,91.191,0.959,0.639,-11572886,"Control","Coenocyte"
"430","C5",35,92.208,91.191,0,0,-11045768,"Control","Coenocyte"
"431","C5",36,93.564,91.869,1.516,1.011,-12236964,"Control","Coenocyte"
"432","C5",37,93.564,91.191,0.678,0.452,-12040613,"Control","Coenocyte"
"433","C5",38,92.886,91.869,0.959,0.639,-13221814,"Control","Coenocyte"
"434","C5",39,92.208,91.191,0.959,0.639,-13221294,"Control","Coenocyte"
"435","C5",40,88.818,91.191,3.39,2.26,-13349299,"Control","Coenocyte"
"436","C5",41,89.496,89.835,1.516,1.011,-13349050,"Control","Coenocyte"
"437","C5",42,86.445,90.513,3.125,2.084,-11978403,"Control","Coenocyte"
"438","C5",43,89.496,88.479,3.667,2.445,-13150127,"Control","Coenocyte"
"439","C5",44,90.852,89.835,1.918,1.278,-11904157,"Control","Coenocyte"
"440","C5",45,88.818,89.835,2.034,1.356,-12693169,"Control","Coenocyte"
"441","C5",46,90.174,90.513,1.516,1.011,-12299943,"Control","Coenocyte"
"442","C5",47,90.174,91.191,0.678,0.452,-12762555,"Control","Coenocyte"
"443","C5",48,88.818,89.157,2.445,1.63,-11836311,"Control","Coenocyte"
"444","C5",49,87.801,89.157,1.017,0.678,-10521479,"Control","Coenocyte"
"445","C5",50,87.123,90.513,1.516,1.011,-11778476,"Control","Coenocyte"
"446","C5",51,87.801,91.869,1.516,1.011,-7829378,"Control","Coenocyte"
"447","C5",52,86.445,91.869,1.356,0.904,-7106674,"Control","Coenocyte"
"448","C5",53,86.445,91.869,0,0,-7305586,"Control","Coenocyte"
"449","C5",54,86.445,92.886,1.017,0.678,-8091513,"Control","Coenocyte"
"450","C5",55,85.767,91.869,1.222,0.815,-9075082,"Control","Coenocyte"
"451","C5",56,85.767,92.886,1.017,0.678,-9011597,"Control","Coenocyte"
"452","C5",57,85.089,91.191,1.826,1.217,-10792096,"Control","Coenocyte"
"453","C5",58,88.818,91.869,3.79,2.527,-7502461,"Control","Coenocyte"
"454","C5",59,90.174,94.242,2.733,1.822,-8091752,"Control","Coenocyte"
"455","C5",60,85.089,91.869,5.611,3.741,-12040884,"Control","Coenocyte"
"456","C5",61,86.445,91.191,1.516,1.011,-9998479,"Control","Coenocyte"
"457","C5",62,85.767,91.191,0.678,0.452,-11383204,"Control","Coenocyte"
"458","C5",63,86.445,91.191,0.678,0.452,-8024185,"Control","Coenocyte"
"459","C5",64,86.445,91.191,0,0,-7368308,"Control","Coenocyte"
"460","C5",65,85.089,91.869,1.516,1.011,-9997203,"Control","Coenocyte"
"461","C5",66,84.411,91.191,0.959,0.639,-12896183,"Control","Coenocyte"
"462","C5",67,87.123,94.242,4.082,2.721,-8550511,"Control","Coenocyte"
"463","C5",68,85.767,91.191,3.339,2.226,-12436143,"Control","Coenocyte"
"464","C5",69,87.123,95.598,4.611,3.074,-11183253,"Control","Coenocyte"
"465","C5",70,86.445,94.92,0.959,0.639,-10989473,"Control","Coenocyte"
"466","C5",71,86.445,94.242,0.678,0.452,-10658968,"Control","Coenocyte"
"467","C5",72,87.123,94.92,0.959,0.639,-9473417,"Control","Coenocyte"
"468","C5",73,85.767,95.598,1.516,1.011,-9408138,"Control","Coenocyte"
"469","C5",74,85.767,94.92,0.678,0.452,-11974317,"Control","Coenocyte"
"470","C5",75,86.445,94.242,0.959,0.639,-10915217,"Control","Coenocyte"
"471","C5",76,85.767,95.598,1.516,1.011,-11716521,"Control","Coenocyte"
"472","C5",77,85.767,94.92,0.678,0.452,-12111529,"Control","Coenocyte"
"473","C5",78,85.767,95.598,0.678,0.452,-8617857,"Control","Coenocyte"
"474","C5",79,84.411,93.564,2.445,1.63,-11645865,"Control","Coenocyte"
"475","C5",80,85.089,94.92,1.516,1.011,-10725287,"Control","Coenocyte"
"476","C5",81,85.089,95.598,0.678,0.452,-9603987,"Control","Coenocyte"
"477","C5",82,84.411,92.886,2.795,1.864,-10789791,"Control","Coenocyte"
"478","C5",83,85.089,94.242,1.516,1.011,-12437673,"Control","Coenocyte"
"479","C5",84,85.767,94.92,0.959,0.639,-10460826,"Control","Coenocyte"
"480","C5",85,85.089,96.276,1.516,1.011,-11117211,"Control","Coenocyte"
"481","C5",86,84.411,93.564,2.795,1.864,-11907503,"Control","Coenocyte"
"482","C5",87,84.411,94.92,1.356,0.904,-12501933,"Control","Coenocyte"
"483","C5",88,84.411,93.564,1.356,0.904,-10722694,"Control","Coenocyte"
"484","C5",89,85.089,93.564,0.678,0.452,-11844524,"Control","Coenocyte"
"485","C5",90,83.733,92.886,1.516,1.011,-10655885,"Control","Coenocyte"
"486","C5",91,86.445,95.598,3.835,2.557,-9995145,"Control","Coenocyte"
"487","C5",92,83.055,96.276,3.457,2.305,-11580323,"Control","Coenocyte"
"488","C5",93,84.411,92.886,3.651,2.434,-12302255,"Control","Coenocyte"
"489","C5",94,86.445,93.564,2.144,1.429,-11774129,"Control","Coenocyte"
"490","C5",95,86.445,93.564,0,0,-11771297,"Control","Coenocyte"
"491","C5",96,82.377,94.242,4.124,2.749,-9342094,"Control","Coenocyte"
"492","C5",97,86.445,92.886,4.288,2.859,-9994367,"Control","Coenocyte"
"493","C5",98,86.445,91.869,1.017,0.678,-8680829,"Control","Coenocyte"
"494","C5",99,85.089,91.191,1.516,1.011,-10721439,"Control","Coenocyte"
"495","C5",100,85.089,92.886,1.695,1.13,-11378079,"Control","Coenocyte"
"496","C6",2,133.566,633.591,1.356,0.904,-11507606,"Control","Coenocyte"
"497","C6",3,133.566,633.591,0,0,-11509651,"Control","Coenocyte"
"498","C6",4,133.566,633.591,0,0,-11047560,"Control","Coenocyte"
"499","C6",5,134.244,634.947,1.516,1.011,-9927283,"Control","Coenocyte"
"500","C6",6,133.566,634.269,0.959,0.639,-10717555,"Control","Coenocyte"
"501","C6",7,133.566,634.269,0,0,-10587784,"Control","Coenocyte"
"502","C6",8,133.566,634.269,0,0,-10983307,"Control","Coenocyte"
"503","C6",9,133.566,634.269,0,0,-11180953,"Control","Coenocyte"
"504","C6",10,133.566,634.269,0,0,-11046291,"Control","Coenocyte"
"505","C6",11,133.566,634.269,0,0,-12363685,"Control","Coenocyte"
"506","C6",12,133.566,634.269,0,0,-11639962,"Control","Coenocyte"
"507","C6",13,134.244,634.947,0.959,0.639,-9601149,"Control","Coenocyte"
"508","C6",14,134.244,634.947,0,0,-9534570,"Control","Coenocyte"
"509","C6",15,134.244,634.947,0,0,-9995121,"Control","Coenocyte"
"510","C6",16,134.244,634.947,0,0,-9468779,"Control","Coenocyte"
"511","C6",17,134.244,634.947,0,0,-9798763,"Control","Coenocyte"
"512","C6",18,134.244,634.947,0,0,-9667175,"Control","Coenocyte"
"513","C6",19,131.871,633.591,2.733,1.822,-12956576,"Control","Coenocyte"
"514","C6",20,134.244,634.269,2.468,1.645,-9206883,"Control","Coenocyte"
"515","C6",21,134.244,634.947,0.678,0.452,-9730910,"Control","Coenocyte"
"516","C6",22,134.244,634.947,0,0,-9339760,"Control","Coenocyte"
"517","C6",23,134.244,634.947,0,0,-8878178,"Control","Coenocyte"
"518","C6",24,134.244,634.947,0,0,-9075046,"Control","Coenocyte"
"519","C6",25,134.244,634.947,0,0,-9401450,"Control","Coenocyte"
"520","C6",26,134.244,634.947,0,0,-9009263,"Control","Coenocyte"
"521","C6",27,134.922,634.947,0.678,0.452,-8420440,"Control","Coenocyte"
"522","C6",28,136.956,635.625,2.144,1.429,-9143133,"Control","Coenocyte"
"523","C6",29,134.922,634.269,2.445,1.63,-8943201,"Control","Coenocyte"
"524","C6",30,134.922,634.269,0,0,-8945756,"Control","Coenocyte"
"525","C6",31,133.566,634.269,1.356,0.904,-10257515,"Control","Coenocyte"
"526","C6",32,133.566,634.269,0,0,-9272417,"Control","Coenocyte"
"527","C6",33,134.922,635.625,1.918,1.278,-8419163,"Control","Coenocyte"
"528","C6",34,134.922,634.947,0.678,0.452,-8222552,"Control","Coenocyte"
"529","C6",35,134.922,634.947,0,0,-8616542,"Control","Coenocyte"
"530","C6",36,134.922,634.947,0,0,-8814188,"Control","Coenocyte"
"531","C6",37,134.244,634.947,0.678,0.452,-8156759,"Control","Coenocyte"
"532","C6",38,134.244,634.947,0,0,-8091987,"Control","Coenocyte"
"533","C6",39,134.244,634.269,0.678,0.452,-9270622,"Control","Coenocyte"
"534","C6",40,134.244,634.269,0,0,-9140831,"Control","Coenocyte"
"535","C6",41,134.244,634.269,0,0,-8550232,"Control","Coenocyte"
"536","C6",42,134.922,634.947,0.959,0.639,-9077867,"Control","Coenocyte"
"537","C6",43,134.922,634.947,0,0,-9207923,"Control","Coenocyte"
"538","C6",44,134.244,634.947,0.678,0.452,-8484970,"Control","Coenocyte"
"539","C6",45,134.244,634.947,0,0,-8157026,"Control","Coenocyte"
"540","C6",46,134.244,634.947,0,0,-8090966,"Control","Coenocyte"
"541","C6",47,134.922,634.947,0.678,0.452,-7764568,"Control","Coenocyte"
"542","C6",48,134.922,634.947,0,0,-8616538,"Control","Coenocyte"
"543","C6",49,134.922,634.947,0,0,-9405027,"Control","Coenocyte"
"544","C6",50,134.922,634.947,0,0,-8616302,"Control","Coenocyte"
"545","C6",51,134.922,634.947,0,0,-8944242,"Control","Coenocyte"
"546","C6",52,135.6,634.269,0.959,0.639,-8614246,"Control","Coenocyte"
"547","C6",53,136.278,633.591,0.959,0.639,-8093280,"Control","Coenocyte"
"548","C6",54,135.6,634.269,0.959,0.639,-8942431,"Control","Coenocyte"
"549","C6",55,131.871,632.913,3.968,2.645,-11507355,"Control","Coenocyte"
"550","C6",56,134.244,634.269,2.733,1.822,-8223324,"Control","Coenocyte"
"551","C6",57,134.244,634.269,0,0,-8091226,"Control","Coenocyte"
"552","C6",58,133.566,634.269,0.678,0.452,-8617570,"Control","Coenocyte"
"553","C6",59,133.566,634.269,0,0,-8879981,"Control","Coenocyte"
"554","C6",60,134.244,634.269,0.678,0.452,-8748391,"Control","Coenocyte"
"555","C6",61,134.244,634.947,0.678,0.452,-8289103,"Control","Coenocyte"
"556","C6",62,134.244,634.947,0,0,-8352101,"Control","Coenocyte"
"557","C6",63,134.922,634.947,0.678,0.452,-8157026,"Control","Coenocyte"
"558","C6",64,134.922,634.947,0,0,-9012074,"Control","Coenocyte"
"559","C6",65,134.922,634.947,0,0,-8812638,"Control","Coenocyte"
"560","C6",66,134.922,634.947,0,0,-8286294,"Control","Coenocyte"
"561","C6",67,134.922,634.947,0,0,-9075289,"Control","Coenocyte"
"562","C6",68,134.922,634.947,0,0,-8945505,"Control","Coenocyte"
"563","C6",69,134.922,634.947,0,0,-9338479,"Control","Coenocyte"
"564","C6",70,134.922,634.947,0,0,-8681571,"Control","Coenocyte"
"565","C6",71,134.922,635.625,0.678,0.452,-8747873,"Control","Coenocyte"
"566","C6",72,134.244,635.625,0.678,0.452,-8354395,"Control","Coenocyte"
"567","C6",73,134.922,634.947,0.959,0.639,-8878948,"Control","Coenocyte"
"568","C6",74,134.922,634.947,0,0,-9141093,"Control","Coenocyte"
"569","C6",75,134.922,634.947,0,0,-9206894,"Control","Coenocyte"
"570","C6",76,134.244,634.947,0.678,0.452,-8551768,"Control","Coenocyte"
"571","C6",77,134.244,634.947,0,0,-8748914,"Control","Coenocyte"
"572","C6",78,134.922,634.947,0.678,0.452,-8680041,"Control","Coenocyte"
"573","C6",79,134.922,634.947,0,0,-9140339,"Control","Coenocyte"
"574","C6",80,134.922,634.947,0,0,-9271916,"Control","Coenocyte"
"575","C6",81,134.922,634.947,0,0,-9337709,"Control","Coenocyte"
"576","C6",82,133.566,635.625,1.516,1.011,-8486745,"Control","Coenocyte"
"577","C6",83,133.566,635.625,0,0,-8684639,"Control","Coenocyte"
"578","C6",84,133.566,634.947,0.678,0.452,-8880751,"Control","Coenocyte"
"579","C6",85,133.566,634.947,0,0,-8421228,"Control","Coenocyte"
"580","C6",86,133.566,634.947,0,0,-8027240,"Control","Coenocyte"
"581","C6",87,134.922,634.947,1.356,0.904,-8419428,"Control","Coenocyte"
"582","C6",88,134.244,634.269,0.959,0.639,-8551276,"Control","Coenocyte"
"583","C6",89,135.6,634.269,1.356,0.904,-8024932,"Control","Coenocyte"
"584","C6",90,135.6,634.947,0.678,0.452,-8419161,"Control","Coenocyte"
"585","C7",2,67.461,526.128,0,0,-11046018,"Control","Coenocyte"
"586","C7",3,67.461,526.128,0,0,-11112062,"Control","Coenocyte"
"587","C7",4,67.461,526.128,0,0,-10717553,"Control","Coenocyte"
"588","C7",5,67.461,526.128,0,0,-10784108,"Control","Coenocyte"
"589","C7",6,68.139,527.145,1.222,0.815,-11375493,"Control","Coenocyte"
"590","C7",7,68.817,527.145,0.678,0.452,-10782592,"Control","Coenocyte"
"591","C7",8,68.139,527.823,0.959,0.639,-11242616,"Control","Coenocyte"
"592","C7",9,68.139,527.823,0,0,-11177601,"Control","Coenocyte"
"593","C7",10,68.817,527.823,0.678,0.452,-11308152,"Control","Coenocyte"
"594","C7",11,68.139,527.823,0.678,0.452,-11831683,"Control","Coenocyte"
"595","C7",12,68.139,526.128,1.695,1.13,-10524789,"Control","Coenocyte"
"596","C7",13,67.461,527.145,1.222,0.815,-11768448,"Control","Coenocyte"
"597","C7",14,66.783,527.145,0.678,0.452,-11504251,"Control","Coenocyte"
"598","C7",15,67.461,527.145,0.678,0.452,-10978936,"Control","Coenocyte"
"599","C7",16,67.461,527.145,0,0,-11042682,"Control","Coenocyte"
"600","C7",17,67.461,527.145,0,0,-10717050,"Control","Coenocyte"
"601","C7",18,67.461,527.145,0,0,-11113341,"Control","Coenocyte"
"602","C7",19,66.783,527.145,0.678,0.452,-10980224,"Control","Coenocyte"
"603","C7",20,66.783,527.145,0,0,-10846321,"Control","Coenocyte"
"604","C7",21,66.783,527.145,0,0,-10979963,"Control","Coenocyte"
"605","C7",22,66.783,527.145,0,0,-10650498,"Control","Coenocyte"
"606","C7",23,68.139,527.823,1.516,1.011,-10455163,"Control","Coenocyte"
"607","C7",24,68.139,526.128,1.695,1.13,-10585993,"Control","Coenocyte"
"608","C7",25,67.461,526.128,0.678,0.452,-10194040,"Control","Coenocyte"
"609","C7",26,67.461,527.145,1.017,0.678,-10783606,"Control","Coenocyte"
"610","C7",27,67.461,527.145,0,0,-10717052,"Control","Coenocyte"
"611","C7",28,67.461,527.145,0,0,-11241603,"Control","Coenocyte"
"612","C7",29,68.139,527.145,0.678,0.452,-10979714,"Control","Coenocyte"
"613","C7",30,68.139,527.145,0,0,-11177601,"Control","Coenocyte"
"614","C7",31,68.139,527.145,0,0,-11243656,"Control","Coenocyte"
"615","C7",32,68.139,527.145,0,0,-10982268,"Control","Coenocyte"
"616","C7",33,67.461,527.145,0.678,0.452,-9996685,"Control","Coenocyte"
"617","C7",34,67.461,527.145,0,0,-9536637,"Control","Coenocyte"
"618","C7",35,66.783,526.128,1.222,0.815,-10325624,"Control","Coenocyte"
"619","C7",36,68.139,526.128,1.356,0.904,-10455688,"Control","Coenocyte"
"620","C7",37,67.461,525.45,0.959,0.639,-10321014,"Control","Coenocyte"
"621","C7",38,67.461,526.128,0.678,0.452,-10060405,"Control","Coenocyte"
"622","C7",39,67.461,527.145,1.017,0.678,-9666691,"Control","Coenocyte"
"623","C7",40,66.783,526.128,1.222,0.815,-10585464,"Control","Coenocyte"
"624","C7",41,66.783,526.128,0,0,-10191997,"Control","Coenocyte"
"625","C7",42,66.783,526.128,0,0,-9009530,"Control","Coenocyte"
"626","C7",43,66.783,527.145,1.017,0.678,-9012854,"Control","Coenocyte"
"627","C7",44,64.41,526.128,2.582,1.721,-9272702,"Control","Coenocyte"
"628","C7",45,63.732,525.45,0.959,0.639,-9404799,"Control","Coenocyte"
"629","C7",46,63.732,525.45,0,0,-8417906,"Control","Coenocyte"
"630","C7",47,61.698,525.45,2.034,1.356,-9929354,"Control","Coenocyte"
"631","C7",48,63.732,526.128,2.144,1.429,-9599098,"Control","Coenocyte"
"632","C7",49,63.732,525.45,0.678,0.452,-9404538,"Control","Coenocyte"
"633","C7",50,63.732,525.45,0,0,-8945529,"Control","Coenocyte"
"634","C7",51,63.054,526.128,0.959,0.639,-9930882,"Control","Coenocyte"
"635","C7",52,63.054,526.128,0,0,-9401701,"Control","Coenocyte"
"636","C7",53,63.054,525.45,0.678,0.452,-9271667,"Control","Coenocyte"
"637","C7",54,63.054,525.45,0,0,-10256258,"Control","Coenocyte"
"638","C7",55,64.41,525.45,1.356,0.904,-9469314,"Control","Coenocyte"
"639","C7",56,65.088,525.45,0.678,0.452,-10058360,"Control","Coenocyte"
"640","C7",57,66.783,526.128,1.826,1.217,-9337967,"Control","Coenocyte"
"641","C7",58,66.783,526.128,0,0,-9604472,"Control","Coenocyte"
"642","C7",59,67.461,526.128,0.678,0.452,-9933439,"Control","Coenocyte"
"643","C7",60,67.461,526.128,0,0,-10394758,"Control","Coenocyte"
"644","C7",61,66.783,526.128,0.678,0.452,-9867134,"Control","Coenocyte"
"645","C7",62,66.783,526.128,0,0,-9337969,"Control","Coenocyte"
"646","C7",63,65.088,526.128,1.695,1.13,-10063481,"Control","Coenocyte"
"647","C7",64,65.088,526.128,0,0,-10588800,"Control","Coenocyte"
"648","C7",65,65.766,527.145,1.222,0.815,-11246726,"Control","Coenocyte"
"649","C7",66,65.766,526.128,1.017,0.678,-10065026,"Control","Coenocyte"
"650","C7",67,65.766,526.128,0,0,-9996661,"Control","Coenocyte"
"651","C7",68,65.088,525.45,0.959,0.639,-10323583,"Control","Coenocyte"
"652","C7",69,65.088,525.45,0,0,-9929846,"Control","Coenocyte"
"653","C7",70,65.088,526.128,0.678,0.452,-10061440,"Control","Coenocyte"
"654","C7",71,65.088,526.128,0,0,-10657661,"Control","Coenocyte"
"655","C7",72,65.088,526.128,0,0,-9934969,"Control","Coenocyte"
"656","C7",73,65.088,525.45,0.678,0.452,-9540738,"Control","Coenocyte"
"657","C7",74,66.783,525.45,1.695,1.13,-9404802,"Control","Coenocyte"
"658","C7",75,66.783,525.45,0,0,-9798271,"Control","Coenocyte"
"659","C7",76,66.783,525.45,0,0,-8683121,"Control","Coenocyte"
"660","C7",77,65.766,526.128,1.222,0.815,-10063224,"Control","Coenocyte"
"661","C7",78,66.783,525.45,1.222,0.815,-8875635,"Control","Coenocyte"
"662","C7",79,65.088,525.45,1.695,1.13,-9670257,"Control","Coenocyte"
"663","C7",80,65.088,525.45,0,0,-10525056,"Control","Coenocyte"
"664","C7",81,65.088,525.45,0,0,-10262405,"Control","Coenocyte"
"665","C7",82,65.766,526.128,0.959,0.639,-10722435,"Control","Coenocyte"
"666","C7",83,65.766,525.45,0.678,0.452,-10330765,"Control","Coenocyte"
"667","C7",84,65.766,525.45,0,0,-10131343,"Control","Coenocyte"
"668","C7",85,65.766,525.45,0,0,-9999749,"Control","Coenocyte"
"669","C7",86,65.766,525.45,0,0,-9933954,"Control","Coenocyte"
"670","C7",87,67.461,527.145,2.397,1.598,-10262921,"Control","Coenocyte"
"671","C7",88,67.461,527.145,0,0,-9802873,"Control","Coenocyte"
"672","C7",89,66.783,527.145,0.678,0.452,-9538168,"Control","Coenocyte"
"673","C7",90,66.783,527.145,0,0,-9664111,"Control","Coenocyte"
"674","C7",91,66.783,526.128,1.017,0.678,-9206910,"Control","Coenocyte"
"675","C7",92,66.783,526.128,0,0,-9995650,"Control","Coenocyte"
"676","C7",93,66.783,526.128,0,0,-9010795,"Control","Coenocyte"
"677","C7",94,66.783,526.128,0,0,-9338220,"Control","Coenocyte"
"678","C7",95,66.783,526.128,0,0,-9274987,"Control","Coenocyte"
"679","C7",96,66.783,527.145,1.017,0.678,-10456442,"Control","Coenocyte"
"680","C8",2,39.663,468.837,0.678,0.452,-11045505,"Control","Coenocyte"
"681","C8",3,40.341,468.159,0.959,0.639,-11375240,"Control","Coenocyte"
"682","C8",4,41.697,467.142,1.695,1.13,-10065518,"Control","Coenocyte"
"683","C8",5,41.697,468.159,1.017,0.678,-9472870,"Control","Coenocyte"
"684","C8",6,41.697,468.837,0.678,0.452,-11309187,"Control","Coenocyte"
"685","C8",7,41.697,468.837,0,0,-10523246,"Control","Coenocyte"
"686","C8",8,40.341,468.159,1.516,1.011,-10260587,"Control","Coenocyte"
"687","C8",9,41.019,469.515,1.516,1.011,-10782335,"Control","Coenocyte"
"688","C8",10,41.019,468.159,1.356,0.904,-10524786,"Control","Coenocyte"
"689","C8",11,41.019,468.837,0.678,0.452,-10585724,"Control","Coenocyte"
"690","C8",12,41.019,468.837,0,0,-10191991,"Control","Coenocyte"
"691","C8",13,41.019,468.837,0,0,-11046017,"Control","Coenocyte"
"692","C8",14,41.019,468.837,0,0,-10914180,"Control","Coenocyte"
"693","C8",15,39.663,469.515,1.516,1.011,-11045505,"Control","Coenocyte"
"694","C8",16,38.985,469.515,0.678,0.452,-10651772,"Control","Coenocyte"
"695","C8",17,38.985,470.193,0.678,0.452,-11112826,"Control","Coenocyte"
"696","C8",18,38.985,468.837,1.356,0.904,-10458996,"Control","Coenocyte"
"697","C8",19,41.019,468.837,2.034,1.356,-11178615,"Control","Coenocyte"
"698","C8",20,41.019,470.193,1.356,0.904,-10913919,"Control","Coenocyte"
"699","C8",21,41.019,469.515,0.678,0.452,-10717052,"Control","Coenocyte"
"700","C8",22,41.019,469.515,0,0,-11110522,"Control","Coenocyte"
"701","C8",23,40.341,469.515,0.678,0.452,-10389125,"Control","Coenocyte"
"702","C8",24,40.341,469.515,0,0,-10258034,"Control","Coenocyte"
"703","C8",25,40.341,468.837,0.678,0.452,-10325875,"Control","Coenocyte"
"704","C8",26,40.341,469.515,0.678,0.452,-9735538,"Control","Coenocyte"
"705","C8",27,43.731,475.278,6.686,4.457,-10850673,"Control","Coenocyte"
"706","C8",28,41.019,477.99,3.835,2.557,-10129793,"Control","Coenocyte"
"707","C8",29,41.019,481.38,3.39,2.26,-10455161,"Control","Coenocyte"
"708","C8",30,42.375,482.058,1.516,1.011,-9402998,"Control","Coenocyte"
"709","C8",31,38.985,482.058,3.39,2.26,-10265215,"Control","Coenocyte"
"710","C8",32,39.663,483.075,1.222,0.815,-10720651,"Control","Coenocyte"
"711","C8",33,39.663,482.058,1.017,0.678,-11184783,"Control","Coenocyte"
"712","C8",34,38.985,485.109,3.125,2.084,-9736575,"Control","Coenocyte"
"713","C8",35,39.663,485.109,0.678,0.452,-9738109,"Control","Coenocyte"
"714","C8",36,40.341,485.109,0.678,0.452,-9340532,"Control","Coenocyte"
"715","C8",37,40.341,485.787,0.678,0.452,-10782596,"Control","Coenocyte"
"716","C8",38,35.256,487.821,5.477,3.651,-9865324,"Control","Coenocyte"
"717","C8",39,33.9,487.143,1.516,1.011,-10455924,"Control","Coenocyte"
"718","C8",40,33.222,486.465,0.959,0.639,-10454405,"Control","Coenocyte"
"719","C8",41,32.544,488.499,2.144,1.429,-10717312,"Control","Coenocyte"
"720","C8",42,30.51,490.872,3.125,2.084,-10916999,"Control","Coenocyte"
"721","C8",43,30.51,494.94,4.068,2.712,-10654340,"Control","Coenocyte"
"722","C8",44,28.815,500.025,5.36,3.573,-10456953,"Control","Coenocyte"
"723","C8",45,28.815,502.059,2.034,1.356,-10522235,"Control","Coenocyte"
"724","C8",46,26.103,503.415,3.032,2.021,-9410168,"Control","Coenocyte"
"725","C8",47,26.103,502.059,1.356,0.904,-10392185,"Control","Coenocyte"
"726","C8",48,26.103,504.093,2.034,1.356,-8750193,"Control","Coenocyte"
"727","C8",49,26.781,502.059,2.144,1.429,-10850181,"Control","Coenocyte"
"728","C8",50,29.832,502.737,3.125,2.084,-10588028,"Control","Coenocyte"
"729","C8",51,25.425,505.11,5.005,3.337,-10197387,"Control","Coenocyte"
"730","C8",52,26.103,503.415,1.826,1.217,-9929597,"Control","Coenocyte"
"731","C8",53,26.781,503.415,0.678,0.452,-10849137,"Control","Coenocyte"
"732","C8",54,26.781,504.093,0.678,0.452,-11308176,"Control","Coenocyte"
"733","C8",55,26.781,503.415,0.678,0.452,-10721413,"Control","Coenocyte"
"734","C8",56,27.459,504.093,0.959,0.639,-10782333,"Control","Coenocyte"
"735","C8",57,27.459,504.093,0,0,-11046018,"Control","Coenocyte"
"736","C8",58,27.459,505.11,1.017,0.678,-10521740,"Control","Coenocyte"
"737","C8",59,26.781,504.093,1.222,0.815,-10981240,"Control","Coenocyte"
"738","C8",60,26.781,504.093,0,0,-11113093,"Control","Coenocyte"
"739","C8",61,26.781,503.415,0.678,0.452,-10456953,"Control","Coenocyte"
"740","C8",62,27.459,505.11,1.826,1.217,-10585215,"Control","Coenocyte"
"741","C8",63,27.459,505.11,0,0,-11306880,"Control","Coenocyte"
"742","C8",64,26.103,505.11,1.356,0.904,-10850420,"Control","Coenocyte"
"743","C8",65,26.103,505.788,0.678,0.452,-10328187,"Control","Coenocyte"
"744","C8",66,26.103,505.11,0.678,0.452,-11240827,"Control","Coenocyte"
"745","C8",67,26.103,505.11,0,0,-11110518,"Control","Coenocyte"
"746","C8",68,25.425,504.093,1.222,0.815,-11242896,"Control","Coenocyte"
"747","C8",69,26.103,505.11,1.222,0.815,-11111810,"Control","Coenocyte"
"748","C8",70,26.103,505.11,0,0,-10718080,"Control","Coenocyte"
"749","C8",71,26.781,505.11,0.678,0.452,-10848639,"Control","Coenocyte"
"750","C8",72,26.781,504.093,1.017,0.678,-10915447,"Control","Coenocyte"
"751","C8",73,28.137,505.11,1.695,1.13,-10524286,"Control","Coenocyte"
"752","C8",74,27.459,505.11,0.678,0.452,-11443858,"Control","Coenocyte"
"753","C8",75,27.459,505.11,0,0,-11046279,"Control","Coenocyte"
"754","C8",76,27.459,505.11,0,0,-10587795,"Control","Coenocyte"
"755","C8",77,27.459,505.11,0,0,-10195594,"Control","Coenocyte"
"756","C8",78,26.781,505.11,0.678,0.452,-9865344,"Control","Coenocyte"
"757","C8",79,26.781,505.11,0,0,-9737090,"Control","Coenocyte"
"758","C8",80,26.781,505.11,0,0,-8943991,"Control","Coenocyte"
"759","C8",81,26.781,505.11,0,0,-9666433,"Control","Coenocyte"
"760","C8",82,26.781,505.11,0,0,-9141878,"Control","Coenocyte"
"761","C8",83,26.103,505.11,0.678,0.452,-10391437,"Control","Coenocyte"
"762","C8",84,26.781,505.11,0.678,0.452,-10454405,"Control","Coenocyte"
"763","C8",85,26.781,505.11,0,0,-8878709,"Control","Coenocyte"
"764","C8",86,26.103,505.11,0.678,0.452,-10918806,"Control","Coenocyte"
"765","C8",87,26.103,505.11,0,0,-10655359,"Control","Coenocyte"
"766","C8",88,26.103,505.11,0,0,-10722684,"Control","Coenocyte"
"767","C8",89,26.103,505.11,0,0,-9801349,"Control","Coenocyte"
"768","C8",90,26.781,505.788,0.959,0.639,-10720133,"Control","Coenocyte"
"769","C8",91,26.103,505.11,0.959,0.639,-10652295,"Control","Coenocyte"
"770","C8",92,26.103,504.093,1.017,0.678,-10587007,"Control","Coenocyte"
"771","C8",93,26.103,504.093,0,0,-8681066,"Control","Coenocyte"
"772","C8",94,24.747,505.788,2.171,1.447,-9601394,"Control","Coenocyte"
"773","C8",95,24.747,506.466,0.678,0.452,-9404021,"Control","Coenocyte"
"774","C8",96,24.747,506.466,0,0,-9404001,"Control","Coenocyte"
"775","C8",97,25.425,506.466,0.678,0.452,-10064253,"Control","Coenocyte"
"776","C8",98,24.747,506.466,0.678,0.452,-10126705,"Control","Coenocyte"
"777","C8",99,24.747,506.466,0,0,-10519671,"Control","Coenocyte"
"778","C8",100,24.747,506.466,0,0,-9010793,"Control","Coenocyte"
"779","C9",2,591.216,483.753,3.051,2.034,-9865324,"Control","Coenocyte"
"780","C9",3,590.538,481.38,2.468,1.645,-9666158,"Control","Coenocyte"
"781","C9",4,592.572,480.702,2.144,1.429,-8682323,"Control","Coenocyte"
"782","C9",5,592.572,480.702,0,0,-8878423,"Control","Coenocyte"
"783","C9",6,591.894,480.702,0.678,0.452,-9536351,"Control","Coenocyte"
"784","C9",7,591.894,481.38,0.678,0.452,-9928289,"Control","Coenocyte"
"785","C9",8,591.216,481.38,0.678,0.452,-9206875,"Control","Coenocyte"
"786","C9",9,591.216,481.38,0,0,-9731413,"Control","Coenocyte"
"787","C9",10,591.216,481.38,0,0,-9076309,"Control","Coenocyte"
"788","C9",11,591.894,480.702,0.959,0.639,-9273431,"Control","Coenocyte"
"789","C9",12,591.216,481.38,0.959,0.639,-9336405,"Control","Coenocyte"
"790","C9",13,591.216,481.38,0,0,-9863774,"Control","Coenocyte"
"791","C9",14,590.538,480.702,0.959,0.639,-9732703,"Control","Coenocyte"
"792","C9",15,589.182,481.38,1.516,1.011,-9273955,"Control","Coenocyte"
"793","C9",16,592.572,480.024,3.651,2.434,-9534821,"Control","Coenocyte"
"794","C9",17,592.572,480.024,0,0,-9732452,"Control","Coenocyte"
"795","C9",18,591.894,480.702,0.959,0.639,-9799264,"Control","Coenocyte"
"796","C9",19,591.894,480.702,0,0,-9864035,"Control","Coenocyte"
"797","C9",20,591.894,480.024,0.678,0.452,-9271386,"Control","Coenocyte"
"798","C9",21,589.86,480.702,2.144,1.429,-9536353,"Control","Coenocyte"
"799","C9",22,589.86,480.702,0,0,-9011565,"Control","Coenocyte"
"800","C9",23,591.894,483.075,3.125,2.084,-12497545,"Control","Coenocyte"
"801","C9",24,591.894,481.38,1.695,1.13,-9929316,"Control","Coenocyte"
"802","C9",25,591.216,481.38,0.678,0.452,-8813907,"Control","Coenocyte"
"803","C9",26,591.216,482.058,0.678,0.452,-10256994,"Control","Coenocyte"
"804","C9",27,591.216,480.702,1.356,0.904,-9467484,"Control","Coenocyte"
"805","C9",28,591.216,481.38,0.678,0.452,-9860964,"Control","Coenocyte"
"806","C9",29,591.216,481.38,0,0,-9534560,"Control","Coenocyte"
"807","C9",30,591.216,481.38,0,0,-9207386,"Control","Coenocyte"
"808","C9",31,591.216,481.38,0,0,-9534819,"Control","Coenocyte"
"809","C9",32,590.538,481.38,0.678,0.452,-9404005,"Control","Coenocyte"
"810","C9",33,590.538,481.38,0,0,-8683622,"Control","Coenocyte"
"811","C9",34,590.538,482.058,0.678,0.452,-9862759,"Control","Coenocyte"
"812","C9",35,590.538,481.38,0.678,0.452,-8615526,"Control","Coenocyte"
"813","C9",36,590.538,481.38,0,0,-9665125,"Control","Coenocyte"
"814","C9",37,590.538,481.38,0,0,-8485481,"Control","Coenocyte"
"815","C9",38,590.538,481.38,0,0,-8353115,"Control","Coenocyte"
"816","C9",39,590.538,481.38,0,0,-9206884,"Control","Coenocyte"
"817","C9",40,591.216,481.38,0.678,0.452,-9337959,"Control","Coenocyte"
"818","C9",41,591.216,481.38,0,0,-8877669,"Control","Coenocyte"
"819","C9",42,590.538,481.38,0.678,0.452,-9208944,"Control","Coenocyte"
"820","C9",43,590.538,481.38,0,0,-9142886,"Control","Coenocyte"
"821","C9",44,589.86,481.38,0.678,0.452,-8746332,"Control","Coenocyte"
"822","C9",45,589.86,481.38,0,0,-8878950,"Control","Coenocyte"
"823","C9",46,590.538,482.058,0.959,0.639,-8810344,"Control","Coenocyte"
"824","C9",47,590.538,482.058,0,0,-9731169,"Control","Coenocyte"
"825","C9",48,590.538,480.702,1.356,0.904,-8482398,"Control","Coenocyte"
"826","C9",49,590.538,481.38,0.678,0.452,-9272687,"Control","Coenocyte"
"827","C9",50,590.538,481.38,0,0,-8747611,"Control","Coenocyte"
"828","C9",51,590.538,481.38,0,0,-9207410,"Control","Coenocyte"
"829","C9",52,590.538,480.702,0.678,0.452,-8746081,"Control","Coenocyte"
"830","C9",53,590.538,480.702,0,0,-8158048,"Control","Coenocyte"
"831","C9",54,590.538,480.702,0,0,-8812890,"Control","Coenocyte"
"832","C9",55,590.538,480.702,0,0,-8879474,"Control","Coenocyte"
"833","C9",56,590.538,480.702,0,0,-8679780,"Control","Coenocyte"
"834","C9",57,591.216,483.753,3.125,2.084,-9930094,"Control","Coenocyte"
"835","C9",58,591.894,480.702,3.125,2.084,-9271396,"Control","Coenocyte"
"836","C9",59,589.182,481.38,2.795,1.864,-9336437,"Control","Coenocyte"
"837","C9",60,589.182,481.38,0,0,-8945002,"Control","Coenocyte"
"838","C9",61,589.86,479.346,2.144,1.429,-9009504,"Control","Coenocyte"
"839","C9",62,589.86,480.702,1.356,0.904,-8812890,"Control","Coenocyte"
"840","C9",63,592.572,480.024,2.795,1.864,-8615000,"Control","Coenocyte"
"841","C9",64,592.572,480.024,0,0,-9599080,"Control","Coenocyte"
"842","C9",65,591.894,480.702,0.959,0.639,-8615259,"Control","Coenocyte"
"843","C9",66,591.894,480.702,0,0,-9011037,"Control","Coenocyte"
"844","C9",67,591.894,481.38,0.678,0.452,-9206108,"Control","Coenocyte"
"845","C9",68,591.216,480.702,0.959,0.639,-8617831,"Control","Coenocyte"
"846","C9",69,591.216,481.38,0.678,0.452,-9009243,"Control","Coenocyte"
"847","C9",70,591.216,481.38,0,0,-8420701,"Control","Coenocyte"
"848","C9",71,590.538,482.058,0.959,0.639,-9140843,"Control","Coenocyte"
"849","C9",72,589.86,481.38,0.959,0.639,-9271149,"Control","Coenocyte"
"850","C9",73,590.538,482.058,0.959,0.639,-9009748,"Control","Coenocyte"
"851","C9",74,590.538,482.058,0,0,-9209704,"Control","Coenocyte"
"852","C9",75,590.538,482.058,0,0,-9207648,"Control","Coenocyte"
"853","C9",76,589.182,481.38,1.516,1.011,-8943473,"Control","Coenocyte"
"854","C9",77,589.182,481.38,0,0,-9403511,"Control","Coenocyte"
"855","C9",78,589.182,480.702,0.678,0.452,-8156264,"Control","Coenocyte"
"856","C9",79,589.86,481.38,0.959,0.639,-9206632,"Control","Coenocyte"
"857","C9",80,590.538,480.702,0.959,0.639,-9012325,"Control","Coenocyte"
"858","C9",81,589.86,482.058,1.516,1.011,-9405545,"Control","Coenocyte"
"859","C9",82,589.86,481.38,0.678,0.452,-9470066,"Control","Coenocyte"
"860","C9",83,589.86,481.38,0,0,-9076339,"Control","Coenocyte"
"861","C9",84,589.86,481.38,0,0,-8353635,"Control","Coenocyte"
"862","C9",85,590.538,482.058,0.959,0.639,-8811887,"Control","Coenocyte"
"863","C9",86,590.538,482.058,0,0,-8746618,"Control","Coenocyte"
"864","C9",87,590.538,482.058,0,0,-8026973,"Control","Coenocyte"
"865","C9",88,590.538,481.38,0.678,0.452,-8615526,"Control","Coenocyte"
"866","C9",89,590.538,480.702,0.678,0.452,-8878196,"Control","Coenocyte"
"867","C9",90,590.538,480.702,0,0,-8945002,"Control","Coenocyte"
"868","C9",91,582.063,496.296,17.748,11.832,-9273454,"Control","Coenocyte"
"869","C9",92,581.385,492.228,4.124,2.749,-11111547,"Control","Coenocyte"
"870","C9",93,584.775,489.177,4.561,3.041,-8817254,"Control","Coenocyte"
"871","C9",94,584.775,487.821,1.356,0.904,-10518646,"Control","Coenocyte"
"872","C9",95,588.504,485.787,4.248,2.832,-9470818,"Control","Coenocyte"
"873","C9",96,589.182,483.753,2.144,1.429,-7632990,"Control","Coenocyte"
"874","C9",97,593.25,480.024,5.519,3.679,-9599350,"Control","Coenocyte"
"875","C9",98,590.538,477.99,3.39,2.26,-11111306,"Control","Coenocyte"
"876","C9",99,590.538,477.99,0,0,-11702683,"Control","Coenocyte"
"877","C9",100,590.538,478.668,0.678,0.452,-11574440,"Control","Coenocyte"
"878","C10",2,468.159,420.36,0.959,0.639,-12690089,"Control","Coenocyte"
"879","C10",3,468.837,419.004,1.516,1.011,-12427946,"Control","Coenocyte"
"880","C10",4,468.159,418.326,0.959,0.639,-11243935,"Control","Coenocyte"
"881","C10",5,468.159,419.004,0.678,0.452,-11965853,"Control","Coenocyte"
"882","C10",6,468.837,419.004,0.678,0.452,-12493741,"Control","Coenocyte"
"883","C10",7,468.159,419.004,0.678,0.452,-11638428,"Control","Coenocyte"
"884","C10",8,468.159,419.004,0,0,-11243933,"Control","Coenocyte"
"885","C10",9,469.515,419.682,1.516,1.011,-11967397,"Control","Coenocyte"
"886","C10",10,468.159,419.004,1.516,1.011,-11572385,"Control","Coenocyte"
"887","C10",11,468.159,419.004,0,0,-11836062,"Control","Coenocyte"
"888","C10",12,468.159,419.004,0,0,-11437199,"Control","Coenocyte"
"889","C10",13,468.159,419.004,0,0,-11307673,"Control","Coenocyte"
"890","C10",14,468.159,419.682,0.678,0.452,-12558756,"Control","Coenocyte"
"891","C10",15,468.159,419.682,0,0,-12753825,"Control","Coenocyte"
"892","C10",16,467.481,419.682,0.678,0.452,-12622229,"Control","Coenocyte"
"893","C10",17,467.481,419.004,0.678,0.452,-11638691,"Control","Coenocyte"
"894","C10",18,468.159,419.004,0.678,0.452,-12426919,"Control","Coenocyte"
"895","C10",19,468.837,419.004,0.678,0.452,-12690602,"Control","Coenocyte"
"896","C10",20,468.159,419.004,0.678,0.452,-12293274,"Control","Coenocyte"
"897","C10",21,467.481,419.004,0.678,0.452,-11573666,"Control","Coenocyte"
"898","C10",22,467.481,419.004,0,0,-11967906,"Control","Coenocyte"
"899","C10",23,468.159,419.004,0.678,0.452,-12098981,"Control","Coenocyte"
"900","C10",24,469.515,419.682,1.516,1.011,-11441312,"Control","Coenocyte"
"901","C10",25,468.837,419.004,0.959,0.639,-12493223,"Control","Coenocyte"
"902","C10",26,468.837,419.004,0,0,-12493992,"Control","Coenocyte"
"903","C10",27,468.837,419.682,0.678,0.452,-11900325,"Control","Coenocyte"
"904","C10",28,468.837,419.682,0,0,-11243171,"Control","Coenocyte"
"905","C10",29,468.159,419.682,0.678,0.452,-11506076,"Control","Coenocyte"
"906","C10",30,468.159,419.682,0,0,-11440285,"Control","Coenocyte"
"907","C10",31,468.159,419.682,0,0,-11702944,"Control","Coenocyte"
"908","C10",32,468.159,419.682,0,0,-11703455,"Control","Coenocyte"
"909","C10",33,468.159,419.004,0.678,0.452,-12229547,"Control","Coenocyte"
"910","C10",34,468.159,419.682,0.678,0.452,-11768484,"Control","Coenocyte"
"911","C10",35,468.159,419.682,0,0,-11898783,"Control","Coenocyte"
"912","C10",36,468.159,419.682,0,0,-11241883,"Control","Coenocyte"
"913","C10",37,468.159,419.004,0.678,0.452,-11702942,"Control","Coenocyte"
"914","C10",38,468.159,419.004,0,0,-11569298,"Control","Coenocyte"
"915","C10",39,468.159,419.004,0,0,-11307155,"Control","Coenocyte"
"916","C10",40,468.159,419.004,0,0,-11043220,"Control","Coenocyte"
"917","C10",41,468.837,419.682,0.959,0.639,-11175319,"Control","Coenocyte"
"918","C10",42,468.837,419.682,0,0,-11439269,"Control","Coenocyte"
"919","C10",43,468.837,419.004,0.678,0.452,-11634588,"Control","Coenocyte"
"920","C10",44,468.159,418.326,0.959,0.639,-10848148,"Control","Coenocyte"
"921","C10",45,468.159,418.326,0,0,-11766943,"Control","Coenocyte"
"922","C10",46,468.159,418.326,0,0,-11109780,"Control","Coenocyte"
"923","C10",47,468.837,419.004,0.959,0.639,-11372188,"Control","Coenocyte"
"924","C10",48,468.837,419.004,0,0,-11570331,"Control","Coenocyte"
"925","C10",49,468.837,419.004,0,0,-11834792,"Control","Coenocyte"
"926","C10",50,468.837,419.004,0,0,-11701410,"Control","Coenocyte"
"927","C10",51,468.837,419.004,0,0,-11833515,"Control","Coenocyte"
"928","C10",52,468.837,419.004,0,0,-11108244,"Control","Coenocyte"
"929","C10",53,468.837,419.004,0,0,-11308446,"Control","Coenocyte"
"930","C10",54,468.837,419.004,0,0,-11372439,"Control","Coenocyte"
"931","C10",55,468.837,419.004,0,0,-11835043,"Control","Coenocyte"
"932","C10",56,468.837,419.004,0,0,-10977940,"Control","Coenocyte"
"933","C10",57,468.837,419.004,0,0,-10060435,"Control","Coenocyte"
"934","C10",58,469.515,418.326,0.959,0.639,-12563885,"Control","Coenocyte"
"935","C10",59,469.515,418.326,0,0,-13219766,"Control","Coenocyte"
"936","C10",60,468.837,418.326,0.678,0.452,-12629686,"Control","Coenocyte"
"937","C10",61,468.837,418.326,0,0,-12826279,"Control","Coenocyte"
"938","C10",62,468.837,418.326,0,0,-12629929,"Control","Coenocyte"
"939","C10",63,468.837,418.326,0,0,-13612455,"Control","Coenocyte"
"940","C10",64,468.837,419.004,0.678,0.452,-12892333,"Control","Coenocyte"
"941","C10",65,469.515,419.004,0.678,0.452,-13220534,"Control","Coenocyte"
"942","C10",66,469.515,419.004,0,0,-12827818,"Control","Coenocyte"
"943","C10",67,468.159,418.326,1.516,1.011,-12235169,"Control","Coenocyte"
"944","C10",68,468.159,418.326,0,0,-12956325,"Control","Coenocyte"
"945","C10",69,468.159,418.326,0,0,-12499366,"Control","Coenocyte"
"946","C10",70,468.837,419.004,0.959,0.639,-13411504,"Control","Coenocyte"
"947","C10",71,468.837,419.004,0,0,-12230820,"Control","Coenocyte"
"948","C10",72,469.515,419.682,0.959,0.639,-12628658,"Control","Coenocyte"
"949","C10",73,468.837,419.682,0.678,0.452,-12429488,"Control","Coenocyte"
"950","C10",74,467.481,419.004,1.516,1.011,-13022118,"Control","Coenocyte"
"951","C10",75,468.837,419.004,1.356,0.904,-12823215,"Control","Coenocyte"
"952","C10",76,469.515,419.682,0.959,0.639,-11705773,"Control","Coenocyte"
"953","C10",77,469.515,419.004,0.678,0.452,-13153203,"Control","Coenocyte"
"954","C10",78,469.515,419.004,0,0,-12038293,"Control","Coenocyte"
"955","C10",79,468.837,419.004,0.678,0.452,-12757673,"Control","Coenocyte"
"956","C10",80,468.837,419.004,0,0,-12822437,"Control","Coenocyte"
"957","C10",81,468.837,419.004,0,0,-13479607,"Control","Coenocyte"
"958","C10",82,469.515,419.682,0.959,0.639,-12235171,"Control","Coenocyte"
"959","C10",83,468.837,419.682,0.678,0.452,-11777975,"Control","Coenocyte"
"960","C10",84,466.803,418.326,2.445,1.63,-11834530,"Control","Coenocyte"
"961","C10",85,466.803,419.004,0.678,0.452,-11904425,"Control","Coenocyte"
"962","C10",86,468.159,418.326,1.516,1.011,-12099240,"Control","Coenocyte"
"963","C10",87,468.837,417.648,0.959,0.639,-12953773,"Control","Coenocyte"
"964","C10",88,471.888,417.648,3.051,2.034,-10988685,"Control","Coenocyte"
"965","C10",89,471.888,419.004,1.356,0.904,-12758962,"Control","Coenocyte"
"966","C10",90,471.21,417.648,1.516,1.011,-11576987,"Control","Coenocyte"
"967","C10",91,471.888,418.326,0.959,0.639,-11769479,"Control","Coenocyte"
"968","C10",92,470.193,418.326,1.695,1.13,-11842707,"Control","Coenocyte"
"969","C10",93,471.888,418.326,1.695,1.13,-10721411,"Control","Coenocyte"
"970","C10",94,471.21,421.038,2.795,1.864,-11448996,"Control","Coenocyte"
"971","C10",95,468.837,421.716,2.468,1.645,-11509417,"Control","Coenocyte"
"972","C10",96,466.125,422.394,2.795,1.864,-12360621,"Control","Coenocyte"
"973","C10",97,471.21,419.682,5.763,3.842,-12628383,"Control","Coenocyte"
"974","C10",98,471.21,416.97,2.712,1.808,-10852762,"Control","Coenocyte"
"975","C10",99,468.159,416.97,3.051,2.034,-11904684,"Control","Coenocyte"
"976","C10",100,475.278,417.648,7.151,4.767,-10195596,"Control","Coenocyte"
"977","C11",2,763.767,616.641,0.959,0.639,-11111785,"Control","Uninuclear"
"978","C11",3,764.445,615.963,0.959,0.639,-11960722,"Control","Uninuclear"
"979","C11",4,763.089,615.963,1.356,0.904,-9863804,"Control","Uninuclear"
"980","C11",5,764.445,617.319,1.918,1.278,-11102584,"Control","Uninuclear"
"981","C11",6,764.445,617.319,0,0,-11171711,"Control","Uninuclear"
"982","C11",7,764.445,617.319,0,0,-11702683,"Control","Uninuclear"
"983","C11",8,764.445,617.319,0,0,-12290718,"Control","Uninuclear"
"984","C11",9,763.767,617.997,0.959,0.639,-8811623,"Control","Uninuclear"
"985","C11",10,763.767,617.997,0,0,-10060653,"Control","Uninuclear"
"986","C11",11,763.767,617.997,0,0,-11104111,"Control","Uninuclear"
"987","C11",12,763.767,617.319,0.678,0.452,-11106177,"Control","Uninuclear"
"988","C11",13,763.089,617.319,0.678,0.452,-11829900,"Control","Uninuclear"
"989","C11",14,762.411,617.319,0.678,0.452,-8027497,"Control","Uninuclear"
"990","C11",15,765.462,617.997,3.125,2.084,-13686224,"Control","Uninuclear"
"991","C11",16,764.445,617.319,1.222,0.815,-13670833,"Control","Uninuclear"
"992","C11",17,763.767,616.641,0.959,0.639,-13673628,"Control","Uninuclear"
"993","C11",18,763.089,616.641,0.678,0.452,-10914432,"Control","Uninuclear"
"994","C11",19,763.089,616.641,0,0,-10059382,"Control","Uninuclear"
"995","C11",20,763.089,616.641,0,0,-10720623,"Control","Uninuclear"
"996","C11",21,763.089,616.641,0,0,-10385510,"Control","Uninuclear"
"997","C11",22,763.089,616.641,0,0,-9729629,"Control","Uninuclear"
"998","C11",23,763.089,616.641,0,0,-8681050,"Control","Uninuclear"
"999","C11",24,763.089,616.641,0,0,-8807765,"Control","Uninuclear"
"1000","C11",25,763.089,616.641,0,0,-10581866,"Control","Uninuclear"
"1001","C11",26,763.089,616.641,0,0,-8808024,"Control","Uninuclear"
"1002","C11",27,763.089,616.641,0,0,-9397857,"Control","Uninuclear"
"1003","C11",28,763.089,616.641,0,0,-9856353,"Control","Uninuclear"
"1004","C11",29,763.089,616.641,0,0,-11038565,"Control","Uninuclear"
"1005","C11",30,763.089,616.641,0,0,-9661542,"Control","Uninuclear"
"1006","C11",31,763.089,616.641,0,0,-10450272,"Control","Uninuclear"
"1007","C11",32,763.089,616.641,0,0,-8942431,"Control","Uninuclear"
"1008","C11",33,763.089,616.641,0,0,-10325357,"Control","Uninuclear"
"1009","C11",34,763.089,616.641,0,0,-9736040,"Control","Uninuclear"
"1010","C11",35,763.089,616.641,0,0,-9602403,"Control","Uninuclear"
"1011","C11",36,763.089,616.641,0,0,-9669731,"Control","Uninuclear"
"1012","C11",37,763.089,616.641,0,0,-12620420,"Control","Uninuclear"
"1013","C11",38,763.089,615.963,0.678,0.452,-12553607,"Control","Uninuclear"
"1014","C11",39,763.089,615.963,0,0,-9660788,"Control","Uninuclear"
"1015","C11",40,763.089,615.963,0,0,-10187634,"Control","Uninuclear"
"1016","C11",41,763.089,615.963,0,0,-9399652,"Control","Uninuclear"
"1017","C11",42,763.089,615.963,0,0,-9269614,"Control","Uninuclear"
"1018","C11",43,763.089,615.963,0,0,-9007991,"Control","Uninuclear"
"1019","C11",44,763.089,615.963,0,0,-8807274,"Control","Uninuclear"
"1020","C11",45,763.089,615.963,0,0,-9271649,"Control","Uninuclear"
"1021","C11",46,763.089,615.963,0,0,-9727586,"Control","Uninuclear"
"1022","C11",47,763.089,615.963,0,0,-9465705,"Control","Uninuclear"
"1023","C11",48,763.089,615.963,0,0,-9399653,"Control","Uninuclear"
"1024","C11",49,763.089,615.963,0,0,-8285032,"Control","Uninuclear"
"1025","C11",50,763.089,615.963,0,0,-10386304,"Control","Uninuclear"
"1026","C11",51,763.089,615.963,0,0,-9533806,"Control","Uninuclear"
"1027","C11",52,763.089,615.963,0,0,-8874597,"Control","Uninuclear"
"1028","C11",53,763.089,615.963,0,0,-8416855,"Control","Uninuclear"
"1029","C11",54,763.089,615.963,0,0,-8681320,"Control","Uninuclear"
"1030","C11",55,763.089,615.963,0,0,-9272164,"Control","Uninuclear"
"1031","C11",56,763.089,615.963,0,0,-9073760,"Control","Uninuclear"
"1032","C11",57,763.089,615.963,0,0,-8743022,"Control","Uninuclear"
"1033","C11",58,763.089,615.963,0,0,-8610410,"Control","Uninuclear"
"1034","C11",59,763.089,615.963,0,0,-8089683,"Control","Uninuclear"
"1035","C11",60,763.089,615.963,0,0,-8544351,"Control","Uninuclear"
"1036","C11",61,763.089,615.963,0,0,-8806762,"Control","Uninuclear"
"1037","C11",62,763.089,615.963,0,0,-9465469,"Control","Uninuclear"
"1038","C11",63,763.089,616.641,0.678,0.452,-8740715,"Control","Uninuclear"
"1039","C11",64,763.767,616.641,0.678,0.452,-8940665,"Control","Uninuclear"
"1040","C11",65,763.767,617.319,0.678,0.452,-10056061,"Control","Uninuclear"
"1041","C11",66,763.767,617.319,0,0,-10317934,"Control","Uninuclear"
"1042","C11",67,763.089,617.319,0.678,0.452,-8346721,"Control","Uninuclear"
"1043","C11",68,763.089,617.319,0,0,-8805740,"Control","Uninuclear"
"1044","C11",69,763.089,617.319,0,0,-9662322,"Control","Uninuclear"
"1045","C11",70,763.089,617.319,0,0,-9663333,"Control","Uninuclear"
"1046","C11",71,763.089,617.319,0,0,-9533026,"Control","Uninuclear"
"1047","C11",72,763.089,616.641,0.678,0.452,-10188161,"Control","Uninuclear"
"1048","C11",73,763.089,616.641,0,0,-10054008,"Control","Uninuclear"
"1049","C11",74,763.089,616.641,0,0,-9532266,"Control","Uninuclear"
"1050","C11",75,763.089,616.641,0,0,-10847107,"Control","Uninuclear"
"1051","C11",76,763.089,616.641,0,0,-10448768,"Control","Uninuclear"
"1052","C11",77,763.089,616.641,0,0,-9135980,"Control","Uninuclear"
"1053","C11",78,763.089,616.641,0,0,-9859962,"Control","Uninuclear"
"1054","C11",79,763.089,616.641,0,0,-9267296,"Control","Uninuclear"
"1055","C11",80,763.089,616.641,0,0,-9200490,"Control","Uninuclear"
"1056","C11",81,763.089,616.641,0,0,-11110271,"Control","Uninuclear"
"1057","C11",82,763.089,616.641,0,0,-10189176,"Control","Uninuclear"
"1058","C11",83,763.089,616.641,0,0,-9795189,"Control","Uninuclear"
"1059","C11",84,763.089,616.641,0,0,-9400939,"Control","Uninuclear"
"1060","C11",85,763.089,616.641,0,0,-9203824,"Control","Uninuclear"
"1061","C11",86,763.089,615.963,0.678,0.452,-10317691,"Control","Uninuclear"
"1062","C11",87,763.089,615.963,0,0,-10188928,"Control","Uninuclear"
"1063","C11",88,763.089,615.963,0,0,-9858171,"Control","Uninuclear"
"1064","C11",89,763.089,615.963,0,0,-10323080,"Control","Uninuclear"
"1065","C11",90,763.089,615.963,0,0,-9732224,"Control","Uninuclear"
"1066","C11",91,763.089,615.963,0,0,-9992837,"Control","Uninuclear"
"1067","C11",92,763.089,615.963,0,0,-10783380,"Control","Uninuclear"
"1068","C11",93,763.089,616.641,0.678,0.452,-9995137,"Control","Uninuclear"
"1069","C11",94,763.089,616.641,0,0,-10584713,"Control","Uninuclear"
"1070","C11",95,763.089,616.641,0,0,-10784663,"Control","Uninuclear"
"1071","C11",96,763.089,616.641,0,0,-10129043,"Control","Uninuclear"
"1072","C11",97,763.089,616.641,0,0,-11574939,"Control","Uninuclear"
"1073","C11",98,763.089,616.641,0,0,-11970475,"Control","Uninuclear"
"1074","C11",99,763.089,616.641,0,0,-11308178,"Control","Uninuclear"
"1075","C11",100,763.089,617.319,0.678,0.452,-11178631,"Control","Uninuclear"
"1076","C12",2,595.284,585.453,1.017,0.678,-10845575,"Control","Uninuclear"
"1077","C12",3,595.284,585.453,0,0,-10588038,"Control","Uninuclear"
"1078","C12",4,595.284,585.453,0,0,-10779514,"Control","Uninuclear"
"1079","C12",5,595.284,585.453,0,0,-11309702,"Control","Uninuclear"
"1080","C12",6,593.25,586.809,2.445,1.63,-10323057,"Control","Uninuclear"
"1081","C12",7,590.538,591.555,5.466,3.644,-11704726,"Control","Uninuclear"
"1082","C12",8,587.487,591.555,3.051,2.034,-10851734,"Control","Uninuclear"
"1083","C12",9,586.809,592.233,0.959,0.639,-10850949,"Control","Uninuclear"
"1084","C12",10,585.453,593.25,1.695,1.13,-7768703,"Control","Uninuclear"
"1085","C12",11,585.453,590.877,2.373,1.582,-10321016,"Control","Uninuclear"
"1086","C12",12,586.131,591.555,0.959,0.639,-11041916,"Control","Uninuclear"
"1087","C12",13,586.131,591.555,0,0,-9278092,"Control","Uninuclear"
"1088","C12",14,585.453,593.928,2.468,1.645,-10912889,"Control","Uninuclear"
"1089","C12",15,586.809,595.284,1.918,1.278,-11439236,"Control","Uninuclear"
"1090","C12",16,586.809,595.284,0,0,-10720653,"Control","Uninuclear"
"1091","C12",17,586.809,595.284,0,0,-5786187,"Control","Uninuclear"
"1092","C12",18,586.809,593.928,1.356,0.904,-6446427,"Control","Uninuclear"
"1093","C12",19,586.809,593.25,0.678,0.452,-5655627,"Control","Uninuclear"
"1094","C12",20,587.487,590.877,2.468,1.645,-9996675,"Control","Uninuclear"
"1095","C12",21,588.504,592.233,1.695,1.13,-11965338,"Control","Uninuclear"
"1096","C12",22,588.504,593.928,1.695,1.13,-12497324,"Control","Uninuclear"
"1097","C12",23,584.775,595.284,3.968,2.645,-11244687,"Control","Uninuclear"
"1098","C12",24,585.453,595.962,0.959,0.639,-6841433,"Control","Uninuclear"
"1099","C12",25,585.453,595.962,0,0,-7241067,"Control","Uninuclear"
"1100","C12",26,586.809,596.64,1.516,1.011,-6175293,"Control","Uninuclear"
"1101","C12",27,586.809,595.962,0.678,0.452,-7704186,"Control","Uninuclear"
"1102","C12",28,586.809,595.962,0,0,-7239792,"Control","Uninuclear"
"1103","C12",29,586.809,595.284,0.678,0.452,-7769729,"Control","Uninuclear"
"1104","C12",30,586.809,595.284,0,0,-5314604,"Control","Uninuclear"
"1105","C12",31,586.809,595.284,0,0,-7026241,"Control","Uninuclear"
"1106","C12",32,585.453,595.284,1.356,0.904,-10186607,"Control","Uninuclear"
"1107","C12",33,585.453,594.606,0.678,0.452,-5972534,"Control","Uninuclear"
"1108","C12",34,584.775,592.233,2.468,1.645,-9278344,"Control","Uninuclear"
"1109","C12",35,585.453,589.521,2.795,1.864,-5390916,"Control","Uninuclear"
"1110","C12",36,583.419,588.843,2.144,1.429,-8231824,"Control","Uninuclear"
"1111","C12",37,583.419,588.843,0,0,-7573906,"Control","Uninuclear"
"1112","C12",38,583.419,588.843,0,0,-8282470,"Control","Uninuclear"
"1113","C12",39,583.419,588.843,0,0,-5387325,"Control","Uninuclear"
"1114","C12",40,583.419,588.843,0,0,-4791856,"Control","Uninuclear"
"1115","C12",41,583.419,588.843,0,0,-4860462,"Control","Uninuclear"
"1116","C12",42,583.419,588.843,0,0,-5583415,"Control","Uninuclear"
"1117","C12",43,583.419,588.843,0,0,-4466743,"Control","Uninuclear"
"1118","C12",44,583.419,588.843,0,0,-6186326,"Control","Uninuclear"
"1119","C12",45,583.419,588.843,0,0,-4991547,"Control","Uninuclear"
"1120","C12",46,583.419,588.843,0,0,-7496026,"Control","Uninuclear"
"1121","C12",47,583.419,588.843,0,0,-9150616,"Control","Uninuclear"
"1122","C12",48,584.775,589.521,1.516,1.011,-6893123,"Control","Uninuclear"
"1123","C12",49,584.775,588.843,0.678,0.452,-5123632,"Control","Uninuclear"
"1124","C12",50,583.419,588.843,1.356,0.904,-5591630,"Control","Uninuclear"
"1125","C12",51,583.419,588.843,0,0,-4863031,"Control","Uninuclear"
"1126","C12",52,583.419,588.843,0,0,-5790812,"Control","Uninuclear"
"1127","C12",53,583.419,588.843,0,0,-4675657,"Control","Uninuclear"
"1128","C12",54,583.419,588.843,0,0,-6057567,"Control","Uninuclear"
"1129","C12",55,583.419,588.843,0,0,-6775900,"Control","Uninuclear"
"1130","C12",56,583.419,588.843,0,0,-7500912,"Control","Uninuclear"
"1131","C12",57,583.419,588.843,0,0,-8748678,"Control","Uninuclear"
"1132","C12",58,583.419,588.843,0,0,-8555387,"Control","Uninuclear"
"1133","C12",59,584.775,589.521,1.516,1.011,-5531979,"Control","Uninuclear"
"1134","C12",60,585.453,589.521,0.678,0.452,-6908759,"Control","Uninuclear"
"1135","C12",61,583.419,589.521,2.034,1.356,-5529926,"Control","Uninuclear"
"1136","C12",62,584.097,590.199,0.959,0.639,-6777430,"Control","Uninuclear"
"1137","C12",63,584.097,590.877,0.678,0.452,-6517843,"Control","Uninuclear"
"1138","C12",64,584.097,590.199,0.678,0.452,-6846548,"Control","Uninuclear"
"1139","C12",65,584.097,590.199,0,0,-6915164,"Control","Uninuclear"
"1140","C12",66,584.097,590.199,0,0,-6840404,"Control","Uninuclear"
"1141","C12",67,582.741,592.233,2.445,1.63,-6252879,"Control","Uninuclear"
"1142","C12",68,584.097,594.606,2.733,1.822,-7107931,"Control","Uninuclear"
"1143","C12",69,583.419,593.25,1.516,1.011,-7237724,"Control","Uninuclear"
"1144","C12",70,584.775,590.877,2.733,1.822,-6449999,"Control","Uninuclear"
"1145","C12",71,586.131,591.555,1.516,1.011,-7961957,"Control","Uninuclear"
"1146","C12",72,589.182,588.843,4.082,2.721,-7755614,"Control","Uninuclear"
"1147","C12",73,589.182,589.521,0.678,0.452,-6320713,"Control","Uninuclear"
"1148","C12",74,589.86,590.877,1.516,1.011,-6780763,"Control","Uninuclear"
"1149","C12",75,593.928,593.928,5.085,3.39,-7632990,"Control","Uninuclear"
"1150","C12",76,596.301,593.25,2.468,1.645,-6775894,"Control","Uninuclear"
"1151","C12",77,593.928,593.928,2.468,1.645,-6843217,"Control","Uninuclear"
"1152","C12",78,593.928,593.928,0,0,-7106146,"Control","Uninuclear"
"1153","C12",79,594.606,591.555,2.468,1.645,-8486772,"Control","Uninuclear"
"1154","C12",80,593.928,593.25,1.826,1.217,-5922121,"Control","Uninuclear"
"1155","C12",81,595.284,591.555,2.171,1.447,-9146004,"Control","Uninuclear"
"1156","C12",82,594.606,592.233,0.959,0.639,-8615285,"Control","Uninuclear"
"1157","C12",83,597.657,590.877,3.339,2.226,-7429984,"Control","Uninuclear"
"1158","C12",84,594.606,591.555,3.125,2.084,-6904917,"Control","Uninuclear"
"1159","C12",85,596.979,592.233,2.468,1.645,-8939887,"Control","Uninuclear"
"1160","C12",86,595.284,591.555,1.826,1.217,-8284778,"Control","Uninuclear"
"1161","C12",87,595.284,592.233,0.678,0.452,-7894624,"Control","Uninuclear"
"1162","C12",88,596.301,592.233,1.017,0.678,-7502687,"Control","Uninuclear"
"1163","C12",89,596.979,591.555,0.959,0.639,-6577486,"Control","Uninuclear"
"1164","C12",90,598.335,590.877,1.516,1.011,-8351600,"Control","Uninuclear"
"1165","C12",91,599.013,590.877,0.678,0.452,-9798279,"Control","Uninuclear"
"1166","C12",92,599.691,591.555,0.959,0.639,-10129801,"Control","Uninuclear"
"1167","C12",93,599.691,591.555,0,0,-11049627,"Control","Uninuclear"
"1168","C12",94,599.691,591.555,0,0,-10396059,"Control","Uninuclear"
"1169","C12",95,599.691,591.555,0,0,-11708833,"Control","Uninuclear"
"1170","C12",96,599.691,591.555,0,0,-12369334,"Control","Uninuclear"
"1171","C12",97,599.691,592.233,0.678,0.452,-13022136,"Control","Uninuclear"
"1172","C12",98,599.691,591.555,0.678,0.452,-12300731,"Control","Uninuclear"
"1173","C12",99,599.691,591.555,0,0,-11908273,"Control","Uninuclear"
"1174","C12",100,599.691,591.555,0,0,-10987432,"Control","Uninuclear"
"1175","C13",2,317.643,432.564,1.918,1.278,-7436617,"Control","Uninuclear"
"1176","C13",3,316.287,430.191,2.733,1.822,-12104632,"Control","Uninuclear"
"1177","C13",4,315.27,432.564,2.582,1.721,-8153480,"Control","Uninuclear"
"1178","C13",5,314.592,431.886,0.959,0.639,-11713477,"Control","Uninuclear"
"1179","C13",6,313.236,431.886,1.356,0.904,-12635864,"Control","Uninuclear"
"1180","C13",7,316.965,433.242,3.968,2.645,-13093335,"Control","Uninuclear"
"1181","C13",8,316.965,432.564,0.678,0.452,-12505311,"Control","Uninuclear"
"1182","C13",9,314.592,433.242,2.468,1.645,-9337241,"Control","Uninuclear"
"1183","C13",10,314.592,434.598,1.356,0.904,-6251060,"Control","Uninuclear"
"1184","C13",11,314.592,433.92,0.678,0.452,-3750964,"Control","Uninuclear"
"1185","C13",12,315.27,434.598,0.959,0.639,-6579267,"Control","Uninuclear"
"1186","C13",13,315.27,435.276,0.678,0.452,-7237446,"Control","Uninuclear"
"1187","C13",14,316.287,435.276,1.017,0.678,-6382397,"Control","Uninuclear"
"1188","C13",15,316.287,435.276,0,0,-9394007,"Control","Uninuclear"
"1189","C13",16,316.287,435.276,0,0,-9390408,"Control","Uninuclear"
"1190","C13",17,316.287,435.276,0,0,-8869734,"Control","Uninuclear"
"1191","C13",18,316.287,435.276,0,0,-12487583,"Control","Uninuclear"
"1192","C13",19,316.287,434.598,0.678,0.452,-7169862,"Control","Uninuclear"
"1193","C13",20,316.287,434.598,0,0,-6386496,"Control","Uninuclear"
"1194","C13",21,316.287,435.276,0.678,0.452,-8679009,"Control","Uninuclear"
"1195","C13",22,316.287,435.276,0,0,-8356454,"Control","Uninuclear"
"1196","C13",23,317.643,433.92,1.918,1.278,-6316622,"Control","Uninuclear"
"1197","C13",24,317.643,433.242,0.678,0.452,-6919499,"Control","Uninuclear"
"1198","C13",25,317.643,433.242,0,0,-9070652,"Control","Uninuclear"
"1199","C13",26,313.914,433.242,3.729,2.486,-5333050,"Control","Uninuclear"
"1200","C13",27,313.236,431.886,1.516,1.011,-9931684,"Control","Uninuclear"
"1201","C13",28,312.558,432.564,0.959,0.639,-6383690,"Control","Uninuclear"
"1202","C13",29,313.236,433.242,0.959,0.639,-6582850,"Control","Uninuclear"
"1203","C13",30,313.914,432.564,0.959,0.639,-6452032,"Control","Uninuclear"
"1204","C13",31,313.914,432.564,0,0,-5270827,"Control","Uninuclear"
"1205","C13",32,316.287,433.92,2.733,1.822,-8162416,"Control","Uninuclear"
"1206","C13",33,316.965,433.242,0.959,0.639,-5597764,"Control","Uninuclear"
"1207","C13",34,316.287,433.92,0.959,0.639,-8030044,"Control","Uninuclear"
"1208","C13",35,316.965,433.242,0.959,0.639,-7833932,"Control","Uninuclear"
"1209","C13",36,316.965,433.92,0.678,0.452,-7307600,"Control","Uninuclear"
"1210","C13",37,316.287,434.598,0.959,0.639,-7436642,"Control","Uninuclear"
"1211","C13",38,316.287,434.598,0,0,-7308881,"Control","Uninuclear"
"1212","C13",39,316.287,433.92,0.678,0.452,-8225892,"Control","Uninuclear"
"1213","C13",40,316.287,433.92,0,0,-8088678,"Control","Uninuclear"
"1214","C13",41,316.965,434.598,0.959,0.639,-9659976,"Control","Uninuclear"
"1215","C13",42,313.914,433.92,3.125,2.084,-6976856,"Control","Uninuclear"
"1216","C13",43,313.236,432.564,1.516,1.011,-7833168,"Control","Uninuclear"
"1217","C13",44,313.236,432.564,0,0,-7966570,"Control","Uninuclear"
"1218","C13",45,313.236,432.564,0,0,-7635803,"Control","Uninuclear"
"1219","C13",46,313.236,432.564,0,0,-8223849,"Control","Uninuclear"
"1220","C13",47,313.236,431.886,0.678,0.452,-8290430,"Control","Uninuclear"
"1221","C13",48,313.914,432.564,0.959,0.639,-7832665,"Control","Uninuclear"
"1222","C13",49,313.914,432.564,0,0,-4873795,"Control","Uninuclear"
"1223","C13",50,313.236,431.886,0.959,0.639,-4873016,"Control","Uninuclear"
"1224","C13",51,313.236,431.886,0,0,-4611376,"Control","Uninuclear"
"1225","C13",52,313.236,431.886,0,0,-6777172,"Control","Uninuclear"
"1226","C13",53,313.236,432.564,0.678,0.452,-7044428,"Control","Uninuclear"
"1227","C13",54,312.558,433.242,0.959,0.639,-6717793,"Control","Uninuclear"
"1228","C13",55,312.558,433.242,0,0,-7174502,"Control","Uninuclear"
"1229","C13",56,312.558,433.242,0,0,-7835514,"Control","Uninuclear"
"1230","C13",57,312.558,433.242,0,0,-8487549,"Control","Uninuclear"
"1231","C13",58,313.236,433.242,0.678,0.452,-8025957,"Control","Uninuclear"
"1232","C13",59,313.914,432.564,0.959,0.639,-5727036,"Control","Uninuclear"
"1233","C13",60,311.88,431.886,2.144,1.429,-6385756,"Control","Uninuclear"
"1234","C13",61,315.27,431.886,3.39,2.26,-5797220,"Control","Uninuclear"
"1235","C13",62,315.27,431.208,0.678,0.452,-4216395,"Control","Uninuclear"
"1236","C13",63,313.236,431.886,2.144,1.429,-8097401,"Control","Uninuclear"
"1237","C13",64,315.27,433.242,2.445,1.63,-8681076,"Control","Uninuclear"
"1238","C13",65,318.321,435.954,4.082,2.721,-8623496,"Control","Uninuclear"
"1239","C13",66,316.287,433.92,2.877,1.918,-6519393,"Control","Uninuclear"
"1240","C13",67,316.965,433.92,0.678,0.452,-8682098,"Control","Uninuclear"
"1241","C13",68,316.965,436.632,2.712,1.808,-7502689,"Control","Uninuclear"
"1242","C13",69,316.965,436.632,0,0,-7701596,"Control","Uninuclear"
"1243","C13",70,316.965,435.954,0.678,0.452,-7763012,"Control","Uninuclear"
"1244","C13",71,316.287,435.954,0.678,0.452,-11312581,"Control","Uninuclear"
"1245","C13",72,316.287,436.632,0.678,0.452,-8414297,"Control","Uninuclear"
"1246","C13",73,316.287,435.954,0.678,0.452,-7762001,"Control","Uninuclear"
"1247","C13",74,316.287,435.276,0.678,0.452,-8489568,"Control","Uninuclear"
"1248","C13",75,316.287,435.276,0,0,-8159073,"Control","Uninuclear"
"1249","C13",76,316.287,436.632,1.356,0.904,-10056276,"Control","Uninuclear"
"1250","C13",77,316.965,435.276,1.516,1.011,-7833952,"Control","Uninuclear"
"1251","C13",78,316.965,435.276,0,0,-8422257,"Control","Uninuclear"
"1252","C13",79,316.965,434.598,0.678,0.452,-7895135,"Control","Uninuclear"
"1253","C13",80,315.27,432.564,2.648,1.765,-7437429,"Control","Uninuclear"
"1254","C13",81,315.27,431.886,0.678,0.452,-9078144,"Control","Uninuclear"
"1255","C13",82,316.287,431.886,1.017,0.678,-8494707,"Control","Uninuclear"
"1256","C13",83,316.287,431.886,0,0,-8489079,"Control","Uninuclear"
"1257","C13",84,316.965,431.208,0.959,0.639,-6385748,"Control","Uninuclear"
"1258","C13",85,315.27,431.886,1.826,1.217,-8165740,"Control","Uninuclear"
"1259","C13",86,315.27,431.208,0.678,0.452,-7767423,"Control","Uninuclear"
"1260","C13",87,312.558,431.208,2.712,1.808,-8552052,"Control","Uninuclear"
"1261","C13",88,313.236,432.564,1.516,1.011,-9669242,"Control","Uninuclear"
"1262","C13",89,313.236,431.208,1.356,0.904,-8162668,"Control","Uninuclear"
"1263","C13",90,313.914,431.886,0.959,0.639,-7242084,"Control","Uninuclear"
"1264","C13",91,314.592,433.242,1.516,1.011,-8752752,"Control","Uninuclear"
"1265","C13",92,318.321,434.598,3.968,2.645,-5929053,"Control","Uninuclear"
"1266","C13",93,318.321,433.92,0.678,0.452,-7440752,"Control","Uninuclear"
"1267","C13",94,313.914,433.92,4.407,2.938,-8686442,"Control","Uninuclear"
"1268","C13",95,313.914,433.92,0,0,-7174753,"Control","Uninuclear"
"1269","C13",96,313.236,433.92,0.678,0.452,-7106926,"Control","Uninuclear"
"1270","C13",97,314.592,433.242,1.516,1.011,-6323287,"Control","Uninuclear"
"1271","C13",98,315.27,433.92,0.959,0.639,-7904603,"Control","Uninuclear"
"1272","C13",99,315.27,432.564,1.356,0.904,-9009002,"Control","Uninuclear"
"1273","C13",100,313.236,433.242,2.144,1.429,-9277053,"Control","Uninuclear"
"1274","C14",2,646.473,306.117,0,0,-12362653,"Control","Uninuclear"
"1275","C14",3,645.795,306.117,0.678,0.452,-12688020,"Control","Uninuclear"
"1276","C14",4,645.795,306.117,0,0,-12358292,"Control","Uninuclear"
"1277","C14",5,645.795,306.117,0,0,-12885401,"Control","Uninuclear"
"1278","C14",6,645.795,306.117,0,0,-12425879,"Control","Uninuclear"
"1279","C14",7,646.473,308.151,2.144,1.429,-12232618,"Control","Uninuclear"
"1280","C14",8,646.473,308.151,0,0,-11771029,"Control","Uninuclear"
"1281","C14",9,646.473,308.151,0,0,-11112846,"Control","Uninuclear"
"1282","C14",10,646.473,308.151,0,0,-9862522,"Control","Uninuclear"
"1283","C14",11,646.473,308.151,0,0,-9799033,"Control","Uninuclear"
"1284","C14",12,645.117,307.473,1.516,1.011,-9798782,"Control","Uninuclear"
"1285","C14",13,645.117,307.473,0,0,-10196099,"Control","Uninuclear"
"1286","C14",14,645.117,307.473,0,0,-9275774,"Control","Uninuclear"
"1287","C14",15,645.117,306.795,0.678,0.452,-9994369,"Control","Uninuclear"
"1288","C14",16,644.439,306.117,0.959,0.639,-9928065,"Control","Uninuclear"
"1289","C14",17,644.439,306.117,0,0,-10322051,"Control","Uninuclear"
"1290","C14",18,644.439,306.795,0.678,0.452,-9995899,"Control","Uninuclear"
"1291","C14",19,643.083,306.117,1.516,1.011,-9863032,"Control","Uninuclear"
"1292","C14",20,643.083,306.117,0,0,-9734267,"Control","Uninuclear"
"1293","C14",21,643.083,306.117,0,0,-10913667,"Control","Uninuclear"
"1294","C14",22,643.083,306.117,0,0,-9469547,"Control","Uninuclear"
"1295","C14",23,643.083,306.117,0,0,-9598312,"Control","Uninuclear"
"1296","C14",24,643.083,306.117,0,0,-9468528,"Control","Uninuclear"
"1297","C14",25,643.083,306.117,0,0,-8811868,"Control","Uninuclear"
"1298","C14",26,643.083,306.117,0,0,-9071198,"Control","Uninuclear"
"1299","C14",27,643.083,306.117,0,0,-9336940,"Control","Uninuclear"
"1300","C14",28,643.083,306.117,0,0,-8486492,"Control","Uninuclear"
"1301","C14",29,643.083,306.117,0,0,-9404011,"Control","Uninuclear"
"1302","C14",30,643.083,306.117,0,0,-8488042,"Control","Uninuclear"
"1303","C14",31,643.761,306.117,0.678,0.452,-9271146,"Control","Uninuclear"
"1304","C14",32,643.761,306.117,0,0,-9208439,"Control","Uninuclear"
"1305","C14",33,643.761,306.117,0,0,-9666407,"Control","Uninuclear"
"1306","C14",34,643.761,306.117,0,0,-9341550,"Control","Uninuclear"
"1307","C14",35,643.761,306.117,0,0,-9732725,"Control","Uninuclear"
"1308","C14",36,643.761,306.117,0,0,-9472617,"Control","Uninuclear"
"1309","C14",37,643.761,306.117,0,0,-8815985,"Control","Uninuclear"
"1310","C14",38,644.439,305.1,1.222,0.815,-9077105,"Control","Uninuclear"
"1311","C14",39,644.439,305.1,0,0,-8875373,"Control","Uninuclear"
"1312","C14",40,644.439,305.1,0,0,-9534839,"Control","Uninuclear"
"1313","C14",41,644.439,306.117,1.017,0.678,-9738368,"Control","Uninuclear"
"1314","C14",42,645.117,306.117,0.678,0.452,-9731436,"Control","Uninuclear"
"1315","C14",43,645.795,306.117,0.678,0.452,-9731440,"Control","Uninuclear"
"1316","C14",44,645.795,306.117,0,0,-9536362,"Control","Uninuclear"
"1317","C14",45,645.795,306.117,0,0,-10191736,"Control","Uninuclear"
"1318","C14",46,645.795,306.117,0,0,-9865841,"Control","Uninuclear"
"1319","C14",47,645.795,306.117,0,0,-10586755,"Control","Uninuclear"
"1320","C14",48,645.117,306.117,0.678,0.452,-8222819,"Control","Uninuclear"
"1321","C14",49,645.117,306.117,0,0,-9337215,"Control","Uninuclear"
"1322","C14",50,645.117,306.117,0,0,-9992051,"Control","Uninuclear"
"1323","C14",51,645.117,306.117,0,0,-9927544,"Control","Uninuclear"
"1324","C14",52,645.117,306.117,0,0,-9797744,"Control","Uninuclear"
"1325","C14",53,645.117,306.117,0,0,-9993320,"Control","Uninuclear"
"1326","C14",54,645.117,306.117,0,0,-10585740,"Control","Uninuclear"
"1327","C14",55,645.117,306.117,0,0,-10717310,"Control","Uninuclear"
"1328","C14",56,645.117,306.117,0,0,-9667193,"Control","Uninuclear"
"1329","C14",57,645.117,306.117,0,0,-9340012,"Control","Uninuclear"
"1330","C14",58,645.117,306.117,0,0,-9796988,"Control","Uninuclear"
"1331","C14",59,645.117,306.117,0,0,-9995390,"Control","Uninuclear"
"1332","C14",60,645.117,306.117,0,0,-9468777,"Control","Uninuclear"
"1333","C14",61,645.795,306.117,0.678,0.452,-9534057,"Control","Uninuclear"
"1334","C14",62,645.795,305.1,1.017,0.678,-10586244,"Control","Uninuclear"
"1335","C14",63,647.49,306.117,1.977,1.318,-10396811,"Control","Uninuclear"
"1336","C14",64,646.473,306.795,1.222,0.815,-9869705,"Control","Uninuclear"
"1337","C14",65,646.473,306.795,0,0,-9869962,"Control","Uninuclear"
"1338","C14",66,646.473,306.795,0,0,-9345930,"Control","Uninuclear"
"1339","C14",67,646.473,306.795,0,0,-9738370,"Control","Uninuclear"
"1340","C14",68,646.473,306.795,0,0,-9407865,"Control","Uninuclear"
"1341","C14",69,646.473,307.473,0.678,0.452,-9997692,"Control","Uninuclear"
"1342","C14",70,646.473,307.473,0,0,-10785156,"Control","Uninuclear"
"1343","C14",71,646.473,307.473,0,0,-10651517,"Control","Uninuclear"
"1344","C14",72,646.473,307.473,0,0,-11047047,"Control","Uninuclear"
"1345","C14",73,646.473,307.473,0,0,-10716037,"Control","Uninuclear"
"1346","C14",74,646.473,307.473,0,0,-10782335,"Control","Uninuclear"
"1347","C14",75,646.473,306.795,0.678,0.452,-10256258,"Control","Uninuclear"
"1348","C14",76,645.795,306.795,0.678,0.452,-10849141,"Control","Uninuclear"
"1349","C14",77,645.795,306.795,0,0,-10392700,"Control","Uninuclear"
"1350","C14",78,645.795,306.795,0,0,-10324854,"Control","Uninuclear"
"1351","C14",79,645.795,306.795,0,0,-9735272,"Control","Uninuclear"
"1352","C14",80,645.795,306.795,0,0,-9010018,"Control","Uninuclear"
"1353","C14",81,645.795,306.795,0,0,-9271898,"Control","Uninuclear"
"1354","C14",82,645.795,306.795,0,0,-9542005,"Control","Uninuclear"
"1355","C14",83,645.795,306.795,0,0,-9278320,"Control","Uninuclear"
"1356","C14",84,645.795,306.795,0,0,-9213554,"Control","Uninuclear"
"1357","C14",85,645.795,306.795,0,0,-9539172,"Control","Uninuclear"
"1358","C14",86,645.795,306.795,0,0,-9143914,"Control","Uninuclear"
"1359","C14",87,645.795,306.795,0,0,-8945004,"Control","Uninuclear"
"1360","C14",88,645.795,306.795,0,0,-9276529,"Control","Uninuclear"
"1361","C14",89,645.795,306.795,0,0,-8549734,"Control","Uninuclear"
"1362","C14",90,645.795,306.795,0,0,-9340528,"Control","Uninuclear"
"1363","C14",91,645.795,306.795,0,0,-8744802,"Control","Uninuclear"
"1364","C14",92,645.795,306.795,0,0,-8745840,"Control","Uninuclear"
"1365","C14",93,645.795,306.795,0,0,-8284778,"Control","Uninuclear"
"1366","C14",94,645.795,306.795,0,0,-8812931,"Control","Uninuclear"
"1367","C14",95,646.473,307.473,0.959,0.639,-8483446,"Control","Uninuclear"
"1368","C14",96,646.473,307.473,0,0,-10059133,"Control","Uninuclear"
"1369","C14",97,646.473,307.473,0,0,-9005932,"Control","Uninuclear"
"1370","C14",98,646.473,307.473,0,0,-10193288,"Control","Uninuclear"
"1371","C14",99,646.473,307.473,0,0,-9601403,"Control","Uninuclear"
"1372","C14",100,646.473,307.473,0,0,-9863535,"Control","Uninuclear"
"1373","C15",2,709.866,203.739,0.678,0.452,-8292464,"Control","Uninuclear"
"1374","C15",3,709.866,203.061,0.678,0.452,-8097645,"Control","Uninuclear"
"1375","C15",4,709.866,203.061,0,0,-6716502,"Control","Uninuclear"
"1376","C15",5,709.866,203.061,0,0,-5660992,"Control","Uninuclear"
"1377","C15",6,709.188,204.417,1.516,1.011,-5997106,"Control","Uninuclear"
"1378","C15",7,709.188,204.417,0,0,-6383450,"Control","Uninuclear"
"1379","C15",8,709.188,204.417,0,0,-5726011,"Control","Uninuclear"
"1380","C15",9,709.188,205.095,0.678,0.452,-5080104,"Control","Uninuclear"
"1381","C15",10,709.188,205.095,0,0,-8351084,"Control","Uninuclear"
"1382","C15",11,707.832,204.417,1.516,1.011,-5079846,"Control","Uninuclear"
"1383","C15",12,707.832,205.095,0.678,0.452,-4945456,"Control","Uninuclear"
"1384","C15",13,707.154,204.417,0.959,0.639,-4948258,"Control","Uninuclear"
"1385","C15",14,707.154,204.417,0,0,-5469232,"Control","Uninuclear"
"1386","C15",15,707.154,204.417,0,0,-5669679,"Control","Uninuclear"
"1387","C15",16,707.154,204.417,0,0,-5928265,"Control","Uninuclear"
"1388","C15",17,707.832,203.061,1.516,1.011,-4747564,"Control","Uninuclear"
"1389","C15",18,707.832,203.061,0,0,-5927491,"Control","Uninuclear"
"1390","C15",19,707.832,203.061,0,0,-5998136,"Control","Uninuclear"
"1391","C15",20,707.832,203.061,0,0,-5535793,"Control","Uninuclear"
"1392","C15",21,707.832,203.061,0,0,-5406761,"Control","Uninuclear"
"1393","C15",22,707.832,203.061,0,0,-5402927,"Control","Uninuclear"
"1394","C15",23,707.832,203.061,0,0,-6191160,"Control","Uninuclear"
"1395","C15",24,707.832,203.061,0,0,-7702097,"Control","Uninuclear"
"1396","C15",25,708.51,203.739,0.959,0.639,-6844239,"Control","Uninuclear"
"1397","C15",26,708.51,203.739,0,0,-7238234,"Control","Uninuclear"
"1398","C15",27,708.51,203.739,0,0,-7962722,"Control","Uninuclear"
"1399","C15",28,708.51,203.739,0,0,-8092262,"Control","Uninuclear"
"1400","C15",29,708.51,203.739,0,0,-8227698,"Control","Uninuclear"
"1401","C15",30,708.51,203.739,0,0,-7894884,"Control","Uninuclear"
"1402","C15",31,708.51,203.739,0,0,-8487549,"Control","Uninuclear"
"1403","C15",32,708.51,203.739,0,0,-9934209,"Control","Uninuclear"
"1404","C15",33,708.51,203.739,0,0,-9865344,"Control","Uninuclear"
"1405","C15",34,708.51,203.739,0,0,-9541248,"Control","Uninuclear"
"1406","C15",35,708.51,203.739,0,0,-8488038,"Control","Uninuclear"
"1407","C15",36,708.51,203.739,0,0,-8488312,"Control","Uninuclear"
"1408","C15",37,708.51,203.061,0.678,0.452,-9013614,"Control","Uninuclear"
"1409","C15",38,707.832,203.061,0.678,0.452,-9275499,"Control","Uninuclear"
"1410","C15",39,707.832,203.061,0,0,-10324361,"Control","Uninuclear"
"1411","C15",40,707.832,203.739,0.678,0.452,-8881519,"Control","Uninuclear"
"1412","C15",41,708.51,203.739,0.678,0.452,-10128512,"Control","Uninuclear"
"1413","C15",42,708.51,203.739,0,0,-9535346,"Control","Uninuclear"
"1414","C15",43,708.51,203.739,0,0,-10587785,"Control","Uninuclear"
"1415","C15",44,708.51,203.739,0,0,-8946031,"Control","Uninuclear"
"1416","C15",45,708.51,203.739,0,0,-9672825,"Control","Uninuclear"
"1417","C15",46,707.832,203.739,0.678,0.452,-9539459,"Control","Uninuclear"
"1418","C15",47,707.832,203.739,0,0,-8880752,"Control","Uninuclear"
"1419","C15",48,707.832,204.417,0.678,0.452,-8945519,"Control","Uninuclear"
"1420","C15",49,707.832,205.095,0.678,0.452,-8883057,"Control","Uninuclear"
"1421","C15",50,707.832,205.095,0,0,-7506019,"Control","Uninuclear"
"1422","C15",51,707.832,203.739,1.356,0.904,-8491622,"Control","Uninuclear"
"1423","C15",52,707.832,203.739,0,0,-7436126,"Control","Uninuclear"
"1424","C15",53,707.832,203.739,0,0,-8747888,"Control","Uninuclear"
"1425","C15",54,707.832,203.739,0,0,-8819587,"Control","Uninuclear"
"1426","C15",55,707.832,203.739,0,0,-9148549,"Control","Uninuclear"
"1427","C15",56,707.832,203.739,0,0,-9736334,"Control","Uninuclear"
"1428","C15",57,707.832,203.061,0.678,0.452,-10062472,"Control","Uninuclear"
"1429","C15",58,707.832,203.061,0,0,-8156552,"Control","Uninuclear"
"1430","C15",59,708.51,204.417,1.516,1.011,-8422245,"Control","Uninuclear"
"1431","C15",60,709.188,204.417,0.678,0.452,-7896424,"Control","Uninuclear"
"1432","C15",61,709.188,204.417,0,0,-8425591,"Control","Uninuclear"
"1433","C15",62,709.188,203.739,0.678,0.452,-6192700,"Control","Uninuclear"
"1434","C15",63,709.188,204.417,0.678,0.452,-8026735,"Control","Uninuclear"
"1435","C15",64,709.188,204.417,0,0,-6975070,"Control","Uninuclear"
"1436","C15",65,709.188,204.417,0,0,-7965305,"Control","Uninuclear"
"1437","C15",66,709.188,205.095,0.678,0.452,-7895654,"Control","Uninuclear"
"1438","C15",67,709.188,205.095,0,0,-7632743,"Control","Uninuclear"
"1439","C15",68,709.188,205.095,0,0,-8812136,"Control","Uninuclear"
"1440","C15",69,709.188,205.095,0,0,-8615774,"Control","Uninuclear"
"1441","C15",70,709.188,204.417,0.678,0.452,-8222570,"Control","Uninuclear"
"1442","C15",71,709.188,204.417,0,0,-8224627,"Control","Uninuclear"
"1443","C15",72,709.188,204.417,0,0,-9342068,"Control","Uninuclear"
"1444","C15",73,709.188,205.095,0.678,0.452,-8356456,"Control","Uninuclear"
"1445","C15",74,709.188,205.095,0,0,-8221798,"Control","Uninuclear"
"1446","C15",75,708.51,204.417,0.959,0.639,-8615260,"Control","Uninuclear"
"1447","C15",76,708.51,203.739,0.678,0.452,-8028261,"Control","Uninuclear"
"1448","C15",77,708.51,204.417,0.678,0.452,-9404015,"Control","Uninuclear"
"1449","C15",78,708.51,204.417,0,0,-8552289,"Control","Uninuclear"
"1450","C15",79,708.51,204.417,0,0,-8882295,"Control","Uninuclear"
"1451","C15",80,707.832,204.417,0.678,0.452,-8487274,"Control","Uninuclear"
"1452","C15",81,707.832,204.417,0,0,-8493153,"Control","Uninuclear"
"1453","C15",82,707.832,204.417,0,0,-8686191,"Control","Uninuclear"
"1454","C15",83,707.832,204.417,0,0,-7702873,"Control","Uninuclear"
"1455","C15",84,707.832,204.417,0,0,-7244877,"Control","Uninuclear"
"1456","C15",85,707.832,204.417,0,0,-8427611,"Control","Uninuclear"
"1457","C15",86,707.154,204.417,0.678,0.452,-7243339,"Control","Uninuclear"
"1458","C15",87,707.154,204.417,0,0,-7964517,"Control","Uninuclear"
"1459","C15",88,707.154,204.417,0,0,-7307087,"Control","Uninuclear"
"1460","C15",89,707.832,204.417,0.678,0.452,-7440977,"Control","Uninuclear"
"1461","C15",90,708.51,204.417,0.678,0.452,-6914386,"Control","Uninuclear"
"1462","C15",91,708.51,204.417,0,0,-7898723,"Control","Uninuclear"
"1463","C15",92,708.51,203.739,0.678,0.452,-7508077,"Control","Uninuclear"
"1464","C15",93,708.51,203.739,0,0,-6916702,"Control","Uninuclear"
"1465","C15",94,708.51,203.061,0.678,0.452,-5467714,"Control","Uninuclear"
"1466","C15",95,709.866,205.095,2.445,1.63,-5798991,"Control","Uninuclear"
"1467","C15",96,709.866,205.095,0,0,-7312729,"Control","Uninuclear"
"1468","C15",97,709.188,204.417,0.959,0.639,-5144139,"Control","Uninuclear"
"1469","C15",98,709.188,205.095,0.678,0.452,-6195265,"Control","Uninuclear"
"1470","C15",99,707.832,205.095,1.356,0.904,-7248203,"Control","Uninuclear"
"1471","C15",100,707.832,205.095,0,0,-6656063,"Control","Uninuclear"
"1472","C16",2,168.144,527.145,0.678,0.452,-7642532,"Control","Uninuclear"
"1473","C16",3,168.144,525.45,1.695,1.13,-14267567,"Control","Uninuclear"
"1474","C16",4,168.144,525.45,0,0,-8027533,"Control","Uninuclear"
"1475","C16",5,167.466,524.772,0.959,0.639,-13948861,"Control","Uninuclear"
"1476","C16",6,163.398,523.416,4.288,2.859,-4276795,"Control","Uninuclear"
"1477","C16",7,162.72,521.382,2.144,1.429,-11585472,"Control","Uninuclear"
"1478","C16",8,159.669,523.416,3.667,2.445,-12834990,"Control","Uninuclear"
"1479","C16",9,159.669,521.382,2.034,1.356,-11125938,"Control","Uninuclear"
"1480","C16",10,159.669,521.382,0,0,-9350568,"Control","Uninuclear"
"1481","C16",11,158.991,521.382,0.678,0.452,-11328193,"Control","Uninuclear"
"1482","C16",12,158.991,521.382,0,0,-14514538,"Control","Uninuclear"
"1483","C16",13,153.906,522.06,5.13,3.42,-11055040,"Control","Uninuclear"
"1484","C16",14,153.906,522.06,0,0,-11428715,"Control","Uninuclear"
"1485","C16",15,152.55,522.06,1.356,0.904,-10917276,"Control","Uninuclear"
"1486","C16",16,151.872,520.026,2.144,1.429,-10988695,"Control","Uninuclear"
"1487","C16",17,149.16,518.331,3.198,2.132,-11439734,"Control","Uninuclear"
"1488","C16",18,148.482,519.348,1.222,0.815,-11715015,"Control","Uninuclear"
"1489","C16",19,148.482,519.348,0,0,-11900046,"Control","Uninuclear"
"1490","C16",20,148.482,519.348,0,0,-14134965,"Control","Uninuclear"
"1491","C16",21,148.482,521.382,2.034,1.356,-14142396,"Control","Uninuclear"
"1492","C16",22,148.482,519.348,2.034,1.356,-10986642,"Control","Uninuclear"
"1493","C16",23,147.126,516.975,2.733,1.822,-11060406,"Control","Uninuclear"
"1494","C16",24,147.126,516.975,0,0,-10466993,"Control","Uninuclear"
"1495","C16",25,146.109,516.297,1.222,0.815,-9547160,"Control","Uninuclear"
"1496","C16",26,146.109,515.619,0.678,0.452,-8692888,"Control","Uninuclear"
"1497","C16",27,146.109,516.975,1.356,0.904,-9020297,"Control","Uninuclear"
"1498","C16",28,146.109,516.975,0,0,-11577510,"Control","Uninuclear"
"1499","C16",29,146.109,516.975,0,0,-10466468,"Control","Uninuclear"
"1500","C16",30,146.109,516.975,0,0,-11059108,"Control","Uninuclear"
"1501","C16",31,146.109,516.975,0,0,-8745572,"Control","Uninuclear"
"1502","C16",32,146.109,517.653,0.678,0.452,-13751490,"Control","Uninuclear"
"1503","C16",33,146.109,519.348,1.695,1.13,-9741448,"Control","Uninuclear"
"1504","C16",34,146.109,520.704,1.356,0.904,-7614787,"Control","Uninuclear"
"1505","C16",35,141.363,516.297,6.477,4.318,-11776946,"Control","Uninuclear"
"1506","C16",36,140.685,515.619,0.959,0.639,-9664375,"Control","Uninuclear"
"1507","C16",37,133.566,515.619,7.119,4.746,-12369298,"Control","Uninuclear"
"1508","C16",38,130.515,515.619,3.051,2.034,-13227438,"Control","Uninuclear"
"1509","C16",39,125.769,514.263,4.936,3.291,-13805739,"Control","Uninuclear"
"1510","C16",40,124.074,516.975,3.198,2.132,-12703440,"Control","Uninuclear"
"1511","C16",41,120.684,519.348,4.138,2.759,-13483968,"Control","Uninuclear"
"1512","C16",42,116.277,520.026,4.459,2.973,-11647670,"Control","Uninuclear"
"1513","C16",43,114.243,518.331,2.648,1.765,-12501164,"Control","Uninuclear"
"1514","C16",44,110.853,517.653,3.457,2.305,-12895401,"Control","Uninuclear"
"1515","C16",45,110.853,517.653,0,0,-14408907,"Control","Uninuclear"
"1516","C16",46,111.531,517.653,0.678,0.452,-12883360,"Control","Uninuclear"
"1517","C16",47,111.531,518.331,0.678,0.452,-12951435,"Control","Uninuclear"
"1518","C16",48,112.209,520.026,1.826,1.217,-8677504,"Control","Uninuclear"
"1519","C16",49,112.209,519.348,0.678,0.452,-12697511,"Control","Uninuclear"
"1520","C16",50,104.412,518.331,7.863,5.242,-4466227,"Control","Uninuclear"
"1521","C16",51,100.005,519.348,4.523,3.015,-9942452,"Control","Uninuclear"
"1522","C16",52,97.293,516.975,3.604,2.402,-12562353,"Control","Uninuclear"
"1523","C16",53,89.496,518.331,7.914,5.276,-10400398,"Control","Uninuclear"
"1524","C16",54,89.496,519.348,1.017,0.678,-13167051,"Control","Uninuclear"
"1525","C16",55,85.767,520.026,3.79,2.527,-12493737,"Control","Uninuclear"
"1526","C16",56,83.055,523.416,4.341,2.894,-10997434,"Control","Uninuclear"
"1527","C16",57,83.055,523.416,0,0,-6047279,"Control","Uninuclear"
"1528","C16",58,81.699,522.738,1.516,1.011,-13483965,"Control","Uninuclear"
"1529","C16",59,81.699,522.738,0,0,-16100257,"Control","Uninuclear"
"1530","C16",60,74.58,522.06,7.151,4.767,-5538407,"Control","Uninuclear"
"1531","C16",61,73.902,522.738,0.959,0.639,-6067050,"Control","Uninuclear"
"1532","C16",62,73.902,522.738,0,0,-6566730,"Control","Uninuclear"
"1533","C16",63,73.902,524.094,1.356,0.904,-7819627,"Control","Uninuclear"
"1534","C16",64,73.902,525.45,1.356,0.904,-11377813,"Control","Uninuclear"
"1535","C16",65,77.292,527.823,4.138,2.759,-6570587,"Control","Uninuclear"
"1536","C16",66,72.207,529.179,5.263,3.508,-10787995,"Control","Uninuclear"
"1537","C16",68,72.885,531.213,2.144,1.429,-9668009,"Control","Uninuclear"
"1538","C16",69,75.936,532.569,3.339,2.226,-3672350,"Control","Uninuclear"
"1539","C16",70,73.902,532.569,2.034,1.356,-14003639,"Control","Uninuclear"
"1540","C16",71,69.495,535.62,5.36,3.573,-10726318,"Control","Uninuclear"
"1541","C16",72,65.766,537.654,4.248,2.832,-11127989,"Control","Uninuclear"
"1542","C16",73,65.766,537.654,0,0,-14130086,"Control","Uninuclear"
"1543","C16",74,59.664,536.976,6.14,4.093,-10012799,"Control","Uninuclear"
"1544","C16",75,55.935,538.332,3.968,2.645,-8559734,"Control","Uninuclear"
"1545","C16",76,55.935,539.01,0.678,0.452,-8809079,"Control","Uninuclear"
"1546","C16",77,50.172,542.739,6.864,4.576,-11974828,"Control","Uninuclear"
"1547","C16",78,47.46,541.383,3.032,2.021,-12103846,"Control","Uninuclear"
"1548","C16",79,43.053,540.366,4.523,3.015,-13295545,"Control","Uninuclear"
"1549","C16",80,34.578,540.366,8.475,5.65,-9086821,"Control","Uninuclear"
"1550","C16",81,34.578,538.332,2.034,1.356,-9922388,"Control","Uninuclear"
"1551","C16",82,33.9,539.01,0.959,0.639,-11712182,"Control","Uninuclear"
"1552","C16",83,31.866,536.976,2.877,1.918,-11908526,"Control","Uninuclear"
"1553","C16",84,27.459,539.688,5.175,3.45,-12236195,"Control","Uninuclear"
"1554","C16",85,24.747,539.01,2.795,1.864,-11579056,"Control","Uninuclear"
"1555","C16",86,24.069,542.061,3.125,2.084,-11711658,"Control","Uninuclear"
"1556","C16",87,21.696,543.417,2.733,1.822,-8420439,"Control","Uninuclear"
"1557","C16",88,19.662,543.417,2.034,1.356,-13221312,"Control","Uninuclear"
"1558","C16",89,18.984,543.417,0.678,0.452,-10384261,"Control","Uninuclear"
"1559","C16",90,16.95,543.417,2.034,1.356,-4861733,"Control","Uninuclear"
"1560","C16",91,14.916,543.417,2.034,1.356,-10782104,"Control","Uninuclear"
"1561","C16",92,11.187,542.739,3.79,2.527,-12625060,"Control","Uninuclear"
"1562","C16",93,8.475,542.739,2.712,1.808,-9586776,"Control","Uninuclear"
"1563","C16",94,6.102,543.417,2.468,1.645,-13674137,"Control","Uninuclear"
"1564","C16",95,4.068,545.451,2.877,1.918,-15454123,"Control","Uninuclear"
"1565","C16",96,2.712,544.095,1.918,1.278,-12426428,"Control","Uninuclear"
"1566","C16",97,2.712,542.061,2.034,1.356,-9074805,"Control","Uninuclear"
"1567","C16",98,2.034,542.061,0.678,0.452,-9930367,"Control","Uninuclear"
"1568","C16",99,2.034,542.061,0,0,-9537157,"Control","Uninuclear"
"1569","C17",2,573.249,513.585,1.356,0.904,-7300949,"Control","Uninuclear"
"1570","C17",3,573.249,512.229,1.356,0.904,-7634275,"Control","Uninuclear"
"1571","C17",4,573.249,512.229,0,0,-7304287,"Control","Uninuclear"
"1572","C17",5,573.249,512.229,0,0,-7698526,"Control","Uninuclear"
"1573","C17",6,573.249,512.229,0,0,-6976343,"Control","Uninuclear"
"1574","C17",7,573.249,512.229,0,0,-7500377,"Control","Uninuclear"
"1575","C17",8,573.249,512.229,0,0,-7763547,"Control","Uninuclear"
"1576","C17",9,574.944,512.907,1.826,1.217,-6715992,"Control","Uninuclear"
"1577","C17",10,574.266,512.907,0.678,0.452,-7040863,"Control","Uninuclear"
"1578","C17",11,572.571,512.907,1.695,1.13,-8222822,"Control","Uninuclear"
"1579","C17",12,572.571,512.907,0,0,-7697504,"Control","Uninuclear"
"1580","C17",13,572.571,512.907,0,0,-7566946,"Control","Uninuclear"
"1581","C17",14,572.571,512.907,0,0,-7828079,"Control","Uninuclear"
"1582","C17",15,572.571,512.907,0,0,-7631463,"Control","Uninuclear"
"1583","C17",16,572.571,512.229,0.678,0.452,-7960427,"Control","Uninuclear"
"1584","C17",17,574.266,512.229,1.695,1.13,-8027501,"Control","Uninuclear"
"1585","C17",18,574.266,512.229,0,0,-7698274,"Control","Uninuclear"
"1586","C17",19,574.266,512.229,0,0,-8485993,"Control","Uninuclear"
"1587","C17",20,574.266,512.229,0,0,-7896667,"Control","Uninuclear"
"1588","C17",21,574.266,512.229,0,0,-8025694,"Control","Uninuclear"
"1589","C17",22,574.266,512.907,0.678,0.452,-7369068,"Control","Uninuclear"
"1590","C17",23,574.266,512.907,0,0,-7039325,"Control","Uninuclear"
"1591","C17",24,574.266,512.907,0,0,-7762518,"Control","Uninuclear"
"1592","C17",25,574.266,512.907,0,0,-7763300,"Control","Uninuclear"
"1593","C17",26,574.266,512.907,0,0,-7829090,"Control","Uninuclear"
"1594","C17",27,574.266,512.907,0,0,-7893084,"Control","Uninuclear"
"1595","C17",28,574.266,512.907,0,0,-7762522,"Control","Uninuclear"
"1596","C17",29,574.266,512.907,0,0,-8417380,"Control","Uninuclear"
"1597","C17",30,573.249,512.907,1.017,0.678,-7564638,"Control","Uninuclear"
"1598","C17",31,573.249,512.907,0,0,-7565669,"Control","Uninuclear"
"1599","C17",32,573.249,512.907,0,0,-7368282,"Control","Uninuclear"
"1600","C17",33,573.249,512.907,0,0,-7955554,"Control","Uninuclear"
"1601","C17",34,574.266,512.907,1.017,0.678,-8283747,"Control","Uninuclear"
"1602","C17",35,574.266,512.907,0,0,-8612965,"Control","Uninuclear"
"1603","C17",36,574.266,512.907,0,0,-8350561,"Control","Uninuclear"
"1604","C17",37,574.266,512.907,0,0,-7893595,"Control","Uninuclear"
"1605","C17",38,574.266,512.907,0,0,-9209193,"Control","Uninuclear"
"1606","C17",39,574.266,512.907,0,0,-9470560,"Control","Uninuclear"
"1607","C17",40,574.266,512.907,0,0,-9204574,"Control","Uninuclear"
"1608","C17",41,574.266,513.585,0.678,0.452,-8944741,"Control","Uninuclear"
"1609","C17",42,574.266,514.263,0.678,0.452,-8482921,"Control","Uninuclear"
"1610","C17",43,574.266,514.263,0,0,-7763816,"Control","Uninuclear"
"1611","C17",44,573.249,513.585,1.222,0.815,-9008742,"Control","Uninuclear"
"1612","C17",45,573.249,513.585,0,0,-8548455,"Control","Uninuclear"
"1613","C17",46,572.571,513.585,0.678,0.452,-8416869,"Control","Uninuclear"
"1614","C17",47,572.571,513.585,0,0,-7693395,"Control","Uninuclear"
"1615","C17",48,572.571,513.585,0,0,-8676187,"Control","Uninuclear"
"1616","C17",49,572.571,513.585,0,0,-8808804,"Control","Uninuclear"
"1617","C17",50,572.571,513.585,0,0,-8614521,"Control","Uninuclear"
"1618","C17",51,573.249,512.907,0.959,0.639,-8152666,"Control","Uninuclear"
"1619","C17",52,573.249,512.907,0,0,-8548441,"Control","Uninuclear"
"1620","C17",53,573.249,512.907,0,0,-9466473,"Control","Uninuclear"
"1621","C17",54,573.249,512.907,0,0,-8155237,"Control","Uninuclear"
"1622","C17",55,573.249,512.907,0,0,-7629142,"Control","Uninuclear"
"1623","C17",56,573.249,512.907,0,0,-8483422,"Control","Uninuclear"
"1624","C17",57,573.249,512.907,0,0,-8089691,"Control","Uninuclear"
"1625","C17",58,573.249,512.907,0,0,-8614508,"Control","Uninuclear"
"1626","C17",59,573.249,512.907,0,0,-8746345,"Control","Uninuclear"
"1627","C17",60,573.249,512.907,0,0,-8420717,"Control","Uninuclear"
"1628","C17",61,573.249,513.585,0.678,0.452,-8679777,"Control","Uninuclear"
"1629","C17",62,573.249,513.585,0,0,-8745580,"Control","Uninuclear"
"1630","C17",63,573.249,513.585,0,0,-8286308,"Control","Uninuclear"
"1631","C17",64,574.266,512.907,1.222,0.815,-8683620,"Control","Uninuclear"
"1632","C17",65,574.266,512.907,0,0,-8418156,"Control","Uninuclear"
"1633","C17",66,574.266,512.907,0,0,-8355938,"Control","Uninuclear"
"1634","C17",67,574.266,512.907,0,0,-8222819,"Control","Uninuclear"
"1635","C17",68,574.266,512.907,0,0,-8290663,"Control","Uninuclear"
"1636","C17",69,574.944,513.585,0.959,0.639,-6124357,"Control","Uninuclear"
"1637","C17",70,573.249,513.585,1.695,1.13,-8218962,"Control","Uninuclear"
"1638","C17",71,575.622,513.585,2.373,1.582,-6124116,"Control","Uninuclear"
"1639","C17",72,574.944,512.907,0.959,0.639,-6063166,"Control","Uninuclear"
"1640","C17",73,574.944,513.585,0.678,0.452,-6387529,"Control","Uninuclear"
"1641","C17",74,574.266,513.585,0.678,0.452,-6779467,"Control","Uninuclear"
"1642","C17",75,574.266,513.585,0,0,-7240024,"Control","Uninuclear"
"1643","C17",76,574.266,513.585,0,0,-6711126,"Control","Uninuclear"
"1644","C17",77,573.249,513.585,1.017,0.678,-7828831,"Control","Uninuclear"
"1645","C17",78,573.249,513.585,0,0,-6646862,"Control","Uninuclear"
"1646","C17",79,572.571,512.907,0.959,0.639,-7434835,"Control","Uninuclear"
"1647","C17",80,572.571,512.907,0,0,-8288864,"Control","Uninuclear"
"1648","C17",81,572.571,512.907,0,0,-8488543,"Control","Uninuclear"
"1649","C17",82,573.249,513.585,0.959,0.639,-8222301,"Control","Uninuclear"
"1650","C17",83,573.249,513.585,0,0,-8679009,"Control","Uninuclear"
"1651","C17",84,574.266,513.585,1.017,0.678,-8487539,"Control","Uninuclear"
"1652","C17",85,574.266,513.585,0,0,-7370070,"Control","Uninuclear"
"1653","C17",86,573.249,513.585,1.017,0.678,-8022360,"Control","Uninuclear"
"1654","C17",87,573.249,512.907,0.678,0.452,-8548194,"Control","Uninuclear"
"1655","C17",88,573.249,512.907,0,0,-8218728,"Control","Uninuclear"
"1656","C17",89,573.249,512.907,0,0,-8614757,"Control","Uninuclear"
"1657","C17",90,573.249,512.907,0,0,-8546659,"Control","Uninuclear"
"1658","C17",91,573.249,512.907,0,0,-7761506,"Control","Uninuclear"
"1659","C17",92,573.249,512.907,0,0,-7631460,"Control","Uninuclear"
"1660","C17",93,573.249,512.907,0,0,-7895651,"Control","Uninuclear"
"1661","C17",94,573.249,513.585,0.678,0.452,-7698526,"Control","Uninuclear"
"1662","C17",95,573.249,513.585,0,0,-8289382,"Control","Uninuclear"
"1663","C17",96,574.266,514.263,1.222,0.815,-7041895,"Control","Uninuclear"
"1664","C17",97,574.266,513.585,0.678,0.452,-6979926,"Control","Uninuclear"
"1665","C17",98,574.266,513.585,0,0,-7371360,"Control","Uninuclear"
"1666","C17",99,574.266,514.263,0.678,0.452,-7175274,"Control","Uninuclear"
"1667","C17",100,573.249,513.585,1.222,0.815,-7304286,"Control","Uninuclear"
"1668","C18",2,510.195,199.332,5.803,3.868,-5010476,"Control","Uninuclear"
"1669","C18",3,505.788,194.247,6.729,4.486,-7031615,"Control","Uninuclear"
"1670","C18",4,505.11,198.654,4.459,2.973,-9343359,"Control","Uninuclear"
"1671","C18",5,506.466,198.654,1.356,0.904,-8814697,"Control","Uninuclear"
"1672","C18",6,504.432,201.366,3.39,2.26,-10195574,"Control","Uninuclear"
"1673","C18",7,502.398,201.366,2.034,1.356,-9928572,"Control","Uninuclear"
"1674","C18",8,500.364,207.129,6.111,4.074,-9081203,"Control","Uninuclear"
"1675","C18",9,498.669,209.163,2.648,1.765,-11047047,"Control","Uninuclear"
"1676","C18",10,495.279,208.485,3.457,2.305,-9933958,"Control","Uninuclear"
"1677","C18",11,496.635,209.163,1.516,1.011,-9345430,"Control","Uninuclear"
"1678","C18",12,496.635,210.858,1.695,1.13,-9805694,"Control","Uninuclear"
"1679","C18",13,496.635,210.858,0,0,-8235355,"Control","Uninuclear"
"1680","C18",14,494.601,214.248,3.953,2.636,-7247953,"Control","Uninuclear"
"1681","C18",15,493.923,216.282,2.144,1.429,-5986109,"Control","Uninuclear"
"1682","C18",16,490.194,218.655,4.42,2.947,-11049090,"Control","Uninuclear"
"1683","C18",17,488.838,220.011,1.918,1.278,-8561519,"Control","Uninuclear"
"1684","C18",18,489.516,220.011,0.678,0.452,-9869200,"Control","Uninuclear"
"1685","C18",19,489.516,220.011,0,0,-9217915,"Control","Uninuclear"
"1686","C18",20,488.838,220.689,0.959,0.639,-5994088,"Control","Uninuclear"
"1687","C18",21,488.16,221.367,0.959,0.639,-6128226,"Control","Uninuclear"
"1688","C18",22,488.16,220.689,0.678,0.452,-9144691,"Control","Uninuclear"
"1689","C18",23,483.753,215.604,6.729,4.486,-8953205,"Control","Uninuclear"
"1690","C18",24,486.126,214.926,2.468,1.645,-7699799,"Control","Uninuclear"
"1691","C18",25,482.397,212.214,4.611,3.074,-6978386,"Control","Uninuclear"
"1692","C18",26,475.956,212.214,6.441,4.294,-8688252,"Control","Uninuclear"
"1693","C18",27,475.956,212.892,0.678,0.452,-8945505,"Control","Uninuclear"
"1694","C18",28,473.244,209.841,4.082,2.721,-10388095,"Control","Uninuclear"
"1695","C18",29,472.566,209.841,0.678,0.452,-8750193,"Control","Uninuclear"
"1696","C18",30,473.922,210.858,1.695,1.13,-10001790,"Control","Uninuclear"
"1697","C18",31,472.566,210.858,1.356,0.904,-9599096,"Control","Uninuclear"
"1698","C18",32,471.21,209.163,2.171,1.447,-9280363,"Control","Uninuclear"
"1699","C18",33,468.159,211.536,3.865,2.577,-8751984,"Control","Uninuclear"
"1700","C18",34,465.447,209.163,3.604,2.402,-8820362,"Control","Uninuclear"
"1701","C18",35,461.718,209.163,3.729,2.486,-9275783,"Control","Uninuclear"
"1702","C18",36,459.006,207.807,3.032,2.021,-9280889,"Control","Uninuclear"
"1703","C18",37,458.328,199.332,8.502,5.668,-9340789,"Control","Uninuclear"
"1704","C18",38,458.328,201.366,2.034,1.356,-9072979,"Control","Uninuclear"
"1705","C18",39,452.565,200.688,5.803,3.868,-7833415,"Control","Uninuclear"
"1706","C18",40,450.531,203.739,3.667,2.445,-10389125,"Control","Uninuclear"
"1707","C18",41,449.175,204.417,1.516,1.011,-10786931,"Control","Uninuclear"
"1708","C18",42,451.209,203.739,2.144,1.429,-7164228,"Control","Uninuclear"
"1709","C18",43,451.209,207.129,3.39,2.26,-9999484,"Control","Uninuclear"
"1710","C18",44,452.565,209.163,2.445,1.63,-7052356,"Control","Uninuclear"
"1711","C18",45,451.887,209.841,0.959,0.639,-10263170,"Control","Uninuclear"
"1712","C18",46,451.887,209.841,0,0,-7234135,"Control","Uninuclear"
"1713","C18",47,449.175,208.485,3.032,2.021,-8225137,"Control","Uninuclear"
"1714","C18",48,445.446,209.163,3.79,2.527,-9012078,"Control","Uninuclear"
"1715","C18",49,443.412,206.451,3.39,2.26,-7305308,"Control","Uninuclear"
"1716","C18",50,441.378,206.451,2.034,1.356,-10390934,"Control","Uninuclear"
"1717","C18",51,441.378,206.451,0,0,-9995119,"Control","Uninuclear"
"1718","C18",52,442.734,208.485,2.445,1.63,-9737857,"Control","Uninuclear"
"1719","C18",53,441.378,207.807,1.516,1.011,-10785658,"Control","Uninuclear"
"1720","C18",54,439.683,207.129,1.826,1.217,-10261894,"Control","Uninuclear"
"1721","C18",55,436.293,206.451,3.457,2.305,-10066294,"Control","Uninuclear"
"1722","C18",56,434.937,205.095,1.918,1.278,-11311725,"Control","Uninuclear"
"1723","C18",57,434.937,205.095,0,0,-10523757,"Control","Uninuclear"
"1724","C18",58,435.615,205.095,0.678,0.452,-11239269,"Control","Uninuclear"
"1725","C18",59,435.615,205.095,0,0,-9930619,"Control","Uninuclear"
"1726","C18",60,434.937,205.095,0.678,0.452,-9204589,"Control","Uninuclear"
"1727","C18",61,431.208,205.095,3.729,2.486,-9473916,"Control","Uninuclear"
"1728","C18",62,424.767,206.451,6.582,4.388,-10586496,"Control","Uninuclear"
"1729","C18",63,421.377,207.129,3.457,2.305,-10449268,"Control","Uninuclear"
"1730","C18",64,417.648,207.807,3.79,2.527,-10122598,"Control","Uninuclear"
"1731","C18",65,421.377,211.536,5.274,3.516,-9018755,"Control","Uninuclear"
"1732","C18",66,417.648,211.536,3.729,2.486,-9930359,"Control","Uninuclear"
"1733","C18",67,417.648,214.248,2.712,1.808,-9868925,"Control","Uninuclear"
"1734","C18",68,415.614,212.214,2.877,1.918,-9737339,"Control","Uninuclear"
"1735","C18",69,417.648,214.248,2.877,1.918,-9014119,"Control","Uninuclear"
"1736","C18",70,417.648,215.604,1.356,0.904,-7699035,"Control","Uninuclear"
"1737","C18",71,415.614,213.57,2.877,1.918,-10128763,"Control","Uninuclear"
"1738","C18",72,415.614,214.926,1.356,0.904,-10985866,"Control","Uninuclear"
"1739","C18",73,415.614,214.926,0,0,-10262151,"Control","Uninuclear"
"1740","C18",74,416.292,216.282,1.516,1.011,-10068113,"Control","Uninuclear"
"1741","C18",75,417.648,214.926,1.918,1.278,-10129013,"Control","Uninuclear"
"1742","C18",76,419.343,214.926,1.695,1.13,-10918794,"Control","Uninuclear"
"1743","C18",77,420.699,214.926,1.356,0.904,-10849921,"Control","Uninuclear"
"1744","C18",78,420.021,216.282,1.516,1.011,-9538669,"Control","Uninuclear"
"1745","C18",79,420.699,222.045,5.803,3.868,-7634281,"Control","Uninuclear"
"1746","C18",80,420.021,222.045,0.678,0.452,-10392189,"Control","Uninuclear"
"1747","C18",81,418.326,225.096,3.49,2.327,-9938065,"Control","Uninuclear"
"1748","C18",82,419.343,227.13,2.274,1.516,-10595736,"Control","Uninuclear"
"1749","C18",83,415.614,227.13,3.729,2.486,-10851970,"Control","Uninuclear"
"1750","C18",84,412.902,225.096,3.39,2.26,-11702390,"Control","Uninuclear"
"1751","C18",85,416.292,227.808,4.341,2.894,-11047033,"Control","Uninuclear"
"1752","C18",86,420.021,229.164,3.968,2.645,-10917765,"Control","Uninuclear"
"1753","C18",87,420.699,229.164,0.678,0.452,-9536876,"Control","Uninuclear"
"1754","C18",88,417.648,229.164,3.051,2.034,-10064764,"Control","Uninuclear"
"1755","C18",89,418.326,229.842,0.959,0.639,-10393729,"Control","Uninuclear"
"1756","C18",90,416.97,230.52,1.516,1.011,-11376774,"Control","Uninuclear"
"1757","C18",91,422.055,229.164,5.263,3.508,-9931119,"Control","Uninuclear"
"1758","C18",92,419.343,228.486,2.795,1.864,-11173240,"Control","Uninuclear"
"1759","C18",93,420.699,229.164,1.516,1.011,-10521732,"Control","Uninuclear"
"1760","C18",94,420.021,229.842,0.959,0.639,-9928815,"Control","Uninuclear"
"1761","C18",95,423.411,233.571,5.04,3.36,-9529696,"Control","Uninuclear"
"1762","C18",96,427.14,233.571,3.729,2.486,-10648949,"Control","Uninuclear"
"1763","C18",97,424.089,231.198,3.865,2.577,-11567734,"Control","Uninuclear"
"1764","C18",98,424.089,230.52,0.678,0.452,-11372411,"Control","Uninuclear"
"1765","C18",99,419.343,228.486,5.163,3.442,-9733513,"Control","Uninuclear"
"1766","C18",100,417.648,225.096,3.79,2.527,-10323324,"Control","Uninuclear"
"1767","C19",2,444.09,90.513,1.516,1.011,-8421479,"Control","Uninuclear"
"1768","C19",3,444.09,90.513,0,0,-8421731,"Control","Uninuclear"
"1769","C19",4,444.768,90.513,0.678,0.452,-8419939,"Control","Uninuclear"
"1770","C19",5,444.768,90.513,0,0,-8617056,"Control","Uninuclear"
"1771","C19",6,444.768,90.513,0,0,-9072740,"Control","Uninuclear"
"1772","C19",7,444.768,90.513,0,0,-9141621,"Control","Uninuclear"
"1773","C19",8,444.768,90.513,0,0,-8483941,"Control","Uninuclear"
"1774","C19",9,444.768,90.513,0,0,-8683624,"Control","Uninuclear"
"1775","C19",10,444.768,90.513,0,0,-9073758,"Control","Uninuclear"
"1776","C19",11,444.09,90.513,0.678,0.452,-8355688,"Control","Uninuclear"
"1777","C19",12,444.768,89.835,0.959,0.639,-8750195,"Control","Uninuclear"
"1778","C19",13,444.768,90.513,0.678,0.452,-8354397,"Control","Uninuclear"
"1779","C19",14,444.768,90.513,0,0,-7369830,"Control","Uninuclear"
"1780","C19",15,444.768,90.513,0,0,-8092781,"Control","Uninuclear"
"1781","C19",16,444.768,90.513,0,0,-7961959,"Control","Uninuclear"
"1782","C19",17,444.768,90.513,0,0,-8286312,"Control","Uninuclear"
"1783","C19",18,445.446,91.191,0.959,0.639,-8026210,"Control","Uninuclear"
"1784","C19",19,445.446,91.191,0,0,-8485991,"Control","Uninuclear"
"1785","C19",20,445.446,90.513,0.678,0.452,-9209968,"Control","Uninuclear"
"1786","C19",21,445.446,90.513,0,0,-8355686,"Control","Uninuclear"
"1787","C19",22,445.446,90.513,0,0,-8818021,"Control","Uninuclear"
"1788","C19",23,445.446,90.513,0,0,-8685672,"Control","Uninuclear"
"1789","C19",24,445.446,90.513,0,0,-8751976,"Control","Uninuclear"
"1790","C19",25,445.446,90.513,0,0,-9211498,"Control","Uninuclear"
"1791","C19",26,445.446,90.513,0,0,-8947059,"Control","Uninuclear"
"1792","C19",27,445.446,90.513,0,0,-8814436,"Control","Uninuclear"
"1793","C19",28,445.446,90.513,0,0,-8749917,"Control","Uninuclear"
"1794","C19",29,445.446,90.513,0,0,-8225131,"Control","Uninuclear"
"1795","C19",30,445.446,90.513,0,0,-8816229,"Control","Uninuclear"
"1796","C19",31,445.446,90.513,0,0,-8027487,"Control","Uninuclear"
"1797","C19",32,445.446,90.513,0,0,-8421980,"Control","Uninuclear"
"1798","C19",33,445.446,90.513,0,0,-9142623,"Control","Uninuclear"
"1799","C19",34,445.446,90.513,0,0,-9340528,"Control","Uninuclear"
"1800","C19",35,445.446,91.191,0.678,0.452,-8487272,"Control","Uninuclear"
"1801","C19",36,445.446,91.191,0,0,-8092506,"Control","Uninuclear"
"1802","C19",37,445.446,91.191,0,0,-8947562,"Control","Uninuclear"
"1803","C19",38,445.446,91.869,0.678,0.452,-9141090,"Control","Uninuclear"
"1804","C19",39,445.446,92.886,1.017,0.678,-8943703,"Control","Uninuclear"
"1805","C19",40,445.446,92.886,0,0,-8356715,"Control","Uninuclear"
"1806","C19",41,445.446,92.886,0,0,-7829842,"Control","Uninuclear"
"1807","C19",42,445.446,92.886,0,0,-8091738,"Control","Uninuclear"
"1808","C19",43,445.446,92.886,0,0,-8288853,"Control","Uninuclear"
"1809","C19",44,445.446,92.886,0,0,-9206876,"Control","Uninuclear"
"1810","C19",45,445.446,92.886,0,0,-8881504,"Control","Uninuclear"
"1811","C19",46,444.768,91.191,1.826,1.217,-9666657,"Control","Uninuclear"
"1812","C19",47,444.768,91.191,0,0,-8092753,"Control","Uninuclear"
"1813","C19",48,444.09,91.869,0.959,0.639,-7961179,"Control","Uninuclear"
"1814","C19",49,444.09,91.869,0,0,-8356438,"Control","Uninuclear"
"1815","C19",50,444.09,91.191,0.678,0.452,-8420191,"Control","Uninuclear"
"1816","C19",51,444.09,91.191,0,0,-8092502,"Control","Uninuclear"
"1817","C19",52,444.768,91.191,0.678,0.452,-8094048,"Control","Uninuclear"
"1818","C19",53,444.768,91.191,0,0,-8553053,"Control","Uninuclear"
"1819","C19",54,444.768,91.869,0.678,0.452,-7763800,"Control","Uninuclear"
"1820","C19",55,444.09,91.869,0.678,0.452,-8489317,"Control","Uninuclear"
"1821","C19",56,444.09,91.869,0,0,-8486746,"Control","Uninuclear"
"1822","C19",57,444.09,91.869,0,0,-8748896,"Control","Uninuclear"
"1823","C19",58,444.09,91.191,0.678,0.452,-8619877,"Control","Uninuclear"
"1824","C19",59,444.768,91.869,0.959,0.639,-9212016,"Control","Uninuclear"
"1825","C19",60,444.768,91.869,0,0,-9405304,"Control","Uninuclear"
"1826","C19",61,444.768,91.869,0,0,-9273454,"Control","Uninuclear"
"1827","C19",62,444.768,91.191,0.678,0.452,-8618596,"Control","Uninuclear"
"1828","C19",63,444.768,91.191,0,0,-9079912,"Control","Uninuclear"
"1829","C19",64,444.768,91.191,0,0,-8355686,"Control","Uninuclear"
"1830","C19",65,444.768,91.191,0,0,-9012328,"Control","Uninuclear"
"1831","C19",66,445.446,91.191,0.678,0.452,-9205079,"Control","Uninuclear"
"1832","C19",67,445.446,90.513,0.678,0.452,-9402735,"Control","Uninuclear"
"1833","C19",68,445.446,90.513,0,0,-9278067,"Control","Uninuclear"
"1834","C19",69,445.446,90.513,0,0,-10386797,"Control","Uninuclear"
"1835","C19",70,444.768,90.513,0.678,0.452,-9077356,"Control","Uninuclear"
"1836","C19",71,444.768,90.513,0,0,-8487013,"Control","Uninuclear"
"1837","C19",72,445.446,90.513,0.678,0.452,-9862003,"Control","Uninuclear"
"1838","C19",73,445.446,90.513,0,0,-9273441,"Control","Uninuclear"
"1839","C19",74,446.124,91.191,0.959,0.639,-9339758,"Control","Uninuclear"
"1840","C19",75,446.124,91.191,0,0,-8681551,"Control","Uninuclear"
"1841","C19",76,446.124,91.191,0,0,-9406824,"Control","Uninuclear"
"1842","C19",77,446.124,91.191,0,0,-8881753,"Control","Uninuclear"
"1843","C19",78,446.124,91.191,0,0,-9143387,"Control","Uninuclear"
"1844","C19",79,446.124,91.191,0,0,-8487260,"Control","Uninuclear"
"1845","C19",80,444.768,90.513,1.516,1.011,-8945507,"Control","Uninuclear"
"1846","C19",81,444.768,90.513,0,0,-9275248,"Control","Uninuclear"
"1847","C19",82,445.446,91.191,0.959,0.639,-9600351,"Control","Uninuclear"
"1848","C19",83,445.446,91.191,0,0,-9014117,"Control","Uninuclear"
"1849","C19",84,445.446,91.191,0,0,-9863525,"Control","Uninuclear"
"1850","C19",85,445.446,91.191,0,0,-8550749,"Control","Uninuclear"
"1851","C19",86,445.446,91.191,0,0,-8549466,"Control","Uninuclear"
"1852","C19",87,445.446,91.191,0,0,-9008992,"Control","Uninuclear"
"1853","C19",88,445.446,91.191,0,0,-8814160,"Control","Uninuclear"
"1854","C19",89,445.446,91.191,0,0,-6456646,"Control","Uninuclear"
"1855","C19",90,445.446,91.191,0,0,-8749654,"Control","Uninuclear"
"1856","C19",91,445.446,91.191,0,0,-8554849,"Control","Uninuclear"
"1857","C19",92,445.446,91.191,0,0,-9014382,"Control","Uninuclear"
"1858","C19",93,445.446,91.191,0,0,-8619875,"Control","Uninuclear"
"1859","C19",94,445.446,91.191,0,0,-8816989,"Control","Uninuclear"
"1860","C19",95,446.124,91.191,0.678,0.452,-8485453,"Control","Uninuclear"
"1861","C19",96,447.48,92.886,2.171,1.447,-9606256,"Control","Uninuclear"
"1862","C19",97,447.48,92.886,0,0,-9995637,"Control","Uninuclear"
"1863","C19",98,446.802,92.886,0.678,0.452,-9996140,"Control","Uninuclear"
"1864","C19",99,446.802,92.886,0,0,-8620129,"Control","Uninuclear"
"1865","C19",100,446.802,92.886,0,0,-8882022,"Control","Uninuclear"
"1866","C20",2,284.76,87.123,2.733,1.822,-7633754,"Control","Uninuclear"
"1867","C20",3,285.438,84.75,2.468,1.645,-5069124,"Control","Uninuclear"
"1868","C20",4,283.404,86.445,2.648,1.765,-7166010,"Control","Uninuclear"
"1869","C20",5,283.404,86.445,0,0,-5658416,"Control","Uninuclear"
"1870","C20",6,283.404,86.445,0,0,-9022573,"Control","Uninuclear"
"1871","C20",7,283.404,84.75,1.695,1.13,-5981497,"Control","Uninuclear"
"1872","C20",8,283.404,84.75,0,0,-5733962,"Control","Uninuclear"
"1873","C20",9,284.082,85.767,1.222,0.815,-8030846,"Control","Uninuclear"
"1874","C20",10,284.082,84.75,1.017,0.678,-9279886,"Control","Uninuclear"
"1875","C20",11,284.76,84.072,0.959,0.639,-9605751,"Control","Uninuclear"
"1876","C20",12,284.76,84.072,0,0,-7309910,"Control","Uninuclear"
"1877","C20",13,284.76,84.75,0.678,0.452,-11239070,"Control","Uninuclear"
"1878","C20",14,284.082,89.157,4.459,2.973,-8356213,"Control","Uninuclear"
"1879","C20",15,284.082,89.157,0,0,-9087334,"Control","Uninuclear"
"1880","C20",16,284.082,89.157,0,0,-11372952,"Control","Uninuclear"
"1881","C20",17,282.048,90.513,2.445,1.63,-6441042,"Control","Uninuclear"
"1882","C20",18,277.641,91.191,4.459,2.973,-6590049,"Control","Uninuclear"
"1883","C20",19,278.319,92.886,1.826,1.217,-6586732,"Control","Uninuclear"
"1884","C20",20,276.963,93.564,1.516,1.011,-7833479,"Control","Uninuclear"
"1885","C20",21,274.251,94.242,2.795,1.864,-7701845,"Control","Uninuclear"
"1886","C20",22,269.844,97.632,5.56,3.707,-5988945,"Control","Uninuclear"
"1887","C20",23,269.844,97.632,0,0,-7310684,"Control","Uninuclear"
"1888","C20",24,269.844,98.988,1.356,0.904,-8017756,"Control","Uninuclear"
"1889","C20",25,267.132,101.361,3.604,2.402,-9346719,"Control","Uninuclear"
"1890","C20",26,266.454,102.039,0.959,0.639,-7836272,"Control","Uninuclear"
"1891","C20",27,265.776,102.039,0.678,0.452,-8356212,"Control","Uninuclear"
"1892","C20",28,265.098,102.039,0.678,0.452,-8818308,"Control","Uninuclear"
"1893","C20",29,265.098,102.039,0,0,-7830369,"Control","Uninuclear"
"1894","C20",30,265.098,102.039,0,0,-9938057,"Control","Uninuclear"
"1895","C20",31,265.098,101.361,0.678,0.452,-7445883,"Control","Uninuclear"
"1896","C20",32,264.081,101.361,1.017,0.678,-7243865,"Control","Uninuclear"
"1897","C20",33,265.098,102.039,1.222,0.815,-7965281,"Control","Uninuclear"
"1898","C20",34,265.098,102.039,0,0,-8948342,"Control","Uninuclear"
"1899","C20",35,265.098,102.039,0,0,-13747406,"Control","Uninuclear"
"1900","C20",36,264.081,106.107,4.193,2.795,-5605195,"Control","Uninuclear"
"1901","C20",37,263.403,109.158,3.125,2.084,-8555888,"Control","Uninuclear"
"1902","C20",38,261.369,109.158,2.034,1.356,-8095083,"Control","Uninuclear"
"1903","C20",39,260.013,111.87,3.032,2.021,-6125898,"Control","Uninuclear"
"1904","C20",40,254.928,112.548,5.13,3.42,-6261846,"Control","Uninuclear"
"1905","C20",41,247.809,111.87,7.151,4.767,-8686432,"Control","Uninuclear"
"1906","C20",42,247.809,113.226,1.356,0.904,-6260556,"Control","Uninuclear"
"1907","C20",43,243.741,115.599,4.71,3.14,-9342832,"Control","Uninuclear"
"1908","C20",44,240.69,116.277,3.125,2.084,-9008501,"Control","Uninuclear"
"1909","C20",45,238.656,117.633,2.445,1.63,-8224367,"Control","Uninuclear"
"1910","C20",47,236.622,117.633,2.034,1.356,-6058572,"Control","Uninuclear"
"1911","C20",48,232.215,118.989,4.611,3.074,-7699290,"Control","Uninuclear"
"1912","C20",49,230.181,121.023,2.877,1.918,-10322793,"Control","Uninuclear"
"1913","C20",50,227.13,118.989,3.667,2.445,-9342822,"Control","Uninuclear"
"1914","C20",51,226.452,117.633,1.516,1.011,-11308938,"Control","Uninuclear"
"1915","C20",52,225.774,117.633,0.678,0.452,-8356707,"Control","Uninuclear"
"1916","C20",53,226.452,121.023,3.457,2.305,-9146507,"Control","Uninuclear"
"1917","C20",54,225.774,122.04,1.222,0.815,-10454140,"Control","Uninuclear"
"1918","C20",55,221.706,122.718,4.124,2.749,-8028026,"Control","Uninuclear"
"1919","C20",56,219.333,122.718,2.373,1.582,-10061943,"Control","Uninuclear"
"1920","C20",57,216.621,122.718,2.712,1.808,-10391684,"Control","Uninuclear"
"1921","C20",58,216.621,122.718,0,0,-9147774,"Control","Uninuclear"
"1922","C20",59,217.977,124.752,2.445,1.63,-9477241,"Control","Uninuclear"
"1923","C20",60,217.299,124.752,0.678,0.452,-8428642,"Control","Uninuclear"
"1924","C20",61,216.621,123.396,1.516,1.011,-6911829,"Control","Uninuclear"
"1925","C20",62,217.299,124.074,0.959,0.639,-10791297,"Control","Uninuclear"
"1926","C20",63,217.299,123.396,0.678,0.452,-9868915,"Control","Uninuclear"
"1927","C20",64,217.299,123.396,0,0,-7953233,"Control","Uninuclear"
"1928","C20",65,218.655,124.074,1.516,1.011,-9476475,"Control","Uninuclear"
"1929","C20",66,218.655,124.074,0,0,-8232283,"Control","Uninuclear"
"1930","C20",67,210.858,133.227,12.024,8.016,-9932669,"Control","Uninuclear"
"1931","C20",68,211.536,141.702,8.502,5.668,-7113820,"Control","Uninuclear"
"1932","C20",69,210.858,145.431,3.79,2.527,-9870455,"Control","Uninuclear"
"1933","C20",70,213.909,148.821,4.561,3.041,-8818519,"Control","Uninuclear"
"1934","C20",71,212.892,152.55,3.865,2.577,-9276786,"Control","Uninuclear"
"1935","C20",72,210.18,153.228,2.795,1.864,-9475472,"Control","Uninuclear"
"1936","C20",73,208.146,153.906,2.144,1.429,-10129015,"Control","Uninuclear"
"1937","C20",74,207.468,155.94,2.144,1.429,-7429960,"Control","Uninuclear"
"1938","C20",75,206.112,156.618,1.516,1.011,-5068322,"Control","Uninuclear"
"1939","C20",76,198.993,157.974,7.247,4.831,-6919766,"Control","Uninuclear"
"1940","C20",77,195.942,159.669,3.49,2.327,-7574103,"Control","Uninuclear"
"1941","C20",78,192.552,161.025,3.651,2.434,-8689243,"Control","Uninuclear"
"1942","C20",79,192.552,158.991,2.034,1.356,-9542272,"Control","Uninuclear"
"1943","C20",80,186.111,159.669,6.477,4.318,-9924706,"Control","Uninuclear"
"1944","C20",81,184.077,159.669,2.034,1.356,-10522243,"Control","Uninuclear"
"1945","C20",82,181.026,159.669,3.051,2.034,-8160892,"Control","Uninuclear"
"1946","C20",83,179.67,159.669,1.356,0.904,-5661243,"Control","Uninuclear"
"1947","C20",84,175.263,158.991,4.459,2.973,-7832692,"Control","Uninuclear"
"1948","C20",85,172.551,157.974,2.896,1.931,-7835514,"Control","Uninuclear"
"1949","C20",86,167.466,158.991,5.186,3.457,-8949881,"Control","Uninuclear"
"1950","C20",87,165.432,158.991,2.034,1.356,-10191233,"Control","Uninuclear"
"1951","C20",88,163.398,159.669,2.144,1.429,-8032139,"Control","Uninuclear"
"1952","C20",89,162.72,157.296,2.468,1.645,-8553330,"Control","Uninuclear"
"1953","C20",90,161.025,156.618,1.826,1.217,-9208703,"Control","Uninuclear"
"1954","C20",91,159.669,156.618,1.356,0.904,-9407620,"Control","Uninuclear"
"1955","C20",92,156.957,155.94,2.795,1.864,-10190457,"Control","Uninuclear"
"1956","C20",93,153.906,155.94,3.051,2.034,-9932400,"Control","Uninuclear"
"1957","C20",94,151.872,155.94,2.034,1.356,-7049066,"Control","Uninuclear"
"1958","C20",95,149.16,159.669,4.611,3.074,-5540958,"Control","Uninuclear"
"1959","C20",96,144.075,159.669,5.085,3.39,-10326144,"Control","Uninuclear"
"1960","C20",97,138.312,157.296,6.232,4.155,-10846829,"Control","Uninuclear"
"1961","C20",98,136.278,157.296,2.034,1.356,-8620650,"Control","Uninuclear"
"1962","C20",99,131.871,157.296,4.407,2.938,-8034429,"Control","Uninuclear"
"1963","C20",100,126.447,157.296,5.424,3.616,-8163196,"Control","Uninuclear"
