"","Track","Time","X","Y","Distance","Velocity","Pixel","Type","Subtype"
"1","MC1",2,383.748,147.465,2.034,1.356,-13280686,"Medusa Cell","Medusa Cell"
"2","MC1",3,380.697,145.431,3.667,2.445,-8614525,"Medusa Cell","Medusa Cell"
"3","MC1",4,381.375,145.431,0.678,0.452,-12363695,"Medusa Cell","Medusa Cell"
"4","MC1",5,363.069,137.634,19.897,13.265,-14198448,"Medusa Cell","Medusa Cell"
"5","MC1",6,354.594,143.736,10.443,6.962,-15125191,"Medusa Cell","Medusa Cell"
"6","MC1",7,339.678,158.991,21.335,14.224,-16049382,"Medusa Cell","Medusa Cell"
"7","MC1",8,323.067,193.569,38.361,25.574,-13946059,"Medusa Cell","Medusa Cell"
"8","MC1",9,313.914,232.893,40.375,26.917,-10915484,"Medusa Cell","Medusa Cell"
"9","MC1",10,318.999,252.555,20.309,13.539,-11313065,"Medusa Cell","Medusa Cell"
"10","MC1",11,335.271,280.353,32.21,21.474,-6707089,"Medusa Cell","Medusa Cell"
"11","MC1",12,359.34,303.066,33.094,22.063,-7301508,"Medusa Cell","Medusa Cell"
"12","MC1",13,394.935,320.016,39.425,26.283,-15330775,"Medusa Cell","Medusa Cell"
"13","MC1",14,422.055,349.17,39.818,26.545,-13287865,"Medusa Cell","Medusa Cell"
"14","MC1",15,431.886,372.222,25.061,16.707,-9408400,"Medusa Cell","Medusa Cell"
"15","MC1",16,429.174,367.815,5.175,3.45,-10986393,"Medusa Cell","Medusa Cell"
"16","MC1",17,424.089,369.171,5.263,3.508,-14992315,"Medusa Cell","Medusa Cell"
"17","MC1",18,430.53,362.73,9.109,6.073,-10989726,"Medusa Cell","Medusa Cell"
"18","MC1",19,446.802,347.136,22.538,15.025,-8612463,"Medusa Cell","Medusa Cell"
"19","MC1",20,469.515,329.508,28.751,19.167,-15322824,"Medusa Cell","Medusa Cell"
"20","MC1",21,482.397,313.914,20.227,13.484,-10392438,"Medusa Cell","Medusa Cell"
"21","MC1",22,504.432,282.387,38.464,25.643,-11188374,"Medusa Cell","Medusa Cell"
"22","MC1",23,508.839,238.317,44.29,29.527,-9741191,"Medusa Cell","Medusa Cell"
"23","MC1",24,516.636,200.688,38.428,25.619,-12953522,"Medusa Cell","Medusa Cell"
"24","MC1",25,527.145,189.501,15.349,10.233,-10140810,"Medusa Cell","Medusa Cell"
"25","MC1",26,513.585,194.247,14.367,9.578,-13086638,"Medusa Cell","Medusa Cell"
"26","MC1",27,510.873,191.535,3.835,2.557,-12562879,"Medusa Cell","Medusa Cell"
"27","MC1",28,514.263,185.094,7.279,4.852,-14207688,"Medusa Cell","Medusa Cell"
"28","MC1",29,523.755,153.906,32.6,21.734,-11772058,"Medusa Cell","Medusa Cell"
"29","MC1",30,556.977,144.753,34.46,22.973,-9017741,"Medusa Cell","Medusa Cell"
"30","MC1",31,591.894,156.618,36.878,24.585,-9936785,"Medusa Cell","Medusa Cell"
"31","MC1",32,636.642,157.296,44.753,29.835,-7105907,"Medusa Cell","Medusa Cell"
"32","MC1",33,681.39,170.178,46.565,31.044,-11573401,"Medusa Cell","Medusa Cell"
"33","MC1",34,726.816,173.907,45.579,30.386,-10729878,"Medusa Cell","Medusa Cell"
"34","MC1",35,775.971,173.907,49.155,32.77,-13548998,"Medusa Cell","Medusa Cell"
"35","MC1",36,784.446,172.212,8.643,5.762,-14664371,"Medusa Cell","Medusa Cell"
"36","MC1",37,773.259,176.619,12.024,8.016,-11311009,"Medusa Cell","Medusa Cell"
"37","MC1",38,785.124,174.585,12.038,8.025,-10188401,"Medusa Cell","Medusa Cell"
"38","MC1",39,787.497,174.585,2.373,1.582,-8750208,"Medusa Cell","Medusa Cell"
"39","MC1",40,788.175,174.585,0.678,0.452,-9665667,"Medusa Cell","Medusa Cell"
"40","MC1",41,787.497,173.907,0.959,0.639,-7822444,"Medusa Cell","Medusa Cell"
"41","MC1",42,790.887,172.89,3.539,2.36,-6914169,"Medusa Cell","Medusa Cell"
"42","MC1",43,788.853,169.5,3.953,2.636,-10984835,"Medusa Cell","Medusa Cell"
"43","MC1",44,790.887,172.89,3.953,2.636,-14794186,"Medusa Cell","Medusa Cell"
"44","MC1",45,792.921,168.822,4.548,3.032,-9144989,"Medusa Cell","Medusa Cell"
"45","MC1",46,792.921,166.788,2.034,1.356,-15448758,"Medusa Cell","Medusa Cell"
"46","MC1",47,798.684,157.974,10.531,7.021,-10586289,"Medusa Cell","Medusa Cell"
"47","MC1",48,800.718,161.025,3.667,2.445,-14659269,"Medusa Cell","Medusa Cell"
"48","MC1",49,800.718,163.059,2.034,1.356,-13214402,"Medusa Cell","Medusa Cell"
"49","MC1",50,801.735,162.381,1.222,0.815,-13347005,"Medusa Cell","Medusa Cell"
"50","MC1",51,803.091,162.381,1.356,0.904,-11964572,"Medusa Cell","Medusa Cell"
"51","MC1",52,803.091,163.737,1.356,0.904,-11966368,"Medusa Cell","Medusa Cell"
"52","MC1",53,802.413,162.381,1.516,1.011,-12429227,"Medusa Cell","Medusa Cell"
"53","MC1",54,802.413,163.737,1.356,0.904,-11644325,"Medusa Cell","Medusa Cell"
"54","MC1",55,803.769,162.381,1.918,1.278,-11512498,"Medusa Cell","Medusa Cell"
"55","MC1",56,802.413,163.737,1.918,1.278,-13418952,"Medusa Cell","Medusa Cell"
"56","MC1",57,802.413,163.059,0.678,0.452,-9607534,"Medusa Cell","Medusa Cell"
"57","MC1",58,803.091,164.415,1.516,1.011,-11114380,"Medusa Cell","Medusa Cell"
"58","MC1",59,804.447,164.415,1.356,0.904,-8689261,"Medusa Cell","Medusa Cell"
"59","MC1",60,818.685,170.856,15.627,10.418,-13685197,"Medusa Cell","Medusa Cell"
"60","MC1",61,851.907,181.704,34.948,23.299,-15913948,"Medusa Cell","Medusa Cell"
"61","MC1",62,863.433,174.585,13.547,9.032,-11700612,"Medusa Cell","Medusa Cell"
"62","MC1",63,861.399,176.619,2.877,1.918,-13149351,"Medusa Cell","Medusa Cell"
"63","MC1",64,859.704,175.941,1.826,1.217,-7561833,"Medusa Cell","Medusa Cell"
"64","MC1",65,860.721,174.585,1.695,1.13,-13946292,"Medusa Cell","Medusa Cell"
"65","MC1",66,857.67,175.263,3.125,2.084,-12364986,"Medusa Cell","Medusa Cell"
"66","MC1",67,856.992,175.263,0.678,0.452,-6650995,"Medusa Cell","Medusa Cell"
"67","MC1",68,856.314,175.941,0.959,0.639,-13026740,"Medusa Cell","Medusa Cell"
"68","MC1",69,856.314,175.941,0,0,-12305574,"Medusa Cell","Medusa Cell"
"69","MC1",70,856.992,175.263,0.959,0.639,-14198451,"Medusa Cell","Medusa Cell"
"70","MC1",71,862.755,175.941,5.803,3.868,-12035222,"Medusa Cell","Medusa Cell"
"71","MC1",72,866.145,177.297,3.651,2.434,-13082279,"Medusa Cell","Medusa Cell"
"72","MC2",2,786.48,357.984,44.749,29.833,-15059925,"Medusa Cell","Medusa Cell"
"73","MC2",3,744.105,373.578,45.153,30.102,-14989763,"Medusa Cell","Medusa Cell"
"74","MC2",4,703.425,368.493,40.997,27.331,-10264740,"Medusa Cell","Medusa Cell"
"75","MC2",5,685.797,363.408,18.347,12.231,-11308184,"Medusa Cell","Medusa Cell"
"76","MC2",6,682.746,358.662,5.642,3.761,-11704749,"Medusa Cell","Medusa Cell"
"77","MC2",7,682.068,357.984,0.959,0.639,-5727036,"Medusa Cell","Medusa Cell"
"78","MC2",8,683.424,358.662,1.516,1.011,-9010819,"Medusa Cell","Medusa Cell"
"79","MC2",9,669.525,340.017,23.255,15.504,-9732986,"Medusa Cell","Medusa Cell"
"80","MC2",10,656.643,308.829,33.744,22.496,-8430729,"Medusa Cell","Medusa Cell"
"81","MC2",11,656.643,271.878,36.951,24.634,-10395787,"Medusa Cell","Medusa Cell"
"82","MC2",12,659.355,236.283,35.698,23.799,-9011070,"Medusa Cell","Medusa Cell"
"83","MC2",13,673.593,207.807,31.837,21.225,-9605240,"Medusa Cell","Medusa Cell"
"84","MC2",14,682.746,179.331,29.911,19.941,-11825264,"Medusa Cell","Medusa Cell"
"85","MC2",15,697.662,153.906,29.477,19.652,-9144442,"Medusa Cell","Medusa Cell"
"86","MC2",16,717.663,133.905,28.286,18.857,-10068875,"Medusa Cell","Medusa Cell"
"87","MC2",17,724.782,108.48,26.403,17.602,-9339006,"Medusa Cell","Medusa Cell"
"88","MC2",18,724.104,76.275,32.212,21.475,-10843259,"Medusa Cell","Medusa Cell"
"89","MC2",19,727.494,43.053,33.395,22.263,-10716552,"Medusa Cell","Medusa Cell"
"90","MC2",20,736.308,13.221,31.107,20.738,-12747411,"Medusa Cell","Medusa Cell"
"91","MC2",21,752.58,2.373,19.557,13.038,-13746629,"Medusa Cell","Medusa Cell"
"92","MC3",2,663.762,579.012,37.092,24.728,-13342890,"Medusa Cell","Medusa Cell"
"93","MC3",3,641.727,553.926,33.389,22.26,-13080234,"Medusa Cell","Medusa Cell"
"94","MC3",4,618.336,519.348,41.747,27.831,-12099240,"Medusa Cell","Medusa Cell"
"95","MC3",5,608.166,504.093,18.334,12.223,-11566228,"Medusa Cell","Medusa Cell"
"96","MC3",6,586.809,475.956,35.324,23.55,-7833454,"Medusa Cell","Medusa Cell"
"97","MC3",7,582.741,465.786,10.953,7.302,-12690615,"Medusa Cell","Medusa Cell"
"98","MC3",8,582.063,467.142,1.516,1.011,-10389618,"Medusa Cell","Medusa Cell"
"99","MC3",9,582.063,469.515,2.373,1.582,-9542529,"Medusa Cell","Medusa Cell"
"100","MC3",10,584.097,464.43,5.477,3.651,-11110783,"Medusa Cell","Medusa Cell"
"101","MC3",11,582.741,457.989,6.582,4.388,-12558505,"Medusa Cell","Medusa Cell"
"102","MC3",12,571.893,431.208,28.895,19.263,-9734793,"Medusa Cell","Medusa Cell"
"103","MC3",13,551.214,402.732,35.192,23.462,-9735055,"Medusa Cell","Medusa Cell"
"104","MC3",14,546.468,372.222,30.877,20.585,-8691062,"Medusa Cell","Medusa Cell"
"105","MC3",15,546.468,344.424,27.798,18.532,-8884089,"Medusa Cell","Medusa Cell"
"106","MC3",16,548.502,328.152,16.399,10.932,-12751005,"Medusa Cell","Medusa Cell"
"107","MC3",17,551.214,301.71,26.581,17.72,-6123881,"Medusa Cell","Medusa Cell"
"108","MC3",18,553.587,269.166,32.63,21.754,-4161633,"Medusa Cell","Medusa Cell"
"109","MC3",19,553.587,269.166,0,0,-11379618,"Medusa Cell","Medusa Cell"
"110","MC3",20,577.656,246.114,33.327,22.218,-9198962,"Medusa Cell","Medusa Cell"
"111","MC3",21,613.929,254.928,37.329,24.886,-9739146,"Medusa Cell","Medusa Cell"
"112","MC3",22,621.726,285.438,31.491,20.994,-9393482,"Medusa Cell","Medusa Cell"
"113","MC3",23,625.455,317.982,32.757,21.838,-14203579,"Medusa Cell","Medusa Cell"
"114","MC3",24,631.557,350.865,33.444,22.296,-3283014,"Medusa Cell","Medusa Cell"
"115","MC3",25,635.286,388.494,37.813,25.209,-2758446,"Medusa Cell","Medusa Cell"
"116","MC3",26,628.167,424.767,36.965,24.643,-14466242,"Medusa Cell","Medusa Cell"
"117","MC3",27,623.082,460.362,35.956,23.971,-2560297,"Medusa Cell","Medusa Cell"
"118","MC3",28,643.761,493.584,39.132,26.088,-10795954,"Medusa Cell","Medusa Cell"
"119","MC3",29,672.915,513.585,35.355,23.57,-13805474,"Medusa Cell","Medusa Cell"
"120","MC3",30,691.56,533.247,27.097,18.064,-6384493,"Medusa Cell","Medusa Cell"
"121","MC3",31,692.916,531.891,1.918,1.278,-6970699,"Medusa Cell","Medusa Cell"
"122","MC3",32,695.628,528.501,4.341,2.894,-12241080,"Medusa Cell","Medusa Cell"
"123","MC3",33,700.035,530.535,4.854,3.236,-4279117,"Medusa Cell","Medusa Cell"
"124","MC3",34,721.392,536.976,22.307,14.871,-12229527,"Medusa Cell","Medusa Cell"
"125","MC3",35,749.529,541.383,28.48,18.987,-13225146,"Medusa Cell","Medusa Cell"
"126","MC3",36,773.937,542.061,24.417,16.278,-9601151,"Medusa Cell","Medusa Cell"
"127","MC3",37,771.564,542.739,2.468,1.645,-12826807,"Medusa Cell","Medusa Cell"
"128","MC3",38,770.208,542.739,1.356,0.904,-10001029,"Medusa Cell","Medusa Cell"
"129","MC3",39,768.174,543.417,2.144,1.429,-8760741,"Medusa Cell","Medusa Cell"
"130","MC3",40,766.14,539.01,4.854,3.236,-4811352,"Medusa Cell","Medusa Cell"
"131","MC3",41,766.14,536.976,2.034,1.356,-8610424,"Medusa Cell","Medusa Cell"
"132","MC3",42,763.767,536.976,2.373,1.582,-12176543,"Medusa Cell","Medusa Cell"
"133","MC3",43,766.14,536.298,2.468,1.645,-5327202,"Medusa Cell","Medusa Cell"
"134","MC3",44,766.818,537.654,1.516,1.011,-7294554,"Medusa Cell","Medusa Cell"
"135","MC3",45,764.445,539.688,3.125,2.084,-14142649,"Medusa Cell","Medusa Cell"
"136","MC3",46,764.445,538.332,1.356,0.904,-10583424,"Medusa Cell","Medusa Cell"
"137","MC3",47,766.818,536.298,3.125,2.084,-14408133,"Medusa Cell","Medusa Cell"
"138","MC3",48,766.14,531.213,5.13,3.42,-14277832,"Medusa Cell","Medusa Cell"
"139","MC3",49,767.496,529.857,1.918,1.278,-2960461,"Medusa Cell","Medusa Cell"
"140","MC3",50,766.14,529.857,1.356,0.904,-11374482,"Medusa Cell","Medusa Cell"
"141","MC3",51,763.089,530.535,3.125,2.084,-10865050,"Medusa Cell","Medusa Cell"
"142","MC3",52,764.445,534.264,3.968,2.645,-10397867,"Medusa Cell","Medusa Cell"
"143","MC3",53,762.411,531.891,3.125,2.084,-14391957,"Medusa Cell","Medusa Cell"
"144","MC3",54,761.055,530.535,1.918,1.278,-14663100,"Medusa Cell","Medusa Cell"
"145","MC3",55,759.021,531.213,2.144,1.429,-8942218,"Medusa Cell","Medusa Cell"
"146","MC3",56,759.021,531.213,0,0,-9671063,"Medusa Cell","Medusa Cell"
"147","MC3",57,757.665,534.264,3.339,2.226,-13617874,"Medusa Cell","Medusa Cell"
"148","MC3",58,756.648,534.942,1.222,0.815,-13549523,"Medusa Cell","Medusa Cell"
"149","MC3",59,758.343,533.247,2.397,1.598,-9280161,"Medusa Cell","Medusa Cell"
"150","MC3",60,757.665,534.942,1.826,1.217,-16443364,"Medusa Cell","Medusa Cell"
"151","MC3",61,758.343,533.247,1.826,1.217,-7635887,"Medusa Cell","Medusa Cell"
"152","MC3",62,759.021,534.264,1.222,0.815,-12625836,"Medusa Cell","Medusa Cell"
"153","MC3",63,759.021,533.247,1.017,0.678,-12958160,"Medusa Cell","Medusa Cell"
"154","MC3",64,760.377,530.535,3.032,2.021,-6964342,"Medusa Cell","Medusa Cell"
"155","MC3",65,760.377,534.264,3.729,2.486,-12304796,"Medusa Cell","Medusa Cell"
"156","MC3",66,761.055,531.891,2.468,1.645,-10582109,"Medusa Cell","Medusa Cell"
"157","MC3",67,761.055,531.891,0,0,-13814177,"Medusa Cell","Medusa Cell"
"158","MC3",68,761.055,531.891,0,0,-12502652,"Medusa Cell","Medusa Cell"
"159","MC3",69,761.055,531.891,0,0,-9463878,"Medusa Cell","Medusa Cell"
"160","MC3",70,761.055,534.264,2.373,1.582,-12823217,"Medusa Cell","Medusa Cell"
"161","MC3",71,761.055,534.264,0,0,-11044737,"Medusa Cell","Medusa Cell"
"162","MC3",72,761.055,533.247,1.017,0.678,-10708337,"Medusa Cell","Medusa Cell"
"163","MC3",73,761.055,533.247,0,0,-12944775,"Medusa Cell","Medusa Cell"
"164","MC3",74,761.055,533.247,0,0,-14602947,"Medusa Cell","Medusa Cell"
"165","MC3",75,761.055,533.247,0,0,-15455437,"Medusa Cell","Medusa Cell"
"166","MC3",76,761.055,533.247,0,0,-13804960,"Medusa Cell","Medusa Cell"
"167","MC3",77,761.055,532.569,0.678,0.452,-13480382,"Medusa Cell","Medusa Cell"
"168","MC3",78,761.055,532.569,0,0,-13684693,"Medusa Cell","Medusa Cell"
"169","MC3",79,761.055,532.569,0,0,-14470111,"Medusa Cell","Medusa Cell"
"170","MC3",80,761.733,532.569,0.678,0.452,-14273232,"Medusa Cell","Medusa Cell"
"171","MC3",81,761.733,532.569,0,0,-7891588,"Medusa Cell","Medusa Cell"
"172","MC3",82,761.733,532.569,0,0,-11911113,"Medusa Cell","Medusa Cell"
"173","MC3",83,761.733,532.569,0,0,-9016991,"Medusa Cell","Medusa Cell"
"174","MC3",84,761.733,532.569,0,0,-10527390,"Medusa Cell","Medusa Cell"
"175","MC3",85,759.699,533.247,2.144,1.429,-14145722,"Medusa Cell","Medusa Cell"
"176","MC3",86,759.699,533.247,0,0,-15192006,"Medusa Cell","Medusa Cell"
"177","MC3",87,763.767,533.247,4.068,2.712,-15785172,"Medusa Cell","Medusa Cell"
"178","MC3",88,762.411,536.298,3.339,2.226,-10847884,"Medusa Cell","Medusa Cell"
"179","MC3",89,766.14,539.688,5.04,3.36,-1643564,"Medusa Cell","Medusa Cell"
"180","MC3",90,768.852,539.688,2.712,1.808,-11979707,"Medusa Cell","Medusa Cell"
"181","MC3",91,768.852,538.332,1.356,0.904,-9016185,"Medusa Cell","Medusa Cell"
"182","MC3",92,770.208,538.332,1.356,0.904,-11190680,"Medusa Cell","Medusa Cell"
"183","MC3",93,769.53,540.366,2.144,1.429,-10197377,"Medusa Cell","Medusa Cell"
"184","MC3",94,769.53,539.688,0.678,0.452,-9937030,"Medusa Cell","Medusa Cell"
"185","MC3",95,767.496,538.332,2.445,1.63,-7498611,"Medusa Cell","Medusa Cell"
"186","MC3",96,767.496,539.01,0.678,0.452,-9868699,"Medusa Cell","Medusa Cell"
"187","MC3",97,767.496,539.688,0.678,0.452,-11581877,"Medusa Cell","Medusa Cell"
"188","MC3",98,766.818,539.688,0.678,0.452,-12049863,"Medusa Cell","Medusa Cell"
"189","MC3",99,767.496,539.688,0.678,0.452,-10927530,"Medusa Cell","Medusa Cell"
"190","MC3",100,768.852,541.383,2.171,1.447,-5195138,"Medusa Cell","Medusa Cell"
"191","MC3",101,768.852,542.061,0.678,0.452,-9591163,"Medusa Cell","Medusa Cell"
"192","MC3",102,768.174,541.383,0.959,0.639,-6569862,"Medusa Cell","Medusa Cell"
"193","MC3",103,767.496,540.366,1.222,0.815,-9483721,"Medusa Cell","Medusa Cell"
"194","MC3",104,768.852,539.688,1.516,1.011,-12307106,"Medusa Cell","Medusa Cell"
"195","MC3",105,777.327,538.332,8.583,5.722,-14474684,"Medusa Cell","Medusa Cell"
"196","MC3",106,785.802,539.01,8.502,5.668,-11703453,"Medusa Cell","Medusa Cell"
"197","MC3",107,797.328,539.688,11.546,7.697,-11644582,"Medusa Cell","Medusa Cell"
"198","MC3",108,805.125,540.366,7.826,5.218,-11447470,"Medusa Cell","Medusa Cell"
"199","MC3",109,810.888,540.366,5.763,3.842,-11444385,"Medusa Cell","Medusa Cell"
"200","MC3",110,818.007,539.01,7.247,4.831,-9983854,"Medusa Cell","Medusa Cell"
"201","MC3",111,821.397,538.332,3.457,2.305,-5185334,"Medusa Cell","Medusa Cell"
"202","MC3",112,828.516,537.654,7.151,4.767,-11577247,"Medusa Cell","Medusa Cell"
"203","MC3",113,831.567,536.298,3.339,2.226,-10852497,"Medusa Cell","Medusa Cell"
"204","MC3",114,832.245,536.298,0.678,0.452,-10065804,"Medusa Cell","Medusa Cell"
"205","MC3",115,836.313,536.976,4.124,2.749,-12231848,"Medusa Cell","Medusa Cell"
"206","MC3",116,842.754,536.298,6.477,4.318,-9211761,"Medusa Cell","Medusa Cell"
"207","MC3",117,846.483,538.332,4.248,2.832,-10457236,"Medusa Cell","Medusa Cell"
"208","MC3",118,849.873,544.095,6.686,4.457,-8154734,"Medusa Cell","Medusa Cell"
"209","MC3",119,854.28,549.18,6.729,4.486,-10258058,"Medusa Cell","Medusa Cell"
"210","MC3",120,857.67,551.892,4.341,2.894,-10463898,"Medusa Cell","Medusa Cell"
"211","MC3",121,859.026,556.299,4.611,3.074,-6248278,"Medusa Cell","Medusa Cell"
"212","MC3",122,862.077,559.689,4.561,3.041,-7884892,"Medusa Cell","Medusa Cell"
"213","MC3",123,864.789,564.096,5.175,3.45,-12432566,"Medusa Cell","Medusa Cell"
"214","MC3",124,865.467,566.808,2.795,1.864,-11440022,"Medusa Cell","Medusa Cell"
"215","MC3",125,865.467,570.198,3.39,2.26,-11964039,"Medusa Cell","Medusa Cell"
"216","MC3",126,864.789,572.571,2.468,1.645,-10335397,"Medusa Cell","Medusa Cell"
"217","MC3",127,863.433,579.69,7.247,4.831,-11185050,"Medusa Cell","Medusa Cell"
"218","MC3",128,863.433,580.368,0.678,0.452,-11772312,"Medusa Cell","Medusa Cell"
"219","MC3",129,863.433,581.724,1.356,0.904,-9537928,"Medusa Cell","Medusa Cell"
"220","MC3",130,864.111,578.334,3.457,2.305,-6584430,"Medusa Cell","Medusa Cell"
"221","MC3",131,864.111,575.961,2.373,1.582,-9078190,"Medusa Cell","Medusa Cell"
"222","MC3",132,864.111,576.639,0.678,0.452,-8220803,"Medusa Cell","Medusa Cell"
"223","MC3",133,864.111,575.961,0.678,0.452,-10064790,"Medusa Cell","Medusa Cell"
"224","MC3",134,864.111,575.961,0,0,-9342631,"Medusa Cell","Medusa Cell"
"225","MC3",135,864.111,575.961,0,0,-9598624,"Medusa Cell","Medusa Cell"
"226","MC3",136,864.111,575.961,0,0,-9275276,"Medusa Cell","Medusa Cell"
"227","MC3",137,864.111,575.961,0,0,-9402256,"Medusa Cell","Medusa Cell"
"228","MC3",138,864.111,575.961,0,0,-9205633,"Medusa Cell","Medusa Cell"
"229","MC3",139,863.433,575.961,0.678,0.452,-8481908,"Medusa Cell","Medusa Cell"
"230","MC3",140,863.433,575.283,0.678,0.452,-8480629,"Medusa Cell","Medusa Cell"
"231","MC3",141,863.433,575.283,0,0,-9535131,"Medusa Cell","Medusa Cell"
"232","MC3",142,863.433,575.283,0,0,-9539242,"Medusa Cell","Medusa Cell"
"233","MC3",143,863.433,575.283,0,0,-6841980,"Medusa Cell","Medusa Cell"
"234","MC3",144,863.433,575.283,0,0,-7040664,"Medusa Cell","Medusa Cell"
"235","MC3",145,862.755,576.639,1.516,1.011,-9662911,"Medusa Cell","Medusa Cell"
"236","MC3",146,862.755,578.334,1.695,1.13,-7969131,"Medusa Cell","Medusa Cell"
"237","MC3",147,863.433,576.639,1.826,1.217,-6775920,"Medusa Cell","Medusa Cell"
"238","MC3",148,863.433,573.927,2.712,1.808,-11519954,"Medusa Cell","Medusa Cell"
"239","MC3",149,862.077,574.605,1.516,1.011,-13940907,"Medusa Cell","Medusa Cell"
"240","MC3",150,862.077,575.961,1.356,0.904,-9335973,"Medusa Cell","Medusa Cell"
"241","MC3",151,862.077,577.317,1.356,0.904,-10190761,"Medusa Cell","Medusa Cell"
"242","MC3",152,859.026,585.453,8.689,5.793,-10656408,"Medusa Cell","Medusa Cell"
"243","MC3",153,856.992,590.199,5.163,3.442,-10062731,"Medusa Cell","Medusa Cell"
"244","MC3",154,852.585,593.25,5.36,3.573,-11706276,"Medusa Cell","Medusa Cell"
"245","MC3",155,852.585,592.233,1.017,0.678,-8885104,"Medusa Cell","Medusa Cell"
"246","MC3",156,852.585,595.284,3.051,2.034,-4406851,"Medusa Cell","Medusa Cell"
"247","MC3",157,851.229,599.352,4.288,2.859,-8232562,"Medusa Cell","Medusa Cell"
"248","MC3",158,849.873,601.047,2.171,1.447,-11576219,"Medusa Cell","Medusa Cell"
"249","MC3",159,849.195,603.081,2.144,1.429,-13350329,"Medusa Cell","Medusa Cell"
"250","MC3",160,848.517,605.793,2.795,1.864,-8753518,"Medusa Cell","Medusa Cell"
"251","MC3",161,848.517,612.234,6.441,4.294,-7439033,"Medusa Cell","Medusa Cell"
"252","MC3",162,847.161,619.353,7.247,4.831,-5259645,"Medusa Cell","Medusa Cell"
"253","MC3",163,844.788,626.472,7.504,5.003,-4668230,"Medusa Cell","Medusa Cell"
"254","MC3",164,841.398,632.235,6.686,4.457,-7099451,"Medusa Cell","Medusa Cell"
"255","MC3",165,837.669,637.32,6.306,4.204,-10077136,"Medusa Cell","Medusa Cell"
"256","MC3",166,842.754,640.032,5.763,3.842,-3360344,"Medusa Cell","Medusa Cell"
"257","MC4",2,427.818,432.564,2.795,1.864,-13354440,"Medusa Cell","Medusa Cell"
"258","MC4",3,422.733,428.835,6.306,4.204,-8681389,"Medusa Cell","Medusa Cell"
"259","MC4",4,419.343,428.157,3.457,2.305,-10838131,"Medusa Cell","Medusa Cell"
"260","MC4",5,428.496,422.394,10.816,7.211,-12432068,"Medusa Cell","Medusa Cell"
"261","MC4",6,436.971,425.445,9.007,6.005,-13675192,"Medusa Cell","Medusa Cell"
"262","MC4",7,429.852,417.648,10.558,7.039,-14993624,"Medusa Cell","Medusa Cell"
"263","MC4",8,405.783,384.765,40.751,27.167,-9863571,"Medusa Cell","Medusa Cell"
"264","MC4",9,368.154,364.086,42.937,28.624,-5325135,"Medusa Cell","Medusa Cell"
"265","MC4",10,326.118,345.78,45.849,30.566,-10784687,"Medusa Cell","Medusa Cell"
"266","MC4",11,306.795,303.066,46.881,31.254,-14141863,"Medusa Cell","Medusa Cell"
"267","MC4",12,305.439,256.962,46.124,30.749,-14609119,"Medusa Cell","Medusa Cell"
"268","MC4",13,334.593,228.486,40.753,27.169,-9334181,"Medusa Cell","Medusa Cell"
"269","MC4",14,384.426,198.654,58.08,38.72,-12763594,"Medusa Cell","Medusa Cell"
"270","MC4",15,404.088,165.093,38.896,25.931,-14135745,"Medusa Cell","Medusa Cell"
"271","MC4",16,405.783,124.074,41.054,27.369,-7952251,"Medusa Cell","Medusa Cell"
"272","MC4",17,427.14,78.648,50.196,33.464,-10776965,"Medusa Cell","Medusa Cell"
"273","MC4",18,430.53,44.409,34.406,22.938,-14400719,"Medusa Cell","Medusa Cell"
"274","MC4",19,429.174,15.255,29.186,19.457,-7444065,"Medusa Cell","Medusa Cell"
"275","MC5",2,324.084,359.34,8.15,5.433,-12630439,"Medusa Cell","Medusa Cell"
"276","MC5",3,328.152,361.374,4.548,3.032,-12034468,"Medusa Cell","Medusa Cell"
"277","MC5",4,339,362.73,10.932,7.288,-14015440,"Medusa Cell","Medusa Cell"
"278","MC5",5,347.475,360.696,8.716,5.81,-15057597,"Medusa Cell","Medusa Cell"
"279","MC5",6,363.747,358.662,16.399,10.932,-15258830,"Medusa Cell","Medusa Cell"
"280","MC5",7,387.816,355.611,24.262,16.174,-14922692,"Medusa Cell","Medusa Cell"
"281","MC5",8,408.495,353.577,20.779,13.853,-14136731,"Medusa Cell","Medusa Cell"
"282","MC5",9,413.58,352.221,5.263,3.508,-16570569,"Medusa Cell","Medusa Cell"
"283","MC5",10,412.224,354.933,3.032,2.021,-13867417,"Medusa Cell","Medusa Cell"
"284","MC5",11,436.293,340.695,27.965,18.643,-16568028,"Medusa Cell","Medusa Cell"
"285","MC5",12,441.378,337.983,5.763,3.842,-14212554,"Medusa Cell","Medusa Cell"
"286","MC5",13,441.378,339.339,1.356,0.904,-16768212,"Medusa Cell","Medusa Cell"
"287","MC5",14,441.378,336.627,2.712,1.808,-14868415,"Medusa Cell","Medusa Cell"
"288","MC5",15,442.056,337.305,0.959,0.639,-14398915,"Medusa Cell","Medusa Cell"
"289","MC5",16,437.649,336.627,4.459,2.973,-14931888,"Medusa Cell","Medusa Cell"
"290","MC5",17,434.937,336.627,2.712,1.808,-12894667,"Medusa Cell","Medusa Cell"
"291","MC5",18,435.615,335.949,0.959,0.639,-7484733,"Medusa Cell","Medusa Cell"
"292","MC5",19,435.615,334.254,1.695,1.13,-9151911,"Medusa Cell","Medusa Cell"
"293","MC5",20,434.937,337.305,3.125,2.084,-14932157,"Medusa Cell","Medusa Cell"
"294","MC5",21,436.293,334.254,3.339,2.226,-13019816,"Medusa Cell","Medusa Cell"
"295","MC5",22,442.056,330.864,6.686,4.457,-14864088,"Medusa Cell","Medusa Cell"
"296","MC5",23,441.378,330.864,0.678,0.452,-13341617,"Medusa Cell","Medusa Cell"
"297","MC5",24,454.599,315.27,20.444,13.63,-11764376,"Medusa Cell","Medusa Cell"
"298","MC5",25,462.396,314.592,7.826,5.218,-12221829,"Medusa Cell","Medusa Cell"
"299","MC5",26,462.396,315.948,1.356,0.904,-11956890,"Medusa Cell","Medusa Cell"
"300","MC5",27,475.278,328.152,17.745,11.83,-13227705,"Medusa Cell","Medusa Cell"
"301","MC5",28,508.161,354.255,41.984,27.989,-15256018,"Medusa Cell","Medusa Cell"
"302","MC5",29,542.739,389.172,49.141,32.761,-10123384,"Medusa Cell","Medusa Cell"
"303","MC5",30,567.825,426.801,45.224,30.15,-15327418,"Medusa Cell","Medusa Cell"
"304","MC5",31,585.453,462.396,39.721,26.481,-14204082,"Medusa Cell","Medusa Cell"
"305","MC5",32,606.81,502.059,45.047,30.032,-15721448,"Medusa Cell","Medusa Cell"
"306","MC5",33,633.252,531.891,39.864,26.576,-13939647,"Medusa Cell","Medusa Cell"
"307","MC5",34,646.473,551.892,23.976,15.984,-15194853,"Medusa Cell","Medusa Cell"
"308","MC5",35,660.711,571.215,24.002,16.001,-12166577,"Medusa Cell","Medusa Cell"
"309","MC5",36,677.322,590.877,25.739,17.16,-13877177,"Medusa Cell","Medusa Cell"
"310","MC5",37,683.424,595.962,7.943,5.295,-14999765,"Medusa Cell","Medusa Cell"
"311","MC5",38,700.713,586.131,19.889,13.259,-13495268,"Medusa Cell","Medusa Cell"
"312","MC5",39,696.306,581.046,6.729,4.486,-14655416,"Medusa Cell","Medusa Cell"
"313","MC5",40,695.628,571.215,9.854,6.57,-13953483,"Medusa Cell","Medusa Cell"
"314","MC5",41,688.509,573.927,7.618,5.079,-14005440,"Medusa Cell","Medusa Cell"
"315","MC5",42,680.034,571.893,8.716,5.81,-16372943,"Medusa Cell","Medusa Cell"
"316","MC5",43,685.797,571.893,5.763,3.842,-15652543,"Medusa Cell","Medusa Cell"
"317","MC5",44,685.119,570.198,1.826,1.217,-15516628,"Medusa Cell","Medusa Cell"
"318","MC5",45,685.119,571.893,1.695,1.13,-15525844,"Medusa Cell","Medusa Cell"
"319","MC5",46,687.153,572.571,2.144,1.429,-15786459,"Medusa Cell","Medusa Cell"
"320","MC5",47,687.153,572.571,0,0,-11840433,"Medusa Cell","Medusa Cell"
"321","MC5",48,685.119,571.893,2.144,1.429,-15389638,"Medusa Cell","Medusa Cell"
"322","MC5",49,684.441,571.215,0.959,0.639,-9993356,"Medusa Cell","Medusa Cell"
"323","MC5",50,685.797,572.571,1.918,1.278,-8807023,"Medusa Cell","Medusa Cell"
"324","MC5",51,683.424,574.605,3.125,2.084,-13821382,"Medusa Cell","Medusa Cell"
"325","MC5",52,684.441,572.571,2.274,1.516,-13753020,"Medusa Cell","Medusa Cell"
"326","MC5",53,684.441,572.571,0,0,-10405766,"Medusa Cell","Medusa Cell"
"327","MC5",54,682.746,575.961,3.79,2.527,-12436406,"Medusa Cell","Medusa Cell"
"328","MC5",55,681.39,581.724,5.92,3.947,-6762325,"Medusa Cell","Medusa Cell"
"329","MC5",56,680.034,583.08,1.918,1.278,-13413550,"Medusa Cell","Medusa Cell"
"330","MC5",57,677.322,583.08,2.712,1.808,-13420482,"Medusa Cell","Medusa Cell"
"331","MC5",58,675.627,582.402,1.826,1.217,-11306646,"Medusa Cell","Medusa Cell"
"332","MC5",59,673.593,581.724,2.144,1.429,-8681577,"Medusa Cell","Medusa Cell"
"333","MC5",60,675.627,581.724,2.034,1.356,-14731214,"Medusa Cell","Medusa Cell"
"334","MC5",61,669.525,583.758,6.432,4.288,-6768471,"Medusa Cell","Medusa Cell"
"335","MC5",62,657.999,579.69,12.223,8.149,-14015943,"Medusa Cell","Medusa Cell"
"336","MC5",63,658.677,580.368,0.959,0.639,-9597843,"Medusa Cell","Medusa Cell"
"337","MC5",64,660.711,577.317,3.667,2.445,-13750209,"Medusa Cell","Medusa Cell"
"338","MC5",65,660.033,575.283,2.144,1.429,-13485248,"Medusa Cell","Medusa Cell"
"339","MC5",66,657.999,575.283,2.034,1.356,-13678790,"Medusa Cell","Medusa Cell"
"340","MC5",67,656.643,577.317,2.445,1.63,-6719323,"Medusa Cell","Medusa Cell"
"341","MC5",68,648.168,582.402,9.883,6.589,-12431547,"Medusa Cell","Medusa Cell"
"342","MC5",69,647.49,583.08,0.959,0.639,-10142376,"Medusa Cell","Medusa Cell"
"343","MC5",70,648.846,583.758,1.516,1.011,-14922672,"Medusa Cell","Medusa Cell"
"344","MC5",71,661.389,583.758,12.543,8.362,-14072521,"Medusa Cell","Medusa Cell"
"345","MC5",72,667.83,593.25,11.471,7.647,-14134177,"Medusa Cell","Medusa Cell"
"346","MC5",73,694.272,599.352,27.137,18.091,-16106928,"Medusa Cell","Medusa Cell"
"347","MC5",74,718.341,607.488,25.407,16.938,-14210789,"Medusa Cell","Medusa Cell"
"348","MC5",75,720.375,608.166,2.144,1.429,-10659745,"Medusa Cell","Medusa Cell"
"349","MC5",76,722.748,607.488,2.468,1.645,-10008714,"Medusa Cell","Medusa Cell"
"350","MC5",77,719.019,607.488,3.729,2.486,-5320520,"Medusa Cell","Medusa Cell"
"351","MC5",78,719.019,606.471,1.017,0.678,-8933235,"Medusa Cell","Medusa Cell"
"352","MC5",79,718.341,600.369,6.14,4.093,-14931136,"Medusa Cell","Medusa Cell"
"353","MC5",80,716.985,603.759,3.651,2.434,-14870474,"Medusa Cell","Medusa Cell"
"354","MC5",81,716.985,601.725,2.034,1.356,-13082285,"Medusa Cell","Medusa Cell"
"355","MC5",82,714.951,605.115,3.953,2.636,-15393505,"Medusa Cell","Medusa Cell"
"356","MC5",83,714.951,605.115,0,0,-15385034,"Medusa Cell","Medusa Cell"
"357","MC5",84,715.629,600.369,4.794,3.196,-9474444,"Medusa Cell","Medusa Cell"
"358","MC5",85,715.629,601.725,1.356,0.904,-13613257,"Medusa Cell","Medusa Cell"
"359","MC5",86,714.273,597.318,4.611,3.074,-6584138,"Medusa Cell","Medusa Cell"
"360","MC5",87,711.9,593.25,4.71,3.14,-15385535,"Medusa Cell","Medusa Cell"
"361","MC5",88,714.951,595.962,4.082,2.721,-12818854,"Medusa Cell","Medusa Cell"
"362","MC5",89,714.951,596.64,0.678,0.452,-14005186,"Medusa Cell","Medusa Cell"
"363","MC5",90,716.307,595.284,1.918,1.278,-14926799,"Medusa Cell","Medusa Cell"
"364","MC5",91,711.9,598.674,5.56,3.707,-13022914,"Medusa Cell","Medusa Cell"
"365","MC5",92,711.9,601.047,2.373,1.582,-13344436,"Medusa Cell","Medusa Cell"
"366","MC5",93,714.273,599.352,2.916,1.944,-13623766,"Medusa Cell","Medusa Cell"
"367","MC5",94,714.951,597.996,1.516,1.011,-14068669,"Medusa Cell","Medusa Cell"
"368","MC5",95,717.663,599.352,3.032,2.021,-10056575,"Medusa Cell","Medusa Cell"
"369","MC5",96,719.697,605.115,6.111,4.074,-10920599,"Medusa Cell","Medusa Cell"
"370","MC5",97,719.697,597.318,7.797,5.198,-15258034,"Medusa Cell","Medusa Cell"
"371","MC5",98,724.104,597.996,4.459,2.973,-14798547,"Medusa Cell","Medusa Cell"
"372","MC5",99,729.189,599.352,5.263,3.508,-14532031,"Medusa Cell","Medusa Cell"
"373","MC5",100,731.223,603.081,4.248,2.832,-13822413,"Medusa Cell","Medusa Cell"
"374","MC5",101,732.579,603.081,1.356,0.904,-13820607,"Medusa Cell","Medusa Cell"
"375","MC5",102,732.579,603.081,0,0,-13210793,"Medusa Cell","Medusa Cell"
"376","MC5",103,726.138,599.352,7.443,4.962,-14989247,"Medusa Cell","Medusa Cell"
"377","MC5",104,731.223,589.521,11.068,7.379,-12035534,"Medusa Cell","Medusa Cell"
"378","MC5",105,738.342,588.165,7.247,4.831,-15523291,"Medusa Cell","Medusa Cell"
"379","MC5",106,739.698,579.69,8.583,5.722,-13220282,"Medusa Cell","Medusa Cell"
"380","MC5",107,743.427,576.639,4.818,3.212,-14012118,"Medusa Cell","Medusa Cell"
"381","MC5",108,740.376,575.961,3.125,2.084,-13754840,"Medusa Cell","Medusa Cell"
"382","MC5",109,716.985,573.927,23.479,15.653,-12035492,"Medusa Cell","Medusa Cell"
"383","MC5",110,699.357,586.131,21.44,14.293,-12174268,"Medusa Cell","Medusa Cell"
"384","MC5",111,690.543,603.081,19.105,12.736,-14864070,"Medusa Cell","Medusa Cell"
"385","MC5",112,688.509,603.759,2.144,1.429,-9280915,"Medusa Cell","Medusa Cell"
"386","MC5",113,685.119,594.606,9.761,6.507,-11772071,"Medusa Cell","Medusa Cell"
"387","MC5",114,686.475,601.725,7.247,4.831,-14139328,"Medusa Cell","Medusa Cell"
"388","MC5",115,689.187,601.047,2.795,1.864,-14337483,"Medusa Cell","Medusa Cell"
"389","MC5",116,692.916,598.674,4.42,2.947,-14321033,"Medusa Cell","Medusa Cell"
"390","MC5",117,694.272,601.047,2.733,1.822,-14343619,"Medusa Cell","Medusa Cell"
"391","MC5",118,698.34,598.674,4.71,3.14,-16312553,"Medusa Cell","Medusa Cell"
"392","MC5",119,700.035,601.047,2.916,1.944,-14072003,"Medusa Cell","Medusa Cell"
"393","MC5",120,702.747,603.759,3.835,2.557,-10455690,"Medusa Cell","Medusa Cell"
"394","MC5",121,702.747,606.471,2.712,1.808,-12223134,"Medusa Cell","Medusa Cell"
"395","MC5",122,700.713,603.759,3.39,2.26,-15719389,"Medusa Cell","Medusa Cell"
"396","MC5",123,698.34,603.081,2.468,1.645,-13811652,"Medusa Cell","Medusa Cell"
"397","MC5",124,702.069,600.369,4.611,3.074,-13682132,"Medusa Cell","Medusa Cell"
"398","MC5",125,703.425,601.047,1.516,1.011,-15717329,"Medusa Cell","Medusa Cell"
"399","MC5",126,705.459,614.268,13.377,8.918,-15059915,"Medusa Cell","Medusa Cell"
"400","MC5",127,704.103,601.725,12.616,8.411,-8084842,"Medusa Cell","Medusa Cell"
"401","MC5",128,709.188,603.759,5.477,3.651,-14673372,"Medusa Cell","Medusa Cell"
"402","MC5",129,711.9,600.369,4.341,2.894,-15390139,"Medusa Cell","Medusa Cell"
"403","MC5",130,707.832,601.725,4.288,2.859,-15389395,"Medusa Cell","Medusa Cell"
"404","MC5",131,716.307,604.437,8.898,5.932,-11842751,"Medusa Cell","Medusa Cell"
"405","MC5",132,717.663,601.047,3.651,2.434,-13542328,"Medusa Cell","Medusa Cell"
"406","MC5",133,714.273,602.403,3.651,2.434,-14667214,"Medusa Cell","Medusa Cell"
"407","MC5",134,707.154,596.64,9.159,6.106,-14201285,"Medusa Cell","Medusa Cell"
"408","MC5",135,712.578,604.437,9.498,6.332,-13156058,"Medusa Cell","Medusa Cell"
"409","MC5",136,710.544,606.471,2.877,1.918,-13475230,"Medusa Cell","Medusa Cell"
"410","MC5",137,711.222,607.488,1.222,0.815,-12638139,"Medusa Cell","Medusa Cell"
"411","MC5",138,711.222,608.844,1.356,0.904,-14143704,"Medusa Cell","Medusa Cell"
"412","MC5",139,710.544,606.471,2.468,1.645,-12693160,"Medusa Cell","Medusa Cell"
"413","MC5",140,708.51,603.759,3.39,2.26,-10068682,"Medusa Cell","Medusa Cell"
"414","MC5",141,709.188,604.437,0.959,0.639,-9930669,"Medusa Cell","Medusa Cell"
"415","MC5",142,708.51,605.793,1.516,1.011,-14016974,"Medusa Cell","Medusa Cell"
"416","MC5",143,702.069,598.674,9.6,6.4,-12103868,"Medusa Cell","Medusa Cell"
"417","MC5",144,704.103,601.047,3.125,2.084,-9611159,"Medusa Cell","Medusa Cell"
"418","MC5",145,704.781,601.047,0.678,0.452,-8483186,"Medusa Cell","Medusa Cell"
"419","MC5",146,706.476,601.725,1.826,1.217,-5521247,"Medusa Cell","Medusa Cell"
"420","MC5",147,707.832,603.759,2.445,1.63,-11706292,"Medusa Cell","Medusa Cell"
"421","MC5",148,709.866,604.437,2.144,1.429,-14402223,"Medusa Cell","Medusa Cell"
"422","MC5",149,703.425,603.759,6.477,4.318,-14143678,"Medusa Cell","Medusa Cell"
"423","MC5",150,704.781,605.115,1.918,1.278,-14662087,"Medusa Cell","Medusa Cell"
"424","MC5",151,705.459,608.166,3.125,2.084,-15133899,"Medusa Cell","Medusa Cell"
"425","MC5",152,705.459,608.166,0,0,-5468269,"Medusa Cell","Medusa Cell"
"426","MC5",153,704.781,607.488,0.959,0.639,-15528160,"Medusa Cell","Medusa Cell"
"427","MC5",154,703.425,606.471,1.695,1.13,-14461620,"Medusa Cell","Medusa Cell"
"428","MC5",155,700.713,603.081,4.341,2.894,-15590336,"Medusa Cell","Medusa Cell"
"429","MC5",156,700.713,606.471,3.39,2.26,-13085110,"Medusa Cell","Medusa Cell"
"430","MC5",157,700.035,605.115,1.516,1.011,-12766153,"Medusa Cell","Medusa Cell"
"431","MC5",158,704.781,607.488,5.306,3.537,-13287123,"Medusa Cell","Medusa Cell"
"432","MC5",159,701.391,598.674,9.443,6.296,-8485740,"Medusa Cell","Medusa Cell"
"433","MC5",160,700.713,598.674,0.678,0.452,-6770534,"Medusa Cell","Medusa Cell"
"434","MC5",161,703.425,595.284,4.341,2.894,-13166788,"Medusa Cell","Medusa Cell"
"435","MC5",162,707.154,583.08,12.761,8.507,-14858690,"Medusa Cell","Medusa Cell"
"436","MC5",163,701.391,583.758,5.803,3.868,-5730126,"Medusa Cell","Medusa Cell"
"437","MC5",164,696.984,597.996,14.904,9.936,-14531016,"Medusa Cell","Medusa Cell"
"438","MC5",165,697.662,603.081,5.13,3.42,-12626582,"Medusa Cell","Medusa Cell"
"439","MC5",166,707.832,604.437,10.26,6.84,-11843241,"Medusa Cell","Medusa Cell"
"440","MC5",167,714.951,606.471,7.404,4.936,-14409177,"Medusa Cell","Medusa Cell"
"441","MC5",168,717.663,605.793,2.795,1.864,-14079892,"Medusa Cell","Medusa Cell"
"442","MC5",169,719.697,599.352,6.755,4.503,-10911634,"Medusa Cell","Medusa Cell"
"443","MC5",170,715.629,595.962,5.295,3.53,-15454677,"Medusa Cell","Medusa Cell"
"444","MC5",171,712.578,592.233,4.818,3.212,-11107473,"Medusa Cell","Medusa Cell"
"445","MC5",172,714.951,590.199,3.125,2.084,-13361871,"Medusa Cell","Medusa Cell"
"446","MC5",173,722.07,590.199,7.119,4.746,-15327450,"Medusa Cell","Medusa Cell"
"447","MC5",174,714.273,591.555,7.914,5.276,-11046026,"Medusa Cell","Medusa Cell"
"448","MC5",175,713.595,590.199,1.516,1.011,-13289926,"Medusa Cell","Medusa Cell"
"449","MC5",176,714.273,590.877,0.959,0.639,-7367500,"Medusa Cell","Medusa Cell"
"450","MC5",177,709.188,590.877,5.085,3.39,-10326671,"Medusa Cell","Medusa Cell"
"451","MC5",178,707.832,590.877,1.356,0.904,-8091259,"Medusa Cell","Medusa Cell"
"452","MC5",179,702.069,592.233,5.92,3.947,-13871805,"Medusa Cell","Medusa Cell"
"453","MC5",180,696.306,596.64,7.255,4.837,-15981797,"Medusa Cell","Medusa Cell"
"454","MC5",181,700.713,595.962,4.459,2.973,-15783121,"Medusa Cell","Medusa Cell"
"455","MC5",182,702.747,592.233,4.248,2.832,-12160395,"Medusa Cell","Medusa Cell"
"456","MC5",183,704.781,595.962,4.248,2.832,-10124675,"Medusa Cell","Medusa Cell"
"457","MC5",184,707.832,595.962,3.051,2.034,-12955834,"Medusa Cell","Medusa Cell"
"458","MC5",185,710.544,596.64,2.795,1.864,-8874874,"Medusa Cell","Medusa Cell"
"459","MC5",186,709.866,595.962,0.959,0.639,-13541035,"Medusa Cell","Medusa Cell"
"460","MC5",187,710.544,590.877,5.13,3.42,-10845315,"Medusa Cell","Medusa Cell"
"461","MC5",188,710.544,588.843,2.034,1.356,-14722767,"Medusa Cell","Medusa Cell"
"462","MC5",189,710.544,591.555,2.712,1.808,-14011091,"Medusa Cell","Medusa Cell"
"463","MC5",190,709.866,590.877,0.959,0.639,-13540269,"Medusa Cell","Medusa Cell"
"464","MC5",191,704.103,587.487,6.686,4.457,-14591417,"Medusa Cell","Medusa Cell"
"465","MC5",192,706.476,585.453,3.125,2.084,-13875153,"Medusa Cell","Medusa Cell"
"466","MC5",193,696.984,596.64,14.671,9.781,-14861771,"Medusa Cell","Medusa Cell"
"467","MC5",194,698.34,599.352,3.032,2.021,-13296342,"Medusa Cell","Medusa Cell"
"468","MC5",195,695.628,602.403,4.082,2.721,-14211540,"Medusa Cell","Medusa Cell"
"469","MC5",196,694.95,605.793,3.457,2.305,-13811139,"Medusa Cell","Medusa Cell"
"470","MC5",197,698.34,607.488,3.79,2.527,-10650256,"Medusa Cell","Medusa Cell"
"471","MC5",198,698.34,608.166,0.678,0.452,-14740964,"Medusa Cell","Medusa Cell"
"472","MC5",199,698.34,607.488,0.678,0.452,-14477793,"Medusa Cell","Medusa Cell"
"473","MC5",200,700.713,607.488,2.373,1.582,-12092821,"Medusa Cell","Medusa Cell"
"474","MC5",201,703.425,610.878,4.341,2.894,-5399673,"Medusa Cell","Medusa Cell"
"475","MC5",202,704.103,611.556,0.959,0.639,-4877404,"Medusa Cell","Medusa Cell"
"476","MC5",203,704.103,612.234,0.678,0.452,-5870210,"Medusa Cell","Medusa Cell"
"477","MC5",204,704.103,610.878,1.356,0.904,-6194294,"Medusa Cell","Medusa Cell"
"478","MC5",205,704.781,610.878,0.678,0.452,-9346190,"Medusa Cell","Medusa Cell"
"479","MC5",206,704.781,610.878,0,0,-8361880,"Medusa Cell","Medusa Cell"
"480","MC5",207,704.781,610.878,0,0,-5918561,"Medusa Cell","Medusa Cell"
"481","MC5",208,706.476,611.556,1.826,1.217,-15132604,"Medusa Cell","Medusa Cell"
"482","MC5",209,706.476,612.912,1.356,0.904,-8358834,"Medusa Cell","Medusa Cell"
"483","MC5",210,704.103,612.234,2.468,1.645,-6721972,"Medusa Cell","Medusa Cell"
"484","MC5",211,707.154,613.59,3.339,2.226,-6719611,"Medusa Cell","Medusa Cell"
"485","MC5",212,709.188,614.268,2.144,1.429,-5465235,"Medusa Cell","Medusa Cell"
"486","MC5",213,710.544,615.285,1.695,1.13,-2368573,"Medusa Cell","Medusa Cell"
"487","MC5",214,708.51,615.285,2.034,1.356,-8104098,"Medusa Cell","Medusa Cell"
"488","MC5",215,711.222,615.963,2.795,1.864,-3954250,"Medusa Cell","Medusa Cell"
"489","MC5",216,709.866,615.963,1.356,0.904,-13754053,"Medusa Cell","Medusa Cell"
"490","MC5",217,710.544,617.319,1.516,1.011,-13679817,"Medusa Cell","Medusa Cell"
"491","MC5",218,711.222,617.997,0.959,0.639,-11907269,"Medusa Cell","Medusa Cell"
"492","MC5",219,710.544,618.675,0.959,0.639,-10386087,"Medusa Cell","Medusa Cell"
"493","MC5",220,711.222,619.353,0.959,0.639,-8218458,"Medusa Cell","Medusa Cell"
"494","MC5",221,709.188,619.353,2.034,1.356,-8151929,"Medusa Cell","Medusa Cell"
"495","MC5",222,709.188,618.675,0.678,0.452,-14870761,"Medusa Cell","Medusa Cell"
"496","MC5",223,710.544,619.353,1.516,1.011,-7891309,"Medusa Cell","Medusa Cell"
"497","MC5",224,709.188,619.353,1.356,0.904,-7235727,"Medusa Cell","Medusa Cell"
"498","MC5",225,709.866,618.675,0.959,0.639,-13415100,"Medusa Cell","Medusa Cell"
"499","MC5",226,709.866,619.353,0.678,0.452,-8027276,"Medusa Cell","Medusa Cell"
"500","MC5",227,711.222,619.353,1.356,0.904,-9997752,"Medusa Cell","Medusa Cell"
"501","MC5",228,711.222,620.031,0.678,0.452,-10263934,"Medusa Cell","Medusa Cell"
"502","MC5",229,709.866,617.997,2.445,1.63,-12761032,"Medusa Cell","Medusa Cell"
"503","MC5",230,709.866,618.675,0.678,0.452,-4926800,"Medusa Cell","Medusa Cell"
"504","MC5",231,711.222,619.353,1.516,1.011,-8550043,"Medusa Cell","Medusa Cell"
"505","MC5",232,711.222,620.031,0.678,0.452,-7698524,"Medusa Cell","Medusa Cell"
"506","MC5",233,711.222,619.353,0.678,0.452,-7502422,"Medusa Cell","Medusa Cell"
"507","MC5",234,711.222,619.353,0,0,-8278644,"Medusa Cell","Medusa Cell"
"508","MC5",235,711.222,620.031,0.678,0.452,-9993304,"Medusa Cell","Medusa Cell"
"509","MC5",236,710.544,619.353,0.959,0.639,-4276546,"Medusa Cell","Medusa Cell"
"510","MC5",237,711.222,618.675,0.959,0.639,-6912341,"Medusa Cell","Medusa Cell"
"511","MC5",238,710.544,618.675,0.678,0.452,-8746368,"Medusa Cell","Medusa Cell"
"512","MC5",239,710.544,619.353,0.678,0.452,-9342643,"Medusa Cell","Medusa Cell"
"513","MC5",240,711.222,620.031,0.959,0.639,-14408930,"Medusa Cell","Medusa Cell"
"514","MC5",241,711.222,622.404,2.373,1.582,-10197138,"Medusa Cell","Medusa Cell"
"515","MC5",242,711.9,620.031,2.468,1.645,-15128531,"Medusa Cell","Medusa Cell"
"516","MC5",243,711.9,620.709,0.678,0.452,-6844793,"Medusa Cell","Medusa Cell"
"517","MC5",244,713.595,620.031,1.826,1.217,-13092056,"Medusa Cell","Medusa Cell"
"518","MC5",245,711.9,619.353,1.826,1.217,-14609368,"Medusa Cell","Medusa Cell"
"519","MC5",246,712.578,619.353,0.678,0.452,-8218018,"Medusa Cell","Medusa Cell"
"520","MC5",247,709.866,619.353,2.712,1.808,-10982320,"Medusa Cell","Medusa Cell"
"521","MC5",248,709.866,619.353,0,0,-12630995,"Medusa Cell","Medusa Cell"
"522","MC5",249,710.544,620.709,1.516,1.011,-11512010,"Medusa Cell","Medusa Cell"
"523","MC5",250,711.222,620.031,0.959,0.639,-8414633,"Medusa Cell","Medusa Cell"
"524","MC5",251,710.544,619.353,0.959,0.639,-13620706,"Medusa Cell","Medusa Cell"
"525","MC5",252,710.544,619.353,0,0,-15263967,"Medusa Cell","Medusa Cell"
"526","MC5",253,710.544,620.031,0.678,0.452,-10852032,"Medusa Cell","Medusa Cell"
"527","MC5",254,709.188,620.031,1.356,0.904,-9534630,"Medusa Cell","Medusa Cell"
"528","MC5",255,709.188,620.031,0,0,-8616323,"Medusa Cell","Medusa Cell"
"529","MC5",256,709.188,620.031,0,0,-5197891,"Medusa Cell","Medusa Cell"
"530","MC5",257,709.866,620.031,0.678,0.452,-6642558,"Medusa Cell","Medusa Cell"
"531","MC5",258,709.866,620.709,0.678,0.452,-6836379,"Medusa Cell","Medusa Cell"
"532","MC5",259,710.544,621.387,0.959,0.639,-6241864,"Medusa Cell","Medusa Cell"
"533","MC5",260,710.544,621.387,0,0,-8422999,"Medusa Cell","Medusa Cell"
"534","MC5",261,711.222,620.031,1.516,1.011,-6307174,"Medusa Cell","Medusa Cell"
"535","MC5",262,711.222,620.709,0.678,0.452,-5853266,"Medusa Cell","Medusa Cell"
"536","MC5",263,710.544,620.031,0.959,0.639,-8093290,"Medusa Cell","Medusa Cell"
"537","MC5",264,710.544,620.031,0,0,-6570839,"Medusa Cell","Medusa Cell"
"538","MC5",265,710.544,620.709,0.678,0.452,-6110296,"Medusa Cell","Medusa Cell"
"539","MC5",266,710.544,620.709,0,0,-6047793,"Medusa Cell","Medusa Cell"
"540","MC5",267,710.544,621.387,0.678,0.452,-9477481,"Medusa Cell","Medusa Cell"
"541","MC5",268,710.544,621.387,0,0,-8032606,"Medusa Cell","Medusa Cell"
"542","MC5",269,710.544,620.709,0.678,0.452,-8351323,"Medusa Cell","Medusa Cell"
"543","MC5",270,711.222,618.675,2.144,1.429,-9144227,"Medusa Cell","Medusa Cell"
"544","MC5",271,712.578,619.353,1.516,1.011,-8752798,"Medusa Cell","Medusa Cell"
"545","MC5",272,712.578,619.353,0,0,-8676965,"Medusa Cell","Medusa Cell"
"546","MC5",273,712.578,618.675,0.678,0.452,-7620427,"Medusa Cell","Medusa Cell"
"547","MC5",274,711.9,617.319,1.516,1.011,-10589881,"Medusa Cell","Medusa Cell"
"548","MC5",275,711.222,616.641,0.959,0.639,-10132652,"Medusa Cell","Medusa Cell"
"549","MC5",276,711.222,615.963,0.678,0.452,-8677255,"Medusa Cell","Medusa Cell"
"550","MC5",277,711.222,615.963,0,0,-13554891,"Medusa Cell","Medusa Cell"
"551","MC5",278,711.222,616.641,0.678,0.452,-12694726,"Medusa Cell","Medusa Cell"
"552","MC5",279,711.222,617.319,0.678,0.452,-14535859,"Medusa Cell","Medusa Cell"
"553","MC5",280,711.9,618.675,1.516,1.011,-8940965,"Medusa Cell","Medusa Cell"
"554","MC5",281,711.9,618.675,0,0,-9019533,"Medusa Cell","Medusa Cell"
"555","MC5",282,711.9,617.997,0.678,0.452,-11646140,"Medusa Cell","Medusa Cell"
"556","MC5",283,709.866,619.353,2.445,1.63,-8485770,"Medusa Cell","Medusa Cell"
"557","MC5",284,709.866,619.353,0,0,-9392722,"Medusa Cell","Medusa Cell"
"558","MC5",285,711.222,618.675,1.516,1.011,-10792122,"Medusa Cell","Medusa Cell"
"559","MC5",286,712.578,618.675,1.356,0.904,-7886196,"Medusa Cell","Medusa Cell"
"560","MC5",287,711.222,619.353,1.516,1.011,-4148535,"Medusa Cell","Medusa Cell"
"561","MC5",288,709.188,617.319,2.877,1.918,-9861528,"Medusa Cell","Medusa Cell"
"562","MC5",289,710.544,618.675,1.918,1.278,-7431574,"Medusa Cell","Medusa Cell"
"563","MC5",290,711.222,617.997,0.959,0.639,-10589363,"Medusa Cell","Medusa Cell"
"564","MC5",291,711.222,618.675,0.678,0.452,-6700156,"Medusa Cell","Medusa Cell"
"565","MC5",292,710.544,617.997,0.959,0.639,-5787742,"Medusa Cell","Medusa Cell"
"566","MC5",293,711.222,617.997,0.678,0.452,-6968177,"Medusa Cell","Medusa Cell"
"567","MC5",294,711.222,617.997,0,0,-9933481,"Medusa Cell","Medusa Cell"
"568","MC5",295,711.222,617.997,0,0,-5848644,"Medusa Cell","Medusa Cell"
"569","MC5",296,712.578,618.675,1.516,1.011,-10135205,"Medusa Cell","Medusa Cell"
"570","MC5",297,711.9,619.353,0.959,0.639,-7752593,"Medusa Cell","Medusa Cell"
"571","MC5",298,711.222,620.031,0.959,0.639,-9081201,"Medusa Cell","Medusa Cell"
"572","MC5",299,713.595,620.031,2.373,1.582,-7962486,"Medusa Cell","Medusa Cell"
"573","MC5",300,711.9,618.675,2.171,1.447,-6780029,"Medusa Cell","Medusa Cell"
"574","MC5",301,710.544,618.675,1.356,0.904,-10739395,"Medusa Cell","Medusa Cell"
"575","MC6",2,379.341,529.857,3.968,2.645,-11973824,"Medusa Cell","Medusa Cell"
"576","MC6",3,377.307,526.128,4.248,2.832,-13352130,"Medusa Cell","Medusa Cell"
"577","MC6",4,375.951,526.128,1.356,0.904,-13733026,"Medusa Cell","Medusa Cell"
"578","MC6",5,375.951,524.094,2.034,1.356,-11765655,"Medusa Cell","Medusa Cell"
"579","MC6",6,375.951,524.094,0,0,-12039091,"Medusa Cell","Medusa Cell"
"580","MC6",7,375.273,524.094,0.678,0.452,-12362656,"Medusa Cell","Medusa Cell"
"581","MC6",8,375.273,524.772,0.678,0.452,-14995153,"Medusa Cell","Medusa Cell"
"582","MC6",9,375.273,524.772,0,0,-13014701,"Medusa Cell","Medusa Cell"
"583","MC6",10,374.256,524.772,1.017,0.678,-15578032,"Medusa Cell","Medusa Cell"
"584","MC6",11,374.256,524.772,0,0,-12961982,"Medusa Cell","Medusa Cell"
"585","MC6",12,374.256,523.416,1.356,0.904,-14729414,"Medusa Cell","Medusa Cell"
"586","MC6",13,374.256,522.06,1.356,0.904,-10708349,"Medusa Cell","Medusa Cell"
"587","MC6",14,374.256,522.06,0,0,-12216439,"Medusa Cell","Medusa Cell"
"588","MC6",15,374.256,521.382,0.678,0.452,-12234417,"Medusa Cell","Medusa Cell"
"589","MC6",16,374.256,522.06,0.678,0.452,-12176567,"Medusa Cell","Medusa Cell"
"590","MC6",17,368.154,515.619,8.872,5.915,-14145739,"Medusa Cell","Medusa Cell"
"591","MC6",18,370.188,516.975,2.445,1.63,-13151142,"Medusa Cell","Medusa Cell"
"592","MC6",19,370.866,519.348,2.468,1.645,-13606828,"Medusa Cell","Medusa Cell"
"593","MC6",20,370.866,519.348,0,0,-12762812,"Medusa Cell","Medusa Cell"
"594","MC6",21,370.866,519.348,0,0,-14606286,"Medusa Cell","Medusa Cell"
"595","MC6",22,370.866,519.348,0,0,-13481119,"Medusa Cell","Medusa Cell"
"596","MC6",23,370.866,519.348,0,0,-14475472,"Medusa Cell","Medusa Cell"
"597","MC6",24,370.866,520.704,1.356,0.904,-13265526,"Medusa Cell","Medusa Cell"
"598","MC6",25,369.51,519.348,1.918,1.278,-13872246,"Medusa Cell","Medusa Cell"
"599","MC6",26,370.188,520.704,1.516,1.011,-13345708,"Medusa Cell","Medusa Cell"
"600","MC6",27,370.188,520.704,0,0,-14468809,"Medusa Cell","Medusa Cell"
"601","MC6",28,370.188,521.382,0.678,0.452,-15715026,"Medusa Cell","Medusa Cell"
"602","MC6",29,370.188,522.06,0.678,0.452,-13555368,"Medusa Cell","Medusa Cell"
"603","MC6",30,367.137,516.297,6.521,4.347,-14931665,"Medusa Cell","Medusa Cell"
"604","MC6",31,367.137,519.348,3.051,2.034,-13093070,"Medusa Cell","Medusa Cell"
"605","MC6",32,365.781,514.941,4.611,3.074,-13156542,"Medusa Cell","Medusa Cell"
"606","MC6",33,363.747,514.263,2.144,1.429,-15844819,"Medusa Cell","Medusa Cell"
"607","MC6",34,365.781,516.297,2.877,1.918,-13551284,"Medusa Cell","Medusa Cell"
"608","MC6",35,368.154,519.348,3.865,2.577,-12500663,"Medusa Cell","Medusa Cell"
"609","MC6",36,368.154,520.026,0.678,0.452,-11573163,"Medusa Cell","Medusa Cell"
"610","MC6",37,368.154,519.348,0.678,0.452,-10335154,"Medusa Cell","Medusa Cell"
"611","MC6",38,367.137,518.331,1.438,0.959,-12031157,"Medusa Cell","Medusa Cell"
"612","MC6",39,364.425,516.297,3.39,2.26,-8813432,"Medusa Cell","Medusa Cell"
"613","MC6",40,365.781,518.331,2.445,1.63,-14476753,"Medusa Cell","Medusa Cell"
"614","MC6",41,364.425,519.348,1.695,1.13,-13614273,"Medusa Cell","Medusa Cell"
"615","MC6",42,364.425,516.975,2.373,1.582,-10525343,"Medusa Cell","Medusa Cell"
"616","MC6",43,366.459,516.975,2.034,1.356,-14929622,"Medusa Cell","Medusa Cell"
"617","MC6",44,368.832,518.331,2.733,1.822,-11307422,"Medusa Cell","Medusa Cell"
"618","MC6",45,366.459,515.619,3.604,2.402,-11639746,"Medusa Cell","Medusa Cell"
"619","MC6",46,366.459,514.941,0.678,0.452,-12489637,"Medusa Cell","Medusa Cell"
"620","MC6",47,364.425,512.907,2.877,1.918,-15255764,"Medusa Cell","Medusa Cell"
"621","MC6",48,363.747,512.229,0.959,0.639,-9785707,"Medusa Cell","Medusa Cell"
"622","MC6",49,363.747,510.534,1.695,1.13,-14608066,"Medusa Cell","Medusa Cell"
"623","MC6",50,365.103,512.229,2.171,1.447,-14858439,"Medusa Cell","Medusa Cell"
"624","MC6",51,363.747,511.212,1.695,1.13,-11897502,"Medusa Cell","Medusa Cell"
"625","MC6",52,363.069,512.229,1.222,0.815,-13354442,"Medusa Cell","Medusa Cell"
"626","MC6",53,357.984,510.534,5.36,3.573,-9399660,"Medusa Cell","Medusa Cell"
"627","MC6",54,357.984,509.856,0.678,0.452,-14861511,"Medusa Cell","Medusa Cell"
"628","MC6",55,355.95,508.5,2.445,1.63,-9924993,"Medusa Cell","Medusa Cell"
"629","MC6",56,355.272,512.229,3.79,2.527,-11833265,"Medusa Cell","Medusa Cell"
"630","MC6",57,355.95,513.585,1.516,1.011,-8545907,"Medusa Cell","Medusa Cell"
"631","MC6",58,357.984,515.619,2.877,1.918,-11506328,"Medusa Cell","Medusa Cell"
"632","MC6",59,358.662,515.619,0.678,0.452,-11764387,"Medusa Cell","Medusa Cell"
"633","MC6",60,359.34,516.297,0.959,0.639,-14210250,"Medusa Cell","Medusa Cell"
"634","MC6",61,360.018,514.941,1.516,1.011,-12634816,"Medusa Cell","Medusa Cell"
"635","MC6",62,361.713,515.619,1.826,1.217,-13812920,"Medusa Cell","Medusa Cell"
"636","MC6",63,364.425,519.348,4.611,3.074,-13742274,"Medusa Cell","Medusa Cell"
"637","MC6",64,365.781,516.975,2.733,1.822,-12877974,"Medusa Cell","Medusa Cell"
"638","MC6",65,369.51,519.348,4.42,2.947,-15651248,"Medusa Cell","Medusa Cell"
"639","MC6",66,369.51,522.06,2.712,1.808,-10059406,"Medusa Cell","Medusa Cell"
"640","MC6",67,370.188,523.416,1.516,1.011,-14604255,"Medusa Cell","Medusa Cell"
"641","MC6",68,370.866,522.738,0.959,0.639,-13672098,"Medusa Cell","Medusa Cell"
"642","MC6",69,380.697,524.772,10.039,6.693,-14596545,"Medusa Cell","Medusa Cell"
"643","MC6",70,384.426,525.45,3.79,2.527,-14342851,"Medusa Cell","Medusa Cell"
"644","MC6",71,387.138,517.653,8.255,5.503,-12883871,"Medusa Cell","Medusa Cell"
"645","MC6",72,382.053,514.263,6.111,4.074,-14266048,"Medusa Cell","Medusa Cell"
"646","MC6",73,380.697,521.382,7.247,4.831,-10593424,"Medusa Cell","Medusa Cell"
"647","MC6",74,380.697,521.382,0,0,-8287842,"Medusa Cell","Medusa Cell"
"648","MC6",75,377.985,523.416,3.39,2.26,-12108492,"Medusa Cell","Medusa Cell"
"649","MC6",76,377.307,527.145,3.79,2.527,-11305114,"Medusa Cell","Medusa Cell"
"650","MC6",77,379.341,531.213,4.548,3.032,-14670549,"Medusa Cell","Medusa Cell"
"651","MC6",78,375.951,538.332,7.885,5.257,-11173227,"Medusa Cell","Medusa Cell"
"652","MC6",79,381.375,540.366,5.793,3.862,-12243905,"Medusa Cell","Medusa Cell"
"653","MC6",80,383.748,542.739,3.356,2.237,-10849193,"Medusa Cell","Medusa Cell"
"654","MC6",81,380.697,543.417,3.125,2.084,-10861497,"Medusa Cell","Medusa Cell"
"655","MC6",82,378.663,541.383,2.877,1.918,-12827074,"Medusa Cell","Medusa Cell"
"656","MC6",83,375.951,543.417,3.39,2.26,-14142647,"Medusa Cell","Medusa Cell"
"657","MC6",84,374.256,546.129,3.198,2.132,-11186852,"Medusa Cell","Medusa Cell"
"658","MC6",85,377.985,545.451,3.79,2.527,-8019101,"Medusa Cell","Medusa Cell"
"659","MC6",86,379.341,545.451,1.356,0.904,-7889797,"Medusa Cell","Medusa Cell"
"660","MC6",87,380.019,547.485,2.144,1.429,-12292007,"Medusa Cell","Medusa Cell"
"661","MC6",88,380.019,550.536,3.051,2.034,-9458549,"Medusa Cell","Medusa Cell"
"662","MC6",89,380.697,551.214,0.959,0.639,-13484468,"Medusa Cell","Medusa Cell"
"663","MC6",90,380.697,552.57,1.356,0.904,-11840949,"Medusa Cell","Medusa Cell"
"664","MC6",91,383.07,551.214,2.733,1.822,-12308383,"Medusa Cell","Medusa Cell"
"665","MC6",92,382.053,547.485,3.865,2.577,-10338475,"Medusa Cell","Medusa Cell"
"666","MC6",93,379.341,547.485,2.712,1.808,-11969446,"Medusa Cell","Medusa Cell"
"667","MC6",94,389.172,536.976,14.391,9.594,-11765916,"Medusa Cell","Medusa Cell"
"668","MC6",95,385.104,527.823,10.016,6.678,-13610690,"Medusa Cell","Medusa Cell"
"669","MC6",96,381.375,544.095,16.694,11.129,-11652767,"Medusa Cell","Medusa Cell"
"670","MC6",97,379.341,538.332,6.111,4.074,-12951204,"Medusa Cell","Medusa Cell"
"671","MC6",98,375.273,543.417,6.512,4.341,-14201001,"Medusa Cell","Medusa Cell"
"672","MC6",99,374.256,544.773,1.695,1.13,-8094572,"Medusa Cell","Medusa Cell"
"673","MC6",100,377.307,548.163,4.561,3.041,-13157059,"Medusa Cell","Medusa Cell"
"674","MC6",101,379.341,547.485,2.144,1.429,-13486278,"Medusa Cell","Medusa Cell"
"675","MC6",102,378.663,550.536,3.125,2.084,-13751500,"Medusa Cell","Medusa Cell"
"676","MC6",103,376.629,560.367,10.039,6.693,-13679040,"Medusa Cell","Medusa Cell"
"677","MC6",104,374.256,561.045,2.468,1.645,-14600406,"Medusa Cell","Medusa Cell"
"678","MC6",105,380.019,558.333,6.369,4.246,-13219758,"Medusa Cell","Medusa Cell"
"679","MC6",106,376.629,560.367,3.953,2.636,-5981497,"Medusa Cell","Medusa Cell"
"680","MC6",107,376.629,559.689,0.678,0.452,-10325678,"Medusa Cell","Medusa Cell"
"681","MC6",108,369.51,557.655,7.404,4.936,-11692413,"Medusa Cell","Medusa Cell"
"682","MC6",109,372.9,556.977,3.457,2.305,-15839932,"Medusa Cell","Medusa Cell"
"683","MC6",110,373.578,556.977,0.678,0.452,-9200231,"Medusa Cell","Medusa Cell"
"684","MC6",111,368.832,559.011,5.163,3.442,-13011870,"Medusa Cell","Medusa Cell"
"685","MC6",112,368.832,559.011,0,0,-11304057,"Medusa Cell","Medusa Cell"
"686","MC6",113,373.578,553.248,7.466,4.977,-13092299,"Medusa Cell","Medusa Cell"
"687","MC6",114,377.307,553.926,3.79,2.527,-14606801,"Medusa Cell","Medusa Cell"
"688","MC6",115,375.273,560.367,6.755,4.503,-9417606,"Medusa Cell","Medusa Cell"
"689","MC6",116,380.019,564.096,6.036,4.024,-11440034,"Medusa Cell","Medusa Cell"
"690","MC6",117,380.697,569.52,5.466,3.644,-14535628,"Medusa Cell","Medusa Cell"
"691","MC6",118,386.46,573.249,6.864,4.576,-12763591,"Medusa Cell","Medusa Cell"
"692","MC6",119,399.342,582.402,15.803,10.535,-16763086,"Medusa Cell","Medusa Cell"
"693","MC6",120,381.375,568.842,22.51,15.006,-14794176,"Medusa Cell","Medusa Cell"
"694","MC6",121,383.07,571.215,2.916,1.944,-11766944,"Medusa Cell","Medusa Cell"
"695","MC6",122,386.46,561.045,10.72,7.147,-12881352,"Medusa Cell","Medusa Cell"
"696","MC6",123,386.46,560.367,0.678,0.452,-13219780,"Medusa Cell","Medusa Cell"
"697","MC6",124,382.053,564.096,5.773,3.849,-12887468,"Medusa Cell","Medusa Cell"
"698","MC6",125,377.985,570.198,7.334,4.889,-15579850,"Medusa Cell","Medusa Cell"
"699","MC6",126,375.951,572.571,3.125,2.084,-10579333,"Medusa Cell","Medusa Cell"
"700","MC6",127,379.341,570.198,4.138,2.759,-13278378,"Medusa Cell","Medusa Cell"
"701","MC6",128,381.375,566.13,4.548,3.032,-8155772,"Medusa Cell","Medusa Cell"
"702","MC6",129,385.104,563.418,4.611,3.074,-9590351,"Medusa Cell","Medusa Cell"
"703","MC6",130,385.104,566.13,2.712,1.808,-13279658,"Medusa Cell","Medusa Cell"
"704","MC6",131,377.307,573.927,11.027,7.351,-14468560,"Medusa Cell","Medusa Cell"
"705","MC6",132,375.951,577.317,3.651,2.434,-14993621,"Medusa Cell","Medusa Cell"
"706","MC6",133,376.629,574.605,2.795,1.864,-15586770,"Medusa Cell","Medusa Cell"
"707","MC6",134,372.222,576.639,4.854,3.236,-13817031,"Medusa Cell","Medusa Cell"
"708","MC6",135,376.629,574.605,4.854,3.236,-14598086,"Medusa Cell","Medusa Cell"
"709","MC6",136,372.9,568.842,6.864,4.576,-14398139,"Medusa Cell","Medusa Cell"
"710","MC6",137,368.832,567.486,4.288,2.859,-10985373,"Medusa Cell","Medusa Cell"
"711","MC6",138,366.459,560.367,7.504,5.003,-13618615,"Medusa Cell","Medusa Cell"
"712","MC6",139,363.747,561.045,2.795,1.864,-13282489,"Medusa Cell","Medusa Cell"
"713","MC6",140,364.425,558.333,2.795,1.864,-8288924,"Medusa Cell","Medusa Cell"
"714","MC6",141,360.018,556.977,4.611,3.074,-10782355,"Medusa Cell","Medusa Cell"
"715","MC6",142,365.103,556.977,5.085,3.39,-13096630,"Medusa Cell","Medusa Cell"
"716","MC6",143,359.34,557.655,5.803,3.868,-9008001,"Medusa Cell","Medusa Cell"
"717","MC6",144,358.662,557.655,0.678,0.452,-11647897,"Medusa Cell","Medusa Cell"
"718","MC6",145,358.662,553.926,3.729,2.486,-8755573,"Medusa Cell","Medusa Cell"
"719","MC6",146,351.543,553.926,7.119,4.746,-9145453,"Medusa Cell","Medusa Cell"
"720","MC6",147,356.628,550.536,6.111,4.074,-12371379,"Medusa Cell","Medusa Cell"
"721","MC6",148,362.391,539.688,12.284,8.189,-10507411,"Medusa Cell","Medusa Cell"
"722","MC6",149,374.256,534.942,12.779,8.519,-7359066,"Medusa Cell","Medusa Cell"
"723","MC6",150,372.222,551.892,17.072,11.381,-11108487,"Medusa Cell","Medusa Cell"
"724","MC6",151,372.222,546.129,5.763,3.842,-13281198,"Medusa Cell","Medusa Cell"
"725","MC6",152,366.459,544.095,6.111,4.074,-11641486,"Medusa Cell","Medusa Cell"
"726","MC6",153,368.154,543.417,1.826,1.217,-14598866,"Medusa Cell","Medusa Cell"
"727","MC6",154,372.222,542.061,4.288,2.859,-11957652,"Medusa Cell","Medusa Cell"
"728","MC6",155,377.307,544.773,5.763,3.842,-11574422,"Medusa Cell","Medusa Cell"
"729","MC6",156,372.222,540.366,6.729,4.486,-8949641,"Medusa Cell","Medusa Cell"
"730","MC6",157,366.459,538.332,6.111,4.074,-14211515,"Medusa Cell","Medusa Cell"
"731","MC6",158,370.188,540.366,4.248,2.832,-11243931,"Medusa Cell","Medusa Cell"
"732","MC6",159,371.544,551.214,10.932,7.288,-10513280,"Medusa Cell","Medusa Cell"
"733","MC6",160,373.578,554.604,3.953,2.636,-7816796,"Medusa Cell","Medusa Cell"
"734","MC6",161,376.629,554.604,3.051,2.034,-14661307,"Medusa Cell","Medusa Cell"
"735","MC6",162,376.629,553.248,1.356,0.904,-11902615,"Medusa Cell","Medusa Cell"
"736","MC6",163,378.663,554.604,2.445,1.63,-15781849,"Medusa Cell","Medusa Cell"
"737","MC6",164,376.629,557.655,3.667,2.445,-15055818,"Medusa Cell","Medusa Cell"
"738","MC6",165,374.256,555.282,3.356,2.237,-12235690,"Medusa Cell","Medusa Cell"
"739","MC6",166,383.07,550.536,10.011,6.674,-9922948,"Medusa Cell","Medusa Cell"
"740","MC6",167,379.341,546.129,5.773,3.849,-10184828,"Medusa Cell","Medusa Cell"
"741","MC6",168,377.307,544.095,2.877,1.918,-9197670,"Medusa Cell","Medusa Cell"
"742","MC6",169,373.578,542.061,4.248,2.832,-11045227,"Medusa Cell","Medusa Cell"
"743","MC6",170,372.9,539.688,2.468,1.645,-9930116,"Medusa Cell","Medusa Cell"
"744","MC6",171,372.222,540.366,0.959,0.639,-10197102,"Medusa Cell","Medusa Cell"
"745","MC6",172,368.832,544.773,5.56,3.707,-11376285,"Medusa Cell","Medusa Cell"
"746","MC6",173,371.544,546.129,3.032,2.021,-13349576,"Medusa Cell","Medusa Cell"
"747","MC6",174,370.866,548.163,2.144,1.429,-10126709,"Medusa Cell","Medusa Cell"
"748","MC6",175,370.188,549.858,1.826,1.217,-12550805,"Medusa Cell","Medusa Cell"
"749","MC6",176,357.984,537.654,17.259,11.506,-9596277,"Medusa Cell","Medusa Cell"
"750","MC6",177,343.068,542.739,15.759,10.506,-11252649,"Medusa Cell","Medusa Cell"
"751","MC6",178,339,544.095,4.288,2.859,-9665931,"Medusa Cell","Medusa Cell"
"752","MC6",179,340.356,542.061,2.445,1.63,-12227744,"Medusa Cell","Medusa Cell"
"753","MC6",180,339.678,539.01,3.125,2.084,-8022147,"Medusa Cell","Medusa Cell"
"754","MC6",181,349.509,541.383,10.113,6.742,-7308883,"Medusa Cell","Medusa Cell"
"755","MC6",182,355.95,542.739,6.582,4.388,-11186869,"Medusa Cell","Medusa Cell"
"756","MC6",183,362.391,544.773,6.755,4.503,-12234175,"Medusa Cell","Medusa Cell"
"757","MC6",184,363.747,550.536,5.92,3.947,-12172198,"Medusa Cell","Medusa Cell"
"758","MC6",185,357.306,553.926,7.279,4.852,-11697291,"Medusa Cell","Medusa Cell"
"759","MC6",186,354.594,553.926,2.712,1.808,-10194317,"Medusa Cell","Medusa Cell"
"760","MC6",187,350.865,554.604,3.79,2.527,-10845317,"Medusa Cell","Medusa Cell"
"761","MC6",188,350.187,553.248,1.516,1.011,-12955824,"Medusa Cell","Medusa Cell"
"762","MC6",189,348.831,551.892,1.918,1.278,-10916760,"Medusa Cell","Medusa Cell"
"763","MC6",190,350.187,551.892,1.356,0.904,-10181492,"Medusa Cell","Medusa Cell"
"764","MC6",191,349.509,549.858,2.144,1.429,-12294818,"Medusa Cell","Medusa Cell"
"765","MC6",192,350.187,550.536,0.959,0.639,-9949628,"Medusa Cell","Medusa Cell"
"766","MC6",193,350.187,554.604,4.068,2.712,-12823424,"Medusa Cell","Medusa Cell"
"767","MC6",194,352.221,552.57,2.877,1.918,-13553323,"Medusa Cell","Medusa Cell"
"768","MC6",195,355.272,553.248,3.125,2.084,-13221036,"Medusa Cell","Medusa Cell"
"769","MC6",196,357.306,559.011,6.111,4.074,-13480117,"Medusa Cell","Medusa Cell"
"770","MC6",197,359.34,562.401,3.953,2.636,-15713185,"Medusa Cell","Medusa Cell"
"771","MC6",198,359.34,560.367,2.034,1.356,-9933466,"Medusa Cell","Medusa Cell"
"772","MC6",199,360.018,559.011,1.516,1.011,-7159904,"Medusa Cell","Medusa Cell"
"773","MC6",200,356.628,559.689,3.457,2.305,-14470609,"Medusa Cell","Medusa Cell"
"774","MC6",201,353.238,558.333,3.651,2.434,-15195078,"Medusa Cell","Medusa Cell"
"775","MC6",202,353.916,556.299,2.144,1.429,-9790874,"Medusa Cell","Medusa Cell"
"776","MC6",203,350.865,558.333,3.667,2.445,-14200479,"Medusa Cell","Medusa Cell"
"777","MC6",204,353.238,567.486,9.456,6.304,-11040386,"Medusa Cell","Medusa Cell"
"778","MC6",205,353.916,567.486,0.678,0.452,-9334384,"Medusa Cell","Medusa Cell"
"779","MC6",206,352.221,566.808,1.826,1.217,-10786703,"Medusa Cell","Medusa Cell"
"780","MC6",207,351.543,573.249,6.477,4.318,-15912882,"Medusa Cell","Medusa Cell"
"781","MC6",208,351.543,572.571,0.678,0.452,-13285056,"Medusa Cell","Medusa Cell"
"782","MC6",209,352.221,575.283,2.795,1.864,-15000528,"Medusa Cell","Medusa Cell"
"783","MC6",210,351.543,575.961,0.959,0.639,-7558022,"Medusa Cell","Medusa Cell"
"784","MC6",211,353.916,574.605,2.733,1.822,-14997697,"Medusa Cell","Medusa Cell"
"785","MC6",212,358.662,569.52,6.956,4.637,-9741477,"Medusa Cell","Medusa Cell"
"786","MC6",213,363.069,565.452,5.998,3.998,-12886957,"Medusa Cell","Medusa Cell"
"787","MC6",214,363.069,562.401,3.051,2.034,-11175296,"Medusa Cell","Medusa Cell"
"788","MC6",215,357.984,556.977,7.435,4.957,-13549507,"Medusa Cell","Medusa Cell"
"789","MC6",216,361.713,561.045,5.519,3.679,-14471879,"Medusa Cell","Medusa Cell"
"790","MC6",217,365.103,558.333,4.341,2.894,-15057356,"Medusa Cell","Medusa Cell"
"791","MC6",218,363.747,554.604,3.968,2.645,-14207932,"Medusa Cell","Medusa Cell"
"792","MC6",219,370.866,547.485,10.068,6.712,-12954541,"Medusa Cell","Medusa Cell"
"793","MC6",220,372.222,545.451,2.445,1.63,-6777180,"Medusa Cell","Medusa Cell"
"794","MC6",221,374.256,542.061,3.953,2.636,-9672825,"Medusa Cell","Medusa Cell"
"795","MC6",222,375.273,544.095,2.274,1.516,-10142584,"Medusa Cell","Medusa Cell"
"796","MC6",223,372.9,542.061,3.125,2.084,-15188162,"Medusa Cell","Medusa Cell"
"797","MC6",224,372.9,538.332,3.729,2.486,-13473963,"Medusa Cell","Medusa Cell"
"798","MC6",225,371.544,531.213,7.247,4.831,-13410752,"Medusa Cell","Medusa Cell"
"799","MC6",226,373.578,529.179,2.877,1.918,-13413049,"Medusa Cell","Medusa Cell"
"800","MC6",227,372.9,529.179,0.678,0.452,-14859464,"Medusa Cell","Medusa Cell"
"801","MC6",228,370.866,528.501,2.144,1.429,-14992331,"Medusa Cell","Medusa Cell"
"802","MC6",229,368.832,525.45,3.667,2.445,-15846872,"Medusa Cell","Medusa Cell"
"803","MC6",230,366.459,522.06,4.138,2.759,-15717331,"Medusa Cell","Medusa Cell"
"804","MC6",231,369.51,526.128,5.085,3.39,-13144485,"Medusa Cell","Medusa Cell"
"805","MC6",232,370.866,524.772,1.918,1.278,-12164772,"Medusa Cell","Medusa Cell"
"806","MC6",233,374.256,525.45,3.457,2.305,-14198965,"Medusa Cell","Medusa Cell"
"807","MC6",234,382.053,534.942,12.284,8.189,-12360874,"Medusa Cell","Medusa Cell"
"808","MC6",235,380.019,534.942,2.034,1.356,-14797258,"Medusa Cell","Medusa Cell"
"809","MC6",236,377.985,534.942,2.034,1.356,-7563616,"Medusa Cell","Medusa Cell"
"810","MC6",237,378.663,533.247,1.826,1.217,-11638406,"Medusa Cell","Medusa Cell"
"811","MC6",239,375.273,539.01,6.686,4.457,-9527397,"Medusa Cell","Medusa Cell"
"812","MC6",240,385.782,536.976,10.704,7.136,-10594481,"Medusa Cell","Medusa Cell"
"813","MC6",241,392.901,545.451,11.068,7.379,-13217721,"Medusa Cell","Medusa Cell"
"814","MC6",242,405.105,543.417,12.372,8.248,-14606045,"Medusa Cell","Medusa Cell"
"815","MC6",243,382.053,534.942,24.561,16.374,-11832220,"Medusa Cell","Medusa Cell"
"816","MC6",244,378.663,538.332,4.794,3.196,-13208196,"Medusa Cell","Medusa Cell"
"817","MC6",245,387.138,545.451,11.068,7.379,-12824495,"Medusa Cell","Medusa Cell"
"818","MC6",246,380.019,532.569,14.718,9.812,-13875655,"Medusa Cell","Medusa Cell"
"819","MC6",247,380.019,534.942,2.373,1.582,-11839409,"Medusa Cell","Medusa Cell"
"820","MC6",248,375.273,539.688,6.712,4.475,-10255722,"Medusa Cell","Medusa Cell"
"821","MC6",249,377.985,532.569,7.618,5.079,-10134130,"Medusa Cell","Medusa Cell"
"822","MC6",250,379.341,531.213,1.918,1.278,-9664373,"Medusa Cell","Medusa Cell"
"823","MC6",251,381.375,532.569,2.445,1.63,-11511731,"Medusa Cell","Medusa Cell"
"824","MC6",252,375.273,529.857,6.678,4.452,-12300998,"Medusa Cell","Medusa Cell"
"825","MC6",253,377.307,529.857,2.034,1.356,-13618891,"Medusa Cell","Medusa Cell"
"826","MC6",254,362.391,535.62,15.991,10.66,-15454911,"Medusa Cell","Medusa Cell"
"827","MC6",255,361.035,542.061,6.582,4.388,-8615597,"Medusa Cell","Medusa Cell"
"828","MC6",256,367.137,541.383,6.14,4.093,-12896434,"Medusa Cell","Medusa Cell"
"829","MC6",257,363.747,546.129,5.832,3.888,-5851746,"Medusa Cell","Medusa Cell"
"830","MC6",258,362.391,548.163,2.445,1.63,-10513553,"Medusa Cell","Medusa Cell"
"831","MC6",259,362.391,550.536,2.373,1.582,-9018001,"Medusa Cell","Medusa Cell"
"832","MC6",260,360.018,551.892,2.733,1.822,-10773893,"Medusa Cell","Medusa Cell"
"833","MC6",261,355.95,556.299,5.998,3.998,-15263440,"Medusa Cell","Medusa Cell"
"834","MC6",262,357.984,553.926,3.125,2.084,-9936751,"Medusa Cell","Medusa Cell"
"835","MC6",263,361.035,551.214,4.082,2.721,-14269633,"Medusa Cell","Medusa Cell"
"836","MC6",264,362.391,553.248,2.445,1.63,-11438228,"Medusa Cell","Medusa Cell"
"837","MC6",265,361.713,552.57,0.959,0.639,-13276325,"Medusa Cell","Medusa Cell"
"838","MC6",266,362.391,554.604,2.144,1.429,-9858680,"Medusa Cell","Medusa Cell"
"839","MC6",267,363.069,553.248,1.516,1.011,-10447737,"Medusa Cell","Medusa Cell"
"840","MC6",268,360.018,555.282,3.667,2.445,-12288911,"Medusa Cell","Medusa Cell"
"841","MC6",269,358.662,554.604,1.516,1.011,-15517398,"Medusa Cell","Medusa Cell"
"842","MC6",270,357.984,553.248,1.516,1.011,-14326964,"Medusa Cell","Medusa Cell"
"843","MC6",271,357.984,551.214,2.034,1.356,-10442621,"Medusa Cell","Medusa Cell"
"844","MC6",272,356.628,551.214,1.356,0.904,-11694474,"Medusa Cell","Medusa Cell"
"845","MC6",273,358.662,551.892,2.144,1.429,-13353401,"Medusa Cell","Medusa Cell"
"846","MC6",274,359.34,553.248,1.516,1.011,-7959412,"Medusa Cell","Medusa Cell"
"847","MC6",275,360.018,554.604,1.516,1.011,-14783653,"Medusa Cell","Medusa Cell"
"848","MC6",276,364.425,555.282,4.459,2.973,-11185551,"Medusa Cell","Medusa Cell"
"849","MC6",277,368.154,556.299,3.865,2.577,-11628687,"Medusa Cell","Medusa Cell"
"850","MC6",278,372.222,555.282,4.193,2.795,-6267011,"Medusa Cell","Medusa Cell"
"851","MC6",279,376.629,553.926,4.611,3.074,-10582654,"Medusa Cell","Medusa Cell"
"852","MC6",280,378.663,551.214,3.39,2.26,-9534085,"Medusa Cell","Medusa Cell"
"853","MC6",281,380.697,548.163,3.667,2.445,-7048280,"Medusa Cell","Medusa Cell"
"854","MC6",282,372.222,556.299,11.748,7.832,-3772985,"Medusa Cell","Medusa Cell"
"855","MC6",283,368.832,561.723,6.396,4.264,-8813935,"Medusa Cell","Medusa Cell"
"856","MC6",284,365.103,553.248,9.259,6.173,-4476973,"Medusa Cell","Medusa Cell"
"857","MC6",285,359.34,557.655,7.255,4.837,-5717313,"Medusa Cell","Medusa Cell"
"858","MC6",286,368.832,553.248,10.465,6.977,-11366277,"Medusa Cell","Medusa Cell"
"859","MC6",287,368.832,559.689,6.441,4.294,-13093319,"Medusa Cell","Medusa Cell"
"860","MC6",288,368.832,559.689,0,0,-8228201,"Medusa Cell","Medusa Cell"
"861","MC6",289,367.137,557.655,2.648,1.765,-13284282,"Medusa Cell","Medusa Cell"
"862","MC6",290,367.137,561.045,3.39,2.26,-10857923,"Medusa Cell","Medusa Cell"
"863","MC6",291,368.154,560.367,1.222,0.815,-10255750,"Medusa Cell","Medusa Cell"
"864","MC6",292,371.544,557.655,4.341,2.894,-13948105,"Medusa Cell","Medusa Cell"
"865","MC6",293,368.832,556.299,3.032,2.021,-11315106,"Medusa Cell","Medusa Cell"
"866","MC6",294,368.154,558.333,2.144,1.429,-16440530,"Medusa Cell","Medusa Cell"
"867","MC6",295,368.154,559.689,1.356,0.904,-14070706,"Medusa Cell","Medusa Cell"
"868","MC6",296,370.866,556.977,3.835,2.557,-13743030,"Medusa Cell","Medusa Cell"
"869","MC6",297,370.866,553.926,3.051,2.034,-13278368,"Medusa Cell","Medusa Cell"
"870","MC6",298,377.985,550.536,7.885,5.257,-13813949,"Medusa Cell","Medusa Cell"
"871","MC6",299,377.985,551.214,0.678,0.452,-14925008,"Medusa Cell","Medusa Cell"
"872","MC6",300,377.985,556.977,5.763,3.842,-13152949,"Medusa Cell","Medusa Cell"
"873","MC6",301,376.629,566.808,9.924,6.616,-14854328,"Medusa Cell","Medusa Cell"
"874","MC6",302,368.154,567.486,8.502,5.668,-13550035,"Medusa Cell","Medusa Cell"
"875","MC6",303,356.628,565.452,11.704,7.803,-14656448,"Medusa Cell","Medusa Cell"
"876","MC6",304,357.306,566.13,0.959,0.639,-14668766,"Medusa Cell","Medusa Cell"
"877","MC6",305,357.984,564.774,1.516,1.011,-15319740,"Medusa Cell","Medusa Cell"
"878","MC6",306,357.984,565.452,0.678,0.452,-15065822,"Medusa Cell","Medusa Cell"
"879","MC6",307,353.238,572.571,8.556,5.704,-15715262,"Medusa Cell","Medusa Cell"
"880","MC6",308,356.628,577.317,5.832,3.888,-15065034,"Medusa Cell","Medusa Cell"
"881","MC6",309,365.103,574.605,8.898,5.932,-14342095,"Medusa Cell","Medusa Cell"
"882","MC6",310,367.137,568.842,6.111,4.074,-13674657,"Medusa Cell","Medusa Cell"
"883","MC6",311,376.629,566.13,9.872,6.581,-7765610,"Medusa Cell","Medusa Cell"
"884","MC6",312,369.51,565.452,7.151,4.767,-12815002,"Medusa Cell","Medusa Cell"
"885","MC6",313,353.916,568.164,15.828,10.552,-9999464,"Medusa Cell","Medusa Cell"
"886","MC6",314,352.221,579.69,11.65,7.767,-11905436,"Medusa Cell","Medusa Cell"
"887","MC6",315,353.916,569.52,10.31,6.874,-12570576,"Medusa Cell","Medusa Cell"
"888","MC6",316,359.34,565.452,6.78,4.52,-13416381,"Medusa Cell","Medusa Cell"
"889","MC6",317,361.035,562.401,3.49,2.327,-12296863,"Medusa Cell","Medusa Cell"
"890","MC6",318,361.713,571.215,8.84,5.893,-13751498,"Medusa Cell","Medusa Cell"
"891","MC6",319,361.713,571.215,0,0,-15854791,"Medusa Cell","Medusa Cell"
"892","MC6",320,361.035,572.571,1.516,1.011,-11765416,"Medusa Cell","Medusa Cell"
"893","MC6",321,368.154,573.249,7.151,4.767,-15985388,"Medusa Cell","Medusa Cell"
"894","MC6",322,372.9,571.215,5.163,3.442,-14395039,"Medusa Cell","Medusa Cell"
"895","MC6",323,361.035,575.961,12.779,8.519,-16572630,"Medusa Cell","Medusa Cell"
"896","MC6",324,363.747,574.605,3.032,2.021,-14727880,"Medusa Cell","Medusa Cell"
"897","MC6",325,365.781,574.605,2.034,1.356,-14336196,"Medusa Cell","Medusa Cell"
"898","MC6",326,360.018,571.215,6.686,4.457,-14538698,"Medusa Cell","Medusa Cell"
"899","MC6",327,361.035,570.198,1.438,0.959,-13408675,"Medusa Cell","Medusa Cell"
"900","MC6",328,357.306,568.842,3.968,2.645,-13748416,"Medusa Cell","Medusa Cell"
"901","MC6",329,357.984,568.164,0.959,0.639,-11579579,"Medusa Cell","Medusa Cell"
"902","MC7",2,368.154,231.876,2.468,1.645,-15192784,"Medusa Cell","Medusa Cell"
"903","MC7",3,368.154,231.876,0,0,-14014913,"Medusa Cell","Medusa Cell"
"904","MC7",4,348.831,240.69,21.238,14.159,-15321046,"Medusa Cell","Medusa Cell"
"905","MC7",5,311.202,256.284,40.732,27.155,-15263967,"Medusa Cell","Medusa Cell"
"906","MC7",6,280.692,250.521,31.05,20.7,-14654638,"Medusa Cell","Medusa Cell"
"907","MC7",7,249.165,230.52,37.336,24.891,-14926801,"Medusa Cell","Medusa Cell"
"908","MC7",8,239.334,207.807,24.749,16.5,-15520480,"Medusa Cell","Medusa Cell"
"909","MC7",9,253.572,192.891,20.621,13.747,-12029088,"Medusa Cell","Medusa Cell"
"910","MC7",10,243.741,201.366,12.98,8.653,-8749708,"Medusa Cell","Medusa Cell"
"911","MC7",11,239.334,203.061,4.722,3.148,-13809082,"Medusa Cell","Medusa Cell"
"912","MC7",12,236.622,201.366,3.198,2.132,-13743792,"Medusa Cell","Medusa Cell"
"913","MC7",13,232.893,202.044,3.79,2.527,-6387555,"Medusa Cell","Medusa Cell"
"914","MC7",14,225.096,202.044,7.797,5.198,-13354676,"Medusa Cell","Medusa Cell"
"915","MC7",15,223.74,209.163,7.247,4.831,-15593181,"Medusa Cell","Medusa Cell"
"916","MC7",16,221.028,207.807,3.032,2.021,-12498319,"Medusa Cell","Medusa Cell"
"917","MC7",17,220.011,206.451,1.695,1.13,-11960462,"Medusa Cell","Medusa Cell"
"918","MC7",18,219.333,209.163,2.795,1.864,-11123879,"Medusa Cell","Medusa Cell"
"919","MC7",19,213.909,201.366,9.498,6.332,-10779012,"Medusa Cell","Medusa Cell"
"920","MC7",20,195.264,197.298,19.084,12.722,-14672580,"Medusa Cell","Medusa Cell"
"921","MC7",21,161.025,183.738,36.826,24.551,-13472960,"Medusa Cell","Medusa Cell"
"922","MC7",22,129.159,170.178,34.631,23.087,-14936516,"Medusa Cell","Medusa Cell"
"923","MC7",23,108.48,153.906,26.313,17.542,-16311249,"Medusa Cell","Medusa Cell"
"924","MC7",24,91.53,146.109,18.657,12.438,-8072266,"Medusa Cell","Medusa Cell"
"925","MC7",25,88.818,146.109,2.712,1.808,-10127208,"Medusa Cell","Medusa Cell"
"926","MC7",26,85.089,159.669,14.063,9.376,-15848904,"Medusa Cell","Medusa Cell"
"927","MC7",27,60.342,157.296,24.861,16.574,-14798545,"Medusa Cell","Medusa Cell"
"928","MC7",28,42.375,150.177,19.326,12.884,-14539979,"Medusa Cell","Medusa Cell"
"929","MC7",29,19.662,146.109,23.074,15.383,-11639710,"Medusa Cell","Medusa Cell"
"930","MC7",30,3.39,145.431,16.286,10.857,-10787009,"Medusa Cell","Medusa Cell"
"931","MC8",2,194.586,630.201,12.738,8.492,-9206912,"Medusa Cell","Medusa Cell"
"932","MC8",3,144.753,617.319,51.471,34.314,-9667463,"Medusa Cell","Medusa Cell"
"933","MC8",4,101.361,613.59,43.552,29.035,-10916750,"Medusa Cell","Medusa Cell"
"934","MC8",5,72.885,630.879,33.314,22.209,-10589314,"Medusa Cell","Medusa Cell"
"935","MC8",6,74.58,645.795,15.012,10.008,-10197664,"Medusa Cell","Medusa Cell"
"936","MC8",7,105.09,605.793,50.309,33.539,-9667209,"Medusa Cell","Medusa Cell"
"937","MC8",8,137.634,603.759,32.608,21.738,-9206658,"Medusa Cell","Medusa Cell"
"938","MC8",9,150.516,607.488,13.411,8.941,-9140347,"Medusa Cell","Medusa Cell"
"939","MC8",10,144.753,604.437,6.521,4.347,-9471370,"Medusa Cell","Medusa Cell"
"940","MC8",11,107.802,605.115,36.957,24.638,-9666180,"Medusa Cell","Medusa Cell"
"941","MC8",12,63.732,607.488,44.134,29.423,-9470592,"Medusa Cell","Medusa Cell"
"942","MC8",13,41.697,601.047,22.957,15.305,-11049616,"Medusa Cell","Medusa Cell"
"943","MC8",14,34.578,617.997,18.384,12.256,-10586502,"Medusa Cell","Medusa Cell"
"944","MC8",15,46.782,605.793,17.259,11.506,-11446165,"Medusa Cell","Medusa Cell"
"945","MC8",16,57.969,603.759,11.37,7.58,-9602181,"Medusa Cell","Medusa Cell"
"946","MC8",17,73.902,595.284,18.047,12.031,-11914167,"Medusa Cell","Medusa Cell"
"947","MC8",18,77.97,592.233,5.085,3.39,-12172460,"Medusa Cell","Medusa Cell"
"948","MC8",19,83.055,606.471,15.119,10.079,-11841437,"Medusa Cell","Medusa Cell"
"949","MC8",20,83.055,616.641,10.17,6.78,-10260862,"Medusa Cell","Medusa Cell"
"950","MC8",21,81.699,616.641,1.356,0.904,-10130808,"Medusa Cell","Medusa Cell"
"951","MC8",22,77.97,617.319,3.79,2.527,-10917777,"Medusa Cell","Medusa Cell"
"952","MC8",23,82.377,618.675,4.611,3.074,-10324351,"Medusa Cell","Medusa Cell"
"953","MC8",24,83.055,617.319,1.516,1.011,-10329994,"Medusa Cell","Medusa Cell"
"954","MC8",25,85.089,618.675,2.445,1.63,-9342581,"Medusa Cell","Medusa Cell"
"955","MC8",26,82.377,620.709,3.39,2.26,-10651019,"Medusa Cell","Medusa Cell"
"956","MC8",27,83.733,643.422,22.753,15.169,-10057590,"Medusa Cell","Medusa Cell"
"957","MC8",28,86.445,647.829,5.175,3.45,-10126218,"Medusa Cell","Medusa Cell"
"958","MC8",29,93.564,647.829,7.119,4.746,-11111306,"Medusa Cell","Medusa Cell"
"959","MC9",2,271.2,502.737,8.801,5.867,-11177363,"Medusa Cell","Medusa Cell"
"960","MC9",3,313.236,481.38,47.15,31.434,-11970993,"Medusa Cell","Medusa Cell"
"961","MC9",4,362.391,500.025,52.572,35.048,-10126220,"Medusa Cell","Medusa Cell"
"962","MC9",5,404.088,527.145,49.741,33.16,-11642264,"Medusa Cell","Medusa Cell"
"963","MC9",6,440.361,561.045,49.648,33.099,-11510945,"Medusa Cell","Medusa Cell"
"964","MC9",7,487.482,557.655,47.243,31.495,-9532805,"Medusa Cell","Medusa Cell"
"965","MC9",8,535.62,571.215,50.011,33.341,-10257038,"Medusa Cell","Medusa Cell"
"966","MC9",9,571.215,615.285,56.65,37.766,-10192788,"Medusa Cell","Medusa Cell"
"967","MC9",10,592.572,632.913,27.692,18.462,-9471111,"Medusa Cell","Medusa Cell"
"968","MC9",11,591.894,637.998,5.13,3.42,-9993868,"Medusa Cell","Medusa Cell"
"969","MC9",12,591.894,647.829,9.831,6.554,-11242906,"Medusa Cell","Medusa Cell"
"970","MC10",2,736.308,378.324,39.315,26.21,-10590607,"Medusa Cell","Medusa Cell"
"971","MC10",3,715.629,365.781,24.186,16.124,-10984861,"Medusa Cell","Medusa Cell"
"972","MC10",4,710.544,362.052,6.306,4.204,-11048336,"Medusa Cell","Medusa Cell"
"973","MC10",5,704.103,353.577,10.645,7.097,-11509400,"Medusa Cell","Medusa Cell"
"974","MC10",6,703.425,356.967,3.457,2.305,-10126723,"Medusa Cell","Medusa Cell"
"975","MC10",7,702.747,354.255,2.795,1.864,-10784904,"Medusa Cell","Medusa Cell"
"976","MC10",8,700.713,350.865,3.953,2.636,-11706017,"Medusa Cell","Medusa Cell"
"977","MC10",9,696.984,347.814,4.818,3.212,-11183504,"Medusa Cell","Medusa Cell"
"978","MC10",10,695.628,345.78,2.445,1.63,-10657679,"Medusa Cell","Medusa Cell"
"979","MC10",11,695.628,345.102,0.678,0.452,-10653604,"Medusa Cell","Medusa Cell"
"980","MC10",12,692.916,347.814,3.835,2.557,-11904674,"Medusa Cell","Medusa Cell"
"981","MC10",13,691.56,347.136,1.516,1.011,-10391196,"Medusa Cell","Medusa Cell"
"982","MC10",14,692.238,349.17,2.144,1.429,-11117989,"Medusa Cell","Medusa Cell"
"983","MC10",15,692.916,352.221,3.125,2.084,-9861780,"Medusa Cell","Medusa Cell"
"984","MC10",16,693.594,353.577,1.516,1.011,-12823215,"Medusa Cell","Medusa Cell"
"985","MC10",17,689.187,348.492,6.729,4.486,-11704736,"Medusa Cell","Medusa Cell"
"986","MC10",18,683.424,348.492,5.763,3.842,-10981527,"Medusa Cell","Medusa Cell"
"987","MC10",19,685.797,347.136,2.733,1.822,-10452618,"Medusa Cell","Medusa Cell"
"988","MC10",20,682.068,348.492,3.968,2.645,-10653853,"Medusa Cell","Medusa Cell"
"989","MC10",21,682.746,352.899,4.459,2.973,-10256785,"Medusa Cell","Medusa Cell"
"990","MC10",22,679.356,353.577,3.457,2.305,-9930132,"Medusa Cell","Medusa Cell"
"991","MC10",23,675.627,354.933,3.968,2.645,-10855571,"Medusa Cell","Medusa Cell"
"992","MC10",24,676.644,353.577,1.695,1.13,-12037810,"Medusa Cell","Medusa Cell"
"993","MC10",25,674.271,353.577,2.373,1.582,-9272464,"Medusa Cell","Medusa Cell"
"994","MC10",26,657.999,356.289,16.496,10.998,-11114154,"Medusa Cell","Medusa Cell"
"995","MC10",27,648.168,356.289,9.831,6.554,-9865366,"Medusa Cell","Medusa Cell"
"996","MC10",28,623.082,360.018,25.362,16.908,-10194832,"Medusa Cell","Medusa Cell"
"997","MC10",29,608.166,363.408,15.296,10.198,-11247029,"Medusa Cell","Medusa Cell"
"998","MC10",30,584.775,368.493,23.937,15.958,-10720159,"Medusa Cell","Medusa Cell"
"999","MC10",31,571.893,372.222,13.411,8.941,-10459297,"Medusa Cell","Medusa Cell"
"1000","MC10",32,574.944,380.697,9.007,6.005,-10985122,"Medusa Cell","Medusa Cell"
"1001","MC10",33,564.774,380.697,10.17,6.78,-11047584,"Medusa Cell","Medusa Cell"
"1002","MC10",34,547.824,389.172,18.951,12.634,-11441564,"Medusa Cell","Medusa Cell"
"1003","MC10",35,548.502,392.562,3.457,2.305,-12625325,"Medusa Cell","Medusa Cell"
"1004","MC10",36,547.146,390.528,2.445,1.63,-12035743,"Medusa Cell","Medusa Cell"
"1005","MC10",37,541.383,391.206,5.803,3.868,-11708071,"Medusa Cell","Medusa Cell"
"1006","MC10",38,541.383,391.884,0.678,0.452,-11047845,"Medusa Cell","Medusa Cell"
"1007","MC10",39,541.383,391.884,0,0,-11049894,"Medusa Cell","Medusa Cell"
"1008","MC10",40,544.434,389.172,4.082,2.721,-11575208,"Medusa Cell","Medusa Cell"
"1009","MC10",41,542.739,390.528,2.171,1.447,-12032418,"Medusa Cell","Medusa Cell"
"1010","MC10",42,536.298,391.884,6.582,4.388,-11312790,"Medusa Cell","Medusa Cell"
"1011","MC10",43,525.789,391.884,10.509,7.006,-13545398,"Medusa Cell","Medusa Cell"
"1012","MC10",44,519.348,391.884,6.441,4.294,-10978719,"Medusa Cell","Medusa Cell"
"1013","MC10",45,502.398,388.494,17.286,11.524,-11643054,"Medusa Cell","Medusa Cell"
"1014","MC10",46,503.076,393.24,4.794,3.196,-11443632,"Medusa Cell","Medusa Cell"
"1015","MC10",47,507.483,391.206,4.854,3.236,-9994393,"Medusa Cell","Medusa Cell"
"1016","MC10",48,508.839,391.206,1.356,0.904,-9600146,"Medusa Cell","Medusa Cell"
"1017","MC10",49,506.466,390.528,2.468,1.645,-11382415,"Medusa Cell","Medusa Cell"
"1018","MC10",50,507.483,392.562,2.274,1.516,-11247783,"Medusa Cell","Medusa Cell"
"1019","MC10",51,508.161,390.528,2.144,1.429,-12229538,"Medusa Cell","Medusa Cell"
"1020","MC10",52,510.873,390.528,2.712,1.808,-11379361,"Medusa Cell","Medusa Cell"
"1021","MC10",53,508.839,387.138,3.953,2.636,-12233371,"Medusa Cell","Medusa Cell"
"1022","MC10",54,510.195,389.172,2.445,1.63,-11178392,"Medusa Cell","Medusa Cell"
"1023","MC10",55,511.551,389.85,1.516,1.011,-11378081,"Medusa Cell","Medusa Cell"
"1024","MC10",56,507.483,390.528,4.124,2.749,-10521501,"Medusa Cell","Medusa Cell"
"1025","MC10",57,507.483,392.562,2.034,1.356,-10982301,"Medusa Cell","Medusa Cell"
"1026","MC10",58,507.483,391.884,0.678,0.452,-12298413,"Medusa Cell","Medusa Cell"
"1027","MC10",59,510.195,391.206,2.795,1.864,-12169388,"Medusa Cell","Medusa Cell"
"1028","MC10",60,510.195,393.24,2.034,1.356,-10455960,"Medusa Cell","Medusa Cell"
"1029","MC10",61,507.483,391.206,3.39,2.26,-11706278,"Medusa Cell","Medusa Cell"
"1030","MC10",62,510.195,393.24,3.39,2.26,-10192524,"Medusa Cell","Medusa Cell"
"1031","MC10",63,509.517,395.613,2.468,1.645,-12557475,"Medusa Cell","Medusa Cell"
"1032","MC10",64,508.161,394.935,1.516,1.011,-11708049,"Medusa Cell","Medusa Cell"
"1033","MC10",65,508.161,396.969,2.034,1.356,-10849666,"Medusa Cell","Medusa Cell"
"1034","MC10",66,510.195,394.935,2.877,1.918,-11900834,"Medusa Cell","Medusa Cell"
"1035","MC10",67,512.229,397.647,3.39,2.26,-11378605,"Medusa Cell","Medusa Cell"
"1036","MC10",68,512.229,396.291,1.356,0.904,-11641764,"Medusa Cell","Medusa Cell"
"1037","MC10",69,510.873,396.969,1.516,1.011,-11184298,"Medusa Cell","Medusa Cell"
"1038","MC10",70,512.907,396.969,2.034,1.356,-10459550,"Medusa Cell","Medusa Cell"
"1039","MC10",71,507.483,393.24,6.582,4.388,-10389917,"Medusa Cell","Medusa Cell"
"1040","MC10",72,503.754,391.884,3.968,2.645,-12886941,"Medusa Cell","Medusa Cell"
"1041","MC10",73,506.466,394.257,3.604,2.402,-10849710,"Medusa Cell","Medusa Cell"
"1042","MC10",74,505.788,394.257,0.678,0.452,-11637929,"Medusa Cell","Medusa Cell"
"1043","MC10",75,505.11,391.884,2.468,1.645,-12626592,"Medusa Cell","Medusa Cell"
"1044","MC10",76,501.72,389.85,3.953,2.636,-11508125,"Medusa Cell","Medusa Cell"
"1045","MC10",77,503.754,389.85,2.034,1.356,-11441828,"Medusa Cell","Medusa Cell"
"1046","MC10",78,495.957,384.087,9.696,6.464,-10522782,"Medusa Cell","Medusa Cell"
"1047","MC10",79,488.16,382.053,8.058,5.372,-12360874,"Medusa Cell","Medusa Cell"
"1048","MC10",80,466.125,376.968,22.614,15.076,-11511196,"Medusa Cell","Medusa Cell"
"1049","MC10",81,475.956,381.375,10.774,7.182,-9668492,"Medusa Cell","Medusa Cell"
"1050","MC10",82,471.21,378.324,5.642,3.761,-11312798,"Medusa Cell","Medusa Cell"
"1051","MC10",83,465.447,371.205,9.159,6.106,-12756141,"Medusa Cell","Medusa Cell"
"1052","MC10",84,461.718,358.662,13.086,8.724,-11444385,"Medusa Cell","Medusa Cell"
"1053","MC10",85,459.684,354.933,4.248,2.832,-12297641,"Medusa Cell","Medusa Cell"
"1054","MC10",86,453.243,343.746,12.909,8.606,-12364724,"Medusa Cell","Medusa Cell"
"1055","MC10",87,451.209,339.339,4.854,3.236,-11836573,"Medusa Cell","Medusa Cell"
"1056","MC10",88,452.565,336.627,3.032,2.021,-12367260,"Medusa Cell","Medusa Cell"
"1057","MC10",89,451.209,340.695,4.288,2.859,-13217438,"Medusa Cell","Medusa Cell"
"1058","MC10",90,453.243,339.339,2.445,1.63,-11120029,"Medusa Cell","Medusa Cell"
"1059","MC10",91,452.565,337.983,1.516,1.011,-12428706,"Medusa Cell","Medusa Cell"
"1060","MC10",92,452.565,340.695,2.712,1.808,-11443606,"Medusa Cell","Medusa Cell"
"1061","MC10",93,453.243,334.254,6.477,4.318,-9866128,"Medusa Cell","Medusa Cell"
"1062","MC10",94,454.599,308.151,26.138,17.425,-10589093,"Medusa Cell","Medusa Cell"
"1063","MC10",95,465.447,278.997,31.107,20.738,-10260878,"Medusa Cell","Medusa Cell"
"1064","MC10",96,496.635,254.928,39.396,26.264,-11118238,"Medusa Cell","Medusa Cell"
"1065","MC10",97,525.111,247.809,29.352,19.568,-11644331,"Medusa Cell","Medusa Cell"
"1066","MC10",98,575.622,234.249,52.299,34.866,-10524309,"Medusa Cell","Medusa Cell"
"1067","MC10",99,606.132,199.332,46.369,30.912,-12102055,"Medusa Cell","Medusa Cell"
"1068","MC10",100,633.252,190.857,28.413,18.942,-12562105,"Medusa Cell","Medusa Cell"
"1069","MC10",101,641.727,192.891,8.716,5.81,-10984609,"Medusa Cell","Medusa Cell"
"1070","MC10",102,649.524,200.01,10.558,7.039,-10916508,"Medusa Cell","Medusa Cell"
"1071","MC10",103,665.118,209.163,18.082,12.055,-11710115,"Medusa Cell","Medusa Cell"
"1072","MC10",104,667.152,208.485,2.144,1.429,-11247771,"Medusa Cell","Medusa Cell"
"1073","MC10",105,670.881,211.536,4.818,3.212,-11637125,"Medusa Cell","Medusa Cell"
"1074","MC10",106,667.152,211.536,3.729,2.486,-10984852,"Medusa Cell","Medusa Cell"
"1075","MC10",107,663.762,211.536,3.39,2.26,-10264971,"Medusa Cell","Medusa Cell"
"1076","MC10",108,668.508,212.892,4.936,3.291,-12364698,"Medusa Cell","Medusa Cell"
"1077","MC10",109,668.508,211.536,1.356,0.904,-11116949,"Medusa Cell","Medusa Cell"
"1078","MC10",110,672.915,214.926,5.56,3.707,-11447457,"Medusa Cell","Medusa Cell"
"1079","MC10",111,669.525,207.807,7.885,5.257,-10656145,"Medusa Cell","Medusa Cell"
"1080","MC10",112,694.272,213.57,25.409,16.939,-11971496,"Medusa Cell","Medusa Cell"
"1081","MC10",113,724.782,219.333,31.05,20.7,-11773341,"Medusa Cell","Medusa Cell"
"1082","MC10",114,746.817,225.774,22.957,15.305,-13025734,"Medusa Cell","Medusa Cell"
"1083","MC10",115,775.293,238.995,31.395,20.93,-11905965,"Medusa Cell","Medusa Cell"
"1084","MC10",116,790.209,250.521,18.85,12.567,-11246756,"Medusa Cell","Medusa Cell"
"1085","MC10",117,815.634,273.234,34.093,22.728,-11248294,"Medusa Cell","Medusa Cell"
"1086","MC10",118,828.516,288.828,20.227,13.484,-11640233,"Medusa Cell","Medusa Cell"
"1087","MC10",119,854.958,312.219,35.303,23.535,-11773086,"Medusa Cell","Medusa Cell"
"1088","MC10",120,865.467,330.186,20.815,13.876,-15124653,"Medusa Cell","Medusa Cell"
"1089","MC11",2,622.404,253.233,7.826,5.218,-7365254,"Medusa Cell","Medusa Cell"
"1090","MC11",3,621.726,249.165,4.124,2.749,-7561863,"Medusa Cell","Medusa Cell"
"1091","MC11",4,617.319,252.555,5.56,3.707,-11046305,"Medusa Cell","Medusa Cell"
"1092","MC11",5,611.217,253.233,6.14,4.093,-10979463,"Medusa Cell","Medusa Cell"
"1093","MC11",6,612.573,249.843,3.651,2.434,-11308699,"Medusa Cell","Medusa Cell"
"1094","MC11",7,616.641,251.877,4.548,3.032,-10528939,"Medusa Cell","Medusa Cell"
"1095","MC11",8,619.014,253.233,2.733,1.822,-11182250,"Medusa Cell","Medusa Cell"
"1096","MC11",9,623.082,251.877,4.288,2.859,-9601704,"Medusa Cell","Medusa Cell"
"1097","MC11",10,623.76,249.843,2.144,1.429,-11179169,"Medusa Cell","Medusa Cell"
"1098","MC11",11,623.76,247.809,2.034,1.356,-9600413,"Medusa Cell","Medusa Cell"
"1099","MC11",12,626.133,234.249,13.766,9.177,-9005719,"Medusa Cell","Medusa Cell"
"1100","MC11",13,626.811,227.808,6.477,4.318,-12226966,"Medusa Cell","Medusa Cell"
"1101","MC11",14,623.76,226.452,3.339,2.226,-9930884,"Medusa Cell","Medusa Cell"
"1102","MC11",15,622.404,227.13,1.516,1.011,-13743530,"Medusa Cell","Medusa Cell"
"1103","MC11",16,623.76,228.486,1.918,1.278,-9477516,"Medusa Cell","Medusa Cell"
"1104","MC11",17,623.76,230.52,2.034,1.356,-10061191,"Medusa Cell","Medusa Cell"
"1105","MC11",18,623.082,229.164,1.516,1.011,-11640231,"Medusa Cell","Medusa Cell"
"1106","MC11",19,621.048,231.198,2.877,1.918,-10260110,"Medusa Cell","Medusa Cell"
"1107","MC11",20,619.692,230.52,1.516,1.011,-9337219,"Medusa Cell","Medusa Cell"
"1108","MC11",21,617.319,229.842,2.468,1.645,-10652564,"Medusa Cell","Medusa Cell"
"1109","MC11",22,617.319,229.164,0.678,0.452,-9929352,"Medusa Cell","Medusa Cell"
"1110","MC11",23,621.726,231.876,5.175,3.45,-9798799,"Medusa Cell","Medusa Cell"
"1111","MC11",24,621.048,230.52,1.516,1.011,-9009028,"Medusa Cell","Medusa Cell"
"1112","MC11",25,621.048,231.876,1.356,0.904,-8876676,"Medusa Cell","Medusa Cell"
"1113","MC11",26,620.37,235.605,3.79,2.527,-8809867,"Medusa Cell","Medusa Cell"
"1114","MC11",27,620.37,237.639,2.034,1.356,-9073530,"Medusa Cell","Medusa Cell"
"1115","MC11",28,618.336,238.995,2.445,1.63,-8746889,"Medusa Cell","Medusa Cell"
"1116","MC11",29,619.014,238.317,0.959,0.639,-9272461,"Medusa Cell","Medusa Cell"
"1117","MC11",30,618.336,238.995,0.959,0.639,-9205655,"Medusa Cell","Medusa Cell"
"1118","MC11",31,618.336,238.995,0,0,-8810119,"Medusa Cell","Medusa Cell"
"1119","MC11",32,619.014,240.012,1.222,0.815,-8877456,"Medusa Cell","Medusa Cell"
"1120","MC11",33,619.692,241.368,1.516,1.011,-10257306,"Medusa Cell","Medusa Cell"
"1121","MC11",34,619.692,243.402,2.034,1.356,-8812427,"Medusa Cell","Medusa Cell"
"1122","MC11",35,620.37,243.402,0.678,0.452,-8483967,"Medusa Cell","Medusa Cell"
"1123","MC11",36,620.37,242.046,1.356,0.904,-9401743,"Medusa Cell","Medusa Cell"
"1124","MC11",37,621.048,240.69,1.516,1.011,-9335184,"Medusa Cell","Medusa Cell"
"1125","MC11",38,622.404,238.995,2.171,1.447,-8154250,"Medusa Cell","Medusa Cell"
"1126","MC11",39,623.082,238.995,0.678,0.452,-9204368,"Medusa Cell","Medusa Cell"
"1127","MC11",40,623.76,238.317,0.959,0.639,-9008530,"Medusa Cell","Medusa Cell"
"1128","MC11",41,622.404,238.995,1.516,1.011,-8746119,"Medusa Cell","Medusa Cell"
"1129","MC11",42,623.76,237.639,1.918,1.278,-10387095,"Medusa Cell","Medusa Cell"
"1130","MC11",43,622.404,238.317,1.516,1.011,-11703974,"Medusa Cell","Medusa Cell"
"1131","MC11",44,622.404,238.317,0,0,-10914206,"Medusa Cell","Medusa Cell"
"1132","MC11",45,622.404,237.639,0.678,0.452,-11768476,"Medusa Cell","Medusa Cell"
"1133","MC11",46,623.082,237.639,0.678,0.452,-10978194,"Medusa Cell","Medusa Cell"
"1134","MC11",47,622.404,237.639,0.678,0.452,-12097441,"Medusa Cell","Medusa Cell"
"1135","MC11",48,621.726,238.317,0.959,0.639,-10518930,"Medusa Cell","Medusa Cell"
"1136","MC11",49,619.692,242.046,4.248,2.832,-10388640,"Medusa Cell","Medusa Cell"
"1137","MC11",50,618.336,241.368,1.516,1.011,-9926541,"Medusa Cell","Medusa Cell"
"1138","MC11",51,617.319,244.758,3.539,2.36,-10194056,"Medusa Cell","Medusa Cell"
"1139","MC11",52,615.963,242.724,2.445,1.63,-9600138,"Medusa Cell","Medusa Cell"
"1140","MC11",53,615.285,240.69,2.144,1.429,-9665417,"Medusa Cell","Medusa Cell"
"1141","MC11",54,614.607,241.368,0.959,0.639,-10853779,"Medusa Cell","Medusa Cell"
"1142","MC11",55,614.607,241.368,0,0,-9864311,"Medusa Cell","Medusa Cell"
"1143","MC11",56,617.319,244.758,4.341,2.894,-10588826,"Medusa Cell","Medusa Cell"
"1144","MC11",57,617.319,246.114,1.356,0.904,-10721186,"Medusa Cell","Medusa Cell"
"1145","MC11",58,617.319,246.114,0,0,-13161137,"Medusa Cell","Medusa Cell"
"1146","MC11",59,617.319,243.402,2.712,1.808,-10987171,"Medusa Cell","Medusa Cell"
"1147","MC11",60,615.963,242.046,1.918,1.278,-10329240,"Medusa Cell","Medusa Cell"
"1148","MC11",61,614.607,238.995,3.339,2.226,-9995923,"Medusa Cell","Medusa Cell"
"1149","MC11",62,613.929,238.995,0.678,0.452,-10785172,"Medusa Cell","Medusa Cell"
"1150","MC11",63,612.573,240.012,1.695,1.13,-9338508,"Medusa Cell","Medusa Cell"
"1151","MC11",64,612.573,240.69,0.678,0.452,-9536914,"Medusa Cell","Medusa Cell"
"1152","MC11",65,611.217,243.402,3.032,2.021,-9730461,"Medusa Cell","Medusa Cell"
"1153","MC11",66,610.539,244.758,1.516,1.011,-10652564,"Medusa Cell","Medusa Cell"
"1154","MC11",67,611.895,244.758,1.356,0.904,-9993355,"Medusa Cell","Medusa Cell"
"1155","MC11",68,620.37,242.724,8.716,5.81,-11182503,"Medusa Cell","Medusa Cell"
"1156","MC11",69,625.455,242.724,5.085,3.39,-11641009,"Medusa Cell","Medusa Cell"
"1157","MC11",70,626.811,244.08,1.918,1.278,-10523801,"Medusa Cell","Medusa Cell"
"1158","MC11",71,626.133,245.436,1.516,1.011,-9598344,"Medusa Cell","Medusa Cell"
"1159","MC11",72,625.455,245.436,0.678,0.452,-9665954,"Medusa Cell","Medusa Cell"
"1160","MC11",73,626.133,246.114,0.959,0.639,-9667724,"Medusa Cell","Medusa Cell"
"1161","MC11",74,626.133,246.114,0,0,-9731985,"Medusa Cell","Medusa Cell"
"1162","MC11",75,626.133,245.436,0.678,0.452,-9669529,"Medusa Cell","Medusa Cell"
"1163","MC11",76,626.133,245.436,0,0,-12427946,"Medusa Cell","Medusa Cell"
"1164","MC11",77,626.811,245.436,0.678,0.452,-9997463,"Medusa Cell","Medusa Cell"
"1165","MC11",78,626.811,245.436,0,0,-11509146,"Medusa Cell","Medusa Cell"
"1166","MC11",79,626.133,245.436,0.678,0.452,-11576209,"Medusa Cell","Medusa Cell"
"1167","MC11",80,626.811,246.114,0.959,0.639,-10193302,"Medusa Cell","Medusa Cell"
"1168","MC11",81,626.811,246.114,0,0,-9272461,"Medusa Cell","Medusa Cell"
"1169","MC11",82,626.133,246.114,0.678,0.452,-8877192,"Medusa Cell","Medusa Cell"
"1170","MC11",83,625.455,247.131,1.222,0.815,-9795197,"Medusa Cell","Medusa Cell"
"1171","MC11",84,626.133,246.114,1.222,0.815,-8812429,"Medusa Cell","Medusa Cell"
"1172","MC11",85,626.133,246.114,0,0,-9010568,"Medusa Cell","Medusa Cell"
"1173","MC11",86,626.133,246.114,0,0,-10060427,"Medusa Cell","Medusa Cell"
"1174","MC11",87,626.133,245.436,0.678,0.452,-10588311,"Medusa Cell","Medusa Cell"
"1175","MC11",88,626.133,245.436,0,0,-9930381,"Medusa Cell","Medusa Cell"
"1176","MC11",89,626.133,246.114,0.678,0.452,-9733517,"Medusa Cell","Medusa Cell"
"1177","MC11",90,625.455,246.114,0.678,0.452,-9534345,"Medusa Cell","Medusa Cell"
"1178","MC11",91,625.455,245.436,0.678,0.452,-9929631,"Medusa Cell","Medusa Cell"
"1179","MC11",92,623.76,245.436,1.695,1.13,-10123422,"Medusa Cell","Medusa Cell"
"1180","MC11",93,623.76,245.436,0,0,-10983596,"Medusa Cell","Medusa Cell"
"1181","MC11",94,623.76,245.436,0,0,-11114414,"Medusa Cell","Medusa Cell"
"1182","MC11",95,623.76,245.436,0,0,-10724760,"Medusa Cell","Medusa Cell"
"1183","MC11",96,623.76,246.114,0.678,0.452,-12627880,"Medusa Cell","Medusa Cell"
"1184","MC11",97,623.76,246.114,0,0,-11508374,"Medusa Cell","Medusa Cell"
"1185","MC11",98,625.455,247.131,1.977,1.318,-10457228,"Medusa Cell","Medusa Cell"
"1186","MC11",99,625.455,248.487,1.356,0.904,-10587284,"Medusa Cell","Medusa Cell"
"1187","MC11",100,625.455,247.809,0.678,0.452,-11640736,"Medusa Cell","Medusa Cell"
"1188","MC11",101,624.438,247.809,1.017,0.678,-10913937,"Medusa Cell","Medusa Cell"
"1189","MC11",102,624.438,247.131,0.678,0.452,-10125717,"Medusa Cell","Medusa Cell"
"1190","MC11",103,624.438,247.131,0,0,-12099218,"Medusa Cell","Medusa Cell"
"1191","MC11",104,623.76,247.809,0.959,0.639,-9335950,"Medusa Cell","Medusa Cell"
"1192","MC11",105,623.76,249.165,1.356,0.904,-9798548,"Medusa Cell","Medusa Cell"
"1193","MC11",106,622.404,249.165,1.356,0.904,-10980259,"Medusa Cell","Medusa Cell"
"1194","MC11",107,623.76,248.487,1.516,1.011,-11309728,"Medusa Cell","Medusa Cell"
"1195","MC11",108,623.76,248.487,0,0,-10851242,"Medusa Cell","Medusa Cell"
"1196","MC11",109,624.438,248.487,0.678,0.452,-10587811,"Medusa Cell","Medusa Cell"
"1197","MC11",110,623.76,248.487,0.678,0.452,-11903387,"Medusa Cell","Medusa Cell"
"1198","MC11",111,623.76,248.487,0,0,-11839130,"Medusa Cell","Medusa Cell"
"1199","MC11",112,623.76,249.165,0.678,0.452,-11641253,"Medusa Cell","Medusa Cell"
"1200","MC11",113,624.438,250.521,1.516,1.011,-11506066,"Medusa Cell","Medusa Cell"
"1201","MC11",114,626.811,251.199,2.468,1.645,-10456725,"Medusa Cell","Medusa Cell"
"1202","MC11",115,625.455,251.877,1.516,1.011,-10194066,"Medusa Cell","Medusa Cell"
"1203","MC11",116,623.76,251.877,1.695,1.13,-9732237,"Medusa Cell","Medusa Cell"
"1204","MC11",117,624.438,251.877,0.678,0.452,-9995937,"Medusa Cell","Medusa Cell"
"1205","MC11",118,625.455,251.877,1.017,0.678,-10126481,"Medusa Cell","Medusa Cell"
"1206","MC11",119,624.438,252.555,1.222,0.815,-9995398,"Medusa Cell","Medusa Cell"
"1207","MC11",120,623.082,251.199,1.918,1.278,-10325903,"Medusa Cell","Medusa Cell"
"1208","MC11",121,622.404,250.521,0.959,0.639,-10454669,"Medusa Cell","Medusa Cell"
"1209","MC11",122,622.404,249.165,1.356,0.904,-9730696,"Medusa Cell","Medusa Cell"
"1210","MC11",123,621.726,249.165,0.678,0.452,-10387593,"Medusa Cell","Medusa Cell"
"1211","MC11",124,623.082,249.165,1.356,0.904,-10193306,"Medusa Cell","Medusa Cell"
"1212","MC11",125,624.438,248.487,1.516,1.011,-11375258,"Medusa Cell","Medusa Cell"
"1213","MC11",126,628.167,247.809,3.79,2.527,-12037273,"Medusa Cell","Medusa Cell"
"1214","MC11",127,628.845,244.08,3.79,2.527,-10070665,"Medusa Cell","Medusa Cell"
"1215","MC11",128,619.692,245.436,9.253,6.169,-9797768,"Medusa Cell","Medusa Cell"
"1216","MC11",129,619.014,246.114,0.959,0.639,-9931660,"Medusa Cell","Medusa Cell"
"1217","MC11",130,619.014,246.114,0,0,-11374733,"Medusa Cell","Medusa Cell"
"1218","MC11",131,617.319,245.436,1.826,1.217,-13028772,"Medusa Cell","Medusa Cell"
"1219","MC11",132,626.811,240.69,10.612,7.075,-10586017,"Medusa Cell","Medusa Cell"
"1220","MC11",133,626.811,241.368,0.678,0.452,-9664391,"Medusa Cell","Medusa Cell"
"1221","MC11",134,628.167,238.995,2.733,1.822,-10917288,"Medusa Cell","Medusa Cell"
"1222","MC11",135,630.201,238.995,2.034,1.356,-11708059,"Medusa Cell","Medusa Cell"
"1223","MC11",136,631.557,237.639,1.918,1.278,-12820394,"Medusa Cell","Medusa Cell"
"1224","MC11",137,634.608,236.961,3.125,2.084,-11116696,"Medusa Cell","Medusa Cell"
"1225","MC11",138,638.676,238.317,4.288,2.859,-12103595,"Medusa Cell","Medusa Cell"
"1226","MC11",139,641.727,235.605,4.082,2.721,-10984613,"Medusa Cell","Medusa Cell"
"1227","MC11",140,641.727,235.605,0,0,-10455960,"Medusa Cell","Medusa Cell"
"1228","MC11",141,641.049,235.605,0.678,0.452,-10259346,"Medusa Cell","Medusa Cell"
"1229","MC11",142,640.371,234.927,0.959,0.639,-10059398,"Medusa Cell","Medusa Cell"
"1230","MC11",143,638.676,235.605,1.826,1.217,-11574688,"Medusa Cell","Medusa Cell"
"1231","MC11",144,638.676,237.639,2.034,1.356,-9537692,"Medusa Cell","Medusa Cell"
"1232","MC11",145,638.676,238.317,0.678,0.452,-10194318,"Medusa Cell","Medusa Cell"
"1233","MC11",146,636.642,236.961,2.445,1.63,-12562612,"Medusa Cell","Medusa Cell"
"1234","MC11",147,636.642,234.249,2.712,1.808,-10590354,"Medusa Cell","Medusa Cell"
"1235","MC11",148,637.32,236.283,2.144,1.429,-11635357,"Medusa Cell","Medusa Cell"
"1236","MC11",149,633.93,231.876,5.56,3.707,-11706008,"Medusa Cell","Medusa Cell"
"1237","MC11",150,634.608,231.876,0.678,0.452,-12496043,"Medusa Cell","Medusa Cell"
"1238","MC11",151,634.608,232.893,1.017,0.678,-10916752,"Medusa Cell","Medusa Cell"
"1239","MC11",152,635.286,233.571,0.959,0.639,-10390405,"Medusa Cell","Medusa Cell"
"1240","MC12",2,714.273,84.072,16.926,11.284,-11389338,"Medusa Cell","Medusa Cell"
"1241","MC12",3,715.629,89.157,5.263,3.508,-12770238,"Medusa Cell","Medusa Cell"
"1242","MC12",4,717.663,91.869,3.39,2.26,-10928024,"Medusa Cell","Medusa Cell"
"1243","MC12",5,720.375,100.005,8.576,5.717,-11379880,"Medusa Cell","Medusa Cell"
"1244","MC12",6,734.613,125.43,29.14,19.427,-9802897,"Medusa Cell","Medusa Cell"
"1245","MC12",7,739.02,138.312,13.615,9.077,-9869192,"Medusa Cell","Medusa Cell"
"1246","MC12",8,746.139,162.381,25.1,16.733,-12307619,"Medusa Cell","Medusa Cell"
"1247","MC12",9,740.376,192.213,30.384,20.256,-9214085,"Medusa Cell","Medusa Cell"
"1248","MC12",10,727.494,227.808,37.854,25.236,-12304044,"Medusa Cell","Medusa Cell"
"1249","MC12",11,722.07,267.471,40.032,26.688,-11646627,"Medusa Cell","Medusa Cell"
"1250","MC12",12,701.391,308.151,45.634,30.423,-10717078,"Medusa Cell","Medusa Cell"
"1251","MC12",13,665.796,321.711,38.09,25.394,-9865627,"Medusa Cell","Medusa Cell"
"1252","MC12",14,621.726,328.83,44.641,29.761,-10458265,"Medusa Cell","Medusa Cell"
"1253","MC12",15,576.978,328.83,44.748,29.832,-10790813,"Medusa Cell","Medusa Cell"
"1254","MC12",16,529.179,323.067,48.145,32.097,-10783131,"Medusa Cell","Medusa Cell"
"1255","MC12",17,488.16,331.542,41.885,27.924,-10060186,"Medusa Cell","Medusa Cell"
"1256","MC12",18,475.278,319.338,17.745,11.83,-11045523,"Medusa Cell","Medusa Cell"
"1257","MC12",19,434.259,308.151,42.517,28.345,-10718619,"Medusa Cell","Medusa Cell"
"1258","MC12",20,417.648,305.1,16.889,11.259,-11572385,"Medusa Cell","Medusa Cell"
"1259","MC12",21,414.936,310.863,6.369,4.246,-9401226,"Medusa Cell","Medusa Cell"
"1260","MC12",22,417.648,317.982,7.618,5.079,-11443882,"Medusa Cell","Medusa Cell"
"1261","MC12",23,416.97,319.338,1.516,1.011,-10986919,"Medusa Cell","Medusa Cell"
"1262","MC12",24,390.867,323.745,26.472,17.648,-11709601,"Medusa Cell","Medusa Cell"
"1263","MC12",25,383.07,324.423,7.826,5.218,-11575719,"Medusa Cell","Medusa Cell"
"1264","MC12",26,393.579,314.592,14.391,9.594,-10788772,"Medusa Cell","Medusa Cell"
"1265","MC12",27,395.613,310.185,4.854,3.236,-11575719,"Medusa Cell","Medusa Cell"
"1266","MC12",28,390.189,311.541,5.591,3.727,-10456986,"Medusa Cell","Medusa Cell"
"1267","MC12",29,390.189,317.982,6.441,4.294,-11771820,"Medusa Cell","Medusa Cell"
"1268","MC12",30,385.782,323.745,7.255,4.837,-10256787,"Medusa Cell","Medusa Cell"
"1269","MC12",31,376.629,327.135,9.761,6.507,-11638693,"Medusa Cell","Medusa Cell"
"1270","MC12",32,376.629,328.83,1.695,1.13,-11114414,"Medusa Cell","Medusa Cell"
"1271","MC12",33,381.375,327.135,5.04,3.36,-10716827,"Medusa Cell","Medusa Cell"
"1272","MC12",34,382.053,322.389,4.794,3.196,-10258076,"Medusa Cell","Medusa Cell"
"1273","MC12",35,381.375,321.711,0.959,0.639,-10918054,"Medusa Cell","Medusa Cell"
"1274","MC12",36,375.951,321.711,5.424,3.616,-11769248,"Medusa Cell","Medusa Cell"
"1275","MC12",37,375.273,319.338,2.468,1.645,-11049878,"Medusa Cell","Medusa Cell"
"1276","MC12",38,374.256,321.033,1.977,1.318,-11641504,"Medusa Cell","Medusa Cell"
"1277","MC12",39,379.341,325.779,6.956,4.637,-12494249,"Medusa Cell","Medusa Cell"
"1278","MC12",40,380.697,330.864,5.263,3.508,-12427946,"Medusa Cell","Medusa Cell"
"1279","MC12",41,383.07,330.864,2.373,1.582,-10781840,"Medusa Cell","Medusa Cell"
"1280","MC12",42,378.663,329.508,4.611,3.074,-11439774,"Medusa Cell","Medusa Cell"
"1281","MC12",43,374.256,323.745,7.255,4.837,-10655387,"Medusa Cell","Medusa Cell"
"1282","MC12",44,371.544,326.457,3.835,2.557,-14006202,"Medusa Cell","Medusa Cell"
"1283","MC12",45,379.341,323.067,8.502,5.668,-11244699,"Medusa Cell","Medusa Cell"
"1284","MC12",46,385.104,325.779,6.369,4.246,-10721681,"Medusa Cell","Medusa Cell"
"1285","MC12",47,387.138,317.982,8.058,5.372,-11574177,"Medusa Cell","Medusa Cell"
"1286","MC12",48,383.07,312.219,7.054,4.703,-10989716,"Medusa Cell","Medusa Cell"
"1287","MC12",49,380.019,313.914,3.49,2.327,-10589075,"Medusa Cell","Medusa Cell"
"1288","MC12",50,379.341,315.948,2.144,1.429,-12692147,"Medusa Cell","Medusa Cell"
"1289","MC12",51,382.053,315.948,2.712,1.808,-10980508,"Medusa Cell","Medusa Cell"
"1290","MC12",52,382.053,315.948,0,0,-13017775,"Medusa Cell","Medusa Cell"
"1291","MC12",53,385.104,312.897,4.315,2.877,-12166829,"Medusa Cell","Medusa Cell"
"1292","MC12",54,385.782,315.948,3.125,2.084,-13545140,"Medusa Cell","Medusa Cell"
"1293","MC12",55,382.053,314.592,3.968,2.645,-11375260,"Medusa Cell","Medusa Cell"
"1294","MC12",56,383.07,312.219,2.582,1.721,-13479866,"Medusa Cell","Medusa Cell"
"1295","MC12",57,383.07,311.541,0.678,0.452,-9538181,"Medusa Cell","Medusa Cell"
"1296","MC12",58,384.426,309.507,2.445,1.63,-10722720,"Medusa Cell","Medusa Cell"
"1297","MC12",59,385.782,310.185,1.516,1.011,-11310730,"Medusa Cell","Medusa Cell"
"1298","MC12",60,385.782,310.863,0.678,0.452,-11641486,"Medusa Cell","Medusa Cell"
"1299","MC12",61,384.426,308.829,2.445,1.63,-11247281,"Medusa Cell","Medusa Cell"
"1300","MC12",62,385.104,312.219,3.457,2.305,-12693939,"Medusa Cell","Medusa Cell"
"1301","MC12",63,382.053,311.541,3.125,2.084,-11643032,"Medusa Cell","Medusa Cell"
"1302","MC12",64,385.782,312.897,3.968,2.645,-10655648,"Medusa Cell","Medusa Cell"
"1303","MC12",65,385.104,315.27,2.468,1.645,-10784655,"Medusa Cell","Medusa Cell"
"1304","MC12",66,387.816,310.863,5.175,3.45,-11507871,"Medusa Cell","Medusa Cell"
"1305","MC12",67,392.223,311.541,4.459,2.973,-11576235,"Medusa Cell","Medusa Cell"
"1306","MC12",68,392.223,315.27,3.729,2.486,-11444131,"Medusa Cell","Medusa Cell"
"1307","MC12",69,386.46,314.592,5.803,3.868,-12495029,"Medusa Cell","Medusa Cell"
"1308","MC12",70,387.138,315.948,1.516,1.011,-11244963,"Medusa Cell","Medusa Cell"
"1309","MC12",71,392.223,312.897,5.93,3.953,-12561048,"Medusa Cell","Medusa Cell"
"1310","MC12",72,392.223,313.914,1.017,0.678,-10584723,"Medusa Cell","Medusa Cell"
"1311","MC12",73,387.816,310.863,5.36,3.573,-12101788,"Medusa Cell","Medusa Cell"
"1312","MC12",74,388.494,310.185,0.959,0.639,-10655648,"Medusa Cell","Medusa Cell"
"1313","MC12",75,387.816,310.185,0.678,0.452,-10264453,"Medusa Cell","Medusa Cell"
"1314","MC12",76,386.46,307.473,3.032,2.021,-10459797,"Medusa Cell","Medusa Cell"
"1315","MC12",77,389.172,303.744,4.611,3.074,-11112349,"Medusa Cell","Medusa Cell"
"1316","MC12",78,390.189,305.1,1.695,1.13,-12037558,"Medusa Cell","Medusa Cell"
"1317","MC12",79,389.172,306.117,1.438,0.959,-11444901,"Medusa Cell","Medusa Cell"
"1318","MC12",80,388.494,305.1,1.222,0.815,-10918305,"Medusa Cell","Medusa Cell"
"1319","MC12",81,389.172,305.1,0.678,0.452,-11243674,"Medusa Cell","Medusa Cell"
"1320","MC12",82,390.867,306.795,2.397,1.598,-11903906,"Medusa Cell","Medusa Cell"
"1321","MC12",83,388.494,307.473,2.468,1.645,-11704752,"Medusa Cell","Medusa Cell"
"1322","MC12",84,388.494,306.795,0.678,0.452,-13287376,"Medusa Cell","Medusa Cell"
"1323","MC12",85,387.138,307.473,1.516,1.011,-11705254,"Medusa Cell","Medusa Cell"
"1324","MC12",86,387.816,308.151,0.959,0.639,-12361136,"Medusa Cell","Medusa Cell"
"1325","MC12",87,384.426,312.219,5.295,3.53,-12562336,"Medusa Cell","Medusa Cell"
"1326","MC12",88,382.053,315.27,3.865,2.577,-12761261,"Medusa Cell","Medusa Cell"
"1327","MC12",89,383.07,313.914,1.695,1.13,-10391948,"Medusa Cell","Medusa Cell"
"1328","MC12",90,383.07,315.27,1.356,0.904,-11836309,"Medusa Cell","Medusa Cell"
"1329","MC12",91,384.426,315.27,1.356,0.904,-10982818,"Medusa Cell","Medusa Cell"
"1330","MC12",92,386.46,315.27,2.034,1.356,-11642015,"Medusa Cell","Medusa Cell"
"1331","MC12",93,386.46,312.219,3.051,2.034,-11047825,"Medusa Cell","Medusa Cell"
"1332","MC12",94,386.46,312.897,0.678,0.452,-14205637,"Medusa Cell","Medusa Cell"
"1333","MC12",95,386.46,310.863,2.034,1.356,-12363180,"Medusa Cell","Medusa Cell"
"1334","MC12",96,385.782,310.185,0.959,0.639,-12560563,"Medusa Cell","Medusa Cell"
"1335","MC12",97,384.426,310.863,1.516,1.011,-10851737,"Medusa Cell","Medusa Cell"
"1336","MC12",98,385.782,310.185,1.516,1.011,-11769749,"Medusa Cell","Medusa Cell"
"1337","MC12",99,386.46,310.185,0.678,0.452,-11970970,"Medusa Cell","Medusa Cell"
"1338","MC12",100,387.138,311.541,1.516,1.011,-11704223,"Medusa Cell","Medusa Cell"
"1339","MC12",101,387.816,311.541,0.678,0.452,-11772308,"Medusa Cell","Medusa Cell"
"1340","MC12",102,387.138,312.219,0.959,0.639,-11111056,"Medusa Cell","Medusa Cell"
"1341","MC12",103,385.782,324.423,12.279,8.186,-12561066,"Medusa Cell","Medusa Cell"
"1342","MC12",104,387.138,326.457,2.445,1.63,-11114907,"Medusa Cell","Medusa Cell"
"1343","MC12",105,383.07,324.423,4.548,3.032,-10460551,"Medusa Cell","Medusa Cell"
"1344","MC12",106,385.782,328.152,4.611,3.074,-10323350,"Medusa Cell","Medusa Cell"
"1345","MC12",107,386.46,328.83,0.959,0.639,-12233114,"Medusa Cell","Medusa Cell"
"1346","MC12",108,387.138,330.186,1.516,1.011,-12295333,"Medusa Cell","Medusa Cell"
"1347","MC12",109,386.46,328.83,1.516,1.011,-11967146,"Medusa Cell","Medusa Cell"
"1348","MC12",110,386.46,330.186,1.356,0.904,-12699554,"Medusa Cell","Medusa Cell"
"1349","MC12",111,388.494,324.423,6.111,4.074,-10717076,"Medusa Cell","Medusa Cell"
"1350","MC12",112,387.816,325.101,0.959,0.639,-11708059,"Medusa Cell","Medusa Cell"
"1351","MC12",113,385.782,328.152,3.667,2.445,-12824244,"Medusa Cell","Medusa Cell"
"1352","MC12",114,382.053,327.135,3.865,2.577,-12564659,"Medusa Cell","Medusa Cell"
"1353","MC12",115,380.019,324.423,3.39,2.26,-12238502,"Medusa Cell","Medusa Cell"
"1354","MC12",116,378.663,327.135,3.032,2.021,-13622449,"Medusa Cell","Medusa Cell"
"1355","MC12",117,377.985,328.152,1.222,0.815,-11643557,"Medusa Cell","Medusa Cell"
"1356","MC12",118,380.697,328.83,2.795,1.864,-8290679,"Medusa Cell","Medusa Cell"
"1357","MC12",119,374.256,328.152,6.477,4.318,-10126220,"Medusa Cell","Medusa Cell"
"1358","MC12",120,375.273,325.779,2.582,1.721,-12036246,"Medusa Cell","Medusa Cell"
"1359","MC12",121,377.307,325.779,2.034,1.356,-10004363,"Medusa Cell","Medusa Cell"
"1360","MC12",122,382.053,326.457,4.794,3.196,-9075573,"Medusa Cell","Medusa Cell"
"1361","MC12",123,382.053,324.423,2.034,1.356,-9012864,"Medusa Cell","Medusa Cell"
"1362","MC12",124,384.426,325.779,2.733,1.822,-11705767,"Medusa Cell","Medusa Cell"
"1363","MC12",125,387.816,328.152,4.138,2.759,-12692133,"Medusa Cell","Medusa Cell"
"1364","MC12",126,390.189,327.135,2.582,1.721,-12561836,"Medusa Cell","Medusa Cell"
"1365","MC12",127,393.579,321.711,6.396,4.264,-10651286,"Medusa Cell","Medusa Cell"
"1366","MC12",128,393.579,318.66,3.051,2.034,-9994634,"Medusa Cell","Medusa Cell"
"1367","MC12",129,388.494,323.745,7.191,4.794,-10976913,"Medusa Cell","Medusa Cell"
"1368","MC12",130,390.867,319.338,5.005,3.337,-12827308,"Medusa Cell","Medusa Cell"
"1369","MC12",131,395.613,315.948,5.832,3.888,-12102312,"Medusa Cell","Medusa Cell"
"1370","MC12",132,397.986,317.304,2.733,1.822,-12890793,"Medusa Cell","Medusa Cell"
"1371","MC12",133,395.613,315.948,2.733,1.822,-12167058,"Medusa Cell","Medusa Cell"
"1372","MC12",134,395.613,317.982,2.034,1.356,-10914705,"Medusa Cell","Medusa Cell"
"1373","MC12",135,391.545,321.711,5.519,3.679,-10655110,"Medusa Cell","Medusa Cell"
"1374","MC12",136,392.223,323.067,1.516,1.011,-12624295,"Medusa Cell","Medusa Cell"
"1375","MC12",137,391.545,321.033,2.144,1.429,-10653067,"Medusa Cell","Medusa Cell"
"1376","MC12",138,392.223,318.66,2.468,1.645,-10916498,"Medusa Cell","Medusa Cell"
"1377","MC12",139,392.223,317.304,1.356,0.904,-9206142,"Medusa Cell","Medusa Cell"
"1378","MC12",140,390.867,317.304,1.356,0.904,-9534594,"Medusa Cell","Medusa Cell"
"1379","MC12",141,389.172,318.66,2.171,1.447,-10920837,"Medusa Cell","Medusa Cell"
"1380","MC12",142,389.172,319.338,0.678,0.452,-11176600,"Medusa Cell","Medusa Cell"
"1381","MC12",143,390.867,316.626,3.198,2.132,-11572637,"Medusa Cell","Medusa Cell"
"1382","MC12",144,391.545,314.592,2.144,1.429,-9868163,"Medusa Cell","Medusa Cell"
"1383","MC12",145,391.545,313.914,0.678,0.452,-11773598,"Medusa Cell","Medusa Cell"
"1384","MC12",146,390.189,312.897,1.695,1.13,-11776409,"Medusa Cell","Medusa Cell"
"1385","MC12",147,385.104,308.829,6.512,4.341,-11842743,"Medusa Cell","Medusa Cell"
"1386","MC12",148,382.053,306.795,3.667,2.445,-11309213,"Medusa Cell","Medusa Cell"
"1387","MC12",149,381.375,302.388,4.459,2.973,-11245465,"Medusa Cell","Medusa Cell"
"1388","MC12",150,382.053,303.066,0.959,0.639,-12293523,"Medusa Cell","Medusa Cell"
"1389","MC12",151,383.07,303.066,1.017,0.678,-12099492,"Medusa Cell","Medusa Cell"
"1390","MC12",152,384.426,304.422,1.918,1.278,-10982052,"Medusa Cell","Medusa Cell"
"1391","MC13",2,776.649,433.92,14.858,9.905,-11245214,"Medusa Cell","Medusa Cell"
"1392","MC13",3,773.259,419.004,15.296,10.198,-11377827,"Medusa Cell","Medusa Cell"
"1393","MC13",4,758.343,378.324,43.328,28.886,-12302765,"Medusa Cell","Medusa Cell"
"1394","MC13",5,763.767,372.9,7.671,5.114,-11706276,"Medusa Cell","Medusa Cell"
"1395","MC13",6,757.665,345.78,27.798,18.532,-9143660,"Medusa Cell","Medusa Cell"
"1396","MC13",7,753.258,299.676,46.314,30.876,-11837343,"Medusa Cell","Medusa Cell"
"1397","MC13",8,744.783,273.234,27.767,18.511,-10785174,"Medusa Cell","Medusa Cell"
"1398","MC13",9,717.663,285.438,29.739,19.826,-10720913,"Medusa Cell","Medusa Cell"
"1399","MC13",10,707.832,299.676,17.302,11.535,-10324361,"Medusa Cell","Medusa Cell"
"1400","MC13",11,697.662,302.388,10.525,7.017,-12362155,"Medusa Cell","Medusa Cell"
"1401","MC13",12,680.034,310.185,19.275,12.85,-12227974,"Medusa Cell","Medusa Cell"
"1402","MC13",13,671.559,312.219,8.716,5.81,-12625323,"Medusa Cell","Medusa Cell"
"1403","MC13",14,659.355,317.304,13.221,8.814,-11571867,"Medusa Cell","Medusa Cell"
"1404","MC13",15,653.592,321.711,7.255,4.837,-11306115,"Medusa Cell","Medusa Cell"
"1405","MC13",16,656.643,324.423,4.082,2.721,-10057339,"Medusa Cell","Medusa Cell"
"1406","MC13",17,663.084,330.864,9.109,6.073,-10656903,"Medusa Cell","Medusa Cell"
"1407","MC13",18,663.084,341.373,10.509,7.006,-11903920,"Medusa Cell","Medusa Cell"
"1408","MC13",19,660.033,338.661,4.082,2.721,-11570068,"Medusa Cell","Medusa Cell"
"1409","MC13",20,657.321,343.068,5.175,3.45,-9997678,"Medusa Cell","Medusa Cell"
"1410","MC13",21,659.355,345.102,2.877,1.918,-10454667,"Medusa Cell","Medusa Cell"
"1411","MC13",22,656.643,346.458,3.032,2.021,-10588044,"Medusa Cell","Medusa Cell"
"1412","MC13",23,652.914,345.78,3.79,2.527,-11707018,"Medusa Cell","Medusa Cell"
"1413","MC13",24,659.355,354.255,10.645,7.097,-11506315,"Medusa Cell","Medusa Cell"
"1414","MC13",25,670.203,350.187,11.586,7.724,-11047047,"Medusa Cell","Medusa Cell"
"1415","MC13",26,679.356,338.661,14.718,9.812,-11636623,"Medusa Cell","Medusa Cell"
"1416","MC13",27,679.356,339.339,0.678,0.452,-10917278,"Medusa Cell","Medusa Cell"
"1417","MC13",28,679.356,342.051,2.712,1.808,-10651283,"Medusa Cell","Medusa Cell"
"1418","MC13",29,682.746,352.221,10.72,7.147,-10387593,"Medusa Cell","Medusa Cell"
"1419","MC13",30,696.306,391.206,41.276,27.517,-12360097,"Medusa Cell","Medusa Cell"
"1420","MC13",31,694.95,424.089,32.911,21.941,-12626087,"Medusa Cell","Medusa Cell"
"1421","MC13",32,678,421.038,17.222,11.482,-10590366,"Medusa Cell","Medusa Cell"
"1422","MC13",33,667.152,419.682,10.932,7.288,-11373466,"Medusa Cell","Medusa Cell"
"1423","MC13",34,672.237,419.004,5.13,3.42,-10852746,"Medusa Cell","Medusa Cell"
"1424","MC13",35,672.237,416.292,2.712,1.808,-11377814,"Medusa Cell","Medusa Cell"
"1425","MC13",36,674.271,414.597,2.648,1.765,-9336439,"Medusa Cell","Medusa Cell"
"1426","MC13",37,677.322,415.275,3.125,2.084,-8941427,"Medusa Cell","Medusa Cell"
"1427","MC13",38,682.746,418.326,6.223,4.149,-13017246,"Medusa Cell","Medusa Cell"
"1428","MC13",39,686.475,419.682,3.968,2.645,-9865352,"Medusa Cell","Medusa Cell"
"1429","MC13",40,684.441,417.648,2.877,1.918,-11572637,"Medusa Cell","Medusa Cell"
"1430","MC13",41,680.034,419.004,4.611,3.074,-13285798,"Medusa Cell","Medusa Cell"
"1431","MC13",42,678,416.97,2.877,1.918,-11969188,"Medusa Cell","Medusa Cell"
"1432","MC13",43,678,412.563,4.407,2.938,-13092020,"Medusa Cell","Medusa Cell"
"1433","MC13",44,674.949,410.529,3.667,2.445,-12033439,"Medusa Cell","Medusa Cell"
"1434","MC13",45,671.559,409.851,3.457,2.305,-9469303,"Medusa Cell","Medusa Cell"
"1435","MC13",46,667.83,412.563,4.611,3.074,-9802871,"Medusa Cell","Medusa Cell"
"1436","MC13",47,669.525,411.207,2.171,1.447,-13227691,"Medusa Cell","Medusa Cell"
"1437","MC13",48,664.44,410.529,5.13,3.42,-11570847,"Medusa Cell","Medusa Cell"
"1438","MC13",49,652.236,413.919,12.666,8.444,-11311007,"Medusa Cell","Medusa Cell"
"1439","MC14",2,106.107,137.295,43.778,29.186,-10848146,"Medusa Cell","Medusa Cell"
"1440","MC14",3,155.262,137.295,49.155,32.77,-12562614,"Medusa Cell","Medusa Cell"
"1441","MC14",4,193.23,137.295,37.968,25.312,-9673070,"Medusa Cell","Medusa Cell"
"1442","MC14",5,225.435,153.567,36.082,24.055,-10782869,"Medusa Cell","Medusa Cell"
"1443","MC14",6,266.454,186.111,52.361,34.907,-11637654,"Medusa Cell","Medusa Cell"
"1444","MC14",7,303.405,217.299,48.354,32.236,-10783121,"Medusa Cell","Medusa Cell"
"1445","MC14",8,345.102,232.215,44.285,29.523,-11310745,"Medusa Cell","Medusa Cell"
"1446","MC14",9,393.918,230.181,48.858,32.572,-11634841,"Medusa Cell","Medusa Cell"
"1447","MC14",10,414.597,218.994,23.511,15.674,-10920835,"Medusa Cell","Medusa Cell"
"1448","MC14",11,429.513,208.824,18.053,12.035,-11437454,"Medusa Cell","Medusa Cell"
"1449","MC14",12,469.176,189.84,43.972,29.315,-10848639,"Medusa Cell","Medusa Cell"
"1450","MC14",13,481.38,193.23,12.666,8.444,-12166577,"Medusa Cell","Medusa Cell"
"1451","MC14",14,487.482,204.078,12.446,8.298,-11706274,"Medusa Cell","Medusa Cell"
"1452","MC14",15,525.111,230.859,46.186,30.791,-12231598,"Medusa Cell","Medusa Cell"
"1453","MC14",16,545.79,234.588,21.013,14.008,-12688548,"Medusa Cell","Medusa Cell"
"1454","MC14",17,572.571,238.656,27.088,18.059,-10521204,"Medusa Cell","Medusa Cell"
"1455","MC14",18,574.944,244.419,6.232,4.155,-11836547,"Medusa Cell","Medusa Cell"
"1456","MC14",19,572.571,243.741,2.468,1.645,-11442583,"Medusa Cell","Medusa Cell"
"1457","MC14",20,567.147,241.707,5.793,3.862,-12699294,"Medusa Cell","Medusa Cell"
"1458","MC14",21,570.537,242.385,3.457,2.305,-11185312,"Medusa Cell","Medusa Cell"
"1459","MC14",22,574.266,238.656,5.274,3.516,-10784665,"Medusa Cell","Medusa Cell"
"1460","MC14",23,569.859,247.131,9.552,6.368,-12238504,"Medusa Cell","Medusa Cell"
"1461","MC14",24,574.944,250.182,5.93,3.953,-9212786,"Medusa Cell","Medusa Cell"
"1462","MC14",25,570.537,258.657,9.552,6.368,-10131070,"Medusa Cell","Medusa Cell"
"1463","MC14",26,574.266,260.691,4.248,2.832,-11374991,"Medusa Cell","Medusa Cell"
"1464","MC14",27,571.215,266.454,6.521,4.347,-11373979,"Medusa Cell","Medusa Cell"
"1465","MC14",28,572.571,265.098,1.918,1.278,-11900062,"Medusa Cell","Medusa Cell"
"1466","MC14",29,572.571,267.132,2.034,1.356,-13610662,"Medusa Cell","Medusa Cell"
"1467","MC14",30,569.859,298.32,31.306,20.87,-10588298,"Medusa Cell","Medusa Cell"
"1468","MC14",31,572.571,317.304,19.177,12.784,-11049363,"Medusa Cell","Medusa Cell"
"1469","MC14",32,579.69,328.152,12.975,8.65,-9996140,"Medusa Cell","Medusa Cell"
"1470","MC14",33,582.063,334.593,6.864,4.576,-8618599,"Medusa Cell","Medusa Cell"
"1471","MC14",34,600.369,350.187,24.048,16.032,-9077644,"Medusa Cell","Medusa Cell"
"1472","MC14",35,623.76,372.9,32.604,21.736,-11767197,"Medusa Cell","Medusa Cell"
"1473","MC14",36,625.794,371.883,2.274,1.516,-11574431,"Medusa Cell","Medusa Cell"
"1474","MC14",37,628.167,373.578,2.916,1.944,-10914705,"Medusa Cell","Medusa Cell"
"1475","MC14",38,649.863,417.987,49.425,32.95,-10978968,"Medusa Cell","Medusa Cell"
"1476","MC14",39,671.22,459.345,46.547,31.031,-11831446,"Medusa Cell","Medusa Cell"
"1477","MC14",40,693.255,501.042,47.161,31.441,-10384772,"Medusa Cell","Medusa Cell"
"1478","MC14",41,706.815,542.739,43.846,29.231,-11835029,"Medusa Cell","Medusa Cell"
"1479","MC14",42,728.85,594.606,56.354,37.569,-12760493,"Medusa Cell","Medusa Cell"
"1480","MC14",43,730.206,603.081,8.583,5.722,-9996184,"Medusa Cell","Medusa Cell"
"1481","MC14",44,729.528,615.963,12.9,8.6,-10856606,"Medusa Cell","Medusa Cell"
"1482","MC14",45,732.24,634.269,18.506,12.337,-10132865,"Medusa Cell","Medusa Cell"
"1483","MC14",46,732.24,644.439,10.17,6.78,-11113353,"Medusa Cell","Medusa Cell"
"1484","MC15",2,173.229,105.768,16.034,10.689,-11246228,"Medusa Cell","Medusa Cell"
"1485","MC15",3,163.398,115.599,13.903,9.269,-10784922,"Medusa Cell","Medusa Cell"
"1486","MC15",4,157.635,112.548,6.521,4.347,-11647395,"Medusa Cell","Medusa Cell"
"1487","MC15",5,150.516,117.633,8.749,5.832,-10654114,"Medusa Cell","Medusa Cell"
"1488","MC15",6,143.397,119.667,7.404,4.936,-11777961,"Medusa Cell","Medusa Cell"
"1489","MC15",7,139.329,126.108,7.618,5.079,-12572582,"Medusa Cell","Medusa Cell"
"1490","MC15",8,130.176,129.837,9.883,6.589,-11523736,"Medusa Cell","Medusa Cell"
"1491","MC15",9,122.379,135.939,9.901,6.601,-10458006,"Medusa Cell","Medusa Cell"
"1492","MC15",10,114.582,140.346,8.956,5.971,-10461329,"Medusa Cell","Medusa Cell"
"1493","MC15",11,107.463,144.414,8.199,5.466,-11186869,"Medusa Cell","Medusa Cell"
"1494","MC15",12,103.734,146.787,4.42,2.947,-10651559,"Medusa Cell","Medusa Cell"
"1495","MC15",13,98.31,152.889,8.164,5.443,-10063511,"Medusa Cell","Medusa Cell"
"1496","MC15",14,91.191,157.974,8.749,5.832,-10720148,"Medusa Cell","Medusa Cell"
"1497","MC15",15,84.072,165.771,10.558,7.039,-11249064,"Medusa Cell","Medusa Cell"
"1498","MC15",16,73.563,171.534,11.985,7.99,-11574705,"Medusa Cell","Medusa Cell"
"1499","MC15",17,67.122,175.602,7.618,5.079,-11513247,"Medusa Cell","Medusa Cell"
"1500","MC15",18,54.918,180.687,13.221,8.814,-11840932,"Medusa Cell","Medusa Cell"
"1501","MC15",19,49.494,181.365,5.466,3.644,-12166065,"Medusa Cell","Medusa Cell"
"1502","MC15",20,53.562,183.399,4.548,3.032,-11116439,"Medusa Cell","Medusa Cell"
"1503","MC15",21,46.443,180.687,7.618,5.079,-10655638,"Medusa Cell","Medusa Cell"
"1504","MC15",22,39.324,175.602,8.749,5.832,-10259095,"Medusa Cell","Medusa Cell"
"1505","MC15",23,27.459,174.246,11.942,7.961,-11508386,"Medusa Cell","Medusa Cell"
"1506","MC15",24,18.984,176.28,8.716,5.81,-11250578,"Medusa Cell","Medusa Cell"
"1507","MC15",25,13.899,176.28,5.085,3.39,-10988697,"Medusa Cell","Medusa Cell"
"1508","MC15",26,9.153,174.246,5.163,3.442,-12699831,"Medusa Cell","Medusa Cell"
"1509","MC16",2,219.333,197.298,3.125,2.084,-11112084,"Medusa Cell","Medusa Cell"
"1510","MC16",3,223.062,195.264,4.248,2.832,-11442082,"Medusa Cell","Medusa Cell"
"1511","MC16",4,221.706,195.264,1.356,0.904,-11837844,"Medusa Cell","Medusa Cell"
"1512","MC16",5,217.977,195.942,3.79,2.527,-11898793,"Medusa Cell","Medusa Cell"
"1513","MC16",6,219.333,195.264,1.516,1.011,-10721952,"Medusa Cell","Medusa Cell"
"1514","MC16",7,219.333,190.857,4.407,2.938,-11779994,"Medusa Cell","Medusa Cell"
"1515","MC16",8,221.706,189.501,2.733,1.822,-10922401,"Medusa Cell","Medusa Cell"
"1516","MC16",9,223.062,188.823,1.516,1.011,-12368558,"Medusa Cell","Medusa Cell"
"1517","MC16",10,216.621,188.823,6.441,4.294,-10587525,"Medusa Cell","Medusa Cell"
"1518","MC16",11,216.621,191.535,2.712,1.808,-9936252,"Medusa Cell","Medusa Cell"
"1519","MC16",12,215.943,191.535,0.678,0.452,-12106403,"Medusa Cell","Medusa Cell"
"1520","MC16",13,215.265,191.535,0.678,0.452,-10262153,"Medusa Cell","Medusa Cell"
"1521","MC16",14,216.621,192.552,1.695,1.13,-11775643,"Medusa Cell","Medusa Cell"
"1522","MC16",15,215.265,190.857,2.171,1.447,-10526871,"Medusa Cell","Medusa Cell"
"1523","MC16",16,215.265,191.535,0.678,0.452,-10464910,"Medusa Cell","Medusa Cell"
"1524","MC16",17,215.943,193.23,1.826,1.217,-11113099,"Medusa Cell","Medusa Cell"
"1525","MC16",18,215.265,193.23,0.678,0.452,-9873302,"Medusa Cell","Medusa Cell"
"1526","MC16",19,213.231,194.586,2.445,1.63,-9739146,"Medusa Cell","Medusa Cell"
"1527","MC16",20,210.858,195.942,2.733,1.822,-10980486,"Medusa Cell","Medusa Cell"
"1528","MC16",21,208.824,195.264,2.144,1.429,-9862280,"Medusa Cell","Medusa Cell"
"1529","MC16",22,208.824,194.586,0.678,0.452,-9535874,"Medusa Cell","Medusa Cell"
"1530","MC16",23,206.79,197.976,3.953,2.636,-11448475,"Medusa Cell","Medusa Cell"
"1531","MC16",24,204.756,199.332,2.445,1.63,-10456211,"Medusa Cell","Medusa Cell"
"1532","MC16",25,206.79,197.976,2.445,1.63,-11180434,"Medusa Cell","Medusa Cell"
"1533","MC16",26,205.434,200.01,2.445,1.63,-9209730,"Medusa Cell","Medusa Cell"
"1534","MC16",27,203.061,203.061,3.865,2.577,-10987924,"Medusa Cell","Medusa Cell"
"1535","MC16",28,199.671,203.061,3.39,2.26,-9866132,"Medusa Cell","Medusa Cell"
"1536","MC16",29,193.908,204.417,5.92,3.947,-12296621,"Medusa Cell","Medusa Cell"
"1537","MC16",30,193.908,206.451,2.034,1.356,-11576740,"Medusa Cell","Medusa Cell"
"1538","MC16",31,190.518,206.451,3.39,2.26,-9996939,"Medusa Cell","Medusa Cell"
"1539","MC16",32,186.111,209.502,5.36,3.573,-12230569,"Medusa Cell","Medusa Cell"
"1540","MC16",33,187.806,206.451,3.49,2.327,-11114139,"Medusa Cell","Medusa Cell"
"1541","MC16",34,185.433,207.129,2.468,1.645,-11703194,"Medusa Cell","Medusa Cell"
"1542","MC16",35,183.399,209.502,3.125,2.084,-12570036,"Medusa Cell","Medusa Cell"
"1543","MC16",36,181.365,210.18,2.144,1.429,-10519448,"Medusa Cell","Medusa Cell"
"1544","MC16",37,177.636,216.282,7.151,4.767,-11520146,"Medusa Cell","Medusa Cell"
"1545","MC16",38,167.127,242.385,28.139,18.759,-11577239,"Medusa Cell","Medusa Cell"
"1546","MC16",39,164.415,250.86,8.898,5.932,-11184021,"Medusa Cell","Medusa Cell"
"1547","MC16",40,152.211,279.336,30.981,20.654,-11779493,"Medusa Cell","Medusa Cell"
"1548","MC16",41,134.583,296.964,24.93,16.62,-11641764,"Medusa Cell","Medusa Cell"
"1549","MC16",42,122.718,296.286,11.884,7.923,-11568535,"Medusa Cell","Medusa Cell"
"1550","MC16",43,109.836,296.286,12.882,8.588,-14399679,"Medusa Cell","Medusa Cell"
"1551","MC16",44,94.581,289.845,16.559,11.039,-11838127,"Medusa Cell","Medusa Cell"
"1552","MC16",45,69.834,270.183,31.607,21.071,-11770529,"Medusa Cell","Medusa Cell"
"1553","MC16",46,68.478,272.895,3.032,2.021,-13021851,"Medusa Cell","Medusa Cell"
"1554","MC16",47,64.749,267.81,6.306,4.204,-10848926,"Medusa Cell","Medusa Cell"
"1555","MC16",48,56.274,265.098,8.898,5.932,-11311007,"Medusa Cell","Medusa Cell"
"1556","MC16",49,55.596,265.098,0.678,0.452,-11115936,"Medusa Cell","Medusa Cell"
"1557","MC16",50,58.308,267.132,3.39,2.26,-10722971,"Medusa Cell","Medusa Cell"
"1558","MC16",51,64.071,270.183,6.521,4.347,-11641777,"Medusa Cell","Medusa Cell"
"1559","MC16",52,66.105,275.607,5.793,3.862,-10919060,"Medusa Cell","Medusa Cell"
"1560","MC16",53,67.461,277.302,2.171,1.447,-11054239,"Medusa Cell","Medusa Cell"
"1561","MC16",54,67.461,280.692,3.39,2.26,-10986154,"Medusa Cell","Medusa Cell"
"1562","MC16",55,67.461,280.692,0,0,-10658206,"Medusa Cell","Medusa Cell"
"1563","MC16",56,67.461,283.404,2.712,1.808,-10001826,"Medusa Cell","Medusa Cell"
"1564","MC16",57,66.783,286.455,3.125,2.084,-10981277,"Medusa Cell","Medusa Cell"
"1565","MC16",58,64.749,287.811,2.445,1.63,-10848916,"Medusa Cell","Medusa Cell"
"1566","MC16",59,63.393,287.133,1.516,1.011,-12360874,"Medusa Cell","Medusa Cell"
"1567","MC16",60,62.715,287.133,0.678,0.452,-12167856,"Medusa Cell","Medusa Cell"
"1568","MC16",61,62.715,287.133,0,0,-13156794,"Medusa Cell","Medusa Cell"
"1569","MC16",62,66.783,287.811,4.124,2.749,-11445673,"Medusa Cell","Medusa Cell"
"1570","MC16",63,63.393,291.201,4.794,3.196,-11049893,"Medusa Cell","Medusa Cell"
"1571","MC16",64,62.037,293.235,2.445,1.63,-9404299,"Medusa Cell","Medusa Cell"
"1572","MC16",65,68.478,292.557,6.477,4.318,-11044237,"Medusa Cell","Medusa Cell"
"1573","MC16",66,64.749,291.879,3.79,2.527,-9668240,"Medusa Cell","Medusa Cell"
"1574","MC16",67,62.037,287.811,4.889,3.259,-8811384,"Medusa Cell","Medusa Cell"
"1575","MC16",68,66.105,294.93,8.199,5.466,-10328223,"Medusa Cell","Medusa Cell"
"1576","MC16",69,70.512,295.608,4.459,2.973,-11383452,"Medusa Cell","Medusa Cell"
"1577","MC16",70,70.512,294.93,0.678,0.452,-9997704,"Medusa Cell","Medusa Cell"
"1578","MC16",71,71.19,298.32,3.457,2.305,-9608608,"Medusa Cell","Medusa Cell"
"1579","MC16",72,66.105,299.676,5.263,3.508,-9929615,"Medusa Cell","Medusa Cell"
"1580","MC16",73,73.224,299.676,7.119,4.746,-12764870,"Medusa Cell","Medusa Cell"
"1581","MC16",74,72.546,298.998,0.959,0.639,-11907503,"Medusa Cell","Medusa Cell"
"1582","MC16",75,66.105,296.964,6.755,4.503,-11045012,"Medusa Cell","Medusa Cell"
"1583","MC16",76,67.461,298.32,1.918,1.278,-11639720,"Medusa Cell","Medusa Cell"
"1584","MC16",77,67.461,294.93,3.39,2.26,-13285048,"Medusa Cell","Medusa Cell"
"1585","MC16",78,69.156,295.608,1.826,1.217,-11047574,"Medusa Cell","Medusa Cell"
"1586","MC16",79,66.105,293.235,3.865,2.577,-12168374,"Medusa Cell","Medusa Cell"
"1587","MC16",80,68.478,290.523,3.604,2.402,-10854817,"Medusa Cell","Medusa Cell"
"1588","MC16",81,66.783,289.167,2.171,1.447,-10060948,"Medusa Cell","Medusa Cell"
"1589","MC16",82,66.105,287.133,2.144,1.429,-12629662,"Medusa Cell","Medusa Cell"
"1590","MC16",83,71.19,284.76,5.611,3.741,-11374238,"Medusa Cell","Medusa Cell"
"1591","MC16",84,70.512,283.404,1.516,1.011,-12628409,"Medusa Cell","Medusa Cell"
"1592","MC16",85,71.868,284.76,1.918,1.278,-12695992,"Medusa Cell","Medusa Cell"
"1593","MC16",86,71.868,283.404,1.356,0.904,-11513515,"Medusa Cell","Medusa Cell"
"1594","MC16",87,72.546,287.133,3.79,2.527,-12498880,"Medusa Cell","Medusa Cell"
"1595","MC16",88,76.953,286.455,4.459,2.973,-11181731,"Medusa Cell","Medusa Cell"
"1596","MC16",89,75.936,286.455,1.017,0.678,-11249326,"Medusa Cell","Medusa Cell"
"1597","MC16",90,71.868,288.489,4.548,3.032,-12756913,"Medusa Cell","Medusa Cell"
"1598","MC16",91,72.546,288.489,0.678,0.452,-13217975,"Medusa Cell","Medusa Cell"
"1599","MC16",92,69.156,285.777,4.341,2.894,-11052966,"Medusa Cell","Medusa Cell"
"1600","MC16",93,68.478,288.489,2.795,1.864,-12563895,"Medusa Cell","Medusa Cell"
"1601","MC16",94,66.783,291.879,3.79,2.527,-10261391,"Medusa Cell","Medusa Cell"
"1602","MC16",95,65.427,291.201,1.516,1.011,-11781812,"Medusa Cell","Medusa Cell"
"1603","MC16",96,63.393,291.879,2.144,1.429,-10327974,"Medusa Cell","Medusa Cell"
"1604","MC16",97,65.427,291.201,2.144,1.429,-10065025,"Medusa Cell","Medusa Cell"
"1605","MC16",98,66.783,294.93,3.968,2.645,-11639744,"Medusa Cell","Medusa Cell"
"1606","MC16",99,68.478,300.354,5.683,3.788,-11179924,"Medusa Cell","Medusa Cell"
"1607","MC16",100,70.512,304.083,4.248,2.832,-9279106,"Medusa Cell","Medusa Cell"
"1608","MC16",101,67.461,304.761,3.125,2.084,-14135743,"Medusa Cell","Medusa Cell"
"1609","MC16",102,61.359,306.117,6.251,4.167,-11110548,"Medusa Cell","Medusa Cell"
"1610","MC16",103,52.884,302.727,9.128,6.085,-10002065,"Medusa Cell","Medusa Cell"
"1611","MC16",104,49.155,302.727,3.729,2.486,-10786446,"Medusa Cell","Medusa Cell"
"1612","MC16",105,47.121,300.354,3.125,2.084,-11836322,"Medusa Cell","Medusa Cell"
"1613","MC16",106,49.833,301.71,3.032,2.021,-10983081,"Medusa Cell","Medusa Cell"
"1614","MC16",107,52.884,304.083,3.865,2.577,-10128791,"Medusa Cell","Medusa Cell"
"1615","MC16",108,47.121,304.083,5.763,3.842,-10980250,"Medusa Cell","Medusa Cell"
"1616","MC16",109,44.409,302.727,3.032,2.021,-9271676,"Medusa Cell","Medusa Cell"
"1617","MC16",110,50.511,303.405,6.14,4.093,-11046819,"Medusa Cell","Medusa Cell"
"1618","MC16",111,49.833,302.727,0.959,0.639,-10593187,"Medusa Cell","Medusa Cell"
"1619","MC16",112,49.833,309.507,6.78,4.52,-10454669,"Medusa Cell","Medusa Cell"
"1620","MC16",113,54.918,308.151,5.263,3.508,-11843505,"Medusa Cell","Medusa Cell"
"1621","MC16",114,54.24,313.914,5.803,3.868,-10985878,"Medusa Cell","Medusa Cell"
"1622","MC16",115,52.206,314.592,2.144,1.429,-9993884,"Medusa Cell","Medusa Cell"
"1623","MC16",116,54.918,315.27,2.795,1.864,-9668749,"Medusa Cell","Medusa Cell"
"1624","MC16",117,55.596,319.338,4.124,2.749,-10789014,"Medusa Cell","Medusa Cell"
"1625","MC16",118,54.24,321.711,2.733,1.822,-11116173,"Medusa Cell","Medusa Cell"
"1626","MC16",119,48.477,319.338,6.232,4.155,-10785951,"Medusa Cell","Medusa Cell"
"1627","MC16",120,47.121,321.711,2.733,1.822,-9466258,"Medusa Cell","Medusa Cell"
"1628","MC16",121,46.443,324.423,2.795,1.864,-9405579,"Medusa Cell","Medusa Cell"
"1629","MC16",122,54.918,320.355,9.401,6.267,-10066867,"Medusa Cell","Medusa Cell"
"1630","MC16",123,55.596,320.355,0.678,0.452,-9206658,"Medusa Cell","Medusa Cell"
"1631","MC16",124,58.986,318.66,3.79,2.527,-13020320,"Medusa Cell","Medusa Cell"
"1632","MC16",125,62.715,317.982,3.79,2.527,-9928839,"Medusa Cell","Medusa Cell"
"1633","MC16",126,60.681,312.558,5.793,3.862,-11906992,"Medusa Cell","Medusa Cell"
"1634","MC16",127,63.393,310.185,3.604,2.402,-10847384,"Medusa Cell","Medusa Cell"
"1635","MC16",128,62.715,306.117,4.124,2.749,-10654869,"Medusa Cell","Medusa Cell"
"1636","MC16",129,64.071,307.473,1.918,1.278,-10653590,"Medusa Cell","Medusa Cell"
"1637","MC16",130,65.427,307.473,1.356,0.904,-12230565,"Medusa Cell","Medusa Cell"
"1638","MC16",131,61.359,306.117,4.288,2.859,-11972510,"Medusa Cell","Medusa Cell"
"1639","MC16",132,69.156,307.473,7.914,5.276,-10200986,"Medusa Cell","Medusa Cell"
"1640","MC16",133,67.461,306.795,1.826,1.217,-10524052,"Medusa Cell","Medusa Cell"
"1641","MC16",134,68.478,305.439,1.695,1.13,-11384486,"Medusa Cell","Medusa Cell"
"1642","MC16",135,68.478,306.117,0.678,0.452,-11243404,"Medusa Cell","Medusa Cell"
"1643","MC16",136,71.19,302.727,4.341,2.894,-12432045,"Medusa Cell","Medusa Cell"
"1644","MC16",137,92.208,304.083,21.062,14.041,-12033966,"Medusa Cell","Medusa Cell"
"1645","MC16",138,92.208,301.71,2.373,1.582,-10592913,"Medusa Cell","Medusa Cell"
"1646","MC16",139,93.903,304.083,2.916,1.944,-10585493,"Medusa Cell","Medusa Cell"
"1647","MC16",140,92.886,302.727,1.695,1.13,-12102579,"Medusa Cell","Medusa Cell"
"1648","MC16",141,95.259,302.727,2.373,1.582,-10981541,"Medusa Cell","Medusa Cell"
"1649","MC16",142,92.208,296.286,7.127,4.751,-10256009,"Medusa Cell","Medusa Cell"
"1650","MC16",143,93.903,296.964,1.826,1.217,-10784171,"Medusa Cell","Medusa Cell"
"1651","MC16",144,95.937,302.727,6.111,4.074,-11571867,"Medusa Cell","Medusa Cell"
"1652","MC16",145,93.903,299.676,3.667,2.445,-11770793,"Medusa Cell","Medusa Cell"
"1653","MC16",146,96.615,300.354,2.795,1.864,-11575717,"Medusa Cell","Medusa Cell"
"1654","MC16",147,95.259,296.964,3.651,2.434,-11048888,"Medusa Cell","Medusa Cell"
"1655","MC16",148,89.496,292.557,7.255,4.837,-10980248,"Medusa Cell","Medusa Cell"
"1656","MC16",149,89.496,294.93,2.373,1.582,-13217949,"Medusa Cell","Medusa Cell"
"1657","MC16",150,91.53,301.032,6.432,4.288,-10322320,"Medusa Cell","Medusa Cell"
"1658","MC16",151,90.852,301.71,0.959,0.639,-10256011,"Medusa Cell","Medusa Cell"
"1659","MC16",152,91.53,301.71,0.678,0.452,-11839417,"Medusa Cell","Medusa Cell"
"1660","MC16",153,94.581,305.439,4.818,3.212,-11972007,"Medusa Cell","Medusa Cell"
"1661","MC16",154,92.886,306.117,1.826,1.217,-11772837,"Medusa Cell","Medusa Cell"
"1662","MC16",155,96.615,306.795,3.79,2.527,-11243921,"Medusa Cell","Medusa Cell"
"1663","MC16",156,96.615,308.829,2.034,1.356,-10586017,"Medusa Cell","Medusa Cell"
"1664","MC16",157,97.293,311.88,3.125,2.084,-11901103,"Medusa Cell","Medusa Cell"
"1665","MC16",158,94.581,313.236,3.032,2.021,-12232099,"Medusa Cell","Medusa Cell"
"1666","MC16",159,95.937,315.948,3.032,2.021,-11967146,"Medusa Cell","Medusa Cell"
"1667","MC16",160,91.53,314.592,4.611,3.074,-11967120,"Medusa Cell","Medusa Cell"
"1668","MC16",161,88.818,328.83,14.494,9.663,-11313048,"Medusa Cell","Medusa Cell"
"1669","MC16",162,86.106,334.932,6.678,4.452,-13475230,"Medusa Cell","Medusa Cell"
"1670","MC16",163,83.733,329.508,5.92,3.947,-9664642,"Medusa Cell","Medusa Cell"
"1671","MC16",164,86.106,332.898,4.138,2.759,-10191761,"Medusa Cell","Medusa Cell"
"1672","MC16",165,86.106,330.186,2.712,1.808,-9338757,"Medusa Cell","Medusa Cell"
"1673","MC16",166,87.462,326.457,3.968,2.645,-10060942,"Medusa Cell","Medusa Cell"
"1674","MC16",167,88.14,325.101,1.516,1.011,-9207941,"Medusa Cell","Medusa Cell"
"1675","MC16",168,90.174,322.389,3.39,2.26,-11112599,"Medusa Cell","Medusa Cell"
"1676","MC16",169,91.53,328.83,6.582,4.388,-10321802,"Medusa Cell","Medusa Cell"
"1677","MC16",170,86.784,334.254,7.207,4.805,-11110544,"Medusa Cell","Medusa Cell"
"1678","MC16",171,83.733,334.932,3.125,2.084,-11504538,"Medusa Cell","Medusa Cell"
"1679","MC16",172,83.055,334.932,0.678,0.452,-10386574,"Medusa Cell","Medusa Cell"
"1680","MC16",173,81.021,332.898,2.877,1.918,-10652815,"Medusa Cell","Medusa Cell"
"1681","MC16",174,81.021,332.22,0.678,0.452,-10252668,"Medusa Cell","Medusa Cell"
"1682","MC16",175,82.377,331.542,1.516,1.011,-9733513,"Medusa Cell","Medusa Cell"
"1683","MC16",176,81.699,330.864,0.959,0.639,-9732237,"Medusa Cell","Medusa Cell"
"1684","MC16",177,80.343,328.83,2.445,1.63,-10330013,"Medusa Cell","Medusa Cell"
"1685","MC16",178,81.021,332.22,3.457,2.305,-11647654,"Medusa Cell","Medusa Cell"
"1686","MC16",179,83.055,330.864,2.445,1.63,-10916249,"Medusa Cell","Medusa Cell"
"1687","MC16",180,82.377,332.898,2.144,1.429,-10130331,"Medusa Cell","Medusa Cell"
"1688","MC16",181,80.343,328.83,4.548,3.032,-11314339,"Medusa Cell","Medusa Cell"
"1689","MC16",182,81.021,332.898,4.124,2.749,-12360346,"Medusa Cell","Medusa Cell"
"1690","MC17",2,562.74,270.183,7.618,5.079,-11902138,"Medusa Cell","Medusa Cell"
"1691","MC17",3,540.705,240.69,36.815,24.544,-10655136,"Medusa Cell","Medusa Cell"
"1692","MC17",4,532.23,192.213,49.212,32.808,-11841727,"Medusa Cell","Medusa Cell"
"1693","MC17",5,513.246,156.279,40.64,27.094,-10983079,"Medusa Cell","Medusa Cell"
"1694","MC17",6,492.228,123.735,38.741,25.827,-12297904,"Medusa Cell","Medusa Cell"
"1695","MC17",7,493.584,106.107,17.68,11.787,-12302263,"Medusa Cell","Medusa Cell"
"1696","MC17",8,489.516,82.377,24.076,16.051,-12172466,"Medusa Cell","Medusa Cell"
"1697","MC17",9,497.991,80.004,8.801,5.867,-12498602,"Medusa Cell","Medusa Cell"
"1698","MC17",10,507.822,73.902,11.571,7.714,-12631230,"Medusa Cell","Medusa Cell"
"1699","MC17",11,534.603,44.748,39.588,26.392,-12566723,"Medusa Cell","Medusa Cell"
"1700","MC17",12,573.249,25.086,43.36,28.907,-11450267,"Medusa Cell","Medusa Cell"
"1701","MC17",13,608.505,2.034,42.123,28.082,-11379872,"Medusa Cell","Medusa Cell"
"1702","MC18",2,247.47,337.644,7.079,4.719,-9338496,"Medusa Cell","Medusa Cell"
"1703","MC18",3,241.707,339,5.92,3.947,-11047845,"Medusa Cell","Medusa Cell"
"1704","MC18",4,211.536,334.254,30.542,20.361,-10853788,"Medusa Cell","Medusa Cell"
"1705","MC18",5,189.84,331.542,21.865,14.577,-12435119,"Medusa Cell","Medusa Cell"
"1706","MC18",6,160.008,321.711,31.41,20.94,-11503002,"Medusa Cell","Medusa Cell"
"1707","MC18",7,141.024,308.151,23.33,15.553,-10063771,"Medusa Cell","Medusa Cell"
"1708","MC18",8,127.125,285.777,26.34,17.56,-11908007,"Medusa Cell","Medusa Cell"
"1709","MC18",9,121.362,281.37,7.255,4.837,-10132632,"Medusa Cell","Medusa Cell"
"1710","MC18",10,110.853,276.624,11.531,7.687,-12696494,"Medusa Cell","Medusa Cell"
"1711","MC18",11,82.716,265.437,30.279,20.186,-10522004,"Medusa Cell","Medusa Cell"
"1712","MC18",12,82.716,266.793,1.356,0.904,-12295073,"Medusa Cell","Medusa Cell"
"1713","MC18",13,66.783,269.505,16.162,10.775,-11046552,"Medusa Cell","Medusa Cell"
"1714","MC18",14,51.189,272.217,15.828,10.552,-11840161,"Medusa Cell","Medusa Cell"
"1715","MC18",15,42.036,264.42,12.024,8.016,-11711398,"Medusa Cell","Medusa Cell"
"1716","MC18",16,15.933,249.165,30.234,20.156,-8555123,"Medusa Cell","Medusa Cell"
"1717","MC18",17,2.712,245.436,13.737,9.158,-11777959,"Medusa Cell","Medusa Cell"
"1718","MC19",2,166.788,565.791,46.959,31.306,-10718359,"Medusa Cell","Medusa Cell"
"1719","MC19",3,169.839,515.958,49.926,33.284,-9273215,"Medusa Cell","Medusa Cell"
"1720","MC19",4,161.364,460.362,56.238,37.492,-9543046,"Medusa Cell","Medusa Cell"
"1721","MC19",5,153.567,403.41,57.483,38.322,-9276285,"Medusa Cell","Medusa Cell"
"1722","MC19",6,145.77,374.595,29.851,19.901,-8160895,"Medusa Cell","Medusa Cell"
"1723","MC19",7,149.499,375.612,3.865,2.577,-7894910,"Medusa Cell","Medusa Cell"
"1724","MC19",8,139.668,357.306,20.779,13.853,-8027525,"Medusa Cell","Medusa Cell"
"1725","MC19",9,151.533,346.797,15.85,10.567,-8485758,"Medusa Cell","Medusa Cell"
"1726","MC19",10,151.533,336.288,10.509,7.006,-8224367,"Medusa Cell","Medusa Cell"
"1727","MC19",11,154.245,339,3.835,2.557,-9012361,"Medusa Cell","Medusa Cell"
"1728","MC19",12,154.923,343.068,4.124,2.749,-9933705,"Medusa Cell","Medusa Cell"
"1729","MC19",13,154.923,343.746,0.678,0.452,-10267024,"Medusa Cell","Medusa Cell"
"1730","MC19",14,164.076,334.593,12.944,8.63,-11313578,"Medusa Cell","Medusa Cell"
"1731","MC19",15,172.551,316.626,19.866,13.244,-10661260,"Medusa Cell","Medusa Cell"
"1732","MC19",16,166.788,308.151,10.249,6.833,-10914717,"Medusa Cell","Medusa Cell"
"1733","MC19",17,166.11,308.829,0.959,0.639,-12301500,"Medusa Cell","Medusa Cell"
"1734","MC19",18,166.788,308.829,0.678,0.452,-10195355,"Medusa Cell","Medusa Cell"
"1735","MC19",19,131.871,289.845,39.744,26.496,-9273732,"Medusa Cell","Medusa Cell"
"1736","MC19",20,104.412,262.386,38.833,25.889,-9865352,"Medusa Cell","Medusa Cell"
"1737","MC19",21,95.937,254.589,11.516,7.677,-9077127,"Medusa Cell","Medusa Cell"
"1738","MC19",22,86.106,241.368,16.476,10.984,-9208978,"Medusa Cell","Medusa Cell"
"1739","MC19",23,86.784,234.927,6.477,4.318,-8947857,"Medusa Cell","Medusa Cell"
"1740","MC19",24,82.038,212.553,22.872,15.248,-11970477,"Medusa Cell","Medusa Cell"
"1741","MC19",25,72.207,160.008,53.457,35.638,-10065299,"Medusa Cell","Medusa Cell"
"1742","MC19",26,72.207,113.565,46.443,30.962,-11046067,"Medusa Cell","Medusa Cell"
"1743","MC19",27,76.953,70.851,42.977,28.651,-9998746,"Medusa Cell","Medusa Cell"
"1744","MC19",28,83.394,30.849,40.517,27.011,-9341843,"Medusa Cell","Medusa Cell"
"1745","MC19",29,89.835,15.933,16.247,10.832,-11640750,"Medusa Cell","Medusa Cell"
"1746","MC19",30,89.157,8.814,7.151,4.767,-10984860,"Medusa Cell","Medusa Cell"
"1747","MC19",31,90.513,6.102,3.032,2.021,-10327182,"Medusa Cell","Medusa Cell"
"1748","MC19",32,87.462,1.356,5.642,3.761,-10656662,"Medusa Cell","Medusa Cell"
"1749","MC20",2,304.083,380.697,3.339,2.226,-8949387,"Medusa Cell","Medusa Cell"
"1750","MC20",3,302.727,380.019,1.516,1.011,-8619670,"Medusa Cell","Medusa Cell"
"1751","MC20",4,302.727,378.663,1.356,0.904,-10000024,"Medusa Cell","Medusa Cell"
"1752","MC20",5,301.371,382.053,3.651,2.434,-10132374,"Medusa Cell","Medusa Cell"
"1753","MC20",6,304.761,381.375,3.457,2.305,-9801366,"Medusa Cell","Medusa Cell"
"1754","MC20",7,303.405,383.07,2.171,1.447,-10264212,"Medusa Cell","Medusa Cell"
"1755","MC20",8,306.117,394.257,11.511,7.674,-9402499,"Medusa Cell","Medusa Cell"
"1756","MC20",9,308.829,424.428,30.293,20.195,-10522255,"Medusa Cell","Medusa Cell"
"1757","MC20",10,321.711,449.514,28.2,18.8,-9014396,"Medusa Cell","Medusa Cell"
"1758","MC20",11,323.067,450.192,1.516,1.011,-11772563,"Medusa Cell","Medusa Cell"
"1759","MC20",12,334.932,469.854,22.965,15.31,-11311256,"Medusa Cell","Medusa Cell"
"1760","MC20",13,335.61,469.176,0.959,0.639,-9931911,"Medusa Cell","Medusa Cell"
"1761","MC20",14,342.729,477.651,11.068,7.379,-11114141,"Medusa Cell","Medusa Cell"
"1762","MC20",15,362.391,509.178,37.156,24.77,-10326168,"Medusa Cell","Medusa Cell"
"1763","MC20",16,370.527,526.467,19.108,12.738,-10388874,"Medusa Cell","Medusa Cell"
"1764","MC20",17,384.087,536.976,17.156,11.437,-11510177,"Medusa Cell","Medusa Cell"
"1765","MC20",18,392.223,552.57,17.589,11.726,-11704985,"Medusa Cell","Medusa Cell"
"1766","MC20",19,403.749,570.198,21.062,14.041,-11771810,"Medusa Cell","Medusa Cell"
"1767","MC20",20,413.58,581.385,14.893,9.929,-9604241,"Medusa Cell","Medusa Cell"
"1768","MC20",21,416.292,593.25,12.171,8.114,-9403790,"Medusa Cell","Medusa Cell"
"1769","MC20",22,430.869,607.827,20.615,13.743,-10588824,"Medusa Cell","Medusa Cell"
"1770","MC20",23,440.7,619.692,15.409,10.272,-10585995,"Medusa Cell","Medusa Cell"
"1771","MC20",24,447.819,631.218,13.547,9.032,-12959658,"Medusa Cell","Medusa Cell"
"1772","MC20",25,453.243,642.405,12.433,8.288,-12229799,"Medusa Cell","Medusa Cell"
"1773","MC21",2,326.118,82.377,6.582,4.388,-10005650,"Medusa Cell","Medusa Cell"
"1774","MC21",3,326.118,85.089,2.712,1.808,-10860701,"Medusa Cell","Medusa Cell"
"1775","MC21",4,308.49,113.226,33.203,22.135,-10664098,"Medusa Cell","Medusa Cell"
"1776","MC21",5,302.049,155.94,43.197,28.798,-9345417,"Medusa Cell","Medusa Cell"
"1777","MC21",6,313.914,194.247,40.102,26.735,-9935245,"Medusa Cell","Medusa Cell"
"1778","MC21",7,323.745,245.436,52.124,34.75,-9077127,"Medusa Cell","Medusa Cell"
"1779","MC21",8,326.118,278.319,32.969,21.979,-11186327,"Medusa Cell","Medusa Cell"
"1780","MC21",9,337.983,311.202,34.958,23.305,-8947841,"Medusa Cell","Medusa Cell"
"1781","MC21",10,337.983,349.848,38.646,25.764,-9147536,"Medusa Cell","Medusa Cell"
"1782","MC21",11,330.864,353.916,8.199,5.466,-8362097,"Medusa Cell","Medusa Cell"
"1783","MC21",12,298.659,405.783,61.052,40.701,-11386515,"Medusa Cell","Medusa Cell"
"1784","MC21",13,276.963,446.463,46.104,30.736,-11516573,"Medusa Cell","Medusa Cell"
"1785","MC21",14,260.352,489.177,45.83,30.553,-8758679,"Medusa Cell","Medusa Cell"
"1786","MC21",15,240.012,537.993,52.884,35.256,-10201229,"Medusa Cell","Medusa Cell"
"1787","MC21",16,235.605,584.775,46.989,31.326,-9144464,"Medusa Cell","Medusa Cell"
"1788","MC21",17,215.943,606.471,29.28,19.52,-8623221,"Medusa Cell","Medusa Cell"
"1789","MC21",18,207.807,644.439,38.83,25.887,-11047057,"Medusa Cell","Medusa Cell"
"1790","MC22",2,22.035,416.631,26.522,17.682,-13227440,"Medusa Cell","Medusa Cell"
"1791","MC22",3,52.884,390.189,40.631,27.087,-11517878,"Medusa Cell","Medusa Cell"
"1792","MC22",4,52.884,392.223,2.034,1.356,-12499133,"Medusa Cell","Medusa Cell"
"1793","MC22",5,49.494,394.935,4.341,2.894,-13942725,"Medusa Cell","Medusa Cell"
"1794","MC22",6,64.071,383.07,18.795,12.53,-9737113,"Medusa Cell","Medusa Cell"
"1795","MC22",7,101.022,364.764,41.237,27.491,-8419209,"Medusa Cell","Medusa Cell"
"1796","MC22",8,124.752,361.374,23.971,15.981,-12432319,"Medusa Cell","Medusa Cell"
"1797","MC22",9,173.229,362.052,48.482,32.321,-9805203,"Medusa Cell","Medusa Cell"
"1798","MC22",10,211.536,341.712,43.372,28.915,-9803938,"Medusa Cell","Medusa Cell"
"1799","MC22",11,216.282,326.457,15.976,10.651,-9404041,"Medusa Cell","Medusa Cell"
"1800","MC22",12,233.232,306.117,26.477,17.651,-9143419,"Medusa Cell","Medusa Cell"
"1801","MC22",13,253.572,288.15,27.139,18.093,-9477257,"Medusa Cell","Medusa Cell"
"1802","MC22",14,286.455,255.267,46.504,31.002,-9940629,"Medusa Cell","Medusa Cell"
"1803","MC22",15,324.084,219.672,51.797,34.531,-11837099,"Medusa Cell","Medusa Cell"
"1804","MC22",16,354.255,178.314,51.193,34.129,-11379369,"Medusa Cell","Medusa Cell"
"1805","MC22",17,381.375,153.906,36.486,24.324,-8948108,"Medusa Cell","Medusa Cell"
"1806","MC22",18,409.173,132.888,34.849,23.233,-9476000,"Medusa Cell","Medusa Cell"
"1807","MC22",19,421.038,95.259,39.455,26.304,-8222618,"Medusa Cell","Medusa Cell"
"1808","MC22",20,405.783,61.02,37.484,24.989,-10330516,"Medusa Cell","Medusa Cell"
"1809","MC22",21,400.359,37.968,23.682,15.788,-9669286,"Medusa Cell","Medusa Cell"
"1810","MC22",22,391.206,8.475,30.881,20.587,-11909043,"Medusa Cell","Medusa Cell"
"1811","MC22",23,409.173,2.373,18.975,12.65,-9346433,"Medusa Cell","Medusa Cell"
"1812","MC23",2,127.125,90.852,5.803,3.868,-12037297,"Medusa Cell","Medusa Cell"
"1813","MC23",3,126.447,91.53,0.959,0.639,-10400410,"Medusa Cell","Medusa Cell"
"1814","MC23",4,125.769,94.92,3.457,2.305,-13157570,"Medusa Cell","Medusa Cell"
"1815","MC23",5,123.057,95.598,2.795,1.864,-13486288,"Medusa Cell","Medusa Cell"
"1816","MC23",6,124.413,94.242,1.918,1.278,-11193265,"Medusa Cell","Medusa Cell"
"1817","MC23",7,123.735,92.886,1.516,1.011,-12103352,"Medusa Cell","Medusa Cell"
"1818","MC23",8,125.091,96.276,3.651,2.434,-11446202,"Medusa Cell","Medusa Cell"
"1819","MC23",9,130.176,97.632,5.263,3.508,-10528706,"Medusa Cell","Medusa Cell"
"1820","MC23",10,136.278,126.786,29.786,19.857,-12036545,"Medusa Cell","Medusa Cell"
"1821","MC23",11,150.855,166.788,42.575,28.383,-8817294,"Medusa Cell","Medusa Cell"
"1822","MC23",12,160.008,206.451,40.705,27.137,-11906222,"Medusa Cell","Medusa Cell"
"1823","MC23",13,170.517,243.402,38.416,25.611,-10200224,"Medusa Cell","Medusa Cell"
"1824","MC23",14,190.518,263.403,28.286,18.857,-12034979,"Medusa Cell","Medusa Cell"
"1825","MC23",15,223.401,275.268,34.958,23.305,-10593424,"Medusa Cell","Medusa Cell"
"1826","MC23",16,243.741,286.455,23.213,15.476,-8882834,"Medusa Cell","Medusa Cell"
"1827","MC23",17,267.132,301.032,27.561,18.374,-12691647,"Medusa Cell","Medusa Cell"
"1828","MC23",18,276.963,320.694,21.983,14.655,-12830136,"Medusa Cell","Medusa Cell"
"1829","MC23",19,286.116,342.051,23.236,15.49,-11113640,"Medusa Cell","Medusa Cell"
"1830","MC23",20,297.303,372.9,32.815,21.877,-9860246,"Medusa Cell","Medusa Cell"
"1831","MC23",21,309.846,392.901,23.609,15.739,-12501950,"Medusa Cell","Medusa Cell"
"1832","MC23",22,312.558,401.376,8.898,5.932,-10788515,"Medusa Cell","Medusa Cell"
"1833","MC23",23,324.423,425.106,26.531,17.687,-11314865,"Medusa Cell","Medusa Cell"
"1834","MC23",24,342.39,449.514,30.308,20.205,-10657176,"Medusa Cell","Medusa Cell"
"1835","MC23",25,353.577,461.379,16.307,10.872,-10399145,"Medusa Cell","Medusa Cell"
"1836","MC23",26,372.561,490.533,34.79,23.193,-10589851,"Medusa Cell","Medusa Cell"
"1837","MC23",27,371.883,538.671,48.143,32.095,-9539996,"Medusa Cell","Medusa Cell"
"1838","MC23",28,367.476,577.656,39.233,26.156,-10392987,"Medusa Cell","Medusa Cell"
"1839","MC23",29,358.662,608.844,32.41,21.606,-11383720,"Medusa Cell","Medusa Cell"
"1840","MC23",30,327.135,643.083,46.543,31.029,-11380902,"Medusa Cell","Medusa Cell"
"1841","MC23",31,312.558,649.185,15.803,10.535,-8025718,"Medusa Cell","Medusa Cell"
"1842","MC24",2,364.764,561.384,3.39,2.26,-10596757,"Medusa Cell","Medusa Cell"
"1843","MC24",3,366.798,562.401,2.274,1.516,-11510694,"Medusa Cell","Medusa Cell"
"1844","MC24",4,365.442,567.147,4.936,3.291,-10652562,"Medusa Cell","Medusa Cell"
"1845","MC24",5,371.883,565.791,6.582,4.388,-10523045,"Medusa Cell","Medusa Cell"
"1846","MC24",6,400.359,567.825,28.549,19.032,-9010819,"Medusa Cell","Medusa Cell"
"1847","MC24",7,401.037,569.859,2.144,1.429,-11707303,"Medusa Cell","Medusa Cell"
"1848","MC24",8,401.715,567.825,2.144,1.429,-11054755,"Medusa Cell","Medusa Cell"
"1849","MC24",9,407.817,567.825,6.102,4.068,-9670034,"Medusa Cell","Medusa Cell"
"1850","MC24",10,431.547,563.757,24.076,16.051,-11711147,"Medusa Cell","Medusa Cell"
"1851","MC24",11,458.667,560.028,27.375,18.25,-12496043,"Medusa Cell","Medusa Cell"
"1852","MC24",12,475.617,557.994,17.072,11.381,-12232871,"Medusa Cell","Medusa Cell"
"1853","MC24",13,509.517,567.147,35.114,23.409,-10594966,"Medusa Cell","Medusa Cell"
"1854","MC24",14,529.857,590.199,30.743,20.495,-10390667,"Medusa Cell","Medusa Cell"
"1855","MC24",15,536.976,596.979,9.831,6.554,-8883087,"Medusa Cell","Medusa Cell"
"1856","MC24",16,554.265,617.997,27.215,18.143,-10527892,"Medusa Cell","Medusa Cell"
"1857","MC24",17,589.182,639.015,40.755,27.17,-9737357,"Medusa Cell","Medusa Cell"
"1858","MC25",2,80.343,454.599,54.798,36.532,-10857127,"Medusa Cell","Medusa Cell"
"1859","MC25",3,106.107,440.022,29.602,19.735,-10591136,"Medusa Cell","Medusa Cell"
"1860","MC25",4,151.533,426.123,47.505,31.67,-12561326,"Medusa Cell","Medusa Cell"
"1861","MC25",5,203.739,411.546,54.203,36.135,-9738897,"Medusa Cell","Medusa Cell"
"1862","MC25",6,258.657,387.138,60.098,40.065,-11908282,"Medusa Cell","Medusa Cell"
"1863","MC25",7,311.202,362.052,58.226,38.817,-11380650,"Medusa Cell","Medusa Cell"
"1864","MC25",8,351.543,323.745,55.631,37.087,-9344903,"Medusa Cell","Medusa Cell"
"1865","MC25",9,390.528,284.76,55.133,36.755,-10001825,"Medusa Cell","Medusa Cell"
"1866","MC25",10,431.547,250.182,53.649,35.766,-10523558,"Medusa Cell","Medusa Cell"
"1867","MC25",11,467.82,207.129,56.296,37.531,-9145741,"Medusa Cell","Medusa Cell"
"1868","MC25",12,504.771,181.365,45.046,30.031,-12432307,"Medusa Cell","Medusa Cell"
"1869","MC25",13,524.094,181.365,19.323,12.882,-12100774,"Medusa Cell","Medusa Cell"
"1870","MC25",14,567.147,169.5,44.658,29.772,-10523547,"Medusa Cell","Medusa Cell"
"1871","MC25",15,592.233,178.653,26.704,17.802,-10654619,"Medusa Cell","Medusa Cell"
"1872","MC25",16,612.573,197.298,27.593,18.395,-9735053,"Medusa Cell","Medusa Cell"
"1873","MC25",17,648.507,201.366,36.164,24.109,-8553841,"Medusa Cell","Medusa Cell"
"1874","MC25",18,661.728,205.095,13.737,9.158,-9737616,"Medusa Cell","Medusa Cell"
"1875","MC25",19,678.678,214.587,19.427,12.951,-9671313,"Medusa Cell","Medusa Cell"
"1876","MC25",20,698.001,238.317,30.602,20.401,-11243670,"Medusa Cell","Medusa Cell"
"1877","MC25",21,713.934,274.59,39.618,26.412,-11181477,"Medusa Cell","Medusa Cell"
"1878","MC25",22,726.477,294.591,23.609,15.739,-8617605,"Medusa Cell","Medusa Cell"
"1879","MC25",23,752.241,316.287,33.682,22.455,-10000539,"Medusa Cell","Medusa Cell"
"1880","MC25",24,760.716,326.796,13.501,9,-10916524,"Medusa Cell","Medusa Cell"
"1881","MC25",25,766.818,333.576,9.122,6.081,-10787741,"Medusa Cell","Medusa Cell"
"1882","MC25",26,788.514,352.221,28.607,19.071,-10000010,"Medusa Cell","Medusa Cell"
"1883","MC25",27,795.294,368.493,17.628,11.752,-10128792,"Medusa Cell","Medusa Cell"
"1884","MC25",28,814.956,396.291,34.049,22.699,-10000034,"Medusa Cell","Medusa Cell"
"1885","MC25",29,828.855,423.411,30.474,20.316,-11708324,"Medusa Cell","Medusa Cell"
"1886","MC25",30,833.601,428.835,7.207,4.805,-9735055,"Medusa Cell","Medusa Cell"
"1887","MC25",31,839.025,446.124,18.12,12.08,-9539734,"Medusa Cell","Medusa Cell"
"1888","MC25",32,860.721,480.363,40.534,27.023,-10001566,"Medusa Cell","Medusa Cell"
"1889","MC25",33,865.467,505.449,25.531,17.021,-13092281,"Medusa Cell","Medusa Cell"
"1890","MC26",2,65.088,201.027,1.695,1.13,-8421244,"Medusa Cell","Medusa Cell"
"1891","MC26",3,67.122,197.637,3.953,2.636,-8490619,"Medusa Cell","Medusa Cell"
"1892","MC26",4,73.224,187.467,11.86,7.907,-11640224,"Medusa Cell","Medusa Cell"
"1893","MC26",5,73.902,174.246,13.238,8.826,-9274245,"Medusa Cell","Medusa Cell"
"1894","MC26",6,77.97,165.093,10.016,6.678,-9211029,"Medusa Cell","Medusa Cell"
"1895","MC26",7,76.614,164.415,1.516,1.011,-10720159,"Medusa Cell","Medusa Cell"
"1896","MC26",8,85.767,154.245,13.682,9.122,-11048346,"Medusa Cell","Medusa Cell"
"1897","MC26",9,97.632,141.024,17.764,11.843,-11186592,"Medusa Cell","Medusa Cell"
"1898","MC26",10,105.09,131.871,11.807,7.871,-11119261,"Medusa Cell","Medusa Cell"
"1899","MC26",11,114.921,115.938,18.722,12.481,-11377562,"Medusa Cell","Medusa Cell"
"1900","MC26",12,118.989,109.836,7.334,4.889,-9997724,"Medusa Cell","Medusa Cell"
"1901","MC26",13,125.091,107.802,6.432,4.288,-12036011,"Medusa Cell","Medusa Cell"
"1902","MC26",14,129.498,100.005,8.956,5.971,-12434367,"Medusa Cell","Medusa Cell"
"1903","MC26",15,141.702,77.292,25.784,17.189,-9473429,"Medusa Cell","Medusa Cell"
"1904","MC26",16,146.787,69.495,9.309,6.206,-11969450,"Medusa Cell","Medusa Cell"
"1905","MC26",17,142.38,61.359,9.253,6.169,-13218224,"Medusa Cell","Medusa Cell"
"1906","MC26",18,136.278,52.206,11.001,7.334,-10789544,"Medusa Cell","Medusa Cell"
"1907","MC26",19,135.6,48.138,4.124,2.749,-10589863,"Medusa Cell","Medusa Cell"
"1908","MC26",20,131.532,32.205,16.444,10.963,-10786719,"Medusa Cell","Medusa Cell"
"1909","MC26",21,127.803,23.052,9.883,6.589,-11512988,"Medusa Cell","Medusa Cell"
"1910","MC26",22,122.379,7.119,16.831,11.221,-11775911,"Medusa Cell","Medusa Cell"
"1911","MC26",23,119.667,3.051,4.889,3.259,-9273991,"Medusa Cell","Medusa Cell"
"1912","MC27",2,375.612,29.154,7.054,4.703,-9412502,"Medusa Cell","Medusa Cell"
"1913","MC27",3,386.799,63.054,35.698,23.799,-10137992,"Medusa Cell","Medusa Cell"
"1914","MC27",4,386.121,86.106,23.062,15.375,-10724771,"Medusa Cell","Medusa Cell"
"1915","MC27",5,381.714,106.107,20.481,13.654,-11780263,"Medusa Cell","Medusa Cell"
"1916","MC27",6,385.443,129.498,23.686,15.791,-10662293,"Medusa Cell","Medusa Cell"
"1917","MC27",7,413.58,162.72,43.536,29.024,-9605270,"Medusa Cell","Medusa Cell"
"1918","MC27",8,453.921,179.331,43.627,29.085,-9277590,"Medusa Cell","Medusa Cell"
"1919","MC27",9,507.822,158.652,57.732,38.488,-9667991,"Medusa Cell","Medusa Cell"
"1920","MC27",10,508.5,141.363,17.302,11.535,-8752515,"Medusa Cell","Medusa Cell"
"1921","MC27",11,513.246,91.53,50.058,33.372,-10590356,"Medusa Cell","Medusa Cell"
"1922","MC27",12,516.636,86.106,6.396,4.264,-10789273,"Medusa Cell","Medusa Cell"
"1923","MC27",13,523.755,72.207,15.616,10.411,-10595493,"Medusa Cell","Medusa Cell"
"1924","MC27",14,526.467,72.207,2.712,1.808,-10661277,"Medusa Cell","Medusa Cell"
"1925","MC27",15,541.044,68.139,15.134,10.089,-9538454,"Medusa Cell","Medusa Cell"
"1926","MC27",16,571.554,68.817,30.518,20.345,-8422008,"Medusa Cell","Medusa Cell"
"1927","MC27",17,590.199,56.952,22.1,14.733,-11840936,"Medusa Cell","Medusa Cell"
"1928","MC27",18,616.98,49.155,27.893,18.595,-11118757,"Medusa Cell","Medusa Cell"
"1929","MC27",19,597.657,37.629,22.499,15,-11380632,"Medusa Cell","Medusa Cell"
"1930","MC27",20,580.368,58.308,26.954,17.969,-10392987,"Medusa Cell","Medusa Cell"
"1931","MC27",21,584.775,79.665,21.807,14.538,-9537678,"Medusa Cell","Medusa Cell"
"1932","MC27",22,616.302,93.564,34.455,22.97,-9144719,"Medusa Cell","Medusa Cell"
"1933","MC27",23,657.321,90.852,41.109,27.406,-10658465,"Medusa Cell","Medusa Cell"
"1934","MC27",24,680.034,78.309,25.946,17.297,-10062758,"Medusa Cell","Medusa Cell"
"1935","MC27",25,678,78.309,2.034,1.356,-11708332,"Medusa Cell","Medusa Cell"
"1936","MC27",26,687.831,68.817,13.666,9.11,-10920360,"Medusa Cell","Medusa Cell"
"1937","MC27",27,689.865,72.207,3.953,2.636,-11843242,"Medusa Cell","Medusa Cell"
"1938","MC27",28,691.899,75.597,3.953,2.636,-10068891,"Medusa Cell","Medusa Cell"
"1939","MC27",29,694.611,74.919,2.795,1.864,-11117226,"Medusa Cell","Medusa Cell"
"1940","MC27",30,694.611,75.597,0.678,0.452,-8424074,"Medusa Cell","Medusa Cell"
"1941","MC27",31,694.611,75.597,0,0,-10593183,"Medusa Cell","Medusa Cell"
"1942","MC27",32,691.899,74.919,2.795,1.864,-11710375,"Medusa Cell","Medusa Cell"
"1943","MC27",33,691.221,73.563,1.516,1.011,-10654116,"Medusa Cell","Medusa Cell"
"1944","MC27",34,691.899,73.563,0.678,0.452,-10331294,"Medusa Cell","Medusa Cell"
"1945","MC27",35,692.577,72.885,0.959,0.639,-12955830,"Medusa Cell","Medusa Cell"
"1946","MC27",36,692.577,74.919,2.034,1.356,-11047073,"Medusa Cell","Medusa Cell"
"1947","MC27",37,692.577,74.919,0,0,-12035241,"Medusa Cell","Medusa Cell"
"1948","MC27",38,692.577,76.275,1.356,0.904,-9799835,"Medusa Cell","Medusa Cell"
"1949","MC27",39,693.255,77.631,1.516,1.011,-11249062,"Medusa Cell","Medusa Cell"
"1950","MC27",40,694.611,79.665,2.445,1.63,-11112094,"Medusa Cell","Medusa Cell"
"1951","MC27",41,701.052,74.919,8.001,5.334,-10984100,"Medusa Cell","Medusa Cell"
"1952","MC27",42,716.646,72.207,15.828,10.552,-10520978,"Medusa Cell","Medusa Cell"
"1953","MC27",43,729.867,66.444,14.422,9.615,-12956333,"Medusa Cell","Medusa Cell"
"1954","MC27",44,746.478,47.121,25.481,16.988,-11247272,"Medusa Cell","Medusa Cell"
"1955","MC27",45,751.563,31.188,16.725,11.15,-10192526,"Medusa Cell","Medusa Cell"
"1956","MC27",46,759.699,15.933,17.289,11.526,-10917791,"Medusa Cell","Medusa Cell"
"1957","MC27",47,770.208,3.051,16.625,11.083,-10000529,"Medusa Cell","Medusa Cell"
"1958","MC27",48,779.022,3.051,8.814,5.876,-9537664,"Medusa Cell","Medusa Cell"
"1959","MC28",2,509.178,602.403,35.828,23.886,-11771819,"Medusa Cell","Medusa Cell"
"1960","MC28",3,488.499,568.503,39.709,26.473,-11902866,"Medusa Cell","Medusa Cell"
"1961","MC28",4,465.447,537.993,38.239,25.493,-11705741,"Medusa Cell","Medusa Cell"
"1962","MC28",5,457.311,525.111,15.236,10.157,-9475456,"Medusa Cell","Medusa Cell"
"1963","MC28",6,450.192,511.212,15.616,10.411,-11179932,"Medusa Cell","Medusa Cell"
"1964","MC28",7,449.514,509.178,2.144,1.429,-12760735,"Medusa Cell","Medusa Cell"
"1965","MC28",8,448.836,507.822,1.516,1.011,-10922381,"Medusa Cell","Medusa Cell"
"1966","MC28",9,448.836,508.5,0.678,0.452,-10593685,"Medusa Cell","Medusa Cell"
"1967","MC28",10,450.87,512.568,4.548,3.032,-12041375,"Medusa Cell","Medusa Cell"
"1968","MC28",11,451.548,511.89,0.959,0.639,-11379882,"Medusa Cell","Medusa Cell"
"1969","MC28",12,437.988,466.125,47.732,31.821,-11516312,"Medusa Cell","Medusa Cell"
"1970","MC28",13,435.276,426.123,40.094,26.729,-11711143,"Medusa Cell","Medusa Cell"
"1971","MC28",14,454.599,383.409,46.881,31.254,-11117478,"Medusa Cell","Medusa Cell"
"1972","MC28",15,491.889,366.12,41.103,27.402,-12825537,"Medusa Cell","Medusa Cell"
"1973","MC28",16,527.823,379.002,38.173,25.449,-9738905,"Medusa Cell","Medusa Cell"
"1974","MC28",17,563.079,404.766,43.667,29.111,-8296598,"Medusa Cell","Medusa Cell"
"1975","MC28",18,583.758,429.513,32.25,21.5,-10064798,"Medusa Cell","Medusa Cell"
"1976","MC28",19,605.115,449.514,29.26,19.507,-10460061,"Medusa Cell","Medusa Cell"
"1977","MC28",20,625.794,460.023,23.196,15.464,-9736605,"Medusa Cell","Medusa Cell"
"1978","MC28",21,647.151,464.091,21.741,14.494,-10392474,"Medusa Cell","Medusa Cell"
"1979","MC28",22,672.915,462.735,25.8,17.2,-11247783,"Medusa Cell","Medusa Cell"
"1980","MC28",23,694.272,462.735,21.357,14.238,-10200477,"Medusa Cell","Medusa Cell"
"1981","MC28",24,698.34,460.023,4.889,3.259,-11967403,"Medusa Cell","Medusa Cell"
"1982","MC28",25,698.34,460.701,0.678,0.452,-10000288,"Medusa Cell","Medusa Cell"
"1983","MC28",26,716.985,461.379,18.657,12.438,-12562612,"Medusa Cell","Medusa Cell"
"1984","MC28",27,744.783,466.125,28.2,18.8,-11181477,"Medusa Cell","Medusa Cell"
"1985","MC28",28,768.174,466.803,23.401,15.601,-11113887,"Medusa Cell","Medusa Cell"
"1986","MC28",29,798.006,471.888,30.262,20.175,-10919327,"Medusa Cell","Medusa Cell"
"1987","MC28",30,812.244,469.515,14.434,9.623,-11905723,"Medusa Cell","Medusa Cell"
"1988","MC28",31,827.499,459.345,18.334,12.223,-11379118,"Medusa Cell","Medusa Cell"
"1989","MC28",32,831.906,457.989,4.611,3.074,-10658976,"Medusa Cell","Medusa Cell"
"1990","MC28",33,854.619,450.192,24.014,16.009,-10592413,"Medusa Cell","Medusa Cell"
"1991","MC29",2,644.1,485.109,2.712,1.808,-12296368,"Medusa Cell","Medusa Cell"
"1992","MC29",3,642.066,485.109,2.034,1.356,-11578288,"Medusa Cell","Medusa Cell"
"1993","MC29",4,650.88,487.143,9.046,6.03,-10393765,"Medusa Cell","Medusa Cell"
"1994","MC29",5,650.88,485.787,1.356,0.904,-12034989,"Medusa Cell","Medusa Cell"
"1995","MC29",6,661.389,491.211,11.826,7.884,-11974830,"Medusa Cell","Medusa Cell"
"1996","MC29",7,676.305,493.923,15.161,10.107,-9734554,"Medusa Cell","Medusa Cell"
"1997","MC29",8,685.458,498.669,10.31,6.874,-12959415,"Medusa Cell","Medusa Cell"
"1998","MC29",9,686.814,498.669,1.356,0.904,-11973049,"Medusa Cell","Medusa Cell"
"1999","MC29",10,687.492,501.042,2.468,1.645,-10720161,"Medusa Cell","Medusa Cell"
"2000","MC29",11,692.238,502.398,4.936,3.291,-10334130,"Medusa Cell","Medusa Cell"
"2001","MC29",12,692.238,502.398,0,0,-11118007,"Medusa Cell","Medusa Cell"
"2002","MC29",13,698.679,506.466,7.618,5.079,-9934752,"Medusa Cell","Medusa Cell"
"2003","MC29",14,700.713,507.822,2.445,1.63,-10657440,"Medusa Cell","Medusa Cell"
"2004","MC29",15,708.849,510.534,8.576,5.717,-10657705,"Medusa Cell","Medusa Cell"
"2005","MC29",16,718.68,511.212,9.854,6.57,-11642541,"Medusa Cell","Medusa Cell"
"2006","MC29",17,720.036,513.924,3.032,2.021,-11376044,"Medusa Cell","Medusa Cell"
"2007","MC29",18,729.528,514.602,9.516,6.344,-12496819,"Medusa Cell","Medusa Cell"
"2008","MC29",19,746.817,522.399,18.966,12.644,-13616572,"Medusa Cell","Medusa Cell"
"2009","MC29",20,764.784,526.467,18.422,12.281,-11973039,"Medusa Cell","Medusa Cell"
"2010","MC29",21,797.328,529.179,32.657,21.771,-11376295,"Medusa Cell","Medusa Cell"
"2011","MC29",22,804.786,528.501,7.489,4.993,-12633288,"Medusa Cell","Medusa Cell"
"2012","MC29",23,802.752,523.755,5.163,3.442,-10789040,"Medusa Cell","Medusa Cell"
"2013","MC29",24,811.905,519.687,10.016,6.678,-11445671,"Medusa Cell","Medusa Cell"
"2014","MC29",25,823.431,523.755,12.223,8.149,-12237240,"Medusa Cell","Medusa Cell"
"2015","MC29",26,826.821,526.467,4.341,2.894,-11448232,"Medusa Cell","Medusa Cell"
"2016","MC29",27,828.855,529.179,3.39,2.26,-10785451,"Medusa Cell","Medusa Cell"
"2017","MC29",28,831.228,531.891,3.604,2.402,-11510191,"Medusa Cell","Medusa Cell"
"2018","MC29",29,835.296,530.535,4.288,2.859,-11642038,"Medusa Cell","Medusa Cell"
"2019","MC29",30,848.178,527.823,13.164,8.776,-12106424,"Medusa Cell","Medusa Cell"
"2020","MC29",31,855.297,521.721,9.376,6.251,-12166316,"Medusa Cell","Medusa Cell"
"2021","MC29",32,856.653,523.077,1.918,1.278,-12099258,"Medusa Cell","Medusa Cell"
"2022","MC29",33,862.755,512.568,12.152,8.101,-10851485,"Medusa Cell","Medusa Cell"
"2023","MC30",2,190.857,59.325,45.241,30.161,-9078421,"Medusa Cell","Medusa Cell"
"2024","MC30",3,190.179,60.342,1.222,0.815,-9866639,"Medusa Cell","Medusa Cell"
"2025","MC30",4,190.179,61.02,0.678,0.452,-11049113,"Medusa Cell","Medusa Cell"
"2026","MC30",5,189.501,73.902,12.9,8.6,-9668749,"Medusa Cell","Medusa Cell"
"2027","MC30",6,186.789,76.614,3.835,2.557,-10258317,"Medusa Cell","Medusa Cell"
"2028","MC30",7,173.568,125.769,50.902,33.935,-11254954,"Medusa Cell","Medusa Cell"
"2029","MC30",8,174.924,175.941,50.19,33.46,-11320233,"Medusa Cell","Medusa Cell"
"2030","MC30",9,171.534,198.315,22.629,15.086,-10070930,"Medusa Cell","Medusa Cell"
"2031","MC30",10,167.466,204.417,7.334,4.889,-11450026,"Medusa Cell","Medusa Cell"
"2032","MC30",11,168.144,213.909,9.516,6.344,-10719881,"Medusa Cell","Medusa Cell"
"2033","MC30",12,163.398,210.519,5.832,3.888,-10398108,"Medusa Cell","Medusa Cell"
"2034","MC30",13,141.363,238.995,36.006,24.004,-10136232,"Medusa Cell","Medusa Cell"
"2035","MC30",14,134.244,247.809,11.33,7.553,-9150870,"Medusa Cell","Medusa Cell"
"2036","MC30",15,126.786,252.555,8.84,5.893,-9537678,"Medusa Cell","Medusa Cell"
"2037","MC30",16,119.328,253.233,7.489,4.993,-9599878,"Medusa Cell","Medusa Cell"
"2038","MC30",17,100.005,247.809,20.07,13.38,-12301752,"Medusa Cell","Medusa Cell"
"2039","MC30",18,70.173,245.775,29.901,19.934,-11442088,"Medusa Cell","Medusa Cell"
"2040","MC30",19,30.849,259.674,41.708,27.805,-11446954,"Medusa Cell","Medusa Cell"
"2041","MC30",20,11.526,278.997,27.327,18.218,-10596775,"Medusa Cell","Medusa Cell"
"2042","MC31",2,336.627,37.629,10.349,6.899,-11388576,"Medusa Cell","Medusa Cell"
"2043","MC31",3,340.695,40.341,4.889,3.259,-12035759,"Medusa Cell","Medusa Cell"
"2044","MC31",4,339.339,40.341,1.356,0.904,-9803166,"Medusa Cell","Medusa Cell"
"2045","MC31",5,344.085,41.697,4.936,3.291,-11116710,"Medusa Cell","Medusa Cell"
"2046","MC31",6,360.696,66.783,30.087,20.058,-11642015,"Medusa Cell","Medusa Cell"
"2047","MC31",7,382.053,98.988,38.643,25.762,-8484234,"Medusa Cell","Medusa Cell"
"2048","MC31",8,389.511,118.311,20.712,13.808,-12170928,"Medusa Cell","Medusa Cell"
"2049","MC31",9,407.478,152.889,38.967,25.978,-11118492,"Medusa Cell","Medusa Cell"
"2050","MC31",10,412.563,194.586,42.006,28.004,-12962990,"Medusa Cell","Medusa Cell"
"2051","MC31",11,414.597,232.554,38.022,25.348,-10458519,"Medusa Cell","Medusa Cell"
"2052","MC31",12,406.122,268.488,36.92,24.613,-9408390,"Medusa Cell","Medusa Cell"
"2053","MC31",13,384.087,304.083,41.863,27.909,-10125203,"Medusa Cell","Medusa Cell"
"2054","MC31",14,351.882,321.372,36.552,24.368,-9797003,"Medusa Cell","Medusa Cell"
"2055","MC31",15,321.372,339.339,35.407,23.605,-10060948,"Medusa Cell","Medusa Cell"
"2056","MC31",16,274.59,356.628,49.874,33.25,-10784158,"Medusa Cell","Medusa Cell"
"2057","MC31",17,241.707,354.594,32.946,21.964,-10917013,"Medusa Cell","Medusa Cell"
"2058","MC31",18,204.417,337.983,40.822,27.215,-10785439,"Medusa Cell","Medusa Cell"
"2059","MC31",19,178.992,320.016,31.133,20.755,-10852499,"Medusa Cell","Medusa Cell"
"2060","MC31",20,154.923,311.88,25.407,16.938,-11114408,"Medusa Cell","Medusa Cell"
"2061","MC31",21,122.379,305.778,33.111,22.074,-9343634,"Medusa Cell","Medusa Cell"
"2062","MC31",22,90.852,268.488,48.831,32.554,-10852772,"Medusa Cell","Medusa Cell"
"2063","MC31",23,61.698,265.098,29.35,19.567,-11775139,"Medusa Cell","Medusa Cell"
"2064","MC31",24,50.172,259.335,12.886,8.591,-11113880,"Medusa Cell","Medusa Cell"
"2065","MC31",25,55.596,256.623,6.064,4.043,-12957110,"Medusa Cell","Medusa Cell"
"2066","MC31",26,52.206,252.555,5.295,3.53,-12494754,"Medusa Cell","Medusa Cell"
"2067","MC31",27,38.307,242.385,17.222,11.482,-11836840,"Medusa Cell","Medusa Cell"
"2068","MC31",28,15.594,227.808,26.988,17.992,-12036272,"Medusa Cell","Medusa Cell"
"2069","MC32",2,823.092,486.126,30.041,20.027,-10917276,"Medusa Cell","Medusa Cell"
"2070","MC32",3,790.548,451.887,47.238,31.492,-8879746,"Medusa Cell","Medusa Cell"
"2071","MC32",4,772.581,433.242,25.893,17.262,-9670281,"Medusa Cell","Medusa Cell"
"2072","MC32",5,755.631,394.596,42.2,28.133,-10722971,"Medusa Cell","Medusa Cell"
"2073","MC32",6,747.156,376.629,19.866,13.244,-13417662,"Medusa Cell","Medusa Cell"
"2074","MC32",7,755.631,335.61,41.885,27.924,-10001825,"Medusa Cell","Medusa Cell"
"2075","MC32",8,766.479,298.998,38.185,25.457,-11376044,"Medusa Cell","Medusa Cell"
"2076","MC32",9,756.987,278.319,22.753,15.169,-10984075,"Medusa Cell","Medusa Cell"
"2077","MC32",10,752.58,277.641,4.459,2.973,-13284536,"Medusa Cell","Medusa Cell"
"2078","MC32",11,749.19,268.827,9.443,6.296,-11705763,"Medusa Cell","Medusa Cell"
"2079","MC32",12,741.054,248.148,22.222,14.815,-9866132,"Medusa Cell","Medusa Cell"
"2080","MC32",13,721.731,233.571,24.205,16.136,-10459797,"Medusa Cell","Medusa Cell"
"2081","MC32",14,694.272,217.977,31.578,21.052,-12303266,"Medusa Cell","Medusa Cell"
"2082","MC32",15,679.017,197.298,25.697,17.131,-11184284,"Medusa Cell","Medusa Cell"
"2083","MC32",16,654.948,186.789,26.263,17.509,-12169135,"Medusa Cell","Medusa Cell"
"2084","MC32",17,632.235,172.551,26.807,17.871,-10196125,"Medusa Cell","Medusa Cell"
"2085","MC32",18,606.132,170.856,26.158,17.439,-12493747,"Medusa Cell","Medusa Cell"
"2086","MC32",19,594.606,175.263,12.34,8.227,-10592936,"Medusa Cell","Medusa Cell"
"2087","MC32",20,562.74,185.433,33.45,22.3,-8948352,"Medusa Cell","Medusa Cell"
"2088","MC32",21,538.671,192.213,25.006,16.67,-11837862,"Medusa Cell","Medusa Cell"
"2089","MC32",22,507.144,189.501,31.643,21.096,-10657179,"Medusa Cell","Medusa Cell"
"2090","MC32",23,480.363,195.264,27.394,18.263,-10856087,"Medusa Cell","Medusa Cell"
"2091","MC32",24,460.362,168.822,33.154,22.103,-10198168,"Medusa Cell","Medusa Cell"
"2092","MC32",25,442.395,122.718,49.481,32.987,-12437421,"Medusa Cell","Medusa Cell"
"2093","MC32",26,416.97,83.055,47.112,31.408,-12825778,"Medusa Cell","Medusa Cell"
"2094","MC32",27,442.395,43.053,47.398,31.599,-9075336,"Medusa Cell","Medusa Cell"
"2095","MC32",28,481.719,28.476,41.939,27.959,-10724260,"Medusa Cell","Medusa Cell"
"2096","MC32",29,481.719,33.9,5.424,3.616,-11708075,"Medusa Cell","Medusa Cell"
"2097","MC32",30,488.499,31.866,7.079,4.719,-10529191,"Medusa Cell","Medusa Cell"
"2098","MC32",31,485.787,31.188,2.795,1.864,-10133906,"Medusa Cell","Medusa Cell"
"2099","MC32",32,501.381,21.018,18.617,12.411,-11908785,"Medusa Cell","Medusa Cell"
"2100","MC32",33,502.059,8.475,12.561,8.374,-11049375,"Medusa Cell","Medusa Cell"
"2101","MC33",2,769.869,196.959,43.101,28.734,-10528397,"Medusa Cell","Medusa Cell"
"2102","MC33",3,766.479,194.247,4.341,2.894,-12305057,"Medusa Cell","Medusa Cell"
"2103","MC33",4,756.309,195.603,10.26,6.84,-10982792,"Medusa Cell","Medusa Cell"
"2104","MC33",5,737.664,208.485,22.662,15.108,-10993040,"Medusa Cell","Medusa Cell"
"2105","MC33",6,713.595,243.741,42.688,28.459,-12638640,"Medusa Cell","Medusa Cell"
"2106","MC33",7,682.068,277.302,46.047,30.698,-11517348,"Medusa Cell","Medusa Cell"
"2107","MC33",8,653.931,302.049,37.471,24.981,-10461076,"Medusa Cell","Medusa Cell"
"2108","MC33",9,608.505,313.575,46.865,31.244,-11513764,"Medusa Cell","Medusa Cell"
"2109","MC33",10,574.605,330.186,37.751,25.167,-12835754,"Medusa Cell","Medusa Cell"
"2110","MC33",11,538.332,370.188,53.999,35.999,-10594709,"Medusa Cell","Medusa Cell"
"2111","MC33",12,506.805,419.682,58.682,39.122,-10661782,"Medusa Cell","Medusa Cell"
"2112","MC33",13,488.16,471.888,55.436,36.957,-11186076,"Medusa Cell","Medusa Cell"
"2113","MC33",14,464.091,502.059,38.595,25.73,-9275023,"Medusa Cell","Medusa Cell"
"2114","MC33",15,455.616,504.093,8.716,5.81,-10324625,"Medusa Cell","Medusa Cell"
"2115","MC33",16,450.192,511.212,8.95,5.967,-11512236,"Medusa Cell","Medusa Cell"
"2116","MC33",17,446.124,513.246,4.548,3.032,-10591385,"Medusa Cell","Medusa Cell"
"2117","MC33",18,444.768,520.026,6.914,4.61,-11113880,"Medusa Cell","Medusa Cell"
"2118","MC33",19,442.734,526.806,7.079,4.719,-11509926,"Medusa Cell","Medusa Cell"
"2119","MC33",20,438.666,533.247,7.618,5.079,-9536904,"Medusa Cell","Medusa Cell"
"2120","MC33",21,438.666,535.281,2.034,1.356,-9603970,"Medusa Cell","Medusa Cell"
"2121","MC33",22,443.412,535.959,4.794,3.196,-9278582,"Medusa Cell","Medusa Cell"
"2122","MC33",23,444.09,546.129,10.193,6.795,-9010560,"Medusa Cell","Medusa Cell"
"2123","MC33",24,445.446,548.841,3.032,2.021,-12107445,"Medusa Cell","Medusa Cell"
"2124","MC33",25,443.412,552.909,4.548,3.032,-11842739,"Medusa Cell","Medusa Cell"
"2125","MC33",26,445.446,555.282,3.125,2.084,-8617605,"Medusa Cell","Medusa Cell"
"2126","MC33",27,445.446,555.282,0,0,-11584681,"Medusa Cell","Medusa Cell"
"2127","MC33",28,443.412,556.638,2.445,1.63,-11185304,"Medusa Cell","Medusa Cell"
"2128","MC33",29,445.446,550.875,6.111,4.074,-11519130,"Medusa Cell","Medusa Cell"
"2129","MC33",30,441.378,556.638,7.054,4.703,-11908272,"Medusa Cell","Medusa Cell"
"2130","MC33",31,440.7,550.875,5.803,3.868,-10400159,"Medusa Cell","Medusa Cell"
"2131","MC33",32,436.632,550.197,4.124,2.749,-10331016,"Medusa Cell","Medusa Cell"
"2132","MC33",33,437.988,550.875,1.516,1.011,-9667722,"Medusa Cell","Medusa Cell"
"2133","MC33",34,438.666,550.197,0.959,0.639,-11774377,"Medusa Cell","Medusa Cell"
"2134","MC33",35,430.191,562.74,15.138,10.092,-9938830,"Medusa Cell","Medusa Cell"
"2135","MC33",36,418.665,568.164,12.738,8.492,-11056538,"Medusa Cell","Medusa Cell"
"2136","MC33",37,411.207,570.876,7.936,5.291,-7239274,"Medusa Cell","Medusa Cell"
"2137","MC33",38,408.834,577.656,7.183,4.789,-10926500,"Medusa Cell","Medusa Cell"
"2138","MC33",39,403.41,582.741,7.435,4.957,-10199723,"Medusa Cell","Medusa Cell"
"2139","MC33",40,402.054,582.063,1.516,1.011,-9871496,"Medusa Cell","Medusa Cell"
"2140","MC33",41,408.156,581.385,6.14,4.093,-11388306,"Medusa Cell","Medusa Cell"
"2141","MC33",42,408.834,583.419,2.144,1.429,-11190931,"Medusa Cell","Medusa Cell"
"2142","MC33",43,412.563,589.521,7.151,4.767,-10070152,"Medusa Cell","Medusa Cell"
"2143","MC33",44,420.699,584.775,9.419,6.279,-9344899,"Medusa Cell","Medusa Cell"
"2144","MC33",45,411.207,589.521,10.612,7.075,-10457741,"Medusa Cell","Medusa Cell"
"2145","MC33",46,415.275,591.555,4.548,3.032,-11119770,"Medusa Cell","Medusa Cell"
"2146","MC33",47,417.309,594.267,3.39,2.26,-10395795,"Medusa Cell","Medusa Cell"
"2147","MC33",48,417.987,595.623,1.516,1.011,-10658459,"Medusa Cell","Medusa Cell"
"2148","MC33",49,425.445,601.725,9.636,6.424,-10924182,"Medusa Cell","Medusa Cell"
"2149","MC33",50,429.513,606.132,5.998,3.998,-11246742,"Medusa Cell","Medusa Cell"
"2150","MC33",51,433.92,600.369,7.255,4.837,-10457487,"Medusa Cell","Medusa Cell"
"2151","MC33",52,427.479,604.098,7.443,4.962,-9994382,"Medusa Cell","Medusa Cell"
"2152","MC33",53,427.479,603.42,0.678,0.452,-11708073,"Medusa Cell","Medusa Cell"
"2153","MC33",54,430.869,601.047,4.138,2.759,-10066841,"Medusa Cell","Medusa Cell"
"2154","MC33",55,430.869,602.403,1.356,0.904,-10523811,"Medusa Cell","Medusa Cell"
"2155","MC33",56,428.157,604.776,3.604,2.402,-11051667,"Medusa Cell","Medusa Cell"
"2156","MC33",57,429.513,605.454,1.516,1.011,-9996174,"Medusa Cell","Medusa Cell"
"2157","MC33",58,430.869,604.776,1.516,1.011,-10130581,"Medusa Cell","Medusa Cell"
"2158","MC33",59,430.869,605.454,0.678,0.452,-9734285,"Medusa Cell","Medusa Cell"
"2159","MC33",60,430.869,608.844,3.39,2.26,-9212302,"Medusa Cell","Medusa Cell"
"2160","MC33",61,428.157,612.912,4.889,3.259,-12170666,"Medusa Cell","Medusa Cell"
"2161","MC33",62,428.157,617.658,4.746,3.164,-10459546,"Medusa Cell","Medusa Cell"
"2162","MC33",63,426.801,626.472,8.918,5.945,-11311256,"Medusa Cell","Medusa Cell"
"2163","MC33",64,428.157,631.557,5.263,3.508,-10922640,"Medusa Cell","Medusa Cell"
"2164","MC33",65,428.835,633.591,2.144,1.429,-10725774,"Medusa Cell","Medusa Cell"
"2165","MC33",66,430.869,636.981,3.953,2.636,-9933707,"Medusa Cell","Medusa Cell"
"2166","MC33",67,432.903,636.981,2.034,1.356,-10722455,"Medusa Cell","Medusa Cell"
"2167","MC33",68,435.276,637.659,2.468,1.645,-10591645,"Medusa Cell","Medusa Cell"
"2168","MC33",69,432.225,641.727,5.085,3.39,-11181729,"Medusa Cell","Medusa Cell"
"2169","MC33",70,427.479,644.439,5.466,3.644,-12895670,"Medusa Cell","Medusa Cell"
"2170","MC33",71,428.157,644.439,0.678,0.452,-13288629,"Medusa Cell","Medusa Cell"
"2171","MC33",72,428.157,644.439,0,0,-11907229,"Medusa Cell","Medusa Cell"
"2172","MC34",2,76.953,269.844,49.61,33.073,-11313063,"Medusa Cell","Medusa Cell"
"2173","MC34",3,108.48,255.267,34.734,23.156,-11312549,"Medusa Cell","Medusa Cell"
"2174","MC34",4,129.837,250.521,21.878,14.585,-11516319,"Medusa Cell","Medusa Cell"
"2175","MC34",5,154.584,253.233,24.895,16.597,-8686718,"Medusa Cell","Medusa Cell"
"2176","MC34",6,174.585,257.979,20.556,13.704,-10397603,"Medusa Cell","Medusa Cell"
"2177","MC34",7,201.366,247.131,28.895,19.263,-9276034,"Medusa Cell","Medusa Cell"
"2178","MC34",8,208.146,250.521,7.58,5.054,-9929352,"Medusa Cell","Medusa Cell"
"2179","MC34",9,210.18,250.521,2.034,1.356,-9338508,"Medusa Cell","Medusa Cell"
"2180","MC34",10,242.724,260.691,34.096,22.731,-11309965,"Medusa Cell","Medusa Cell"
"2181","MC34",11,264.42,269.844,23.548,15.698,-8750721,"Medusa Cell","Medusa Cell"
"2182","MC34",12,287.133,282.726,26.112,17.408,-9404041,"Medusa Cell","Medusa Cell"
"2183","MC34",13,293.574,292.557,11.753,7.835,-11379343,"Medusa Cell","Medusa Cell"
"2184","MC34",14,309.846,322.05,33.684,22.456,-11373718,"Medusa Cell","Medusa Cell"
"2185","MC34",15,301.71,350.187,29.29,19.526,-11308948,"Medusa Cell","Medusa Cell"
"2186","MC34",16,294.93,371.544,22.407,14.938,-12427430,"Medusa Cell","Medusa Cell"
"2187","MC34",17,281.709,403.749,34.813,23.209,-11048344,"Medusa Cell","Medusa Cell"
"2188","MC34",18,275.607,425.784,22.864,15.243,-10194834,"Medusa Cell","Medusa Cell"
"2189","MC34",19,267.471,438.327,14.951,9.967,-10653075,"Medusa Cell","Medusa Cell"
"2190","MC34",20,252.894,465.108,30.491,20.327,-8621176,"Medusa Cell","Medusa Cell"
"2191","MC34",21,220.011,500.025,47.963,31.976,-10464148,"Medusa Cell","Medusa Cell"
"2192","MC34",22,198.654,526.128,33.727,22.484,-11117211,"Medusa Cell","Medusa Cell"
"2193","MC34",23,157.974,530.196,40.883,27.255,-8554896,"Medusa Cell","Medusa Cell"
"2194","MC34",24,109.836,515.28,50.396,33.597,-9014422,"Medusa Cell","Medusa Cell"
"2195","MC34",25,86.445,473.244,48.106,32.071,-11904698,"Medusa Cell","Medusa Cell"
"2196","MC34",26,98.31,433.242,41.725,27.816,-11051661,"Medusa Cell","Medusa Cell"
"2197","MC34",27,130.515,406.461,41.885,27.924,-11380658,"Medusa Cell","Medusa Cell"
"2198","MC34",28,173.229,406.461,42.714,28.476,-10784922,"Medusa Cell","Medusa Cell"
"2199","MC34",29,198.654,396.291,27.384,18.256,-9738879,"Medusa Cell","Medusa Cell"
"2200","MC34",30,197.976,403.071,6.814,4.543,-12691631,"Medusa Cell","Medusa Cell"
"2201","MC34",31,222.045,399.681,24.307,16.204,-11442054,"Medusa Cell","Medusa Cell"
"2202","MC34",32,238.317,392.223,17.9,11.933,-11969689,"Medusa Cell","Medusa Cell"
"2203","MC34",33,267.471,397.647,29.654,19.77,-11903393,"Medusa Cell","Medusa Cell"
"2204","MC34",34,296.964,399.003,29.524,19.683,-11314079,"Medusa Cell","Medusa Cell"
"2205","MC34",35,331.203,401.037,34.299,22.866,-11640233,"Medusa Cell","Medusa Cell"
"2206","MC34",36,354.594,401.037,23.391,15.594,-11511204,"Medusa Cell","Medusa Cell"
"2207","MC34",37,370.527,394.257,17.316,11.544,-11116199,"Medusa Cell","Medusa Cell"
"2208","MC34",38,401.376,381.714,33.301,22.201,-11908257,"Medusa Cell","Medusa Cell"
"2209","MC34",39,422.733,359.001,31.177,20.785,-10724522,"Medusa Cell","Medusa Cell"
"2210","MC34",40,422.733,322.728,36.273,24.182,-10789527,"Medusa Cell","Medusa Cell"
"2211","MC34",41,407.478,308.151,21.1,14.067,-10524060,"Medusa Cell","Medusa Cell"
"2212","MC34",42,363.747,280.692,51.637,34.425,-10262153,"Medusa Cell","Medusa Cell"
"2213","MC34",43,311.202,267.132,54.266,36.178,-9602956,"Medusa Cell","Medusa Cell"
"2214","MC34",44,262.386,251.877,51.144,34.096,-9934734,"Medusa Cell","Medusa Cell"
"2215","MC34",45,222.723,215.265,53.978,35.985,-10787234,"Medusa Cell","Medusa Cell"
"2216","MC34",46,214.926,166.449,49.435,32.957,-10520980,"Medusa Cell","Medusa Cell"
"2217","MC34",47,215.604,124.074,42.38,28.254,-10066592,"Medusa Cell","Medusa Cell"
"2218","MC34",48,210.18,112.887,12.433,8.288,-11838639,"Medusa Cell","Medusa Cell"
"2219","MC34",49,202.722,72.207,41.358,27.572,-10326170,"Medusa Cell","Medusa Cell"
"2220","MC34",50,206.112,35.256,37.106,24.737,-11645855,"Medusa Cell","Medusa Cell"
"2221","MC34",51,200.01,7.119,28.791,19.194,-10195093,"Medusa Cell","Medusa Cell"
"2222","MC35",2,566.13,565.452,46.104,30.736,-11445925,"Medusa Cell","Medusa Cell"
"2223","MC35",3,561.384,549.18,16.95,11.3,-10128014,"Medusa Cell","Medusa Cell"
"2224","MC35",4,556.638,544.434,6.712,4.475,-10196350,"Medusa Cell","Medusa Cell"
"2225","MC35",5,547.824,542.061,9.128,6.085,-11899794,"Medusa Cell","Medusa Cell"
"2226","MC35",6,531.891,548.502,17.186,11.457,-12031917,"Medusa Cell","Medusa Cell"
"2227","MC35",7,516.297,550.536,15.726,10.484,-12164524,"Medusa Cell","Medusa Cell"
"2228","MC35",8,506.466,555.282,10.917,7.278,-12694716,"Medusa Cell","Medusa Cell"
"2229","MC35",9,505.788,555.96,0.959,0.639,-12299442,"Medusa Cell","Medusa Cell"
"2230","MC35",10,475.617,562.74,30.923,20.616,-12492971,"Medusa Cell","Medusa Cell"
"2231","MC35",11,447.48,580.707,33.384,22.256,-12702901,"Medusa Cell","Medusa Cell"
"2232","MC35",12,420.021,607.488,38.356,25.571,-12886955,"Medusa Cell","Medusa Cell"
"2233","MC35",13,409.173,628.167,23.352,15.568,-10862744,"Medusa Cell","Medusa Cell"
"2234","MC35",14,397.986,636.981,14.242,9.495,-10859931,"Medusa Cell","Medusa Cell"
"2235","MC36",2,648.168,541.044,38.415,25.61,-9212559,"Medusa Cell","Medusa Cell"
"2236","MC36",3,618.675,544.434,29.687,19.791,-10525603,"Medusa Cell","Medusa Cell"
"2237","MC36",4,593.589,539.01,25.666,17.11,-9274506,"Medusa Cell","Medusa Cell"
"2238","MC36",5,573.588,534.942,20.411,13.607,-12765876,"Medusa Cell","Medusa Cell"
"2239","MC36",6,549.519,531.552,24.307,16.204,-11843485,"Medusa Cell","Medusa Cell"
"2240","MC36",7,528.501,530.196,21.062,14.041,-11774630,"Medusa Cell","Medusa Cell"
"2241","MC36",8,503.754,519.687,26.886,17.924,-11976368,"Medusa Cell","Medusa Cell"
"2242","MC36",9,481.719,516.297,22.294,14.863,-9674654,"Medusa Cell","Medusa Cell"
"2243","MC36",10,448.158,521.721,33.996,22.664,-10262669,"Medusa Cell","Medusa Cell"
"2244","MC36",11,418.665,525.789,29.772,19.848,-9863046,"Medusa Cell","Medusa Cell"
"2245","MC36",12,403.071,525.111,15.609,10.406,-10125704,"Medusa Cell","Medusa Cell"
"2246","MC36",13,379.002,521.043,24.41,16.274,-10461080,"Medusa Cell","Medusa Cell"
"2247","MC36",14,348.153,513.585,31.738,21.158,-10131333,"Medusa Cell","Medusa Cell"
"2248","MC36",15,307.473,519.687,41.135,27.423,-9863046,"Medusa Cell","Medusa Cell"
"2249","MC36",16,285.099,524.433,22.872,15.248,-11640223,"Medusa Cell","Medusa Cell"
"2250","MC36",17,246.453,515.619,39.638,26.426,-9277306,"Medusa Cell","Medusa Cell"
"2251","MC36",18,218.655,510.873,28.2,18.8,-8814707,"Medusa Cell","Medusa Cell"
"2252","MC36",19,205.434,480.702,32.941,21.96,-9994367,"Medusa Cell","Medusa Cell"
"2253","MC36",20,182.043,445.107,42.593,28.395,-10324625,"Medusa Cell","Medusa Cell"
"2254","MC36",21,160.347,421.716,31.904,21.269,-7829609,"Medusa Cell","Medusa Cell"
"2255","MC36",22,136.278,400.359,32.178,21.452,-8748663,"Medusa Cell","Medusa Cell"
"2256","MC36",23,129.498,386.121,15.77,10.513,-10587023,"Medusa Cell","Medusa Cell"
"2257","MC36",24,124.752,381.375,6.712,4.475,-9599611,"Medusa Cell","Medusa Cell"
"2258","MC36",25,112.209,365.442,20.278,13.519,-10719122,"Medusa Cell","Medusa Cell"
"2259","MC36",26,95.259,342.39,28.613,19.075,-9732753,"Medusa Cell","Medusa Cell"
"2260","MC36",27,77.97,330.525,20.969,13.979,-10197641,"Medusa Cell","Medusa Cell"
"2261","MC36",28,73.902,329.169,4.288,2.859,-9274492,"Medusa Cell","Medusa Cell"
"2262","MC36",29,74.58,335.949,6.814,4.543,-10129039,"Medusa Cell","Medusa Cell"
"2263","MC36",30,59.325,305.1,34.415,22.943,-9342859,"Medusa Cell","Medusa Cell"
"2264","MC36",31,32.883,278.319,37.635,25.09,-10983321,"Medusa Cell","Medusa Cell"
"2265","MC36",32,6.102,263.403,30.655,20.436,-9998215,"Medusa Cell","Medusa Cell"
"2266","MC37",2,94.581,43.392,34.971,23.314,-9142657,"Medusa Cell","Medusa Cell"
"2267","MC37",3,88.14,89.835,46.888,31.258,-9606028,"Medusa Cell","Medusa Cell"
"2268","MC37",4,89.496,146.109,56.29,37.527,-9213583,"Medusa Cell","Medusa Cell"
"2269","MC37",5,93.903,206.451,60.503,40.335,-11058086,"Medusa Cell","Medusa Cell"
"2270","MC37",6,61.359,240.012,46.749,31.166,-8811651,"Medusa Cell","Medusa Cell"
"2271","MC37",7,27.12,261.369,40.354,26.903,-8417146,"Medusa Cell","Medusa Cell"
"2272","MC37",8,6.102,277.641,26.581,17.72,-12171945,"Medusa Cell","Medusa Cell"
