LABEL,TRACK_INDEX,TRACK_ID,NUMBER_SPOTS,NUMBER_GAPS,NUMBER_SPLITS,NUMBER_MERGES,NUMBER_COMPLEX,LONGEST_GAP,TRACK_DURATION,TRACK_START,TRACK_STOP,TRACK_DISPLACEMENT,TRACK_X_LOCATION,TRACK_Y_LOCATION,TRACK_Z_LOCATION,TRACK_MEAN_SPEED,TRACK_MAX_SPEED,TRACK_MIN_SPEED,TRACK_MEDIAN_SPEED,TRACK_STD_SPEED,TRACK_MEAN_QUALITY,TOTAL_DISTANCE_TRAVELED,MAX_DISTANCE_TRAVELED,CONFINEMENT_RATIO,MEAN_STRAIGHT_LINE_SPEED,LINEARITY_OF_FORWARD_PROGRESSION,MEAN_DIRECTIONAL_CHANGE_RATE
Label,Track index,Track ID,Number of spots in track,Number of gaps,Number of split events,Number of merge events,Number of complex points,Longest gap,Track duration,Track start,Track stop,Track displacement,Track mean X,Track mean Y,Track mean Z,Track mean speed,Track max speed,Track min speed,Track median speed,Track std speed,Track mean quality,Total distance traveled,Max distance traveled,Confinement ratio,Mean straight line speed,Linearity of forward progression,Mean directional change rate
Label,Index,ID,N spots,N gaps,N splits,N merges,N complex,Lgst gap,Duration,Track start,Track stop,Track disp.,Track X,Track Y,Track Z,Mean sp.,Max speed,Min speed,Med. speed,Std speed,Mean Q,Total dist.,Max dist.,Cfn. ratio,Mn. v. line,Fwd. progr.,Mn. γ rate
,,,,,,,,,(frame),(frame),(frame),(µm),(µm),(µm),(µm),(µm/frame),(µm/frame),(µm/frame),(µm/frame),(µm/frame),(quality),(µm),(µm),,(µm/frame),,(rad/frame)
Track_72856,0,0,47,0,0,0,0,0,46.0,0.0,46.0,16.76060524332459,355.0712849485644,17.34652117488638,0.0,1.219603451783361,3.907592191918407,0.08907992360671543,1.213086169914777,0.7753625405088487,5793.04255319149,56.10175878203459,16.824849698944185,0.2987536506376307,0.3643609835505346,0.2987536506376306,1.192173875730681
Track_72857,1,1,211,0,0,0,0,0,210.0,0.0,210.0,206.59192184451962,817.7901970222863,324.94541483948103,0.0,1.3913167561899862,9.451704655843013,0.009440191576388311,0.32242033362975075,2.1495087943033115,3456.8056872037914,292.17651879989717,206.59192184451962,0.7070791406957934,0.9837710564024744,0.7070791406957936,1.4307468073440852
Track_72858,2,2,211,0,0,0,0,0,210.0,0.0,210.0,116.19840452554396,753.2898544196881,504.8637491224462,0.0,1.1813646436185241,4.817080180937638,0.024431499134837213,0.7375065231084109,1.0562412968834496,4849.090047393365,248.08657515989017,119.04238045084362,0.46837844591411226,0.5533257358359236,0.46837844591411243,1.249816955680258
Track_72859,3,3,187,0,0,0,0,0,186.0,0.0,186.0,18.88147515910513,369.4961156721751,423.5346502278641,0.0,0.6120596398000371,5.884497048717587,0.010672563646664674,0.3624504339950802,0.7758866698276143,3107.3636363636365,113.84309300280691,20.82586807830882,0.1658552544653683,0.10151330730701683,0.1658552544653683,1.674873570342639
Track_72860,4,4,211,0,0,0,0,0,210.0,0.0,210.0,136.36243760215717,140.25605444306433,276.1325035839288,0.0,1.3309404473758601,6.652948878746517,0.03588979471252111,0.9020655986914249,1.2609929935990447,6248.4834123222745,279.49749394893064,136.36243760215717,0.4878842943295696,0.6493449409626532,0.4878842943295696,1.1040484504317234
Track_72861,5,5,211,0,0,0,0,0,210.0,0.0,210.0,4.5231215809249115,412.3036019327939,587.2346029012683,0.0,0.7796773677916258,5.458049168365883,0.021542665797425222,0.5828151832256537,0.7319175415815933,7430.454976303317,163.73224723624153,13.169819887971048,0.02762511146871827,0.02153867419488053,0.02762511146871829,1.5691124632592344
Track_72862,6,6,82,4,0,0,0,5,93.0,0.0,93.0,30.366464449325573,217.26388718971302,25.09799227839225,0.0,2.440699253260479,11.577850453401853,0.22450116550804794,1.664500208751461,2.1721206791186134,5484.5609756097565,218.84931785530708,30.604758405375783,0.13875512497325881,0.32652112311102766,0.13378179334255744,1.4329942611118667
Track_72863,7,7,211,0,0,0,0,0,210.0,0.0,210.0,85.86416144667393,202.96519577566937,401.1991901439796,0.0,1.0594221051773105,8.93397069171334,0.03030085115634154,0.5096851438316464,1.4205047804936317,5748.047393364929,222.47864208723524,87.49234609616184,0.38594339052557713,0.4088769592698759,0.3859433905255772,1.5813578171236757
Track_72864,8,8,211,0,0,0,0,0,210.0,0.0,210.0,137.48504532406568,794.5927497492398,556.3786071937817,0.0,1.3999151461802857,5.3867653873397305,0.08381910310178192,1.0182345638318049,1.1792580822861356,4539.445497630331,293.98218069786003,137.48504532406568,0.4676645536736318,0.6546906920193604,0.46766455367363186,1.2031548606683438
Track_72865,9,9,145,2,0,0,0,1,146.0,0.0,146.0,52.91062505466315,533.9820155811659,291.0671045799258,0.0,1.5399441051231486,6.67090694269247,0.11262770128167585,1.2303332859130707,1.2468598915640177,6118.144827586207,223.23196682636512,64.81271954205118,0.23702082549771303,0.3624015414702956,0.23533421782299982,1.2274268874394627
Track_72866,10,10,147,5,0,0,0,7,161.0,0.0,161.0,36.89657696513069,252.01160663038178,399.9974145287743,0.0,1.113975493049404,4.987906342224562,0.030484142536949005,0.6096364765099878,1.0672267877509698,3126.0680272108843,173.73303068194102,45.29439807664319,0.21237514144721573,0.22917128549770616,0.20572381253233063,1.4871051422661672
Track_72867,11,11,47,2,0,0,0,7,57.0,0.0,57.0,43.679970271561906,571.3936793221387,32.342089044484325,0.0,2.865576800069845,10.905191498181122,0.08229347777885904,2.421737140750252,2.0251087820931155,4867.468085106383,143.27743177054998,43.688101096248275,0.30486287848537585,0.7663152679221387,0.2674209492146435,1.3637498314642085
Track_72868,12,12,50,1,0,0,0,1,50.0,0.0,50.0,38.84203489515841,75.72280296475708,598.8380232650048,0.0,2.3406811187202266,7.580341250290473,0.5018779630064697,1.9669123206393726,1.5698669080950096,6144.44,116.86734556775392,40.047662611754056,0.3323600335616395,0.7768406979031682,0.33188659988333136,1.1442636577960832
Track_72869,13,13,204,5,0,0,0,3,210.0,0.0,210.0,86.8546764609448,676.5999754446211,376.8353144180669,0.0,1.5083285870078578,9.597884902048516,0.05827742079575739,0.9097122328015914,1.586407937858789,4091.0686274509803,315.18158744215003,86.8546764609448,0.27557027415786634,0.4135936974330705,0.27420662910959986,1.3670738761233283
Track_72870,14,14,211,0,0,0,0,0,210.0,0.0,210.0,125.83051933114291,430.531505686621,240.86448023828095,0.0,1.379515731043781,7.298173016767663,0.0688212040452398,0.8344967753093607,1.3620088515476465,5888.559241706161,289.6983035191941,130.33247062077635,0.4343502112459072,0.5991929491959186,0.4343502112459074,1.2063378713785158
Track_72871,15,15,167,0,0,0,0,0,166.0,0.0,166.0,76.27362354949697,26.579932771149522,574.2238090952859,0.0,1.0374725962369125,6.182490281787477,0.034879633251289725,0.6534728612361332,1.0657802526104838,7831.245508982036,172.22045097532728,76.27362354949697,0.44288365938853635,0.4594796599367288,0.4428836593885359,1.2093142017023715
Track_72872,16,16,36,0,0,0,0,0,35.0,0.0,35.0,6.6090230887676,96.80765827718594,235.3171151318744,0.0,1.3246611313875558,6.704183879795993,0.1455895805628618,0.971931959715182,1.2181769292610207,4184.888888888889,46.36313959856445,11.997362047258264,0.14254908416452963,0.1888292311076457,0.1425490841645296,1.3940453978421352
Track_72873,17,17,211,0,0,0,0,0,210.0,0.0,210.0,206.8174555448273,292.7922477630166,129.90815009757128,0.0,1.3660121855748897,7.066139239726435,0.0401334416893171,0.6780422393856121,1.4158940175406833,4238.317535545024,286.86255897072687,206.8174555448273,0.7209635732418191,0.9848450264039396,0.7209635732418193,1.2263854595895538
Track_72874,18,18,211,0,0,0,0,0,210.0,0.0,210.0,88.55055401062769,255.9542846633002,413.4509241431837,0.0,1.1996484777077696,6.259757629167663,0.03519862596838951,0.7946900474276524,1.1774936669183123,3356.8815165876777,251.92618031863157,88.55055401062769,0.35149405233958053,0.4216693048125128,0.3514940523395805,1.4658122425678384
Track_72875,19,19,140,8,0,0,0,6,154.0,0.0,154.0,9.292826071868575,555.7736686910425,234.20392957657972,0.0,1.3688898369844342,6.465650595882799,0.07800450077761976,0.9493980441789859,1.2383231997010664,4666.4857142857145,217.19312456720036,17.368449613511874,0.04278600480740973,0.06034302644070503,0.04408172579733397,1.4584588807176695
Track_72876,20,20,159,0,0,0,0,0,158.0,0.0,158.0,197.4765954969871,88.3943980214711,414.70347382069417,0.0,1.913255172561877,7.525534558175958,0.031273431148155034,1.029345324833815,1.879595291487093,4204.905660377359,302.29431726477645,197.4765954969871,0.6532593708138397,1.2498518702340955,0.6532593708138394,1.0489041870155809
Track_72877,21,21,193,1,0,0,0,1,193.0,0.0,193.0,6.231391868968754,105.23929610193021,327.0029961258226,0.0,0.6652840240557749,3.543814426327557,0.011903923680005995,0.4859002449660627,0.5718535557942777,4194.683937823835,127.84029777755823,18.587338768044077,0.04874356503620915,0.03228700450242878,0.04853115862545041,1.4010757442423407
Track_72878,22,22,210,0,0,0,0,0,209.0,1.0,210.0,15.083287758828638,654.9056018043943,342.1666876192664,0.0,1.6431725107394748,6.732154601860841,0.023078306185624013,0.8337168846007186,1.8141381879692902,4363.114285714286,343.42305474455014,17.43550465193955,0.04392042860968698,0.07216884095133319,0.043920428609686965,1.6561803825667012
Track_72879,23,23,211,0,0,0,0,0,210.0,0.0,210.0,44.84234177404841,31.231649443028147,434.9946909285132,0.0,1.004487451296292,5.301244474862324,0.03981291809992436,0.6109924827838858,1.0081028614378496,4786.018957345972,210.9423647722214,45.133715456340006,0.21258101388248782,0.21353496082880194,0.2125810138824879,1.5917506018244312
Track_72880,24,24,211,0,0,0,0,0,210.0,0.0,210.0,129.57175613512422,630.9884953590876,540.8228141950344,0.0,1.0993039748399323,6.382398864356333,0.014474248705792263,0.5975411903813913,1.1925950014595428,4217.127962085308,230.8538347163857,130.07476358175086,0.5612718380628545,0.6170083625482106,0.5612718380628543,1.60813539365503
Track_72881,25,25,208,1,0,0,0,2,209.0,0.0,209.0,9.398824516377696,135.97563587988736,173.41841901904712,0.0,0.4003420929633891,3.920008027091657,0.004607388825937052,0.25391314902541096,0.5110772212049776,3060.543269230769,86.89159237524913,9.615593159845249,0.10816724909112069,0.044970452231472224,0.11233006226898237,1.865225309638803
Track_72882,26,26,211,0,0,0,0,0,210.0,0.0,210.0,14.712436213223558,582.4826618693926,344.54901709539644,0.0,0.2517988309195428,2.0690808159148575,0.007137833755910823,0.16252409194103015,0.29540806801650643,3327.1516587677725,52.877754493104035,15.261758308735528,0.27823489015862535,0.07005922006296933,0.27823489015862557,1.4787170245988566
Track_72883,27,27,45,2,0,0,0,6,52.0,0.0,52.0,37.328061482806966,506.5223555785642,458.1712206885449,0.0,1.973532000279791,6.508142360991643,0.22604433094933252,1.604688697564185,1.4281607318796339,5126.977777777778,100.5057418643759,37.55009429932244,0.37140227802286224,0.7178473362078263,0.3637373683862516,0.9393568527230046
Track_72884,28,28,128,0,0,0,0,0,127.0,0.0,127.0,86.12863887760933,751.795843669993,601.2242561828393,0.0,1.6491409800983972,7.601344218051068,0.10767909971024346,1.4233340823657608,1.3282010753357467,4095.890625,209.44090447249638,86.12863887760933,0.4112312210192908,0.6781782588788137,0.4112312210192907,1.0176570262883697
Track_72885,29,29,199,5,0,0,0,5,210.0,0.0,210.0,116.69767217288509,523.3357647353315,553.9195142750899,0.0,1.5168203649547067,5.450993686538848,0.05740493102431662,1.1106182199030872,1.2270529408634263,4553.482412060302,304.958814493406,126.59499956270548,0.3826669918255745,0.5557032008232623,0.3663605880185133,1.0879457626889122
Track_72886,30,30,33,1,0,0,0,1,33.0,3.0,36.0,48.22280389602439,335.09773233916167,224.8071456506976,0.0,1.898677158815756,4.750535484111509,0.1712893741202109,1.7678650463985863,1.304464234529449,2832.4242424242425,62.99865420380323,48.22280389602439,0.7654576832708464,1.4612970877583147,0.7696395782576094,0.8084877796828225
Track_72887,31,31,211,0,0,0,0,0,210.0,0.0,210.0,184.09479887549136,188.1367524130416,117.4181135445831,0.0,1.7288336884950737,6.92309976439025,0.05616703522750012,1.205424835622236,1.5664753834041516,6366.545023696683,363.05507458396545,184.09479887549136,0.5070712731021609,0.8766418994071017,0.5070712731021609,1.1054616932707504
Track_72888,32,32,32,0,0,0,0,0,31.0,0.0,31.0,17.21134262471353,814.5134710316406,629.59439670639,0.0,1.6902419900329748,4.611777166438313,0.022877457461312103,1.2807427792969655,1.123325174173682,4936.25,52.39750169102223,17.21134262471353,0.3284763980963336,0.5552046007972107,0.32847639809633367,1.2344563932213755
Track_72889,33,33,95,1,0,0,0,4,98.0,0.0,98.0,21.627975391238188,133.91963562858564,230.40138313801967,0.0,0.8676322944868516,4.85279295821293,0.11798893537921076,0.6716919934179808,0.7367547238903012,3182.315789473684,82.02939142328088,21.627975391238188,0.2636612928119313,0.220693626441206,0.2543630842737729,1.4702042320463518
Track_72890,34,34,207,0,0,0,0,0,206.0,0.0,206.0,257.7955970817329,624.964104814912,142.00296502900176,0.0,1.7897403328671853,6.754731470936785,0.07289135683756261,1.3077022727073522,1.560487250533983,3350.386473429952,368.68650857064,257.7955970817329,0.6992270969750972,1.2514349372899656,0.6992270969750969,0.9854559388002513
Track_72891,35,35,211,0,0,0,0,0,210.0,0.0,210.0,186.79825108353575,552.536359349718,416.5744621349088,0.0,1.4239322055311103,7.3701074549894425,0.07898474615962858,0.7741254838352959,1.4213910747092757,5777.094786729858,299.0257631615331,186.79825108353575,0.6246894886532827,0.8895154813501702,0.6246894886532826,1.1910448189241845
Track_72892,36,36,211,0,0,0,0,0,210.0,0.0,210.0,88.25582790942259,81.8919358261144,583.9700246400341,0.0,1.3044748547706917,7.576780133935441,0.040335320835470576,0.9033851300656288,1.3229309228249273,5864.440758293839,273.93971950184505,93.15579014437388,0.3221724402358095,0.42026584718772664,0.32217244023580927,1.202275551767967
Track_72893,37,37,211,0,0,0,0,0,210.0,0.0,210.0,13.538636965439691,642.9439290129031,475.708226867124,0.0,0.17438411117826413,1.9383590275570934,0.003260969976778918,0.11587733608681974,0.2652345479195656,7228.236966824645,36.620663347435446,13.94372371240339,0.369699391761231,0.06446969983542711,0.36969939176123084,1.8969820969261666
Track_72894,38,38,53,1,0,0,0,3,55.0,0.0,55.0,18.59778547758074,433.84918415750616,632.7776761838581,0.0,1.3259182598632773,4.569323377406431,0.02009091641779272,1.1407287088077402,0.9483701768380461,5048.188679245283,69.68975574174905,18.59778547758074,0.26686541342602754,0.33814155413783165,0.2550244342910696,1.0496033705370595
Track_72895,39,39,211,0,0,0,0,0,210.0,0.0,210.0,141.24172511656164,120.41738712795096,599.6042023396809,0.0,1.211203953462997,8.545214853132768,0.012959149303776523,0.5996200011366292,1.5799439556353085,6037.355450236967,254.3528302272295,141.24172511656164,0.5552984214501622,0.6725796434121983,0.5552984214501625,1.453513656559716
Track_72896,40,40,211,0,0,0,0,0,210.0,0.0,210.0,15.505176289945014,557.544751364818,190.86525068943644,0.0,2.524646491115387,10.900730100082308,0.17227233396315525,2.1258467239184773,1.8424133984051878,16585.578199052132,530.1757631342316,19.886408790663552,0.029245351010169365,0.07383417280926197,0.02924535101016938,1.7163171770286763
Track_72897,41,41,211,0,0,0,0,0,210.0,0.0,210.0,13.556811920658701,601.8877493685138,354.3748864974238,0.0,0.34867576388750954,2.5073916809751493,0.00618090584187788,0.23379829274168265,0.401267347216344,5282.781990521327,73.22191041637699,14.755353815146618,0.18514692997721283,0.0645562472412319,0.1851469299772128,1.4969087100548728
Track_72898,42,42,211,0,0,0,0,0,210.0,0.0,210.0,110.45935592208451,435.04400079753435,424.2261891096912,0.0,1.6859147733114148,23.486618516804505,0.027201937459654952,0.7771541515905733,2.812840367584721,5504.54028436019,354.04210239539714,110.45935592208451,0.3119949722779654,0.5259969329623072,0.3119949722779654,1.351386224709363
Track_72899,43,43,39,1,0,0,0,2,40.0,0.0,40.0,29.090060167937146,371.0289237688411,182.0001954990489,0.0,1.6425939186056482,7.388277263950663,0.23619023903106093,1.2681409803351864,1.4932102842870902,4103.076923076923,64.91340621608542,30.633039079729077,0.4481363999156261,0.7272515041984287,0.4427457669000577,1.1692622229737326
Track_72900,44,44,13,0,0,0,0,0,12.0,0.0,12.0,10.21291944637226,858.4319570419709,350.2642647036064,0.0,2.3812824387127844,5.4153073308267645,0.5385515198373089,2.4389011939411955,1.4157222129779583,4271.538461538462,28.575389264553415,15.509826892558001,0.3574026359473242,0.8510766205310216,0.3574026359473242,0.9071680849829796
Track_72901,45,45,9,0,0,0,0,0,8.0,0.0,8.0,2.898033745135686,370.50569859875327,188.0469390470055,0.0,1.7713129509212848,3.939204978714256,0.47768241363667874,1.5866785873734395,1.0907673250444818,3703.3333333333335,14.170503607370279,3.650580788713604,0.2045116973562166,0.36225421814196074,0.2045116973562166,2.452564406866014
Track_72902,46,46,89,1,0,0,0,1,89.0,0.0,89.0,14.411904283590328,188.13534631742613,57.169131815464965,0.0,0.2796083689408121,2.5005927504986913,0.00941726108138394,0.16159079937068332,0.40500752540142343,2948.3370786516853,24.62947069378029,14.525880444723628,0.5851487619354233,0.1619315088043857,0.579136845645216,1.5395509464838149
Track_72903,47,47,211,0,0,0,0,0,210.0,0.0,210.0,16.97809885720354,505.81687758678106,175.29841212289577,0.0,0.7548164787928127,3.636272431936937,0.04454902365662205,0.5607323345269941,0.651906248319967,4877.284360189574,158.51146054649075,23.830509287216028,0.10710959825030403,0.08084808979620733,0.10710959825030408,1.3781962520538946
Track_72904,48,48,59,3,0,0,0,2,62.0,0.0,62.0,12.399074326056576,266.13298721273975,55.53016262485747,0.0,0.6322819893993168,4.1607702622902885,0.0470965530950245,0.4112863234935571,0.7250039111013898,2942.7457627118642,37.97468290640994,16.37217285433584,0.3265089627374788,0.19998506977510608,0.3162909479124919,1.3328809978147431
Track_72905,49,49,205,3,0,0,0,3,210.0,0.0,210.0,145.12635680245376,383.49085965442214,216.80843794147907,0.0,1.4714556340746583,7.151278792767108,0.0723265824136366,1.1501753678739077,1.1639179974157372,3668.058536585366,303.5371444529756,145.12635680245376,0.4781172896121019,0.6910778895354941,0.4696559471669605,1.0342028931587939
Track_72906,50,50,54,0,0,0,0,0,53.0,0.0,53.0,33.53494485183452,380.52775475561145,348.87281020928674,0.0,1.9970692157658212,9.169499017367249,0.2748779877286045,1.446149008921846,1.651386096691945,6212.944444444444,105.8446684355885,35.55202398409197,0.3168316869190452,0.6327348085251796,0.3168316869190451,0.9822858537369038
Track_72907,51,51,43,0,0,0,0,0,42.0,0.0,42.0,52.06339265972746,542.0926060291885,38.49056741303157,0.0,2.124320611984037,5.550600925859375,0.27636034391713604,1.872044966914392,1.4023055746274475,3935.3953488372094,89.22146570332957,52.06339265972746,0.583529896637694,1.2396045871363681,0.5835298966376941,1.058406554874379
Track_72908,52,52,135,3,0,0,0,4,140.0,0.0,140.0,109.77287683971151,277.203350748158,78.01675434543581,0.0,1.5438888117009648,5.059838751120401,0.1163969629387405,1.2640455145659057,1.1084198958644045,2951.614814814815,218.50235427294447,110.66681240390788,0.502387615936566,0.7840919774265108,0.5078681647823103,1.2091361179890319
Track_72909,53,53,111,0,0,0,0,0,110.0,0.0,110.0,67.04474821595039,726.0890289009237,160.3508370996918,0.0,1.4402704190087179,5.752522020189793,0.09585199841628754,1.1818601618342879,1.142097093565432,4375.45045045045,158.429746090959,68.58748588495855,0.42318282942559354,0.6094977110540944,0.4231828294255936,1.3264299489596603
Track_72910,54,54,11,0,0,0,0,0,10.0,3.0,13.0,52.892065426923736,457.6990978925533,66.29627199942277,0.0,6.740698952513307,14.68564843287471,1.4979438626292103,6.58889516305559,4.544692629495738,4843.0,67.40698952513308,52.892065426923736,0.7846673735103186,5.289206542692374,0.7846673735103188,1.1529680492965297
Track_72911,55,55,97,2,0,0,0,2,99.0,0.0,99.0,78.15059807817367,20.984731145554353,320.3679835525094,0.0,2.162681446655475,9.593529500863568,0.18396020370717994,1.8398540094419102,1.6142744980879467,5328.422680412371,208.79421976127304,79.58229894447534,0.3742948352091736,0.7893999805876128,0.3650098269481145,1.1000969343820337
Track_72912,56,56,211,0,0,0,0,0,210.0,0.0,210.0,61.72489649564127,738.0184386796909,450.9506597778266,0.0,0.7875365336706287,5.8498854884702265,0.03514310396025746,0.4380612233285656,0.9913169665655132,4751.014218009479,165.38267207083186,62.050907322512465,0.3732246898828982,0.2939280785506727,0.3732246898828978,1.6640498433871933
Track_72913,57,57,152,0,0,0,0,0,151.0,0.0,151.0,156.252573218479,330.3617803653959,108.03983359486833,0.0,1.6910855765128463,6.051335908061794,0.0272443243160934,1.1328025580658485,1.5290780797708603,4706.6776315789475,255.3539220534398,156.252573218479,0.6119059067586159,1.03478525310251,0.6119059067586159,1.0055889333423285
Track_72914,58,58,196,3,0,0,0,7,210.0,0.0,210.0,171.7858225709769,425.8424073497628,191.5424708556271,0.0,1.3482677667966663,10.42167301111398,0.07169278843130399,0.8176716519805713,1.3828102758100993,5912.897959183673,290.9451867799914,171.7858225709769,0.5904405034920852,0.8180277265284615,0.6067249745738593,1.1282266038356161
Track_72915,59,59,82,0,0,0,0,0,81.0,0.0,81.0,45.01373904650828,639.3384059925842,26.862236177228755,0.0,1.2321074174008741,4.334152281492014,0.015175584772161653,0.8624021473330151,1.167346238988632,3627.939024390244,99.80070080947075,45.11309997494842,0.45103630216428925,0.5557251734136824,0.451036302164289,1.2751618113066947
Track_72916,60,60,197,6,0,0,0,5,207.0,0.0,207.0,29.64055604401749,212.9189681387056,368.9573886265125,0.0,3.1146855935391415,10.875428719589914,0.19351110852882872,2.740896596087429,2.2673024219979503,6171.822335025381,635.976700899742,32.36032333544733,0.046606355236101876,0.14319109200008448,0.045972888017046985,1.236315984849777
Track_72917,61,61,211,0,0,0,0,0,210.0,0.0,210.0,182.9413628966483,240.01217383726174,242.93470272619632,0.0,1.9685561899451776,7.6721195331225935,0.040733159241303406,1.3821347886050148,1.7701901448378943,6451.004739336493,413.3967998884873,182.9413628966483,0.4425321215500368,0.8711493471268966,0.4425321215500368,1.1713938026518447
Track_72918,62,62,67,1,0,0,0,1,67.0,0.0,67.0,4.259045752972387,338.22432763480504,365.3073738321226,0.0,1.526575055407035,6.183917764800321,0.14725984278261411,1.197093448100907,1.2030458092284102,4364.701492537313,105.15687986099158,14.9706434414821,0.04050182697130689,0.06356784705928936,0.04164082652479874,1.394405845947739
Track_72919,63,63,205,2,0,0,0,4,209.0,0.0,209.0,71.45993752225553,164.78005601079303,148.12251367497126,0.0,1.0604733150936434,5.307745026510385,0.019982447893944308,0.7377937614035347,0.9293215033261459,4936.8,217.67918462957707,77.9295014127621,0.3282809867367812,0.34191357666150973,0.32241601160074224,1.254752483031636
Track_72920,64,64,208,2,0,0,0,1,209.0,0.0,209.0,38.438922126967235,810.1230610363662,64.8630290743041,0.0,0.7305834072654862,6.069974859762477,0.020099618774398923,0.4509797571778323,0.9039911592109569,3074.610576923077,153.19550594505645,38.438922126967235,0.2509141628524883,0.18391828768883844,0.25174167091643856,1.7651707742006821
Track_72921,65,65,14,1,0,0,0,1,14.0,1.0,15.0,21.034041993810753,678.5684103972654,514.671572882563,0.0,8.051832054871682,16.47208418997657,1.2797094678584846,8.135193185932014,5.081642052965434,7866.214285714285,119.3563736803123,26.483451605347952,0.17622889624771076,1.5024315709864824,0.18659499611364236,1.178204623168927
Track_72922,66,66,176,1,0,0,0,1,176.0,0.0,176.0,97.38404829794489,333.4359529088182,69.02785343819436,0.0,1.173532271219777,5.8005119805562035,0.02150774031450282,0.8440608174759903,1.0311425910041465,4683.619318181818,206.89011679524364,97.38404829794489,0.47070420668921836,0.5533184562383232,0.47149828752744943,1.3044608961366355
Track_72923,67,67,88,1,0,0,0,1,88.0,0.0,88.0,6.686086787551598,137.95682693327197,142.03411047541147,0.0,1.7545268584115299,7.747212992533248,0.274071916013856,1.1846101996310991,1.4054784024107598,6036.943181818182,153.58488099167482,21.14076265580409,0.04353349590389709,0.07597825894944997,0.043304129877064,1.3901985740969096
Track_72924,68,68,211,0,0,0,0,0,210.0,0.0,210.0,42.50246944059338,133.3097572031167,361.2813502079035,0.0,0.7973064263690572,4.657567879010678,0.01138701433508133,0.47377041996888214,0.8498116059221729,5825.9336492891,167.43434953750196,43.07918332947405,0.25384557922550816,0.20239271162187325,0.2538455792255081,1.3805313661096028
Track_72925,69,69,211,0,0,0,0,0,210.0,0.0,210.0,16.476640540027216,310.69495573150397,521.9227657976403,0.0,0.2886622716076565,5.2226003436155635,0.003013895458151597,0.20588486859185326,0.4379741534393279,8709.369668246445,60.61907703760784,16.907148580732283,0.2718061927898568,0.07846019304774865,0.2718061927898567,1.7975493256726909
Track_72926,70,70,80,1,0,0,0,2,81.0,1.0,82.0,19.746605063955542,228.07092054619312,294.13853706557154,0.0,0.6045537574095258,14.7136399469574,0.004058573628875518,0.3806676678170515,1.6372068656311458,2851.375,48.3070956675022,19.746605063955542,0.40877235095795134,0.24378524770315485,0.4032482549571093,1.7570490782897095
Track_72927,71,71,183,0,0,0,0,0,182.0,0.0,182.0,224.98539870410576,741.9130570584523,137.08563827018565,0.0,1.7989325167545638,8.293259677932078,0.03492537227062321,1.2358326740869217,1.609746569800509,3975.1967213114754,327.4057180493307,224.98539870410576,0.6871761435461762,1.2361835093632185,0.6871761435461764,1.0067618060645602
Track_72928,72,72,33,0,0,0,0,0,32.0,0.0,32.0,12.63306840689198,534.3249556235533,222.76667784430344,0.0,1.1376007157507186,4.076787358552713,0.22861379156297332,1.1276478740234932,0.7919378080001959,2894.3333333333335,36.403222904022996,14.844471433186941,0.3470315922356389,0.39478338771537436,0.3470315922356389,1.1410234691217833
Track_72929,73,73,93,1,0,0,0,1,93.0,0.0,93.0,76.7475939727331,221.19816536394313,493.01483732873714,0.0,2.3935129682518705,10.863227251853191,0.19648349036819013,1.9685810813119706,1.831106471881376,4418.021505376344,221.51837319964588,76.7475939727331,0.346461527611362,0.8252429459433667,0.3447831521657024,1.1552068966563456
Track_72930,74,74,123,0,0,0,0,0,122.0,2.0,124.0,58.636890229516446,38.80149403125219,203.30775195284247,0.0,1.1414564672110832,4.419962918757052,0.0456740542334821,0.9403403338509861,0.8333195681280392,3266.4471544715448,139.25768899975213,58.636890229516446,0.4210675234573282,0.4806302477829217,0.4210675234573281,1.3071550668431606
Track_72931,75,75,209,0,0,0,0,0,208.0,0.0,208.0,186.91106871463586,322.1115310911939,243.60311418569609,0.0,1.5144742382689464,5.903803528302259,0.030024273757942924,0.9472827848065308,1.4532639452738867,4625.818181818182,315.0106415599409,186.91106871463586,0.5933484271802609,0.8986109072819032,0.5933484271802609,1.3390335096098087
Track_72932,76,76,85,0,0,0,0,0,84.0,0.0,84.0,109.52290936740621,753.8243883066754,70.81923985909702,0.0,2.2943448836928804,9.618700410290494,0.10046316047362921,1.461274384562438,2.0124539704477966,9633.470588235294,192.724970230202,110.57511891808893,0.56828603598478,1.3038441591357883,0.5682860359847801,0.9312823637621537
Track_72933,77,77,211,0,0,0,0,0,210.0,0.0,210.0,167.3188133978417,260.49552024890704,311.06968070736656,0.0,1.481387523108218,4.95927866336866,0.08812440380894604,1.0960278909840866,1.141985067723024,4424.862559241707,311.09137985272577,167.3188133978417,0.5378445827623136,0.7967562542754366,0.5378445827623135,1.0761358354785868
Track_72934,78,78,56,0,0,0,0,0,55.0,0.0,55.0,36.341086171683266,472.18951493434616,516.82169697607,0.0,1.6963979118937784,6.579624521921471,0.09665310662919832,1.4411546845726146,1.2584325268444572,6089.410714285715,93.30188515415783,39.91131375308223,0.3895000204083635,0.6607470213033321,0.38950002040836357,1.009519461212245
Track_72935,79,79,211,0,0,0,0,0,210.0,0.0,210.0,78.19251317435001,816.7709519096373,492.4670057483581,0.0,0.9674773340731593,4.899348483101464,0.031916542793741676,0.6362148168727882,0.9427924552138099,4797.113744075829,203.17024015536347,79.5525304451632,0.38486204039802535,0.37234530083023815,0.3848620403980254,1.648883231768277
Track_72936,80,80,211,0,0,0,0,0,210.0,0.0,210.0,12.577126078075997,613.7835245763672,374.73614469593156,0.0,0.37493450612063395,2.144375416757372,0.019682644060217126,0.27687567669605756,0.3680794079104651,3378.7630331753553,78.73624628533318,15.227953085269583,0.15973743569762783,0.05989107656226665,0.15973743569762794,1.7200017086973705
Track_72937,81,81,203,2,0,0,0,7,210.0,0.0,210.0,11.09140516531486,522.4491197264852,145.31065333099508,0.0,1.9848412735413752,9.962429203859472,0.1034978180709039,1.614871052664648,1.477546836125265,3758.945812807882,408.49478977489025,22.29753254329077,0.027151888941905514,0.052816215072927906,0.026609792821716494,1.4358247244159346
Track_72938,82,82,44,0,0,0,0,0,43.0,0.0,43.0,29.05732418149637,739.9271149576184,390.14446909761597,0.0,2.0374944521567797,5.164351382987092,0.2259759936307774,1.8228927672306205,1.2642466510027104,4425.0,87.61226144274151,29.05732418149637,0.33165819147913006,0.6757517251510784,0.33165819147913006,1.1833708112797512
Track_72939,83,83,210,0,0,0,0,0,209.0,1.0,210.0,120.4610745042843,662.1961396527494,105.65918701754579,0.0,1.1333456203569685,5.9755745235461495,0.02392345357791705,0.7895318060586577,1.0930089639239022,4467.380952380952,236.86923465460637,120.70607511341231,0.5085551725615022,0.5763687775324607,0.5085551725615021,1.382775072313578
Track_72940,84,84,211,0,0,0,0,0,210.0,0.0,210.0,2.957960674174851,394.9645204759029,112.22325076076339,0.0,0.45956857678062385,3.3703239892016357,0.03694497599958994,0.3502991278895965,0.43373891400362335,9402.729857819906,96.509401123931,7.7427790036353095,0.030649456319560342,0.014085527019880242,0.03064945631956034,1.7180848071628354
Track_72941,85,85,76,1,0,0,0,4,79.0,0.0,79.0,15.5645285496005,180.64197504501743,10.304177033476975,0.0,1.2525999930203464,4.0424743562877214,0.1322751329836295,1.0700655982481906,0.8197639788129409,5222.736842105263,97.89853117742008,15.5645285496005,0.1589863337315361,0.19701934872912025,0.15728832015562688,1.2177010159216628
Track_72942,86,86,27,1,0,0,0,7,33.0,0.0,33.0,12.559737553221913,100.2277245062435,556.3522895095599,0.0,1.7809827020009077,5.526924335013487,0.24377817900658597,1.4604438277878367,1.304202337539108,4193.333333333333,50.39973695996092,12.696164666999978,0.2492024425286138,0.3805981076733913,0.21370118151388837,1.0404441475754345
Track_72943,87,87,49,1,0,0,0,1,49.0,0.0,49.0,15.229939261064178,388.63340208288423,10.56201747110281,0.0,1.6833800784778514,4.339300148333857,0.08921176627221275,1.5393851990229244,1.1181736649165344,4544.081632653061,81.44725657548202,15.229939261064178,0.18699143349229558,0.3108150869604934,0.18463749864590243,1.2964391783038378
Track_72944,88,88,210,1,0,0,0,1,210.0,0.0,210.0,198.7294400569924,377.9885792210729,240.07116284685313,0.0,1.9730394039048176,11.232613192230339,0.05005362428781323,1.4430833259381317,1.667325294254575,4679.842857142857,413.601069050407,198.7294400569924,0.48048579882363057,0.946330666938059,0.479630900966898,1.1125733310953045
Track_72945,89,89,124,1,0,0,0,5,128.0,1.0,129.0,2.6701181918304644,74.70075164274012,11.701856186902718,0.0,0.5210279996415431,2.269476641923817,0.02784948270545215,0.37509879908488686,0.4457565337126158,3027.9274193548385,64.23156639643884,9.306517056843626,0.041570186461753526,0.020860298373675503,0.04003680874737437,1.5230931634047629
Track_72946,90,90,41,0,0,0,0,0,40.0,0.0,40.0,8.167712600979407,143.73842708303894,408.118294049986,0.0,1.2903761816269699,3.569249526487471,0.23363767700605023,1.1992566914173273,0.7164449855834683,3387.048780487805,51.61504726507881,12.677617780699006,0.1582428581152426,0.20419281502448516,0.15824285811524264,1.422585720852903
Track_72947,91,91,211,0,0,0,0,0,210.0,0.0,210.0,14.525134141109143,639.4020166724987,313.1074173696595,0.0,0.504862862099112,6.213179129026694,0.028125021116335892,0.29021168610798637,0.7387582532461362,5608.303317535545,106.0212010408136,17.612079688013477,0.13700216559061232,0.06916730543385306,0.1370021655906124,1.6088729541799747
Track_72948,92,92,71,3,0,0,0,3,78.0,0.0,78.0,26.067677101035887,749.5348794208587,14.40639712457707,0.0,1.1273972558945229,5.589887594702719,0.026257164522236722,0.6766083529850198,1.2215454027880317,5020.788732394366,81.51029424658331,27.013507845738435,0.3198084038584927,0.33420098847481905,0.2964358718521542,1.3084361780086053
Track_72949,93,93,42,2,0,0,0,4,49.0,0.0,49.0,9.68479434851927,834.0915276445031,22.825846039688912,0.0,1.23043864144409,6.015697648150778,0.026301305512888503,0.784236373401936,1.1823252580408046,4531.785714285715,53.21452505645823,13.941357418400704,0.1819953168471228,0.19764886425549533,0.1606328488054691,1.0414587483615672
Track_72950,94,94,192,9,0,0,0,7,210.0,0.0,210.0,69.86544941039284,832.2904602794283,380.69400099235736,0.0,1.4996056799278876,6.899893386566516,0.03963214312274266,1.0534105339779158,1.3062669319108433,5027.614583333333,312.3061807529976,75.16711806964547,0.223708186760637,0.33269261623996593,0.22185339832532797,1.1758998738686888
Track_72951,95,95,10,0,0,0,0,0,9.0,4.0,13.0,6.517182908904536,859.8106658132294,24.618090815014106,0.0,2.91751384815493,5.127330249308745,0.04688762796096141,3.740004835069506,1.8467684692310047,4147.4,26.257624633394375,8.192820839697657,0.24820154145306808,0.7241314343227262,0.24820154145306814,1.3415004522201661
Track_72952,96,96,211,0,0,0,0,0,210.0,0.0,210.0,111.80232002949984,804.6832628105498,526.6485584748941,0.0,0.9132348923236573,6.151534360634075,0.03131412939691831,0.3773209774338861,1.2618503947772306,5693.327014218009,191.77932738796807,112.3575164059842,0.5829737832134776,0.5323920001404754,0.5829737832134776,1.5450782299683044
Track_72953,97,97,203,0,0,0,0,0,202.0,0.0,202.0,147.5013658616104,772.192846181257,71.50278911575724,0.0,1.561697750559506,8.230773344473079,0.03674542236775287,1.1206597574031727,1.4562655051561748,5686.87684729064,315.46294561301994,147.5013658616104,0.46757112970900583,0.7302047814931207,0.4675711297090054,1.3412140548411335
Track_72954,98,98,54,3,0,0,0,2,59.0,0.0,59.0,18.16216505358055,817.4019388789543,163.06619512019986,0.0,2.2495904131383004,9.346984507493996,0.1574077193225316,1.4902801361261446,2.1825992760331685,7694.092592592592,124.2456206274197,21.358054640270296,0.1461795189388941,0.3078333059928907,0.1368397127739563,1.0918433744185678
Track_72955,99,99,187,12,0,0,0,7,208.0,2.0,210.0,241.68075101983266,278.75204151229815,376.70017523484967,0.0,2.996396197844387,15.12136367864407,0.08778384005968927,2.6825874108146825,2.129749203893952,4427.155080213904,612.4417315941525,241.68075101983266,0.39461835886125984,1.1619266875953493,0.3877747169854379,1.2273292089319034
Track_72956,100,100,108,0,0,0,0,0,107.0,0.0,107.0,102.84167211057016,49.56047942449506,500.63401252610737,0.0,1.754408889880788,6.906394495547398,0.05966716731674733,1.253072782992947,1.5025015849067087,5847.5,187.72175121724445,102.84167211057016,0.5478410010758675,0.9611371225286931,0.547841001075868,1.0531484771586457
Track_72957,101,101,7,0,0,0,0,0,6.0,0.0,6.0,2.754850066762284,64.76641397718815,546.635322360788,0.0,1.5106470216918226,4.165977900604642,0.5826134355307693,1.2768869741318782,1.3576298327456118,3037.8571428571427,9.063882130150937,4.250462685022033,0.30393710191776385,0.459141677793714,0.3039371019177639,1.7919973276534507
Track_72958,102,102,4,0,0,0,0,0,3.0,8.0,11.0,27.8833769743977,477.46322643453664,405.26493956893495,0.0,20.907429686377284,25.131544095564788,15.02667597026732,22.564068993299742,5.252183384302531,6215.0,62.72228905913185,32.45142449393079,0.4445529235725192,9.2944589914659,0.4445529235725192,1.4906727385261962
Track_72959,103,103,17,4,0,0,0,3,22.0,7.0,29.0,13.544968049508586,6.993232305528775,211.4161789826743,0.0,1.7756750985589091,6.992999020496848,0.19077512267388774,1.220002643743266,1.8872135598978945,4082.529411764706,41.45926199719102,20.10411493383548,0.3267054789934827,0.6156803658867539,0.34673030352592304,1.1665932968371335
Track_72960,104,104,9,0,0,0,0,0,8.0,7.0,15.0,2.5540383965621234,693.274134096191,229.18809826494783,0.0,0.7255642878150969,1.3145265054604875,0.10697430995208101,0.8278337324499583,0.37730620012563854,2888.777777777778,5.804514302520776,2.5540383965621234,0.44000897636740416,0.3192547995702654,0.4400089763674042,1.9814468877925095
Track_72961,105,105,8,2,0,0,0,3,12.0,7.0,19.0,2.6817959443532713,33.42538678890414,6.168645447841162,0.0,1.2628318838332375,3.6832673889299308,0.6414526629750371,0.6720584393633912,1.1507421132262223,3010.125,12.203263477820151,3.6964339275506912,0.21976055415238122,0.2234829953627726,0.17696971245642426,0.8482672377526193
Track_72962,106,106,17,0,0,0,0,0,16.0,9.0,25.0,31.144898777165054,451.1483796797346,66.43705575853204,0.0,7.016596561274696,15.159242716164657,0.9030040284314362,7.496838936463678,4.1380005146433705,5668.705882352941,112.2655449803951,38.70564120203657,0.2774217038950274,1.9465561735728159,0.27742170389502735,0.980621413526277
Track_72963,107,107,45,4,0,0,0,7,62.0,9.0,71.0,38.58018697000182,580.6323262024805,31.53015205381513,0.0,1.903018111066148,7.703681937668691,0.22913555276990266,1.2581063113646334,1.6950074493094598,3288.1111111111113,98.74538203745297,38.58018697000182,0.3907037086085586,0.6222610801613196,0.32698642043543336,1.1260974273327218
Track_72964,108,108,3,0,0,0,0,0,2.0,2.0,4.0,31.75521031761335,483.70709935713313,423.94302372080665,0.0,16.030791201184172,16.62180502478292,15.439777377585425,16.62180502478292,0.8358197648833277,6042.666666666667,32.061582402368344,31.75521031761335,0.990444261892315,15.877605158806675,0.990444261892315,0.2768986274332723
Track_72965,109,109,5,0,0,0,0,0,4.0,0.0,4.0,5.133929804702815,381.33675021660554,38.21008101258566,0.0,2.171747436568556,3.690812910613402,1.244120586385467,2.315372310266683,1.1148987902354586,3643.6,8.686989746274223,6.452702492784056,0.5909906601311132,1.2834824511757037,0.5909906601311132,1.254845569316721
Track_72966,110,110,8,1,0,0,0,6,13.0,10.0,23.0,8.353543082979494,301.88112103168874,288.0746151482002,0.0,1.1199127114789758,2.2047838849075267,0.38311413377087433,1.0088502887199784,0.6646299306543756,3347.875,15.517232672211428,11.149544760534159,0.5383397452007784,0.6425802371522688,0.5737770725931545,1.2597424799843964
Track_72967,111,111,17,3,0,0,0,5,29.0,15.0,44.0,10.231111835732495,582.4109901578712,42.90108081332411,0.0,2.031807061865597,10.768379023458753,0.21536523618432135,1.6458757759839207,2.5000274036622634,6430.470588235294,58.3492006496843,16.683974280044158,0.1753427934198761,0.35279695985284465,0.17363703792273857,1.4012399160965467
Track_72968,112,112,2,0,0,0,0,0,1.0,19.0,20.0,9.582121957332806,448.60152857443734,54.501222024596146,0.0,9.582121957332806,9.582121957332806,9.582121957332806,9.582121957332806,NaN,2801.5,9.582121957332806,9.582121957332806,1.0,9.582121957332806,1.0,NaN
Track_72969,113,113,57,2,0,0,0,2,60.0,14.0,74.0,46.445016048340044,8.398373171979332,180.9753211948904,0.0,1.787527001602318,7.710129980498585,0.32697668348365216,1.3925510332047846,1.5741584032242284,4149.789473684211,105.13783690746743,46.445016048340044,0.44175358191187286,0.7740836008056674,0.4330472211674498,1.107124204182362
Track_72970,114,114,9,1,0,0,0,1,9.0,18.0,27.0,40.85763329523735,687.7515429567452,447.4816414531522,0.0,6.389834182557294,9.1438943231077,2.223563129507759,7.799291824339554,2.526230216646142,4069.1111111111113,59.5377686627132,42.05408254594546,0.6862473050795623,4.53973703280415,0.7104624162543274,0.9477374444810016
Track_72971,115,115,12,1,0,0,0,1,12.0,18.0,30.0,24.257267506661574,703.5834273287234,449.62851676027236,0.0,5.585525084528621,9.474498553163015,2.0541919190926774,5.501699412171449,2.497946834853982,4866.666666666667,66.94247534198627,36.40457312845648,0.36235988261174196,2.0214389588884645,0.3619067013927948,1.3014275204261536
Track_72972,116,116,14,1,0,0,0,1,14.0,18.0,32.0,1.6714599610268697,371.53853595604716,130.72667043748874,0.0,0.64279943237054,1.2156517907105133,0.19109697677332327,0.5934328074070918,0.34429601158666734,2847.3571428571427,8.547489597590344,1.6874536256063202,0.1955498093262468,0.11938999721620498,0.18573444717571394,1.4515892393088698
Track_72973,117,117,7,0,0,0,0,0,6.0,15.0,21.0,6.789243995597475,88.4403264621504,600.3080971424127,0.0,1.2541697032087047,1.663264434949972,0.7556759632785321,1.489639451439459,0.37338736985569426,3068.714285714286,7.525018219252228,6.789243995597475,0.9022229312651593,1.1315406659329124,0.9022229312651593,0.3450008557172958
Track_72974,118,118,11,0,0,0,0,0,10.0,17.0,27.0,8.730735179248388,298.776490422113,15.923351869181783,0.0,1.3201564824337826,3.218031069198166,0.4861306601202582,1.012695386908298,1.0361848015636952,2792.818181818182,13.201564824337826,8.730735179248388,0.6613409315805341,0.8730735179248388,0.6613409315805341,1.0976781537649756
Track_72975,119,119,9,0,0,0,0,0,8.0,15.0,23.0,7.854603790645623,833.4195372508464,171.03001184394688,0.0,1.611923989318723,4.546770156466073,0.3790630930971886,1.3798831266767244,1.3343204465297003,3303.1111111111113,12.895391914549784,7.854603790645623,0.6091015955694473,0.9818254738307028,0.6091015955694473,1.2400155124637107
Track_72976,120,120,16,0,0,0,0,0,15.0,14.0,29.0,21.591486231147485,7.090322881746996,398.37687445348837,0.0,1.5117740231400745,5.681243949168034,0.11269484827261733,1.2253592423443695,1.2545312653924203,3526.4375,22.67661034710112,21.591486231147485,0.9521478695737984,1.4394324154098324,0.9521478695737986,0.8103184902046573
Track_72977,121,121,20,0,0,0,0,0,19.0,12.0,31.0,27.639463623640744,799.4103536557072,633.7158938113491,0.0,2.023004679915203,4.163947566709471,0.8737551238318678,1.7792744787562151,0.9961010348542364,4005.65,38.437088918388866,27.639463623640744,0.7190831668424718,1.4547086117705654,0.7190831668424719,1.2176217256251358
Track_72978,122,122,16,2,0,0,0,3,19.0,20.0,39.0,8.61930036426766,203.92803343825005,27.23738342645988,0.0,1.943319097297789,6.766017582439308,0.4141889370719138,1.414973199474799,1.738690349515379,3323.3125,34.377428398771535,9.677576266723584,0.2507255709847008,0.45364738759303475,0.23343947384854988,1.0771085431590084
Track_72979,123,123,18,3,0,0,0,4,26.0,20.0,46.0,42.83990955192844,480.1505951857784,365.63673439528634,0.0,15.340637426911792,22.6413198192933,1.5926546174397846,17.613308750090603,6.325672196239607,6122.333333333333,290.4769578200064,42.83990955192844,0.14748126623687008,1.6476888289203246,0.10740680345067116,1.3289614993369328
Track_72980,124,124,101,0,0,0,0,0,100.0,21.0,121.0,59.638158390578106,598.4551699488874,627.7058069384809,0.0,1.0007356053647225,4.008008275766301,0.03439960341883668,0.8265569435436714,0.8132414787129588,3523.009900990099,100.07356053647224,59.65015377949299,0.5959432048871962,0.5963815839057811,0.5959432048871962,1.207644038358713
Track_72981,125,125,68,1,0,0,0,7,74.0,21.0,95.0,9.275725952852198,371.74059165429566,167.2311796025861,0.0,1.1821576476135585,4.30163588280845,0.05859618380676454,0.9064596390964715,0.8712444656392438,3407.323529411765,80.31621091074031,10.531518679270865,0.11549008410220955,0.12534764801151618,0.10603293753972458,1.4033682681327866
Track_72982,126,126,4,1,0,0,0,1,4.0,14.0,18.0,11.702371089148393,447.7736419999205,71.72175712758315,0.0,2.909514400921582,4.175567664685181,0.5093430045659119,4.043632533513653,2.079655925537265,3223.25,12.772175736278399,12.126552327469803,0.9162394356905608,2.9255927722870982,1.0055261356879428,1.4155421808217457
Track_72983,127,127,22,6,0,0,0,7,48.0,17.0,65.0,39.115943386403,465.8417778130035,381.3510979765071,0.0,12.082903692468813,19.616837562921045,1.184543941410755,14.176444787017704,6.862434470605299,5904.954545454545,321.77044883505664,65.39571725369092,0.1215647475646662,0.8149154872167292,0.0674436797609055,0.9674615259564401
Track_72984,128,128,181,1,0,0,0,7,187.0,23.0,210.0,8.996589896421794,834.221265990015,18.055435462708626,0.0,1.1682442827292123,7.551096018737065,0.04631891519600737,0.7899667492465974,1.3931251930319735,4948.508287292818,212.68880334246992,17.16099257474625,0.04229931127091609,0.048110106397977505,0.041181546624464806,1.2294828562285116
Track_72985,129,129,79,4,0,0,0,3,87.0,26.0,113.0,3.643314521140535,504.65623409161407,150.2059382739065,0.0,0.6017685123544017,2.2715939562851735,0.02172464498521938,0.5166946018464621,0.4496870787000749,2938.4556962025317,49.720384125213045,3.643314521140535,0.07327607349061131,0.041877178403914195,0.06959017885477417,1.526565821054392
Track_72986,130,130,184,0,0,0,0,0,183.0,27.0,210.0,279.0470281081717,453.43535288295686,367.8601081219866,0.0,2.5843452376734652,22.355168624267552,0.06278433817185665,1.7872851839406936,2.6716874684402208,4965.021739130435,472.9351784942441,279.0470281081717,0.5900322936361306,1.5248471481320856,0.5900322936361305,1.0607714694925754
Track_72987,131,131,2,0,0,0,0,0,1.0,27.0,28.0,1.8166794749219972,149.6151955282882,134.0766619219176,0.0,1.8166794749219972,1.8166794749219972,1.8166794749219972,1.8166794749219972,NaN,2760.5,1.8166794749219972,1.8166794749219972,1.0,1.8166794749219972,1.0,NaN
Track_72988,132,132,7,0,0,0,0,0,6.0,28.0,34.0,11.103667473321847,430.48342798090164,46.272498624503285,0.0,9.595376374960043,17.389468648206407,4.378887753073672,9.948455346166112,4.8365300190622555,6166.714285714285,57.57225824976027,26.31191779950185,0.19286489380270372,1.8506112455536412,0.19286489380270375,0.9630243841773971
Track_72989,133,133,8,1,0,0,0,1,8.0,29.0,37.0,3.605200365106249,697.0147742311538,230.23424089145158,0.0,0.45574465110695483,1.1013858039057711,0.1512145935401646,0.3798481876836009,0.31327705795034716,2757.625,4.291598361654455,3.605200365106249,0.8400600571849429,0.45065004563828115,0.9888213598200233,0.7915091016017567
Track_72990,134,134,26,2,0,0,0,3,29.0,29.0,58.0,38.08733341438338,470.98141002279056,523.217133770149,0.0,1.6434997330564862,3.5150209196550937,0.17953410079182308,1.561172146971757,0.9484919809411841,3361.3846153846152,50.099928924986536,38.08733341438338,0.7602272943622468,1.3133563246339097,0.7991217146055785,1.033981912854417
Track_72991,135,135,31,2,0,0,0,4,35.0,29.0,64.0,70.95062321031799,669.0961869100676,381.9368324856285,0.0,7.69703625815208,21.125850290984193,0.3721240913815835,5.654179265751507,5.50451821730498,5149.354838709677,242.44129180353406,102.57615846729138,0.2926507389995838,2.0271606631519425,0.2633689897205483,1.085833775788347
Track_72992,136,136,3,0,0,0,0,0,2.0,32.0,34.0,2.98169413088674,218.6836166876543,515.3941056001431,0.0,1.499795699526035,2.2547402452874072,0.7448511537646629,2.2547402452874072,1.0676528154553282,2795.0,2.99959139905207,2.98169413088674,0.9940334312963472,1.49084706544337,0.9940334312963472,0.2531441268321718
Track_72993,137,137,4,0,0,0,0,0,3.0,32.0,35.0,1.0205940859915847,831.0071300449124,18.971355827528807,0.0,0.4680889395371739,0.8791132745598159,0.14943313397688845,0.37572041007481727,0.3735066743935895,6086.5,1.4042668186115215,1.0205940859915847,0.7267807459843737,0.34019802866386156,0.7267807459843735,0.8982346767327111
Track_72994,138,138,11,1,0,0,0,1,11.0,32.0,43.0,14.008936233985963,793.6981211534359,612.8115745556577,0.0,2.3524901316502587,5.593150065659413,0.6707314208922522,1.7213381186284191,1.6387815246896402,6701.636363636364,27.729266264974495,14.008936233985963,0.5052039999947993,1.2735396576350875,0.5413581296265445,0.9432745506627703
Track_72995,139,139,2,0,0,0,0,0,1.0,32.0,33.0,10.620193444773395,717.0488323279236,409.75374786514357,0.0,10.620193444773395,10.620193444773395,10.620193444773395,10.620193444773395,NaN,3488.0,10.620193444773395,10.620193444773395,1.0,10.620193444773395,1.0,NaN
Track_72996,140,140,2,0,0,0,0,0,1.0,29.0,30.0,0.6460743152410934,805.5161683618317,159.30349514093183,0.0,0.6460743152410934,0.6460743152410934,0.6460743152410934,0.6460743152410934,NaN,3870.0,0.6460743152410934,0.6460743152410934,1.0,0.6460743152410934,1.0,NaN
Track_72997,141,141,2,0,0,0,0,0,1.0,29.0,30.0,0.6384194906592007,817.3478163211962,165.09815755487318,0.0,0.6384194906592007,0.6384194906592007,0.6384194906592007,0.6384194906592007,NaN,4197.5,0.6384194906592007,0.6384194906592007,1.0,0.6384194906592007,1.0,NaN
Track_72998,142,142,3,0,0,0,0,0,2.0,36.0,38.0,1.3620444896712693,753.1422752387529,22.63606155697784,0.0,0.6824742697330739,1.2527580778242735,0.11219046164187432,1.2527580778242735,0.8065030958043499,3934.6666666666665,1.3649485394661478,1.3620444896712693,0.9978724107825968,0.6810222448356347,0.9978724107825968,0.23793448815752172
Track_72999,143,143,13,0,0,0,0,0,12.0,33.0,45.0,37.55195063972192,463.7111108380116,58.46642018345728,0.0,9.631708693716245,15.750636857496321,4.0088008417948995,8.780794660518705,4.544278249037202,5665.307692307692,115.58050432459493,59.37686596565574,0.324898657080276,3.129329219976827,0.32489865708027593,1.1605898308266953
Track_73000,144,144,2,0,0,0,0,0,1.0,36.0,37.0,13.18109910862727,440.8278136218499,78.4342856480653,0.0,13.18109910862727,13.18109910862727,13.18109910862727,13.18109910862727,NaN,3592.5,13.18109910862727,13.18109910862727,1.0,13.18109910862727,1.0,NaN
Track_73001,145,145,5,0,0,0,0,0,4.0,35.0,39.0,20.47220620218677,683.0422455810964,386.9124122379932,0.0,8.201897294709195,11.50124164172394,6.532446266969294,8.087918560070149,2.3082264500449563,3599.0,32.80758917883678,20.47220620218677,0.6240082467075269,5.118051550546692,0.6240082467075269,1.2131310883142021
Track_73002,146,146,3,0,0,0,0,0,2.0,40.0,42.0,3.6092018585986887,386.2364074007292,343.66086516356944,0.0,1.8142773969247405,1.9545053864845212,1.6740494073649599,1.9545053864845212,0.1983123246597546,2861.0,3.628554793849481,3.6092018585986887,0.9946664894564645,1.8046009292993443,0.9946664894564645,0.20727674044693103
Track_73003,147,147,22,0,0,0,0,0,21.0,46.0,67.0,36.477140983926674,446.91905322459274,69.71480225058153,0.0,13.71416948328316,17.63646163119599,9.419851500428566,13.597033542308191,2.351754288796562,5498.5,287.9975591489464,65.53923512261488,0.1266578129749407,1.7370067135203178,0.12665781297494072,0.5470058222771428
Track_73004,148,148,88,1,0,0,0,2,89.0,45.0,134.0,88.34583167480201,82.56340591253665,165.31236739843266,0.0,1.537749974430983,5.499710261542161,0.04935958797652399,1.236988656603292,1.144174776125825,4019.715909090909,134.70665778117626,88.34583167480201,0.6558386432414876,0.9926497940988991,0.6455209303230269,1.2204626823307985
Track_73005,149,149,53,1,0,0,0,1,53.0,44.0,97.0,29.53633633136412,70.56292357614126,571.3473202611942,0.0,1.5496709282225922,6.3252315321639525,0.17897616136904168,1.2696513094068553,1.3124664195401008,4935.264150943396,81.3501206511065,32.16863012881049,0.36307673664110757,0.5572893647427192,0.3596178740875695,1.2373277558282585
Track_73006,150,150,36,0,0,0,0,0,35.0,44.0,79.0,34.42343163965473,780.3420306401304,587.8615033164346,0.0,2.1943201623562483,6.640189274929428,0.16913300300925563,2.0099114412919166,1.4167364671025133,3806.4166666666665,76.80120568246872,35.84944299218182,0.44821472962256514,0.9835266182758494,0.4482147296225653,1.2757910754440784
Track_73007,151,151,35,3,0,0,0,3,39.0,44.0,83.0,37.86724620595179,795.4012332213775,597.6044243203858,0.0,2.0567848193565665,7.6556312073434425,0.3116370434735194,1.841723524224806,1.595035437061352,3734.5714285714284,75.83893869305943,37.86724620595179,0.49931139410073644,0.9709550309218407,0.47207419161406927,1.1658898006113259
Track_73008,152,152,168,0,0,0,0,0,167.0,43.0,210.0,339.79987871558177,279.1235142392362,517.7975517806548,0.0,2.345899291856908,8.550794883592147,0.03781041153446256,1.4723443246025014,2.2986192912264585,4211.833333333333,391.76518174010357,341.83944715656634,0.8673559942368857,2.034729812668154,0.8673559942368855,1.033121748405252
Track_73009,153,153,26,0,0,0,0,0,25.0,44.0,69.0,28.208091400971657,818.5954055219565,163.84416667843672,0.0,2.762614596349659,9.948141369250752,0.4794438033414003,1.8448110229798984,2.202314179233164,5269.423076923077,69.06536490874147,30.00679353767198,0.4084260097408305,1.1283236560388663,0.4084260097408305,1.2082219635653988
Track_73010,154,154,25,3,0,0,0,1,27.0,48.0,75.0,3.3787093897413065,706.576953730399,621.7101102579743,0.0,0.54246340443418,1.3573692400722188,0.1735781346549539,0.5193818937442919,0.30505494765774716,2818.08,14.060796326692916,4.039384940592076,0.24029289033418316,0.12513738480523356,0.23068355170568408,1.4131310602560039
Track_73011,155,155,163,0,0,0,0,0,162.0,48.0,210.0,116.10691933512172,641.0524389398578,551.9723148289892,0.0,2.4929170622106707,7.901224092891228,0.0891924673036098,2.1236342190065414,1.684854368843469,9032.220858895706,403.85256407812886,121.42936357375673,0.28749828443000747,0.7167093786118625,0.28749828443000763,1.4184090444560753
Track_73012,156,156,33,4,0,0,0,7,48.0,49.0,97.0,27.008473848652557,386.1273261212324,175.42132216165186,0.0,1.283723280248454,6.959938862305626,0.03376882329047982,1.034962216018097,1.2595067537273008,3087.878787878788,52.654809821255334,27.245174021150266,0.5129346006630141,0.5626765385135949,0.438316066375842,1.2676341638129707
Track_73013,157,157,6,0,0,0,0,0,5.0,53.0,58.0,33.18395244948045,454.82363467393037,83.47389048148932,0.0,9.73872442027983,12.112375436883113,4.193100471416361,10.699693442042346,3.2665106426561565,4144.0,48.69362210139916,33.18395244948045,0.681484576776369,6.63679048989609,0.6814845767763691,0.6585346946618038
Track_73014,158,158,158,0,0,0,0,0,157.0,53.0,210.0,171.92022209650364,180.37310193753615,575.2852353319106,0.0,1.534354508975015,6.669347596116781,0.021164333358264304,0.6838909612734045,1.623668316970832,5256.848101265823,240.89365790907735,171.92022209650364,0.7136768298042658,1.0950332617611696,0.7136768298042657,1.2024791625054372
Track_73015,159,159,154,0,0,0,0,0,153.0,57.0,210.0,64.08672404182471,801.9525070557995,116.37765031973115,0.0,0.6947984960449125,8.819043261456475,0.012223433169162296,0.18963149476528487,1.3683837114365658,7539.616883116883,106.30416989487165,65.03503639068688,0.6028618078218623,0.4188674773975471,0.6028618078218625,1.7822817985992976
Track_73016,160,160,6,0,0,0,0,0,5.0,56.0,61.0,2.129939999850792,464.51062659287544,481.51333883707883,0.0,2.823290240026549,6.5915121291148795,0.8184035018954131,2.0649065450727506,2.2554466695427147,4633.833333333333,14.116451200132742,6.500129579460307,0.15088353082896383,0.42598799997015846,0.15088353082896383,1.2619440393693138
Track_73017,161,161,156,1,0,0,0,1,156.0,54.0,210.0,190.7405775162315,327.8520445894632,248.55334023062534,0.0,2.2360504950077726,8.893815868145548,0.08108541688718411,1.7531740490762229,1.675632400533743,4963.583333333333,349.61498229067735,192.96029996866702,0.5455732367832158,1.2226960097194326,0.54681055389815,0.9903814056091033
Track_73018,162,162,156,1,0,0,0,4,159.0,51.0,210.0,84.69912671083439,406.0781621200064,601.4902775613199,0.0,1.1993636649074397,5.624107732851702,0.053471985529657304,0.8373155417770872,1.0999905569661848,4537.49358974359,187.18983924697127,85.2543029150939,0.4524771592922067,0.5326989101310339,0.44415128264882414,1.3926265736486583
Track_73019,163,163,3,0,0,0,0,0,2.0,51.0,53.0,1.1732563375611822,54.60444131890248,563.9467226656501,0.0,1.0244082593105988,1.5460466053904094,0.5027699132307882,1.5460466053904094,0.7377080236799384,2943.3333333333335,2.0488165186211975,1.1732563375611822,0.5726507605233262,0.5866281687805911,0.5726507605233262,2.522969520939096
Track_73020,164,164,4,0,0,0,0,0,3.0,62.0,65.0,2.5117725784276224,466.4847619830942,475.0820817291224,0.0,2.2798158921580836,4.4833687794563515,1.102445418145782,1.2536334788721166,1.909829430280869,6493.75,6.83944767647425,4.4833687794563515,0.36724786813815447,0.8372575261425408,0.3672478681381544,1.4160347550097645
Track_73021,165,165,153,1,0,0,0,2,154.0,56.0,210.0,185.44749211413216,684.8242810135621,275.38016027412385,0.0,1.7127182752108727,8.434412285890158,0.002167642370621567,0.7980005168832879,1.9394547778266495,3751.8823529411766,265.6250456616253,185.44749211413216,0.6981551444149969,1.2042044942476113,0.7030954895949526,1.2831940950219474
Track_73022,166,166,33,1,0,0,0,2,34.0,62.0,96.0,28.015303370338614,469.33526862375993,407.61769299536525,0.0,2.649704685045939,9.682509354581743,0.35972119865072033,1.413565775607714,2.6498010940799066,3168.969696969697,92.14435544526467,31.248838567560572,0.3040371082413202,0.8239795108923121,0.3109703188972648,1.2624221120679948
Track_73023,167,167,148,0,0,0,0,0,147.0,63.0,210.0,119.75717556753621,219.45642636262122,608.8264813011526,0.0,1.5062089511452106,7.013154200368676,0.015628797288702638,0.988208896710759,1.493217583760584,6429.466216216216,221.412715818346,121.09345119797881,0.540877587472387,0.8146746637247361,0.5408775874723871,1.1224778607826345
Track_73024,168,168,29,1,0,0,0,4,32.0,59.0,91.0,103.42202488652393,679.746011745648,348.3050179633966,0.0,5.791109367809247,19.58968580054325,1.4185294511516373,4.956255271717817,4.028529015086535,5391.931034482759,168.6670636368104,103.42202488652393,0.6131726174425011,3.2319382777038728,0.5580862098148394,1.2561414712491492
Track_73025,169,169,6,1,0,0,0,1,6.0,56.0,62.0,7.688387189655956,210.67374193993226,480.28322792066746,0.0,1.5369041619495465,3.802380353820489,0.42722230287402246,1.1625429214545575,1.3151979016758064,2876.6666666666665,8.84706373120229,7.688387189655956,0.8690326444173955,1.2813978649426594,0.8337526155939482,0.7480707805144043
Track_73026,170,170,9,1,0,0,0,5,13.0,60.0,73.0,35.72496817245557,446.6866072846081,388.2994658195027,0.0,16.99223069440239,23.95669619786894,2.855122466653078,17.586536943421386,6.200648884968136,5834.555555555556,150.2134578884845,38.304055601126294,0.23782801271359508,2.7480744748042745,0.16172535108704414,0.7487143505039302
Track_73027,171,171,6,1,0,0,0,1,6.0,61.0,67.0,12.75009666086004,441.78207302570087,73.37708417807941,0.0,4.804938172682394,7.837407780978603,3.1022020113579396,4.047707669140139,1.8669917112417023,3445.8333333333335,28.072398532552107,16.366059423524373,0.45418622302883455,2.12501611014334,0.44225670212048396,0.6624021884025264
Track_73028,172,172,7,0,0,0,0,0,6.0,65.0,71.0,2.9800111876939632,818.2859769249262,15.14293199687469,0.0,2.2178671300933614,4.9098180042668975,0.8225201481493994,2.0488338143462377,1.4309910095630318,2844.1428571428573,13.307202780560171,3.879685402504169,0.22393971421607198,0.4966685312823272,0.223939714216072,1.5244929645695717
Track_73029,173,173,3,0,0,0,0,0,2.0,61.0,63.0,16.711271469975745,430.25144654385434,80.64157126418354,0.0,11.896559467274226,13.342460195060406,10.450658739488045,13.342460195060406,2.0448124190803454,4016.6666666666665,23.793118934548453,16.711271469975745,0.7023573292743217,8.355635734987873,0.7023573292743217,1.599382624650253
Track_73030,174,174,145,0,0,0,0,0,144.0,66.0,210.0,106.44321903880706,431.2066853768753,435.5354220869194,0.0,1.6591224302902015,7.343305091946811,0.06839918557689127,1.0918918162839422,1.5754333054645473,5469.889655172414,238.91362996178904,106.44321903880706,0.445530123399955,0.7391890211028268,0.44553012339995507,1.4848218395933634
Track_73031,175,175,144,0,0,0,0,0,143.0,66.0,209.0,194.6617337573615,480.2063779805237,568.3181325154832,0.0,1.6832252516679813,7.717714945096605,0.01894762156896638,0.8516736723060746,1.8055149259525787,3126.784722222222,240.70121098852127,194.6617337573615,0.8087276875671584,1.3612708654360943,0.8087276875671582,1.1433876885280763
Track_73032,176,176,58,0,0,0,0,0,57.0,68.0,125.0,37.80510651654347,85.4905630734594,495.87896823738464,0.0,1.249287026264102,4.580092806440195,0.03881558135082198,0.7182150903778005,1.1954212161923155,4043.637931034483,71.2093604970538,37.80510651654347,0.5309008008590052,0.6632474827463767,0.530900800859005,1.2974095377952541
Track_73033,177,177,4,0,0,0,0,0,3.0,71.0,74.0,0.9733634767051831,377.0708727907012,173.34373174770843,0.0,1.397010873458608,1.6023583450768484,1.2278080945395404,1.3608661807594353,0.18987311987779698,5488.0,4.191032620375824,1.836009375002782,0.23224908152060583,0.324454492235061,0.23224908152060583,1.8150519448156928
Track_73034,178,178,6,0,0,0,0,0,5.0,72.0,77.0,9.427500686674952,460.80970026293494,43.92349163654011,0.0,4.898878572946456,7.055007116120958,2.6303390253711627,4.104946602000663,1.8806401502421284,7715.833333333333,24.49439286473228,9.427500686674952,0.38488403197978155,1.8855001373349904,0.38488403197978155,1.5475152253172517
Track_73035,179,179,2,0,0,0,0,0,1.0,72.0,73.0,1.7459739807556458,463.66557699560724,68.37860605009521,0.0,1.7459739807556458,1.7459739807556458,1.7459739807556458,1.7459739807556458,NaN,3058.0,1.7459739807556458,1.7459739807556458,1.0,1.7459739807556458,1.0,NaN
Track_73036,180,180,13,0,0,0,0,0,12.0,76.0,88.0,15.530470742521487,339.49162232276353,630.0310517548585,0.0,1.6377456976305844,3.3276192001660263,0.2542027236649796,1.809068433240928,0.7731874712087752,3872.846153846154,19.65294837156701,15.530470742521487,0.7902361746897104,1.2942058952101239,0.7902361746897102,0.6991366115899503
Track_73037,181,181,6,0,0,0,0,0,5.0,77.0,82.0,2.9359709882628704,860.2278678203552,148.33839348741728,0.0,0.7538994587051325,1.1707463045372817,0.2515353536396405,0.9544642528051559,0.42977192535731396,2926.1666666666665,3.7694972935256628,2.9359709882628704,0.7788760037858566,0.5871941976525741,0.7788760037858566,1.7121148819384246
Track_73038,182,182,100,2,0,0,0,6,107.0,76.0,183.0,93.38232817325134,42.65037534445659,544.9894314245004,0.0,1.7701032122656835,8.38713166169628,0.03162532091604774,0.8386892004832874,2.0390681211246586,4960.93,181.4689686253661,93.38232817325134,0.5145911660854514,0.872732039002349,0.4930401984216931,1.167746425814485
Track_73039,183,183,131,2,0,0,0,1,132.0,78.0,210.0,3.421579788635108,332.54651110160484,362.02587109710424,0.0,1.1685467690777234,12.115355586680034,0.01223169071810003,0.5828183924262476,1.5818070091227203,4620.083969465649,152.94178862090962,10.326936714690122,0.02237177830524811,0.025921059004811422,0.022182303430841405,1.5260117565947118
Track_73040,184,184,111,2,0,0,0,1,112.0,80.0,192.0,135.923041212265,725.8526308446502,508.4787429128652,0.0,2.177621634191596,8.181439496498573,0.08522338363588185,1.8693525483677533,1.451620466775985,4011.6036036036035,246.9815020623959,139.1519192777658,0.5503369283822973,1.213598582252366,0.5573046130683273,1.0134245976605993
Track_73041,185,185,24,0,0,0,0,0,23.0,80.0,103.0,73.63148202467677,469.0866602296158,32.724904216731694,0.0,7.611260205946496,12.381762229122998,2.811139689209491,6.893423651217645,3.0291089689467516,5518.0,175.05898473676942,76.87051296249918,0.42060955703241437,3.2013687836815987,0.42060955703241437,0.7982723114794347
Track_73042,186,186,9,1,0,0,0,4,12.0,82.0,94.0,21.326365858585785,449.0486367505332,380.9887665225228,0.0,15.982092592104637,27.112813960650403,8.342620837836142,15.25914206928752,6.609481529259192,5794.555555555556,161.22722408818166,30.152627699660616,0.13227521579681567,1.7771971548821488,0.111199277856775,1.3242248780658064
Track_73043,187,187,7,0,0,0,0,0,6.0,83.0,89.0,35.61775660042685,470.9373720324062,56.240009936459366,0.0,6.333879696422467,10.77179296907029,1.746998362301863,6.983553807095714,3.63937539292616,3401.5714285714284,38.003278178534806,35.61775660042685,0.9372285315255946,5.936292766737808,0.9372285315255947,0.2984530700761975
Track_73044,188,188,3,0,0,0,0,0,2.0,88.0,90.0,4.867217629460057,684.7534753629474,338.12460645009816,0.0,3.5892706526594393,3.911315820661357,3.2672254846575215,3.911315820661357,0.4554406442850341,3351.6666666666665,7.178541305318879,4.867217629460057,0.678023211464108,2.4336088147300283,0.678023211464108,1.6602543338730622
Track_73045,189,189,2,0,0,0,0,0,1.0,88.0,89.0,19.19534691986799,441.7070259453857,350.26197235529105,0.0,19.19534691986799,19.19534691986799,19.19534691986799,19.19534691986799,NaN,6086.0,19.19534691986799,19.19534691986799,1.0,19.19534691986799,1.0,NaN
Track_73046,190,190,120,2,0,0,0,1,121.0,89.0,210.0,22.85752157522303,138.08543195948587,146.1106475549585,0.0,1.5024300141055484,7.081807166105315,0.03699556414143664,0.962572536730009,1.5198432048390784,5497.35,181.34697002667843,23.032890061161158,0.12604302995445912,0.18890513698531428,0.12573306923569177,1.3438747943458067
Track_73047,191,191,82,3,0,0,0,3,86.0,89.0,175.0,43.02204076230689,105.48357867976226,380.8162712961638,0.0,1.079503610048592,3.2249131112742977,0.06698902323610859,1.0144788610357443,0.7132399654905606,3312.1463414634145,88.98220079507786,43.02204076230689,0.4834904101932113,0.5002562879338011,0.4634132607590658,1.4043883806334578
Track_73048,192,192,5,0,0,0,0,0,4.0,90.0,94.0,19.20139276135623,452.40168529515165,33.40661596006919,0.0,6.15180831844502,11.056241966480446,2.2347912845873608,6.600101884952436,3.7264246804056103,4276.4,24.607233273780075,20.895069730381273,0.7803149808725564,4.800348190339058,0.7803149808725562,1.3555543942689632
Track_73049,193,193,4,0,0,0,0,0,3.0,84.0,87.0,2.2943455141769045,824.1394558620585,369.8646358961826,0.0,1.42224211373056,2.6701519757503,0.7653251116329418,0.8312492538084386,1.0812241978077388,2791.0,4.2667263411916805,2.6701519757503,0.5377297090809209,0.7647818380589682,0.537729709080921,1.0699726179525197
Track_73050,194,194,78,1,0,0,0,7,84.0,92.0,176.0,179.70763128912745,712.4766306840386,210.27734226158492,0.0,5.596254040894235,16.216819984783605,0.7380514721087741,4.792966490074212,3.4281683977592317,5028.692307692308,447.0373376175834,179.70763128912745,0.40199691651451663,2.139376562965803,0.3822872491728321,1.1542394512013352
Track_73051,195,195,45,0,0,0,0,0,44.0,93.0,137.0,81.09701706400286,182.0628181892926,404.68320828013464,0.0,3.0178634768170878,8.564945352221086,0.350876819301684,2.2669317575701378,2.1155254691762195,3327.133333333333,132.78599297995186,81.09701706400286,0.6107347261864206,1.843114024181883,0.6107347261864206,1.102162970250827
Track_73052,196,196,3,0,0,0,0,0,2.0,96.0,98.0,0.5409142753438413,629.6671848376594,615.9891548347745,0.0,0.39606501674531724,0.48132731552375724,0.3108027179668772,0.48132731552375724,0.12057909929157684,3559.3333333333335,0.7921300334906345,0.5409142753438413,0.6828604553222468,0.27045713767192064,0.6828604553222468,1.6903542698990877
Track_73053,197,197,6,1,0,0,0,1,6.0,93.0,99.0,2.272488640820232,123.32472537069327,135.02180642713782,0.0,0.8148053094956536,1.8371676779048556,0.1452378037972258,0.5861703804160512,0.7353288041544228,3000.5,4.2747978302514795,2.608839232079261,0.5316014303035578,0.378748106803372,0.46483264454647294,1.2605222746862668
Track_73054,198,198,4,1,0,0,0,2,5.0,97.0,102.0,62.65846809939479,503.03513621273504,368.92765450399554,0.0,22.20019345891862,25.125326456312266,17.771989776632616,23.703264143810973,3.9002956546930663,5606.25,102.14455993002107,66.80529582074467,0.6134293215646718,12.531693619878958,0.564485784462591,0.9827871260491159
Track_73055,199,199,9,1,0,0,0,3,11.0,98.0,109.0,9.123208937370817,674.5400915434819,377.0936782510827,0.0,1.5306742341427022,2.91481109710744,0.2012650063572225,1.7757026926053507,0.8887982459515191,2819.8888888888887,14.943596436890282,10.12383853335894,0.6105095902381937,0.8293826306700743,0.5418413743239062,0.6689606429560911
Track_73056,200,200,2,0,0,0,0,0,1.0,99.0,100.0,4.372515070404534,174.714887176939,423.3809297230166,0.0,4.372515070404534,4.372515070404534,4.372515070404534,4.372515070404534,NaN,2822.5,4.372515070404534,4.372515070404534,1.0,4.372515070404534,1.0,NaN
Track_73057,201,201,5,1,0,0,0,2,6.0,98.0,104.0,27.686364236840618,690.8428359857883,280.46499153519096,0.0,4.928424866430583,7.9612054597068935,3.2851823905708017,4.460697844029927,2.078982782019558,5015.0,28.635095153782185,27.686364236840618,0.966868246400213,4.614394039473436,0.9362817055209398,0.5521878869844034
Track_73058,202,202,11,0,0,0,0,0,10.0,105.0,115.0,17.447694847785666,493.8887862898775,19.621020575129197,0.0,4.687537956515447,9.455924106028423,1.5016484657124174,4.378140621514227,2.464318016717774,5293.181818181818,46.87537956515447,19.055026965264055,0.37221447612033154,1.7447694847785666,0.37221447612033154,1.2616830457311294
Track_73059,203,203,29,0,0,0,0,0,28.0,106.0,134.0,14.070451033141103,777.85261231349,56.70058661185967,0.0,1.281459560483606,5.543765729962137,0.08701356953696493,0.913740267069275,1.3372904858489063,3403.1724137931033,35.88086769354096,14.070451033141103,0.39214355553820607,0.502516108326468,0.39214355553820596,1.3266371014371185
Track_73060,204,204,4,0,0,0,0,0,3.0,106.0,109.0,1.0592572064795103,57.922761386143975,557.1948878007532,0.0,0.6223159816572521,0.8900258882586539,0.4419009096804101,0.5350211470326921,0.2364725993017686,2996.25,1.866947944971756,1.0592572064795103,0.567373723157308,0.35308573549317007,0.5673737231573079,2.108590822706309
Track_73061,205,205,3,0,0,0,0,0,2.0,105.0,107.0,24.387872742005513,450.56143112021005,371.82464620387526,0.0,12.67069947290556,12.865998283580211,12.47540066223091,12.865998283580211,0.2761942267714258,5176.0,25.34139894581112,24.387872742005513,0.9623727874753645,12.193936371002756,0.9623727874753645,0.5504529726048946
Track_73062,206,206,106,0,0,0,0,0,105.0,105.0,210.0,64.13901282971435,852.2075253085671,226.90483209027028,0.0,0.833756545062709,5.67062250178294,0.04746528303273069,0.2439692969765458,1.337369083866728,5103.896226415094,87.54443723158444,64.13901282971435,0.7326452126255049,0.6108477412353748,0.7326452126255049,1.7134630527454244
Track_73063,207,207,2,0,0,0,0,0,1.0,104.0,105.0,28.40547100922707,458.9974171066515,405.0851063298871,0.0,28.40547100922707,28.40547100922707,28.40547100922707,28.40547100922707,NaN,4163.0,28.40547100922707,28.40547100922707,1.0,28.40547100922707,1.0,NaN
Track_73064,208,208,4,1,0,0,0,3,6.0,111.0,117.0,0.8258016747865249,135.30184664604175,219.68175109800234,0.0,0.28326568354713205,0.38948160699561774,0.15166790450884987,0.30864753913692855,0.12092153744268304,2744.0,1.3048007641679458,0.9777901114116944,0.6328948430016652,0.13763361246442082,0.4858817020859508,1.0871651922181977
Track_73065,209,209,10,2,0,0,0,2,12.0,110.0,122.0,28.275366332603234,399.90839474529696,323.7296145520323,0.0,11.53500418164078,17.265004019930153,2.358338668105144,13.082731302264984,4.9565536300424515,5357.7,127.43633871713999,50.43371306424045,0.22187836387361812,2.3562805277169363,0.20427218669475772,0.7358556438772191
Track_73066,210,210,45,5,0,0,0,5,59.0,109.0,168.0,80.27226906540723,160.92139100264086,365.2533576015843,0.0,2.2319457833540914,6.649149453058265,0.3255592479177184,1.961251136872318,1.3878897425731864,3350.6666666666665,118.61419507611816,81.0872187929714,0.6767509488547656,1.3605469333119868,0.6095788452654095,0.8429658426655479
Track_73067,211,211,2,0,0,0,0,0,1.0,109.0,110.0,2.4610030700382133,140.63437123891393,139.83032820746115,0.0,2.4610030700382133,2.4610030700382133,2.4610030700382133,2.4610030700382133,NaN,2896.5,2.4610030700382133,2.4610030700382133,1.0,2.4610030700382133,1.0,NaN
Track_73068,212,212,2,0,0,0,0,0,1.0,108.0,109.0,0.6994068435670951,228.3269308107404,294.12151455502635,0.0,0.6994068435670951,0.6994068435670951,0.6994068435670951,0.6994068435670951,NaN,2748.0,0.6994068435670951,0.6994068435670951,1.0,0.6994068435670951,1.0,NaN
Track_73069,213,213,2,0,0,0,0,0,1.0,108.0,109.0,0.7632279106553311,391.94501854463954,155.09055793261294,0.0,0.7632279106553311,0.7632279106553311,0.7632279106553311,0.7632279106553311,NaN,4033.5,0.7632279106553311,0.7632279106553311,1.0,0.7632279106553311,1.0,NaN
Track_73070,214,214,26,0,0,0,0,0,25.0,112.0,137.0,25.25651116637841,597.460701924401,627.4799898472867,0.0,3.0488467928801026,9.03751800838468,0.48983428199285445,2.891812946405123,2.0955851118628717,8449.76923076923,76.22116982200255,30.169203063443163,0.33135822010288385,1.0102604466551364,0.3313582201028838,1.1950125297337888
Track_73071,215,215,2,0,0,0,0,0,1.0,113.0,114.0,4.981207368993685,481.1929623342669,13.246212823692364,0.0,4.981207368993685,4.981207368993685,4.981207368993685,4.981207368993685,NaN,3121.5,4.981207368993685,4.981207368993685,1.0,4.981207368993685,1.0,NaN
Track_73072,216,216,3,0,0,0,0,0,2.0,116.0,118.0,4.529585573215626,219.10981237116812,359.85275706595104,0.0,2.546650837655332,4.698155691738381,0.3951459835722823,4.698155691738381,3.0426873441557953,3506.6666666666665,5.093301675310664,4.529585573215626,0.8893220668966847,2.264792786607813,0.8893220668966847,2.049920544298508
Track_73073,217,217,2,0,0,0,0,0,1.0,118.0,119.0,2.35567985894687,667.9162920621054,250.59929945884045,0.0,2.35567985894687,2.35567985894687,2.35567985894687,2.35567985894687,NaN,2912.0,2.35567985894687,2.35567985894687,1.0,2.35567985894687,1.0,NaN
Track_73074,218,218,2,0,0,0,0,0,1.0,118.0,119.0,0.1391844169020843,306.9886317851999,644.5406372083532,0.0,0.1391844169020843,0.1391844169020843,0.1391844169020843,0.1391844169020843,NaN,2787.0,0.1391844169020843,0.1391844169020843,1.0,0.1391844169020843,1.0,NaN
Track_73075,219,219,22,1,0,0,0,3,24.0,124.0,148.0,2.964592883641084,504.93636997507906,151.89895858300528,0.0,0.5838288964600558,1.591850404639563,0.17368989345255978,0.4332598562307351,0.38863285223613764,2974.409090909091,13.239898611679024,4.927706170247054,0.22391356388681044,0.12352470348504517,0.21157689219224257,1.2511673958841052
Track_73076,220,220,8,0,0,0,0,0,7.0,126.0,133.0,49.86076704795603,473.6747335207933,12.773974813108662,0.0,8.801360394801176,18.983074425801426,2.061403931234234,6.736911059000044,5.939752884565326,4993.375,61.60952276360822,49.86076704795603,0.8093029260958341,7.122966721136576,0.809302926095834,0.8693322661306109
Track_73077,221,221,5,0,0,0,0,0,4.0,123.0,127.0,12.931884015300266,704.4851819274727,112.51339688240773,0.0,3.5537803604092746,7.561879284886456,0.3998752144887237,3.8336996333997964,3.0208465629654437,3817.6,14.215121441637098,12.931884015300266,0.9097272976804729,3.2329710038250665,0.9097272976804729,1.2906439675351093
Track_73078,222,222,5,0,0,0,0,0,4.0,123.0,127.0,28.82763712312095,430.6582838279884,316.8039344133827,0.0,16.486305447622343,25.307107261664306,3.6608662051918355,22.98533234941966,9.844757757629525,5527.6,65.94522179048937,34.6464483032269,0.43714519930962575,7.206909280780238,0.43714519930962575,1.1275249643807077
Track_73079,223,223,3,0,0,0,0,0,2.0,129.0,131.0,2.343793802015663,737.4949031080241,525.8614421804722,0.0,1.2021855749621662,2.06893839634258,0.3354327535817524,2.06893839634258,1.2257735952213258,2941.6666666666665,2.4043711499243323,2.343793802015663,0.9748053257457462,1.1718969010078315,0.9748053257457462,0.6554564298263722
Track_73080,224,224,6,1,0,0,0,2,7.0,127.0,134.0,16.125019225579077,700.3555019477526,242.29894076746692,0.0,6.134659596911856,9.582164192189088,1.3501575079458001,6.8743451479518285,3.466436347409894,4525.833333333333,33.37361300045088,20.04945768148429,0.483166722924522,2.3035741750827254,0.37550154799825053,1.195938527263031
Track_73081,225,225,2,0,0,0,0,0,1.0,129.0,130.0,3.7576103940590473,375.36351722419624,140.1728965512799,0.0,3.7576103940590473,3.7576103940590473,3.7576103940590473,3.7576103940590473,NaN,3619.5,3.7576103940590473,3.7576103940590473,1.0,3.7576103940590473,1.0,NaN
Track_73082,226,226,58,7,0,0,0,6,77.0,127.0,204.0,82.5194178075708,285.2163963138434,583.3510127771891,0.0,1.4140873742289626,5.611281774028847,0.13776860409618086,0.8129699676846529,1.3221205593591583,3275.0344827586205,104.46589105630488,82.5194178075708,0.7899173306538361,1.0716807507476729,0.7578603488571642,1.0364822358888373
Track_73083,227,227,8,0,0,0,0,0,7.0,131.0,138.0,12.416569599265749,691.9504525044921,89.58349995638949,0.0,2.7811472747545354,4.138076608240966,1.3299869226728194,2.630675604219629,0.8856224399011966,3634.625,19.46803092328175,12.416569599265749,0.6377927818276073,1.773795657037964,0.6377927818276073,0.769581479437322
Track_73084,228,228,80,0,0,0,0,0,79.0,131.0,210.0,151.47886454178595,547.6386775203221,544.1704647268768,0.0,2.337124788204947,7.485606913057917,0.027264355256712416,2.08162066713117,1.733285373397686,3208.6,184.63285826819083,151.47886454178595,0.8204328631567486,1.9174539815415943,0.8204328631567487,0.938598639891534
Track_73085,229,229,3,0,0,0,0,0,2.0,130.0,132.0,3.8083148838533143,337.9252686751954,273.7417621885816,0.0,2.051708283838449,2.9796291246525657,1.1237874430243322,2.9796291246525657,1.3122782378879696,3039.0,4.103416567676898,3.8083148838533143,0.9280839078956461,1.9041574419266571,0.9280839078956461,0.8614099181945626
Track_73086,230,230,2,0,0,0,0,0,1.0,131.0,132.0,0.4050708148627264,389.83135659458196,139.1670679580163,0.0,0.4050708148627264,0.4050708148627264,0.4050708148627264,0.4050708148627264,NaN,3787.0,0.4050708148627264,0.4050708148627264,1.0,0.4050708148627264,1.0,NaN
Track_73087,231,231,2,0,0,0,0,0,1.0,131.0,132.0,0.7812057532743113,307.76212752268776,644.2390923133897,0.0,0.7812057532743113,0.7812057532743113,0.7812057532743113,0.7812057532743113,NaN,2839.5,0.7812057532743113,0.7812057532743113,1.0,0.7812057532743113,1.0,NaN
Track_73088,232,232,4,0,0,0,0,0,3.0,128.0,131.0,14.138529973052355,410.97401313892146,316.5039008664074,0.0,7.069405423509707,8.54576860236802,5.822959347409623,6.839488320751475,1.375888427644963,5669.75,21.208216270529118,14.138529973052355,0.6666534230273397,4.712843324350785,0.6666534230273395,1.007156731917206
Track_73089,233,233,4,0,0,0,0,0,3.0,135.0,138.0,2.6902389678570278,855.6290477588271,308.4553527140549,0.0,1.4782302777474756,3.2641604437261345,0.30339794818385946,0.8671324413324327,1.5721351923437723,2803.75,4.434690833242427,3.5564092753430416,0.6066350663480318,0.8967463226190092,0.6066350663480317,1.6032408046489437
Track_73090,234,234,9,0,0,0,0,0,8.0,133.0,141.0,18.116816459017627,126.37294436279889,212.23208335651043,0.0,2.3746297051603347,4.807781055956042,0.6240032908768279,2.3555796699686153,1.4156016053065366,2808.3333333333335,18.997037641282677,18.116816459017627,0.9536653451508549,2.2646020573772034,0.9536653451508549,0.22170333573295212
Track_73091,235,235,9,0,0,0,0,0,8.0,132.0,140.0,23.18593975623377,405.17898382268487,340.9431805263264,0.0,8.386241928385562,15.630194875798507,2.7453862271109366,9.51493694324748,4.041289894853361,5120.444444444444,67.0899354270845,23.18593975623377,0.3455949034476713,2.898242469529221,0.3455949034476713,1.2896314742867594
Track_73092,236,236,3,0,0,0,0,0,2.0,132.0,134.0,3.0327457561863684,825.2036100353486,384.64639754197515,0.0,2.0220608955660127,3.4370541477669794,0.6070676433650459,3.4370541477669794,2.0011026479290206,2929.3333333333335,4.044121791132025,3.0327457561863684,0.7499145458073473,1.5163728780931842,0.7499145458073473,2.367624630656483
Track_73093,237,237,10,0,0,0,0,0,9.0,138.0,147.0,31.2856050958201,575.6246641945459,615.3056091509796,0.0,5.782634282661909,11.823556293405744,1.2357445436590755,5.944620451139951,3.792807067250267,7691.2,52.04370854395717,31.2856050958201,0.6011409634537408,3.476178343980011,0.6011409634537408,1.4508881098916162
Track_73094,238,238,5,1,0,0,0,4,8.0,142.0,150.0,37.891887847903895,708.4357054264307,200.90309887751877,0.0,4.181832263344287,5.684143110113372,1.498527322510764,4.9582010792097755,1.8460347992230628,3849.6,39.46390149383063,37.891887847903895,0.9601657822358874,4.736485980987987,1.132634138032149,0.5501100232447591
Track_73095,239,239,63,3,0,0,0,4,69.0,141.0,210.0,93.87185691569366,692.090286206063,504.5897474297289,0.0,1.7235578104383664,6.372270100898262,0.07357442782853718,1.4147183497176894,1.359843607348315,3746.6031746031745,125.49255312478107,93.87185691569366,0.7480273098145832,1.360461694430343,0.7893333697256871,0.9721970299775226
Track_73096,240,240,69,0,0,0,0,0,68.0,142.0,210.0,95.13710607922131,156.90629069050053,596.7497474048151,0.0,1.856677776113385,4.85720581693916,0.3025612985758054,1.8105474458833632,1.2385260704858787,3372.5797101449275,126.25408877571016,95.99155354518055,0.7535368319693152,1.3990750894003134,0.7535368319693151,1.0564791780045222
Track_73097,241,241,4,0,0,0,0,0,3.0,139.0,142.0,5.592422682543228,380.2550685005366,134.77496669369737,0.0,2.5073404119367084,6.050120208337913,0.5088664804753672,0.9630345469968457,3.0765294850697247,3906.5,7.522021235810126,6.55373000801259,0.7434733972724449,1.864140894181076,0.7434733972724449,1.6238100514088962
Track_73098,242,242,15,1,0,0,0,1,15.0,144.0,159.0,22.69963964259285,353.5344231991752,123.04624274486233,0.0,1.9097097513351804,4.971842628581885,0.46315920000524086,1.86939600638462,1.5097077338025886,3102.6,28.832449604941186,22.69963964259285,0.7872948692747452,1.51330930950619,0.7924289586143415,1.4118360096255762
Track_73099,243,243,2,0,0,0,0,0,1.0,146.0,147.0,0.24810242434757693,75.71595612091217,8.682434208375188,0.0,0.24810242434757693,0.24810242434757693,0.24810242434757693,0.24810242434757693,NaN,3052.5,0.24810242434757693,0.24810242434757693,1.0,0.24810242434757693,1.0,NaN
Track_73100,244,244,3,0,0,0,0,0,2.0,144.0,146.0,1.474001017945,525.6711861052839,249.14600103782922,0.0,0.7408049640954696,0.9145616161885733,0.5670483120023658,0.9145616161885733,0.24572901394261076,3252.3333333333335,1.4816099281909392,1.474001017945,0.9948644308456884,0.7370005089725,0.9948644308456884,0.20862012283714038
Track_73101,245,245,10,2,0,0,0,5,15.0,143.0,158.0,46.881512986199375,398.82488109935787,381.9421310375323,0.0,14.179236676707356,22.277854521727,3.2591117276638735,15.522645725364743,5.8882680294165155,5413.9,161.1963256395021,52.511061056351494,0.2908348735630906,3.1254341990799586,0.22042330418351785,0.8699608043655167
Track_73102,246,246,15,0,0,0,0,0,14.0,148.0,162.0,35.06654333987812,723.2563853970747,494.18293302921853,0.0,2.7848330060928537,4.865023935792941,0.8883580427496047,2.357258992426081,1.281864095788093,3717.5333333333333,38.987662085299945,35.06654333987812,0.8994266766536828,2.5047530957055804,0.8994266766536827,0.8446137576305011
Track_73103,247,247,13,1,0,0,0,2,14.0,149.0,163.0,15.450900999820007,529.831763591634,252.9122666888085,0.0,1.8310883601465509,4.0217050146860505,0.34958408121455026,1.4402943880832888,1.2272401446894017,4344.384615384615,26.34951516462316,15.450900999820007,0.586382743791976,1.1036357857014292,0.6027212065359314,0.8267317175000698
Track_73104,248,248,2,0,0,0,0,0,1.0,149.0,150.0,0.8048001174537204,506.19454226247495,145.23534750594973,0.0,0.8048001174537204,0.8048001174537204,0.8048001174537204,0.8048001174537204,NaN,5551.0,0.8048001174537204,0.8048001174537204,1.0,0.8048001174537204,1.0,NaN
Track_73105,249,249,13,0,0,0,0,0,12.0,148.0,160.0,76.49679105475305,523.1015660047838,571.50086346188,0.0,7.249432579728731,14.204657582882792,0.2778527925048055,8.905796438912622,4.430078396759932,8296.461538461539,86.99319095674475,76.49679105475305,0.8793422820044526,6.374732587896087,0.8793422820044524,0.9846053361310567
Track_73106,250,250,8,0,0,0,0,0,7.0,148.0,155.0,5.168641805221398,854.8095551682247,305.5863176771993,0.0,1.3917323178306287,2.6368029169538523,0.2717559421691043,1.2310894018289664,0.9689125022849553,2793.375,9.742126224814399,5.168641805221398,0.53054555914665,0.738377400745914,0.5305455591466499,1.3086951902978228
Track_73107,251,251,22,2,0,0,0,3,25.0,147.0,172.0,1.3156144272089958,306.79309491706766,644.1575276910515,0.0,0.36066819557625246,0.9711732987089217,0.09226124054364528,0.3192171649457939,0.22561039612068381,2845.1363636363635,8.13641840346881,1.4942786943876265,0.1616945395345092,0.05262457708835983,0.14590856009435393,1.8783677277579809
Track_73108,252,252,57,1,0,0,0,4,60.0,150.0,210.0,16.94031073955702,37.70087988043677,443.63401409526773,0.0,0.7500334824709355,4.5436567491773525,0.043958290696420745,0.4780239854817728,0.7851257193672779,3457.245614035088,43.19579872538798,16.94031073955702,0.39217496236735844,0.28233851232595036,0.37643454448967384,1.3952555455245421
Track_73109,253,253,32,4,0,0,0,4,41.0,151.0,192.0,67.7514448848914,25.700621027294027,53.345779977346645,0.0,2.079726242133267,6.592091013684443,0.18222834183397,1.4763220259155416,1.7477037772069735,4067.5,79.54635611784401,67.7514448848914,0.8517227965102634,1.652474265485156,0.7945633574302261,1.1389945479939445
Track_73110,254,254,15,0,0,0,0,0,14.0,152.0,166.0,4.331079531962741,366.2701932363036,126.47317107221313,0.0,2.7872622623452443,5.688511403964755,0.3121596720239166,2.889371834174503,1.8164941176972642,3413.266666666667,39.02167167283341,14.087933948050974,0.11099164506009632,0.3093628237116244,0.1109916450600963,0.9529060180312301
Track_73111,255,255,23,4,0,0,0,5,34.0,151.0,185.0,2.853207413327741,247.24647974081995,13.928712521616415,0.0,0.8089294124316383,3.2994852129418053,0.05133065302864141,0.5760149182457455,0.8467605549917173,2985.2608695652175,19.393398337606328,4.151041828048749,0.14712261170828425,0.08391786509787474,0.10373941633005779,1.7423195148455206
Track_73112,256,256,2,0,0,0,0,0,1.0,151.0,152.0,4.101834054438743,721.8409016804885,165.01779467875562,0.0,4.101834054438743,4.101834054438743,4.101834054438743,4.101834054438743,NaN,2826.5,4.101834054438743,4.101834054438743,1.0,4.101834054438743,1.0,NaN
Track_73113,257,257,38,4,0,0,0,4,47.0,159.0,206.0,25.611693268920824,524.0928318882219,247.66602087699667,0.0,1.197938279942423,4.313935269254981,0.09801706566836726,0.8410563168141323,1.0149341063834847,3058.2894736842104,54.42313561330054,28.140884068191976,0.4706030437294677,0.544929644019592,0.4548895824965066,1.017898291769507
Track_73114,258,258,8,1,0,0,0,1,8.0,160.0,168.0,65.9150280853091,341.53327208116264,346.386787950201,0.0,13.886489020625351,17.369326591744905,5.711275153339357,15.145351368600114,3.8333353141686666,5494.5,113.09306527622336,65.9150280853091,0.5828388144252294,8.239378510663638,0.5933377759076349,0.847255645716245
Track_73115,259,259,18,3,0,0,0,4,24.0,160.0,184.0,16.722668672095562,722.1648291696142,117.75743745520036,0.0,2.2959338839790173,5.918613987503257,0.41952069664299163,1.885731992738097,1.4351619996713372,3732.4444444444443,51.821326594976775,20.429570800412748,0.32269858320679407,0.6967778613373151,0.30348341744482177,1.4654845004359196
Track_73116,260,260,46,3,0,0,0,3,50.0,160.0,210.0,23.881917089845455,138.43601717585582,312.54829709084004,0.0,1.9616419592249517,6.979683460593326,0.22401889082037788,1.3090878136191564,1.6940002576362174,3936.3478260869565,95.16399153284684,30.36400696948017,0.25095539505194425,0.4776383417969091,0.2434890523985452,1.449858739376529
Track_73117,261,261,53,1,0,0,0,2,54.0,156.0,210.0,45.0572795323118,663.9710901917025,30.916687694938275,0.0,1.3082707063968442,5.547625034095496,0.25474754284051904,0.7607016605950883,1.3086764481792712,3809.3584905660377,73.46568646079446,45.0572795323118,0.6133105358834015,0.8343940654131815,0.6377839550586717,1.2935036513777374
Track_73118,262,262,4,0,0,0,0,0,3.0,160.0,163.0,1.1335708224253542,649.0324120075002,360.19621052871526,0.0,0.7660516197820113,1.1501247120351668,0.2566446219018035,0.8913855254090639,0.4597369995888725,2829.5,2.298154859346034,1.2946998748929859,0.49325258383498344,0.3778569408084514,0.49325258383498344,2.4271895602361364
Track_73119,263,263,5,0,0,0,0,0,4.0,161.0,165.0,11.331591164176364,483.8519723158156,532.3307900808666,0.0,5.471642966153215,8.1395069874599,1.0984452226392152,7.28359343835462,3.137774614019136,8229.6,21.88657186461286,11.331591164176364,0.5177417109573822,2.832897791044091,0.5177417109573822,1.0012996088041073
Track_73120,264,264,21,4,0,0,0,4,30.0,165.0,195.0,0.8416362471570574,74.5987234569515,8.911237414424132,0.0,0.26168061904464124,0.8082312233682062,0.04193448678713333,0.20540218075303662,0.2154649574640581,2792.095238095238,6.380680786028954,1.1645864525066258,0.13190383211144052,0.028054541571901914,0.10720909203870374,1.5312661764780113
Track_73121,265,265,3,0,0,0,0,0,2.0,164.0,166.0,0.5049325411654896,529.8192989832803,249.94522076283226,0.0,0.6190808671809924,0.863498864748011,0.3746628696139739,0.863498864748011,0.3456592470473518,5600.333333333333,1.2381617343619848,0.863498864748011,0.4078082266253184,0.2524662705827448,0.4078082266253184,2.91877142620216
Track_73122,266,266,3,0,0,0,0,0,2.0,169.0,171.0,11.127994877420859,303.4902951229178,312.91303792602923,0.0,6.342031102550202,7.172923936614538,5.511138268485865,7.172923936614538,1.175059914812402,4491.0,12.684062205100403,11.127994877420859,0.8773210583078163,5.563997438710429,0.8773210583078163,1.0106146369951756
Track_73123,267,267,42,2,0,0,0,2,44.0,166.0,210.0,108.28311859393328,432.20019834641016,447.4512254828725,0.0,4.31813575759746,12.361614168370387,0.20898046312032859,3.258227157006622,3.6166781935618815,7975.309523809524,189.17976614215218,110.83211713181383,0.5723821357965307,2.4609799680439384,0.5699172296086372,1.2900529587763583
Track_73124,268,268,3,0,0,0,0,0,2.0,173.0,175.0,15.088524095788644,323.8936929719607,330.11704195323034,0.0,7.924720852924834,9.849262263243972,6.000179442605695,9.849262263243972,2.721712563821969,5267.333333333333,15.849441705849667,15.088524095788644,0.951990888752871,7.544262047894322,0.951990888752871,0.6421222636045595
Track_73125,269,269,23,0,0,0,0,0,22.0,170.0,192.0,45.12363963019698,83.99619460716492,621.3623063171257,0.0,2.219981584636114,5.792275866226164,0.3899345853659648,1.707167327563986,1.808146287260904,2836.478260869565,48.8395948619945,45.12363963019698,0.9239151094046204,2.0510745286453176,0.9239151094046203,0.7583355068421623
Track_73126,270,270,2,0,0,0,0,0,1.0,173.0,174.0,0.2705834911236325,598.0523274424991,503.33188950411795,0.0,0.2705834911236325,0.2705834911236325,0.2705834911236325,0.2705834911236325,NaN,2738.5,0.2705834911236325,0.2705834911236325,1.0,0.2705834911236325,1.0,NaN
Track_73127,271,271,5,0,0,0,0,0,4.0,171.0,175.0,4.60250257987687,711.7432024957914,469.8746360010482,0.0,1.1860809604736886,2.046953623233899,0.6762100584701977,1.0214143247877299,0.5952327158182131,3154.0,4.7443238418947535,4.60250257987687,0.9701071708542468,1.1506256449692176,0.9701071708542467,0.305418152589287
Track_73128,272,272,33,1,0,0,0,3,35.0,173.0,208.0,35.23933237770323,352.70467856444037,96.8987038041086,0.0,1.8613166724940031,4.665313958425546,0.2611139776654574,1.782880635519482,1.287204946011584,3693.242424242424,62.117560715663295,35.23933237770323,0.5673006468977045,1.006838067934378,0.5409278726254045,1.401607911776187
Track_73129,273,273,5,1,0,0,0,1,5.0,175.0,180.0,7.608017758172015,236.40835823423927,395.26462463832104,0.0,1.2885506561084674,3.1610354830033667,0.4802882587368158,0.9531287707196479,1.2653254659421318,2787.6,8.315238107437237,7.608017758172015,0.9149488757714976,1.521603551634403,1.180864364486667,1.2883507830956586
Track_73130,274,274,2,0,0,0,0,0,1.0,170.0,171.0,2.4808306798100404,722.0618922055543,124.6642944273955,0.0,2.4808306798100404,2.4808306798100404,2.4808306798100404,2.4808306798100404,NaN,5399.0,2.4808306798100404,2.4808306798100404,1.0,2.4808306798100404,1.0,NaN
Track_73131,275,275,8,0,0,0,0,0,7.0,179.0,186.0,58.43578141777867,310.1160366377355,324.45038961638164,0.0,12.248853034243359,23.637095090261326,5.174118414232864,11.826887825098925,6.256845626132447,4931.875,85.74197123970352,58.43578141777867,0.6815306503090928,8.34796877396838,0.6815306503090928,0.7807031842518833
Track_73132,276,276,3,0,0,0,0,0,2.0,182.0,184.0,8.31714924708114,754.4390168237593,99.89359473356889,0.0,6.0349103285684125,7.298495808353012,4.771324848783813,7.298495808353012,1.786979722729095,5791.333333333333,12.069820657136825,8.31714924708114,0.68908639849286,4.15857462354057,0.68908639849286,1.6694329581871636
Track_73133,277,277,6,0,0,0,0,0,5.0,181.0,186.0,0.9953295660001018,504.9631913335027,152.62124447892103,0.0,0.5191631317522143,0.9536469683902008,0.30530008970586325,0.4272786183482309,0.2519499986368289,2816.6666666666665,2.595815658761071,1.5189593376114086,0.3834361514234612,0.19906591320002037,0.3834361514234612,0.9781850738959559
Track_73134,278,278,10,0,0,0,0,0,9.0,179.0,188.0,16.802869575728742,14.453553307312896,640.0210333942022,0.0,2.210383576648443,5.426137873583271,0.06441561185803407,1.298565352555558,2.3222028895118276,3394.6,19.893452189835987,16.802869575728742,0.8446432230758675,1.8669855084143048,0.8446432230758676,1.119297588951143
Track_73135,279,279,2,0,0,0,0,0,1.0,181.0,182.0,0.6469224710769783,819.871802371209,457.304698642943,0.0,0.6469224710769783,0.6469224710769783,0.6469224710769783,0.6469224710769783,NaN,3176.5,0.6469224710769783,0.6469224710769783,1.0,0.6469224710769783,1.0,NaN
Track_73136,280,280,2,0,0,0,0,0,1.0,181.0,182.0,2.2059280308762887,225.12531005682925,374.0215036595632,0.0,2.2059280308762887,2.2059280308762887,2.2059280308762887,2.2059280308762887,NaN,3428.5,2.2059280308762887,2.2059280308762887,1.0,2.2059280308762887,1.0,NaN
Track_73137,281,281,25,0,0,0,0,0,24.0,185.0,209.0,33.642406176135594,768.9489000968471,75.96713660657025,0.0,4.701824536206308,11.413775986685977,1.340057067521866,4.400065378606804,2.8225551067592547,4931.04,112.84378886895138,38.87188452383352,0.29813254688927054,1.4017669240056498,0.29813254688927054,1.368366165196361
Track_73138,282,282,3,0,0,0,0,0,2.0,183.0,185.0,0.5803002163011912,306.7837475655742,644.1762918261354,0.0,0.29048152413227385,0.39266750833672026,0.18829553992782744,0.39266750833672026,0.144512804746371,2818.0,0.5809630482645477,0.5803002163011912,0.9988590806845005,0.2901501081505956,0.9988590806845005,0.10207587906591603
Track_73139,283,283,2,0,0,0,0,0,1.0,183.0,184.0,0.436022574051848,712.5068471870007,620.0459080985793,0.0,0.436022574051848,0.436022574051848,0.436022574051848,0.436022574051848,NaN,3323.5,0.436022574051848,0.436022574051848,1.0,0.436022574051848,1.0,NaN
Track_73140,284,284,2,0,0,0,0,0,1.0,190.0,191.0,8.1956462187946,730.2687970975401,86.98705192534153,0.0,8.1956462187946,8.1956462187946,8.1956462187946,8.1956462187946,NaN,2987.5,8.1956462187946,8.1956462187946,1.0,8.1956462187946,1.0,NaN
Track_73141,285,285,2,0,0,0,0,0,1.0,190.0,191.0,5.1324646190744,70.13299117988242,362.90718284227796,0.0,5.1324646190744,5.1324646190744,5.1324646190744,5.1324646190744,NaN,2846.5,5.1324646190744,5.1324646190744,1.0,5.1324646190744,1.0,NaN
Track_73142,286,286,3,0,0,0,0,0,2.0,187.0,189.0,5.454741949601495,734.6066720637392,89.32118501900963,0.0,3.458392744734889,3.927918677422046,2.988866812047731,3.927918677422046,0.664009941892055,5575.0,6.916785489469778,5.454741949601495,0.7886238423767629,2.7273709748007473,0.7886238423767629,1.3390718841854685
Track_73143,287,287,2,0,0,0,0,0,1.0,188.0,189.0,7.764615750003913,256.8399605778396,291.43254601182707,0.0,7.764615750003913,7.764615750003913,7.764615750003913,7.764615750003913,NaN,4839.5,7.764615750003913,7.764615750003913,1.0,7.764615750003913,1.0,NaN
Track_73144,288,288,13,0,0,0,0,0,12.0,193.0,205.0,1.7505250095610447,233.9981706616592,396.5939345162433,0.0,0.627543103591824,1.132541872181395,0.2122780577793091,0.6651493185915066,0.28634103237747377,2772.6153846153848,7.530517243101887,1.788606854075239,0.23245747311242965,0.14587708413008707,0.23245747311242965,2.084945590258118
Track_73145,289,289,18,0,0,0,0,0,17.0,193.0,210.0,10.803744654790304,615.3389723941337,635.7039689041044,0.0,0.9749618966685988,3.9492026113220047,0.11045428364897074,0.6220020290715141,1.0507664467783913,6442.444444444444,16.57435224336618,11.331989487511734,0.6518351062023833,0.6355143914582532,0.6518351062023834,1.322290558292706
Track_73146,290,290,7,1,0,0,0,3,9.0,194.0,203.0,2.163873116679289,515.5692465511404,224.28925892939833,0.0,0.595303049362101,1.7509607929842204,0.06670101376721826,0.47594911035056736,0.6026161244804698,2857.4285714285716,4.116260549676135,2.2056067211343726,0.5256890545593721,0.24043034629769877,0.4038789093308572,1.536023112083297
Track_73147,291,291,6,0,0,0,0,0,5.0,191.0,196.0,9.792803323599658,756.9994793218792,70.48608570289116,0.0,3.663695476685014,6.1604287377769165,1.1160764791094129,3.5260466112509286,1.8841788120830076,2798.5,18.31847738342507,9.792803323599658,0.5345860967931967,1.9585606647199316,0.5345860967931967,1.249990130370961
Track_73148,292,292,7,1,0,0,0,2,8.0,194.0,202.0,5.100461139179009,831.5990850147218,281.71138062929106,0.0,0.6087305616018389,1.4431444778658513,0.1931979289692034,0.47694356853087405,0.444235695188596,3195.5714285714284,6.538672325342737,5.100461139179009,0.7800453800705878,0.6375576423973761,1.0473560596656761,0.9965043753729939
Track_73149,293,293,3,0,0,0,0,0,2.0,192.0,194.0,6.44550553732011,71.32346617245973,123.6521421168585,0.0,3.3239588447771187,5.9344527157569935,0.7134649737972437,5.9344527157569935,3.6917958368315795,2763.3333333333335,6.647917689554237,6.44550553732011,0.9695525483788444,3.222752768660055,0.9695525483788444,0.813406303175924
Track_73150,294,294,11,1,0,0,0,3,13.0,191.0,204.0,46.0547365585615,261.0226733517923,289.55770157203125,0.0,9.807543741792518,20.244863346642052,1.513632449658786,10.726756861683345,5.226994843356572,5212.727272727273,102.61633476690153,46.0547365585615,0.4488051211649421,3.5426720429662693,0.3612190917762634,1.051991691289713
Track_73151,295,295,5,0,0,0,0,0,4.0,197.0,201.0,2.0868885228603835,242.02350940529695,16.323787946942264,0.0,0.8185481735631297,1.2954170158204528,0.5687020889684407,0.7661078723692867,0.32815442401361106,2809.2,3.274192694252519,2.6196153685421955,0.6373749860610477,0.5217221307150959,0.6373749860610477,1.0336240156963556
Track_73152,296,296,6,0,0,0,0,0,5.0,198.0,203.0,4.463164325656781,169.90232198702873,140.45034730126108,0.0,1.0403928247292606,1.966517584289829,0.33483137736408153,0.9187929373369339,0.5900044951622649,3076.5,5.201964123646305,4.58193223583323,0.8579767602334665,0.8926328651313561,0.8579767602334668,1.0032397273033535
Track_73153,297,297,14,0,0,0,0,0,13.0,197.0,210.0,17.02067518282947,562.4327571076373,636.5894495613499,0.0,1.5129728133497928,3.36624962797208,0.16386709998526944,1.104498537353628,1.243930444647421,4424.142857142857,19.668646573547306,17.02067518282947,0.8653709404550928,1.3092827063714978,0.8653709404550928,1.100789475255947
Track_73154,298,298,7,0,0,0,0,0,6.0,198.0,204.0,1.7901706170092901,370.8238717717387,425.29140338480823,0.0,0.6108262154168007,1.6456704871281271,0.2961206060970133,0.40365208952820086,0.5162660187954436,2915.285714285714,3.664957292500804,2.2244222168918815,0.4884560648693828,0.29836176950154836,0.48845606486938276,1.5599519077204818
Track_73155,299,299,13,0,0,0,0,0,12.0,198.0,210.0,11.763644819328311,752.0934458763661,52.36256379299852,0.0,3.046934733007716,8.699794277190888,0.4756934833572136,3.383720632583206,2.6070386020034655,3045.230769230769,36.5632167960926,16.894357992208132,0.32173440550738025,0.9803037349440259,0.32173440550738025,1.4539986773279259
Track_73156,300,300,5,0,0,0,0,0,4.0,198.0,202.0,1.2891729707294644,274.0106896292262,159.5870265565075,0.0,0.39002890827349845,0.6201209109849634,0.18278076209407387,0.524651157338107,0.21510683249769127,2934.2,1.5601156330939938,1.2891729707294644,0.8263316791286806,0.3222932426823661,0.8263316791286806,0.8787567232171313
Track_73157,301,301,14,0,0,0,0,0,13.0,197.0,210.0,40.59669429984043,697.1254721511526,450.51303988031793,0.0,3.4552506207651086,7.620610091529439,0.5005163693538629,3.1311528616577244,2.4363946295076526,4749.928571428572,44.91825806994641,40.59669429984043,0.9037904861899037,3.122822638449264,0.9037904861899037,0.7421175329261924
Track_73158,302,302,11,0,0,0,0,0,10.0,200.0,210.0,24.178838925668323,854.8710198196404,114.91102213952703,0.0,2.6428231655356758,6.41806790323156,0.09584274531005385,2.4977773099154623,2.373996231709056,3543.7272727272725,26.428231655356758,24.178838925668323,0.9148867484203204,2.4178838925668322,0.9148867484203203,0.6222716848517389
Track_73159,303,303,10,0,0,0,0,0,9.0,201.0,210.0,7.452984010589121,632.865491916368,541.0099208123978,0.0,3.24527484029981,6.100346149836471,1.0709143892512594,3.462524273100128,1.4970466769905804,3328.6,29.207473562698294,10.639066638979967,0.25517386824266586,0.8281093345099024,0.2551738682426659,1.9092837925036277
Track_73160,304,304,3,0,0,0,0,0,2.0,205.0,207.0,10.534109339998636,232.68235258925571,250.92467084673785,0.0,8.93142774943765,13.995643123553181,3.8672123753221195,13.995643123553181,7.161882064852521,5728.0,17.8628554988753,13.995643123553181,0.5897214664621732,5.267054669999318,0.5897214664621732,2.7454691321904243
Track_73161,305,305,4,1,0,0,0,2,5.0,205.0,210.0,2.0537760924315656,99.3728262466336,323.2054393434256,0.0,0.7026583061087421,1.2534821525035795,0.41189794419902076,0.4425948216236262,0.4772742994220492,4005.5,2.931770806724268,2.0537760924315656,0.7005240954446554,0.41075521848631313,0.5845732056609965,0.5245540629486716
Track_73162,306,306,2,0,0,0,0,0,1.0,204.0,205.0,2.5389922629407375,860.146254670599,482.5112648313697,0.0,2.5389922629407375,2.5389922629407375,2.5389922629407375,2.5389922629407375,NaN,3218.0,2.5389922629407375,2.5389922629407375,1.0,2.5389922629407375,1.0,NaN
Track_73163,307,307,4,0,0,0,0,0,3.0,206.0,209.0,8.793294268609218,58.351176319641034,328.9334010610782,0.0,3.0011768316039458,3.8215760475369103,2.338939534019663,2.843014913255263,0.7538661367347959,3359.5,9.003530494811836,8.793294268609218,0.9766495791485614,2.931098089536406,0.9766495791485612,0.4333471215956515
Track_73164,308,308,3,0,0,0,0,0,2.0,208.0,210.0,3.0330362005122637,224.90249425068575,375.65280532859214,0.0,2.5140440057262214,2.5388188208848694,2.489269190567574,2.5388188208848694,0.03503687960264621,2941.6666666666665,5.028088011452443,3.0330362005122637,0.6032185979250835,1.5165181002561319,0.6032185979250835,1.846660159658849
Track_73165,309,309,3,0,0,0,0,0,2.0,208.0,210.0,2.7668348234437903,239.33450369307283,377.4420317230552,0.0,2.5859656872143018,3.513397806491475,1.658533567937129,3.513397806491475,1.3115870812622,2904.3333333333335,5.1719313744286035,2.7668348234437903,0.5349712946934588,1.3834174117218951,0.5349712946934588,2.2631356635799142
Track_73166,310,310,2,0,0,0,0,0,1.0,208.0,209.0,1.428617529760759,57.26067126362555,76.54850496110086,0.0,1.428617529760759,1.428617529760759,1.428617529760759,1.428617529760759,NaN,2772.5,1.428617529760759,1.428617529760759,1.0,1.428617529760759,1.0,NaN
