"","ID","Track","Slice","X","Y","Distance","Velocity","PixelValue","TrackNumber"
"1",2,"Head Before",2,98,641,10.704,7.136,-9010797,221
"2",3,"Head Before",3,134,706,25.189,16.793,-9140598,221
"3",4,"Head Before",4,134,700,2.034,1.356,-9074284,221
"4",5,"Head Before",5,113,706,7.404,4.936,-8551022,221
"5",6,"Head Before",6,161,708,16.286,10.857,-8288365,221
"6",7,"Head Before",7,213,725,18.546,12.364,-8877169,221
"7",8,"Head Before",8,310,735,33.057,22.038,-8878706,221
"8",9,"Head Before",9,398,685,34.311,22.874,-8417906,221
"9",10,"Head Before",10,396,635,16.964,11.309,-8088939,221
"10",11,"Head Before",11,436,614,15.315,10.21,-8878445,221
"11",12,"Head Before",12,438,551,21.368,14.245,-9406595,221
"12",13,"Head Before",13,459,490,21.87,14.58,-8681830,221
"13",14,"Head Before",14,478,392,33.841,22.56,-8747113,221
"14",15,"Head Before",15,486,377,5.763,3.842,-9273967,221
"15",16,"Head Before",16,488,375,0.959,0.639,-8615527,221
"16",17,"Head Before",17,505,354,9.159,6.106,-8942700,221
"17",18,"Head Before",18,519,337,7.466,4.977,-9800052,221
"18",19,"Head Before",19,538,327,7.279,4.852,-8614759,221
"19",20,"Head Before",20,563,316,9.259,6.173,-8090471,221
"20",21,"Head Before",21,593,285,14.624,9.749,-9534321,221
"21",22,"Head Before",22,591,283,0.959,0.639,-8614256,221
"22",23,"Head Before",23,589,285,0.959,0.639,-8943737,221
"23",24,"Head Before",24,582,285,2.373,1.582,-8350825,221
"24",25,"Head Before",25,599,272,7.255,4.837,-8614507,221
"25",26,"Head Before",26,595,280,3.032,2.021,-7892582,221
"26",27,"Head Before",27,587,285,3.198,2.132,-8482409,221
"27",29,"Tail Before",2,35,656,15.653,10.435,-11967654,221
"28",30,"Tail Before",3,73,681,15.42,10.28,-12237989,221
"29",31,"Tail Before",4,67,689,3.39,2.26,-9206144,221
"30",32,"Tail Before",5,56,685,3.968,2.645,-10520462,221
"31",33,"Tail Before",6,94,693,13.164,8.776,-11111320,221
"32",34,"Tail Before",7,148,714,19.642,13.094,-11641514,221
"33",35,"Tail Before",8,245,725,33.094,22.063,-10847633,221
"34",36,"Tail Before",9,350,727,35.601,23.734,-11582114,221
"35",37,"Tail Before",10,375,687,15.991,10.66,-11385763,221
"36",38,"Tail Before",11,396,660,11.596,7.73,-11844773,221
"37",39,"Tail Before",12,431,614,19.595,13.063,-11320231,221
"38",40,"Tail Before",13,492,549,30.219,20.146,-9079445,221
"39",41,"Tail Before",14,469,454,33.135,22.09,-10462604,221
"40",42,"Tail Before",15,450,427,11.192,7.461,-11119782,221
"41",43,"Tail Before",16,454,425,1.516,1.011,-10334892,221
"42",44,"Tail Before",17,457,396,9.883,6.589,-9215122,221
"43",45,"Tail Before",18,471,383,6.477,4.318,-10389897,221
"44",46,"Tail Before",19,484,375,5.175,3.45,-10595998,221
"45",47,"Tail Before",20,505,352,10.558,7.039,-7760501,221
"46",48,"Tail Before",21,534,322,14.145,9.43,-10982301,221
"47",49,"Tail Before",22,534,320,0.678,0.452,-12041134,221
"48",50,"Tail Before",23,524,314,3.953,2.636,-10134685,221
"49",51,"Tail Before",24,524,316,0.678,0.452,-8624775,221
"50",52,"Tail Before",25,540,306,6.396,4.264,-8091511,221
"51",53,"Tail Before",26,528,312,4.548,3.032,-9212561,221
"52",54,"Tail Before",27,519,308,3.339,2.226,-8876415,221
"53",56,"Head After",29,599,287,0.678,0.452,-8223086,221
"54",57,"Head After",30,601,289,0.959,0.639,-8813684,221
"55",58,"Head After",31,631,293,10.26,6.84,-8155764,221
"56",59,"Head After",32,664,283,11.689,7.793,-9272178,221
"57",60,"Head After",33,677,272,5.773,3.849,-8879998,221
"58",61,"Head After",34,679,278,2.144,1.429,-8089968,221
"59",62,"Head After",35,704,272,8.716,5.81,-8354156,221
"60",63,"Head After",36,696,255,6.369,4.246,-9207163,221
"61",64,"Head After",37,696,251,1.356,0.904,-9212026,221
"62",65,"Head After",38,685,253,3.79,2.527,-7697772,221
"63",66,"Head After",39,685,262,3.051,2.034,-7237221,221
"64",67,"Head After",40,683,270,2.795,1.864,-8026737,221
"65",68,"Head After",41,675,283,5.175,3.45,-8158323,221
"66",69,"Head After",42,675,276,2.373,1.582,-7564905,221
"67",70,"Head After",43,681,262,5.163,3.442,-7827301,221
"68",71,"Head After",44,687,226,12.372,8.248,-8024185,221
"69",72,"Head After",45,712,218,8.898,5.932,-8417647,221
"70",73,"Head After",46,727,184,12.598,8.399,-7958393,221
"71",74,"Head After",47,758,134,19.943,13.296,-7827056,221
"72",75,"Head After",48,754,142,3.032,2.021,-8287347,221
"73",76,"Head After",49,750,161,6.582,4.388,-8682115,221
"74",77,"Head After",50,740,169,4.341,2.894,-10064776,221
"75",78,"Head After",51,754,144,9.713,6.476,-8484719,221
"76",79,"Head After",52,761,106,13.099,8.732,-8813945,221
"77",80,"Head After",53,761,129,7.797,5.198,-8552816,221
"78",81,"Head After",54,754,129,2.373,1.582,-7961205,221
"79",83,"Tail After",29,517,308,0.678,0.452,-9078422,221
"80",84,"Tail After",30,519,308,0.678,0.452,-10653604,221
"81",85,"Tail After",31,534,312,5.263,3.508,-9077628,221
"82",86,"Tail After",32,566,306,11.037,7.358,-9011597,221
"83",87,"Tail After",33,566,306,0,0,-10196125,221
"84",88,"Tail After",34,574,299,3.604,2.402,-11379108,221
"85",89,"Tail After",35,589,291,5.763,3.842,-8822942,221
"86",90,"Tail After",36,593,291,1.356,0.904,-10392983,221
"87",91,"Tail After",37,603,283,4.341,2.894,-9536914,221
"88",92,"Tail After",38,593,280,3.539,2.36,-9602180,221
"89",93,"Tail After",39,587,276,2.445,1.63,-8619393,221
"90",94,"Tail After",40,580,280,2.733,1.822,-9011584,221
"91",95,"Tail After",41,582,274,2.144,1.429,-10463649,221
"92",96,"Tail After",42,593,270,3.968,2.645,-11644836,221
"93",97,"Tail After",43,591,257,4.459,2.973,-8155512,221
"94",98,"Tail After",44,589,262,1.826,1.217,-10323601,221
"95",99,"Tail After",45,595,257,2.648,1.765,-10919580,221
"96",100,"Tail After",46,616,243,8.556,5.704,-8879748,221
"97",101,"Tail After",47,641,224,10.645,7.097,-9013640,221
"98",102,"Tail After",48,633,222,2.795,1.864,-10065291,221
"99",103,"Tail After",49,635,230,2.795,1.864,-9865867,221
"100",104,"Tail After",50,635,228,0.678,0.452,-9930365,221
"101",105,"Tail After",51,643,224,3.032,2.021,-10917777,221
"102",106,"Tail After",52,654,205,7.443,4.962,-8222335,221
"103",107,"Tail After",53,658,199,2.445,1.63,-9145230,221
"104",108,"Tail After",54,654,207,3.032,2.021,-11702942,221
"1",2,"Head Before",2,2522,276,16.95,11.3,-9404550,222
"2",3,"Head Before",3,2505,274,5.803,3.868,-8813692,222
"3",4,"Head Before",4,2465,268,13.712,9.141,-9470595,222
"4",5,"Head Before",5,2421,266,14.931,9.954,-8813434,222
"5",6,"Head Before",6,2367,266,18.306,12.204,-9273730,222
"6",7,"Head Before",7,2323,274,15.161,10.107,-9340540,222
"7",8,"Head Before",8,2262,274,20.679,13.786,-9273732,222
"8",9,"Head Before",9,2417,304,53.52,35.68,-9995648,222
"9",10,"Head Before",10,2444,306,9.178,6.119,-9272705,222
"10",11,"Head Before",11,2453,293,5.36,3.573,-9667973,222
"11",12,"Head Before",12,2482,287,10.039,6.693,-8683915,222
"12",13,"Head Before",13,2484,297,3.457,2.305,-9602181,222
"13",14,"Head Before",14,2497,306,5.36,3.573,-9539473,222
"14",15,"Head Before",15,2509,308,4.124,2.749,-9669780,222
"15",16,"Head Before",16,2469,312,13.628,9.085,-9603471,222
"16",17,"Head Before",17,2411,324,20.078,13.386,-9995648,222
"17",18,"Head Before",18,2350,331,20.815,13.876,-8878974,222
"18",19,"Head Before",19,2293,335,19.371,12.914,-9537424,222
"19",20,"Head Before",20,2258,331,11.942,7.961,-8681848,222
"20",21,"Head Before",21,2228,322,10.618,7.079,-9471883,222
"21",22,"Head Before",22,2205,316,8.058,5.372,-9603208,222
"22",23,"Head Before",23,2186,316,6.441,4.294,-9668490,222
"23",24,"Head Before",24,2109,312,26.138,17.425,-9669260,222
"24",25,"Head Before",25,2060,322,16.953,11.302,-9340802,222
"25",26,"Head Before",26,2002,333,20.012,13.342,-9472386,222
"26",27,"Head Before",27,1922,364,29.085,19.39,-9273981,222
"27",28,"Head Before",28,1859,389,22.977,15.318,-9208452,222
"28",29,"Head Before",29,1834,446,21.1,14.067,-8814723,222
"29",30,"Head Before",30,1840,488,14.383,9.588,-8681848,222
"30",31,"Head Before",31,1815,543,20.481,13.654,-9732989,222
"31",32,"Head Before",32,1775,601,23.884,15.923,-9075072,222
"32",33,"Head Before",33,1773,649,16.286,10.857,-8812405,222
"33",34,"Head Before",34,1759,675,10.011,6.674,-9468801,222
"34",35,"Head Before",35,1752,687,4.71,3.14,-9142910,222
"35",36,"Head Before",36,1742,700,5.56,3.707,-9010560,222
"36",37,"Head Before",37,1742,708,2.712,1.808,-9273467,222
"37",38,"Head Before",38,1740,710,0.959,0.639,-9799033,222
"38",39,"Head Before",39,1746,714,2.445,1.63,-9601667,222
"39",40,"Head Before",40,1748,729,5.13,3.42,-9010044,222
"40",41,"Head Before",41,1763,798,23.937,15.958,-8288127,222
"41",42,"Head Before",42,1796,859,23.511,15.674,-9141376,222
"42",43,"Head Before",43,1840,861,14.931,9.954,-9140865,222
"43",44,"Head Before",44,1866,855,9.046,6.03,-9142656,222
"44",45,"Head Before",45,1863,847,2.896,1.931,-9078404,222
"45",46,"Head Before",46,1861,842,1.826,1.217,-9206658,222
"46",47,"Head Before",47,1868,844,2.468,1.645,-9735057,222
"47",48,"Head Before",48,1878,838,3.953,2.636,-9141627,222
"48",49,"Head Before",49,1886,828,4.341,2.894,-9667714,222
"49",50,"Head Before",50,1876,865,12.993,8.662,-9208198,222
"50",51,"Head Before",51,1886,868,3.539,2.36,-9470333,222
"51",52,"Head Before",52,1886,874,2.034,1.356,-9469055,222
"52",53,"Head Before",53,1941,874,18.645,12.43,-9207420,222
"53",54,"Head Before",54,1998,876,19.335,12.89,-9272437,222
"54",55,"Head Before",55,2016,872,6.251,4.167,-9471097,222
"55",56,"Head Before",56,2040,876,8.248,5.499,-9404548,222
"56",57,"Head Before",57,2075,817,23.255,15.504,-9469054,222
"57",58,"Head Before",58,2086,790,9.883,6.589,-9405569,222
"58",59,"Head Before",59,2058,754,15.461,10.307,-9405818,222
"59",60,"Head Before",60,2046,719,12.543,8.362,-9142146,222
"60",61,"Head Before",61,2046,702,5.763,3.842,-9600892,222
"61",62,"Head Before",62,2056,710,4.341,2.894,-9338496,222
"62",63,"Head Before",63,2048,712,2.795,1.864,-9600638,222
"63",64,"Head Before",64,2056,708,3.032,2.021,-9404801,222
"64",65,"Head Before",65,2058,708,0.678,0.452,-9076616,222
"65",66,"Head Before",66,2046,700,4.889,3.259,-9011334,222
"66",67,"Head Before",67,2019,687,10.159,6.772,-9011584,222
"67",68,"Head Before",68,2010,681,3.667,2.445,-8749189,222
"68",69,"Head Before",69,2006,668,4.611,3.074,-9012088,222
"69",70,"Head Before",70,2004,670,0.959,0.639,-8617346,222
"70",71,"Head Before",71,2010,666,2.445,1.63,-9010560,222
"71",72,"Head Before",72,2006,666,1.356,0.904,-9406593,222
"72",73,"Head Before",73,2004,664,0.959,0.639,-9075583,222
"73",74,"Head Before",74,2004,662,0.678,0.452,-9142657,222
"74",75,"Head Before",75,2004,662,0,0,-9075072,222
"75",76,"Head Before",76,2004,664,0.678,0.452,-8683899,222
"76",77,"Head Before",77,1998,664,2.034,1.356,-9209483,222
"77",78,"Head Before",78,1993,658,2.648,1.765,-9010560,222
"78",79,"Head Before",79,1981,673,6.512,4.341,-9142659,222
"79",80,"Head Before",80,1985,670,1.695,1.13,-9075577,222
"80",81,"Head Before",81,1979,662,3.39,2.26,-9340038,222
"81",82,"Head Before",82,1983,656,2.445,1.63,-9209742,222
"82",83,"Head Before",83,1977,656,2.034,1.356,-9274242,222
"83",84,"Head Before",84,1983,645,4.248,2.832,-8945537,222
"84",85,"Head Before",85,1975,654,4.082,2.721,-8881027,222
"85",86,"Head Before",86,1972,652,1.222,0.815,-9339774,222
"86",87,"Head Before",87,1975,647,1.977,1.318,-8879487,222
"87",88,"Head Before",88,1972,654,2.582,1.721,-8880514,222
"88",89,"Head Before",89,1977,645,3.49,2.327,-9142144,222
"89",90,"Head Before",90,1968,654,4.315,2.877,-9142920,222
"90",91,"Head Before",91,1968,652,0.678,0.452,-9078154,222
"91",92,"Head Before",92,1968,652,0,0,-8946309,222
"92",93,"Head Before",93,1968,645,2.373,1.582,-9273985,222
"93",94,"Head Before",94,1960,645,2.712,1.808,-8878974,222
"94",95,"Head Before",95,1960,645,0,0,-9010558,222
"95",96,"Head Before",96,1956,643,1.516,1.011,-9208192,222
"96",97,"Head Before",97,1954,641,0.959,0.639,-9406082,222
"97",98,"Head Before",98,1951,635,2.274,1.516,-9208963,222
"98",99,"Head Before",99,1949,637,0.959,0.639,-9076604,222
"99",100,"Head Before",100,1947,637,0.678,0.452,-8944767,222
"100",101,"Head Before",101,1943,641,1.918,1.278,-9536387,222
"101",102,"Head Before",102,1941,635,2.144,1.429,-10128261,222
"102",103,"Head Before",103,1933,635,2.712,1.808,-8945278,222
"103",104,"Head Before",104,1922,637,3.79,2.527,-9404548,222
"104",105,"Head Before",105,1918,633,1.918,1.278,-9472134,222
"105",106,"Head Before",106,1912,639,2.877,1.918,-9537153,222
"106",107,"Head Before",107,1910,641,0.959,0.639,-9537676,222
"107",108,"Head Before",108,1912,639,0.959,0.639,-9075583,222
"108",109,"Head Before",109,1912,641,0.678,0.452,-9208202,222
"109",110,"Head Before",110,1914,637,1.516,1.011,-9339008,222
"110",111,"Head Before",111,1918,635,1.516,1.011,-9011071,222
"111",112,"Head Before",112,1922,628,2.733,1.822,-8879487,222
"112",113,"Head Before",113,1926,626,1.516,1.011,-9342859,222
"113",114,"Head Before",114,1926,628,0.678,0.452,-8683650,222
"114",115,"Head Before",115,1937,643,6.306,4.204,-11775917,222
"115",116,"Head Before",116,1935,645,0.959,0.639,-11840934,222
"116",117,"Head Before",117,1931,639,2.445,1.63,-9799306,222
"117",118,"Head Before",118,1937,639,2.034,1.356,-9999259,222
"118",119,"Head Before",119,1928,639,3.051,2.034,-9800848,222
"119",120,"Head Before",120,1928,639,0,0,-9405320,222
"120",121,"Head Before",121,1949,641,7.151,4.767,-11639467,222
"121",122,"Head Before",122,1943,633,3.39,2.26,-9932182,222
"122",124,"Tail Before",2,2555,270,11.187,7.458,-11507624,222
"123",125,"Tail Before",3,2551,274,1.918,1.278,-9602697,222
"124",126,"Tail Before",4,2509,274,14.238,9.492,-10261138,222
"125",127,"Tail Before",5,2465,268,15.054,10.036,-10524571,222
"126",128,"Tail Before",6,2409,264,19.032,12.688,-9735055,222
"127",129,"Tail Before",7,2360,268,16.666,11.111,-11379621,222
"128",130,"Tail Before",8,2308,274,17.745,11.83,-9669791,222
"129",131,"Tail Before",9,2446,268,46.826,31.217,-9866906,222
"130",132,"Tail Before",10,2482,278,12.666,8.444,-10588313,222
"131",133,"Tail Before",11,2495,278,4.407,2.938,-10259851,222
"132",134,"Tail Before",12,2526,276,10.531,7.021,-9733784,222
"133",135,"Tail Before",13,2522,291,5.263,3.508,-8419197,222
"134",136,"Tail Before",14,2545,293,7.826,5.218,-10655387,222
"135",137,"Tail Before",15,2551,291,2.144,1.429,-10390416,222
"136",138,"Tail Before",16,2513,304,13.615,9.077,-10392724,222
"137",139,"Tail Before",17,2453,316,20.743,13.829,-11311516,222
"138",140,"Tail Before",18,2392,327,21.013,14.008,-11181212,222
"139",141,"Tail Before",19,2337,333,18.756,12.504,-10455706,222
"140",142,"Tail Before",20,2302,331,11.884,7.923,-9475222,222
"141",143,"Tail Before",21,2268,324,11.768,7.845,-11448996,222
"142",144,"Tail Before",22,2245,322,7.826,5.218,-10259348,222
"143",145,"Tail Before",23,2222,320,7.826,5.218,-10521742,222
"144",146,"Tail Before",24,2146,308,26.083,17.389,-10982553,222
"145",147,"Tail Before",25,2100,310,15.609,10.406,-10852764,222
"146",148,"Tail Before",26,2040,318,20.52,13.68,-10856600,222
"147",149,"Tail Before",27,1960,345,28.623,19.082,-10850967,222
"148",150,"Tail Before",28,1889,366,25.1,16.733,-11312034,222
"149",151,"Tail Before",29,1838,408,22.397,14.931,-11508384,222
"150",152,"Tail Before",30,1842,444,12.279,8.186,-10984609,222
"151",153,"Tail Before",31,1817,503,21.722,14.482,-9996178,222
"152",154,"Tail Before",32,1792,563,22.035,14.69,-11375758,222
"153",155,"Tail Before",33,1769,612,18.35,12.233,-9865869,222
"154",156,"Tail Before",34,1765,631,6.582,4.388,-11440799,222
"155",157,"Tail Before",35,1763,645,4.794,3.196,-10651798,222
"156",158,"Tail Before",36,1765,662,5.803,3.868,-10853528,222
"157",159,"Tail Before",37,1759,677,5.477,3.651,-10064790,222
"158",160,"Tail Before",38,1765,673,2.445,1.63,-11709088,222
"159",161,"Tail Before",39,1765,675,0.678,0.452,-11050151,222
"160",162,"Tail Before",40,1752,689,6.477,4.318,-11245473,222
"161",163,"Tail Before",41,1750,756,22.723,15.149,-11967397,222
"162",164,"Tail Before",42,1771,823,23.803,15.868,-11180710,222
"163",165,"Tail Before",43,1798,853,13.682,9.122,-11975590,222
"164",166,"Tail Before",44,1815,855,5.803,3.868,-9600401,222
"165",167,"Tail Before",45,1815,855,0,0,-10322578,222
"166",168,"Tail Before",46,1821,853,2.144,1.429,-11114917,222
"167",169,"Tail Before",47,1824,853,1.017,0.678,-11838891,222
"168",170,"Tail Before",48,1836,851,4.124,2.749,-9994895,222
"169",171,"Tail Before",49,1836,844,2.373,1.582,-10458267,222
"170",172,"Tail Before",50,1836,844,0,0,-11776170,222
"171",173,"Tail Before",51,1849,849,4.722,3.148,-11709874,222
"172",174,"Tail Before",52,1847,847,0.959,0.639,-11113376,222
"173",175,"Tail Before",53,1899,859,18.091,12.061,-11320999,222
"174",176,"Tail Before",54,1954,872,19.159,12.772,-9799310,222
"175",177,"Tail Before",55,1972,872,6.102,4.068,-10789791,222
"176",178,"Tail Before",56,1996,872,8.136,5.424,-10392476,222
"177",179,"Tail Before",57,2052,849,20.523,13.682,-11839659,222
"178",180,"Tail Before",58,2056,823,8.918,5.945,-10589843,222
"179",181,"Tail Before",59,2073,794,11.396,7.597,-10330266,222
"180",182,"Tail Before",60,2054,758,13.799,9.2,-10918308,222
"181",183,"Tail Before",61,2046,740,6.678,4.452,-9676182,222
"182",184,"Tail Before",62,2054,746,3.39,2.26,-8555663,222
"183",185,"Tail Before",63,2050,750,1.918,1.278,-9935775,222
"184",186,"Tail Before",64,2050,750,0,0,-10659745,222
"185",187,"Tail Before",65,2048,748,0.959,0.639,-9143950,222
"186",188,"Tail Before",66,2042,740,3.39,2.26,-9475984,222
"187",189,"Tail Before",67,2037,721,6.66,4.44,-10128776,222
"188",190,"Tail Before",68,2033,710,3.968,2.645,-10659746,222
"189",191,"Tail Before",69,2025,698,4.889,3.259,-10457754,222
"190",192,"Tail Before",70,2025,698,0,0,-11644582,222
"191",193,"Tail Before",71,2025,700,0.678,0.452,-10193037,222
"192",194,"Tail Before",72,2016,696,3.339,2.226,-10259346,222
"193",195,"Tail Before",73,2016,698,0.678,0.452,-9930894,222
"194",196,"Tail Before",74,2012,696,1.516,1.011,-10653328,222
"195",197,"Tail Before",75,2012,696,0,0,-9798020,222
"196",198,"Tail Before",76,2012,696,0,0,-10257036,222
"197",199,"Tail Before",77,2012,696,0,0,-10719897,222
"198",200,"Tail Before",78,2014,698,0.959,0.639,-10588824,222
"199",201,"Tail Before",79,2008,691,3.125,2.084,-10525343,222
"200",202,"Tail Before",80,2010,693,0.959,0.639,-10192015,222
"201",203,"Tail Before",81,2006,687,2.445,1.63,-10390681,222
"202",204,"Tail Before",82,2006,683,1.356,0.904,-10852512,222
"203",205,"Tail Before",83,1998,679,3.032,2.021,-11048348,222
"204",206,"Tail Before",84,2002,681,1.516,1.011,-10851996,222
"205",207,"Tail Before",85,2002,675,2.034,1.356,-10520726,222
"206",208,"Tail Before",86,1998,677,1.516,1.011,-10391961,222
"207",209,"Tail Before",87,1998,677,0,0,-10194068,222
"208",210,"Tail Before",88,1998,677,0,0,-10062482,222
"209",211,"Tail Before",89,1998,677,0,0,-10193553,222
"210",212,"Tail Before",90,1998,677,0,0,-10062228,222
"211",213,"Tail Before",91,1996,683,2.144,1.429,-10458008,222
"212",214,"Tail Before",92,1989,681,2.468,1.645,-10062221,222
"213",215,"Tail Before",93,1989,675,2.034,1.356,-9930896,222
"214",216,"Tail Before",94,1985,675,1.356,0.904,-10785174,222
"215",217,"Tail Before",95,1983,670,1.826,1.217,-9339273,222
"216",218,"Tail Before",96,1983,670,0,0,-9733263,222
"217",219,"Tail Before",97,1977,664,2.877,1.918,-9405318,222
"218",220,"Tail Before",98,1977,664,0,0,-9733012,222
"219",221,"Tail Before",99,1977,664,0,0,-9012104,222
"220",222,"Tail Before",100,1975,660,1.516,1.011,-9798027,222
"221",223,"Tail Before",101,1975,660,0,0,-10061199,222
"222",224,"Tail Before",102,1968,654,3.125,2.084,-9862532,222
"223",225,"Tail Before",103,1962,652,2.144,1.429,-10259598,222
"224",226,"Tail Before",104,1954,647,3.198,2.132,-9140869,222
"225",227,"Tail Before",105,1949,645,1.826,1.217,-9076103,222
"226",228,"Tail Before",106,1947,647,0.959,0.639,-9406608,222
"227",229,"Tail Before",107,1939,649,2.795,1.864,-9933466,222
"228",230,"Tail Before",108,1939,649,0,0,-8687236,222
"229",231,"Tail Before",109,1939,649,0,0,-9343636,222
"230",232,"Tail Before",110,1943,647,1.516,1.011,-9275023,222
"231",233,"Tail Before",111,1939,647,1.356,0.904,-11709615,222
"232",234,"Tail Before",112,1943,647,1.356,0.904,-10921113,222
"233",235,"Tail Before",113,1943,645,0.678,0.452,-11248282,222
"234",236,"Tail Before",114,1943,645,0,0,-10851998,222
"235",237,"Tail Before",115,1949,649,2.445,1.63,-10193304,222
"236",238,"Tail Before",116,1949,649,0,0,-10981537,222
"237",239,"Tail Before",117,1947,652,1.222,0.815,-10850708,222
"238",240,"Tail Before",118,1947,652,0,0,-10588822,222
"239",241,"Tail Before",119,1947,652,0,0,-11445671,222
"240",242,"Tail Before",120,1947,652,0,0,-10787220,222
"241",243,"Tail Before",121,1954,652,2.373,1.582,-10323601,222
"242",244,"Tail Before",122,1954,654,0.678,0.452,-12956584,222
"243",246,"Head After",124,1933,626,2.034,1.356,-8747901,222
"244",247,"Head After",125,1939,616,3.953,2.636,-8877693,222
"245",248,"Head After",126,1931,624,3.835,2.557,-9010558,222
"246",249,"Head After",127,1931,624,0,0,-9405318,222
"247",250,"Head After",128,1931,622,0.678,0.452,-9601403,222
"248",251,"Head After",129,1920,616,4.248,2.832,-9603974,222
"249",252,"Head After",130,1914,616,2.034,1.356,-9865101,222
"250",253,"Head After",131,1903,618,3.79,2.527,-9404538,222
"251",254,"Head After",132,1905,614,1.516,1.011,-10786452,222
"252",255,"Head After",133,1912,608,3.125,2.084,-9076351,222
"253",256,"Head After",134,1910,610,0.959,0.639,-10129039,222
"254",257,"Head After",135,1901,603,3.865,2.577,-9141117,222
"255",258,"Head After",136,1905,597,2.445,1.63,-9339525,222
"256",259,"Head After",137,1907,595,0.959,0.639,-9340038,222
"257",260,"Head After",138,1905,597,0.959,0.639,-10330264,222
"258",261,"Head After",139,1901,595,1.516,1.011,-8945537,222
"259",262,"Head After",140,1903,589,2.144,1.429,-9538446,222
"260",263,"Head After",141,1901,584,1.826,1.217,-10458517,222
"261",264,"Head After",142,1901,584,0,0,-9076866,222
"262",265,"Head After",143,1901,584,0,0,-9800838,222
"263",266,"Head After",144,1901,578,2.034,1.356,-9799047,222
"264",267,"Head After",145,1899,580,0.959,0.639,-9799306,222
"265",268,"Head After",146,1895,584,1.918,1.278,-9799046,222
"266",269,"Head After",147,1893,591,2.468,1.645,-9274243,222
"267",270,"Head After",148,1889,584,2.733,1.822,-9996685,222
"268",271,"Head After",149,1893,587,1.695,1.13,-9602956,222
"269",272,"Head After",150,1891,589,0.959,0.639,-9273981,222
"270",273,"Head After",151,1891,591,0.678,0.452,-9538697,222
"271",274,"Head After",152,1891,593,0.678,0.452,-9339009,222
"272",275,"Head After",153,1889,591,0.959,0.639,-9800329,222
"273",276,"Head After",154,1886,593,1.222,0.815,-9339525,222
"274",277,"Head After",155,1884,597,1.516,1.011,-9535105,222
"275",278,"Head After",156,1884,597,0,0,-9142918,222
"276",279,"Head After",157,1882,595,0.959,0.639,-9339784,222
"277",280,"Head After",158,1884,597,0.959,0.639,-9732476,222
"278",281,"Head After",159,1882,597,0.678,0.452,-9733254,222
"279",282,"Head After",160,1882,601,1.356,0.904,-9206909,222
"280",283,"Head After",161,1882,597,1.356,0.904,-9602950,222
"281",284,"Head After",162,1884,601,1.516,1.011,-9273213,222
"282",285,"Head After",163,1884,597,1.356,0.904,-9603210,222
"283",286,"Head After",164,1884,593,1.356,0.904,-9339525,222
"284",287,"Head After",165,1886,599,2.144,1.429,-9997453,222
"285",288,"Head After",166,1886,595,1.356,0.904,-9470335,222
"286",289,"Head After",167,1882,599,1.918,1.278,-9666944,222
"287",290,"Head After",168,1880,599,0.678,0.452,-9404802,222
"288",291,"Head After",169,1882,597,0.959,0.639,-9734542,222
"289",292,"Head After",170,1880,591,2.144,1.429,-9537928,222
"290",293,"Head After",171,1882,591,0.678,0.452,-8945541,222
"291",294,"Head After",172,1884,587,1.516,1.011,-9471364,222
"292",295,"Head After",173,1893,582,3.49,2.327,-10065819,222
"293",296,"Head After",174,1893,582,0,0,-8945537,222
"294",297,"Head After",175,1893,582,0,0,-8550268,222
"295",298,"Head After",176,1899,574,3.39,2.26,-8880516,222
"296",299,"Head After",177,1895,580,2.445,1.63,-9996938,222
"297",300,"Head After",178,1901,574,2.877,1.918,-9209992,222
"298",301,"Head After",179,1899,576,0.959,0.639,-9539727,222
"299",302,"Head After",180,1899,576,0,0,-9733256,222
"300",303,"Head After",181,1901,576,0.678,0.452,-8947340,222
"301",304,"Head After",182,1905,578,1.516,1.011,-9536134,222
"302",305,"Head After",183,1893,587,5.085,3.39,-9537414,222
"303",306,"Head After",184,1895,582,1.826,1.217,-10126982,222
"304",307,"Head After",185,1895,580,0.678,0.452,-9407112,222
"305",308,"Head After",186,1895,580,0,0,-8682872,222
"306",309,"Head After",187,1895,580,0,0,-9272703,222
"307",310,"Head After",188,1897,580,0.678,0.452,-9471881,222
"308",311,"Head After",189,1897,578,0.678,0.452,-9208450,222
"309",312,"Head After",190,1891,589,4.248,2.832,-9669000,222
"310",313,"Head After",191,1895,589,1.356,0.904,-9996679,222
"311",314,"Head After",192,1891,587,1.516,1.011,-10063507,222
"312",315,"Head After",193,1893,582,1.826,1.217,-10064020,222
"313",316,"Head After",194,1895,582,0.678,0.452,-10526355,222
"314",317,"Head After",195,1895,578,1.356,0.904,-9734542,222
"315",318,"Head After",196,1895,580,0.678,0.452,-9406860,222
"316",319,"Head After",197,1893,582,0.959,0.639,-9075834,222
"317",320,"Head After",198,1897,580,1.516,1.011,-9539210,222
"318",321,"Head After",199,1899,580,0.678,0.452,-9339778,222
"319",322,"Head After",200,1903,580,1.356,0.904,-9276288,222
"320",323,"Head After",201,1899,582,1.516,1.011,-9734283,222
"321",324,"Head After",202,1899,582,0,0,-9865869,222
"322",325,"Head After",203,1897,582,0.678,0.452,-9470859,222
"323",326,"Head After",204,1897,582,0,0,-10325901,222
"324",327,"Head After",205,1895,584,0.959,0.639,-9534845,222
"325",328,"Head After",206,1891,589,2.171,1.447,-9405571,222
"326",329,"Head After",207,1895,582,2.733,1.822,-9732484,222
"327",330,"Head After",208,1893,580,0.959,0.639,-9403513,222
"328",331,"Head After",209,1893,584,1.356,0.904,-10259071,222
"329",332,"Head After",210,1889,587,1.695,1.13,-9470081,222
"330",333,"Head After",211,1889,589,0.678,0.452,-9602695,222
"331",334,"Head After",212,1889,591,0.678,0.452,-9404801,222
"332",335,"Head After",213,1889,589,0.678,0.452,-10129027,222
"333",336,"Head After",214,1889,587,0.678,0.452,-9797758,222
"334",337,"Head After",215,1891,584,1.222,0.815,-9798269,222
"335",338,"Head After",216,1891,584,0,0,-9666170,222
"336",339,"Head After",217,1891,587,1.017,0.678,-10125955,222
"337",340,"Head After",218,1891,584,1.017,0.678,-10258317,222
"338",341,"Head After",219,1891,584,0,0,-10324872,222
"339",342,"Head After",220,1889,589,1.826,1.217,-9997706,222
"340",343,"Head After",221,1884,593,2.171,1.447,-9996160,222
"341",344,"Head After",222,1886,589,1.516,1.011,-10456462,222
"342",345,"Head After",223,1886,589,0,0,-9469567,222
"343",346,"Head After",224,1889,580,3.216,2.144,-9668222,222
"344",347,"Head After",225,1897,576,3.032,2.021,-9865089,222
"345",348,"Head After",226,1891,578,2.144,1.429,-10325377,222
"346",349,"Head After",227,1886,587,3.49,2.327,-10126976,222
"347",350,"Head After",228,1886,589,0.678,0.452,-10455688,222
"348",351,"Head After",229,1886,589,0,0,-10523019,222
"349",352,"Head After",230,1893,587,2.468,1.645,-10324100,222
"350",353,"Head After",231,1889,589,1.516,1.011,-10259332,222
"351",354,"Head After",232,1889,589,0,0,-10193290,222
"352",355,"Head After",233,1889,591,0.678,0.452,-10915988,222
"353",356,"Head After",234,1889,589,0.678,0.452,-10061449,222
"354",357,"Head After",235,1882,591,2.468,1.645,-10126976,222
"355",358,"Head After",236,1884,591,0.678,0.452,-10257028,222
"356",359,"Head After",237,1880,593,1.516,1.011,-10194567,222
"357",360,"Head After",238,1882,599,2.144,1.429,-10128275,222
"358",361,"Head After",239,1880,599,0.678,0.452,-11311510,222
"359",362,"Head After",240,1882,601,0.959,0.639,-10584220,222
"360",363,"Head After",241,1886,605,1.918,1.278,-10850699,222
"361",364,"Head After",242,1884,605,0.678,0.452,-10193027,222
"362",365,"Head After",243,1884,605,0,0,-10258568,222
"363",366,"Head After",244,1884,605,0,0,-10588812,222
"364",368,"Tail After",124,1958,647,0,0,-10258828,222
"365",369,"Tail After",125,1958,647,0,0,-9996176,222
"366",370,"Tail After",126,1958,647,0,0,-10652564,222
"367",371,"Tail After",127,1958,647,0,0,-10983330,222
"368",372,"Tail After",128,1958,647,0,0,-11377827,222
"369",373,"Tail After",129,1954,641,2.445,1.63,-10918559,222
"370",374,"Tail After",130,1945,637,3.339,2.226,-10324112,222
"371",375,"Tail After",131,1941,633,1.918,1.278,-10916251,222
"372",376,"Tail After",132,1941,633,0,0,-10719381,222
"373",377,"Tail After",133,1941,633,0,0,-11178132,222
"374",378,"Tail After",134,1941,633,0,0,-10915734,222
"375",379,"Tail After",135,1935,628,2.648,1.765,-10981002,222
"376",380,"Tail After",136,1935,624,1.356,0.904,-11511197,222
"377",381,"Tail After",137,1933,624,0.678,0.452,-11115420,222
"378",382,"Tail After",138,1933,624,0,0,-10194832,222
"379",383,"Tail After",139,1928,622,1.826,1.217,-11113626,222
"380",384,"Tail After",140,1931,624,1.222,0.815,-12697775,222
"381",385,"Tail After",141,1928,618,2.274,1.516,-10851483,222
"382",386,"Tail After",142,1924,612,2.445,1.63,-10719383,222
"383",387,"Tail After",143,1924,612,0,0,-11440281,222
"384",388,"Tail After",144,1924,612,0,0,-10326671,222
"385",389,"Tail After",145,1924,610,0.678,0.452,-10785174,222
"386",390,"Tail After",146,1924,608,0.678,0.452,-10651796,222
"387",391,"Tail After",147,1924,608,0,0,-10520978,222
"388",392,"Tail After",148,1924,608,0,0,-10521239,222
"389",393,"Tail After",149,1924,605,1.017,0.678,-10785944,222
"390",394,"Tail After",150,1924,605,0,0,-10851994,222
"391",395,"Tail After",151,1924,605,0,0,-11048087,222
"392",396,"Tail After",152,1924,605,0,0,-10456207,222
"393",397,"Tail After",153,1922,603,0.959,0.639,-10786201,222
"394",398,"Tail After",154,1922,603,0,0,-10987180,222
"395",399,"Tail After",155,1922,603,0,0,-10460837,222
"396",400,"Tail After",156,1922,603,0,0,-10325143,222
"397",401,"Tail After",157,1922,603,0,0,-10850969,222
"398",402,"Tail After",158,1922,603,0,0,-11244953,222
"399",403,"Tail After",159,1922,601,0.678,0.452,-12365235,222
"400",404,"Tail After",160,1922,601,0,0,-11443357,222
"401",405,"Tail After",161,1922,601,0,0,-10916247,222
"402",406,"Tail After",162,1922,601,0,0,-10126731,222
"403",407,"Tail After",163,1922,601,0,0,-10652562,222
"404",408,"Tail After",164,1922,603,0.678,0.452,-10784922,222
"405",409,"Tail After",165,1922,601,0.678,0.452,-10784922,222
"406",410,"Tail After",166,1922,601,0,0,-10587284,222
"407",411,"Tail After",167,1922,601,0,0,-12036019,222
"408",412,"Tail After",168,1922,601,0,0,-10589590,222
"409",413,"Tail After",169,1922,601,0,0,-10065819,222
"410",414,"Tail After",170,1922,601,0,0,-10391445,222
"411",415,"Tail After",171,1922,601,0,0,-10454667,222
"412",416,"Tail After",172,1922,601,0,0,-10326933,222
"413",417,"Tail After",173,1922,601,0,0,-11377311,222
"414",418,"Tail After",174,1924,603,0.959,0.639,-10258830,222
"415",419,"Tail After",175,1924,603,0,0,-10522004,222
"416",420,"Tail After",176,1924,603,0,0,-10916758,222
"417",421,"Tail After",177,1924,605,0.678,0.452,-10653077,222
"418",422,"Tail After",178,1926,605,0.678,0.452,-11047837,222
"419",423,"Tail After",179,1926,605,0,0,-11645374,222
"420",424,"Tail After",180,1926,605,0,0,-14466489,222
"421",425,"Tail After",181,1926,605,0,0,-13150901,222
"422",426,"Tail After",182,1926,605,0,0,-10390418,222
"423",427,"Tail After",183,1924,608,1.222,0.815,-11177877,222
"424",428,"Tail After",184,1924,608,0,0,-10914966,222
"425",429,"Tail After",185,1924,608,0,0,-11967658,222
"426",430,"Tail After",186,1926,610,0.959,0.639,-10191243,222
"427",431,"Tail After",187,1926,610,0,0,-9666441,222
"428",432,"Tail After",188,1926,610,0,0,-13350588,222
"429",433,"Tail After",189,1926,610,0,0,-10455696,222
"430",434,"Tail After",190,1926,608,0.678,0.452,-11115694,222
"431",435,"Tail After",191,1924,610,0.959,0.639,-11442854,222
"432",436,"Tail After",192,1924,610,0,0,-10653075,222
"433",437,"Tail After",193,1926,610,0.678,0.452,-10587787,222
"434",438,"Tail After",194,1926,610,0,0,-11903920,222
"435",439,"Tail After",195,1926,612,0.678,0.452,-11114916,222
"436",440,"Tail After",196,1926,612,0,0,-12102563,222
"437",441,"Tail After",197,1926,612,0,0,-11908025,222
"438",442,"Tail After",198,1926,612,0,0,-9606806,222
"439",443,"Tail After",199,1926,610,0.678,0.452,-10323080,222
"440",444,"Tail After",200,1926,608,0.678,0.452,-10127246,222
"441",445,"Tail After",201,1926,608,0,0,-10591134,222
"442",446,"Tail After",202,1926,610,0.678,0.452,-9473944,222
"443",447,"Tail After",203,1926,608,0.678,0.452,-12300720,222
"444",448,"Tail After",204,1926,608,0,0,-10330781,222
"445",449,"Tail After",205,1926,608,0,0,-11906994,222
"446",450,"Tail After",206,1926,608,0,0,-12229013,222
"447",451,"Tail After",207,1926,608,0,0,-11505825,222
"448",452,"Tail After",208,1926,608,0,0,-10717086,222
"449",453,"Tail After",209,1928,608,0.678,0.452,-13021886,222
"450",454,"Tail After",210,1928,608,0,0,-10390166,222
"451",455,"Tail After",211,1928,605,1.017,0.678,-10197403,222
"452",456,"Tail After",212,1928,608,1.017,0.678,-11636888,222
"453",457,"Tail After",213,1928,605,1.017,0.678,-12032671,222
"454",458,"Tail After",214,1928,608,1.017,0.678,-11045513,222
"455",459,"Tail After",215,1928,603,1.695,1.13,-11570830,222
"456",460,"Tail After",216,1931,601,1.222,0.815,-10913677,222
"457",461,"Tail After",217,1931,601,0,0,-10652562,222
"458",462,"Tail After",218,1931,601,0,0,-11440534,222
"459",463,"Tail After",219,1931,601,0,0,-11505815,222
"460",464,"Tail After",220,1928,601,1.017,0.678,-11178910,222
"461",465,"Tail After",221,1926,601,0.678,0.452,-11045777,222
"462",466,"Tail After",222,1926,599,0.678,0.452,-11901863,222
"463",467,"Tail After",223,1926,599,0,0,-11573150,222
"464",468,"Tail After",224,1926,603,1.356,0.904,-10980751,222
"465",469,"Tail After",225,1924,601,0.959,0.639,-11701913,222
"466",470,"Tail After",226,1924,605,1.356,0.904,-11180435,222
"467",471,"Tail After",227,1924,603,0.678,0.452,-11504785,222
"468",472,"Tail After",228,1928,603,1.356,0.904,-11572387,222
"469",473,"Tail After",229,1928,603,0,0,-11836569,222
"470",474,"Tail After",230,1928,603,0,0,-11309463,222
"471",475,"Tail After",231,1928,603,0,0,-11571867,222
"472",476,"Tail After",232,1928,603,0,0,-11637403,222
"473",477,"Tail After",233,1926,603,0.678,0.452,-11704223,222
"474",478,"Tail After",234,1928,603,0.678,0.452,-10654605,222
"475",479,"Tail After",235,1928,601,0.678,0.452,-10652295,222
"476",480,"Tail After",236,1928,601,0,0,-11770275,222
"477",481,"Tail After",237,1926,603,0.959,0.639,-12039093,222
"478",482,"Tail After",238,1926,601,0.678,0.452,-10457757,222
"479",483,"Tail After",239,1926,601,0,0,-13214879,222
"480",484,"Tail After",240,1926,603,0.678,0.452,-11638428,222
"481",485,"Tail After",241,1926,603,0,0,-11705763,222
"482",486,"Tail After",242,1926,601,0.678,0.452,-11309724,222
"483",487,"Tail After",243,1926,601,0,0,-11376287,222
"484",488,"Tail After",244,1924,601,0.678,0.452,-11245212,222
"1",2,"Head Before",2,247,1524,50.196,33.464,-8552062,223
"2",3,"Head Before",3,285,1517,13.099,8.732,-8681595,223
"3",4,"Head Before",4,352,1488,24.749,16.5,-8617079,223
"4",5,"Head Before",5,425,1371,46.75,31.167,-9207672,223
"5",6,"Head Before",6,480,1329,23.46,15.64,-8816514,223
"6",7,"Head Before",7,522,1266,25.668,17.112,-8948349,223
"7",8,"Head Before",8,524,1226,13.577,9.051,-8355951,223
"8",9,"Head Before",9,515,1176,17.222,11.482,-7566188,223
"9",10,"Head Before",10,513,1140,12.223,8.149,-8288888,223
"10",11,"Head Before",11,467,1096,21.579,14.386,-8353140,223
"11",12,"Head Before",12,463,1090,2.445,1.63,-8486518,223
"12",13,"Head Before",13,452,1081,4.818,3.212,-8353140,223
"13",14,"Head Before",14,408,1060,16.528,11.019,-8550520,223
"14",15,"Head Before",15,375,1046,12.152,8.101,-8550773,223
"15",16,"Head Before",16,398,1016,12.815,8.543,-8353907,223
"16",17,"Head Before",17,396,1012,1.516,1.011,-8486007,223
"17",18,"Head Before",18,400,1010,1.516,1.011,-8287861,223
"18",19,"Head Before",19,404,1010,1.356,0.904,-8486269,223
"19",20,"Head Before",20,400,1006,1.918,1.278,-8089968,223
"20",21,"Head Before",21,427,1008,9.178,6.119,-8420725,223
"21",22,"Head Before",22,408,1004,6.582,4.388,-7894130,223
"22",23,"Head Before",23,415,1012,3.604,2.402,-8288882,223
"23",24,"Head Before",24,427,1002,5.295,3.53,-8355963,223
"24",25,"Head Before",25,427,1006,1.356,0.904,-8749943,223
"25",26,"Head Before",26,427,1008,0.678,0.452,-8223615,223
"26",27,"Head Before",27,440,998,5.56,3.707,-7960956,223
"27",28,"Head Before",28,446,998,2.034,1.356,-8355203,223
"28",29,"Head Before",29,454,993,3.198,2.132,-7960451,223
"29",30,"Head Before",30,461,998,2.916,1.944,-6909570,223
"30",31,"Head Before",31,467,1006,3.39,2.26,-7237758,223
"31",32,"Head Before",32,457,1006,3.39,2.26,-8158584,223
"32",33,"Head Before",33,457,1006,0,0,-8158333,223
"33",34,"Head Before",34,465,1010,3.032,2.021,-7829378,223
"34",35,"Head Before",35,467,1012,0.959,0.639,-8288641,223
"35",36,"Head Before",36,478,1021,4.818,3.212,-9743511,223
"36",37,"Head Before",37,461,1014,6.232,4.155,-7564664,223
"37",38,"Head Before",38,448,1012,4.459,2.973,-7629948,223
"38",39,"Head Before",39,446,1012,0.678,0.452,-8682116,223
"39",41,"Tail Before",2,188,1561,51.635,34.423,-9469589,223
"40",42,"Tail Before",3,207,1555,6.755,4.503,-10196374,223
"41",43,"Tail Before",4,276,1530,24.879,16.586,-9536914,223
"42",44,"Tail Before",5,366,1440,43.148,28.765,-10785441,223
"43",45,"Tail Before",6,415,1396,22.325,14.883,-10455698,223
"44",46,"Tail Before",7,467,1325,29.834,19.889,-9405079,223
"45",47,"Tail Before",8,490,1295,12.815,8.543,-10654366,223
"46",48,"Tail Before",9,501,1247,16.694,11.129,-9669527,223
"47",49,"Tail Before",10,494,1220,9.456,6.304,-10327972,223
"48",50,"Tail Before",11,526,1155,24.561,16.374,-10783899,223
"49",51,"Tail Before",12,503,1157,7.826,5.218,-11048346,223
"50",52,"Tail Before",13,494,1159,3.125,2.084,-9995674,223
"51",53,"Tail Before",14,450,1136,16.831,11.221,-10391712,223
"52",54,"Tail Before",15,425,1117,10.645,7.097,-10061453,223
"53",55,"Tail Before",16,425,1130,4.407,2.938,-9734534,223
"54",56,"Tail Before",17,425,1121,3.051,2.034,-9864074,223
"55",57,"Tail Before",18,415,1113,4.341,2.894,-9995658,223
"56",58,"Tail Before",19,415,1113,0,0,-10192264,223
"57",59,"Tail Before",20,415,1113,0,0,-10126220,223
"58",60,"Tail Before",21,415,1117,1.356,0.904,-10061449,223
"59",61,"Tail Before",22,423,1109,3.835,2.557,-8878722,223
"60",62,"Tail Before",23,415,1096,5.175,3.45,-9208202,223
"61",63,"Tail Before",24,410,1102,2.648,1.765,-9141896,223
"62",64,"Tail Before",25,413,1104,1.222,0.815,-10524060,223
"63",65,"Tail Before",26,423,1109,3.79,2.527,-10063250,223
"64",66,"Tail Before",27,421,1102,2.468,1.645,-9999510,223
"65",67,"Tail Before",28,421,1098,1.356,0.904,-9999775,223
"66",68,"Tail Before",29,408,1094,4.611,3.074,-9471119,223
"67",69,"Tail Before",30,419,1100,4.248,2.832,-9994646,223
"68",70,"Tail Before",31,404,1094,5.477,3.651,-10848922,223
"69",71,"Tail Before",32,417,1104,5.56,3.707,-9734542,223
"70",72,"Tail Before",33,415,1098,2.144,1.429,-9535376,223
"71",73,"Tail Before",34,410,1090,3.198,2.132,-9995145,223
"72",74,"Tail Before",35,413,1096,2.274,1.516,-9209230,223
"73",75,"Tail Before",36,421,1104,3.835,2.557,-9865881,223
"74",76,"Tail Before",37,421,1107,1.017,0.678,-9404291,223
"75",77,"Tail Before",38,415,1100,3.125,2.084,-8748678,223
"76",78,"Tail Before",39,425,1109,4.561,3.041,-9600138,223
"77",80,"Head After",41,436,1006,0,0,-8156795,223
"78",81,"Head After",42,421,1008,5.13,3.42,-8419446,223
"79",82,"Head After",43,429,991,6.369,4.246,-8289917,223
"80",83,"Head After",44,444,985,5.477,3.651,-8485493,223
"81",84,"Head After",45,448,993,3.032,2.021,-8025215,223
"82",85,"Head After",46,440,985,3.835,2.557,-8354172,223
"83",86,"Head After",47,448,991,3.39,2.26,-8747898,223
"84",87,"Head After",48,442,985,2.877,1.918,-8879998,223
"85",88,"Head After",49,444,989,1.516,1.011,-9076863,223
"86",89,"Head After",50,429,991,5.13,3.42,-8288379,223
"87",90,"Head After",51,431,1000,3.125,2.084,-8025458,223
"88",91,"Head After",52,436,993,2.916,1.944,-8288377,223
"89",92,"Head After",53,463,1021,13.186,8.791,-8355453,223
"90",93,"Head After",54,461,1025,1.516,1.011,-8617853,223
"91",94,"Head After",55,469,1027,2.795,1.864,-8355964,223
"92",95,"Head After",56,463,1016,4.248,2.832,-9142906,223
"93",96,"Head After",57,450,1004,5.998,3.998,-8288641,223
"94",97,"Head After",58,450,1004,0,0,-8026498,223
"95",98,"Head After",59,442,998,3.39,2.26,-10400424,223
"96",99,"Head After",60,442,998,0,0,-12110501,223
"97",100,"Head After",61,442,998,0,0,-7501694,223
"98",101,"Head After",62,442,998,0,0,-9737891,223
"99",102,"Head After",63,438,1004,2.445,1.63,-7565685,223
"100",103,"Head After",64,434,1002,1.516,1.011,-8157306,223
"101",104,"Head After",65,438,1000,1.516,1.011,-8354431,223
"102",105,"Head After",66,444,1004,2.445,1.63,-7368817,223
"103",106,"Head After",67,438,993,4.248,2.832,-8818834,223
"104",107,"Head After",68,438,993,0,0,-7501681,223
"105",108,"Head After",69,438,991,0.678,0.452,-8620163,223
"106",109,"Head After",70,438,998,2.373,1.582,-7959675,223
"107",110,"Head After",71,434,1006,3.032,2.021,-8092540,223
"108",111,"Head After",72,431,1002,1.695,1.13,-7893619,223
"109",112,"Head After",73,415,1012,6.396,4.264,-9474445,223
"110",113,"Head After",74,429,1004,5.466,3.644,-8225153,223
"111",114,"Head After",75,427,1008,1.516,1.011,-10200224,223
"112",115,"Head After",76,419,1006,2.795,1.864,-11771810,223
"113",116,"Head After",77,419,1010,1.356,0.904,-11047070,223
"114",117,"Head After",78,442,1004,8.058,5.372,-12042930,223
"115",119,"Tail After",41,379,1083,3.604,2.402,-10256525,223
"116",120,"Tail After",42,383,1090,2.733,1.822,-9470082,223
"117",121,"Tail After",43,383,1090,0,0,-9535623,223
"118",122,"Tail After",44,389,1088,2.144,1.429,-9929867,223
"119",123,"Tail After",45,383,1098,3.953,2.636,-9272703,223
"120",124,"Tail After",46,387,1109,3.968,2.645,-10787995,223
"121",125,"Tail After",47,392,1094,5.36,3.573,-10061453,223
"122",126,"Tail After",48,387,1100,2.648,1.765,-10195097,223
"123",127,"Tail After",49,394,1100,2.373,1.582,-11376287,223
"124",128,"Tail After",50,392,1100,0.678,0.452,-9471631,223
"125",129,"Tail After",51,381,1102,3.79,2.527,-9407119,223
"126",130,"Tail After",52,381,1102,0,0,-9471374,223
"127",131,"Tail After",53,381,1102,0,0,-9802131,223
"128",132,"Tail After",54,387,1098,2.445,1.63,-7895173,223
"129",133,"Tail After",55,381,1098,2.034,1.356,-8553091,223
"130",134,"Tail After",56,392,1092,4.248,2.832,-10982802,223
"131",135,"Tail After",57,389,1100,2.896,1.931,-10523809,223
"132",136,"Tail After",58,389,1094,2.034,1.356,-11378340,223
"133",137,"Tail After",59,392,1098,1.695,1.13,-10525341,223
"134",138,"Tail After",60,402,1094,3.651,2.434,-10394014,223
"135",139,"Tail After",61,394,1102,3.835,2.557,-10786969,223
"136",140,"Tail After",62,394,1102,0,0,-11379108,223
"137",141,"Tail After",63,392,1104,0.959,0.639,-9932185,223
"138",142,"Tail After",64,392,1107,1.017,0.678,-9733004,223
"139",143,"Tail After",65,389,1088,6.521,4.347,-11373468,223
"140",144,"Tail After",66,392,1100,4.193,2.795,-9730692,223
"141",145,"Tail After",67,400,1100,2.712,1.808,-11313825,223
"142",146,"Tail After",68,400,1102,0.678,0.452,-9995406,223
"143",147,"Tail After",69,404,1111,3.339,2.226,-11442595,223
"144",148,"Tail After",70,396,1113,2.795,1.864,-10585239,223
"145",149,"Tail After",71,396,1121,2.712,1.808,-11645611,223
"146",150,"Tail After",72,392,1119,1.516,1.011,-10719884,223
"147",151,"Tail After",73,387,1111,3.198,2.132,-10261892,223
"148",152,"Tail After",74,389,1113,0.959,0.639,-12433574,223
"149",153,"Tail After",75,394,1115,1.826,1.217,-10128792,223
"150",154,"Tail After",76,394,1115,0,0,-10587535,223
"151",155,"Tail After",77,394,1115,0,0,-10783382,223
"152",156,"Tail After",78,398,1109,2.445,1.63,-10980508,223
"1",2,"Head Before",2,1884,1876,9.924,6.616,-10920602,224
"2",3,"Head Before",3,1918,1838,17.286,11.524,-8947338,224
"3",4,"Head Before",4,1918,1836,0.678,0.452,-9145739,224
"4",5,"Head Before",5,1895,1826,8.502,5.668,-10000276,224
"5",6,"Head Before",6,1920,1828,8.502,5.668,-9340036,224
"6",7,"Head Before",7,1945,1784,17.156,11.437,-11316135,224
"7",8,"Head Before",8,1958,1740,15.553,10.369,-9276562,224
"8",9,"Head Before",9,1960,1696,14.931,9.954,-10261147,224
"9",10,"Head Before",10,1947,1673,8.956,5.971,-8616588,224
"10",11,"Head Before",11,1922,1656,10.249,6.833,-12633522,224
"11",12,"Head Before",12,1872,1555,38.205,25.47,-12429750,224
"12",13,"Head Before",13,1790,1530,29.061,19.374,-10856600,224
"13",14,"Head Before",14,1748,1534,14.302,9.535,-10061451,224
"14",15,"Head Before",15,1746,1545,3.79,2.527,-10985623,224
"15",16,"Head Before",16,1756,1545,3.39,2.26,-10527381,224
"16",17,"Head Before",17,1763,1572,9.456,6.304,-9276814,224
"17",18,"Head Before",18,1765,1576,1.516,1.011,-10001038,224
"18",19,"Head Before",19,1756,1568,4.082,2.721,-10263958,224
"19",20,"Head Before",20,1769,1561,5.005,3.337,-10722720,224
"20",21,"Head Before",21,1767,1574,4.459,2.973,-11841710,224
"21",22,"Head Before",22,1759,1561,5.175,3.45,-10392987,224
"22",23,"Head Before",23,1763,1574,4.611,3.074,-10194834,224
"23",24,"Head Before",24,1769,1574,2.034,1.356,-12171949,224
"24",25,"Head Before",25,1769,1574,0,0,-11184799,224
"25",26,"Head Before",26,1784,1587,6.729,4.486,-10131084,224
"26",27,"Head Before",27,1761,1566,10.558,7.039,-11644333,224
"27",28,"Head Before",28,1763,1568,0.959,0.639,-10062229,224
"28",29,"Head Before",29,1767,1559,3.339,2.226,-10392724,224
"29",30,"Head Before",30,1769,1566,2.468,1.645,-10394264,224
"30",31,"Head Before",31,1773,1559,2.733,1.822,-10985892,224
"31",32,"Head Before",32,1769,1561,1.516,1.011,-9802131,224
"32",33,"Head Before",33,1771,1559,0.959,0.639,-10257806,224
"33",34,"Head Before",34,1761,1557,3.457,2.305,-10526629,224
"34",35,"Head Before",35,1761,1553,1.356,0.904,-12232368,224
"35",36,"Head Before",36,1754,1543,4.138,2.759,-12167096,224
"36",37,"Head Before",37,1742,1551,4.889,3.259,-9669780,224
"37",38,"Head Before",38,1754,1557,4.548,3.032,-12166306,224
"38",39,"Head Before",39,1784,1576,12.038,8.025,-10852764,224
"39",40,"Head Before",40,1763,1599,10.558,7.039,-12501700,224
"40",41,"Head Before",41,1763,1606,2.373,1.582,-11121059,224
"41",42,"Head Before",42,1777,1612,5.163,3.442,-12038582,224
"42",43,"Head Before",43,1798,1618,7.404,4.936,-11773363,224
"43",44,"Head Before",44,1794,1618,1.356,0.904,-12107441,224
"44",45,"Head Before",45,1796,1603,5.13,3.42,-11709627,224
"45",46,"Head Before",46,1792,1610,2.733,1.822,-12890290,224
"46",47,"Head Before",47,1801,1618,4.082,2.721,-9341855,224
"47",48,"Head Before",48,1813,1624,4.548,3.032,-10527657,224
"48",49,"Head Before",49,1813,1618,2.034,1.356,-12431796,224
"49",50,"Head Before",50,1801,1622,4.288,2.859,-11246756,224
"50",51,"Head Before",51,1786,1624,5.13,3.42,-13422012,224
"51",52,"Head Before",52,1801,1626,5.13,3.42,-10589863,224
"52",53,"Head Before",53,1796,1626,1.695,1.13,-11380381,224
"53",55,"Tail Before",2,1821,1905,10.596,7.064,-10126482,224
"54",56,"Tail Before",3,1857,1878,15.255,10.17,-11711658,224
"55",57,"Tail Before",4,1861,1878,1.356,0.904,-11181737,224
"56",58,"Tail Before",5,1851,1876,3.457,2.305,-10917286,224
"57",59,"Tail Before",6,1859,1872,3.032,2.021,-11116459,224
"58",60,"Tail Before",7,1895,1830,18.753,12.502,-11116197,224
"59",61,"Tail Before",8,1935,1790,19.177,12.784,-11837862,224
"60",62,"Tail Before",9,1945,1767,8.502,5.668,-12431279,224
"61",63,"Tail Before",10,1945,1742,8.475,5.65,-10127513,224
"62",64,"Tail Before",11,1926,1723,9.109,6.073,-10792850,224
"63",65,"Tail Before",12,1914,1614,37.174,24.783,-11970225,224
"64",66,"Tail Before",13,1849,1538,33.902,22.601,-9534598,224
"65",67,"Tail Before",14,1819,1528,10.72,7.147,-9340297,224
"66",68,"Tail Before",15,1803,1534,5.793,3.862,-10196124,224
"67",69,"Tail Before",16,1811,1534,2.712,1.808,-11050653,224
"68",70,"Tail Before",17,1815,1549,5.263,3.508,-10063248,224
"69",71,"Tail Before",18,1815,1541,2.712,1.808,-11247006,224
"70",72,"Tail Before",19,1811,1536,2.171,1.447,-10653588,224
"71",73,"Tail Before",20,1815,1536,1.356,0.904,-9996689,224
"72",74,"Tail Before",21,1819,1543,2.733,1.822,-10522518,224
"73",75,"Tail Before",22,1817,1536,2.468,1.645,-9538446,224
"74",76,"Tail Before",23,1811,1545,3.667,2.445,-9800597,224
"75",77,"Tail Before",24,1813,1534,3.79,2.527,-10782622,224
"76",78,"Tail Before",25,1811,1532,0.959,0.639,-9208459,224
"77",79,"Tail Before",26,1819,1541,4.082,2.721,-10128273,224
"78",80,"Tail Before",27,1813,1543,2.144,1.429,-10124675,224
"79",81,"Tail Before",28,1813,1545,0.678,0.452,-9734283,224
"80",82,"Tail Before",29,1813,1530,5.085,3.39,-10918557,224
"81",83,"Tail Before",30,1815,1541,3.79,2.527,-9536904,224
"82",84,"Tail Before",31,1813,1526,5.13,3.42,-11187885,224
"83",85,"Tail Before",32,1811,1536,3.457,2.305,-9478027,224
"84",86,"Tail Before",33,1815,1532,1.918,1.278,-11708071,224
"85",87,"Tail Before",34,1815,1538,2.034,1.356,-10719131,224
"86",88,"Tail Before",35,1815,1541,1.017,0.678,-10850967,224
"87",89,"Tail Before",36,1813,1541,0.678,0.452,-9866130,224
"88",90,"Tail Before",37,1815,1549,2.795,1.864,-11311258,224
"89",91,"Tail Before",38,1813,1547,0.959,0.639,-11575971,224
"90",92,"Tail Before",39,1819,1553,2.877,1.918,-10986403,224
"91",93,"Tail Before",40,1815,1555,1.516,1.011,-11903924,224
"92",94,"Tail Before",41,1811,1557,1.516,1.011,-11381661,224
"93",95,"Tail Before",42,1815,1557,1.356,0.904,-9010311,224
"94",96,"Tail Before",43,1813,1557,0.678,0.452,-10983849,224
"95",97,"Tail Before",44,1819,1564,3.125,2.084,-11117978,224
"96",98,"Tail Before",45,1819,1564,0,0,-12299685,224
"97",99,"Tail Before",46,1819,1568,1.356,0.904,-12825524,224
"98",100,"Tail Before",47,1821,1570,0.959,0.639,-11706014,224
"99",101,"Tail Before",48,1826,1568,1.826,1.217,-12821423,224
"100",102,"Tail Before",49,1826,1568,0,0,-11705767,224
"101",103,"Tail Before",50,1826,1564,1.356,0.904,-11576998,224
"102",104,"Tail Before",51,1826,1570,2.034,1.356,-11053217,224
"103",105,"Tail Before",52,1830,1570,1.356,0.904,-11312038,224
"104",106,"Tail Before",53,1828,1564,2.144,1.429,-10590616,224
"105",108,"Tail After",55,1836,1566,2.171,1.447,-10389907,224
"106",109,"Tail After",56,1834,1578,4.124,2.749,-10651794,224
"107",110,"Tail After",57,1828,1572,2.877,1.918,-10258067,224
"108",111,"Tail After",58,1830,1572,0.678,0.452,-10257036,224
"109",112,"Tail After",59,1832,1572,0.678,0.452,-10718868,224
"110",113,"Tail After",60,1830,1574,0.959,0.639,-10981529,224
"111",114,"Tail After",61,1832,1576,0.959,0.639,-10324114,224
"112",115,"Tail After",62,1832,1574,0.678,0.452,-11047320,224
"113",116,"Tail After",63,1832,1574,0,0,-10126731,224
"114",117,"Tail After",64,1832,1572,0.678,0.452,-10521750,224
"115",118,"Tail After",65,1832,1572,0,0,-10323597,224
"116",119,"Tail After",66,1832,1572,0,0,-11178910,224
"117",120,"Tail After",67,1832,1572,0,0,-11047320,224
"118",121,"Tail After",68,1834,1572,0.678,0.452,-10126735,224
"119",122,"Tail After",69,1834,1572,0,0,-10587284,224
"120",123,"Tail After",70,1834,1572,0,0,-10388361,224
"121",124,"Tail After",71,1830,1572,1.356,0.904,-10915736,224
"122",125,"Tail After",72,1830,1572,0,0,-10192524,224
"123",126,"Tail After",73,1834,1568,1.918,1.278,-10717326,224
"124",127,"Tail After",74,1832,1568,0.678,0.452,-10652564,224
"125",128,"Tail After",75,1832,1572,1.356,0.904,-10981527,224
"126",129,"Tail After",76,1832,1570,0.678,0.452,-11113115,224
"127",130,"Tail After",77,1832,1570,0,0,-10981013,224
"128",131,"Tail After",78,1832,1572,0.678,0.452,-11047070,224
"129",132,"Tail After",79,1834,1572,0.678,0.452,-11375256,224
"130",133,"Tail After",80,1834,1572,0,0,-11837612,224
"131",134,"Tail After",81,1834,1570,0.678,0.452,-11309465,224
"132",135,"Tail After",82,1834,1570,0,0,-11506844,224
"133",136,"Tail After",83,1834,1568,0.678,0.452,-11308697,224
"134",137,"Tail After",84,1834,1568,0,0,-11308699,224
"135",138,"Tail After",85,1832,1566,0.959,0.639,-11244701,224
"136",139,"Tail After",86,1832,1566,0,0,-11507105,224
"137",140,"Tail After",87,1832,1566,0,0,-11311266,224
"138",141,"Tail After",88,1832,1566,0,0,-11310492,224
"139",142,"Tail After",89,1832,1566,0,0,-11309465,224
"140",143,"Tail After",90,1832,1566,0,0,-11179413,224
"141",144,"Tail After",91,1832,1566,0,0,-11439764,224
"142",145,"Tail After",92,1830,1566,0.678,0.452,-10458006,224
"143",146,"Tail After",93,1830,1568,0.678,0.452,-10198165,224
"144",147,"Tail After",94,1830,1566,0.678,0.452,-11117978,224
"145",148,"Tail After",95,1830,1566,0,0,-10723480,224
"146",149,"Tail After",96,1830,1566,0,0,-11179670,224
"147",150,"Tail After",97,1830,1566,0,0,-11571600,224
"148",151,"Tail After",98,1830,1566,0,0,-13681346,224
"149",152,"Tail After",99,1832,1566,0.678,0.452,-13478577,224
"150",153,"Tail After",100,1832,1566,0,0,-13679806,224
"151",154,"Tail After",101,1832,1566,0,0,-14269113,224
"152",155,"Tail After",102,1832,1566,0,0,-10852512,224
"153",156,"Tail After",103,1830,1566,0.678,0.452,-10658976,224
"154",157,"Tail After",104,1830,1566,0,0,-11179924,224
"155",158,"Tail After",105,1830,1566,0,0,-14334389,224
"156",159,"Tail After",106,1830,1566,0,0,-11704734,224
"157",162,"Head After",55,1811,1622,5.803,3.868,-11511205,224
"158",163,"Head After",56,1809,1624,0.959,0.639,-11246754,224
"159",164,"Head After",57,1811,1620,1.516,1.011,-12163755,224
"160",165,"Head After",58,1821,1622,3.457,2.305,-11839158,224
"161",166,"Head After",59,1815,1622,2.034,1.356,-10658218,224
"162",167,"Head After",60,1809,1629,3.125,2.084,-10721450,224
"163",168,"Head After",61,1792,1629,5.763,3.842,-11247280,224
"164",169,"Head After",62,1811,1635,6.755,4.503,-10987943,224
"165",170,"Head After",63,1811,1633,0.678,0.452,-11515055,224
"166",171,"Head After",64,1828,1631,5.803,3.868,-10330531,224
"167",172,"Head After",65,1821,1633,2.468,1.645,-11186076,224
"168",173,"Head After",66,1832,1629,3.968,2.645,-10258581,224
"169",174,"Head After",67,1836,1622,2.733,1.822,-8813183,224
"170",175,"Head After",68,1826,1631,4.561,3.041,-10918816,224
"171",176,"Head After",69,1836,1620,5.04,3.36,-10920612,224
"172",177,"Head After",70,1836,1624,1.356,0.904,-10195093,224
"173",178,"Head After",71,1824,1633,5.085,3.39,-11313317,224
"174",179,"Head After",72,1824,1635,0.678,0.452,-9868692,224
"175",180,"Head After",73,1824,1641,2.034,1.356,-12892329,224
"176",181,"Head After",74,1817,1639,2.468,1.645,-10126995,224
"177",182,"Head After",75,1815,1641,0.959,0.639,-11444385,224
"178",183,"Head After",76,1813,1643,0.959,0.639,-10259857,224
"179",184,"Head After",77,1811,1643,0.678,0.452,-10852762,224
"180",185,"Head After",78,1796,1645,5.13,3.42,-9933717,224
"181",186,"Head After",79,1796,1645,0,0,-11906467,224
"182",187,"Head After",80,1813,1641,5.92,3.947,-10195093,224
"183",188,"Head After",81,1807,1641,2.034,1.356,-10063248,224
"184",189,"Head After",82,1803,1635,2.445,1.63,-10922653,224
"185",190,"Head After",83,1801,1626,3.125,2.084,-11315609,224
"186",191,"Head After",84,1801,1626,0,0,-10129049,224
"187",192,"Head After",85,1805,1626,1.356,0.904,-11512737,224
"188",193,"Head After",86,1805,1626,0,0,-10654368,224
"189",194,"Head After",87,1811,1622,2.445,1.63,-10001038,224
"190",195,"Head After",88,1819,1622,2.712,1.808,-10854306,224
"191",196,"Head After",89,1819,1620,0.678,0.452,-10065051,224
"192",197,"Head After",90,1828,1620,3.051,2.034,-8755347,224
"193",198,"Head After",91,1824,1616,1.918,1.278,-9671313,224
"194",199,"Head After",92,1830,1614,2.144,1.429,-9866641,224
"195",200,"Head After",93,1832,1610,1.516,1.011,-9538695,224
"196",201,"Head After",94,1828,1612,1.516,1.011,-10654882,224
"197",202,"Head After",95,1832,1608,1.918,1.278,-10918030,224
"198",203,"Head After",96,1832,1610,0.678,0.452,-10654619,224
"199",204,"Head After",97,1832,1614,1.356,0.904,-10655648,224
"200",205,"Head After",98,1824,1608,3.39,2.26,-11509415,224
"201",206,"Head After",99,1817,1603,2.916,1.944,-11711915,224
"202",207,"Head After",100,1824,1606,2.582,1.721,-11113887,224
"203",208,"Head After",101,1830,1606,2.034,1.356,-9997706,224
"204",209,"Head After",102,1832,1608,0.959,0.639,-10458768,224
"205",210,"Head After",103,1832,1608,0,0,-11053979,224
"206",211,"Head After",104,1821,1610,3.79,2.527,-10260385,224
"207",212,"Head After",105,1832,1606,3.968,2.645,-10259849,224
"208",213,"Head After",106,1828,1616,3.651,2.434,-11777189,224
"1",2,"Head Before",2,2207,1744,17.166,11.444,-9079176,225
"2",3,"Head Before",3,2199,1744,2.712,1.808,-8488337,225
"3",4,"Head Before",4,2184,1715,11.068,7.379,-8945026,225
"4",5,"Head Before",5,2184,1719,1.356,0.904,-9013901,225
"5",6,"Head Before",6,2178,1710,3.667,2.445,-8420217,225
"6",7,"Head Before",7,2207,1717,10.113,6.742,-10195336,225
"7",8,"Head Before",8,2201,1712,2.648,1.765,-9079425,225
"8",9,"Head Before",9,2195,1712,2.034,1.356,-10129813,225
"9",10,"Head Before",10,2167,1691,11.865,7.91,-9012862,225
"10",11,"Head Before",11,2174,1710,6.864,4.576,-9078657,225
"11",12,"Head Before",12,2172,1710,0.678,0.452,-9012102,225
"12",13,"Head Before",13,2165,1704,3.125,2.084,-9208190,225
"13",14,"Head Before",14,2165,1704,0,0,-9540235,225
"14",15,"Head Before",15,2165,1704,0,0,-9014151,225
"15",16,"Head Before",16,2170,1681,7.979,5.319,-1908509,225
"16",17,"Head Before",17,2178,1677,3.032,2.021,-8749443,225
"17",18,"Head Before",18,2186,1671,3.39,2.26,-8748930,225
"18",19,"Head Before",19,2195,1660,4.818,3.212,-9343118,225
"19",20,"Head Before",20,2207,1654,4.548,3.032,-9344137,225
"20",21,"Head Before",21,2216,1660,3.667,2.445,-8882058,225
"21",22,"Head Before",22,2220,1641,6.582,4.388,-9340549,225
"22",23,"Head Before",23,2218,1633,2.795,1.864,-10525852,225
"23",24,"Head Before",24,2203,1639,5.477,3.651,-8880775,225
"24",25,"Head Before",25,2239,1620,13.799,9.2,-8557190,225
"25",26,"Head Before",26,2174,1622,22.045,14.697,-9145477,225
"26",27,"Head Before",27,2218,1641,16.247,10.832,-9143688,225
"27",28,"Head Before",28,2205,1633,5.175,3.45,-9672586,225
"28",29,"Head Before",29,2245,1656,15.642,10.428,-10655135,225
"29",30,"Head Before",30,2266,1689,13.26,8.84,-9406860,225
"30",31,"Head Before",31,2262,1691,1.516,1.011,-9341847,225
"31",32,"Head Before",32,2239,1662,12.548,8.365,-9472148,225
"32",33,"Head Before",33,2230,1660,3.125,2.084,-9082006,225
"33",34,"Head Before",34,2245,1673,6.729,4.486,-9211282,225
"34",35,"Head Before",35,2218,1671,9.178,6.119,-10323860,225
"35",36,"Head Before",36,2174,1658,15.553,10.369,-9736076,225
"36",37,"Head Before",37,2172,1647,3.79,2.527,-9866130,225
"37",38,"Head Before",38,2172,1643,1.356,0.904,-9211013,225
"38",39,"Head Before",39,2155,1671,11.105,7.403,-9674883,225
"39",40,"Head Before",40,2130,1679,8.898,5.932,-2039845,225
"40",41,"Head Before",41,2130,1679,0,0,-2105377,225
"41",42,"Head Before",42,2161,1658,12.693,8.462,-8816764,225
"42",43,"Head Before",43,2117,1658,14.916,9.944,-1908511,225
"43",44,"Head Before",44,2128,1664,4.248,2.832,-9010811,225
"44",45,"Head Before",45,2098,1647,11.689,7.793,-11843002,225
"45",46,"Head Before",46,2050,1643,16.328,10.886,-12766907,225
"46",47,"Head Before",47,2054,1650,2.733,1.822,-9933456,225
"47",48,"Head Before",48,2065,1677,9.883,6.589,-9603217,225
"48",49,"Head Before",49,2073,1647,10.525,7.017,-9406862,225
"49",50,"Head Before",50,2031,1652,14.339,9.559,-9935247,225
"50",51,"Head Before",51,2031,1656,1.356,0.904,-10985892,225
"51",52,"Head Before",52,2031,1656,0,0,-10133137,225
"52",53,"Head Before",53,2037,1668,4.548,3.032,-9997453,225
"53",54,"Head Before",54,2031,1666,2.144,1.429,-9209481,225
"54",55,"Head Before",55,2044,1650,6.989,4.659,-10133154,225
"55",56,"Head Before",56,2071,1641,9.648,6.432,-9343136,225
"56",57,"Head Before",57,2067,1641,1.356,0.904,-9076112,225
"57",58,"Head Before",58,2044,1656,9.309,6.206,-9275535,225
"58",59,"Head Before",59,2054,1652,3.651,2.434,-10194584,225
"59",60,"Head Before",60,2067,1650,4.459,2.973,-10325400,225
"60",61,"Head Before",61,2050,1652,5.803,3.868,-9473413,225
"61",62,"Head Before",62,2037,1658,4.854,3.236,-9341831,225
"62",63,"Head Before",63,2033,1666,3.032,2.021,-9143940,225
"63",64,"Head Before",64,2023,1691,9.128,6.085,-9143423,225
"64",65,"Head Before",65,2023,1694,1.017,0.678,-9274242,225
"65",66,"Head Before",66,2033,1729,12.34,8.227,-9079684,225
"66",67,"Head Before",67,2050,1777,17.262,11.508,-9144966,225
"67",68,"Head Before",68,2077,1759,11.001,7.334,-9207420,225
"68",69,"Head Before",69,2079,1759,0.678,0.452,-9144452,225
"69",70,"Head Before",70,2052,1773,10.31,6.874,-9602181,225
"70",71,"Head Before",71,2063,1777,3.968,2.645,-9208449,225
"71",72,"Head Before",72,2063,1775,0.678,0.452,-8882297,225
"72",73,"Head Before",73,2063,1777,0.678,0.452,-9144191,225
"73",74,"Head Before",74,2065,1777,0.678,0.452,-9472135,225
"74",75,"Head Before",75,2073,1775,2.795,1.864,-10461591,225
"75",76,"Head Before",76,2077,1773,1.516,1.011,-10327697,225
"76",77,"Head Before",77,2077,1773,0,0,-10064790,225
"77",78,"Head Before",78,2077,1773,0,0,-9275274,225
"78",79,"Head Before",79,2077,1773,0,0,-10393753,225
"79",80,"Head Before",80,2079,1780,2.468,1.645,-9866380,225
"80",81,"Head Before",81,2069,1780,3.39,2.26,-9734794,225
"81",82,"Head Before",82,2069,1784,1.356,0.904,-8681856,225
"82",83,"Head Before",83,2052,1786,5.803,3.868,-9799560,225
"83",84,"Head Before",84,2052,1794,2.712,1.808,-9208198,225
"84",85,"Head Before",85,2056,1792,1.516,1.011,-9668476,225
"85",86,"Head Before",86,2056,1790,0.678,0.452,-9471360,225
"86",87,"Head Before",87,2058,1780,3.457,2.305,-10788499,225
"87",88,"Head Before",88,2058,1773,2.373,1.582,-10261391,225
"88",89,"Head Before",89,2046,1771,4.124,2.749,-10063246,225
"89",90,"Head Before",90,2035,1750,8.037,5.358,-9803148,225
"90",92,"Tail Before",2,2203,1817,17.302,11.535,-10922679,225
"91",93,"Tail Before",3,2203,1807,3.39,2.26,-9340315,225
"92",94,"Tail Before",4,2207,1777,10.26,6.84,-10198678,225
"93",95,"Tail Before",5,2205,1780,1.222,0.815,-10131369,225
"94",96,"Tail Before",6,2197,1780,2.712,1.808,-11119545,225
"95",97,"Tail Before",7,2195,1784,1.516,1.011,-8486795,225
"96",98,"Tail Before",8,2193,1782,0.959,0.639,-11182503,225
"97",99,"Tail Before",9,2195,1777,1.826,1.217,-11247272,225
"98",100,"Tail Before",10,2172,1763,9.128,6.085,-11254169,225
"99",101,"Tail Before",11,2153,1784,9.6,6.4,-12634292,225
"100",102,"Tail Before",12,2163,1782,3.457,2.305,-10793905,225
"101",103,"Tail Before",13,2165,1780,0.959,0.639,-10262945,225
"102",104,"Tail Before",14,2165,1780,0,0,-12369337,225
"103",105,"Tail Before",15,2165,1780,0,0,-12098991,225
"104",106,"Tail Before",16,2167,1761,6.477,4.318,-11508143,225
"105",107,"Tail Before",17,2170,1759,1.222,0.815,-11708081,225
"106",108,"Tail Before",18,2170,1754,1.695,1.13,-11712436,225
"107",109,"Tail Before",19,2176,1748,2.877,1.918,-12954803,225
"108",110,"Tail Before",20,2184,1744,3.032,2.021,-11180712,225
"109",111,"Tail Before",21,2184,1748,1.356,0.904,-12434365,225
"110",112,"Tail Before",22,2205,1738,7.885,5.257,-12169137,225
"111",113,"Tail Before",23,2205,1719,6.441,4.294,-11977397,225
"112",114,"Tail Before",24,2201,1727,3.032,2.021,-11257010,225
"113",115,"Tail Before",25,2205,1712,5.263,3.508,-11578540,225
"114",116,"Tail Before",26,2205,1712,0,0,-10984101,225
"115",117,"Tail Before",27,2195,1715,3.539,2.36,-10196637,225
"116",118,"Tail Before",28,2190,1723,3.198,2.132,-10921647,225
"117",119,"Tail Before",29,2205,1719,5.263,3.508,-10796208,225
"118",120,"Tail Before",30,2205,1721,0.678,0.452,-10722718,225
"119",121,"Tail Before",31,2201,1727,2.445,1.63,-10722722,225
"120",122,"Tail Before",32,2205,1725,1.516,1.011,-11780282,225
"121",123,"Tail Before",33,2207,1727,0.959,0.639,-9277076,225
"122",124,"Tail Before",34,2201,1731,2.445,1.63,-9732504,225
"123",125,"Tail Before",35,2201,1733,0.678,0.452,-10853801,225
"124",126,"Tail Before",36,2201,1736,1.017,0.678,-11179423,225
"125",127,"Tail Before",37,2199,1725,3.79,2.527,-11122349,225
"126",128,"Tail Before",38,2201,1717,2.795,1.864,-10926767,225
"127",129,"Tail Before",39,2199,1719,0.959,0.639,-10529440,225
"128",130,"Tail Before",40,2184,1719,5.085,3.39,-11843242,225
"129",131,"Tail Before",41,2188,1717,1.516,1.011,-10658708,225
"130",132,"Tail Before",42,2176,1715,4.124,2.749,-11903403,225
"131",133,"Tail Before",43,2165,1691,8.95,5.967,-9868692,225
"132",134,"Tail Before",44,2178,1715,9.253,6.169,-11512488,225
"133",135,"Tail Before",45,2146,1671,18.444,12.296,-12100271,225
"134",136,"Tail Before",46,2105,1656,14.8,9.867,-11775917,225
"135",137,"Tail Before",47,2115,1652,3.651,2.434,-12759732,225
"136",138,"Tail Before",48,2115,1673,7.119,4.746,-10332313,225
"137",139,"Tail Before",49,2117,1668,1.826,1.217,-1842464,225
"138",140,"Tail Before",50,2088,1647,12.138,8.092,-12830400,225
"139",141,"Tail Before",51,2088,1639,2.712,1.808,-10330031,225
"140",142,"Tail Before",52,2088,1637,0.678,0.452,-10065817,225
"141",143,"Tail Before",53,2081,1637,2.373,1.582,-11576499,225
"142",144,"Tail Before",54,2090,1643,3.667,2.445,-10918307,225
"143",145,"Tail Before",55,2096,1643,2.034,1.356,-12566205,225
"144",146,"Tail Before",56,2100,1643,1.356,0.904,-10987693,225
"145",147,"Tail Before",57,2098,1647,1.516,1.011,-10201501,225
"146",148,"Tail Before",58,2094,1654,2.733,1.822,-11448235,225
"147",149,"Tail Before",59,2094,1650,1.356,0.904,-12038061,225
"148",150,"Tail Before",60,2094,1652,0.678,0.452,-11048613,225
"149",151,"Tail Before",61,2088,1645,3.125,2.084,-12235694,225
"150",152,"Tail Before",62,2086,1658,4.459,2.973,-10004890,225
"151",153,"Tail Before",63,2084,1656,0.959,0.639,-10394268,225
"152",154,"Tail Before",64,2071,1666,5.56,3.707,-9547684,225
"153",155,"Tail Before",65,2071,1658,2.712,1.808,-11381414,225
"154",156,"Tail Before",66,2063,1671,5.175,3.45,-10729124,225
"155",157,"Tail Before",67,2050,1717,16.205,10.803,-10658976,225
"156",158,"Tail Before",68,2050,1712,1.695,1.13,-10596510,225
"157",159,"Tail Before",69,2046,1708,1.918,1.278,-10664603,225
"158",160,"Tail Before",70,2048,1710,0.959,0.639,-10726051,225
"159",161,"Tail Before",71,2050,1712,0.959,0.639,-11843505,225
"160",162,"Tail Before",72,2054,1721,3.339,2.226,-11252136,225
"161",163,"Tail Before",73,2044,1721,3.39,2.26,-11506846,225
"162",164,"Tail Before",74,2056,1725,4.288,2.859,-9999759,225
"163",165,"Tail Before",75,2054,1729,1.516,1.011,-9405579,225
"164",166,"Tail Before",76,2052,1721,2.795,1.864,-12169135,225
"165",167,"Tail Before",77,2050,1721,0.678,0.452,-11708583,225
"166",168,"Tail Before",78,2048,1727,2.144,1.429,-11317676,225
"167",169,"Tail Before",79,2050,1719,2.795,1.864,-12167343,225
"168",170,"Tail Before",80,2052,1725,2.144,1.429,-11646122,225
"169",171,"Tail Before",81,2052,1723,0.678,0.452,-11574179,225
"170",172,"Tail Before",82,2048,1723,1.356,0.904,-10981280,225
"171",173,"Tail Before",83,2050,1727,1.516,1.011,-11514285,225
"172",174,"Tail Before",84,2046,1733,2.445,1.63,-10064285,225
"173",175,"Tail Before",85,2050,1727,2.445,1.63,-11182249,225
"174",176,"Tail Before",86,2048,1725,0.959,0.639,-11574690,225
"175",177,"Tail Before",87,2044,1727,1.516,1.011,-11841203,225
"176",178,"Tail Before",88,2048,1721,2.445,1.63,-11770526,225
"177",179,"Tail Before",89,2042,1725,2.445,1.63,-10984611,225
"178",180,"Tail Before",90,2044,1723,0.959,0.639,-10261148,225
"179",182,"Head After",92,2014,1748,8.058,5.372,-10916492,225
"180",183,"Head After",93,2029,1765,7.686,5.124,-10654869,225
"181",184,"Head After",94,2004,1752,9.552,6.368,-9736060,225
"182",185,"Head After",95,2016,1761,5.085,3.39,-11575962,225
"183",186,"Head After",96,2004,1752,5.085,3.39,-9471362,225
"184",187,"Head After",97,2019,1761,5.93,3.953,-9338495,225
"185",188,"Head After",98,2002,1748,7.255,4.837,-9603961,225
"186",189,"Head After",99,2010,1754,3.39,2.26,-10324866,225
"187",190,"Head After",100,1998,1742,5.753,3.835,-11182481,225
"188",191,"Head After",101,2027,1767,12.98,8.653,-11381151,225
"189",192,"Head After",102,2029,1775,2.795,1.864,-10855834,225
"190",193,"Head After",103,2054,1782,8.801,5.867,-10654860,225
"191",194,"Head After",104,2063,1771,4.818,3.212,-11119018,225
"192",195,"Head After",105,2063,1773,0.678,0.452,-10066579,225
"193",196,"Head After",106,2063,1773,0,0,-8683640,225
"194",197,"Head After",107,2071,1775,2.795,1.864,-10062981,225
"195",198,"Head After",108,2069,1769,2.144,1.429,-9471113,225
"196",199,"Head After",109,2063,1771,2.144,1.429,-9933188,225
"197",200,"Head After",110,2063,1773,0.678,0.452,-9933966,225
"198",201,"Head After",111,2067,1775,1.516,1.011,-9737866,225
"199",202,"Head After",112,2075,1775,2.712,1.808,-9798530,225
"200",203,"Head After",113,2075,1773,0.678,0.452,-11314588,225
"201",204,"Head After",114,2075,1771,0.678,0.452,-9997957,225
"202",205,"Head After",115,2075,1771,0,0,-11378830,225
"203",206,"Head After",116,2075,1771,0,0,-10198668,225
"204",207,"Head After",117,2073,1771,0.678,0.452,-9735307,225
"205",208,"Head After",118,2073,1771,0,0,-10063759,225
"206",209,"Head After",119,2075,1773,0.959,0.639,-9470592,225
"207",210,"Head After",120,2067,1775,2.795,1.864,-9932685,225
"208",211,"Head After",121,2069,1775,0.678,0.452,-11117211,225
"209",212,"Head After",122,2069,1775,0,0,-9537163,225
"210",213,"Head After",123,2069,1775,0,0,-10196360,225
"211",214,"Head After",124,2065,1773,1.516,1.011,-9931923,225
"212",215,"Head After",125,2065,1773,0,0,-10195334,225
"213",216,"Head After",126,2065,1773,0,0,-10522000,225
"214",217,"Head After",127,2065,1773,0,0,-10329243,225
"215",218,"Head After",128,2063,1777,1.516,1.011,-9010041,225
"216",219,"Head After",129,2060,1777,1.017,0.678,-9933456,225
"217",220,"Head After",130,2060,1775,0.678,0.452,-9471624,225
"218",221,"Head After",131,2060,1775,0,0,-9536387,225
"219",222,"Head After",132,2060,1775,0,0,-10589343,225
"220",223,"Head After",133,2060,1775,0,0,-10196885,225
"221",224,"Head After",134,2056,1773,1.516,1.011,-9470592,225
"222",225,"Head After",135,2060,1775,1.516,1.011,-10458267,225
"223",226,"Head After",136,2065,1777,1.826,1.217,-10592412,225
"224",227,"Head After",137,2065,1773,1.356,0.904,-9931143,225
"225",228,"Head After",138,2065,1775,0.678,0.452,-9869210,225
"226",229,"Head After",139,2052,1782,5.005,3.337,-9867413,225
"227",230,"Head After",140,2065,1775,5.005,3.337,-9801618,225
"228",231,"Head After",141,2065,1777,0.678,0.452,-9868173,225
"229",232,"Head After",142,2065,1775,0.678,0.452,-9931662,225
"230",233,"Head After",143,2056,1775,3.051,2.034,-10455437,225
"231",234,"Head After",144,2035,1786,8.037,5.358,-10197138,225
"232",235,"Head After",145,2010,1780,8.716,5.81,-9736328,225
"233",236,"Head After",146,1996,1784,4.936,3.291,-9538695,225
"234",237,"Head After",147,1985,1777,4.42,2.947,-10458517,225
"235",238,"Head After",148,1979,1767,3.953,2.636,-11247005,225
"236",239,"Head After",149,1970,1752,5.93,3.953,-9666942,225
"237",240,"Head After",150,1968,1742,3.457,2.305,-9208711,225
"238",241,"Head After",151,1968,1721,7.119,4.746,-10656155,225
"239",242,"Head After",152,1983,1727,5.477,3.651,-9865601,225
"240",243,"Head After",153,1981,1717,3.457,2.305,-10459281,225
"241",244,"Head After",154,1979,1723,2.144,1.429,-10131333,225
"242",245,"Head After",155,1979,1725,0.678,0.452,-10196107,225
"243",246,"Head After",156,1966,1742,7.255,4.837,-10984601,225
"244",247,"Head After",157,1956,1738,3.651,2.434,-10523019,225
"245",248,"Head After",158,1947,1721,6.521,4.347,-9736077,225
"246",249,"Head After",159,1958,1696,9.259,6.173,-9929865,225
"247",250,"Head After",160,1968,1685,5.04,3.36,-10260627,225
"248",251,"Head After",161,1964,1681,1.918,1.278,-9800329,225
"249",252,"Head After",162,1966,1683,0.959,0.639,-10326155,225
"250",253,"Head After",163,1968,1689,2.144,1.429,-10392977,225
"251",254,"Head After",164,1960,1681,3.835,2.557,-9999498,225
"252",255,"Head After",165,1962,1666,5.13,3.42,-10262420,225
"253",256,"Head After",166,1960,1647,6.477,4.318,-9997714,225
"254",257,"Head After",167,1981,1637,7.885,5.257,-10395020,225
"255",258,"Head After",168,1979,1637,0.678,0.452,-10455437,225
"256",259,"Head After",169,1985,1635,2.144,1.429,-10784912,225
"257",260,"Head After",170,2002,1626,6.521,4.347,-12497324,225
"258",261,"Head After",171,1993,1629,3.216,2.144,-9865101,225
"259",262,"Head After",172,1987,1624,2.648,1.765,-10459021,225
"260",263,"Head After",173,1987,1601,7.797,5.198,-11772320,225
"261",264,"Head After",174,1985,1599,0.959,0.639,-10788246,225
"262",265,"Head After",175,1985,1595,1.356,0.904,-10129043,225
"263",266,"Head After",176,1989,1595,1.356,0.904,-10720662,225
"264",267,"Head After",177,1985,1591,1.918,1.278,-10918559,225
"265",268,"Head After",178,1979,1593,2.144,1.429,-11048346,225
"266",269,"Head After",179,1985,1585,3.39,2.26,-9800325,225
"267",270,"Head After",180,1985,1578,2.373,1.582,-9931394,225
"268",272,"Tail After",92,2090,1727,0,0,-10654365,225
"269",273,"Tail After",93,2090,1729,0.678,0.452,-10786203,225
"270",274,"Tail After",94,2090,1729,0,0,-10981262,225
"271",275,"Tail After",95,2090,1729,0,0,-10918557,225
"272",276,"Tail After",96,2090,1729,0,0,-10786706,225
"273",277,"Tail After",97,2088,1727,0.959,0.639,-10389903,225
"274",278,"Tail After",98,2086,1725,0.959,0.639,-10061199,225
"275",279,"Tail After",99,2086,1725,0,0,-10390156,225
"276",280,"Tail After",100,2086,1723,0.678,0.452,-10587533,225
"277",281,"Tail After",101,2084,1723,0.678,0.452,-10785941,225
"278",282,"Tail After",102,2084,1725,0.678,0.452,-10458257,225
"279",283,"Tail After",103,2081,1725,1.017,0.678,-10126218,225
"280",284,"Tail After",104,2081,1725,0,0,-10324364,225
"281",285,"Tail After",105,2081,1725,0,0,-10653590,225
"282",286,"Tail After",106,2081,1725,0,0,-10521230,225
"283",287,"Tail After",107,2081,1725,0,0,-11441553,225
"284",288,"Tail After",108,2084,1727,1.222,0.815,-10785427,225
"285",289,"Tail After",109,2084,1727,0,0,-10719881,225
"286",290,"Tail After",110,2084,1729,0.678,0.452,-10784912,225
"287",291,"Tail After",111,2084,1727,0.678,0.452,-10589325,225
"288",292,"Tail After",112,2084,1725,0.678,0.452,-11048597,225
"289",293,"Tail After",113,2081,1727,1.222,0.815,-11115419,225
"290",294,"Tail After",114,2081,1727,0,0,-11508886,225
"291",295,"Tail After",115,2084,1725,1.222,0.815,-10983570,225
"292",296,"Tail After",116,2084,1727,0.678,0.452,-10651784,225
"293",297,"Tail After",117,2084,1727,0,0,-9931146,225
"294",298,"Tail After",118,2084,1727,0,0,-10589067,225
"295",299,"Tail After",119,2081,1727,1.017,0.678,-10654358,225
"296",300,"Tail After",120,2081,1729,0.678,0.452,-10193035,225
"297",301,"Tail After",121,2081,1727,0.678,0.452,-10916758,225
"298",302,"Tail After",122,2081,1729,0.678,0.452,-10258830,225
"299",303,"Tail After",123,2081,1729,0,0,-10061969,225
"300",304,"Tail After",124,2081,1729,0,0,-10324110,225
"301",305,"Tail After",125,2081,1727,0.678,0.452,-10914707,225
"302",306,"Tail After",126,2081,1727,0,0,-11572362,225
"303",307,"Tail After",127,2081,1727,0,0,-10521743,225
"304",308,"Tail After",128,2081,1729,0.678,0.452,-10127244,225
"305",309,"Tail After",129,2081,1727,0.678,0.452,-11114141,225
"306",310,"Tail After",130,2081,1727,0,0,-10588826,225
"307",311,"Tail After",131,2081,1727,0,0,-11047835,225
"308",312,"Tail After",132,2081,1727,0,0,-10392215,225
"309",313,"Tail After",133,2081,1727,0,0,-10918041,225
"310",314,"Tail After",134,2081,1729,0.678,0.452,-10456207,225
"311",315,"Tail After",135,2084,1727,1.222,0.815,-9866130,225
"312",316,"Tail After",136,2079,1729,1.826,1.217,-10325904,225
"313",317,"Tail After",137,2079,1729,0,0,-10457230,225
"314",318,"Tail After",138,2079,1729,0,0,-10195097,225
"315",319,"Tail After",139,2079,1729,0,0,-10326170,225
"316",320,"Tail After",140,2081,1729,0.678,0.452,-10127246,225
"317",321,"Tail After",141,2081,1729,0,0,-10456977,225
"318",322,"Tail After",142,2081,1729,0,0,-10127760,225
"319",323,"Tail After",143,2081,1729,0,0,-10062482,225
"320",324,"Tail After",144,2081,1729,0,0,-10719899,225
"321",325,"Tail After",145,2081,1729,0,0,-10194836,225
"322",326,"Tail After",146,2081,1729,0,0,-10128275,225
"323",327,"Tail After",147,2081,1729,0,0,-10851996,225
"324",328,"Tail After",148,2081,1729,0,0,-10654104,225
"325",329,"Tail After",149,2081,1729,0,0,-10982553,225
"326",330,"Tail After",150,2084,1727,1.222,0.815,-9996687,225
"327",331,"Tail After",151,2084,1727,0,0,-10326422,225
"328",332,"Tail After",152,2084,1727,0,0,-9996689,225
"329",333,"Tail After",153,2084,1727,0,0,-10260111,225
"330",334,"Tail After",154,2084,1727,0,0,-10325654,225
"331",335,"Tail After",155,2081,1727,1.017,0.678,-10719129,225
"332",336,"Tail After",156,2081,1727,0,0,-9930896,225
"333",337,"Tail After",157,2081,1727,0,0,-10062228,225
"334",338,"Tail After",158,2081,1727,0,0,-10128012,225
"335",339,"Tail After",159,2081,1727,0,0,-9602699,225
"336",340,"Tail After",160,2081,1729,0.678,0.452,-10917537,225
"337",341,"Tail After",161,2081,1729,0,0,-10786201,225
"338",342,"Tail After",162,2081,1727,0.678,0.452,-10522004,225
"339",343,"Tail After",163,2081,1727,0,0,-10128538,225
"340",344,"Tail After",164,2081,1727,0,0,-10390166,225
"341",345,"Tail After",165,2081,1727,0,0,-9536904,225
"342",346,"Tail After",166,2081,1727,0,0,-10195095,225
"343",347,"Tail After",167,2081,1727,0,0,-10588313,225
"344",348,"Tail After",168,2081,1727,0,0,-9866382,225
"345",349,"Tail After",169,2081,1727,0,0,-10194318,225
"346",350,"Tail After",170,2081,1727,0,0,-10394014,225
"347",351,"Tail After",171,2081,1727,0,0,-10262169,225
"348",352,"Tail After",172,2081,1727,0,0,-10589075,225
"349",353,"Tail After",173,2081,1727,0,0,-10063758,225
"350",354,"Tail After",174,2081,1727,0,0,-10327960,225
"351",355,"Tail After",175,2081,1727,0,0,-10722453,225
"352",356,"Tail After",176,2081,1727,0,0,-11117730,225
"353",357,"Tail After",177,2081,1727,0,0,-10789277,225
"354",358,"Tail After",178,2081,1727,0,0,-10133914,225
"355",359,"Tail After",179,2081,1727,0,0,-11117462,225
"356",360,"Tail After",180,2081,1727,0,0,-10196628,225
"1",2,"Head Before",2,639,1140,3.79,2.527,-8092783,311
"2",3,"Head Before",3,626,1138,4.459,2.973,-7895410,311
"3",4,"Head Before",4,626,1138,0,0,-8617595,311
"4",5,"Head Before",5,626,1130,2.712,1.808,-8092013,311
"5",6,"Head Before",6,626,1117,4.407,2.938,-8289909,311
"6",7,"Head Before",7,626,1100,5.763,3.842,-8223346,311
"7",8,"Head Before",8,624,1002,33.229,22.153,-8484475,311
"8",9,"Head Before",9,587,905,35.194,23.463,-8353907,311
"9",10,"Head Before",10,591,857,16.328,10.886,-8683399,311
"10",11,"Head Before",11,587,859,1.516,1.011,-9078395,311
"11",12,"Head Before",12,587,859,0,0,-8876654,311
"12",13,"Head Before",13,587,859,0,0,-9800828,311
"13",14,"Head Before",14,587,868,3.051,2.034,-9406842,311
"14",15,"Head Before",15,524,750,45.346,30.231,-9074807,311
"15",16,"Head Before",16,507,691,20.815,13.876,-9009530,311
"16",17,"Head Before",17,519,681,5.295,3.53,-9009515,311
"17",18,"Head Before",18,522,691,3.539,2.36,-10191744,311
"18",19,"Head Before",19,561,679,13.833,9.222,-9272936,311
"19",20,"Head Before",20,540,683,7.247,4.831,-9994620,311
"20",21,"Head Before",21,545,681,1.826,1.217,-9731185,311
"21",22,"Head Before",22,568,689,8.255,5.503,-9208679,311
"22",23,"Head Before",23,616,693,16.328,10.886,-9995386,311
"23",24,"Head Before",24,746,729,45.729,30.486,-9729906,311
"24",25,"Head Before",25,807,777,26.313,17.542,-9469806,311
"25",26,"Head Before",26,828,809,12.975,8.65,-9995123,311
"26",27,"Head Before",27,897,899,38.445,25.63,-9600104,311
"27",28,"Head Before",28,970,1023,48.779,32.52,-10126198,311
"28",29,"Head Before",29,1037,1132,43.373,28.916,-10060916,311
"29",30,"Head Before",30,1111,1100,27.331,18.221,-9797756,311
"30",31,"Head Before",31,1132,1073,11.596,7.73,-9141100,311
"31",32,"Head Before",32,1130,1060,4.459,2.973,-9665667,311
"32",33,"Head Before",33,1159,1069,10.294,6.862,-9339752,311
"33",34,"Head Before",34,1161,1048,7.151,4.767,-9468525,311
"34",35,"Head Before",35,1102,1006,24.551,16.367,-11309467,311
"35",36,"Head Before",36,1100,1029,7.826,5.218,-9606523,311
"36",37,"Head Before",37,1140,1073,20.158,13.439,-9340012,311
"37",38,"Head Before",38,1115,1081,8.898,5.932,-9600112,311
"38",39,"Head Before",39,1113,1071,3.457,2.305,-9207410,311
"39",40,"Head Before",40,1092,1033,14.718,9.812,-9995899,311
"40",41,"Head Before",41,1075,1008,10.249,6.833,-9536629,311
"41",42,"Head Before",42,1039,1002,12.372,8.248,-9209455,311
"42",43,"Head Before",43,991,1002,16.272,10.848,-9667444,311
"43",44,"Head Before",44,995,1004,1.516,1.011,-9405553,311
"44",45,"Head Before",45,1016,991,8.373,5.582,-9800048,311
"45",46,"Head Before",46,1012,1000,3.339,2.226,-9469804,311
"46",47,"Head Before",47,1018,1000,2.034,1.356,-9601644,311
"47",48,"Head Before",48,1010,1004,3.032,2.021,-10324084,311
"48",49,"Head Before",49,1021,1006,3.79,2.527,-10390910,311
"49",50,"Head Before",50,1012,1006,3.051,2.034,-9930098,311
"50",51,"Head Before",51,1021,989,6.521,4.347,-9666158,311
"51",52,"Head Before",52,1018,983,2.274,1.516,-9601634,311
"52",53,"Head Before",53,1014,983,1.356,0.904,-9535597,311
"53",54,"Head Before",54,1010,981,1.516,1.011,-9601903,311
"54",55,"Head Before",55,1002,974,3.604,2.402,-9273454,311
"55",56,"Head Before",56,1025,985,8.643,5.762,-9928566,311
"56",57,"Head Before",57,981,1027,20.621,13.747,-9537911,311
"57",58,"Head Before",58,958,1039,8.794,5.863,-9273454,311
"58",59,"Head Before",59,964,1096,19.43,12.953,-9736051,311
"59",60,"Head Before",60,979,1123,10.471,6.98,-9799033,311
"60",61,"Head Before",61,974,1100,7.979,5.319,-9733732,311
"61",62,"Head Before",62,964,1086,5.832,3.888,-10191989,311
"62",63,"Head Before",63,962,1060,8.84,5.893,-9996150,311
"63",64,"Head Before",64,964,1083,7.826,5.218,-9732216,311
"64",65,"Head Before",65,981,1081,5.803,3.868,-9930607,311
"65",66,"Head Before",66,1008,1018,23.236,15.49,-9800050,311
"66",67,"Head Before",67,1039,981,16.364,10.909,-9405551,311
"67",68,"Head Before",68,1025,989,5.466,3.644,-9604724,311
"68",69,"Head Before",69,1014,993,3.968,2.645,-10262153,311
"69",70,"Head Before",70,1018,995,1.516,1.011,-9536110,311
"70",71,"Head Before",71,993,1033,15.42,10.28,-10063483,311
"71",72,"Head Before",72,987,1035,2.144,1.429,-9799280,311
"72",73,"Head Before",73,1006,1016,9.109,6.073,-10456448,311
"73",74,"Head Before",74,1004,1023,2.468,1.645,-9733741,311
"74",75,"Head Before",75,1002,1033,3.457,2.305,-10194292,311
"75",76,"Head Before",76,1010,1042,4.082,2.721,-9732739,311
"76",77,"Head Before",77,1021,1046,3.968,2.645,-9866094,311
"77",78,"Head Before",78,1004,1037,6.521,4.347,-10061166,311
"78",79,"Head Before",79,1004,1035,0.678,0.452,-10259324,311
"79",80,"Head Before",80,1002,1031,1.516,1.011,-10191999,311
"80",81,"Head Before",81,1006,1037,2.445,1.63,-9929330,311
"81",82,"Head Before",82,1012,1031,2.877,1.918,-9864564,311
"82",83,"Head Before",83,1033,1033,7.151,4.767,-10192765,311
"83",84,"Head Before",84,1021,1037,4.288,2.859,-10588546,311
"84",85,"Head Before",85,1012,1033,3.339,2.226,-9798009,311
"85",86,"Head Before",86,1008,1033,1.356,0.904,-10391686,311
"86",87,"Head Before",87,1000,1033,2.712,1.808,-10388612,311
"87",88,"Head Before",88,1012,1046,5.998,3.998,-10785658,311
"88",89,"Head Before",89,1012,1046,0,0,-10128247,311
"89",90,"Head Before",90,1012,1046,0,0,-10916215,311
"90",91,"Head Before",91,1008,1044,1.516,1.011,-10782604,311
"91",92,"Head Before",92,1008,1044,0,0,-10847877,311
"92",93,"Head Before",93,1004,1039,2.171,1.447,-11114631,311
"93",94,"Head Before",94,1008,1039,1.356,0.904,-11180937,311
"94",95,"Head Before",95,995,1035,4.611,3.074,-9998195,311
"95",96,"Head Before",96,1000,1048,4.722,3.148,-10455688,311
"96",97,"Head Before",97,991,1048,3.051,2.034,-10323575,311
"97",98,"Head Before",98,989,1048,0.678,0.452,-10782856,311
"98",99,"Head Before",99,989,1046,0.678,0.452,-10390128,311
"99",100,"Head Before",100,991,1042,1.516,1.011,-10918792,311
"100",101,"Head Before",101,1004,1050,5.175,3.45,-10848898,311
"101",103,"Tail Before",2,628,1228,3.865,2.577,-8421264,311
"102",104,"Tail Before",3,622,1224,2.445,1.63,-9146242,311
"103",105,"Tail Before",4,610,1226,4.124,2.749,-9340048,311
"104",106,"Tail Before",5,614,1222,1.918,1.278,-9470612,311
"105",107,"Tail Before",6,612,1211,3.79,2.527,-9536403,311
"106",108,"Tail Before",7,620,1197,5.466,3.644,-8813203,311
"107",109,"Tail Before",8,618,1094,34.924,23.282,-9076361,311
"108",110,"Tail Before",9,591,993,35.441,23.628,-9666190,311
"109",111,"Tail Before",10,608,933,21.141,14.094,-9667738,311
"110",113,"Tail Before",11,603,935,0.678,0.452,-9075336,311
"111",114,"Tail Before",12,603,937,0.678,0.452,-9469316,311
"112",115,"Tail Before",13,599,939,1.516,1.011,-10197407,311
"113",116,"Tail Before",14,605,939,2.034,1.356,-10588313,311
"114",117,"Tail Before",15,563,840,36.456,24.304,-10461080,311
"115",118,"Tail Before",16,547,769,24.673,16.448,-8549760,311
"116",119,"Tail Before",17,536,763,4.248,2.832,-9271937,311
"117",120,"Tail Before",18,536,765,0.678,0.452,-9276038,311
"118",121,"Tail Before",19,536,763,0.678,0.452,-9798554,311
"119",122,"Tail Before",20,536,763,0,0,-10456727,311
"120",123,"Tail Before",21,528,765,2.795,1.864,-10718618,311
"121",124,"Tail Before",22,526,756,3.125,2.084,-10061451,311
"122",125,"Tail Before",23,545,721,13.501,9,-10260888,311
"123",126,"Tail Before",24,673,721,43.392,28.928,-9798277,311
"124",127,"Tail Before",25,752,733,27.088,18.059,-9797758,311
"125",128,"Tail Before",26,769,763,11.689,7.793,-9666441,311
"126",129,"Tail Before",27,849,836,36.714,24.476,-9930383,311
"127",130,"Tail Before",28,922,951,46.176,30.784,-10126972,311
"128",131,"Tail Before",29,995,1056,43.352,28.902,-9996178,311
"129",132,"Tail Before",30,1023,1088,14.414,9.61,-9868173,311
"130",133,"Tail Before",31,1044,1081,7.504,5.003,-9995656,311
"131",134,"Tail Before",32,1050,1081,2.034,1.356,-10652826,311
"132",135,"Tail Before",33,1058,1079,2.795,1.864,-10719383,311
"133",136,"Tail Before",34,1090,1081,10.869,7.246,-10128024,311
"134",137,"Tail Before",35,1079,1071,5.04,3.36,-9996703,311
"135",138,"Tail Before",36,1048,1071,10.509,7.006,-10325391,311
"136",139,"Tail Before",37,1056,1077,3.39,2.26,-10322321,311
"137",140,"Tail Before",38,1044,1090,5.998,3.998,-9730431,311
"138",141,"Tail Before",39,1046,1083,2.468,1.645,-9998217,311
"139",142,"Tail Before",40,1046,1083,0,0,-10517906,311
"140",143,"Tail Before",41,1054,1079,3.032,2.021,-10458758,311
"141",144,"Tail Before",42,1050,1077,1.516,1.011,-9599124,311
"142",145,"Tail Before",43,1039,1075,3.79,2.527,-10922401,311
"143",146,"Tail Before",44,1039,1075,0,0,-10122631,311
"144",147,"Tail Before",45,1052,1077,4.459,2.973,-10587546,311
"145",148,"Tail Before",46,1056,1081,1.918,1.278,-9729667,311
"146",149,"Tail Before",47,1056,1081,0,0,-9532035,311
"147",150,"Tail Before",48,1048,1086,3.198,2.132,-10520212,311
"148",151,"Tail Before",49,1048,1086,0,0,-13548212,311
"149",152,"Tail Before",50,1042,1083,2.274,1.516,-11376792,311
"150",153,"Tail Before",51,1048,1075,3.39,2.26,-10527124,311
"151",154,"Tail Before",52,1048,1075,0,0,-10911118,311
"152",155,"Tail Before",53,1042,1081,2.877,1.918,-10584974,311
"153",156,"Tail Before",54,1048,1083,2.144,1.429,-12164524,311
"154",157,"Tail Before",55,1046,1075,2.795,1.864,-10124425,311
"155",158,"Tail Before",56,1044,1075,0.678,0.452,-12233898,311
"156",159,"Tail Before",57,1037,1090,5.611,3.741,-11119518,311
"157",160,"Tail Before",58,1031,1090,2.034,1.356,-11838632,311
"158",161,"Tail Before",59,1033,1092,0.959,0.639,-10922139,311
"159",162,"Tail Before",60,1039,1086,2.877,1.918,-10594707,311
"160",163,"Tail Before",61,1050,1083,3.865,2.577,-11771296,311
"161",164,"Tail Before",62,1056,1083,2.034,1.356,-11382691,311
"162",165,"Tail Before",63,1052,1086,1.695,1.13,-13225144,311
"163",166,"Tail Before",64,1048,1088,1.516,1.011,-12769199,311
"164",167,"Tail Before",65,1052,1081,2.733,1.822,-11184284,311
"165",168,"Tail Before",66,1050,1081,0.678,0.452,-11376010,311
"166",169,"Tail Before",67,1039,1073,4.611,3.074,-11310478,311
"167",170,"Tail Before",68,1048,1079,3.667,2.445,-11044753,311
"168",171,"Tail Before",69,1039,1077,3.125,2.084,-9939872,311
"169",172,"Tail Before",70,1046,1079,2.468,1.645,-11580572,311
"170",173,"Tail Before",71,1044,1079,0.678,0.452,-9799575,311
"171",174,"Tail Before",72,1039,1081,1.826,1.217,-12295590,311
"172",175,"Tail Before",73,1044,1090,3.49,2.327,-11051687,311
"173",176,"Tail Before",74,1042,1100,3.457,2.305,-10000799,311
"174",177,"Tail Before",75,1050,1109,4.082,2.721,-11972015,311
"175",178,"Tail Before",76,1050,1109,0,0,-11057059,311
"176",179,"Tail Before",77,1054,1115,2.445,1.63,-11110809,311
"177",180,"Tail Before",78,1042,1111,4.288,2.859,-11638681,311
"178",181,"Tail Before",79,1037,1102,3.49,2.327,-11506076,311
"179",182,"Tail Before",80,1033,1109,2.733,1.822,-10784152,311
"180",183,"Tail Before",81,1044,1113,3.968,2.645,-12229797,311
"181",184,"Tail Before",82,1027,1104,6.521,4.347,-11572120,311
"182",185,"Tail Before",83,1027,1104,0,0,-12501933,311
"183",186,"Tail Before",84,1027,1104,0,0,-11639974,311
"184",187,"Tail Before",85,1012,1113,5.93,3.953,-12763566,311
"185",188,"Tail Before",86,1010,1109,1.516,1.011,-12033965,311
"186",189,"Tail Before",87,1014,1111,1.516,1.011,-12360613,311
"187",190,"Tail Before",88,1004,1113,3.457,2.305,-11836070,311
"188",191,"Tail Before",89,1008,1119,2.445,1.63,-11439259,311
"189",192,"Tail Before",90,1006,1121,0.959,0.639,-9934207,311
"190",193,"Tail Before",91,1014,1115,3.39,2.26,-10589324,311
"191",194,"Tail Before",92,1010,1115,1.356,0.904,-11244953,311
"192",195,"Tail Before",93,1018,1115,2.712,1.808,-10921112,311
"193",196,"Tail Before",94,1014,1115,1.356,0.904,-11840413,311
"194",197,"Tail Before",95,1014,1113,0.678,0.452,-10459546,311
"195",198,"Tail Before",96,1010,1117,1.918,1.278,-11711907,311
"196",199,"Tail Before",97,1012,1117,0.678,0.452,-10131086,311
"197",200,"Tail Before",98,1010,1113,1.516,1.011,-11441829,311
"198",201,"Tail Before",99,1014,1111,1.516,1.011,-11634841,311
"199",202,"Tail Before",100,1010,1117,2.445,1.63,-11375771,311
"200",203,"Tail Before",101,1006,1117,1.356,0.904,-10588060,311
"201",205,"Head After",103,1025,1060,40.863,27.242,-10455674,311
"202",206,"Head After",104,964,1088,22.753,15.169,-11442318,311
"203",207,"Head After",105,979,1216,43.689,29.126,-10519933,311
"204",208,"Head After",106,907,1255,27.759,18.506,-10784639,311
"205",209,"Head After",107,905,1262,2.468,1.645,-11241857,311
"206",210,"Head After",108,914,1249,5.36,3.573,-10520449,311
"207",211,"Head After",109,849,1289,25.873,17.249,-10653053,311
"208",212,"Head After",110,807,1274,15.119,10.079,-11113089,311
"209",213,"Head After",111,844,1287,13.295,8.863,-10716793,311
"210",214,"Head After",112,811,1276,11.792,7.861,-10193278,311
"211",215,"Head After",113,811,1278,0.678,0.452,-11048325,311
"212",216,"Head After",114,786,1241,15.138,10.092,-10520451,311
"213",217,"Head After",115,784,1230,3.79,2.527,-10456951,311
"214",218,"Head After",116,786,1205,8.502,5.668,-10390144,311
"215",219,"Head After",117,800,1186,8.001,5.334,-10981780,311
"216",220,"Head After",118,782,1195,6.822,4.548,-10719096,311
"217",221,"Head After",119,779,1203,2.896,1.931,-10059649,311
"218",222,"Head After",120,786,1197,3.125,2.084,-10587787,311
"219",223,"Head After",121,796,1190,4.138,2.759,-10587272,311
"220",224,"Head After",122,788,1192,2.795,1.864,-10126972,311
"221",225,"Head After",123,790,1184,2.795,1.864,-10587274,311
"222",226,"Head After",124,813,1163,10.558,7.039,-10980486,311
"223",227,"Head After",125,784,1174,10.514,7.01,-10324086,311
"224",228,"Head After",126,784,1226,17.628,11.752,-11046528,311
"225",229,"Head After",127,788,1197,9.924,6.616,-10915720,311
"226",230,"Head After",128,788,1197,0,0,-10389630,311
"227",231,"Head After",129,788,1197,0,0,-10455163,311
"228",232,"Head After",130,788,1197,0,0,-10913921,311
"229",233,"Head After",131,782,1226,10.039,6.693,-10128512,311
"230",234,"Head After",132,817,1157,26.228,17.485,-10718585,311
"231",235,"Head After",133,840,1117,15.642,10.428,-10259831,311
"232",236,"Head After",134,819,1144,11.596,7.73,-10456693,311
"233",237,"Head After",135,821,1142,0.959,0.639,-9666926,311
"234",238,"Head After",136,823,1132,3.457,2.305,-10259572,311
"235",239,"Head After",137,817,1148,5.793,3.862,-10785153,311
"236",240,"Head After",138,817,1153,1.695,1.13,-10651772,311
"237",241,"Head After",139,821,1138,5.263,3.508,-10456693,311
"238",242,"Head After",140,821,1127,3.729,2.486,-9864564,311
"239",243,"Head After",141,821,1113,4.746,3.164,-10388612,311
"240",244,"Head After",142,819,1104,3.125,2.084,-9668222,311
"241",245,"Head After",143,819,1104,0,0,-10452349,311
"242",246,"Head After",144,819,1104,0,0,-10322805,311
"243",247,"Head After",145,815,1104,1.356,0.904,-10651010,311
"244",248,"Head After",146,821,1100,2.445,1.63,-11045768,311
"245",249,"Head After",147,826,1086,5.04,3.36,-10390397,311
"246",250,"Head After",148,823,1086,1.017,0.678,-9533814,311
"247",251,"Head After",149,828,1075,4.096,2.731,-9338479,311
"248",252,"Head After",150,826,1079,1.516,1.011,-10651533,311
"249",253,"Head After",151,819,1086,3.356,2.237,-10390657,311
"250",254,"Head After",152,823,1077,3.339,2.226,-10718068,311
"251",256,"Tail After",103,1000,1119,7.435,4.957,-12172450,311
"252",257,"Tail After",104,1016,1113,5.793,3.862,-12564900,311
"253",258,"Tail After",105,1016,1140,9.153,6.102,-14271917,311
"254",259,"Tail After",106,1008,1142,2.795,1.864,-9861241,311
"255",260,"Tail After",107,1000,1148,3.39,2.26,-12494241,311
"256",261,"Tail After",108,1012,1144,4.288,2.859,-10789016,311
"257",262,"Tail After",109,1014,1148,1.516,1.011,-12298145,311
"258",263,"Tail After",110,1014,1153,1.695,1.13,-11122842,311
"259",264,"Tail After",111,1016,1148,1.826,1.217,-8881270,311
"260",265,"Tail After",112,1014,1148,0.678,0.452,-10395788,311
"261",266,"Tail After",113,1014,1148,0,0,-12106904,311
"262",267,"Tail After",114,1014,1151,1.017,0.678,-11574680,311
"263",268,"Tail After",115,1016,1146,1.826,1.217,-11846816,311
"264",269,"Tail After",116,1016,1142,1.356,0.904,-11110027,311
"265",270,"Tail After",117,1002,1142,4.746,3.164,-10653841,311
"266",271,"Tail After",118,1004,1140,0.959,0.639,-11114129,311
"267",272,"Tail After",119,1008,1148,3.032,2.021,-10978443,311
"268",273,"Tail After",120,1010,1155,2.468,1.645,-10454419,311
"269",274,"Tail After",121,1012,1153,0.959,0.639,-11836320,311
"270",275,"Tail After",122,1002,1155,3.457,2.305,-10450304,311
"271",276,"Tail After",123,1006,1153,1.516,1.011,-11968155,311
"272",277,"Tail After",124,1006,1148,1.695,1.13,-11700111,311
"273",278,"Tail After",125,1006,1148,0,0,-13350839,311
"274",279,"Tail After",126,1010,1146,1.516,1.011,-12625323,311
"275",280,"Tail After",127,1008,1153,2.468,1.645,-9145204,311
"276",281,"Tail After",128,1006,1155,0.959,0.639,-11183754,311
"277",282,"Tail After",129,1004,1157,0.959,0.639,-11047811,311
"278",283,"Tail After",130,1006,1157,0.678,0.452,-11056273,311
"279",284,"Tail After",131,1008,1155,0.959,0.639,-11506325,311
"280",285,"Tail After",132,1012,1151,1.918,1.278,-11906455,311
"281",286,"Tail After",133,1010,1155,1.516,1.011,-10584964,311
"282",287,"Tail After",134,1014,1155,1.356,0.904,-11711648,311
"283",288,"Tail After",135,1010,1159,1.918,1.278,-10064255,311
"284",289,"Tail After",136,1012,1155,1.516,1.011,-9274243,311
"285",290,"Tail After",137,1012,1155,0,0,-9141627,311
"286",291,"Tail After",138,1016,1146,3.339,2.226,-10521740,311
"287",292,"Tail After",139,1016,1146,0,0,-11440535,311
"288",293,"Tail After",140,1004,1151,4.407,2.938,-8950135,311
"289",294,"Tail After",141,1010,1148,2.274,1.516,-11383706,311
"290",295,"Tail After",142,1010,1144,1.356,0.904,-11113350,311
"291",296,"Tail After",143,1010,1142,0.678,0.452,-11054993,311
"292",297,"Tail After",144,1006,1146,1.918,1.278,-9732484,311
"293",298,"Tail After",145,1012,1144,2.144,1.429,-10129541,311
"294",299,"Tail After",146,1012,1148,1.356,0.904,-11580813,311
"295",300,"Tail After",147,1010,1151,1.222,0.815,-10594206,311
"296",301,"Tail After",148,1008,1151,0.678,0.452,-10915217,311
"297",302,"Tail After",149,1010,1151,0.678,0.452,-10914960,311
"298",303,"Tail After",150,1010,1148,1.017,0.678,-11308949,311
"299",304,"Tail After",151,1008,1148,0.678,0.452,-11241364,311
"300",305,"Tail After",152,1006,1151,1.222,0.815,-12027028,311
"1",2,"Head Before",2,1882,1756,11.546,7.697,-10585467,312
"2",3,"Head Before",3,1872,1725,11.042,7.361,-10458516,312
"3",4,"Head Before",4,1912,1645,30.321,20.214,-9732717,312
"4",5,"Head Before",5,1941,1587,21.983,14.655,-10519420,312
"5",6,"Head Before",6,1949,1551,12.502,8.334,-10587260,312
"6",7,"Head Before",7,1947,1526,8.502,5.668,-9796463,312
"7",8,"Head Before",8,1943,1509,5.92,3.947,-10453378,312
"8",9,"Head Before",9,1935,1488,7.618,5.079,-10585724,312
"9",10,"Head Before",10,1949,1450,13.728,9.152,-10781567,312
"10",11,"Head Before",11,1954,1425,8.643,5.762,-10128498,312
"11",12,"Head Before",12,1931,1377,18.044,12.029,-10717565,312
"12",13,"Head Before",13,1920,1339,13.411,8.941,-9536628,312
"13",14,"Head Before",14,1897,1314,11.516,7.677,-10193788,312
"14",15,"Head Before",15,1878,1285,11.753,7.835,-10914170,312
"15",16,"Head Before",16,1897,1304,9.109,6.073,-10850454,312
"16",17,"Head Before",17,1914,1325,9.159,6.106,-10717326,312
"17",18,"Head Before",18,1922,1329,3.032,2.021,-10651784,312
"18",19,"Head Before",19,1941,1329,6.441,4.294,-10193027,312
"19",20,"Head Before",20,1941,1331,0.678,0.452,-9730935,312
"20",21,"Head Before",21,1941,1331,0,0,-9402733,312
"21",22,"Head Before",22,1941,1331,0,0,-9336942,312
"22",23,"Head Before",23,1960,1325,6.755,4.503,-9862001,312
"23",24,"Head Before",24,1954,1320,2.648,1.765,-9993078,312
"24",25,"Head Before",25,1954,1329,3.051,2.034,-9928839,312
"25",27,"Tail Before",2,1847,1807,3.667,2.445,-10588311,312
"26",28,"Tail Before",3,1857,1771,12.666,8.444,-11770529,312
"27",29,"Tail Before",4,1886,1700,25.999,17.333,-11969176,312
"28",30,"Tail Before",5,1920,1635,24.867,16.578,-11900816,312
"29",31,"Tail Before",6,1928,1610,8.898,5.932,-11179911,312
"30",32,"Tail Before",7,1945,1578,12.284,8.189,-9930114,312
"31",33,"Tail Before",8,1949,1566,4.288,2.859,-11244426,312
"32",34,"Tail Before",9,1945,1536,10.26,6.84,-11702164,312
"33",35,"Tail Before",10,1937,1503,11.511,7.674,-9936022,312
"34",36,"Tail Before",11,1951,1471,11.841,7.894,-12164004,312
"35",37,"Tail Before",12,1949,1427,14.931,9.954,-11043977,312
"36",38,"Tail Before",13,1939,1383,15.296,10.198,-10586502,312
"37",39,"Tail Before",14,1924,1348,12.909,8.606,-10716811,312
"38",40,"Tail Before",15,1903,1320,11.865,7.91,-11382950,312
"39",41,"Tail Before",16,1903,1329,3.051,2.034,-11508645,312
"40",42,"Tail Before",17,1901,1343,4.794,3.196,-10856841,312
"41",43,"Tail Before",18,1905,1348,2.171,1.447,-10592915,312
"42",44,"Tail Before",19,1914,1348,3.051,2.034,-11311508,312
"43",45,"Tail Before",20,1914,1356,2.712,1.808,-12107417,312
"44",46,"Tail Before",21,1916,1364,2.795,1.864,-12698525,312
"45",47,"Tail Before",22,1916,1360,1.356,0.904,-11580311,312
"46",48,"Tail Before",23,1922,1348,4.548,3.032,-10716299,312
"47",49,"Tail Before",24,1924,1348,0.678,0.452,-11310979,312
"48",50,"Tail Before",25,1920,1346,1.516,1.011,-11772563,312
"49",52,"Head After",27,1981,1316,8.749,5.832,-10389117,312
"50",53,"Head After",28,2002,1310,7.404,4.936,-10059901,312
"51",54,"Head After",29,2006,1343,11.269,7.513,-9995891,312
"52",55,"Head After",30,2008,1346,1.222,0.815,-9928564,312
"53",56,"Head After",31,2012,1337,3.339,2.226,-10061183,312
"54",57,"Head After",32,2016,1337,1.356,0.904,-10389627,312
"55",58,"Head After",33,2058,1339,14.254,9.503,-10191486,312
"56",59,"Head After",34,2048,1325,5.832,3.888,-10062195,312
"57",60,"Head After",35,2048,1329,1.356,0.904,-9339008,312
"58",61,"Head After",36,2044,1325,1.918,1.278,-9273438,312
"59",62,"Head After",37,2052,1327,2.795,1.864,-9929067,312
"60",63,"Head After",38,2071,1337,7.279,4.852,-10061179,312
"61",64,"Head After",39,2111,1356,15.012,10.008,-10981236,312
"62",65,"Head After",40,2130,1358,6.477,4.318,-9863286,312
"63",66,"Head After",41,2123,1356,2.468,1.645,-10257537,312
"64",67,"Head After",42,2111,1341,6.512,4.341,-9602180,312
"65",68,"Head After",43,2109,1339,0.959,0.639,-11184300,312
"66",69,"Head After",44,2111,1337,0.959,0.639,-10195857,312
"67",70,"Head After",45,2107,1312,8.583,5.722,-10125442,312
"68",71,"Head After",46,2069,1299,13.615,9.077,-10321530,312
"69",72,"Head After",47,2071,1304,1.826,1.217,-9798769,312
"70",73,"Head After",48,2073,1327,7.826,5.218,-11506328,312
"71",74,"Head After",49,2067,1329,2.144,1.429,-11637913,312
"72",75,"Head After",50,2069,1339,3.457,2.305,-11111547,312
"73",77,"Tail After",27,1903,1358,0.959,0.639,-11767957,312
"74",78,"Tail After",28,1907,1354,1.918,1.278,-10585740,312
"75",79,"Tail After",29,1907,1356,0.678,0.452,-11439513,312
"76",80,"Tail After",30,1910,1354,1.222,0.815,-11176074,312
"77",81,"Tail After",31,1903,1354,2.373,1.582,-10390669,312
"78",82,"Tail After",32,1903,1356,0.678,0.452,-11111056,312
"79",83,"Tail After",33,1905,1354,0.959,0.639,-11372688,312
"80",84,"Tail After",34,1907,1354,0.678,0.452,-9665667,312
"81",85,"Tail After",35,1901,1354,2.034,1.356,-10981011,312
"82",86,"Tail After",36,1903,1350,1.516,1.011,-10914191,312
"83",87,"Tail After",37,1901,1346,1.516,1.011,-11178643,312
"84",88,"Tail After",38,1901,1341,1.695,1.13,-11046796,312
"85",89,"Tail After",39,1901,1341,0,0,-10388866,312
"86",90,"Tail After",40,1901,1341,0,0,-10716047,312
"87",91,"Tail After",41,1901,1341,0,0,-10321800,312
"88",92,"Tail After",42,1901,1341,0,0,-10650248,312
"89",93,"Tail After",43,1941,1333,13.829,9.219,-12098706,312
"90",94,"Tail After",44,1991,1302,19.943,13.296,-11177362,312
"91",95,"Tail After",45,2000,1308,3.667,2.445,-12098192,312
"92",96,"Tail After",46,2014,1297,6.036,4.024,-11243155,312
"93",97,"Tail After",47,2037,1297,7.797,5.198,-12630430,312
"94",98,"Tail After",48,2037,1291,2.034,1.356,-11766669,312
"95",99,"Tail After",49,2042,1291,1.695,1.13,-11964047,312
"96",100,"Tail After",50,2042,1299,2.712,1.808,-11898262,312
"1",2,"Head Before",2,1362,1750,13.164,8.776,-10585714,321
"2",3,"Head Before",3,1369,1673,26.211,17.474,-10125163,321
"3",4,"Head Before",4,1367,1629,14.931,9.954,-10322536,321
"4",5,"Head Before",5,1369,1570,20.012,13.342,-10652524,321
"5",6,"Head Before",6,1373,1503,22.753,15.169,-10652012,321
"6",7,"Head Before",7,1383,1457,15.958,10.639,-10388075,321
"7",8,"Head Before",8,1383,1432,8.475,5.65,-10322546,321
"8",9,"Head Before",9,1404,1394,14.718,9.812,-10126709,321
"9",10,"Head Before",10,1413,1350,15.225,10.15,-9535848,321
"10",11,"Head Before",11,1444,1262,31.629,21.086,-9535599,321
"11",12,"Head Before",12,1459,1216,16.402,10.935,-9468274,321
"12",13,"Head Before",13,1471,1213,4.193,2.795,-10322035,321
"13",14,"Head Before",14,1484,1199,6.477,4.318,-10257004,321
"14",15,"Head Before",15,1486,1205,2.144,1.429,-9930349,321
"15",16,"Head Before",16,1486,1201,1.356,0.904,-9797993,321
"16",17,"Head Before",17,1488,1192,3.125,2.084,-10126946,321
"17",18,"Head Before",18,1511,1144,18.044,12.029,-10058361,321
"18",19,"Head Before",19,1463,1121,18.044,12.029,-10324338,321
"19",20,"Head Before",20,1427,1251,45.729,30.486,-11710896,321
"20",21,"Head Before",21,1484,1268,20.164,13.443,-10523558,321
"21",22,"Head Before",22,1480,1268,1.356,0.904,-11047332,321
"22",23,"Head Before",23,1488,1272,3.032,2.021,-11309976,321
"23",24,"Head Before",24,1492,1281,3.339,2.226,-9599878,321
"24",25,"Head Before",25,1551,1266,20.637,13.758,-9401693,321
"25",26,"Head Before",26,1568,1264,5.803,3.868,-9993581,321
"26",27,"Head Before",27,1570,1255,3.125,2.084,-10123888,321
"27",28,"Head Before",28,1572,1260,1.826,1.217,-9532779,321
"28",29,"Head Before",29,1574,1247,4.459,2.973,-9800048,321
"29",30,"Head Before",30,1574,1316,23.391,15.594,-9864805,321
"30",31,"Head Before",31,1524,1350,20.498,13.665,-9931120,321
"31",32,"Head Before",32,1526,1352,0.959,0.639,-9666170,321
"32",33,"Head Before",33,1557,1369,11.985,7.99,-9204853,321
"33",34,"Head Before",34,1549,1364,3.198,2.132,-9534067,321
"34",35,"Head Before",35,1532,1352,7.054,4.703,-8220527,321
"35",36,"Head Before",36,1515,1341,6.864,4.576,-10063266,321
"36",37,"Head Before",37,1541,1379,15.609,10.406,-10265474,321
"37",38,"Head Before",38,1545,1358,7.247,4.831,-9865594,321
"38",39,"Head Before",39,1528,1356,5.803,3.868,-10321263,321
"39",40,"Head Before",40,1526,1383,9.178,6.119,-10584453,321
"40",41,"Head Before",41,1505,1406,10.558,7.039,-10387325,321
"41",42,"Head Before",42,1467,1419,13.615,9.077,-10389879,321
"42",43,"Head Before",43,1440,1411,9.546,6.364,-10191991,321
"43",44,"Head Before",44,1469,1438,13.432,8.955,-9664115,321
"44",45,"Head Before",45,1463,1400,13.042,8.694,-9927287,321
"45",46,"Head Before",46,1427,1354,19.802,13.201,-9870706,321
"46",47,"Head Before",47,1429,1327,9.178,6.119,-11110799,321
"47",48,"Head Before",48,1392,1333,12.707,8.471,-9665904,321
"48",49,"Head Before",49,1379,1358,9.552,6.368,-10123637,321
"49",50,"Head Before",50,1398,1362,6.582,4.388,-9730166,321
"50",51,"Head Before",51,1371,1396,14.718,9.812,-10255472,321
"51",52,"Head Before",52,1364,1398,2.468,1.645,-9336688,321
"52",53,"Head Before",53,1408,1364,18.85,12.567,-10001281,321
"53",54,"Head Before",54,1400,1346,6.678,4.452,-9269880,321
"54",55,"Head Before",55,1398,1310,12.223,8.149,-9863274,321
"55",56,"Head Before",56,1438,1285,15.991,10.66,-9928039,321
"56",57,"Head Before",57,1488,1260,18.951,12.634,-9731698,321
"57",58,"Head Before",58,1515,1314,20.467,13.644,-9404272,321
"58",59,"Head Before",59,1507,1356,14.494,9.663,-10124666,321
"59",60,"Head Before",60,1461,1396,20.665,13.777,-10126455,321
"60",61,"Head Before",61,1452,1392,3.339,2.226,-10059647,321
"61",62,"Head Before",62,1476,1373,10.377,6.918,-9535096,321
"62",63,"Head Before",63,1492,1379,5.793,3.862,-9865065,321
"63",64,"Head Before",64,1503,1379,3.729,2.486,-10060663,321
"64",65,"Head Before",65,1482,1371,7.618,5.079,-9203813,321
"65",66,"Head Before",66,1467,1375,5.263,3.508,-9270889,321
"66",67,"Head Before",67,1486,1385,7.279,4.852,-9931889,321
"67",68,"Head Before",68,1486,1371,4.746,3.164,-10256763,321
"68",69,"Head Before",69,1429,1379,19.512,13.008,-10785951,321
"69",70,"Head Before",70,1413,1337,15.236,10.157,-11373718,321
"70",71,"Head Before",71,1419,1436,33.623,22.415,-9667175,321
"71",72,"Head Before",72,1392,1400,15.255,10.17,-9600630,321
"72",73,"Head Before",73,1438,1394,15.726,10.484,-10588036,321
"73",74,"Head Before",74,1423,1385,5.93,3.953,-9335408,321
"74",75,"Head Before",75,1455,1369,12.128,8.086,-10527384,321
"75",76,"Head Before",76,1444,1337,11.471,7.647,-12434590,321
"76",77,"Head Before",77,1408,1320,13.496,8.998,-9930108,321
"77",78,"Head Before",78,1385,1356,14.482,9.655,-9862005,321
"78",79,"Head Before",79,1385,1362,2.034,1.356,-9799809,321
"79",80,"Head Before",80,1375,1367,3.79,2.527,-9405541,321
"80",81,"Head Before",81,1392,1335,12.284,8.189,-10191217,321
"81",82,"Head Before",82,1408,1322,6.989,4.659,-10124656,321
"82",83,"Head Before",83,1434,1337,10.176,6.784,-9664873,321
"83",84,"Head Before",84,1486,1348,18.018,12.012,-10126445,321
"84",85,"Head Before",85,1522,1360,12.864,8.576,-9535336,321
"85",86,"Head Before",86,1551,1369,10.294,6.862,-9537389,321
"86",87,"Head Before",87,1585,1383,12.465,8.31,-9337709,321
"87",88,"Head Before",88,1555,1406,12.815,8.543,-9730168,321
"88",89,"Head Before",89,1541,1383,9.128,6.085,-10716803,321
"89",90,"Head Before",90,1538,1417,11.571,7.714,-9270897,321
"90",91,"Head Before",91,1568,1427,10.72,7.147,-10059130,321
"91",92,"Head Before",92,1585,1417,6.686,4.457,-11176063,321
"92",93,"Head Before",93,1603,1400,8.393,5.595,-10849929,321
"93",94,"Head Before",94,1616,1390,5.56,3.707,-10258042,321
"94",95,"Head Before",95,1589,1400,9.761,6.507,-9732475,321
"95",96,"Head Before",96,1601,1423,8.794,5.863,-9600127,321
"96",97,"Head Before",97,1652,1364,26.438,17.625,-9469029,321
"97",98,"Head Before",98,1606,1291,29.25,19.5,-9666672,321
"98",99,"Head Before",99,1463,1207,56.222,37.481,-10454393,321
"99",100,"Head Before",100,1385,1197,26.658,17.772,-10585467,321
"100",101,"Head Before",101,1379,1213,5.793,3.862,-9729647,321
"101",102,"Head Before",102,1385,1234,7.404,4.936,-10124403,321
"102",103,"Head Before",103,1413,1247,10.465,6.977,-10387060,321
"103",104,"Head Before",104,1392,1255,7.618,5.079,-10325367,321
"104",105,"Head Before",105,1341,1224,20.232,13.488,-9864556,321
"105",106,"Head Before",106,1354,1155,23.803,15.868,-9732198,321
"106",107,"Head Before",107,1427,1107,29.617,19.745,-9402208,321
"107",108,"Head Before",108,1438,1086,8.037,5.358,-10388088,321
"108",109,"Head Before",109,1465,1079,9.456,6.304,-9928801,321
"109",110,"Head Before",110,1486,1090,8.037,5.358,-9996651,321
"110",111,"Head Before",111,1503,1088,5.803,3.868,-9797229,321
"111",112,"Head Before",112,1482,1096,7.618,5.079,-9009004,321
"112",113,"Head Before",113,1438,1146,22.579,15.052,-9796226,321
"113",114,"Head Before",114,1390,1203,25.262,16.841,-9862256,321
"114",115,"Head Before",115,1335,1272,29.913,19.942,-9337718,321
"115",116,"Head Before",116,1327,1241,10.853,7.236,-10263948,321
"116",117,"Head Before",117,1327,1218,7.797,5.198,-8945269,321
"117",118,"Head Before",118,1358,1192,13.716,9.144,-12817575,321
"118",119,"Head Before",119,1337,1184,7.618,5.079,-9534570,321
"119",120,"Head Before",120,1329,1186,2.795,1.864,-8814186,321
"120",121,"Head Before",121,1335,1163,8.058,5.372,-9274460,321
"121",122,"Head Before",122,1337,1138,8.502,5.668,-9272687,321
"122",123,"Head Before",123,1314,1117,10.558,7.039,-11314579,321
"123",124,"Head Before",124,1320,1121,2.445,1.63,-9471087,321
"124",125,"Head Before",125,1281,1192,27.461,18.307,-9533040,321
"125",126,"Head Before",126,1310,1216,12.761,8.507,-9599601,321
"126",127,"Head Before",127,1304,1182,11.704,7.803,-8814184,321
"127",128,"Head Before",128,1304,1180,0.678,0.452,-9863551,321
"128",129,"Head Before",129,1308,1182,1.516,1.011,-9732725,321
"129",130,"Head Before",130,1299,1157,9.007,6.005,-9666156,321
"130",131,"Head Before",131,1318,1153,6.582,4.388,-9995372,321
"131",132,"Head Before",132,1354,1165,12.864,8.576,-10519183,321
"132",133,"Head Before",133,1377,1142,11.027,7.351,-12035474,321
"133",134,"Head Before",134,1402,1146,8.583,5.722,-11898005,321
"134",135,"Head Before",135,1394,1174,9.872,6.581,-11181451,321
"135",136,"Head Before",136,1408,1188,6.712,4.475,-9729645,321
"136",137,"Head Before",137,1436,1197,9.97,6.647,-9599072,321
"137",138,"Head Before",138,1450,1190,5.306,3.537,-9796703,321
"138",139,"Head Before",139,1322,1295,56.124,37.416,-10517880,321
"139",140,"Head Before",140,1302,1153,48.613,32.409,-12227720,321
"140",141,"Head Before",141,1314,1155,4.124,2.749,-10126180,321
"141",142,"Head Before",142,1362,1121,19.941,13.294,-10254441,321
"142",143,"Head Before",143,1360,1098,7.826,5.218,-9995113,321
"143",144,"Head Before",144,1314,1100,15.609,10.406,-10322542,321
"144",145,"Head Before",145,1297,1088,7.054,4.703,-10453103,321
"145",146,"Head Before",146,1291,1071,6.111,4.074,-10059633,321
"146",147,"Head Before",147,1274,1046,10.249,6.833,-10520939,321
"147",148,"Head Before",148,1293,1042,6.582,4.388,-10388087,321
"148",149,"Head Before",149,1274,1052,7.279,4.852,-10385780,321
"149",150,"Head Before",150,1264,1052,3.39,2.26,-10653053,321
"150",151,"Head Before",151,1266,1046,2.144,1.429,-10256501,321
"151",152,"Head Before",152,1264,1052,2.144,1.429,-10387836,321
"152",153,"Head Before",153,1268,1052,1.356,0.904,-10191221,321
"153",154,"Head Before",154,1276,1048,3.032,2.021,-10256501,321
"154",155,"Head Before",155,1283,1044,2.733,1.822,-10124913,321
"155",156,"Head Before",156,1289,1044,2.034,1.356,-10190950,321
"156",157,"Head Before",157,1295,1050,2.877,1.918,-10060916,321
"157",158,"Head Before",158,1293,1052,0.959,0.639,-10717061,321
"158",159,"Head Before",159,1295,1052,0.678,0.452,-10060663,321
"159",160,"Head Before",160,1293,1050,0.959,0.639,-10059900,321
"160",161,"Head Before",161,1281,1031,7.618,5.079,-10256751,321
"161",162,"Head Before",162,1276,1021,3.79,2.527,-10123900,321
"162",163,"Head Before",163,1268,1014,3.604,2.402,-9927544,321
"163",164,"Head Before",164,1264,1002,4.288,2.859,-10258041,321
"164",165,"Head Before",165,1262,991,3.79,2.527,-9797239,321
"165",166,"Head Before",166,1266,983,3.032,2.021,-10058358,321
"166",167,"Head Before",167,1260,974,3.667,2.445,-9729629,321
"167",168,"Head Before",168,1247,964,5.56,3.707,-10586494,321
"168",169,"Head Before",169,1228,949,8.206,5.471,-10059130,321
"169",170,"Head Before",170,1213,939,6.111,4.074,-10057593,321
"170",171,"Head Before",171,1216,951,4.193,2.795,-10450545,321
"171",172,"Head Before",172,1216,947,1.356,0.904,-10192769,321
"172",173,"Head Before",173,1216,943,1.356,0.904,-9666443,321
"173",174,"Head Before",174,1216,943,0,0,-10124154,321
"174",175,"Head Before",175,1216,945,0.678,0.452,-10191746,321
"175",176,"Head Before",176,1220,945,1.356,0.904,-9667461,321
"176",178,"Tail Before",2,1352,1819,10.869,7.246,-11642002,321
"177",179,"Tail Before",3,1354,1746,24.756,16.504,-12035982,321
"178",180,"Tail Before",4,1364,1698,16.621,11.081,-12897713,321
"179",181,"Tail Before",5,1360,1637,20.723,13.816,-12166559,321
"180",182,"Tail Before",6,1367,1576,20.815,13.876,-12625835,321
"181",183,"Tail Before",7,1379,1524,18.091,12.061,-11177853,321
"182",184,"Tail Before",8,1373,1505,6.755,4.503,-10451836,321
"183",185,"Tail Before",9,1358,1461,15.759,10.506,-9536379,321
"184",186,"Tail Before",10,1373,1421,14.482,9.655,-11772800,321
"185",187,"Tail Before",11,1415,1337,31.837,21.225,-11516046,321
"186",188,"Tail Before",12,1432,1287,17.903,11.935,-9270115,321
"187",189,"Tail Before",13,1452,1278,7.435,4.957,-10123900,321
"188",190,"Tail Before",14,1484,1274,10.932,7.288,-10658944,321
"189",191,"Tail Before",15,1469,1283,5.93,3.953,-9673579,321
"190",192,"Tail Before",16,1471,1274,3.125,2.084,-10988409,321
"191",193,"Tail Before",17,1469,1260,4.794,3.196,-9928564,321
"192",194,"Tail Before",18,1490,1207,19.326,12.884,-9738869,321
"193",195,"Tail Before",19,1461,1201,10.039,6.693,-8551264,321
"194",196,"Tail Before",20,1452,1270,23.589,15.726,-10066052,321
"195",197,"Tail Before",21,1467,1289,8.206,5.471,-9470068,321
"196",198,"Tail Before",22,1461,1285,2.445,1.63,-11970720,321
"197",199,"Tail Before",23,1459,1293,2.795,1.864,-9735548,321
"198",200,"Tail Before",24,1463,1302,3.339,2.226,-12361387,321
"199",201,"Tail Before",25,1478,1295,5.611,3.741,-9799783,321
"200",202,"Tail Before",26,1492,1291,4.936,3.291,-9278572,321
"201",203,"Tail Before",27,1501,1287,3.339,2.226,-9864301,321
"202",204,"Tail Before",28,1503,1289,0.959,0.639,-9994345,321
"203",205,"Tail Before",29,1515,1283,4.548,3.032,-10194820,321
"204",206,"Tail Before",30,1505,1287,3.651,2.434,-11048846,321
"205",207,"Tail Before",31,1505,1304,5.763,3.842,-11777173,321
"206",208,"Tail Before",32,1507,1312,2.795,1.864,-11181461,321
"207",209,"Tail Before",33,1511,1327,5.263,3.508,-9142397,321
"208",210,"Tail Before",34,1513,1322,1.826,1.217,-9407612,321
"209",211,"Tail Before",35,1509,1316,2.445,1.63,-9604225,321
"210",212,"Tail Before",36,1505,1318,1.516,1.011,-11114380,321
"211",213,"Tail Before",37,1513,1331,5.175,3.45,-12363190,321
"212",214,"Tail Before",38,1520,1312,6.864,4.576,-10193052,321
"213",215,"Tail Before",39,1545,1306,8.716,5.81,-11899533,321
"214",216,"Tail Before",40,1545,1320,4.746,3.164,-11248527,321
"215",217,"Tail Before",41,1534,1343,8.643,5.762,-13093548,321
"216",218,"Tail Before",42,1515,1356,7.804,5.203,-12829349,321
"217",219,"Tail Before",43,1501,1358,4.794,3.196,-10653303,321
"218",220,"Tail Before",44,1469,1383,13.766,9.177,-11375761,321
"219",221,"Tail Before",45,1469,1381,0.678,0.452,-11770014,321
"220",222,"Tail Before",46,1465,1362,6.582,4.388,-12168887,321
"221",223,"Tail Before",47,1463,1362,0.678,0.452,-10394766,321
"222",224,"Tail Before",48,1452,1354,4.611,3.074,-10193781,321
"223",225,"Tail Before",49,1450,1360,2.144,1.429,-11965857,321
"224",226,"Tail Before",50,1450,1354,2.034,1.356,-12820912,321
"225",227,"Tail Before",51,1438,1364,5.295,3.53,-12034955,321
"226",228,"Tail Before",52,1436,1369,1.826,1.217,-11771550,321
"227",229,"Tail Before",53,1448,1375,4.548,3.032,-12760219,321
"228",230,"Tail Before",54,1442,1371,2.445,1.63,-12761515,321
"229",231,"Tail Before",55,1442,1369,0.678,0.452,-14667194,321
"230",232,"Tail Before",56,1446,1369,1.356,0.904,-12761515,321
"231",233,"Tail Before",57,1442,1329,13.628,9.085,-11768989,321
"232",234,"Tail Before",58,1446,1331,1.516,1.011,-11832469,321
"233",235,"Tail Before",59,1448,1327,1.516,1.011,-11375260,321
"234",236,"Tail Before",60,1448,1335,2.712,1.808,-12364457,321
"235",237,"Tail Before",61,1442,1333,2.144,1.429,-11510692,321
"236",238,"Tail Before",62,1434,1333,2.712,1.808,-10127764,321
"237",239,"Tail Before",63,1438,1331,1.516,1.011,-10652799,321
"238",240,"Tail Before",64,1436,1339,2.795,1.864,-10723220,321
"239",241,"Tail Before",65,1425,1335,3.968,2.645,-11906212,321
"240",242,"Tail Before",66,1427,1335,0.678,0.452,-12031907,321
"241",243,"Tail Before",67,1432,1339,2.171,1.447,-13349032,321
"242",244,"Tail Before",68,1425,1339,2.373,1.582,-11842463,321
"243",245,"Tail Before",69,1425,1343,1.356,0.904,-12363434,321
"244",246,"Tail Before",70,1425,1335,2.712,1.808,-11906455,321
"245",247,"Tail Before",71,1440,1350,7.191,4.794,-12165551,321
"246",248,"Tail Before",72,1440,1350,0,0,-11317151,321
"247",249,"Tail Before",73,1442,1350,0.678,0.452,-10986392,321
"248",250,"Tail Before",74,1450,1337,5.175,3.45,-10064012,321
"249",251,"Tail Before",75,1450,1337,0,0,-10587797,321
"250",252,"Tail Before",76,1452,1343,2.144,1.429,-10265501,321
"251",253,"Tail Before",77,1452,1346,1.017,0.678,-10461339,321
"252",254,"Tail Before",78,1446,1354,3.39,2.26,-10264740,321
"253",255,"Tail Before",79,1442,1356,1.516,1.011,-11902112,321
"254",256,"Tail Before",80,1436,1356,2.034,1.356,-10462089,321
"255",257,"Tail Before",81,1415,1379,10.558,7.039,-11309726,321
"256",258,"Tail Before",82,1411,1375,1.918,1.278,-12227746,321
"257",259,"Tail Before",83,1398,1387,5.998,3.998,-11836838,321
"258",260,"Tail Before",84,1421,1352,14.198,9.465,-13217697,321
"259",261,"Tail Before",85,1455,1352,11.526,7.684,-10781589,321
"260",262,"Tail Before",86,1492,1360,12.833,8.555,-11702942,321
"261",263,"Tail Before",87,1530,1362,12.9,8.6,-10260108,321
"262",264,"Tail Before",88,1499,1354,10.853,7.236,-9929867,321
"263",265,"Tail Before",89,1501,1348,2.144,1.429,-10389390,321
"264",266,"Tail Before",90,1513,1354,4.548,3.032,-9995674,321
"265",267,"Tail Before",91,1541,1367,10.465,6.977,-10453907,321
"266",268,"Tail Before",92,1551,1375,4.341,2.894,-11441564,321
"267",269,"Tail Before",93,1553,1371,1.516,1.011,-8356476,321
"268",270,"Tail Before",94,1553,1373,0.678,0.452,-9667710,321
"269",271,"Tail Before",95,1557,1375,1.516,1.011,-11115142,321
"270",272,"Tail Before",96,1559,1377,0.959,0.639,-12889778,321
"271",273,"Tail Before",97,1561,1381,1.516,1.011,-11056038,321
"272",274,"Tail Before",98,1576,1381,5.085,3.39,-11512996,321
"273",275,"Tail Before",99,1545,1274,37.765,25.176,-10325642,321
"274",276,"Tail Before",100,1480,1220,28.647,19.098,-13285036,321
"275",277,"Tail Before",101,1463,1222,5.803,3.868,-11832218,321
"276",278,"Tail Before",102,1448,1199,9.309,6.206,-11309718,321
"277",279,"Tail Before",103,1427,1188,8.037,5.358,-11572108,321
"278",280,"Tail Before",104,1417,1192,3.651,2.434,-13549475,321
"279",281,"Tail Before",105,1406,1197,4.096,2.731,-11377554,321
"280",282,"Tail Before",106,1404,1197,0.678,0.452,-10517389,321
"281",283,"Tail Before",107,1413,1174,8.373,5.582,-10455163,321
"282",284,"Tail Before",108,1415,1155,6.477,4.318,-11109265,321
"283",285,"Tail Before",109,1423,1144,4.611,3.074,-10197361,321
"284",286,"Tail Before",110,1434,1125,7.443,4.962,-10059657,321
"285",287,"Tail Before",111,1413,1100,11.068,7.379,-10327710,321
"286",288,"Tail Before",112,1423,1079,7.885,5.257,-12437160,321
"287",289,"Tail Before",113,1425,1083,1.516,1.011,-9733014,321
"288",290,"Tail Before",114,1425,1140,19.323,12.882,-10785172,321
"289",291,"Tail Before",115,1364,1207,30.716,20.478,-9140081,321
"290",292,"Tail Before",116,1371,1209,2.468,1.645,-10789527,321
"291",293,"Tail Before",117,1362,1213,3.339,2.226,-10131084,321
"292",294,"Tail Before",118,1369,1216,2.582,1.721,-11642531,321
"293",295,"Tail Before",119,1371,1216,0.678,0.452,-9539208,321
"294",296,"Tail Before",120,1371,1213,1.017,0.678,-8880514,321
"295",297,"Tail Before",121,1375,1211,1.516,1.011,-9736577,321
"296",298,"Tail Before",122,1371,1207,1.918,1.278,-11185054,321
"297",299,"Tail Before",123,1367,1207,1.356,0.904,-9801642,321
"298",300,"Tail Before",124,1369,1207,0.678,0.452,-10126731,321
"299",301,"Tail Before",125,1360,1201,3.667,2.445,-9797257,321
"300",302,"Tail Before",126,1360,1199,0.678,0.452,-10322829,321
"301",303,"Tail Before",127,1350,1190,4.561,3.041,-10193035,321
"302",304,"Tail Before",128,1356,1186,2.445,1.63,-9666174,321
"303",305,"Tail Before",129,1354,1186,0.678,0.452,-10257038,321
"304",306,"Tail Before",130,1356,1182,1.516,1.011,-9863048,321
"305",307,"Tail Before",131,1354,1186,1.516,1.011,-10257040,321
"306",308,"Tail Before",132,1360,1188,2.144,1.429,-10790315,321
"307",309,"Tail Before",133,1356,1180,3.032,2.021,-10521740,321
"308",310,"Tail Before",134,1358,1176,1.516,1.011,-10786721,321
"309",311,"Tail Before",135,1360,1180,1.516,1.011,-12759454,321
"310",312,"Tail Before",136,1367,1176,2.733,1.822,-10652802,321
"311",313,"Tail Before",137,1373,1184,3.39,2.26,-10782854,321
"312",314,"Tail Before",138,1385,1199,6.512,4.341,-10915720,321
"313",315,"Tail Before",139,1358,1234,14.985,9.99,-10850446,321
"314",316,"Tail Before",140,1333,1216,10.443,6.962,-10983333,321
"315",317,"Tail Before",141,1343,1218,3.457,2.305,-9271414,321
"316",318,"Tail Before",142,1339,1190,9.588,6.392,-11245707,321
"317",319,"Tail Before",143,1343,1172,6.251,4.167,-11048838,321
"318",320,"Tail Before",144,1341,1157,5.13,3.42,-11044990,321
"319",321,"Tail Before",145,1335,1153,2.445,1.63,-10389618,321
"320",322,"Tail Before",146,1327,1142,4.611,3.074,-11042692,321
"321",323,"Tail Before",147,1308,1100,15.627,10.418,-11507621,321
"322",324,"Tail Before",148,1310,1115,5.13,3.42,-10980502,321
"323",325,"Tail Before",149,1310,1111,1.356,0.904,-9929354,321
"324",326,"Tail Before",150,1310,1092,6.441,4.294,-10782605,321
"325",327,"Tail Before",151,1310,1092,0,0,-10585995,321
"326",328,"Tail Before",152,1314,1094,1.516,1.011,-10584463,321
"327",329,"Tail Before",153,1310,1094,1.356,0.904,-10059661,321
"328",330,"Tail Before",154,1310,1098,1.356,0.904,-10261389,321
"329",331,"Tail Before",155,1308,1094,1.516,1.011,-10258570,321
"330",332,"Tail Before",156,1310,1096,0.959,0.639,-11046796,321
"331",333,"Tail Before",157,1316,1109,4.854,3.236,-10716811,321
"332",334,"Tail Before",158,1314,1111,0.959,0.639,-10849425,321
"333",335,"Tail Before",159,1316,1113,0.959,0.639,-10455950,321
"334",336,"Tail Before",160,1316,1107,2.034,1.356,-9929616,321
"335",337,"Tail Before",161,1306,1096,5.04,3.36,-10718862,321
"336",338,"Tail Before",162,1299,1073,8.15,5.433,-9731975,321
"337",339,"Tail Before",163,1289,1071,3.457,2.305,-10782605,321
"338",340,"Tail Before",164,1289,1056,5.085,3.39,-10454667,321
"339",341,"Tail Before",165,1287,1039,5.803,3.868,-9929865,321
"340",342,"Tail Before",166,1285,1035,1.516,1.011,-10519173,321
"341",343,"Tail Before",167,1281,1031,1.918,1.278,-9927562,321
"342",344,"Tail Before",168,1281,1016,5.085,3.39,-10982794,321
"343",345,"Tail Before",169,1268,993,8.956,5.971,-10063224,321
"344",346,"Tail Before",170,1262,989,2.445,1.63,-8811651,321
"345",347,"Tail Before",171,1262,993,1.356,0.904,-9602445,321
"346",348,"Tail Before",172,1257,991,1.826,1.217,-10650256,321
"347",349,"Tail Before",173,1257,989,0.678,0.452,-12883093,321
"348",350,"Tail Before",174,1262,987,1.826,1.217,-11637905,321
"349",351,"Tail Before",175,1257,989,1.826,1.217,-13222074,321
"350",352,"Tail Before",176,1262,995,2.648,1.765,-11049097,321
"351",354,"Head After",178,1218,941,1.516,1.011,-10061951,321
"352",355,"Head After",179,1216,941,0.678,0.452,-10191219,321
"353",356,"Head After",180,1218,943,0.959,0.639,-10454140,321
"354",357,"Head After",181,1220,943,0.678,0.452,-9928827,321
"355",358,"Head After",182,1216,937,2.445,1.63,-9730419,321
"356",359,"Head After",183,1213,941,1.695,1.13,-9796726,321
"357",360,"Head After",184,1216,949,2.896,1.931,-9536902,321
"358",361,"Head After",185,1213,943,2.274,1.516,-9993856,321
"359",362,"Head After",186,1213,943,0,0,-9401466,321
"360",363,"Head After",187,1213,949,2.034,1.356,-10193018,321
"361",364,"Head After",188,1211,941,2.795,1.864,-9731185,321
"362",365,"Head After",189,1218,949,3.604,2.402,-10322807,321
"363",366,"Head After",190,1213,945,2.171,1.447,-9665402,321
"364",367,"Head After",191,1213,949,1.356,0.904,-9928841,321
"365",368,"Head After",192,1216,949,1.017,0.678,-10390154,321
"366",369,"Head After",193,1213,949,1.017,0.678,-9798522,321
"367",370,"Head After",194,1213,947,0.678,0.452,-8812161,321
"368",371,"Head After",195,1216,945,1.222,0.815,-9799023,321
"369",372,"Head After",196,1216,947,0.678,0.452,-10064255,321
"370",373,"Head After",197,1213,945,1.222,0.815,-10060425,321
"371",374,"Head After",198,1218,947,1.826,1.217,-9995137,321
"372",375,"Head After",199,1218,943,1.356,0.904,-9801844,321
"373",376,"Head After",200,1216,949,2.144,1.429,-9535358,321
"374",377,"Head After",201,1213,951,1.222,0.815,-10258820,321
"375",378,"Head After",202,1213,951,0,0,-9402986,321
"376",379,"Head After",203,1211,953,0.959,0.639,-9731714,321
"377",380,"Head After",204,1213,949,1.516,1.011,-9535610,321
"378",381,"Head After",205,1209,947,1.516,1.011,-10455949,321
"379",382,"Head After",206,1220,947,3.729,2.486,-9930619,321
"380",383,"Head After",207,1211,949,3.125,2.084,-10652542,321
"381",384,"Head After",208,1213,951,0.959,0.639,-9929077,321
"382",385,"Head After",209,1213,951,0,0,-10389897,321
"383",386,"Head After",210,1213,951,0,0,-9472114,321
"384",387,"Head After",211,1211,953,0.959,0.639,-10324615,321
"385",388,"Head After",212,1213,949,1.516,1.011,-9077113,321
"386",389,"Head After",213,1211,951,0.959,0.639,-9733503,321
"387",390,"Head After",214,1211,951,0,0,-9600898,321
"388",391,"Head After",215,1211,949,0.678,0.452,-9209479,321
"389",392,"Head After",216,1207,953,1.918,1.278,-9469314,321
"390",393,"Head After",217,1211,949,1.918,1.278,-9866118,321
"391",394,"Head After",218,1222,949,3.729,2.486,-10782341,321
"392",395,"Head After",219,1211,953,3.968,2.645,-9995390,321
"393",396,"Head After",220,1207,949,1.918,1.278,-9402749,321
"394",397,"Head After",221,1205,958,3.125,2.084,-10258319,321
"395",398,"Head After",222,1207,953,1.826,1.217,-9929346,321
"396",399,"Head After",223,1203,953,1.356,0.904,-9927287,321
"397",400,"Head After",224,1207,953,1.356,0.904,-9864839,321
"398",401,"Head After",225,1207,949,1.356,0.904,-9862530,321
"399",402,"Head After",226,1207,949,0,0,-10190459,321
"400",403,"Head After",227,1207,951,0.678,0.452,-9471348,321
"401",404,"Head After",228,1205,951,0.678,0.452,-10455947,321
"402",405,"Head After",229,1205,949,0.678,0.452,-10058879,321
"403",406,"Head After",230,1205,953,1.356,0.904,-10059651,321
"404",407,"Head After",231,1203,951,0.959,0.639,-10386797,321
"405",408,"Head After",232,1203,956,1.695,1.13,-10913919,321
"406",409,"Head After",233,1203,953,1.017,0.678,-10848646,321
"407",410,"Head After",234,1207,949,1.918,1.278,-9272676,321
"408",411,"Head After",235,1205,951,0.959,0.639,-10323332,321
"409",412,"Head After",236,1203,958,2.468,1.645,-10849668,321
"410",413,"Head After",237,1201,953,1.826,1.217,-9732725,321
"411",414,"Head After",238,1201,956,1.017,0.678,-10060152,321
"412",415,"Head After",239,1201,953,1.017,0.678,-10191989,321
"413",416,"Head After",240,1201,956,1.017,0.678,-10518642,321
"414",417,"Head After",241,1205,956,1.356,0.904,-9736310,321
"415",418,"Head After",242,1201,953,1.695,1.13,-10585977,321
"416",419,"Head After",243,1205,956,1.695,1.13,-9802621,321
"417",420,"Head After",244,1205,962,2.034,1.356,-9270392,321
"418",421,"Head After",245,1201,953,3.339,2.226,-10258545,321
"419",422,"Head After",246,1197,953,1.356,0.904,-9731185,321
"420",423,"Head After",247,1201,956,1.695,1.13,-10388088,321
"421",424,"Head After",248,1203,949,2.468,1.645,-10519432,321
"422",425,"Head After",249,1203,953,1.356,0.904,-9928572,321
"423",426,"Head After",250,1203,951,0.678,0.452,-9534067,321
"424",427,"Head After",251,1203,951,0,0,-9141380,321
"425",428,"Head After",252,1203,956,1.695,1.13,-9339008,321
"426",429,"Head After",253,1205,951,1.826,1.217,-9335661,321
"427",430,"Head After",254,1201,956,2.171,1.447,-9796728,321
"428",431,"Head After",255,1201,949,2.373,1.582,-9798279,321
"429",432,"Head After",256,1199,958,3.125,2.084,-9206144,321
"430",433,"Head After",257,1203,958,1.356,0.904,-9407598,321
"431",434,"Head After",258,1203,953,1.695,1.13,-8812906,321
"432",435,"Head After",259,1197,953,2.034,1.356,-9600612,321
"433",436,"Head After",260,1195,958,1.826,1.217,-9405294,321
"434",437,"Head After",261,1201,953,2.648,1.765,-9338733,321
"435",438,"Head After",262,1199,958,1.826,1.217,-9273985,321
"436",439,"Head After",263,1197,960,0.959,0.639,-10061179,321
"437",440,"Head After",264,1192,956,2.171,1.447,-9598328,321
"438",441,"Head After",265,1192,958,0.678,0.452,-9599350,321
"439",442,"Head After",266,1190,956,0.959,0.639,-10189169,321
"440",443,"Head After",267,1192,953,1.222,0.815,-9993858,321
"441",444,"Head After",268,1195,953,1.017,0.678,-10257030,321
"442",445,"Head After",269,1199,960,2.733,1.822,-10192514,321
"443",446,"Head After",270,1201,958,0.959,0.639,-9142146,321
"444",447,"Head After",271,1197,956,1.516,1.011,-9798520,321
"445",448,"Head After",272,1195,962,2.144,1.429,-10322821,321
"446",449,"Head After",273,1195,962,0,0,-10257287,321
"447",450,"Head After",274,1195,958,1.356,0.904,-11175284,321
"448",451,"Head After",275,1190,964,2.648,1.765,-10124413,321
"449",452,"Head After",276,1190,964,0,0,-10256009,321
"450",453,"Head After",277,1192,960,1.516,1.011,-10126725,321
"451",454,"Head After",278,1192,966,2.034,1.356,-10845566,321
"452",455,"Head After",279,1190,958,2.795,1.864,-10585223,321
"453",456,"Head After",280,1190,964,2.034,1.356,-10258832,321
"454",457,"Head After",281,1190,960,1.356,0.904,-10322294,321
"455",458,"Head After",282,1184,960,2.034,1.356,-10323599,321
"456",459,"Head After",283,1186,968,2.795,1.864,-10191736,321
"457",460,"Head After",284,1186,968,0,0,-10713972,321
"458",461,"Head After",285,1184,966,0.959,0.639,-10058873,321
"459",462,"Head After",286,1182,966,0.678,0.452,-10386555,321
"460",463,"Head After",287,1188,970,2.445,1.63,-9600898,321
"461",464,"Head After",288,1188,972,0.678,0.452,-9929352,321
"462",465,"Head After",289,1188,972,0,0,-10978695,321
"463",466,"Head After",290,1188,970,0.678,0.452,-10981755,321
"464",467,"Head After",291,1188,970,0,0,-10388347,321
"465",468,"Head After",292,1184,972,1.516,1.011,-11108728,321
"466",469,"Head After",293,1192,968,3.032,2.021,-9138806,321
"467",470,"Head After",294,1186,968,2.034,1.356,-10254457,321
"468",471,"Head After",295,1186,968,0,0,-10058610,321
"469",472,"Head After",296,1186,964,1.356,0.904,-10979975,321
"470",473,"Head After",297,1186,962,0.678,0.452,-10454667,321
"471",474,"Head After",298,1184,966,1.516,1.011,-10321279,321
"472",475,"Head After",299,1186,970,1.516,1.011,-10322805,321
"473",476,"Head After",300,1186,966,1.356,0.904,-10190459,321
"474",477,"Head After",301,1186,966,0,0,-9994634,321
"475",478,"Head After",302,1184,968,0.959,0.639,-10389140,321
"476",479,"Head After",303,1184,968,0,0,-10519414,321
"477",480,"Head After",304,1184,968,0,0,-10259332,321
"478",481,"Head After",305,1184,964,1.356,0.904,-10260609,321
"479",482,"Head After",306,1182,960,1.516,1.011,-9995656,321
"480",483,"Head After",307,1182,960,0,0,-9930096,321
"481",484,"Head After",308,1180,964,1.516,1.011,-9469832,321
"482",485,"Head After",309,1184,960,1.918,1.278,-10651268,321
"483",486,"Head After",310,1182,964,1.516,1.011,-10256489,321
"484",487,"Head After",311,1180,964,0.678,0.452,-9732488,321
"485",488,"Head After",312,1182,966,0.959,0.639,-10322556,321
"486",489,"Head After",313,1184,970,1.516,1.011,-9469817,321
"487",490,"Head After",314,1184,970,0,0,-10323073,321
"488",491,"Head After",315,1182,966,1.516,1.011,-9731947,321
"489",492,"Head After",316,1180,966,0.678,0.452,-9004374,321
"490",493,"Head After",317,1182,970,1.516,1.011,-10125701,321
"491",494,"Head After",318,1186,972,1.516,1.011,-9598328,321
"492",495,"Head After",319,1184,972,0.678,0.452,-10718066,321
"493",496,"Head After",320,1182,979,2.468,1.645,-11111049,321
"494",497,"Head After",321,1178,966,4.611,3.074,-11044739,321
"495",498,"Head After",322,1178,966,0,0,-10321281,321
"496",499,"Head After",323,1178,966,0,0,-10520200,321
"497",500,"Head After",324,1178,966,0,0,-10586494,321
"498",501,"Head After",325,1180,964,0.959,0.639,-11110795,321
"499",502,"Head After",326,1174,968,2.445,1.63,-10650495,321
"500",503,"Head After",327,1176,970,0.959,0.639,-10388098,321
"501",504,"Head After",328,1178,968,0.959,0.639,-10716290,321
"502",505,"Head After",329,1178,970,0.678,0.452,-10520460,321
"503",506,"Head After",330,1176,966,1.516,1.011,-9862268,321
"504",507,"Head After",331,1176,966,0,0,-10257279,321
"505",508,"Head After",332,1174,964,0.959,0.639,-9995899,321
"506",509,"Head After",333,1176,962,0.959,0.639,-10125189,321
"507",510,"Head After",334,1178,960,0.959,0.639,-10324604,321
"508",511,"Head After",335,1178,964,1.356,0.904,-10652038,321
"509",512,"Head After",336,1176,964,0.678,0.452,-9928047,321
"510",513,"Head After",337,1174,960,1.516,1.011,-10259330,321
"511",514,"Head After",338,1174,960,0,0,-10061430,321
"512",515,"Head After",339,1180,968,3.39,2.26,-10454894,321
"513",516,"Head After",340,1178,972,1.516,1.011,-10717314,321
"514",517,"Head After",341,1176,966,2.144,1.429,-9795961,321
"515",518,"Head After",342,1176,968,0.678,0.452,-10651008,321
"516",519,"Head After",343,1178,970,0.959,0.639,-10389370,321
"517",520,"Head After",344,1178,977,2.373,1.582,-9600363,321
"518",521,"Head After",345,1178,981,1.356,0.904,-9403503,321
"519",522,"Head After",346,1176,977,1.516,1.011,-10584953,321
"520",523,"Head After",347,1176,977,0,0,-9598579,321
"521",524,"Head After",348,1176,977,0,0,-10388365,321
"522",525,"Head After",349,1176,977,0,0,-9795961,321
"523",526,"Head After",350,1176,977,0,0,-9861231,321
"524",527,"Head After",351,1176,972,1.695,1.13,-9402748,321
"525",528,"Head After",352,1176,974,0.678,0.452,-10060932,321
"526",529,"Head After",353,1172,977,1.695,1.13,-9731197,321
"527",531,"Tail After",178,1260,995,0.678,0.452,-10457741,321
"528",532,"Tail After",179,1260,995,0,0,-10261129,321
"529",533,"Tail After",180,1260,995,0,0,-9670258,321
"530",534,"Tail After",181,1260,995,0,0,-10459273,321
"531",535,"Tail After",182,1260,995,0,0,-10192021,321
"532",536,"Tail After",183,1260,995,0,0,-9800599,321
"533",537,"Tail After",184,1260,995,0,0,-10650508,321
"534",538,"Tail After",185,1257,993,1.222,0.815,-11046804,321
"535",539,"Tail After",186,1257,993,0,0,-10257808,321
"536",540,"Tail After",187,1255,991,0.959,0.639,-10128791,321
"537",541,"Tail After",188,1255,995,1.356,0.904,-10456209,321
"538",542,"Tail After",189,1257,998,1.222,0.815,-10717841,321
"539",543,"Tail After",190,1257,995,1.017,0.678,-10655618,321
"540",544,"Tail After",191,1257,995,0,0,-10394760,321
"541",545,"Tail After",192,1260,995,1.017,0.678,-10324862,321
"542",546,"Tail After",193,1257,998,1.438,0.959,-10916239,321
"543",547,"Tail After",194,1257,998,0,0,-10387084,321
"544",548,"Tail After",195,1257,998,0,0,-10656137,321
"545",549,"Tail After",196,1253,998,1.356,0.904,-10785417,321
"546",550,"Tail After",197,1253,998,0,0,-10258571,321
"547",551,"Tail After",198,1253,1000,0.678,0.452,-10193779,321
"548",552,"Tail After",199,1253,998,0.678,0.452,-9730433,321
"549",553,"Tail After",200,1255,995,1.222,0.815,-10194038,321
"550",554,"Tail After",201,1255,995,0,0,-10785172,321
"551",555,"Tail After",202,1255,998,1.017,0.678,-10324876,321
"552",556,"Tail After",203,1255,998,0,0,-10454659,321
"553",557,"Tail After",204,1253,995,1.222,0.815,-10455688,321
"554",558,"Tail After",205,1251,995,0.678,0.452,-10914442,321
"555",559,"Tail After",206,1251,998,1.017,0.678,-10916993,321
"556",560,"Tail After",207,1253,998,0.678,0.452,-10519420,321
"557",561,"Tail After",208,1253,998,0,0,-9864842,321
"558",562,"Tail After",209,1251,995,1.222,0.815,-10653075,321
"559",563,"Tail After",210,1251,995,0,0,-10060942,321
"560",564,"Tail After",211,1253,998,1.222,0.815,-10848649,321
"561",565,"Tail After",212,1253,995,1.017,0.678,-9271422,321
"562",566,"Tail After",213,1253,995,0,0,-9470608,321
"563",567,"Tail After",214,1253,995,0,0,-10322570,321
"564",568,"Tail After",215,1253,995,0,0,-9994116,321
"565",569,"Tail After",216,1253,995,0,0,-10716809,321
"566",570,"Tail After",217,1253,995,0,0,-11046806,321
"567",571,"Tail After",218,1253,995,0,0,-11045515,321
"568",572,"Tail After",219,1253,995,0,0,-10980735,321
"569",573,"Tail After",220,1253,995,0,0,-10718369,321
"570",574,"Tail After",221,1253,995,0,0,-10453637,321
"571",575,"Tail After",222,1253,995,0,0,-10913937,321
"572",576,"Tail After",223,1253,995,0,0,-10321279,321
"573",577,"Tail After",224,1253,995,0,0,-10059924,321
"574",578,"Tail After",225,1253,995,0,0,-10651796,321
"575",579,"Tail After",226,1253,995,0,0,-10848395,321
"576",580,"Tail After",227,1253,995,0,0,-10322572,321
"577",581,"Tail After",228,1253,995,0,0,-11176842,321
"578",582,"Tail After",229,1253,995,0,0,-10979712,321
"579",583,"Tail After",230,1253,995,0,0,-10127762,321
"580",584,"Tail After",231,1253,995,0,0,-10716562,321
"581",585,"Tail After",232,1253,995,0,0,-11242896,321
"582",586,"Tail After",233,1253,995,0,0,-11901073,321
"583",587,"Tail After",234,1253,995,0,0,-10586001,321
"584",588,"Tail After",235,1253,995,0,0,-10720662,321
"585",589,"Tail After",236,1253,995,0,0,-10653085,321
"586",590,"Tail After",237,1253,995,0,0,-10061466,321
"587",591,"Tail After",238,1253,995,0,0,-10390934,321
"588",592,"Tail After",239,1253,995,0,0,-10454666,321
"589",593,"Tail After",240,1253,995,0,0,-9929102,321
"590",594,"Tail After",241,1253,995,0,0,-9731985,321
"591",595,"Tail After",242,1253,995,0,0,-10126994,321
"592",596,"Tail After",243,1253,995,0,0,-10456211,321
"593",597,"Tail After",244,1253,995,0,0,-10255750,321
"594",598,"Tail After",245,1253,995,0,0,-9930381,321
"595",599,"Tail After",246,1253,995,0,0,-10652825,321
"596",600,"Tail After",247,1253,995,0,0,-10716803,321
"597",601,"Tail After",248,1253,995,0,0,-10259097,321
"598",602,"Tail After",249,1253,995,0,0,-10586773,321
"599",603,"Tail After",250,1253,995,0,0,-11113101,321
"600",604,"Tail After",251,1253,995,0,0,-10849173,321
"601",605,"Tail After",252,1253,995,0,0,-11505286,321
"602",606,"Tail After",253,1253,995,0,0,-10650767,321
"603",607,"Tail After",254,1253,995,0,0,-10059408,321
"604",608,"Tail After",255,1253,995,0,0,-10128022,321
"605",609,"Tail After",256,1253,995,0,0,-10261381,321
"606",610,"Tail After",257,1253,995,0,0,-10654104,321
"607",611,"Tail After",258,1253,995,0,0,-9734303,321
"608",612,"Tail After",259,1251,995,0.678,0.452,-9337468,321
"609",613,"Tail After",260,1251,995,0,0,-9470065,321
"610",614,"Tail After",261,1255,993,1.516,1.011,-10456207,321
"611",615,"Tail After",262,1253,995,0.959,0.639,-10458527,321
"612",616,"Tail After",263,1253,995,0,0,-9932173,321
"613",617,"Tail After",264,1253,995,0,0,-10393741,321
"614",618,"Tail After",265,1253,995,0,0,-10979714,321
"615",619,"Tail After",266,1253,995,0,0,-10587784,321
"616",620,"Tail After",267,1253,995,0,0,-10191991,321
"617",621,"Tail After",268,1253,995,0,0,-10589342,321
"618",622,"Tail After",269,1253,998,1.017,0.678,-9997965,321
"619",623,"Tail After",270,1253,995,1.017,0.678,-10455436,321
"620",624,"Tail After",271,1253,995,0,0,-10064285,321
"621",625,"Tail After",272,1253,995,0,0,-10126725,321
"622",626,"Tail After",273,1253,995,0,0,-9402497,321
"623",627,"Tail After",274,1255,998,1.222,0.815,-11048344,321
"624",628,"Tail After",275,1253,998,0.678,0.452,-9539198,321
"625",629,"Tail After",276,1253,998,0,0,-9865871,321
"626",630,"Tail After",277,1255,995,1.222,0.815,-10454936,321
"627",631,"Tail After",278,1255,995,0,0,-10916239,321
"628",632,"Tail After",279,1255,995,0,0,-9995145,321
"629",633,"Tail After",280,1255,995,0,0,-9995660,321
"630",634,"Tail After",281,1253,995,0.678,0.452,-10587535,321
"631",635,"Tail After",282,1253,995,0,0,-10723734,321
"632",636,"Tail After",283,1253,995,0,0,-10001029,321
"633",637,"Tail After",284,1253,995,0,0,-10324625,321
"634",638,"Tail After",285,1253,995,0,0,-10256763,321
"635",639,"Tail After",286,1253,995,0,0,-10194068,321
"636",640,"Tail After",287,1251,995,0.678,0.452,-10260098,321
"637",641,"Tail After",288,1253,998,1.222,0.815,-10129302,321
"638",642,"Tail After",289,1253,995,1.017,0.678,-10258568,321
"639",643,"Tail After",290,1253,995,0,0,-10394491,321
"640",644,"Tail After",291,1253,995,0,0,-10259581,321
"641",645,"Tail After",292,1253,995,0,0,-10390406,321
"642",646,"Tail After",293,1253,995,0,0,-9863056,321
"643",647,"Tail After",294,1253,995,0,0,-9995398,321
"644",648,"Tail After",295,1253,995,0,0,-10058882,321
"645",649,"Tail After",296,1253,995,0,0,-10651535,321
"646",650,"Tail After",297,1253,995,0,0,-9667463,321
"647",651,"Tail After",298,1253,995,0,0,-10128273,321
"648",652,"Tail After",299,1253,998,1.017,0.678,-11177863,321
"649",653,"Tail After",300,1253,993,1.695,1.13,-9928841,321
"650",654,"Tail After",301,1253,993,0,0,-9732475,321
"651",655,"Tail After",302,1251,998,1.826,1.217,-10914705,321
"652",656,"Tail After",303,1251,993,1.695,1.13,-9863812,321
"653",657,"Tail After",304,1253,993,0.678,0.452,-9930385,321
"654",658,"Tail After",305,1253,993,0,0,-10258057,321
"655",659,"Tail After",306,1253,993,0,0,-9801869,321
"656",660,"Tail After",307,1257,995,1.516,1.011,-9995408,321
"657",661,"Tail After",308,1257,995,0,0,-9402759,321
"658",662,"Tail After",309,1257,993,0.678,0.452,-9665920,321
"659",663,"Tail After",310,1255,993,0.678,0.452,-10456190,321
"660",664,"Tail After",311,1253,993,0.678,0.452,-10457988,321
"661",665,"Tail After",312,1253,993,0,0,-9998995,321
"662",666,"Tail After",313,1255,995,0.959,0.639,-11111819,321
"663",667,"Tail After",314,1255,995,0,0,-9665168,321
"664",668,"Tail After",315,1255,993,0.678,0.452,-10392983,321
"665",669,"Tail After",316,1255,995,0.678,0.452,-9007450,321
"666",670,"Tail After",317,1255,993,0.678,0.452,-9865352,321
"667",671,"Tail After",318,1255,993,0,0,-8746610,321
"668",672,"Tail After",319,1255,993,0,0,-9668992,321
"669",673,"Tail After",320,1255,995,0.678,0.452,-11378079,321
"670",674,"Tail After",321,1255,995,0,0,-11115419,321
"671",675,"Tail After",322,1255,995,0,0,-10654108,321
"672",676,"Tail After",323,1255,995,0,0,-10654368,321
"673",677,"Tail After",324,1255,995,0,0,-10851483,321
"674",678,"Tail After",325,1251,995,1.356,0.904,-9735037,321
"675",679,"Tail After",326,1253,995,0.678,0.452,-10789014,321
"676",680,"Tail After",327,1253,995,0,0,-9930886,321
"677",681,"Tail After",328,1253,995,0,0,-10128789,321
"678",682,"Tail After",329,1253,995,0,0,-10654607,321
"679",683,"Tail After",330,1253,993,0.678,0.452,-10652548,321
"680",684,"Tail After",331,1253,998,1.695,1.13,-11184536,321
"681",685,"Tail After",332,1253,995,1.017,0.678,-10520964,321
"682",686,"Tail After",333,1253,995,0,0,-9931887,321
"683",687,"Tail After",334,1253,995,0,0,-9671824,321
"684",688,"Tail After",335,1253,995,0,0,-10918030,321
"685",689,"Tail After",336,1251,995,0.678,0.452,-10257036,321
"686",690,"Tail After",337,1253,995,0.678,0.452,-9932677,321
"687",691,"Tail After",338,1253,995,0,0,-10265492,321
"688",692,"Tail After",339,1253,995,0,0,-10983825,321
"689",693,"Tail After",340,1253,995,0,0,-10918808,321
"690",694,"Tail After",341,1253,995,0,0,-9797507,321
"691",695,"Tail After",342,1253,995,0,0,-10125720,321
"692",696,"Tail After",343,1251,998,1.222,0.815,-9144966,321
"693",697,"Tail After",344,1253,993,1.826,1.217,-10918030,321
"694",698,"Tail After",345,1253,995,0.678,0.452,-9536134,321
"695",699,"Tail After",346,1251,1000,1.826,1.217,-10001299,321
"696",700,"Tail After",347,1251,998,0.678,0.452,-9077620,321
"697",701,"Tail After",348,1253,995,1.222,0.815,-11904672,321
"698",702,"Tail After",349,1253,995,0,0,-10981260,321
"699",703,"Tail After",350,1253,995,0,0,-11637403,321
"700",704,"Tail After",351,1255,989,2.144,1.429,-9663864,321
"701",705,"Tail After",352,1255,991,0.678,0.452,-10588822,321
"702",706,"Tail After",353,1255,993,0.678,0.452,-9277817,321
"1",2,"Head Before",2,998,1671,47.558,31.705,-8357729,411
"2",3,"Head Before",3,1048,1614,25.704,17.136,-7048001,411
"3",4,"Head Before",4,1092,1501,41.109,27.406,-7495524,411
"4",5,"Head Before",5,1130,1444,23.223,15.482,-8225624,411
"5",6,"Head Before",6,1159,1446,9.854,6.57,-9667177,411
"6",7,"Head Before",7,1241,1417,29.485,19.657,-9539681,411
"7",8,"Head Before",8,1348,1375,38.967,25.978,-9072475,411
"8",9,"Head Before",9,1476,1358,43.773,29.182,-9406072,411
"9",10,"Head Before",10,1524,1400,21.622,14.414,-10388612,411
"10",11,"Head Before",11,1572,1434,19.941,13.294,-9602679,411
"11",12,"Head Before",12,1578,1436,2.144,1.429,-9929847,411
"12",13,"Head Before",13,1576,1444,2.795,1.864,-10259574,411
"13",14,"Head Before",14,1591,1467,9.309,6.206,-9798771,411
"14",15,"Head Before",15,1597,1480,4.854,3.236,-10127998,411
"15",16,"Head Before",16,1616,1446,13.204,8.802,-9732989,411
"16",17,"Head Before",17,1620,1434,4.288,2.859,-10256250,411
"17",18,"Head Before",18,1620,1411,7.797,5.198,-10715770,411
"18",19,"Head Before",19,1629,1404,3.865,2.577,-10126204,411
"19",20,"Head Before",20,1629,1413,3.051,2.034,-10323835,411
"20",21,"Head Before",21,1654,1415,8.502,5.668,-7568742,411
"21",22,"Head Before",22,1662,1404,4.611,3.074,-6848089,411
"22",23,"Head Before",23,1668,1394,3.953,2.636,-10521214,411
"23",24,"Head Before",24,1668,1394,0,0,-10586755,411
"24",25,"Head Before",25,1652,1404,6.396,4.264,-10193540,411
"25",26,"Head Before",26,1647,1419,5.36,3.573,-9667961,411
"26",27,"Head Before",27,1658,1408,5.274,3.516,-10322821,411
"27",28,"Head Before",28,1666,1396,4.889,3.259,-10522754,411
"28",29,"Head Before",29,1666,1381,5.085,3.39,-10323835,411
"29",30,"Head Before",30,1671,1383,1.826,1.217,-10060411,411
"30",31,"Head Before",31,1706,1383,11.865,7.91,-10256751,411
"31",32,"Head Before",32,1767,1367,21.379,14.252,-8618596,411
"32",33,"Head Before",33,1803,1337,15.886,10.591,-8619624,411
"33",34,"Head Before",34,1811,1308,10.198,6.799,-10126455,411
"34",35,"Head Before",35,1821,1276,11.365,7.577,-10455171,411
"35",36,"Head Before",36,1826,1264,4.407,2.938,-10325367,411
"36",37,"Head Before",37,1840,1237,10.31,6.874,-10455411,411
"37",38,"Head Before",38,1863,1165,25.623,17.082,-9471849,411
"38",39,"Head Before",39,1868,1167,1.826,1.217,-9538408,411
"39",40,"Head Before",40,1872,1107,20.385,13.59,-8554597,411
"40",41,"Head Before",41,1830,1042,26.235,17.49,-8745341,411
"41",42,"Head Before",42,1792,995,20.489,13.659,-9535848,411
"42",43,"Head Before",43,1763,909,30.767,20.511,-7830361,411
"43",44,"Head Before",44,1767,842,22.753,15.169,-5004855,411
"44",45,"Head Before",45,1740,788,20.467,13.644,-9076075,411
"45",46,"Head Before",46,1694,798,15.958,10.639,-7307877,411
"46",47,"Head Before",47,1666,784,10.612,7.075,-9734008,411
"47",48,"Head Before",48,1637,786,9.854,6.57,-10257531,411
"48",49,"Head Before",49,1633,782,1.918,1.278,-10585466,411
"49",50,"Head Before",50,1637,775,2.733,1.822,-9796479,411
"50",51,"Head Before",51,1645,765,4.341,2.894,-9862779,411
"51",52,"Head Before",52,1641,775,3.651,2.434,-9864323,411
"52",53,"Head Before",53,1637,782,2.733,1.822,-9143421,411
"53",54,"Head Before",54,1635,779,1.222,0.815,-10585213,411
"54",55,"Head Before",55,1637,769,3.457,2.305,-10782846,411
"55",56,"Head Before",56,1616,775,7.404,4.936,-9931386,411
"56",57,"Head Before",57,1606,782,4.138,2.759,-9341819,411
"57",58,"Head Before",58,1608,807,8.502,5.668,-10193026,411
"58",59,"Head Before",59,1606,809,0.959,0.639,-9277057,411
"59",60,"Head Before",60,1612,811,2.144,1.429,-6847837,411
"60",61,"Head Before",61,1582,847,15.886,10.591,-8483689,411
"61",62,"Head Before",62,1557,901,20.173,13.448,-8946810,411
"62",63,"Head Before",63,1541,951,17.797,11.864,-9076856,411
"63",64,"Head Before",64,1536,983,10.98,7.32,-9930616,411
"64",65,"Head Before",65,1530,1029,15.726,10.484,-8749684,411
"65",66,"Head Before",66,1515,1077,17.048,11.365,-9666425,411
"66",67,"Head Before",67,1532,1132,19.515,13.01,-7698021,411
"67",68,"Head Before",68,1536,1186,18.356,12.237,-9139048,411
"68",69,"Head Before",69,1528,1239,18.171,12.114,-8288353,411
"69",70,"Head Before",70,1517,1302,21.68,14.453,-8614756,411
"70",71,"Head Before",71,1532,1360,20.309,13.539,-8553843,411
"71",72,"Head Before",72,1549,1423,22.121,14.747,-9400941,411
"72",73,"Head Before",73,1585,1480,22.854,15.236,-9274737,411
"73",74,"Head Before",74,1585,1482,0.678,0.452,-10062723,411
"74",75,"Head Before",75,1578,1490,3.604,2.402,-9863553,411
"75",76,"Head Before",76,1576,1486,1.516,1.011,-9405292,411
"76",77,"Head Before",77,1576,1499,4.407,2.938,-9862773,411
"77",78,"Head Before",78,1568,1490,4.082,2.721,-8358006,411
"78",79,"Head Before",79,1557,1490,3.729,2.486,-8487020,411
"79",80,"Head Before",80,1549,1488,2.795,1.864,-7898223,411
"80",81,"Head Before",81,1572,1490,7.826,5.218,-10721680,411
"81",82,"Head Before",82,1582,1497,4.138,2.759,-9800838,411
"82",83,"Head Before",83,1591,1522,9.007,6.005,-10257279,411
"83",84,"Head Before",84,1631,1570,21.181,14.121,-9867647,411
"84",85,"Head Before",85,1666,1601,15.85,10.567,-8423043,411
"85",86,"Head Before",86,1685,1595,6.755,4.503,-9537911,411
"86",87,"Head Before",87,1715,1614,12.038,8.025,-8947071,411
"87",88,"Head Before",88,1740,1626,9.401,6.267,-9865601,411
"88",89,"Head Before",89,1769,1639,10.774,7.182,-9671821,411
"89",90,"Head Before",90,1771,1643,1.516,1.011,-7571562,411
"90",91,"Head Before",91,1830,1666,21.467,14.311,-9931397,411
"91",92,"Head Before",92,1868,1715,21.021,14.014,-9802121,411
"92",93,"Head Before",93,1834,1731,12.738,8.492,-10325642,411
"93",94,"Head Before",94,1849,1756,9.883,6.589,-9340295,411
"94",95,"Head Before",95,1834,1750,5.477,3.651,-9866876,411
"95",96,"Head Before",96,1847,1752,4.459,2.973,-9666693,411
"96",97,"Head Before",97,1821,1767,10.176,6.784,-9472126,411
"97",98,"Head Before",98,1821,1790,7.797,5.198,-8751749,411
"98",99,"Head Before",99,1824,1834,14.951,9.967,-8871533,411
"99",100,"Head Before",100,1828,1847,4.611,3.074,-5931365,411
"100",101,"Head Before",101,1845,1830,8.15,5.433,-10851735,411
"101",102,"Head Before",102,1836,1819,4.818,3.212,-12621726,411
"102",103,"Head Before",103,1851,1813,5.477,3.651,-11506592,411
"103",104,"Head Before",104,1828,1811,7.826,5.218,-12691128,411
"104",105,"Head Before",105,1840,1796,6.512,4.341,-8816764,411
"105",106,"Head Before",106,1828,1786,5.295,3.53,-13947311,411
"106",107,"Head Before",107,1796,1775,11.471,7.647,-11645891,411
"107",108,"Head Before",108,1784,1773,4.124,2.749,-12749183,411
"108",109,"Head Before",109,1771,1780,5.005,3.337,-10855856,411
"109",110,"Head Before",110,1746,1752,12.725,8.483,-9803148,411
"110",111,"Head Before",111,1729,1746,6.111,4.074,-9864061,411
"111",112,"Head Before",112,1698,1723,13.086,8.724,-8093803,411
"112",113,"Head Before",113,1698,1681,14.238,9.492,-8027239,411
"113",114,"Head Before",114,1700,1666,5.13,3.42,-8688240,411
"114",115,"Head Before",115,1706,1660,2.877,1.918,-8878707,411
"115",116,"Head Before",116,1727,1635,11.068,7.379,-8559736,411
"116",117,"Head Before",117,1744,1616,8.643,5.762,-9263740,411
"117",118,"Head Before",118,1740,1603,4.611,3.074,-11513535,411
"118",119,"Head Before",119,1748,1610,3.604,2.402,-11184552,411
"119",120,"Head Before",120,1756,1608,2.795,1.864,-7568542,411
"120",122,"Tail Before",2,995,1765,40.411,26.94,-3947830,411
"121",123,"Tail Before",3,979,1689,26.329,17.553,-11838640,411
"122",124,"Tail Before",4,1071,1587,46.565,31.044,-7155776,411
"123",125,"Tail Before",5,1083,1513,25.414,16.942,-12957891,411
"124",126,"Tail Before",6,1096,1503,5.56,3.707,-8828298,411
"125",127,"Tail Before",7,1172,1459,29.77,19.847,-13806780,411
"126",128,"Tail Before",8,1281,1394,43.022,28.682,-13479830,411
"127",129,"Tail Before",9,1394,1373,38.963,25.975,-10076335,411
"128",130,"Tail Before",10,1448,1398,20.173,13.448,-15452591,411
"129",131,"Tail Before",11,1501,1411,18.5,12.333,-13802938,411
"130",132,"Tail Before",12,1505,1408,1.695,1.13,-16373461,411
"131",133,"Tail Before",13,1515,1411,3.539,2.36,-10454970,411
"132",134,"Tail Before",14,1530,1415,5.263,3.508,-9877672,411
"133",135,"Tail Before",15,1543,1421,4.854,3.236,-9399148,411
"134",136,"Tail Before",16,1549,1404,6.111,4.074,-10859922,411
"135",137,"Tail Before",17,1547,1402,0.959,0.639,-8672339,411
"136",138,"Tail Before",18,1536,1404,3.79,2.527,-14995654,411
"137",139,"Tail Before",19,1549,1413,5.36,3.573,-10015921,411
"138",140,"Tail Before",20,1547,1400,4.459,2.973,-8351353,411
"139",141,"Tail Before",21,1576,1392,10.198,6.799,-11582629,411
"140",142,"Tail Before",22,1585,1402,4.561,3.041,-8345191,411
"141",143,"Tail Before",23,1591,1396,2.877,1.918,-8422536,411
"142",144,"Tail Before",24,1580,1398,3.79,2.527,-14403770,411
"143",145,"Tail Before",25,1564,1394,5.591,3.727,-11497863,411
"144",146,"Tail Before",26,1574,1394,3.39,2.26,-10926002,411
"145",147,"Tail Before",27,1580,1385,3.667,2.445,-12829636,411
"146",148,"Tail Before",28,1585,1394,3.49,2.327,-12891844,411
"147",149,"Tail Before",29,1587,1390,1.516,1.011,-8492213,411
"148",150,"Tail Before",30,1591,1385,2.171,1.447,-13688269,411
"149",151,"Tail Before",31,1626,1375,12.34,8.227,-7117704,411
"150",152,"Tail Before",32,1694,1381,23.142,15.428,-11440809,411
"151",153,"Tail Before",33,1729,1364,13.191,8.794,-13345190,411
"152",154,"Tail Before",34,1752,1360,7.914,5.276,-15719389,411
"153",155,"Tail Before",35,1773,1335,11.068,7.379,-15323592,411
"154",156,"Tail Before",36,1782,1337,3.125,2.084,-14335945,411
"155",157,"Tail Before",37,1798,1304,12.433,8.288,-15055564,411
"156",158,"Tail Before",38,1849,1237,28.545,19.03,-16439761,411
"157",159,"Tail Before",39,1851,1237,0.678,0.452,-15583945,411
"158",160,"Tail Before",40,1859,1178,20.184,13.456,-13411745,411
"159",161,"Tail Before",41,1855,1102,25.8,17.2,-9340315,411
"160",162,"Tail Before",42,1832,1060,16.233,10.822,-5916743,411
"161",163,"Tail Before",43,1782,981,31.694,21.129,-15850209,411
"162",164,"Tail Before",44,1782,916,22.035,14.69,-16437696,411
"163",165,"Tail Before",45,1767,861,19.326,12.884,-11839143,411
"164",166,"Tail Before",46,1746,842,9.6,6.4,-15522262,411
"165",167,"Tail Before",47,1731,817,9.883,6.589,-13280446,411
"166",168,"Tail Before",48,1706,803,9.713,6.476,-12690091,411
"167",169,"Tail Before",49,1702,796,2.733,1.822,-9337494,411
"168",170,"Tail Before",50,1710,805,4.082,2.721,-14733522,411
"169",171,"Tail Before",51,1712,803,0.959,0.639,-13478075,411
"170",172,"Tail Before",52,1715,803,1.017,0.678,-11903671,411
"171",173,"Tail Before",53,1708,811,3.604,2.402,-14800095,411
"172",174,"Tail Before",54,1712,807,1.918,1.278,-13099481,411
"173",175,"Tail Before",55,1704,803,3.032,2.021,-12221335,411
"174",176,"Tail Before",56,1689,796,5.611,3.741,-15319752,411
"175",177,"Tail Before",57,1677,794,4.124,2.749,-11700124,411
"176",178,"Tail Before",58,1673,807,4.611,3.074,-13619150,411
"177",179,"Tail Before",59,1681,803,3.032,2.021,-12628399,411
"178",180,"Tail Before",60,1681,798,1.695,1.13,-14598599,411
"179",181,"Tail Before",61,1650,813,11.675,7.783,-13736876,411
"180",182,"Tail Before",62,1610,840,16.36,10.907,-8078444,411
"181",183,"Tail Before",63,1578,882,17.9,11.933,-15981270,411
"182",184,"Tail Before",64,1564,912,11.223,7.482,-14926803,411
"183",185,"Tail Before",65,1553,958,16.034,10.689,-14474961,411
"184",186,"Tail Before",66,1541,1004,16.116,10.744,-15051170,411
"185",187,"Tail Before",67,1536,1048,15.012,10.008,-14138315,411
"186",188,"Tail Before",68,1538,1102,18.319,12.212,-15318728,411
"187",189,"Tail Before",69,1543,1159,19.397,12.931,-12359584,411
"188",190,"Tail Before",70,1545,1218,20.012,13.342,-16111552,411
"189",191,"Tail Before",71,1541,1278,20.385,13.59,-13014954,411
"190",192,"Tail Before",72,1551,1341,21.624,14.416,-13413804,411
"191",193,"Tail Before",73,1557,1406,22.129,14.752,-12169134,411
"192",194,"Tail Before",74,1557,1406,0,0,-13614522,411
"193",195,"Tail Before",75,1561,1411,2.171,1.447,-12764095,411
"194",196,"Tail Before",76,1557,1406,2.171,1.447,-13216185,411
"195",197,"Tail Before",77,1557,1417,3.729,2.486,-13148078,411
"196",198,"Tail Before",78,1555,1408,3.125,2.084,-7177054,411
"197",199,"Tail Before",79,1557,1413,1.826,1.217,-11576183,411
"198",200,"Tail Before",80,1555,1406,2.468,1.645,-10329763,411
"199",201,"Tail Before",81,1553,1415,3.125,2.084,-9010035,411
"200",202,"Tail Before",82,1547,1408,3.125,2.084,-10578812,411
"201",203,"Tail Before",83,1553,1440,11.037,7.358,-12625588,411
"202",204,"Tail Before",84,1585,1499,22.753,15.169,-13345190,411
"203",205,"Tail Before",85,1614,1538,16.476,10.984,-12828355,411
"204",206,"Tail Before",86,1622,1547,4.082,2.721,-14802387,411
"205",207,"Tail Before",87,1643,1574,11.596,7.73,-9022882,411
"206",208,"Tail Before",88,1668,1587,9.552,6.368,-7243637,411
"207",209,"Tail Before",89,1691,1606,10.113,6.742,-6250901,411
"208",210,"Tail Before",90,1691,1606,0,0,-12950450,411
"209",211,"Tail Before",91,1748,1637,21.996,14.664,-11433367,411
"210",212,"Tail Before",92,1813,1643,22.129,14.752,-12964077,411
"211",213,"Tail Before",93,1821,1647,3.032,2.021,-10522255,411
"212",214,"Tail Before",94,1826,1675,9.642,6.428,-9469332,411
"213",215,"Tail Before",95,1828,1671,1.516,1.011,-13091781,411
"214",216,"Tail Before",96,1834,1675,2.445,1.63,-11965119,411
"215",217,"Tail Before",97,1834,1679,1.356,0.904,-13795228,411
"216",218,"Tail Before",98,1832,1702,7.826,5.218,-8611954,411
"217",219,"Tail Before",99,1826,1756,18.419,12.279,-12427158,411
"218",220,"Tail Before",100,1824,1765,3.125,2.084,-11767706,411
"219",221,"Tail Before",101,1824,1763,0.678,0.452,-12562616,411
"220",222,"Tail Before",102,1819,1763,1.695,1.13,-12886438,411
"221",223,"Tail Before",103,1826,1763,2.373,1.582,-11709625,411
"222",224,"Tail Before",104,1821,1765,1.826,1.217,-10257842,411
"223",225,"Tail Before",105,1824,1763,1.222,0.815,-13934001,411
"224",226,"Tail Before",106,1817,1756,3.356,2.237,-14276582,411
"225",227,"Tail Before",107,1811,1765,3.667,2.445,-9013654,411
"226",228,"Tail Before",108,1813,1761,1.516,1.011,-13607356,411
"227",229,"Tail Before",109,1811,1759,0.959,0.639,-9997455,411
"228",230,"Tail Before",110,1809,1756,1.222,0.815,-10455976,411
"229",231,"Tail Before",111,1803,1750,2.877,1.918,-9016473,411
"230",232,"Tail Before",112,1775,1744,9.707,6.472,-12819634,411
"231",233,"Tail Before",113,1763,1729,6.512,4.341,-13604011,411
"232",234,"Tail Before",114,1759,1712,5.92,3.947,-9154945,411
"233",235,"Tail Before",115,1754,1715,1.977,1.318,-6644594,411
"234",236,"Tail Before",116,1756,1704,3.79,2.527,-14268612,411
"235",237,"Tail Before",117,1748,1685,6.989,4.659,-14659518,411
"236",238,"Tail Before",118,1748,1675,3.39,2.26,-14658239,411
"237",239,"Tail Before",119,1761,1687,5.998,3.998,-7565695,411
"238",240,"Tail Before",120,1759,1691,1.516,1.011,-13752001,411
"239",242,"Head After",122,1754,1612,2.171,1.447,-12431565,411
"240",243,"Head After",123,1759,1614,1.826,1.217,-13353161,411
"241",244,"Head After",124,1748,1622,4.611,3.074,-9868699,411
"242",245,"Head After",125,1748,1618,1.356,0.904,-12370099,411
"243",246,"Head After",126,1752,1614,1.918,1.278,-9805488,411
"244",247,"Head After",127,1754,1616,0.959,0.639,-13952478,411
"245",248,"Head After",128,1754,1622,2.034,1.356,-11178389,411
"246",249,"Head After",129,1765,1618,3.968,2.645,-11512737,411
"247",250,"Head After",130,1769,1620,1.516,1.011,-9478269,411
"248",251,"Head After",131,1767,1622,0.959,0.639,-8089206,411
"249",252,"Head After",132,1773,1626,2.445,1.63,-8749189,411
"250",253,"Head After",133,1773,1622,1.356,0.904,-9665669,411
"251",254,"Head After",134,1773,1620,0.678,0.452,-10063501,411
"252",255,"Head After",135,1769,1622,1.516,1.011,-10919331,411
"253",256,"Head After",136,1775,1618,2.445,1.63,-9732486,411
"254",257,"Head After",137,1769,1618,2.034,1.356,-8751214,411
"255",258,"Head After",138,1773,1618,1.356,0.904,-10258067,411
"256",259,"Head After",139,1777,1618,1.356,0.904,-10392474,411
"257",260,"Head After",140,1782,1620,1.826,1.217,-9276814,411
"258",261,"Head After",141,1780,1618,0.959,0.639,-10784912,411
"259",262,"Head After",142,1775,1620,1.826,1.217,-8030322,411
"260",263,"Head After",143,1769,1620,2.034,1.356,-9996703,411
"261",264,"Head After",144,1756,1618,4.459,2.973,-11647179,411
"262",265,"Head After",145,1744,1616,4.124,2.749,-12030375,411
"263",266,"Head After",146,1721,1603,8.956,5.971,-10392726,411
"264",267,"Head After",147,1715,1608,2.648,1.765,-10986668,411
"265",268,"Head After",148,1715,1612,1.356,0.904,-11114137,411
"266",269,"Head After",149,1715,1618,2.034,1.356,-10918040,411
"267",270,"Head After",150,1717,1618,0.678,0.452,-11046043,411
"268",271,"Head After",151,1723,1616,2.144,1.429,-10264220,411
"269",272,"Head After",152,1736,1610,4.854,3.236,-11785159,411
"270",273,"Head After",153,1748,1606,4.288,2.859,-14007706,411
"271",274,"Head After",154,1754,1597,3.667,2.445,-5321777,411
"272",275,"Head After",155,1763,1593,3.339,2.226,-9207161,411
"273",276,"Head After",156,1763,1593,0,0,-10981781,411
"274",277,"Head After",157,1765,1591,0.959,0.639,-11245212,411
"275",278,"Head After",158,1771,1589,2.144,1.429,-10323597,411
"276",279,"Head After",159,1777,1593,2.445,1.63,-9405555,411
"277",280,"Head After",160,1777,1591,0.678,0.452,-8751220,411
"278",281,"Head After",161,1775,1591,0.678,0.452,-7433322,411
"279",282,"Head After",162,1765,1593,3.457,2.305,-10198427,411
"280",283,"Head After",163,1759,1591,2.144,1.429,-11373971,411
"281",284,"Head After",164,1752,1582,3.865,2.577,-9144951,411
"282",285,"Head After",165,1748,1580,1.516,1.011,-8882297,411
"283",286,"Head After",166,1756,1580,2.712,1.808,-9403774,411
"284",287,"Head After",167,1754,1582,0.959,0.639,-8679285,411
"285",288,"Head After",168,1761,1587,2.916,1.944,-11703196,411
"286",289,"Head After",169,1754,1587,2.373,1.582,-10920853,411
"287",290,"Head After",170,1756,1591,1.516,1.011,-10726780,411
"288",291,"Head After",171,1756,1587,1.356,0.904,-12161701,411
"289",292,"Head After",172,1754,1587,0.678,0.452,-11834532,411
"290",293,"Head After",173,1750,1582,2.171,1.447,-11506325,411
"291",294,"Head After",174,1750,1582,0,0,-10587033,411
"292",295,"Head After",175,1750,1587,1.695,1.13,-12364204,411
"293",296,"Head After",176,1759,1591,3.339,2.226,-11842214,411
"294",297,"Head After",177,1765,1591,2.034,1.356,-10914707,411
"295",298,"Head After",178,1763,1589,0.959,0.639,-13084839,411
"296",299,"Head After",179,1759,1585,1.918,1.278,-12428706,411
"297",300,"Head After",180,1756,1585,1.017,0.678,-12228257,411
"298",301,"Head After",181,1761,1587,1.826,1.217,-10058632,411
"299",302,"Head After",182,1756,1591,2.171,1.447,-11249564,411
"300",303,"Head After",183,1750,1593,2.144,1.429,-9730181,411
"301",304,"Head After",184,1746,1593,1.356,0.904,-9528701,411
"302",305,"Head After",185,1748,1591,0.959,0.639,-9929364,411
"303",306,"Head After",186,1746,1595,1.516,1.011,-10776755,411
"304",307,"Head After",187,1754,1597,2.795,1.864,-10196158,411
"305",308,"Head After",188,1763,1601,3.339,2.226,-9803710,411
"306",309,"Head After",189,1767,1599,1.516,1.011,-9733006,411
"307",310,"Head After",190,1771,1597,1.516,1.011,-9345178,411
"308",311,"Head After",191,1773,1599,0.959,0.639,-10131343,411
"309",312,"Head After",192,1775,1595,1.516,1.011,-11440535,411
"310",313,"Head After",193,1771,1595,1.356,0.904,-11248797,411
"311",314,"Head After",194,1763,1587,3.835,2.557,-10390418,411
"312",315,"Head After",195,1765,1587,0.678,0.452,-9734285,411
"313",316,"Head After",196,1775,1591,3.651,2.434,-9933717,411
"314",317,"Head After",197,1769,1591,2.034,1.356,-11049123,411
"315",318,"Head After",198,1771,1593,0.959,0.639,-11967145,411
"316",319,"Head After",199,1775,1593,1.356,0.904,-9075587,411
"317",320,"Head After",200,1775,1597,1.356,0.904,-11050404,411
"318",321,"Head After",201,1782,1599,2.468,1.645,-10720677,411
"319",322,"Head After",202,1777,1593,2.648,1.765,-9603207,411
"320",323,"Head After",203,1777,1593,0,0,-10454419,411
"321",324,"Head After",204,1773,1595,1.516,1.011,-10395536,411
"322",325,"Head After",205,1773,1591,1.356,0.904,-9997965,411
"323",326,"Head After",206,1777,1595,1.918,1.278,-8555627,411
"324",327,"Head After",207,1782,1591,2.171,1.447,-9536128,411
"325",328,"Head After",208,1786,1593,1.516,1.011,-9930367,411
"326",329,"Head After",209,1777,1597,3.339,2.226,-11769767,411
"327",330,"Head After",210,1792,1591,5.477,3.651,-9603210,411
"328",331,"Head After",211,1788,1582,3.339,2.226,-10126992,411
"329",332,"Head After",212,1784,1578,1.918,1.278,-9864072,411
"330",333,"Head After",213,1775,1578,3.051,2.034,-10586003,411
"331",334,"Head After",214,1777,1582,1.516,1.011,-8879998,411
"332",335,"Head After",215,1780,1580,1.222,0.815,-8552813,411
"333",336,"Head After",216,1771,1574,3.667,2.445,-9800329,411
"334",337,"Head After",217,1773,1578,1.516,1.011,-9535887,411
"335",338,"Head After",218,1784,1574,3.968,2.645,-10190208,411
"336",339,"Head After",219,1742,1589,15.119,10.079,-11763383,411
"337",340,"Head After",220,1740,1599,3.457,2.305,-14338773,411
"338",341,"Head After",221,1736,1616,5.92,3.947,-11044270,411
"339",342,"Head After",222,1740,1624,3.032,2.021,-14139863,411
"340",343,"Head After",223,1748,1616,3.835,2.557,-10860984,411
"341",344,"Head After",224,1750,1608,2.795,1.864,-10660499,411
"342",345,"Head After",225,1754,1610,1.516,1.011,-9269158,411
"343",346,"Head After",226,1771,1601,6.521,4.347,-8753540,411
"344",347,"Head After",227,1763,1597,3.032,2.021,-10781850,411
"345",348,"Head After",228,1769,1601,2.445,1.63,-11834281,411
"346",349,"Head After",229,1767,1582,6.477,4.318,-12494516,411
"347",350,"Head After",230,1738,1593,10.514,7.01,-15587804,411
"348",351,"Head After",231,1731,1608,5.611,3.741,-11450793,411
"349",352,"Head After",232,1744,1603,4.722,3.148,-12624012,411
"350",353,"Head After",233,1750,1601,2.144,1.429,-11900110,411
"351",354,"Head After",234,1767,1599,5.803,3.868,-10651034,411
"352",355,"Head After",235,1773,1599,2.034,1.356,-10589845,411
"353",356,"Head After",236,1777,1589,3.651,2.434,-10063248,411
"354",357,"Head After",237,1788,1587,3.79,2.527,-10124939,411
"355",358,"Head After",238,1794,1580,3.125,2.084,-9731697,411
"356",359,"Head After",239,1790,1580,1.356,0.904,-9404021,411
"357",360,"Head After",240,1782,1595,5.763,3.842,-11374991,411
"358",362,"Tail After",122,1752,1698,2.468,1.645,-3295629,411
"359",363,"Tail After",123,1752,1702,1.356,0.904,-12963804,411
"360",364,"Tail After",124,1748,1708,2.445,1.63,-13680333,411
"361",365,"Tail After",125,1748,1704,1.356,0.904,-8423600,411
"362",366,"Tail After",126,1750,1702,0.959,0.639,-9874128,411
"363",367,"Tail After",127,1750,1702,0,0,-3752893,411
"364",368,"Tail After",128,1756,1702,2.034,1.356,-8618120,411
"365",369,"Tail After",129,1759,1700,1.222,0.815,-10450064,411
"366",370,"Tail After",130,1756,1700,1.017,0.678,-14593457,411
"367",371,"Tail After",131,1754,1702,0.959,0.639,-11249279,411
"368",372,"Tail After",132,1754,1704,0.678,0.452,-13548729,411
"369",373,"Tail After",133,1754,1708,1.356,0.904,-5065338,411
"370",374,"Tail After",134,1759,1704,2.171,1.447,-13081264,411
"371",375,"Tail After",135,1756,1706,1.222,0.815,-14605008,411
"372",376,"Tail After",136,1756,1704,0.678,0.452,-7770258,411
"373",377,"Tail After",137,1759,1704,1.017,0.678,-12162214,411
"374",378,"Tail After",138,1759,1704,0,0,-11967682,411
"375",379,"Tail After",139,1754,1706,1.826,1.217,-11775130,411
"376",380,"Tail After",140,1756,1704,0.959,0.639,-10192275,411
"377",381,"Tail After",141,1756,1706,0.678,0.452,-10184054,411
"378",382,"Tail After",142,1754,1708,0.959,0.639,-8218744,411
"379",383,"Tail After",143,1756,1710,0.959,0.639,-7032930,411
"380",384,"Tail After",144,1759,1706,1.695,1.13,-13749960,411
"381",385,"Tail After",145,1763,1706,1.356,0.904,-11850693,411
"382",386,"Tail After",146,1756,1708,2.468,1.645,-10925513,411
"383",387,"Tail After",147,1756,1708,0,0,-10600623,411
"384",388,"Tail After",148,1756,1708,0,0,-9411506,411
"385",389,"Tail After",149,1756,1710,0.678,0.452,-12699312,411
"386",390,"Tail After",150,1754,1710,0.678,0.452,-11972546,411
"387",391,"Tail After",151,1754,1710,0,0,-7960713,411
"388",392,"Tail After",152,1752,1708,0.959,0.639,-10064018,411
"389",393,"Tail After",153,1750,1708,0.678,0.452,-11310745,411
"390",394,"Tail After",154,1752,1708,0.678,0.452,-14598863,411
"391",395,"Tail After",155,1752,1710,0.678,0.452,-13946575,411
"392",396,"Tail After",156,1748,1710,1.356,0.904,-11043474,411
"393",397,"Tail After",157,1750,1708,0.959,0.639,-13148596,411
"394",398,"Tail After",158,1750,1708,0,0,-13208984,411
"395",399,"Tail After",159,1750,1706,0.678,0.452,-12155793,411
"396",400,"Tail After",160,1748,1710,1.516,1.011,-10976660,411
"397",401,"Tail After",161,1748,1706,1.356,0.904,-10783119,411
"398",402,"Tail After",162,1746,1706,0.678,0.452,-10850715,411
"399",403,"Tail After",163,1744,1706,0.678,0.452,-7499641,411
"400",404,"Tail After",164,1744,1706,0,0,-12233390,411
"401",405,"Tail After",165,1746,1706,0.678,0.452,-9412984,411
"402",406,"Tail After",166,1748,1706,0.678,0.452,-8223376,411
"403",407,"Tail After",167,1750,1706,0.678,0.452,-13224884,411
"404",408,"Tail After",168,1761,1706,3.729,2.486,-13818823,411
"405",409,"Tail After",169,1756,1704,1.826,1.217,-13622986,411
"406",410,"Tail After",170,1754,1706,0.959,0.639,-11377327,411
"407",411,"Tail After",171,1754,1708,0.678,0.452,-9532286,411
"408",412,"Tail After",172,1754,1704,1.356,0.904,-12626616,411
"409",413,"Tail After",173,1761,1702,2.468,1.645,-13749699,411
"410",414,"Tail After",174,1754,1704,2.468,1.645,-14664106,411
"411",415,"Tail After",175,1754,1704,0,0,-14534084,411
"412",416,"Tail After",176,1754,1702,0.678,0.452,-12756623,411
"413",417,"Tail After",177,1754,1702,0,0,-11378314,411
"414",418,"Tail After",178,1754,1702,0,0,-12560309,411
"415",419,"Tail After",179,1752,1704,0.959,0.639,-10719371,411
"416",420,"Tail After",180,1761,1704,3.051,2.034,-11706509,411
"417",421,"Tail After",181,1754,1704,2.373,1.582,-13604245,411
"418",422,"Tail After",182,1754,1702,0.678,0.452,-12881036,411
"419",423,"Tail After",183,1756,1700,0.959,0.639,-14867655,411
"420",424,"Tail After",184,1754,1700,0.678,0.452,-16245725,411
"421",425,"Tail After",185,1756,1704,1.516,1.011,-13406387,411
"422",426,"Tail After",186,1756,1702,0.678,0.452,-11252396,411
"423",427,"Tail After",187,1754,1700,0.959,0.639,-14205637,411
"424",428,"Tail After",188,1752,1702,0.959,0.639,-13156019,411
"425",429,"Tail After",189,1752,1702,0,0,-12557724,411
"426",430,"Tail After",190,1754,1700,0.959,0.639,-10522753,411
"427",431,"Tail After",191,1754,1700,0,0,-12298402,411
"428",432,"Tail After",192,1754,1700,0,0,-15516081,411
"429",433,"Tail After",193,1754,1706,2.034,1.356,-13871293,411
"430",434,"Tail After",194,1754,1706,0,0,-11765641,411
"431",435,"Tail After",195,1754,1706,0,0,-11636114,411
"432",436,"Tail After",196,1754,1706,0,0,-10930819,411
"433",437,"Tail After",197,1754,1706,0,0,-16182735,411
"434",438,"Tail After",198,1752,1710,1.516,1.011,-13879729,411
"435",439,"Tail After",199,1750,1708,0.959,0.639,-12177064,411
"436",440,"Tail After",200,1750,1708,0,0,-10395788,411
"437",441,"Tail After",201,1750,1708,0,0,-7717770,411
"438",442,"Tail After",202,1752,1708,0.678,0.452,-11574680,411
"439",443,"Tail After",203,1752,1710,0.678,0.452,-12836291,411
"440",444,"Tail After",204,1752,1710,0,0,-13031316,411
"441",445,"Tail After",205,1752,1710,0,0,-10646907,411
"442",446,"Tail After",206,1756,1715,2.171,1.447,-2437426,411
"443",447,"Tail After",207,1756,1710,1.695,1.13,-12707507,411
"444",448,"Tail After",208,1756,1710,0,0,-14215103,411
"445",449,"Tail After",209,1763,1710,2.373,1.582,-9921656,411
"446",450,"Tail After",210,1761,1710,0.678,0.452,-7764589,411
"447",451,"Tail After",211,1761,1712,0.678,0.452,-9079712,411
"448",452,"Tail After",212,1761,1712,0,0,-9534093,411
"449",453,"Tail After",213,1761,1712,0,0,-6057320,411
"450",454,"Tail After",214,1754,1715,2.582,1.721,-12681102,411
"451",455,"Tail After",215,1761,1717,2.468,1.645,-338755,411
"452",456,"Tail After",216,1763,1719,0.959,0.639,-6457960,411
"453",457,"Tail After",217,1761,1719,0.678,0.452,-7495001,411
"454",458,"Tail After",218,1761,1721,0.678,0.452,-10076083,411
"455",459,"Tail After",219,1763,1717,1.516,1.011,-5540017,411
"456",460,"Tail After",220,1765,1719,0.959,0.639,-8091225,411
"457",461,"Tail After",221,1763,1719,0.678,0.452,-9031308,411
"458",462,"Tail After",222,1765,1717,0.959,0.639,-6850999,411
"459",463,"Tail After",223,1763,1723,2.144,1.429,-13473452,411
"460",464,"Tail After",224,1763,1721,0.678,0.452,-10395285,411
"461",465,"Tail After",225,1771,1717,3.032,2.021,-9283457,411
"462",466,"Tail After",226,1767,1717,1.356,0.904,-11589539,411
"463",467,"Tail After",227,1767,1719,0.678,0.452,-10473097,411
"464",468,"Tail After",228,1767,1719,0,0,-8558956,411
"465",469,"Tail After",229,1767,1719,0,0,-9475974,411
"466",470,"Tail After",230,1765,1719,0.678,0.452,-13676975,411
"467",471,"Tail After",231,1763,1719,0.678,0.452,-7646597,411
"468",472,"Tail After",232,1763,1723,1.356,0.904,-9478819,411
"469",473,"Tail After",233,1763,1721,0.678,0.452,-9876659,411
"470",474,"Tail After",234,1765,1719,0.959,0.639,-8491948,411
"471",475,"Tail After",235,1765,1719,0,0,-8027273,411
"472",476,"Tail After",236,1765,1717,0.678,0.452,-10649215,411
"473",477,"Tail After",237,1767,1721,1.516,1.011,-464697,411
"474",478,"Tail After",238,1765,1719,0.959,0.639,-10647208,411
"475",479,"Tail After",239,1765,1719,0,0,-11835306,411
"476",480,"Tail After",240,1765,1719,0,0,-11380375,411
"1",2,"Head Before",2,1933,740,21.021,14.014,-9537406,421
"2",3,"Head Before",3,1941,763,8.255,5.503,-9339762,421
"3",4,"Head Before",4,1928,763,4.407,2.938,-11440031,421
"4",5,"Head Before",5,1926,748,5.13,3.42,-10190716,421
"5",6,"Head Before",6,1943,773,10.249,6.833,-8552303,421
"6",7,"Head Before",7,1935,830,19.512,13.008,-10521481,421
"7",8,"Head Before",8,1899,884,22.001,14.667,-9270385,421
"8",9,"Head Before",9,1861,928,19.709,13.139,-9930355,421
"9",10,"Head Before",10,1868,918,4.138,2.759,-12958138,421
"10",11,"Head Before",11,1878,920,3.457,2.305,-9866641,421
"11",12,"Head Before",12,1886,930,4.341,2.894,-8554356,421
"12",13,"Head Before",13,1903,939,6.521,4.347,-10914956,421
"13",14,"Head Before",14,1958,920,19.726,13.151,-8679287,421
"14",15,"Head Before",15,1949,941,7.745,5.163,-9609100,421
"15",16,"Head Before",16,1972,953,8.794,5.863,-8486512,421
"16",17,"Head Before",17,2031,974,21.23,14.153,-7042397,421
"17",18,"Head Before",18,2042,970,3.968,2.645,-11449020,421
"18",19,"Head Before",19,2031,972,3.79,2.527,-10713717,421
"19",20,"Head Before",20,2048,945,10.816,7.211,-8356454,421
"20",21,"Head Before",21,2056,935,4.341,2.894,-10197128,421
"21",22,"Head Before",22,2048,928,3.604,2.402,-8487272,421
"22",23,"Head Before",23,2056,920,3.835,2.557,-9011063,421
"23",24,"Head Before",24,2107,865,25.427,16.952,-9539699,421
"24",25,"Head Before",25,2165,807,27.806,18.538,-10982303,421
"25",26,"Head Before",26,2180,765,15.119,10.079,-8029033,421
"26",27,"Head Before",27,2167,771,4.854,3.236,-10390408,421
"27",28,"Head Before",28,2170,788,5.852,3.901,-9664640,421
"28",29,"Head Before",29,2174,771,5.92,3.947,-8223848,421
"29",30,"Head Before",30,2172,769,0.959,0.639,-8948854,421
"30",31,"Head Before",31,2163,767,3.125,2.084,-9668725,421
"31",32,"Head Before",32,2163,719,16.272,10.848,-10395285,421
"32",33,"Head Before",33,2134,620,34.971,23.314,-9864574,421
"33",34,"Head Before",34,2096,543,29.109,19.406,-10722706,421
"34",35,"Head Before",35,2170,593,30.276,20.184,-14802109,421
"35",36,"Head Before",36,2195,614,11.068,7.379,-9798271,421
"36",37,"Head Before",37,2178,633,8.643,5.762,-7961714,421
"37",38,"Head Before",38,2228,673,21.707,14.471,-14083037,421
"38",39,"Head Before",39,2270,641,17.9,11.933,-10192516,421
"39",40,"Head Before",40,2258,616,9.401,6.267,-7436904,421
"40",41,"Head Before",41,2245,639,8.956,5.971,-8621703,421
"41",42,"Head Before",42,2237,635,3.032,2.021,-7968630,421
"42",43,"Head Before",43,2232,649,5.04,3.36,-8219802,421
"43",44,"Head Before",44,2211,628,10.068,6.712,-9530245,421
"44",45,"Head Before",45,2209,626,0.959,0.639,-11840672,421
"45",46,"Head Before",46,2220,626,3.729,2.486,-6780004,421
"46",47,"Head Before",47,2226,605,7.404,4.936,-16769218,421
"47",48,"Head Before",48,2224,605,0.678,0.452,-10463668,421
"48",49,"Head Before",49,2222,605,0.678,0.452,-10594753,421
"49",50,"Head Before",50,2226,605,1.356,0.904,-10522754,421
"50",51,"Head Before",51,2211,605,5.085,3.39,-14795475,421
"51",52,"Head Before",52,2203,601,3.032,2.021,-9210782,421
"52",53,"Head Before",53,2216,603,4.459,2.973,-11517885,421
"53",54,"Head Before",54,2220,603,1.356,0.904,-10342327,421
"54",55,"Head Before",55,2211,610,3.865,2.577,-7691891,421
"55",56,"Head Before",56,2193,633,9.901,6.601,-11434380,421
"56",57,"Head Before",57,2188,641,3.198,2.132,-9070446,421
"57",58,"Head Before",58,2176,654,5.998,3.998,-12750240,421
"58",59,"Head Before",59,2172,649,2.171,1.447,-15132103,421
"59",60,"Head Before",60,2159,656,5.005,3.337,-9405050,421
"60",61,"Head Before",61,2163,647,3.339,2.226,-7561819,421
"61",62,"Head Before",62,2155,662,5.763,3.842,-8289390,421
"62",63,"Head Before",63,2159,658,1.918,1.278,-8878447,421
"63",64,"Head Before",64,2151,656,2.795,1.864,-8421748,421
"64",65,"Head Before",65,2151,647,3.051,2.034,-9794684,421
"65",66,"Head Before",66,2146,654,2.916,1.944,-10060916,421
"66",67,"Head Before",67,2136,652,3.457,2.305,-8881543,421
"67",68,"Head Before",68,2130,645,3.125,2.084,-9607307,421
"68",69,"Head Before",69,2132,639,2.144,1.429,-10783631,421
"69",70,"Head Before",70,2125,635,2.733,1.822,-10262923,421
"70",71,"Head Before",71,2136,643,4.611,3.074,-9605289,421
"71",72,"Head Before",72,2136,641,0.678,0.452,-10647938,421
"72",73,"Head Before",73,2134,649,2.795,1.864,-10187645,421
"73",74,"Head Before",74,2134,645,1.356,0.904,-9075333,421
"74",75,"Head Before",75,2136,658,4.459,2.973,-9536385,421
"75",76,"Head Before",76,2136,635,7.797,5.198,-9336680,421
"76",77,"Head Before",77,2132,656,7.247,4.831,-9863810,421
"77",78,"Head Before",78,2132,637,6.441,4.294,-10456709,421
"78",79,"Head Before",79,2140,666,10.198,6.799,-11702418,421
"79",80,"Head Before",80,2140,649,5.763,3.842,-9602421,421
"80",81,"Head Before",81,2136,652,1.695,1.13,-10322321,421
"81",82,"Head Before",82,2136,662,3.39,2.26,-9869203,421
"82",83,"Head Before",83,2136,649,4.407,2.938,-8552054,421
"83",84,"Head Before",84,2142,635,5.163,3.442,-9533590,421
"84",85,"Head Before",85,2138,626,3.339,2.226,-8620925,421
"85",86,"Head Before",86,2140,622,1.516,1.011,-10392215,421
"86",87,"Head Before",87,2134,620,2.144,1.429,-9148800,421
"87",88,"Head Before",88,2123,622,3.79,2.527,-9476986,421
"88",89,"Head Before",89,2134,626,3.968,2.645,-9471121,421
"89",90,"Head Before",90,2123,628,3.79,2.527,-9406078,421
"90",91,"Head Before",91,2132,635,3.865,2.577,-8093541,421
"91",92,"Head Before",92,2159,635,9.153,6.102,-4215337,421
"92",93,"Head Before",93,2151,620,5.763,3.842,-9987929,421
"93",94,"Head Before",94,2144,616,2.733,1.822,-13022903,421
"94",95,"Head Before",95,2146,620,1.516,1.011,-12569275,421
"95",96,"Head Before",96,2144,618,0.959,0.639,-9533814,421
"96",97,"Head Before",97,2130,631,6.477,4.318,-9994872,421
"97",98,"Head Before",98,2140,614,6.686,4.457,-7849103,421
"98",99,"Head Before",99,2138,626,4.124,2.749,-7303766,421
"99",100,"Head Before",100,2146,624,2.795,1.864,-9137771,421
"100",101,"Head Before",101,2142,624,1.356,0.904,-13156307,421
"101",102,"Head Before",102,2144,612,4.124,2.749,-6787925,421
"102",103,"Head Before",103,2144,614,0.678,0.452,-8482937,421
"103",104,"Head Before",104,2136,622,3.835,2.557,-13348029,421
"104",105,"Head Before",105,2132,628,2.445,1.63,-7761247,421
"105",106,"Head Before",106,2128,637,3.339,2.226,-7559775,421
"106",107,"Head Before",107,2121,635,2.468,1.645,-9862021,421
"107",108,"Head Before",108,2128,626,3.865,2.577,-9009263,421
"108",109,"Head Before",109,2140,643,7.054,4.703,-14470350,421
"109",110,"Head Before",110,2144,647,1.918,1.278,-11636146,421
"110",111,"Head Before",111,2134,637,4.794,3.196,-14274251,421
"111",112,"Head Before",112,2136,633,1.516,1.011,-12158101,421
"112",113,"Head Before",113,2161,668,14.581,9.721,-13211304,421
"113",114,"Head Before",114,2142,647,9.6,6.4,-7624028,421
"114",115,"Head Before",115,2144,641,2.144,1.429,-9468025,421
"115",116,"Head Before",116,2151,633,3.604,2.402,-7235717,421
"116",117,"Head Before",117,2153,622,3.79,2.527,-7958642,421
"117",118,"Head Before",118,2144,620,3.125,2.084,-13882567,421
"118",119,"Head Before",119,2142,643,7.826,5.218,-12683166,421
"119",120,"Head Before",120,2134,628,5.763,3.842,-7166038,421
"120",121,"Head Before",121,2134,618,3.39,2.26,-11180961,421
"121",122,"Head Before",122,2132,628,3.457,2.305,-9604500,421
"122",123,"Head Before",123,2132,622,2.034,1.356,-11056574,421
"123",124,"Head Before",124,2130,618,1.516,1.011,-7362924,421
"124",125,"Head Before",125,2130,622,1.356,0.904,-7755605,421
"125",126,"Head Before",126,2134,624,1.516,1.011,-7431012,421
"126",127,"Head Before",127,2132,633,3.125,2.084,-9209982,421
"127",128,"Head Before",128,2134,652,6.477,4.318,-10322321,421
"128",129,"Head Before",129,2132,624,9.516,6.344,-13013171,421
"129",130,"Head Before",130,2130,628,1.516,1.011,-10395582,421
"130",131,"Head Before",131,2130,628,0,0,-11510453,421
"131",132,"Head Before",132,2140,645,6.686,4.457,-11246754,421
"132",133,"Head Before",133,2146,656,4.248,2.832,-5391945,421
"133",134,"Head Before",134,2144,652,1.516,1.011,-15066069,421
"134",135,"Head Before",135,2136,647,3.198,2.132,-9859709,421
"135",136,"Head Before",136,2128,635,4.889,3.259,-13936058,421
"136",137,"Head Before",137,2128,633,0.678,0.452,-12236218,421
"137",138,"Head Before",138,2132,647,4.936,3.291,-8419951,421
"138",139,"Head Before",139,2138,654,3.125,2.084,-7630949,421
"139",140,"Head Before",140,2151,656,4.459,2.973,-12355490,421
"140",141,"Head Before",141,2142,658,3.125,2.084,-8816255,421
"141",142,"Head Before",142,2144,647,3.79,2.527,-15132634,421
"142",143,"Head Before",143,2138,643,2.445,1.63,-12559280,421
"143",144,"Head Before",144,2128,620,8.502,5.668,-10326689,421
"144",145,"Head Before",145,2123,626,2.648,1.765,-7824230,421
"145",146,"Head Before",146,2128,631,2.397,1.598,-11646150,421
"146",147,"Head Before",147,2128,622,3.051,2.034,-9867159,421
"147",148,"Head Before",148,2128,620,0.678,0.452,-13217210,421
"148",149,"Head Before",149,2125,622,1.222,0.815,-7637884,421
"149",150,"Head Before",150,2132,626,2.733,1.822,-13416142,421
"150",151,"Head Before",151,2132,626,0,0,-10982044,421
"151",152,"Head Before",152,2128,626,1.356,0.904,-9735833,421
"152",153,"Head Before",153,2130,624,0.959,0.639,-13486288,421
"153",154,"Head Before",154,2125,626,1.826,1.217,-11239570,421
"154",155,"Head Before",155,2125,631,1.695,1.13,-9535358,421
"155",156,"Head Before",156,2130,631,1.695,1.13,-13741998,421
"156",157,"Head Before",157,2130,628,1.017,0.678,-14000305,421
"157",158,"Head Before",158,2125,628,1.695,1.13,-9731446,421
"158",159,"Head Before",159,2123,633,1.826,1.217,-12096421,421
"159",160,"Head Before",160,2121,628,1.826,1.217,-12160948,421
"160",161,"Head Before",161,2119,628,0.678,0.452,-8816024,421
"161",162,"Head Before",162,2117,622,2.144,1.429,-6436943,421
"162",163,"Head Before",163,2117,626,1.356,0.904,-9932424,421
"163",164,"Head Before",164,2121,622,1.918,1.278,-14400709,421
"164",165,"Head Before",165,2125,620,1.516,1.011,-14078672,421
"165",167,"Tail Before",2,1895,698,20.621,13.747,-8744298,421
"166",168,"Tail Before",3,1914,725,11.192,7.461,-11711129,421
"167",169,"Tail Before",4,1905,712,5.36,3.573,-4533775,421
"168",170,"Tail Before",5,1901,704,3.032,2.021,-7716998,421
"169",171,"Tail Before",6,1914,723,7.804,5.203,-6326600,421
"170",172,"Tail Before",7,1939,777,20.173,13.448,-5063217,421
"171",173,"Tail Before",8,1926,849,24.803,16.535,-13275547,421
"172",174,"Tail Before",9,1893,893,18.645,12.43,-13613501,421
"173",175,"Tail Before",10,1907,882,6.036,4.024,-11768979,421
"174",176,"Tail Before",11,1905,880,0.959,0.639,-11373469,421
"175",177,"Tail Before",12,1905,878,0.678,0.452,-9473162,421
"176",178,"Tail Before",13,1899,891,4.854,3.236,-12633250,421
"177",179,"Tail Before",14,1910,909,7.151,4.767,-12159647,421
"178",180,"Tail Before",15,1912,912,1.222,0.815,-10454684,421
"179",181,"Tail Before",16,1928,920,6.064,4.043,-14727345,421
"180",182,"Tail Before",17,1979,947,19.562,13.042,-14796747,421
"181",183,"Tail Before",18,2002,956,8.373,5.582,-11705000,421
"182",184,"Tail Before",19,1991,964,4.611,3.074,-6319704,421
"183",185,"Tail Before",20,1991,951,4.407,2.938,-11503504,421
"184",186,"Tail Before",21,2006,951,5.085,3.39,-14473935,421
"185",187,"Tail Before",22,2000,960,3.667,2.445,-14667204,421
"186",188,"Tail Before",23,2010,951,4.561,3.041,-15983313,421
"187",189,"Tail Before",24,2077,912,26.281,17.52,-10471394,421
"188",190,"Tail Before",25,2123,838,29.538,19.692,-14602440,421
"189",191,"Tail Before",26,2155,817,12.975,8.65,-14596546,421
"190",192,"Tail Before",27,2151,819,1.516,1.011,-15979988,421
"191",193,"Tail Before",28,2153,830,3.79,2.527,-15063769,421
"192",194,"Tail Before",29,2149,815,5.263,3.508,-15842487,421
"193",195,"Tail Before",30,2155,815,2.034,1.356,-3421245,421
"194",196,"Tail Before",31,2138,807,6.369,4.246,-15197645,421
"195",197,"Tail Before",32,2165,765,16.926,11.284,-14533324,421
"196",198,"Tail Before",33,2128,670,34.561,23.041,-12038329,421
"197",199,"Tail Before",34,2130,584,29.162,19.441,-13338016,421
"198",200,"Tail Before",35,2132,574,3.457,2.305,-13215680,421
"199",201,"Tail Before",36,2153,576,7.151,4.767,-6110602,421
"200",202,"Tail Before",37,2155,587,3.79,2.527,-6712989,421
"201",203,"Tail Before",38,2182,647,22.305,14.87,-13226435,421
"202",204,"Tail Before",39,2230,649,16.286,10.857,-13153470,421
"203",205,"Tail Before",40,2232,639,3.457,2.305,-12492969,421
"204",206,"Tail Before",41,2218,641,4.794,3.196,-14468544,421
"205",207,"Tail Before",42,2218,645,1.356,0.904,-8759467,421
"206",208,"Tail Before",43,2211,643,2.468,1.645,-9275813,421
"207",209,"Tail Before",44,2205,645,2.144,1.429,-12879269,421
"208",210,"Tail Before",45,2207,645,0.678,0.452,-14928339,421
"209",211,"Tail Before",46,2201,652,3.125,2.084,-12752536,421
"210",212,"Tail Before",47,2201,626,8.814,5.876,-12115153,421
"211",213,"Tail Before",48,2203,626,0.678,0.452,-14998226,421
"212",214,"Tail Before",49,2205,626,0.678,0.452,-8029069,421
"213",215,"Tail Before",50,2203,622,1.516,1.011,-7830709,421
"214",216,"Tail Before",51,2203,620,0.678,0.452,-4737133,421
"215",217,"Tail Before",52,2199,626,2.445,1.63,-11786699,421
"216",218,"Tail Before",53,2203,622,1.918,1.278,-6842509,421
"217",219,"Tail Before",54,2203,624,0.678,0.452,-12702387,421
"218",220,"Tail Before",55,2199,624,1.356,0.904,-13559260,421
"219",221,"Tail Before",56,2205,624,2.034,1.356,-15392479,421
"220",222,"Tail Before",57,2203,624,0.678,0.452,-14542045,421
"221",223,"Tail Before",58,2199,628,1.918,1.278,-14536907,421
"222",224,"Tail Before",59,2197,628,0.678,0.452,-15513789,421
"223",225,"Tail Before",60,2197,628,0,0,-12226468,421
"224",226,"Tail Before",61,2203,628,2.034,1.356,-12491931,421
"225",227,"Tail Before",62,2199,628,1.356,0.904,-10588298,421
"226",228,"Tail Before",63,2197,624,1.516,1.011,-8357787,421
"227",229,"Tail Before",64,2195,624,0.678,0.452,-7890046,421
"228",230,"Tail Before",65,2195,624,0,0,-14270152,421
"229",231,"Tail Before",66,2199,626,1.516,1.011,-13938362,421
"230",232,"Tail Before",67,2195,624,1.516,1.011,-11191995,421
"231",233,"Tail Before",68,2197,626,0.959,0.639,-10782353,421
"232",234,"Tail Before",69,2190,631,2.916,1.944,-9858430,421
"233",235,"Tail Before",70,2193,626,1.977,1.318,-12164525,421
"234",236,"Tail Before",71,2197,631,2.171,1.447,-11970993,421
"235",237,"Tail Before",72,2195,631,0.678,0.452,-11906727,421
"236",238,"Tail Before",73,2193,633,0.959,0.639,-12430517,421
"237",239,"Tail Before",74,2193,633,0,0,-6515276,421
"238",240,"Tail Before",75,2193,631,0.678,0.452,-7964790,421
"239",241,"Tail Before",76,2193,628,1.017,0.678,-6048848,421
"240",242,"Tail Before",77,2195,626,0.959,0.639,-8878698,421
"241",243,"Tail Before",78,2190,628,1.826,1.217,-6438463,421
"242",244,"Tail Before",79,2195,631,1.977,1.318,-5467203,421
"243",245,"Tail Before",80,2195,631,0,0,-8030332,421
"244",246,"Tail Before",81,2195,628,1.017,0.678,-10388095,421
"245",247,"Tail Before",82,2195,628,0,0,-6379065,421
"246",248,"Tail Before",83,2195,633,1.695,1.13,-9857142,421
"247",249,"Tail Before",84,2195,635,0.678,0.452,-8030094,421
"248",250,"Tail Before",85,2195,633,0.678,0.452,-7302238,421
"249",251,"Tail Before",86,2195,633,0,0,-2168862,421
"250",252,"Tail Before",87,2195,631,0.678,0.452,-9472651,421
"251",253,"Tail Before",88,2195,628,1.017,0.678,-12104108,421
"252",254,"Tail Before",89,2188,635,3.356,2.237,-9999787,421
"253",255,"Tail Before",90,2193,635,1.695,1.13,-12159106,421
"254",256,"Tail Before",91,2186,635,2.373,1.582,-11449801,421
"255",257,"Tail Before",92,2193,635,2.373,1.582,-8888751,421
"256",258,"Tail Before",93,2193,635,0,0,-12171193,421
"257",259,"Tail Before",94,2195,631,1.516,1.011,-6915226,421
"258",260,"Tail Before",95,2195,631,0,0,-12108997,421
"259",261,"Tail Before",96,2199,631,1.356,0.904,-7893896,421
"260",262,"Tail Before",97,2195,628,1.695,1.13,-7955813,421
"261",263,"Tail Before",98,2195,628,0,0,-6448268,421
"262",264,"Tail Before",99,2193,628,0.678,0.452,-7898283,421
"263",265,"Tail Before",100,2193,628,0,0,-6324892,421
"264",266,"Tail Before",101,2195,631,1.222,0.815,-10148293,421
"265",267,"Tail Before",102,2195,631,0,0,-15982308,421
"266",268,"Tail Before",103,2195,628,1.017,0.678,-10389931,421
"267",269,"Tail Before",104,2195,628,0,0,-12358832,421
"268",270,"Tail Before",105,2195,631,1.017,0.678,-11972258,421
"269",271,"Tail Before",106,2207,635,4.288,2.859,-13148596,421
"270",272,"Tail Before",107,2195,628,4.71,3.14,-5652296,421
"271",273,"Tail Before",108,2197,628,0.678,0.452,-9285312,421
"272",274,"Tail Before",109,2197,628,0,0,-8092817,421
"273",275,"Tail Before",110,2205,631,2.896,1.931,-11636902,421
"274",276,"Tail Before",111,2205,628,1.017,0.678,-14535373,421
"275",277,"Tail Before",112,2197,631,2.896,1.931,-11322800,421
"276",278,"Tail Before",113,2199,628,1.222,0.815,-14801114,421
"277",279,"Tail Before",114,2203,628,1.356,0.904,-13423329,421
"278",280,"Tail Before",115,2205,631,1.222,0.815,-12355482,421
"279",281,"Tail Before",116,2203,633,0.959,0.639,-5915480,421
"280",282,"Tail Before",117,2199,633,1.356,0.904,-6255217,421
"281",283,"Tail Before",118,2190,631,3.125,2.084,-13020593,421
"282",284,"Tail Before",119,2190,628,1.017,0.678,-14213583,421
"283",285,"Tail Before",120,2193,628,1.017,0.678,-13936044,421
"284",286,"Tail Before",121,2195,622,2.144,1.429,-15461079,421
"285",287,"Tail Before",122,2195,620,0.678,0.452,-15002319,421
"286",288,"Tail Before",123,2193,620,0.678,0.452,-9668759,421
"287",289,"Tail Before",124,2186,620,2.373,1.582,-9272479,421
"288",290,"Tail Before",125,2190,620,1.356,0.904,-12029561,421
"289",291,"Tail Before",126,2195,614,2.648,1.765,-11959435,421
"290",292,"Tail Before",127,2199,618,1.918,1.278,-8360124,421
"291",293,"Tail Before",128,2197,622,1.516,1.011,-12310491,421
"292",294,"Tail Before",129,2195,628,2.144,1.429,-14541516,421
"293",295,"Tail Before",130,2190,622,2.648,1.765,-11900084,421
"294",296,"Tail Before",131,2195,626,2.171,1.447,-5590661,421
"295",297,"Tail Before",132,2193,628,0.959,0.639,-13469325,421
"296",298,"Tail Before",133,2199,635,3.125,2.084,-15198936,421
"297",299,"Tail Before",134,2201,631,1.516,1.011,-6477466,421
"298",300,"Tail Before",135,2205,639,3.032,2.021,-12962730,421
"299",301,"Tail Before",136,2199,637,2.144,1.429,-12825008,421
"300",302,"Tail Before",137,2195,639,1.516,1.011,-13940920,421
"301",303,"Tail Before",138,2195,637,0.678,0.452,-9277616,421
"302",304,"Tail Before",139,2201,635,2.144,1.429,-8238238,421
"303",305,"Tail Before",140,2205,637,1.516,1.011,-13872806,421
"304",306,"Tail Before",141,2201,633,1.918,1.278,-9602198,421
"305",307,"Tail Before",142,2203,628,1.826,1.217,-12499366,421
"306",308,"Tail Before",143,2201,626,0.959,0.639,-11176064,421
"307",309,"Tail Before",144,2195,626,2.034,1.356,-11639192,421
"308",310,"Tail Before",145,2195,612,4.746,3.164,-14727866,421
"309",311,"Tail Before",146,2199,618,2.445,1.63,-3168875,421
"310",312,"Tail Before",147,2199,620,0.678,0.452,-6923674,421
"311",313,"Tail Before",148,2195,618,1.516,1.011,-13744558,421
"312",314,"Tail Before",149,2209,614,4.936,3.291,-10714733,421
"313",315,"Tail Before",150,2203,616,2.144,1.429,-15651286,421
"314",316,"Tail Before",151,2201,622,2.144,1.429,-5054518,421
"315",317,"Tail Before",152,2203,620,0.959,0.639,-5396315,421
"316",318,"Tail Before",153,2203,620,0,0,-3744569,421
"317",319,"Tail Before",154,2201,622,0.959,0.639,-3095352,421
"318",320,"Tail Before",155,2203,628,2.144,1.429,-7647910,421
"319",321,"Tail Before",156,2201,626,0.959,0.639,-12769987,421
"320",322,"Tail Before",157,2201,628,0.678,0.452,-12374198,421
"321",323,"Tail Before",158,2201,626,0.678,0.452,-15128782,421
"322",324,"Tail Before",159,2197,628,1.516,1.011,-11772071,421
"323",325,"Tail Before",160,2190,631,2.582,1.721,-12561076,421
"324",326,"Tail Before",161,2193,633,1.222,0.815,-11769250,421
"325",327,"Tail Before",162,2188,633,1.695,1.13,-13614275,421
"326",328,"Tail Before",163,2190,628,1.826,1.217,-13089476,421
"327",329,"Tail Before",164,2190,626,0.678,0.452,-11959944,421
"328",330,"Tail Before",165,2188,628,0.959,0.639,-13481101,421
"329",332,"Head After",167,2132,626,3.032,2.021,-13745851,421
"330",333,"Head After",168,2134,622,1.516,1.011,-13482689,421
"331",334,"Head After",169,2130,622,1.356,0.904,-12559532,421
"332",335,"Head After",170,2128,626,1.516,1.011,-10848398,421
"333",336,"Head After",171,2134,626,2.034,1.356,-13542052,421
"334",337,"Head After",172,2128,626,2.034,1.356,-13947606,421
"335",338,"Head After",173,2128,626,0,0,-13488095,421
"336",339,"Head After",174,2130,628,0.959,0.639,-14212328,421
"337",340,"Head After",175,2130,628,0,0,-13809360,421
"338",341,"Head After",176,2130,624,1.356,0.904,-12831677,421
"339",342,"Head After",177,2130,622,0.678,0.452,-12963784,421
"340",343,"Head After",178,2132,624,0.959,0.639,-15325908,421
"341",344,"Head After",179,2130,620,1.516,1.011,-15059666,421
"342",345,"Head After",180,2128,618,0.959,0.639,-14472670,421
"343",346,"Head After",181,2121,601,6.232,4.155,-15720393,421
"344",347,"Head After",182,2115,587,5.163,3.442,-13618911,421
"345",348,"Head After",183,2113,587,0.678,0.452,-10526879,421
"346",349,"Head After",184,2111,587,0.678,0.452,-14474471,421
"347",350,"Head After",185,2111,587,0,0,-7044202,421
"348",351,"Head After",186,2115,593,2.445,1.63,-9735296,421
"349",352,"Head After",187,2121,599,2.877,1.918,-14601421,421
"350",353,"Head After",188,2117,595,1.918,1.278,-15850967,421
"351",354,"Head After",189,2115,591,1.516,1.011,-14606299,421
"352",355,"Head After",190,2113,593,0.959,0.639,-12957621,421
"353",356,"Head After",191,2111,584,3.125,2.084,-9923200,421
"354",357,"Head After",192,2111,582,0.678,0.452,-10857137,421
"355",358,"Head After",193,2113,587,1.826,1.217,-14339276,421
"356",359,"Head After",194,2115,589,0.959,0.639,-13413036,421
"357",360,"Head After",195,2113,589,0.678,0.452,-12238513,421
"358",361,"Head After",196,2113,591,0.678,0.452,-13094853,421
"359",362,"Head After",197,2113,591,0,0,-14400445,421
"360",363,"Head After",198,2115,584,2.468,1.645,-13419968,421
"361",364,"Head After",199,2115,589,1.695,1.13,-14078161,421
"362",365,"Head After",200,2119,587,1.516,1.011,-12960183,421
"363",366,"Head After",201,2117,587,0.678,0.452,-13161933,421
"364",367,"Head After",202,2115,584,1.222,0.815,-13029825,421
"365",368,"Head After",203,2113,582,0.959,0.639,-13680066,421
"366",369,"Head After",204,2115,587,1.826,1.217,-13090239,421
"367",370,"Head After",205,2113,584,1.222,0.815,-12564922,421
"368",371,"Head After",206,2113,587,1.017,0.678,-11573163,421
"369",372,"Head After",207,2117,591,1.918,1.278,-14079954,421
"370",373,"Head After",208,2119,597,2.144,1.429,-10449017,421
"371",374,"Head After",209,2119,601,1.356,0.904,-11709348,421
"372",375,"Head After",210,2119,599,0.678,0.452,-13483457,421
"373",376,"Head After",211,2121,601,0.959,0.639,-11368585,421
"374",377,"Head After",212,2121,601,0,0,-10782353,421
"375",378,"Head After",213,2121,601,0,0,-8872303,421
"376",379,"Head After",214,2119,599,0.959,0.639,-11177627,421
"377",380,"Head After",215,2123,599,1.356,0.904,-9604989,421
"378",381,"Head After",216,2121,597,0.959,0.639,-8414575,421
"379",382,"Head After",217,2121,597,0,0,-8737382,421
"380",383,"Head After",218,2123,597,0.678,0.452,-9547938,421
"381",384,"Head After",219,2123,593,1.356,0.904,-11307923,421
"382",385,"Head After",220,2123,591,0.678,0.452,-13875374,421
"383",386,"Head After",221,2121,589,0.959,0.639,-10395547,421
"384",387,"Head After",222,2121,591,0.678,0.452,-11315340,421
"385",388,"Head After",223,2117,589,1.516,1.011,-9801616,421
"386",389,"Head After",224,2119,589,0.678,0.452,-10469542,421
"387",390,"Head After",225,2117,589,0.678,0.452,-8347503,421
"388",391,"Head After",226,2115,587,0.959,0.639,-12105149,421
"389",392,"Head After",227,2115,587,0,0,-11179421,421
"390",393,"Head After",228,2115,587,0,0,-12377036,421
"391",394,"Head After",229,2111,587,1.356,0.904,-11188169,421
"392",395,"Head After",230,2113,591,1.516,1.011,-7234400,421
"393",396,"Head After",231,2111,591,0.678,0.452,-11577764,421
"394",397,"Head After",232,2111,589,0.678,0.452,-13742786,421
"395",398,"Head After",233,2111,593,1.356,0.904,-14536402,421
"396",399,"Head After",234,2111,593,0,0,-12303805,421
"397",400,"Head After",235,2113,595,0.959,0.639,-13682878,421
"398",401,"Head After",236,2113,595,0,0,-12432558,421
"399",402,"Head After",237,2113,593,0.678,0.452,-10056059,421
"400",403,"Head After",238,2115,593,0.678,0.452,-10645893,421
"401",404,"Head After",239,2111,589,1.918,1.278,-12825277,421
"402",405,"Head After",240,2111,587,0.678,0.452,-10522269,421
"403",406,"Head After",241,2113,584,1.222,0.815,-10383986,421
"404",407,"Head After",242,2113,587,1.017,0.678,-11636124,421
"405",408,"Head After",243,2111,587,0.678,0.452,-11520195,421
"406",409,"Head After",244,2111,589,0.678,0.452,-11376798,421
"407",410,"Head After",245,2111,589,0,0,-11840170,421
"408",411,"Head After",246,2111,589,0,0,-11703193,421
"409",412,"Head After",247,2113,584,1.826,1.217,-10713228,421
"410",413,"Head After",248,2113,582,0.678,0.452,-9544865,421
"411",414,"Head After",249,2113,582,0,0,-10519179,421
"412",415,"Head After",250,2113,580,0.678,0.452,-10066043,421
"413",416,"Head After",251,2115,582,0.959,0.639,-9077626,421
"414",417,"Head After",252,2115,587,1.695,1.13,-9335159,421
"415",418,"Head After",253,2115,589,0.678,0.452,-10322303,421
"416",419,"Head After",254,2113,587,0.959,0.639,-4205874,421
"417",420,"Head After",255,2111,589,0.959,0.639,-9598605,421
"418",421,"Head After",256,2111,587,0.678,0.452,-8807275,421
"419",422,"Head After",257,2113,587,0.678,0.452,-11718588,421
"420",423,"Head After",258,2109,587,1.356,0.904,-9344139,421
"421",424,"Head After",259,2109,587,0,0,-4807500,421
"422",425,"Head After",260,2109,584,1.017,0.678,-9082268,421
"423",426,"Head After",261,2109,582,0.678,0.452,-11703206,421
"424",427,"Head After",262,2102,580,2.468,1.645,-9211521,421
"425",428,"Head After",263,2098,576,1.918,1.278,-12892860,421
"426",429,"Head After",264,2092,578,2.144,1.429,-8354936,421
"427",430,"Head After",265,2092,576,0.678,0.452,-12164774,421
"428",431,"Head After",266,2094,570,2.144,1.429,-12029340,421
"429",432,"Head After",267,2090,563,2.733,1.822,-9277325,421
"430",433,"Head After",268,2077,555,5.175,3.45,-11971247,421
"431",434,"Head After",269,2073,538,5.92,3.947,-4932164,421
"432",435,"Head After",270,2067,526,4.548,3.032,-8293491,421
"433",436,"Head After",271,2063,532,2.445,1.63,-9603988,421
"434",437,"Head After",272,2060,532,1.017,0.678,-9926785,421
"435",438,"Head After",273,2065,532,1.695,1.13,-9596254,421
"436",439,"Head After",274,2060,532,1.695,1.13,-8277832,421
"437",440,"Head After",275,2063,530,1.222,0.815,-8879225,421
"438",441,"Head After",276,2071,540,4.341,2.894,-10923179,421
"439",442,"Head After",277,2077,549,3.667,2.445,-8551802,421
"440",443,"Head After",278,2077,547,0.678,0.452,-9801126,421
"441",444,"Head After",279,2069,545,2.795,1.864,-11312799,421
"442",445,"Head After",280,2065,540,2.171,1.447,-9409164,421
"443",446,"Head After",281,2065,530,3.39,2.26,-11306906,421
"444",447,"Head After",282,2060,534,2.171,1.447,-9675137,421
"445",448,"Head After",283,2065,530,2.171,1.447,-9077377,421
"446",449,"Head After",284,2060,530,1.695,1.13,-9138029,421
"447",450,"Head After",285,2058,528,0.959,0.639,-7169096,421
"448",451,"Head After",286,2054,532,1.918,1.278,-7966043,421
"449",452,"Head After",287,2067,534,4.459,2.973,-8954719,421
"450",453,"Head After",288,2063,528,2.445,1.63,-15920343,421
"451",454,"Head After",289,2063,536,2.712,1.808,-7951979,421
"452",455,"Head After",290,2054,534,3.125,2.084,-13357512,421
"453",456,"Head After",291,2054,536,0.678,0.452,-11512521,421
"454",457,"Head After",292,2054,538,0.678,0.452,-12500958,421
"455",458,"Head After",293,2054,534,1.356,0.904,-5453134,421
"456",459,"Head After",294,2056,536,0.959,0.639,-14405596,421
"457",460,"Head After",295,2054,532,1.516,1.011,-13877447,421
"458",461,"Head After",296,2058,532,1.356,0.904,-8685180,421
"459",462,"Head After",297,2056,519,4.459,2.973,-12826055,421
"460",463,"Head After",298,2048,509,4.341,2.894,-11575962,421
"461",464,"Head After",299,2033,503,5.477,3.651,-12693171,421
"462",465,"Head After",300,2029,505,1.516,1.011,-12883620,421
"463",466,"Head After",301,2029,501,1.356,0.904,-16443864,421
"464",467,"Head After",302,2027,501,0.678,0.452,-16175837,421
"465",468,"Head After",303,2027,499,0.678,0.452,-13878717,421
"466",469,"Head After",304,2023,501,1.516,1.011,-15329259,421
"467",470,"Head After",305,2019,499,1.516,1.011,-13613521,421
"468",471,"Head After",306,2019,496,1.017,0.678,-10403498,421
"469",472,"Head After",307,2012,501,2.916,1.944,-15789543,421
"470",473,"Head After",308,2014,507,2.144,1.429,-11427709,421
"471",474,"Head After",309,2014,511,1.356,0.904,-10454920,421
"472",475,"Head After",310,2010,511,1.356,0.904,-14601183,421
"473",476,"Head After",311,2006,505,2.445,1.63,-12967652,421
"474",477,"Head After",312,2010,509,1.918,1.278,-16181480,421
"475",478,"Head After",313,2010,503,2.034,1.356,-15986411,421
"476",479,"Head After",314,2014,505,1.516,1.011,-8943247,421
"477",480,"Head After",315,2033,496,7.127,4.751,-8219011,421
"478",481,"Head After",316,2035,494,0.959,0.639,-13820367,421
"479",482,"Head After",317,2037,492,0.959,0.639,-15780806,421
"480",483,"Head After",318,2037,494,0.678,0.452,-12555171,421
"481",484,"Head After",319,2029,482,4.889,3.259,-7835772,421
"482",485,"Head After",320,2014,471,6.306,4.204,-11900582,421
"483",486,"Head After",321,1998,467,5.591,3.727,-14212043,421
"484",487,"Head After",322,2008,450,6.686,4.457,-10848675,421
"485",488,"Head After",323,2002,444,2.877,1.918,-9929616,421
"486",489,"Head After",324,1991,446,3.79,2.527,-13682633,421
"487",490,"Head After",325,1993,434,4.124,2.749,-13077667,421
"488",491,"Head After",326,1989,425,3.339,2.226,-13227179,421
"489",492,"Head After",327,1991,423,0.959,0.639,-15916256,421
"490",493,"Head After",328,1979,423,4.068,2.712,-13537677,421
"491",494,"Head After",329,1968,408,6.306,4.204,-13886674,421
"492",495,"Head After",330,1958,398,4.794,3.196,-9994618,421
"493",497,"Tail After",167,2201,637,0.959,0.639,-14065815,421
"494",498,"Tail After",168,2201,637,0,0,-13405323,421
"495",499,"Tail After",169,2201,637,0,0,-12097397,421
"496",500,"Tail After",170,2201,641,1.356,0.904,-14139553,421
"497",501,"Tail After",171,2205,641,1.356,0.904,-16367802,421
"498",502,"Tail After",172,2203,639,0.959,0.639,-15653057,421
"499",503,"Tail After",173,2203,633,2.034,1.356,-11365242,421
"500",504,"Tail After",174,2205,631,0.959,0.639,-12286595,421
"501",505,"Tail After",175,2205,637,2.034,1.356,-15122616,421
"502",506,"Tail After",176,2207,635,0.959,0.639,-16114135,421
"503",507,"Tail After",177,2205,633,0.959,0.639,-13865627,421
"504",508,"Tail After",178,2205,631,0.678,0.452,-14465698,421
"505",509,"Tail After",179,2207,628,1.222,0.815,-12699045,421
"506",510,"Tail After",180,2207,631,1.017,0.678,-15259327,421
"507",511,"Tail After",181,2207,628,1.017,0.678,-14274485,421
"508",512,"Tail After",182,2207,628,0,0,-12756625,421
"509",513,"Tail After",183,2205,628,0.678,0.452,-11247472,421
"510",514,"Tail After",184,2205,628,0,0,-12962213,421
"511",515,"Tail After",185,2203,626,0.959,0.639,-12429167,421
"512",516,"Tail After",186,2203,628,0.678,0.452,-11833994,421
"513",517,"Tail After",187,2201,628,0.678,0.452,-12240019,421
"514",518,"Tail After",188,2199,626,0.959,0.639,-12830139,421
"515",519,"Tail After",189,2193,626,2.034,1.356,-11967618,421
"516",520,"Tail After",190,2193,624,0.678,0.452,-11710850,421
"517",521,"Tail After",191,2193,626,0.678,0.452,-12954253,421
"518",522,"Tail After",192,2193,628,0.678,0.452,-12365975,421
"519",523,"Tail After",193,2190,631,1.438,0.959,-15329231,421
"520",524,"Tail After",194,2190,628,1.017,0.678,-12952472,421
"521",525,"Tail After",195,2193,626,1.222,0.815,-14344633,421
"522",526,"Tail After",196,2190,624,1.222,0.815,-14666388,421
"523",527,"Tail After",197,2195,631,2.916,1.944,-15065022,421
"524",528,"Tail After",198,2186,624,3.865,2.577,-13148796,421
"525",529,"Tail After",199,2188,624,0.678,0.452,-15395024,421
"526",530,"Tail After",200,2190,622,0.959,0.639,-14068645,421
"527",531,"Tail After",201,2190,620,0.678,0.452,-12088935,421
"528",532,"Tail After",202,2190,620,0,0,-14660773,421
"529",533,"Tail After",203,2186,620,1.356,0.904,-14273956,421
"530",534,"Tail After",204,2184,620,0.678,0.452,-14669221,421
"531",535,"Tail After",205,2182,622,0.959,0.639,-10720623,421
"532",536,"Tail After",206,2182,624,0.678,0.452,-14469035,421
"533",537,"Tail After",207,2182,622,0.678,0.452,-13679772,421
"534",538,"Tail After",208,2182,622,0,0,-11642489,421
"535",539,"Tail After",209,2182,624,0.678,0.452,-9075289,421
"536",540,"Tail After",210,2182,626,0.678,0.452,-11437173,421
"537",541,"Tail After",211,2184,624,0.959,0.639,-11904373,421
"538",542,"Tail After",212,2184,626,0.678,0.452,-11776396,421
"539",543,"Tail After",213,2184,626,0,0,-14799542,421
"540",544,"Tail After",214,2184,626,0,0,-13356708,421
"541",545,"Tail After",215,2186,628,0.959,0.639,-11182457,421
"542",546,"Tail After",216,2186,628,0,0,-15851737,421
"543",547,"Tail After",217,2184,626,0.959,0.639,-15853259,421
"544",548,"Tail After",218,2184,620,2.034,1.356,-11581326,421
"545",549,"Tail After",219,2184,622,0.678,0.452,-14068115,421
"546",550,"Tail After",220,2184,620,0.678,0.452,-14076581,421
"547",551,"Tail After",221,2182,622,0.959,0.639,-13875106,421
"548",552,"Tail After",222,2182,620,0.678,0.452,-12364672,421
"549",553,"Tail After",223,2180,622,0.959,0.639,-11373424,421
"550",554,"Tail After",224,2182,624,0.959,0.639,-13147791,421
"551",555,"Tail After",225,2184,622,0.959,0.639,-15524017,421
"552",556,"Tail After",226,2184,624,0.678,0.452,-14205334,421
"553",557,"Tail After",227,2184,624,0,0,-12825224,421
"554",558,"Tail After",228,2184,624,0,0,-14863276,421
"555",559,"Tail After",229,2184,624,0,0,-14860456,421
"556",560,"Tail After",230,2180,624,1.356,0.904,-15262409,421
"557",561,"Tail After",231,2184,624,1.356,0.904,-11768699,421
"558",562,"Tail After",232,2184,624,0,0,-13545114,421
"559",563,"Tail After",233,2184,624,0,0,-15191982,421
"560",564,"Tail After",234,2184,624,0,0,-14463653,421
"561",565,"Tail After",235,2184,624,0,0,-13613477,421
"562",566,"Tail After",236,2182,620,1.516,1.011,-9867383,421
"563",567,"Tail After",237,2186,622,1.516,1.011,-10781305,421
"564",568,"Tail After",238,2182,626,1.918,1.278,-11115642,421
"565",569,"Tail After",239,2184,626,0.678,0.452,-14733234,421
"566",570,"Tail After",240,2184,624,0.678,0.452,-14927017,421
"567",571,"Tail After",241,2182,624,0.678,0.452,-11044976,421
"568",572,"Tail After",242,2184,624,0.678,0.452,-15919048,421
"569",573,"Tail After",243,2184,622,0.678,0.452,-13145726,421
"570",574,"Tail After",244,2182,622,0.678,0.452,-13214591,421
"571",575,"Tail After",245,2182,624,0.678,0.452,-14670787,421
"572",576,"Tail After",246,2184,626,0.959,0.639,-10252639,421
"573",577,"Tail After",247,2186,626,0.678,0.452,-9662555,421
"574",578,"Tail After",248,2186,626,0,0,-11969928,421
"575",579,"Tail After",249,2186,624,0.678,0.452,-15395525,421
"576",580,"Tail After",250,2186,620,1.356,0.904,-11908233,421
"577",581,"Tail After",251,2186,624,1.356,0.904,-15127761,421
"578",582,"Tail After",252,2180,622,2.144,1.429,-12953755,421
"579",583,"Tail After",253,2180,620,0.678,0.452,-11965541,421
"580",584,"Tail After",254,2182,622,0.959,0.639,-14532005,421
"581",585,"Tail After",255,2180,620,0.959,0.639,-9604464,421
"582",586,"Tail After",256,2184,618,1.516,1.011,-14869432,421
"583",587,"Tail After",257,2182,620,0.959,0.639,-9867626,421
"584",588,"Tail After",258,2184,622,0.959,0.639,-14540467,421
"585",589,"Tail After",259,2184,624,0.678,0.452,-14796970,421
"586",590,"Tail After",260,2184,624,0,0,-14929087,421
"587",591,"Tail After",261,2182,622,0.959,0.639,-15189408,421
"588",592,"Tail After",262,2180,622,0.678,0.452,-11381378,421
"589",593,"Tail After",263,2182,626,1.516,1.011,-13346965,421
"590",594,"Tail After",264,2180,624,0.959,0.639,-13357488,421
"591",595,"Tail After",265,2184,624,1.356,0.904,-11040875,421
"592",596,"Tail After",266,2182,624,0.678,0.452,-12224389,421
"593",597,"Tail After",267,2184,620,1.516,1.011,-9071697,421
"594",598,"Tail After",268,2186,622,0.959,0.639,-14147264,421
"595",599,"Tail After",269,2186,618,1.356,0.904,-10654607,421
"596",600,"Tail After",270,2193,620,2.468,1.645,-13817271,421
"597",601,"Tail After",271,2193,618,0.678,0.452,-14867117,421
"598",602,"Tail After",272,2190,628,3.539,2.36,-12220263,421
"599",603,"Tail After",273,2193,631,1.438,0.959,-14475706,421
"600",604,"Tail After",274,2193,624,2.373,1.582,-12632731,421
"601",605,"Tail After",275,2195,633,3.125,2.084,-12558450,421
"602",606,"Tail After",276,2195,635,0.678,0.452,-11249528,421
"603",607,"Tail After",277,2193,635,0.678,0.452,-8489816,421
"604",608,"Tail After",278,2197,637,1.516,1.011,-11252613,421
"605",609,"Tail After",279,2197,637,0,0,-10594432,421
"606",610,"Tail After",280,2197,639,0.678,0.452,-8751715,421
"607",611,"Tail After",281,2195,637,0.959,0.639,-12702869,421
"608",612,"Tail After",282,2193,641,1.516,1.011,-8812636,421
"609",613,"Tail After",283,2195,643,0.959,0.639,-10120563,421
"610",614,"Tail After",284,2197,641,0.959,0.639,-11713916,421
"611",615,"Tail After",285,2195,639,0.959,0.639,-9149552,421
"612",616,"Tail After",286,2193,639,0.678,0.452,-7047247,421
"613",617,"Tail After",287,2193,643,1.356,0.904,-13020320,421
"614",618,"Tail After",288,2195,637,2.144,1.429,-13620900,421
"615",619,"Tail After",289,2201,635,2.144,1.429,-15186346,421
"616",620,"Tail After",290,2199,639,1.516,1.011,-13550217,421
"617",621,"Tail After",291,2195,633,2.445,1.63,-11179870,421
"618",622,"Tail After",292,2195,635,0.678,0.452,-12173202,421
"619",623,"Tail After",293,2193,639,1.516,1.011,-9732465,421
"620",624,"Tail After",294,2193,643,1.356,0.904,-13613485,421
"621",625,"Tail After",295,2193,641,0.678,0.452,-13279394,421
"622",626,"Tail After",296,2193,641,0,0,-9469557,421
"623",627,"Tail After",297,2195,639,0.959,0.639,-12429701,421
"624",628,"Tail After",298,2193,643,1.516,1.011,-11571849,421
"625",629,"Tail After",299,2195,641,0.959,0.639,-13948841,421
"626",630,"Tail After",300,2193,637,1.516,1.011,-14802863,421
"627",631,"Tail After",301,2193,637,0,0,-10923895,421
"628",632,"Tail After",302,2195,643,2.144,1.429,-10527609,421
"629",633,"Tail After",303,2197,641,0.959,0.639,-10988661,421
"630",634,"Tail After",304,2195,637,1.516,1.011,-11116926,421
"631",635,"Tail After",305,2193,641,1.516,1.011,-10462843,421
"632",636,"Tail After",306,2195,643,0.959,0.639,-14278326,421
"633",637,"Tail After",307,2190,639,2.171,1.447,-11975045,421
"634",638,"Tail After",308,2195,641,1.826,1.217,-13750688,421
"635",639,"Tail After",309,2190,637,2.171,1.447,-10260072,421
"636",640,"Tail After",310,2184,635,2.144,1.429,-13351817,421
"637",641,"Tail After",311,2186,635,0.678,0.452,-11895936,421
"638",642,"Tail After",312,2184,633,0.959,0.639,-12498301,421
"639",643,"Tail After",313,2186,635,0.959,0.639,-13675918,421
"640",644,"Tail After",314,2184,631,1.516,1.011,-14802622,421
"641",645,"Tail After",315,2182,635,1.516,1.011,-12368780,421
"642",646,"Tail After",316,2182,633,0.678,0.452,-13279371,421
"643",647,"Tail After",317,2182,637,1.356,0.904,-12491143,421
"644",648,"Tail After",318,2178,637,1.356,0.904,-12765591,421
"645",649,"Tail After",319,2180,637,0.678,0.452,-11913102,421
"646",650,"Tail After",320,2180,637,0,0,-11644810,421
"647",651,"Tail After",321,2186,641,2.445,1.63,-13542820,421
"648",652,"Tail After",322,2186,641,0,0,-14992057,421
"649",653,"Tail After",323,2188,641,0.678,0.452,-12823969,421
"650",654,"Tail After",324,2188,639,0.678,0.452,-12751256,421
"651",655,"Tail After",325,2188,639,0,0,-14257562,421
"652",656,"Tail After",326,2188,639,0,0,-12353665,421
"653",657,"Tail After",327,2188,637,0.678,0.452,-12424309,421
"654",658,"Tail After",328,2190,637,0.678,0.452,-13882801,421
"655",659,"Tail After",329,2193,641,1.695,1.13,-10784126,421
"656",660,"Tail After",330,2195,643,0.959,0.639,-12293523,421
"1",2,"Head Before",2,1721,199,25.784,17.189,-10521483,422
"2",3,"Head Before",3,1677,259,25.223,16.815,-8480868,422
"3",4,"Head Before",4,1639,324,25.524,17.016,-7826272,422
"4",5,"Head Before",5,1616,425,35.116,23.41,-10129562,422
"5",6,"Head Before",6,1589,482,21.381,14.254,-7632241,422
"6",7,"Head Before",7,1553,530,20.34,13.56,-9141093,422
"7",8,"Head Before",8,1507,593,26.444,17.629,-9339774,422
"8",9,"Head Before",9,1452,597,18.694,12.463,-9668739,422
"9",10,"Head Before",10,1440,587,5.295,3.53,-8418421,422
"10",11,"Head Before",11,1434,593,2.877,1.918,-5592657,422
"11",12,"Head Before",12,1419,591,5.13,3.42,-5794385,422
"12",13,"Head Before",13,1415,595,1.918,1.278,-6978186,422
"13",14,"Head Before",14,1400,599,5.263,3.508,-7435872,422
"14",15,"Head Before",15,1383,593,6.111,4.074,-8817528,422
"15",16,"Head Before",16,1383,593,0,0,-7438442,422
"16",17,"Head Before",17,1381,595,0.959,0.639,-5204295,422
"17",18,"Head Before",18,1371,587,4.341,2.894,-9401717,422
"18",19,"Head Before",19,1371,578,3.051,2.034,-7372643,422
"19",20,"Head Before",20,1369,593,5.13,3.42,-9076863,422
"20",21,"Head Before",21,1375,589,2.445,1.63,-7370096,422
"21",22,"Head Before",22,1367,589,2.712,1.808,-5530445,422
"22",23,"Head Before",23,1358,593,3.339,2.226,-6125646,422
"23",24,"Head Before",24,1367,589,3.339,2.226,-6781284,422
"24",25,"Head Before",25,1362,584,2.397,1.598,-9274245,422
"25",26,"Head Before",26,1369,580,2.733,1.822,-6978669,422
"26",27,"Head Before",27,1367,582,0.959,0.639,-7766899,422
"27",28,"Head Before",28,1362,578,2.171,1.447,-8223849,422
"28",29,"Head Before",29,1356,572,2.877,1.918,-7502699,422
"29",30,"Head Before",30,1362,574,2.144,1.429,-6645094,422
"30",31,"Head Before",31,1364,574,0.678,0.452,-5660507,422
"31",32,"Head Before",32,1362,576,0.959,0.639,-6709848,422
"32",33,"Head Before",33,1362,576,0,0,-9476503,422
"33",34,"Head Before",34,1350,576,4.068,2.712,-12758705,422
"34",35,"Head Before",35,1356,580,2.445,1.63,-11442331,422
"35",36,"Head Before",36,1360,576,1.918,1.278,-10528924,422
"36",37,"Head Before",37,1358,576,0.678,0.452,-10781842,422
"37",38,"Head Before",38,1367,578,3.125,2.084,-9211773,422
"38",39,"Head Before",39,1362,578,1.695,1.13,-7898983,422
"39",40,"Head Before",40,1360,570,2.795,1.864,-10320503,422
"40",41,"Head Before",41,1369,582,5.085,3.39,-7958359,422
"41",42,"Head Before",42,1364,587,2.397,1.598,-8548730,422
"42",43,"Head Before",43,1362,580,2.468,1.645,-9078147,422
"43",44,"Head Before",44,1360,593,4.459,2.973,-8288355,422
"44",45,"Head Before",45,1367,589,2.733,1.822,-6715499,422
"45",46,"Head Before",46,1390,608,10.113,6.742,-4935489,422
"46",47,"Head Before",47,1392,612,1.516,1.011,-7109730,422
"47",48,"Head Before",48,1387,608,2.171,1.447,-6382422,422
"48",49,"Head Before",49,1383,614,2.445,1.63,-10318207,422
"49",50,"Head Before",50,1371,605,5.085,3.39,-5469005,422
"50",51,"Head Before",51,1364,603,2.468,1.645,-9608849,422
"51",52,"Head Before",52,1367,612,3.216,2.144,-7499376,422
"52",53,"Head Before",53,1371,618,2.445,1.63,-6185043,422
"53",54,"Head Before",54,1362,610,4.082,2.721,-6845794,422
"54",55,"Head Before",55,1362,601,3.051,2.034,-8746622,422
"55",56,"Head Before",56,1354,599,2.795,1.864,-6382682,422
"56",57,"Head Before",57,1360,608,3.667,2.445,-9406342,422
"57",58,"Head Before",58,1354,591,6.111,4.074,-8082518,422
"58",59,"Head Before",59,1350,578,4.611,3.074,-10124413,422
"59",60,"Head Before",60,1350,574,1.356,0.904,-10260100,422
"60",61,"Head Before",61,1348,582,2.795,1.864,-5400892,422
"61",62,"Head Before",62,1350,593,3.79,2.527,-7373167,422
"62",63,"Head Before",63,1352,549,14.931,9.954,-11321274,422
"63",64,"Head Before",64,1348,553,1.918,1.278,-9992568,422
"64",65,"Head Before",65,1350,536,5.803,3.868,-11377829,422
"65",66,"Head Before",66,1350,536,0,0,-11909815,422
"66",67,"Head Before",67,1354,534,1.516,1.011,-10976398,422
"67",68,"Head Before",68,1352,534,0.678,0.452,-13221581,422
"68",69,"Head Before",69,1350,534,0.678,0.452,-6971480,422
"69",70,"Head Before",70,1356,526,3.39,2.26,-8092027,422
"70",71,"Head Before",71,1360,526,1.356,0.904,-11702942,422
"71",72,"Head Before",72,1356,534,3.032,2.021,-12171454,422
"72",73,"Head Before",73,1350,530,2.445,1.63,-6963269,422
"73",74,"Head Before",74,1354,528,1.516,1.011,-9481367,422
"74",75,"Head Before",75,1358,524,1.918,1.278,-11390903,422
"75",76,"Head Before",76,1360,540,5.466,3.644,-12037551,422
"76",77,"Head Before",77,1362,532,2.795,1.864,-11976108,422
"77",78,"Head Before",78,1354,538,3.39,2.26,-11183780,422
"78",79,"Head Before",79,1354,536,0.678,0.452,-10735543,422
"79",80,"Head Before",80,1354,540,1.356,0.904,-13815240,422
"80",81,"Head Before",81,1356,547,2.468,1.645,-11058890,422
"81",82,"Head Before",82,1354,557,3.457,2.305,-9279878,422
"82",83,"Head Before",83,1352,557,0.678,0.452,-8348002,422
"83",84,"Head Before",84,1358,572,5.477,3.651,-8555377,422
"84",85,"Head Before",85,1362,580,3.032,2.021,-7766111,422
"85",86,"Head Before",86,1360,570,3.457,2.305,-9074537,422
"86",87,"Head Before",87,1360,574,1.356,0.904,-7304303,422
"87",88,"Head Before",88,1360,574,0,0,-6842234,422
"88",89,"Head Before",89,1358,561,4.459,2.973,-4209965,422
"89",90,"Head Before",90,1356,549,4.124,2.749,-6119536,422
"90",91,"Head Before",91,1356,549,0,0,-11307927,422
"91",92,"Head Before",92,1354,547,0.959,0.639,-9607824,422
"92",93,"Head Before",93,1352,545,0.959,0.639,-6255449,422
"93",94,"Head Before",94,1352,545,0,0,-11640732,422
"94",95,"Head Before",95,1352,547,0.678,0.452,-12493472,422
"95",96,"Head Before",96,1352,549,0.678,0.452,-4218705,422
"96",97,"Head Before",97,1352,545,1.356,0.904,-11187129,422
"97",98,"Head Before",98,1352,545,0,0,-13745607,422
"98",100,"Tail Before",2,1754,140,25.873,17.249,-12559793,422
"99",101,"Tail Before",3,1704,203,27.266,18.177,-13284258,422
"100",102,"Tail Before",4,1677,287,29.911,19.941,-14074805,422
"101",103,"Tail Before",5,1629,360,29.617,19.745,-14141119,422
"102",104,"Tail Before",6,1608,423,22.512,15.008,-16509163,422
"103",105,"Tail Before",7,1580,475,20.021,13.347,-14601421,422
"104",106,"Tail Before",8,1561,547,25.244,16.829,-15256269,422
"105",107,"Tail Before",9,1515,572,17.748,11.832,-15384003,422
"106",108,"Tail Before",10,1513,572,0.678,0.452,-14261925,422
"107",109,"Tail Before",11,1490,572,7.797,5.198,-14471889,422
"108",110,"Tail Before",12,1478,574,4.124,2.749,-13612720,422
"109",111,"Tail Before",13,1476,574,0.678,0.452,-12435370,422
"110",112,"Tail Before",14,1467,574,3.051,2.034,-13545911,422
"111",113,"Tail Before",15,1455,580,4.548,3.032,-12755122,422
"112",114,"Tail Before",16,1448,576,2.733,1.822,-13288112,422
"113",115,"Tail Before",17,1442,566,3.953,2.636,-14014151,422
"114",116,"Tail Before",18,1440,561,1.826,1.217,-10324355,422
"115",117,"Tail Before",19,1440,559,0.678,0.452,-10122875,422
"116",118,"Tail Before",20,1436,555,1.918,1.278,-10327693,422
"117",119,"Tail Before",21,1429,549,3.125,2.084,-13543329,422
"118",120,"Tail Before",22,1427,551,0.959,0.639,-13417397,422
"119",121,"Tail Before",23,1421,557,2.877,1.918,-15910069,422
"120",122,"Tail Before",24,1432,555,3.79,2.527,-15249060,422
"121",123,"Tail Before",25,1427,553,1.826,1.217,-13874329,422
"122",124,"Tail Before",26,1429,549,1.516,1.011,-12166038,422
"123",125,"Tail Before",27,1429,551,0.678,0.452,-10786442,422
"124",126,"Tail Before",28,1425,547,1.918,1.278,-12367493,422
"125",127,"Tail Before",29,1425,545,0.678,0.452,-14991270,422
"126",128,"Tail Before",30,1423,547,0.959,0.639,-13277837,422
"127",129,"Tail Before",31,1425,549,0.959,0.639,-12361624,422
"128",130,"Tail Before",32,1423,549,0.678,0.452,-10118512,422
"129",131,"Tail Before",33,1423,547,0.678,0.452,-12498578,422
"130",132,"Tail Before",34,1425,549,0.959,0.639,-11497594,422
"131",133,"Tail Before",35,1421,551,1.516,1.011,-10587032,422
"132",134,"Tail Before",36,1421,551,0,0,-12226455,422
"133",135,"Tail Before",37,1421,547,1.356,0.904,-9865594,422
"134",136,"Tail Before",38,1425,545,1.516,1.011,-11779491,422
"135",137,"Tail Before",39,1429,547,1.516,1.011,-14007229,422
"136",138,"Tail Before",40,1429,549,0.678,0.452,-14272970,422
"137",139,"Tail Before",41,1429,553,1.356,0.904,-12368572,422
"138",140,"Tail Before",42,1427,551,0.959,0.639,-13542052,422
"139",141,"Tail Before",43,1427,547,1.356,0.904,-16762807,422
"140",142,"Tail Before",44,1419,553,3.39,2.26,-14925243,422
"141",143,"Tail Before",45,1421,555,0.959,0.639,-10988711,422
"142",144,"Tail Before",46,1425,555,1.356,0.904,-9592174,422
"143",145,"Tail Before",47,1423,553,0.959,0.639,-10646648,422
"144",146,"Tail Before",48,1423,553,0,0,-13146496,422
"145",147,"Tail Before",49,1413,557,3.651,2.434,-9671847,422
"146",148,"Tail Before",50,1413,553,1.356,0.904,-12493223,422
"147",149,"Tail Before",51,1415,549,1.516,1.011,-9012102,422
"148",150,"Tail Before",52,1411,553,1.918,1.278,-13084846,422
"149",151,"Tail Before",53,1413,553,0.678,0.452,-8757669,422
"150",152,"Tail Before",54,1411,555,0.959,0.639,-10447713,422
"151",153,"Tail Before",55,1411,551,1.356,0.904,-14586792,422
"152",154,"Tail Before",56,1408,555,1.695,1.13,-11035774,422
"153",155,"Tail Before",57,1408,553,0.678,0.452,-14651558,422
"154",156,"Tail Before",58,1408,553,0,0,-15308182,422
"155",157,"Tail Before",59,1406,551,0.959,0.639,-15049897,422
"156",158,"Tail Before",60,1408,553,0.959,0.639,-15456706,422
"157",159,"Tail Before",61,1406,549,1.516,1.011,-11377564,422
"158",160,"Tail Before",62,1406,549,0,0,-7951714,422
"159",161,"Tail Before",63,1404,547,0.959,0.639,-12685452,422
"160",162,"Tail Before",64,1406,547,0.678,0.452,-10572903,422
"161",163,"Tail Before",65,1406,551,1.356,0.904,-11108749,422
"162",164,"Tail Before",66,1404,549,0.959,0.639,-12435620,422
"163",165,"Tail Before",67,1411,553,2.733,1.822,-14338249,422
"164",166,"Tail Before",68,1415,553,1.356,0.904,-14603200,422
"165",167,"Tail Before",69,1413,553,0.678,0.452,-14148544,422
"166",168,"Tail Before",70,1415,549,1.516,1.011,-8689564,422
"167",169,"Tail Before",71,1415,551,0.678,0.452,-11127739,422
"168",170,"Tail Before",72,1419,555,1.918,1.278,-11901861,422
"169",171,"Tail Before",73,1417,553,0.959,0.639,-13279905,422
"170",172,"Tail Before",74,1417,547,2.034,1.356,-12288658,422
"171",173,"Tail Before",75,1413,549,1.516,1.011,-13550002,422
"172",174,"Tail Before",76,1408,557,3.198,2.132,-11846563,422
"173",175,"Tail Before",77,1406,561,1.516,1.011,-13544861,422
"174",176,"Tail Before",78,1404,561,0.678,0.452,-7632749,422
"175",177,"Tail Before",79,1402,555,2.144,1.429,-7983270,422
"176",178,"Tail Before",80,1402,559,1.356,0.904,-9423734,422
"177",179,"Tail Before",81,1402,559,0,0,-11525049,422
"178",180,"Tail Before",82,1404,563,1.516,1.011,-11969699,422
"179",181,"Tail Before",83,1413,568,3.49,2.327,-9478592,422
"180",182,"Tail Before",84,1419,570,2.144,1.429,-11249904,422
"181",183,"Tail Before",85,1427,572,2.795,1.864,-12762554,422
"182",184,"Tail Before",86,1427,572,0,0,-11047334,422
"183",185,"Tail Before",87,1427,578,2.034,1.356,-13937574,422
"184",186,"Tail Before",88,1421,572,2.877,1.918,-11706008,422
"185",187,"Tail Before",89,1417,568,1.918,1.278,-10651784,422
"186",188,"Tail Before",90,1415,557,3.79,2.527,-13096891,422
"187",189,"Tail Before",91,1413,561,1.516,1.011,-10794916,422
"188",190,"Tail Before",92,1413,563,0.678,0.452,-10254469,422
"189",191,"Tail Before",93,1411,570,2.468,1.645,-8347258,422
"190",192,"Tail Before",94,1406,557,4.722,3.148,-7118460,422
"191",193,"Tail Before",95,1411,563,2.648,1.765,-12894125,422
"192",194,"Tail Before",96,1411,568,1.695,1.13,-14213834,422
"193",195,"Tail Before",97,1404,566,2.468,1.645,-14803400,422
"194",196,"Tail Before",98,1404,566,0,0,-11758447,422
"195",198,"Head After",100,1356,540,0,0,-13147031,422
"196",199,"Head After",101,1360,534,2.445,1.63,-9270636,422
"197",200,"Head After",102,1360,534,0,0,-9339497,422
"198",201,"Head After",103,1358,530,1.516,1.011,-8871032,422
"199",202,"Head After",104,1360,526,1.516,1.011,-8411750,422
"200",203,"Head After",105,1360,526,0,0,-8488301,422
"201",204,"Head After",106,1360,526,0,0,-9665679,422
"202",205,"Head After",107,1356,526,1.356,0.904,-12110014,422
"203",206,"Head After",108,1354,524,0.959,0.639,-8613002,422
"204",207,"Head After",109,1352,524,0.678,0.452,-12224902,422
"205",208,"Head After",110,1350,524,0.678,0.452,-11906226,422
"206",209,"Head After",111,1348,528,1.516,1.011,-13346227,422
"207",210,"Head After",112,1348,526,0.678,0.452,-12090251,422
"208",211,"Head After",113,1348,519,2.373,1.582,-12560569,422
"209",212,"Head After",114,1348,519,0,0,-11772084,422
"210",213,"Head After",115,1346,519,0.678,0.452,-7697784,422
"211",214,"Head After",116,1348,519,0.678,0.452,-10797488,422
"212",215,"Head After",117,1350,517,0.959,0.639,-10982828,422
"213",216,"Head After",118,1350,519,0.678,0.452,-10721691,422
"214",217,"Head After",119,1348,517,0.959,0.639,-8284828,422
"215",218,"Head After",120,1348,517,0,0,-11584433,422
"216",219,"Head After",121,1341,522,2.916,1.944,-10453386,422
"217",220,"Head After",122,1337,524,1.516,1.011,-9537417,422
"218",221,"Head After",123,1335,528,1.516,1.011,-9074047,422
"219",222,"Head After",124,1335,528,0,0,-9863820,422
"220",223,"Head After",125,1337,528,0.678,0.452,-10264736,422
"221",224,"Head After",126,1331,534,2.877,1.918,-8736644,422
"222",225,"Head After",127,1333,530,1.516,1.011,-12040880,422
"223",226,"Head After",128,1333,536,2.034,1.356,-9150083,422
"224",227,"Head After",129,1337,536,1.356,0.904,-13284282,422
"225",228,"Head After",130,1335,532,1.516,1.011,-10341024,422
"226",229,"Head After",131,1333,536,1.516,1.011,-10723231,422
"227",230,"Head After",132,1335,536,0.678,0.452,-11843254,422
"228",231,"Head After",133,1337,534,0.959,0.639,-11043474,422
"229",232,"Head After",134,1339,530,1.516,1.011,-9086892,422
"230",233,"Head After",135,1335,532,1.516,1.011,-11770770,422
"231",234,"Head After",136,1337,532,0.678,0.452,-10254208,422
"232",235,"Head After",137,1333,536,1.918,1.278,-9935506,422
"233",236,"Head After",138,1333,536,0,0,-9143939,422
"234",237,"Head After",139,1335,536,0.678,0.452,-10522271,422
"235",238,"Head After",140,1333,536,0.678,0.452,-9014923,422
"236",239,"Head After",141,1335,534,0.959,0.639,-11975592,422
"237",240,"Head After",142,1333,528,2.144,1.429,-9211264,422
"238",241,"Head After",143,1329,530,1.516,1.011,-10462101,422
"239",242,"Head After",144,1331,532,0.959,0.639,-7753303,422
"240",243,"Head After",145,1329,528,1.516,1.011,-8678772,422
"241",244,"Head After",146,1329,530,0.678,0.452,-10732973,422
"242",245,"Head After",147,1329,534,1.356,0.904,-7302513,422
"243",246,"Head After",148,1329,532,0.678,0.452,-8741748,422
"244",247,"Head After",149,1327,532,0.678,0.452,-7093325,422
"245",248,"Head After",150,1325,534,0.959,0.639,-12036262,422
"246",249,"Head After",151,1325,536,0.678,0.452,-8808302,422
"247",250,"Head After",152,1327,534,0.959,0.639,-10198427,422
"248",251,"Head After",153,1325,534,0.678,0.452,-12106924,422
"249",252,"Head After",154,1325,534,0,0,-13154202,422
"250",253,"Head After",155,1327,534,0.678,0.452,-10526093,422
"251",254,"Head After",156,1325,532,0.959,0.639,-11637652,422
"252",255,"Head After",157,1325,534,0.678,0.452,-11052696,422
"253",256,"Head After",158,1325,534,0,0,-9400187,422
"254",257,"Head After",159,1325,534,0,0,-11976619,422
"255",258,"Head After",160,1325,534,0,0,-10654619,422
"256",259,"Head After",161,1327,534,0.678,0.452,-11050396,422
"257",260,"Head After",162,1327,532,0.678,0.452,-7822438,422
"258",261,"Head After",163,1327,526,2.034,1.356,-9925756,422
"259",262,"Head After",164,1322,526,1.695,1.13,-11633525,422
"260",263,"Head After",165,1318,528,1.516,1.011,-10405313,422
"261",264,"Head After",166,1318,526,0.678,0.452,-12702136,422
"262",265,"Head After",167,1320,524,0.959,0.639,-14872029,422
"263",266,"Head After",168,1316,526,1.516,1.011,-13289401,422
"264",267,"Head After",169,1314,522,1.516,1.011,-14601694,422
"265",268,"Head After",170,1316,519,1.222,0.815,-11314067,422
"266",269,"Head After",171,1316,509,3.39,2.26,-13945787,422
"267",270,"Head After",172,1314,511,0.959,0.639,-11843018,422
"268",271,"Head After",173,1316,509,0.959,0.639,-11711163,422
"269",272,"Head After",174,1316,509,0,0,-9536665,422
"270",273,"Head After",175,1318,509,0.678,0.452,-9342892,422
"271",274,"Head After",176,1318,511,0.678,0.452,-7888241,422
"272",275,"Head After",177,1322,513,1.516,1.011,-13416896,422
"273",276,"Head After",178,1322,511,0.678,0.452,-10459809,422
"274",277,"Head After",179,1329,507,2.733,1.822,-10985625,422
"275",278,"Head After",180,1327,507,0.678,0.452,-10457240,422
"276",279,"Head After",181,1327,509,0.678,0.452,-10450567,422
"277",280,"Head After",182,1327,509,0,0,-13547189,422
"278",281,"Head After",183,1329,507,0.959,0.639,-7761498,422
"279",282,"Head After",184,1331,509,0.959,0.639,-12492969,422
"280",283,"Head After",185,1346,505,5.263,3.508,-14280144,422
"281",284,"Head After",186,1339,499,3.125,2.084,-10123663,422
"282",285,"Head After",187,1337,501,0.959,0.639,-14339001,422
"283",286,"Head After",188,1329,499,2.795,1.864,-13935025,422
"284",287,"Head After",189,1327,496,1.222,0.815,-14407112,422
"285",288,"Head After",190,1325,496,0.678,0.452,-12161427,422
"286",289,"Head After",191,1325,496,0,0,-11107458,422
"287",290,"Head After",192,1327,492,1.516,1.011,-12816795,422
"288",291,"Head After",193,1325,492,0.678,0.452,-12431020,422
"289",292,"Head After",194,1327,490,0.959,0.639,-14663881,422
"290",293,"Head After",195,1331,488,1.516,1.011,-11179896,422
"291",294,"Head After",196,1333,488,0.678,0.452,-11182501,422
"292",295,"Head After",197,1341,490,2.795,1.864,-14467782,422
"293",297,"Tail After",100,1423,566,3.032,2.021,-11706014,422
"294",298,"Tail After",101,1423,570,1.356,0.904,-9667688,422
"295",299,"Tail After",102,1425,563,2.468,1.645,-13817034,422
"296",300,"Tail After",103,1423,561,0.959,0.639,-13548482,422
"297",301,"Tail After",104,1421,572,3.79,2.527,-13290690,422
"298",302,"Tail After",105,1421,568,1.356,0.904,-14199204,422
"299",303,"Tail After",106,1415,568,2.034,1.356,-11121589,422
"300",304,"Tail After",107,1421,568,2.034,1.356,-14535878,422
"301",305,"Tail After",108,1421,563,1.695,1.13,-12898226,422
"302",306,"Tail After",109,1419,566,1.222,0.815,-14010527,422
"303",307,"Tail After",110,1417,563,1.222,0.815,-12304557,422
"304",308,"Tail After",111,1417,563,0,0,-13356975,422
"305",309,"Tail After",112,1417,563,0,0,-13951163,422
"306",310,"Tail After",113,1419,563,0.678,0.452,-13942190,422
"307",311,"Tail After",114,1417,563,0.678,0.452,-8174746,422
"308",312,"Tail After",115,1417,561,0.678,0.452,-14210250,422
"309",313,"Tail After",116,1415,566,1.826,1.217,-12374449,422
"310",314,"Tail After",117,1413,566,0.678,0.452,-7046810,422
"311",315,"Tail After",118,1406,568,2.468,1.645,-10657912,422
"312",316,"Tail After",119,1411,566,1.826,1.217,-13668246,422
"313",317,"Tail After",120,1415,568,1.516,1.011,-12172217,422
"314",318,"Tail After",121,1413,566,0.959,0.639,-14200758,422
"315",319,"Tail After",122,1408,572,2.648,1.765,-13408916,422
"316",320,"Tail After",123,1415,570,2.468,1.645,-14996677,422
"317",321,"Tail After",124,1413,570,0.678,0.452,-12704202,422
"318",322,"Tail After",125,1413,568,0.678,0.452,-12239027,422
"319",323,"Tail After",126,1406,572,2.733,1.822,-13225134,422
"320",324,"Tail After",127,1408,570,0.959,0.639,-14261913,422
"321",325,"Tail After",128,1425,576,6.111,4.074,-9999005,422
"322",326,"Tail After",129,1411,580,4.936,3.291,-11309465,422
"323",327,"Tail After",130,1429,580,6.102,4.068,-11055543,422
"324",328,"Tail After",131,1425,576,1.918,1.278,-9678502,422
"325",329,"Tail After",132,1425,580,1.356,0.904,-12243130,422
"326",330,"Tail After",133,1423,578,0.959,0.639,-14011843,422
"327",331,"Tail After",134,1421,576,0.959,0.639,-9286818,422
"328",332,"Tail After",135,1421,574,0.678,0.452,-12562079,422
"329",333,"Tail After",136,1411,572,3.457,2.305,-13684891,422
"330",334,"Tail After",137,1411,570,0.678,0.452,-13274759,422
"331",335,"Tail After",138,1406,572,1.826,1.217,-14729396,422
"332",336,"Tail After",139,1406,576,1.356,0.904,-5844534,422
"333",337,"Tail After",140,1411,570,2.648,1.765,-12634777,422
"334",338,"Tail After",141,1419,566,3.032,2.021,-11454138,422
"335",339,"Tail After",142,1419,566,0,0,-8808330,422
"336",340,"Tail After",143,1421,563,1.222,0.815,-9999506,422
"337",341,"Tail After",144,1421,561,0.678,0.452,-10982050,422
"338",342,"Tail After",145,1419,566,1.826,1.217,-13226914,422
"339",343,"Tail After",146,1417,563,1.222,0.815,-14341335,422
"340",344,"Tail After",147,1415,563,0.678,0.452,-11501956,422
"341",345,"Tail After",148,1415,566,1.017,0.678,-10972798,422
"342",346,"Tail After",149,1413,572,2.144,1.429,-10595484,422
"343",347,"Tail After",150,1421,572,2.712,1.808,-11517359,422
"344",348,"Tail After",151,1417,570,1.516,1.011,-12506029,422
"345",349,"Tail After",152,1425,576,3.39,2.26,-14135224,422
"346",350,"Tail After",153,1427,578,0.959,0.639,-13225154,422
"347",351,"Tail After",154,1423,572,2.445,1.63,-13292980,422
"348",352,"Tail After",155,1425,570,0.959,0.639,-11258807,422
"349",353,"Tail After",156,1425,574,1.356,0.904,-11438228,422
"350",354,"Tail After",157,1423,568,2.144,1.429,-10994880,422
"351",355,"Tail After",158,1421,568,0.678,0.452,-11446972,422
"352",356,"Tail After",159,1419,563,1.826,1.217,-12226206,422
"353",357,"Tail After",160,1421,574,3.79,2.527,-10197665,422
"354",358,"Tail After",161,1429,572,2.795,1.864,-13484995,422
"355",359,"Tail After",162,1423,570,2.144,1.429,-12367276,422
"356",360,"Tail After",163,1423,566,1.356,0.904,-10077364,422
"357",361,"Tail After",164,1423,563,1.017,0.678,-7505293,422
"358",362,"Tail After",165,1425,561,0.959,0.639,-9087422,422
"359",363,"Tail After",166,1423,561,0.678,0.452,-11067331,422
"360",364,"Tail After",167,1421,561,0.678,0.452,-9873310,422
"361",365,"Tail After",168,1413,566,3.198,2.132,-13354175,422
"362",366,"Tail After",169,1423,566,3.39,2.26,-12891302,422
"363",367,"Tail After",170,1419,559,2.733,1.822,-11319471,422
"364",368,"Tail After",171,1415,559,1.356,0.904,-13282217,422
"365",369,"Tail After",172,1411,561,1.516,1.011,-12832421,422
"366",370,"Tail After",173,1415,574,4.611,3.074,-11239563,422
"367",371,"Tail After",174,1419,570,1.918,1.278,-14336683,422
"368",372,"Tail After",175,1421,574,1.516,1.011,-11106694,422
"369",373,"Tail After",176,1415,570,2.445,1.63,-12246705,422
"370",374,"Tail After",177,1415,566,1.356,0.904,-9945265,422
"371",375,"Tail After",178,1417,566,0.678,0.452,-9859200,422
"372",376,"Tail After",179,1421,570,1.918,1.278,-11372952,422
"373",377,"Tail After",180,1419,570,0.678,0.452,-12035490,422
"374",378,"Tail After",181,1419,578,2.712,1.808,-9285551,422
"375",379,"Tail After",182,1419,566,4.068,2.712,-13484994,422
"376",380,"Tail After",183,1427,580,5.466,3.644,-8745842,422
"377",381,"Tail After",184,1421,584,2.445,1.63,-8548980,422
"378",382,"Tail After",185,1434,574,5.56,3.707,-13222066,422
"379",383,"Tail After",186,1429,578,2.171,1.447,-11054254,422
"380",384,"Tail After",187,1425,578,1.356,0.904,-7371949,422
"381",385,"Tail After",188,1427,576,0.959,0.639,-11378088,422
"382",386,"Tail After",189,1419,572,3.032,2.021,-10651283,422
"383",387,"Tail After",190,1421,576,1.516,1.011,-11503999,422
"384",388,"Tail After",191,1425,578,1.516,1.011,-12038303,422
"385",389,"Tail After",192,1429,578,1.356,0.904,-10260899,422
"386",390,"Tail After",193,1423,576,2.144,1.429,-9814469,422
"387",391,"Tail After",194,1427,574,1.516,1.011,-9943466,422
"388",392,"Tail After",195,1425,576,0.959,0.639,-10658205,422
"389",393,"Tail After",196,1425,578,0.678,0.452,-11580847,422
"390",394,"Tail After",197,1423,574,1.516,1.011,-11584430,422
"1",2,"Head Before",2,580,1733,30.94,20.627,-8751976,423
"2",3,"Head Before",3,587,1717,5.92,3.947,-8416105,423
"3",4,"Head Before",4,608,1608,37.631,25.087,-6250621,423
"4",5,"Head Before",5,658,1658,23.971,15.981,-6843979,423
"5",6,"Head Before",6,654,1647,3.968,2.645,-7500895,423
"6",7,"Head Before",7,643,1624,8.643,5.762,-9008218,423
"7",8,"Head Before",8,647,1476,50.19,33.46,-10130585,423
"8",9,"Head Before",9,723,1346,51.048,34.032,-6385987,423
"9",10,"Head Before",10,800,1278,34.825,23.216,-8682868,423
"10",11,"Head Before",11,796,1270,3.032,2.021,-7698522,423
"11",12,"Head Before",12,771,1281,9.259,6.173,-9002054,423
"12",13,"Head Before",13,796,1291,9.128,6.085,-8086924,423
"13",14,"Head Before",14,782,1289,4.794,3.196,-12950699,423
"14",15,"Head Before",15,782,1297,2.712,1.808,-8290432,423
"15",16,"Head Before",16,784,1299,0.959,0.639,-8545379,423
"16",17,"Head Before",17,767,1308,6.521,4.347,-9072485,423
"17",18,"Head Before",18,756,1299,4.818,3.212,-9403519,423
"18",19,"Head Before",19,750,1293,2.877,1.918,-12758445,423
"19",20,"Head Before",20,752,1312,6.477,4.318,-6184802,423
"20",21,"Head Before",21,744,1304,3.835,2.557,-10257818,423
"21",22,"Head Before",22,735,1308,3.339,2.226,-12758946,423
"22",23,"Head Before",23,731,1306,1.516,1.011,-8939610,423
"23",24,"Head Before",24,727,1312,2.445,1.63,-8881797,423
"24",25,"Head Before",25,742,1318,5.477,3.651,-4934263,423
"25",26,"Head Before",26,738,1318,1.356,0.904,-9080189,423
"26",27,"Head Before",27,744,1310,3.39,2.26,-5523289,423
"27",28,"Head Before",28,729,1310,5.085,3.39,-8153944,423
"28",29,"Head Before",29,733,1312,1.516,1.011,-8095350,423
"29",30,"Head Before",30,738,1312,1.695,1.13,-6702918,423
"30",31,"Head Before",31,719,1320,6.989,4.659,-7041635,423
"31",32,"Head Before",32,683,1335,13.221,8.814,-7178073,423
"32",33,"Head Before",33,675,1322,5.175,3.45,-7829107,423
"33",34,"Head Before",34,670,1320,1.826,1.217,-8948589,423
"34",35,"Head Before",35,662,1327,3.604,2.402,-10523498,423
"35",36,"Head Before",36,649,1339,5.998,3.998,-9799031,423
"36",37,"Head Before",37,654,1333,2.648,1.765,-9730415,423
"37",38,"Head Before",38,664,1339,3.953,2.636,-8613233,423
"38",39,"Head Before",39,660,1327,4.288,2.859,-7837778,423
"39",40,"Head Before",40,660,1339,4.068,2.712,-7901580,423
"40",41,"Head Before",41,664,1314,8.583,5.722,-11572870,423
"41",42,"Head Before",42,666,1293,7.151,4.767,-10986877,423
"42",43,"Head Before",43,628,1276,14.112,9.408,-10265742,423
"43",44,"Head Before",44,578,1327,24.212,16.141,-6182233,423
"44",45,"Head Before",45,578,1339,4.068,2.712,-5664836,423
"45",46,"Head Before",46,576,1356,5.803,3.868,-9012864,423
"46",47,"Head Before",47,589,1337,7.804,5.203,-8743536,423
"47",48,"Head Before",48,584,1343,2.648,1.765,-9405336,423
"48",49,"Head Before",49,568,1316,10.639,7.093,-6578513,423
"49",50,"Head Before",50,570,1308,2.795,1.864,-9810044,423
"50",51,"Head Before",51,566,1302,2.445,1.63,-6319701,423
"51",52,"Head Before",52,557,1325,8.373,5.582,-6450787,423
"52",53,"Head Before",53,566,1343,6.822,4.548,-6774108,423
"53",54,"Head Before",54,549,1341,5.803,3.868,-11045255,423
"54",55,"Head Before",55,509,1341,13.56,9.04,-6710875,423
"55",56,"Head Before",56,465,1335,15.054,10.036,-9074294,423
"56",57,"Head Before",57,369,1304,34.199,22.799,-9803659,423
"57",58,"Head Before",58,343,1247,21.238,14.159,-8483700,423
"58",59,"Head Before",59,291,1176,29.834,19.889,-8352365,423
"59",60,"Head Before",60,188,1151,35.931,23.954,-8749684,423
"60",61,"Head Before",61,222,1142,11.923,7.949,-13035479,423
"61",62,"Head Before",62,224,1155,4.459,2.973,-8939942,423
"62",63,"Head Before",63,230,1155,2.034,1.356,-11969951,423
"63",64,"Head Before",64,222,1163,3.835,2.557,-10202500,423
"64",65,"Head Before",65,205,1157,6.111,4.074,-15193823,423
"65",66,"Head Before",66,188,1159,5.803,3.868,-11123146,423
"66",67,"Head Before",67,169,1186,11.192,7.461,-7564164,423
"67",68,"Head Before",68,148,1176,7.885,5.257,-8823937,423
"68",69,"Head Before",69,102,1088,33.662,22.441,-9339310,423
"69",70,"Head Before",70,119,1100,7.054,4.703,-5265033,423
"70",71,"Head Before",71,104,1140,14.482,9.655,-14461359,423
"71",72,"Head Before",72,104,1153,4.407,2.938,-14588584,423
"72",73,"Head Before",73,102,1134,6.477,4.318,-10061977,423
"73",74,"Head Before",74,100,1142,2.795,1.864,-6715248,423
"74",75,"Head Before",75,132,1125,12.284,8.189,-6909796,423
"75",76,"Head Before",76,186,1165,22.781,15.187,-13686690,423
"76",77,"Head Before",77,85,1207,37.081,24.721,-9156249,423
"77",78,"Head Before",78,115,1213,10.371,6.914,-9291446,423
"78",79,"Head Before",79,150,1184,15.409,10.272,-9534598,423
"79",80,"Head Before",80,220,1247,31.925,21.284,-9146993,423
"80",82,"Tail Before",2,584,1821,25.82,17.213,-14865898,423
"81",83,"Tail Before",3,570,1817,4.936,3.291,-12051665,423
"82",84,"Tail Before",4,587,1696,41.422,27.615,-11261610,423
"83",85,"Tail Before",5,591,1736,13.628,9.085,-11121590,423
"84",86,"Tail Before",6,599,1742,3.39,2.26,-9876337,423
"85",87,"Tail Before",7,624,1719,11.516,7.677,-213291,423
"86",88,"Tail Before",8,639,1566,52.116,34.744,-9134985,423
"87",89,"Tail Before",9,685,1425,50.278,33.519,-12839361,423
"88",90,"Tail Before",10,758,1364,32.25,21.5,-12566202,423
"89",91,"Tail Before",11,769,1367,3.865,2.577,-8481656,423
"90",92,"Tail Before",12,773,1371,1.918,1.278,-7624566,423
"91",93,"Tail Before",13,792,1375,6.582,4.388,-11965354,423
"92",94,"Tail Before",14,796,1377,1.516,1.011,-8482710,423
"93",95,"Tail Before",15,798,1381,1.516,1.011,-8876171,423
"94",96,"Tail Before",16,790,1383,2.795,1.864,-11501202,423
"95",97,"Tail Before",17,803,1385,4.459,2.973,-14736079,423
"96",98,"Tail Before",18,794,1381,3.339,2.226,-13874614,423
"97",99,"Tail Before",19,794,1373,2.712,1.808,-13541788,423
"98",100,"Tail Before",20,786,1379,3.39,2.26,-14998449,423
"99",101,"Tail Before",21,775,1381,3.79,2.527,-13595772,423
"100",102,"Tail Before",22,767,1379,2.795,1.864,-15124896,423
"101",103,"Tail Before",23,761,1373,2.877,1.918,-9152384,423
"102",104,"Tail Before",24,767,1371,2.144,1.429,-13292222,423
"103",105,"Tail Before",25,769,1381,3.457,2.305,-10074256,423
"104",106,"Tail Before",26,767,1381,0.678,0.452,-11969412,423
"105",107,"Tail Before",27,769,1383,0.959,0.639,-10865539,423
"106",108,"Tail Before",28,765,1377,2.445,1.63,-7899246,423
"107",109,"Tail Before",29,769,1379,1.516,1.011,-15385022,423
"108",110,"Tail Before",30,769,1385,2.034,1.356,-13556423,423
"109",111,"Tail Before",31,758,1402,6.864,4.576,-11501965,423
"110",112,"Tail Before",32,750,1400,2.795,1.864,-9881499,423
"111",113,"Tail Before",33,746,1392,3.032,2.021,-5872504,423
"112",114,"Tail Before",34,744,1383,3.125,2.084,-11577275,423
"113",115,"Tail Before",35,738,1375,3.39,2.26,-13813447,423
"114",116,"Tail Before",36,752,1381,5.163,3.442,-11256279,423
"115",117,"Tail Before",37,744,1383,2.795,1.864,-11522717,423
"116",118,"Tail Before",38,756,1394,5.519,3.679,-11903108,423
"117",119,"Tail Before",39,742,1385,5.642,3.761,-11389585,423
"118",120,"Tail Before",40,742,1383,0.678,0.452,-10461812,423
"119",121,"Tail Before",41,740,1385,0.959,0.639,-12433063,423
"120",122,"Tail Before",42,746,1364,7.404,4.936,-9145503,423
"121",123,"Tail Before",43,704,1341,16.233,10.822,-8418433,423
"122",124,"Tail Before",44,691,1337,4.611,3.074,-11635117,423
"123",125,"Tail Before",45,689,1358,7.151,4.767,-13416894,423
"124",126,"Tail Before",46,689,1356,0.678,0.452,-12573674,423
"125",127,"Tail Before",47,687,1360,1.516,1.011,-8570530,423
"126",128,"Tail Before",48,685,1350,3.457,2.305,-12762564,423
"127",129,"Tail Before",49,681,1331,6.582,4.388,-14803390,423
"128",130,"Tail Before",50,679,1329,0.959,0.639,-13815269,423
"129",131,"Tail Before",51,679,1322,2.373,1.582,-7841143,423
"130",132,"Tail Before",52,679,1318,1.356,0.904,-9153136,423
"131",133,"Tail Before",53,687,1329,4.611,3.074,-7570583,423
"132",134,"Tail Before",54,660,1337,9.546,6.364,-4744831,423
"133",135,"Tail Before",55,618,1339,14.254,9.503,-8098465,423
"134",136,"Tail Before",56,580,1346,13.099,8.732,-6841470,423
"135",137,"Tail Before",57,475,1337,35.726,23.817,-9870467,423
"136",138,"Tail Before",58,392,1314,29.197,19.465,-15452844,423
"137",139,"Tail Before",59,337,1249,28.865,19.243,-5201006,423
"138",140,"Tail Before",60,255,1182,35.897,23.931,-12767667,423
"139",141,"Tail Before",61,283,1188,9.707,6.472,-12375203,423
"140",142,"Tail Before",62,285,1209,7.151,4.767,-14406850,423
"141",143,"Tail Before",63,293,1207,2.795,1.864,-8418721,423
"142",144,"Tail Before",64,280,1195,5.998,3.998,-8026775,423
"143",145,"Tail Before",65,270,1197,3.457,2.305,-11788946,423
"144",146,"Tail Before",66,268,1184,4.459,2.973,-11318455,423
"145",147,"Tail Before",67,247,1205,10.068,6.712,-11915969,423
"146",148,"Tail Before",68,218,1226,12.138,8.092,-12700117,423
"147",149,"Tail Before",69,155,1159,31.177,20.785,-7636339,423
"148",150,"Tail Before",70,180,1140,10.645,7.097,-12370866,423
"149",151,"Tail Before",71,176,1165,8.583,5.722,-9267825,423
"150",152,"Tail Before",72,182,1167,2.144,1.429,-11108260,423
"151",153,"Tail Before",73,157,1167,8.475,5.65,-13351366,423
"152",154,"Tail Before",74,161,1182,5.263,3.508,-13161681,423
"153",155,"Tail Before",75,174,1178,4.611,3.074,-13480618,423
"154",156,"Tail Before",76,169,1190,4.407,2.938,-10455706,423
"155",157,"Tail Before",77,142,1197,9.456,6.304,-8161958,423
"156",158,"Tail Before",78,138,1203,2.445,1.63,-14016455,423
"157",159,"Tail Before",79,150,1199,4.288,2.859,-13735352,423
"158",160,"Tail Before",80,153,1199,1.017,0.678,-8424881,423
"159",162,"Head After",82,257,1230,2.795,1.864,-7957605,423
"160",163,"Head After",83,247,1247,6.686,4.457,-6644306,423
"161",164,"Head After",84,236,1291,15.375,10.25,-14408406,423
"162",165,"Head After",85,192,1312,16.528,11.019,-10773881,423
"163",166,"Head After",86,174,1304,6.678,4.452,-10926277,423
"164",167,"Head After",87,174,1297,2.373,1.582,-7632479,423
"165",168,"Head After",88,169,1285,4.407,2.938,-13623766,423
"166",169,"Head After",89,165,1302,5.92,3.947,-8883824,423
"167",170,"Head After",90,167,1310,2.795,1.864,-14478059,423
"168",171,"Head After",91,167,1304,2.034,1.356,-14537431,423
"169",172,"Head After",92,211,1312,15.161,10.107,-8542845,423
"170",173,"Head After",93,226,1304,5.763,3.842,-9408390,423
"171",174,"Head After",94,220,1310,2.877,1.918,-8028512,423
"172",175,"Head After",95,215,1314,2.171,1.447,-15459289,423
"173",176,"Head After",96,207,1299,5.763,3.842,-8488812,423
"174",177,"Head After",97,205,1304,1.826,1.217,-8488289,423
"175",178,"Head After",98,209,1293,3.968,2.645,-8160368,423
"176",179,"Head After",99,201,1287,3.39,2.26,-7495272,423
"177",180,"Head After",100,222,1285,7.151,4.767,-8883335,423
"178",181,"Head After",101,184,1268,14.112,9.408,-8679788,423
"179",182,"Head After",102,184,1274,2.034,1.356,-13087140,423
"180",183,"Head After",103,182,1272,0.959,0.639,-8093040,423
"181",184,"Head After",104,186,1268,1.918,1.278,-9087869,423
"182",185,"Head After",105,186,1257,3.729,2.486,-13750987,423
"183",186,"Head After",106,194,1260,2.896,1.931,-12097944,423
"184",187,"Head After",107,190,1253,2.733,1.822,-7375238,423
"185",188,"Head After",108,182,1266,5.175,3.45,-12108195,423
"186",189,"Head After",109,184,1264,0.959,0.639,-9270646,423
"187",190,"Head After",110,180,1266,1.516,1.011,-8091501,423
"188",191,"Head After",111,174,1257,3.667,2.445,-9412502,423
"189",192,"Head After",112,180,1262,2.648,1.765,-7243114,423
"190",193,"Head After",113,180,1264,0.678,0.452,-15584981,423
"191",194,"Head After",114,178,1264,0.678,0.452,-10327962,423
"192",195,"Head After",115,226,1276,16.773,11.182,-8672608,423
"193",196,"Head After",116,211,1272,5.263,3.508,-7834229,423
"194",197,"Head After",117,186,1262,9.128,6.085,-7765079,423
"195",198,"Head After",118,194,1245,6.369,4.246,-7372418,423
"196",199,"Head After",119,190,1249,1.918,1.278,-10729891,423
"197",200,"Head After",120,201,1249,3.729,2.486,-11963808,423
"198",201,"Head After",121,218,1245,5.92,3.947,-12755121,423
"199",202,"Head After",122,192,1247,8.84,5.893,-8092781,423
"200",203,"Head After",123,180,1272,9.401,6.267,-13806493,423
"201",204,"Head After",124,176,1264,3.032,2.021,-13160143,423
"202",205,"Head After",125,182,1260,2.445,1.63,-11445655,423
"203",206,"Head After",126,180,1260,0.678,0.452,-7044462,423
"204",207,"Head After",127,180,1262,0.678,0.452,-14719919,423
"205",208,"Head After",128,182,1253,3.125,2.084,-11233907,423
"206",209,"Head After",129,180,1262,3.125,2.084,-11763084,423
"207",210,"Head After",130,178,1266,1.516,1.011,-10789251,423
"208",211,"Head After",131,176,1270,1.516,1.011,-10466193,423
"209",212,"Head After",132,178,1278,2.795,1.864,-10974825,423
"210",213,"Head After",133,178,1281,1.017,0.678,-10782594,423
"211",214,"Head After",134,169,1274,3.865,2.577,-8220501,423
"212",215,"Head After",135,174,1281,2.916,1.944,-10593436,423
"213",216,"Head After",136,171,1276,1.977,1.318,-10660235,423
"214",217,"Head After",137,174,1278,1.222,0.815,-9014619,423
"215",218,"Head After",138,171,1276,1.222,0.815,-13212044,423
"216",219,"Head After",139,171,1281,1.695,1.13,-10458506,423
"217",220,"Head After",140,171,1283,0.678,0.452,-10982268,423
"218",221,"Head After",141,169,1278,1.826,1.217,-9473656,423
"219",222,"Head After",142,165,1276,1.516,1.011,-8421744,423
"220",223,"Head After",143,169,1281,2.171,1.447,-9264743,423
"221",224,"Head After",144,167,1278,1.222,0.815,-13355980,423
"222",225,"Head After",145,167,1281,1.017,0.678,-12036270,423
"223",226,"Head After",146,167,1278,1.017,0.678,-11048346,423
"224",227,"Head After",147,163,1278,1.356,0.904,-8161395,423
"225",228,"Head After",148,163,1278,0,0,-8151409,423
"226",229,"Head After",149,161,1274,1.516,1.011,-15515589,423
"227",230,"Head After",150,159,1276,0.959,0.639,-10193540,423
"228",231,"Head After",151,157,1274,0.959,0.639,-8033143,423
"229",232,"Head After",152,157,1281,2.373,1.582,-7500142,423
"230",233,"Head After",153,161,1283,1.516,1.011,-7225420,423
"231",234,"Head After",154,163,1278,1.826,1.217,-10786177,423
"232",235,"Head After",155,163,1278,0,0,-8822156,423
"233",236,"Head After",156,165,1272,2.144,1.429,-8159372,423
"234",237,"Head After",157,167,1270,0.959,0.639,-9668488,423
"235",238,"Head After",158,169,1266,1.516,1.011,-8221028,423
"236",239,"Head After",159,180,1266,3.729,2.486,-6511439,423
"237",240,"Head After",160,176,1281,5.263,3.508,-9261673,423
"238",241,"Head After",161,167,1274,3.865,2.577,-10390397,423
"239",243,"Tail After",82,157,1190,1.356,0.904,-2039058,423
"240",244,"Tail After",83,155,1188,0.959,0.639,-8562331,423
"241",245,"Tail After",84,155,1184,1.356,0.904,-6519904,423
"242",246,"Tail After",85,155,1184,0,0,-7846268,423
"243",247,"Tail After",86,155,1190,2.034,1.356,-4948556,423
"244",248,"Tail After",87,153,1190,0.678,0.452,-7428204,423
"245",249,"Tail After",88,153,1180,3.39,2.26,-12759734,423
"246",250,"Tail After",89,150,1186,2.274,1.516,-13077378,423
"247",251,"Tail After",90,153,1186,1.017,0.678,-5599587,423
"248",252,"Tail After",91,150,1182,1.695,1.13,-8557679,423
"249",253,"Tail After",92,146,1180,1.516,1.011,-7764863,423
"250",254,"Tail After",93,148,1186,2.144,1.429,-9601418,423
"251",255,"Tail After",94,157,1186,3.051,2.034,-10281649,423
"252",256,"Tail After",95,163,1186,2.034,1.356,-6656377,423
"253",257,"Tail After",96,161,1180,2.144,1.429,-12562863,423
"254",258,"Tail After",97,161,1180,0,0,-10196612,423
"255",259,"Tail After",98,159,1192,4.124,2.749,-11447669,423
"256",260,"Tail After",99,157,1197,1.826,1.217,-12630429,423
"257",261,"Tail After",100,159,1195,0.959,0.639,-11852233,423
"258",262,"Tail After",101,163,1184,3.968,2.645,-6071688,423
"259",263,"Tail After",102,171,1172,4.889,3.259,-12631230,423
"260",264,"Tail After",103,167,1186,4.936,3.291,-13751743,423
"261",265,"Tail After",104,171,1186,1.356,0.904,-11706230,423
"262",266,"Tail After",105,167,1184,1.516,1.011,-6716848,423
"263",267,"Tail After",106,169,1178,2.144,1.429,-10725525,423
"264",268,"Tail After",107,165,1174,1.918,1.278,-5986412,423
"265",269,"Tail After",108,167,1157,5.803,3.868,-14280403,423
"266",270,"Tail After",109,167,1172,5.085,3.39,-11051936,423
"267",271,"Tail After",110,180,1155,7.255,4.837,-3687782,423
"268",272,"Tail After",111,182,1151,1.516,1.011,-12090519,423
"269",273,"Tail After",112,178,1167,5.591,3.727,-12895942,423
"270",274,"Tail After",113,180,1167,0.678,0.452,-14540479,423
"271",275,"Tail After",114,180,1165,0.678,0.452,-8490871,423
"272",276,"Tail After",115,186,1159,2.877,1.918,-15516082,423
"273",277,"Tail After",116,184,1161,0.959,0.639,-14737345,423
"274",278,"Tail After",117,186,1163,0.959,0.639,-9087638,423
"275",279,"Tail After",118,188,1161,0.959,0.639,-13347230,423
"276",280,"Tail After",119,186,1157,1.516,1.011,-7838055,423
"277",281,"Tail After",120,182,1144,4.611,3.074,-8104854,423
"278",282,"Tail After",121,174,1159,5.763,3.842,-13750479,423
"279",283,"Tail After",122,174,1153,2.034,1.356,-15391425,423
"280",284,"Tail After",123,171,1148,1.977,1.318,-14404820,423
"281",285,"Tail After",124,178,1155,3.356,2.237,-11777200,423
"282",286,"Tail After",125,184,1157,2.144,1.429,-11645084,423
"283",287,"Tail After",126,190,1155,2.144,1.429,-13813449,423
"284",288,"Tail After",127,180,1148,4.138,2.759,-7433860,423
"285",289,"Tail After",128,178,1155,2.468,1.645,-12097439,423
"286",290,"Tail After",129,180,1161,2.144,1.429,-12232609,423
"287",291,"Tail After",130,169,1161,3.729,2.486,-14007958,423
"288",292,"Tail After",131,182,1161,4.407,2.938,-14656933,423
"289",293,"Tail After",132,178,1163,1.516,1.011,-15774625,423
"290",294,"Tail After",133,184,1167,2.445,1.63,-14460056,423
"291",295,"Tail After",134,192,1165,2.795,1.864,-11371669,423
"292",296,"Tail After",135,190,1169,1.516,1.011,-14531491,423
"293",297,"Tail After",136,180,1172,3.539,2.36,-13079193,423
"294",298,"Tail After",137,182,1167,1.826,1.217,-9065305,423
"295",299,"Tail After",138,190,1182,5.763,3.842,-14594487,423
"296",300,"Tail After",139,182,1178,3.032,2.021,-15781021,423
"297",301,"Tail After",140,178,1169,3.339,2.226,-11967872,423
"298",302,"Tail After",141,184,1169,2.034,1.356,-10060138,423
"299",303,"Tail After",142,184,1174,1.695,1.13,-12290684,423
"300",304,"Tail After",143,190,1178,2.445,1.63,-14540493,423
"301",305,"Tail After",144,194,1176,1.516,1.011,-15983552,423
"302",306,"Tail After",145,176,1167,6.822,4.548,-14210477,423
"303",307,"Tail After",146,186,1178,5.04,3.36,-9079902,423
"304",308,"Tail After",147,192,1172,2.877,1.918,-11245715,423
"305",309,"Tail After",148,186,1161,4.248,2.832,-5654062,423
"306",310,"Tail After",149,184,1167,2.144,1.429,-9336965,423
"307",311,"Tail After",150,174,1165,3.457,2.305,-10903675,423
"308",312,"Tail After",151,176,1157,2.795,1.864,-11198404,423
"309",313,"Tail After",152,167,1169,5.085,3.39,-15121070,423
"310",314,"Tail After",153,176,1161,4.082,2.721,-10729123,423
"311",315,"Tail After",154,178,1169,2.795,1.864,-10459550,423
"312",316,"Tail After",155,184,1169,2.034,1.356,-9942442,423
"313",317,"Tail After",156,180,1167,1.516,1.011,-14606548,423
"314",318,"Tail After",157,184,1167,1.356,0.904,-14008772,423
"315",319,"Tail After",158,188,1169,1.516,1.011,-9597578,423
"316",320,"Tail After",159,182,1169,2.034,1.356,-10588842,423
"317",321,"Tail After",160,178,1172,1.695,1.13,-14145470,423
"318",322,"Tail After",161,178,1178,2.034,1.356,-14008258,423
"1",2,"Head Before",2,1455,132,20.815,13.876,-11509664,511
"2",3,"Head Before",3,1415,171,18.939,12.626,-8743286,511
"3",4,"Head Before",4,1387,203,14.414,9.61,-11316646,511
"4",5,"Head Before",5,1320,310,42.797,28.532,-9010033,511
"5",6,"Head Before",6,1216,358,38.83,25.887,-10592915,511
"6",7,"Head Before",7,1123,442,42.483,28.322,-9267045,511
"7",8,"Head Before",8,1048,526,38.175,25.45,-7495522,511
"8",9,"Head Before",9,930,530,40.025,26.683,-8941150,511
"9",10,"Head Before",10,813,524,39.715,26.477,-9339247,511
"10",11,"Head Before",11,721,494,32.804,21.87,-8942698,511
"11",12,"Head Before",12,643,442,31.779,21.186,-8481379,511
"12",13,"Head Before",13,654,356,29.392,19.594,-7695436,511
"13",14,"Head Before",14,670,228,43.73,29.153,-8088916,511
"14",15,"Head Before",15,679,194,11.923,7.949,-7367261,511
"15",16,"Head Before",16,681,197,1.222,0.815,-4208184,511
"16",17,"Head Before",17,689,186,4.611,3.074,-6509936,511
"17",18,"Head Before",18,731,142,20.621,13.747,-6639692,511
"18",19,"Head Before",19,796,77,31.162,20.775,-9333339,511
"19",20,"Head Before",20,882,27,33.723,22.482,-8351315,511
"20",21,"Head Before",21,981,14,33.849,22.566,-7696970,511
"21",22,"Head Before",22,1096,67,42.926,28.617,-9405545,511
"22",23,"Head Before",23,1184,157,42.671,28.447,-8683373,511
"23",24,"Head Before",24,1224,247,33.388,22.258,-7369828,511
"24",25,"Head Before",25,1253,348,35.622,23.748,-8220769,511
"25",26,"Head Before",26,1257,448,33.927,22.618,-8222051,511
"26",27,"Head Before",27,1247,559,37.781,25.188,-9270897,511
"27",28,"Head Before",28,1245,647,29.84,19.893,-9336956,511
"28",29,"Head Before",29,1251,658,4.248,2.832,-8810595,511
"29",30,"Head Before",30,1264,685,10.159,6.772,-8942711,511
"30",31,"Head Before",31,1230,798,40.003,26.669,-8942449,511
"31",32,"Head Before",32,1216,886,30.207,20.138,-8812138,511
"32",33,"Head Before",33,1230,914,10.612,7.075,-9469547,511
"33",34,"Head Before",34,1234,943,9.924,6.616,-10063222,511
"34",35,"Head Before",35,1241,1039,32.63,21.754,-8813414,511
"35",36,"Head Before",36,1262,1136,33.645,22.43,-9273207,511
"36",37,"Head Before",37,1241,1232,33.314,22.209,-9075310,511
"37",38,"Head Before",38,1199,1335,37.708,25.139,-10449520,511
"38",39,"Head Before",39,1163,1455,42.471,28.314,-9072218,511
"39",40,"Head Before",40,1138,1561,36.92,24.613,-9853539,511
"40",41,"Head Before",41,1107,1668,37.765,25.176,-9404773,511
"41",42,"Head Before",42,1102,1712,15.012,10.008,-10320739,511
"42",43,"Head Before",43,1046,1738,20.93,13.954,-7884869,511
"43",44,"Head Before",44,1010,1784,19.802,13.201,-10323835,511
"44",45,"Head Before",45,1035,1842,21.411,14.274,-9998709,511
"45",46,"Head Before",46,1004,1901,22.594,15.063,-9409393,511
"46",47,"Head Before",47,937,1851,28.34,18.894,-8553306,511
"47",48,"Head Before",48,880,1821,21.836,14.557,-9274996,511
"48",49,"Head Before",49,758,1780,43.631,29.087,-10713470,511
"49",50,"Head Before",50,710,1723,25.262,16.841,-13944015,511
"50",51,"Head Before",51,675,1633,32.736,21.824,-9666633,511
"51",52,"Head Before",52,675,1526,36.273,24.182,-9862005,511
"52",53,"Head Before",53,693,1494,12.446,8.298,-8095574,511
"53",54,"Head Before",54,763,1417,35.277,23.518,-8675938,511
"54",55,"Head Before",55,878,1390,40.045,26.697,-11709348,511
"55",56,"Head Before",56,966,1398,29.955,19.97,-5596204,511
"56",57,"Head Before",57,1025,1413,20.637,13.758,-8151151,511
"57",58,"Head Before",58,1035,1400,5.56,3.707,-10588573,511
"58",59,"Head Before",59,1067,1352,19.557,13.038,-9340489,511
"59",60,"Head Before",60,1138,1369,24.749,16.5,-9929865,511
"60",61,"Head Before",61,1146,1438,23.548,15.698,-9206920,511
"61",62,"Head Before",62,1146,1467,9.831,6.554,-9736076,511
"62",64,"Tail Before",2,1499,69,20.593,13.728,-11056022,511
"63",65,"Tail Before",3,1463,111,18.753,12.502,-14399947,511
"64",66,"Tail Before",4,1438,140,12.98,8.653,-9080225,511
"65",67,"Tail Before",5,1367,239,41.3,27.533,-14279879,511
"66",68,"Tail Before",6,1274,297,37.156,24.77,-13871280,511
"67",69,"Tail Before",7,1174,366,41.187,27.458,-14733248,511
"68",70,"Tail Before",8,1115,467,39.653,26.435,-6840681,511
"69",71,"Tail Before",9,1031,524,34.413,22.942,-6853754,511
"70",72,"Tail Before",10,914,519,39.699,26.466,-13212575,511
"71",73,"Tail Before",11,809,519,35.595,23.73,-9396868,511
"72",74,"Tail Before",12,687,501,41.806,27.87,-6763879,511
"73",75,"Tail Before",13,652,442,23.255,15.504,-13603493,511
"74",76,"Tail Before",14,664,308,45.608,30.405,-13819048,511
"75",77,"Tail Before",15,643,259,18.072,12.048,-14999993,511
"76",78,"Tail Before",16,656,257,4.459,2.973,-12175528,511
"77",79,"Tail Before",17,660,243,4.936,3.291,-4275032,511
"78",80,"Tail Before",18,698,199,19.709,13.139,-8073549,511
"79",81,"Tail Before",19,750,134,28.219,18.812,-6778521,511
"80",82,"Tail Before",20,817,54,35.375,23.583,-11064761,511
"81",83,"Tail Before",21,909,12,34.284,22.856,-6895944,511
"82",84,"Tail Before",22,1031,23,41.526,27.684,-4078942,511
"83",85,"Tail Before",23,1119,85,36.493,24.328,-3872797,511
"84",86,"Tail Before",24,1180,171,35.743,23.829,-13882585,511
"85",87,"Tail Before",25,1230,268,36.995,24.663,-7420498,511
"86",88,"Tail Before",26,1249,375,36.84,24.56,-11029103,511
"87",89,"Tail Before",27,1270,486,38.296,25.531,-9212326,511
"88",90,"Tail Before",28,1241,576,32.055,21.37,-10733702,511
"89",91,"Tail Before",29,1241,595,6.441,4.294,-3176278,511
"90",92,"Tail Before",30,1253,618,8.794,5.863,-13751749,511
"91",93,"Tail Before",31,1239,731,38.6,25.733,-11116960,511
"92",94,"Tail Before",32,1222,817,29.718,19.812,-13814991,511
"93",95,"Tail Before",33,1218,847,10.26,6.84,-13551793,511
"94",96,"Tail Before",34,1222,872,8.583,5.722,-11262647,511
"95",97,"Tail Before",35,1239,974,35.055,23.37,-15063502,511
"96",98,"Tail Before",36,1249,1079,35.756,23.837,-14527682,511
"97",99,"Tail Before",37,1245,1174,32.234,21.489,-15060176,511
"98",100,"Tail Before",38,1228,1278,35.724,23.816,-10395787,511
"99",101,"Tail Before",39,1174,1394,43.376,28.917,-7434849,511
"100",102,"Tail Before",40,1153,1501,36.965,24.643,-13033684,511
"101",103,"Tail Before",41,1123,1591,32.16,21.44,-16435143,511
"102",104,"Tail Before",42,1100,1643,19.275,12.85,-9727620,511
"103",105,"Tail Before",43,1100,1731,29.832,19.888,-13295828,511
"104",106,"Tail Before",44,1062,1748,14.112,9.408,-15388379,511
"105",107,"Tail Before",45,1016,1775,18.082,12.055,-9937040,511
"106",108,"Tail Before",46,1037,1859,29.352,19.568,-12636057,511
"107",109,"Tail Before",47,1002,1884,14.581,9.721,-13536911,511
"108",110,"Tail Before",48,949,1847,21.912,14.608,-13886924,511
"109",111,"Tail Before",49,826,1807,43.846,29.231,-11980463,511
"110",112,"Tail Before",50,754,1765,28.257,18.838,-11310242,511
"111",113,"Tail Before",51,702,1689,31.217,20.812,-13609650,511
"112",114,"Tail Before",52,666,1589,36.03,24.02,-13080749,511
"113",115,"Tail Before",53,675,1555,11.923,7.949,-12421788,511
"114",116,"Tail Before",54,712,1463,33.616,22.41,-14862287,511
"115",117,"Tail Before",55,813,1400,40.354,26.903,-8356749,511
"116",118,"Tail Before",56,905,1390,31.372,20.914,-12965834,511
"117",119,"Tail Before",57,970,1383,22.162,14.775,-14720144,511
"118",120,"Tail Before",58,981,1387,3.968,2.645,-13021850,511
"119",121,"Tail Before",59,1002,1387,7.119,4.746,-15062239,511
"120",122,"Tail Before",60,1075,1377,24.978,16.652,-14663116,511
"121",123,"Tail Before",61,1094,1394,8.643,5.762,-15319995,511
"122",124,"Tail Before",62,1107,1404,5.56,3.707,-12697047,511
"123",126,"Head After",64,1163,1473,2.445,1.63,-9010795,511
"124",127,"Head After",65,1165,1469,1.516,1.011,-8880229,511
"125",128,"Head After",66,1167,1463,2.144,1.429,-9271147,511
"126",129,"Head After",67,1167,1463,0,0,-8685419,511
"127",130,"Head After",68,1167,1463,0,0,-9272427,511
"128",131,"Head After",69,1167,1467,1.356,0.904,-9665653,511
"129",132,"Head After",70,1165,1467,0.678,0.452,-8222321,511
"130",133,"Head After",71,1115,1494,19.263,12.842,-7892582,511
"131",134,"Head After",72,1117,1499,1.826,1.217,-8091483,511
"132",135,"Head After",73,1121,1492,2.733,1.822,-6976091,511
"133",136,"Head After",74,1123,1492,0.678,0.452,-7829356,511
"134",137,"Head After",75,1121,1499,2.468,1.645,-9602681,511
"135",138,"Head After",76,1117,1499,1.356,0.904,-9142910,511
"136",139,"Head After",77,1121,1492,2.733,1.822,-8747873,511
"137",140,"Head After",78,1117,1490,1.516,1.011,-7961957,511
"138",141,"Head After",79,1121,1492,1.516,1.011,-8421748,511
"139",142,"Head After",80,1119,1494,0.959,0.639,-9927283,511
"140",143,"Head After",81,1119,1497,1.017,0.678,-9272703,511
"141",144,"Head After",82,1117,1497,0.678,0.452,-9141621,511
"142",145,"Head After",83,1117,1494,1.017,0.678,-7961708,511
"143",146,"Head After",84,1111,1499,2.648,1.765,-9075824,511
"144",147,"Head After",85,1113,1494,1.826,1.217,-8222568,511
"145",148,"Head After",86,1113,1494,0,0,-8422257,511
"146",149,"Head After",87,1117,1488,2.445,1.63,-10844539,511
"147",150,"Head After",88,1119,1490,0.959,0.639,-11376513,511
"148",151,"Head After",89,1125,1490,2.034,1.356,-7106135,511
"149",152,"Head After",90,1123,1488,0.959,0.639,-9464424,511
"150",153,"Head After",91,1121,1484,1.516,1.011,-11242134,511
"151",154,"Head After",92,1121,1488,1.356,0.904,-8158032,511
"152",155,"Head After",93,1127,1490,2.144,1.429,-8224619,511
"153",156,"Head After",94,1115,1490,4.068,2.712,-7501658,511
"154",157,"Head After",95,1119,1490,1.356,0.904,-7894622,511
"155",158,"Head After",96,1123,1484,2.445,1.63,-8029015,511
"156",159,"Head After",97,1123,1488,1.356,0.904,-9008493,511
"157",160,"Head After",98,1123,1490,0.678,0.452,-9726824,511
"158",161,"Head After",99,1121,1484,2.144,1.429,-8027224,511
"159",162,"Head After",100,1123,1484,0.678,0.452,-8224866,511
"160",163,"Head After",101,1123,1484,0,0,-8224616,511
"161",164,"Head After",102,1119,1482,1.516,1.011,-8553304,511
"162",165,"Head After",103,1121,1484,0.959,0.639,-8351836,511
"163",166,"Head After",104,1123,1484,0.678,0.452,-9274997,511
"164",167,"Head After",105,1125,1482,0.959,0.639,-7238996,511
"165",168,"Head After",106,1121,1482,1.356,0.904,-8354908,511
"166",169,"Head After",107,1115,1486,2.445,1.63,-8554086,511
"167",170,"Head After",108,1115,1486,0,0,-8877430,511
"168",171,"Head After",109,1115,1484,0.678,0.452,-7040078,511
"169",172,"Head After",110,1113,1490,2.144,1.429,-8814194,511
"170",173,"Head After",111,1111,1486,1.516,1.011,-8026721,511
"171",174,"Head After",112,1113,1492,2.144,1.429,-8685417,511
"172",175,"Head After",113,1115,1494,0.959,0.639,-8945774,511
"173",176,"Head After",114,1115,1492,0.678,0.452,-8354657,511
"174",177,"Head After",115,1111,1490,1.516,1.011,-10324104,511
"175",178,"Head After",116,1113,1488,0.959,0.639,-13672874,511
"176",179,"Head After",117,1111,1488,0.678,0.452,-9994369,511
"177",180,"Head After",118,1111,1486,0.678,0.452,-10321283,511
"178",181,"Head After",119,1113,1488,0.959,0.639,-9729653,511
"179",183,"Tail After",64,1104,1417,3.457,2.305,-14536894,511
"180",184,"Tail After",65,1104,1417,0,0,-12165803,511
"181",185,"Tail After",66,1104,1417,0,0,-10713476,511
"182",186,"Tail After",67,1109,1417,1.695,1.13,-10909042,511
"183",187,"Tail After",68,1111,1413,1.516,1.011,-9918833,511
"184",188,"Tail After",69,1111,1425,4.068,2.712,-10125201,511
"185",189,"Tail After",70,1104,1419,3.125,2.084,-12821138,511
"186",190,"Tail After",71,1098,1423,2.445,1.63,-11710369,511
"187",191,"Tail After",72,1096,1425,0.959,0.639,-11646625,511
"188",192,"Tail After",73,1102,1421,2.445,1.63,-11963545,511
"189",193,"Tail After",74,1109,1419,2.468,1.645,-8225654,511
"190",194,"Tail After",75,1102,1421,2.468,1.645,-10532774,511
"191",195,"Tail After",76,1107,1419,1.826,1.217,-11233418,511
"192",196,"Tail After",77,1109,1423,1.516,1.011,-11969196,511
"193",197,"Tail After",78,1109,1419,1.356,0.904,-8948603,511
"194",198,"Tail After",79,1104,1417,1.826,1.217,-9206896,511
"195",199,"Tail After",80,1102,1415,0.959,0.639,-9275509,511
"196",200,"Tail After",81,1098,1411,1.918,1.278,-12287872,511
"197",201,"Tail After",82,1096,1408,1.222,0.815,-11648175,511
"198",202,"Tail After",83,1102,1415,3.125,2.084,-7041380,511
"199",203,"Tail After",84,1100,1417,0.959,0.639,-7823477,511
"200",204,"Tail After",85,1096,1415,1.516,1.011,-6834514,511
"201",205,"Tail After",86,1102,1415,2.034,1.356,-5666637,511
"202",206,"Tail After",87,1100,1415,0.678,0.452,-5468995,511
"203",207,"Tail After",88,1104,1419,1.918,1.278,-7043415,511
"204",208,"Tail After",89,1100,1413,2.445,1.63,-6389580,511
"205",209,"Tail After",90,1102,1413,0.678,0.452,-6260043,511
"206",210,"Tail After",91,1104,1415,0.959,0.639,-7309667,511
"207",211,"Tail After",92,1104,1415,0,0,-8291687,511
"208",212,"Tail After",93,1104,1419,1.356,0.904,-8883550,511
"209",213,"Tail After",94,1104,1415,1.356,0.904,-8486746,511
"210",214,"Tail After",95,1111,1415,2.373,1.582,-5594666,511
"211",215,"Tail After",96,1109,1415,0.678,0.452,-4935489,511
"212",216,"Tail After",97,1107,1415,0.678,0.452,-6259289,511
"213",217,"Tail After",98,1104,1413,1.222,0.815,-7899747,511
"214",218,"Tail After",99,1104,1411,0.678,0.452,-8292742,511
"215",219,"Tail After",100,1100,1408,1.695,1.13,-8883061,511
"216",220,"Tail After",101,1098,1411,1.222,0.815,-9540977,511
"217",221,"Tail After",102,1092,1408,2.274,1.516,-8037755,511
"218",222,"Tail After",103,1104,1413,4.407,2.938,-9085569,511
"219",223,"Tail After",104,1107,1413,1.017,0.678,-7561298,511
"220",224,"Tail After",105,1104,1417,1.695,1.13,-8687470,511
"221",225,"Tail After",106,1100,1413,1.918,1.278,-9870447,511
"222",226,"Tail After",107,1102,1408,1.826,1.217,-7043202,511
"223",227,"Tail After",108,1100,1408,0.678,0.452,-4748919,511
"224",228,"Tail After",109,1098,1413,1.826,1.217,-8361345,511
"225",229,"Tail After",110,1100,1415,0.959,0.639,-9870717,511
"226",230,"Tail After",111,1098,1408,2.468,1.645,-5466725,511
"227",231,"Tail After",112,1100,1411,1.222,0.815,-8159640,511
"228",232,"Tail After",113,1100,1413,0.678,0.452,-9476479,511
"229",233,"Tail After",114,1096,1406,2.733,1.822,-5457738,511
"230",234,"Tail After",115,1094,1413,2.468,1.645,-9014135,511
"231",235,"Tail After",116,1100,1415,2.144,1.429,-7964014,511
"232",236,"Tail After",117,1102,1413,0.959,0.639,-8674134,511
"233",237,"Tail After",118,1098,1411,1.516,1.011,-6314573,511
"234",238,"Tail After",119,1100,1413,0.959,0.639,-7895661,511
"1",2,"Head Before",2,1249,1866,6.369,4.246,-10524032,512
"2",3,"Head Before",3,1291,1859,14.434,9.623,-9470592,512
"3",4,"Head Before",4,1325,1845,12.465,8.31,-8551787,512
"4",5,"Head Before",5,1375,1840,17.035,11.356,-8880492,512
"5",6,"Head Before",6,1394,1803,14.1,9.4,-8552803,512
"6",7,"Head Before",7,1427,1767,16.556,11.037,-10786175,512
"7",8,"Head Before",8,1461,1725,18.319,12.212,-9671037,512
"8",9,"Head Before",9,1505,1679,21.579,14.386,-9601143,512
"9",10,"Head Before",10,1549,1633,21.579,14.386,-10193537,512
"10",11,"Head Before",11,1593,1582,22.834,15.223,-9867646,512
"11",12,"Head Before",12,1618,1524,21.411,14.274,-9535849,512
"12",13,"Head Before",13,1643,1471,19.866,13.244,-8421481,512
"13",14,"Head Before",14,1671,1413,21.833,14.556,-8289634,512
"14",15,"Head Before",15,1685,1379,12.465,8.31,-11045517,512
"15",16,"Head Before",16,1691,1367,4.548,3.032,-9075333,512
"16",17,"Head Before",17,1702,1339,10.198,6.799,-9010793,512
"17",18,"Head Before",18,1717,1295,15.759,10.506,-8619384,512
"18",19,"Head Before",19,1723,1213,27.872,18.582,-10127726,512
"19",20,"Head Before",20,1740,1157,19.839,13.226,-8419159,512
"20",21,"Head Before",21,1777,1113,19.489,12.993,-8416117,512
"21",22,"Head Before",22,1826,1067,22.784,15.189,-7365193,512
"22",23,"Head Before",23,1861,1010,22.675,15.117,-8615804,512
"23",24,"Head Before",24,1907,989,17.142,11.428,-9211009,512
"24",25,"Head Before",25,1947,979,13.977,9.318,-11640985,512
"25",26,"Head Before",26,1970,970,8.373,5.582,-11905954,512
"26",27,"Head Before",27,1983,958,5.998,3.998,-10650755,512
"27",28,"Head Before",28,2008,972,9.713,6.476,-11513501,512
"28",29,"Head Before",29,2023,993,8.749,5.832,-11377311,512
"29",30,"Head Before",30,2027,991,1.516,1.011,-12364204,512
"30",31,"Head Before",31,2042,1010,8.206,5.471,-11249826,512
"31",32,"Head Before",32,2058,1023,6.989,4.659,-12691118,512
"32",33,"Head Before",33,2071,1029,4.854,3.236,-11372439,512
"33",34,"Head Before",34,2086,1033,5.263,3.508,-12431782,512
"34",35,"Head Before",35,2096,1048,6.111,4.074,-12430517,512
"35",36,"Head Before",36,2136,1083,18.018,12.012,-11706266,512
"36",37,"Head Before",37,2165,1113,14.145,9.43,-11774377,512
"37",38,"Head Before",38,2188,1151,15.058,10.039,-11446695,512
"38",39,"Head Before",39,2197,1172,7.745,5.163,-10529953,512
"39",41,"Tail Before",2,1209,1897,4.854,3.236,-8280679,512
"40",42,"Tail Before",3,1243,1874,13.916,9.277,-8610933,512
"41",43,"Tail Before",4,1283,1861,14.258,9.505,-11972520,512
"42",44,"Tail Before",5,1325,1840,15.919,10.612,-11964055,512
"43",45,"Tail Before",6,1350,1819,11.068,7.379,-12894102,512
"44",46,"Tail Before",7,1377,1796,12.024,8.016,-13090500,512
"45",47,"Tail Before",8,1423,1756,20.665,13.777,-11575180,512
"46",48,"Tail Before",9,1459,1710,19.802,13.201,-13615043,512
"47",49,"Tail Before",10,1515,1668,23.73,15.82,-7833978,512
"48",50,"Tail Before",11,1561,1620,22.538,15.025,-9529202,512
"49",51,"Tail Before",12,1593,1570,20.124,13.416,-9866382,512
"50",52,"Tail Before",13,1618,1515,20.481,13.654,-11974317,512
"51",53,"Tail Before",14,1654,1461,22.001,14.667,-9938345,512
"52",54,"Tail Before",15,1668,1427,12.465,8.31,-10129554,512
"53",55,"Tail Before",16,1677,1413,5.642,3.761,-11052696,512
"54",56,"Tail Before",17,1687,1385,10.079,6.719,-12562363,512
"55",57,"Tail Before",18,1700,1335,17.514,11.676,-9923964,512
"56",58,"Tail Before",19,1715,1266,23.937,15.958,-11309718,512
"57",59,"Tail Before",20,1725,1203,21.624,14.416,-11303055,512
"58",60,"Tail Before",21,1754,1153,19.595,13.063,-8554382,512
"59",61,"Tail Before",22,1794,1104,21.443,14.295,-7891846,512
"60",62,"Tail Before",23,1842,1052,23.99,15.993,-11979709,512
"61",63,"Tail Before",24,1868,1014,15.609,10.406,-9128804,512
"62",64,"Tail Before",25,1905,995,14.1,9.4,-15583187,512
"63",65,"Tail Before",26,1926,987,7.618,5.079,-10058371,512
"64",66,"Tail Before",27,1943,979,6.369,4.246,-11123130,512
"65",67,"Tail Before",28,1962,981,6.477,4.318,-10921128,512
"66",68,"Tail Before",29,1972,981,3.39,2.26,-13878213,512
"67",69,"Tail Before",30,1970,977,1.516,1.011,-14988207,512
"68",70,"Tail Before",31,1985,981,5.263,3.508,-8947588,512
"69",71,"Tail Before",32,2002,995,7.466,4.977,-14535087,512
"70",72,"Tail Before",33,2021,1008,7.804,5.203,-13484217,512
"71",73,"Tail Before",34,2035,1021,6.477,4.318,-12305588,512
"72",74,"Tail Before",35,2054,1025,6.582,4.388,-12245700,512
"73",75,"Tail Before",36,2096,1056,17.696,11.798,-10845064,512
"74",76,"Tail Before",37,2130,1086,15.371,10.248,-10459797,512
"75",77,"Tail Before",38,2161,1115,14.391,9.594,-16245474,512
"76",78,"Tail Before",39,2174,1136,8.373,5.582,-11182778,512
"77",80,"Head After",41,2188,1224,9.153,6.102,-13617610,512
"78",81,"Head After",42,2226,1241,14.112,9.408,-12698810,512
"79",82,"Head After",43,2266,1241,13.56,9.04,-8878984,512
"80",83,"Head After",44,2289,1232,8.373,5.582,-10057339,512
"81",84,"Head After",45,2295,1224,3.39,2.26,-9939344,512
"82",85,"Head After",46,2306,1218,4.248,2.832,-9665931,512
"83",86,"Head After",47,2304,1224,2.144,1.429,-11435924,512
"84",87,"Head After",48,2306,1222,0.959,0.639,-7698283,512
"85",88,"Head After",49,2306,1226,1.356,0.904,-6379099,512
"86",89,"Head After",50,2304,1224,0.959,0.639,-12698289,512
"87",90,"Head After",51,2304,1220,1.356,0.904,-13940148,512
"88",91,"Head After",52,2297,1218,2.468,1.645,-13487057,512
"89",92,"Head After",53,2295,1224,2.144,1.429,-14206410,512
"90",93,"Head After",54,2295,1220,1.356,0.904,-14403270,512
"91",94,"Head After",55,2306,1224,3.968,2.645,-13681861,512
"92",95,"Head After",56,2304,1218,2.144,1.429,-9403545,512
"93",96,"Head After",57,2306,1220,0.959,0.639,-12236986,512
"94",97,"Head After",58,2304,1222,0.959,0.639,-10259623,512
"95",98,"Head After",59,2304,1224,0.678,0.452,-13284282,512
"96",99,"Head After",60,2306,1224,0.678,0.452,-8678523,512
"97",100,"Head After",61,2302,1218,2.445,1.63,-8087148,512
"98",101,"Head After",62,2306,1232,4.936,3.291,-13813936,512
"99",102,"Head After",63,2310,1228,1.918,1.278,-10315901,512
"100",103,"Head After",64,2312,1222,2.144,1.429,-12231596,512
"101",104,"Head After",65,2314,1222,0.678,0.452,-12303015,512
"102",105,"Head After",66,2314,1224,0.678,0.452,-12900280,512
"103",106,"Head After",67,2314,1226,0.678,0.452,-3350062,512
"104",107,"Head After",68,2314,1228,0.678,0.452,-13420494,512
"105",108,"Head After",69,2314,1226,0.678,0.452,-13087667,512
"106",109,"Head After",70,2316,1224,0.959,0.639,-8750494,512
"107",110,"Head After",71,2316,1224,0,0,-8024742,512
"108",111,"Head After",72,2314,1224,0.678,0.452,-8416903,512
"109",112,"Head After",73,2316,1220,1.516,1.011,-4732485,512
"110",113,"Head After",74,2316,1218,0.678,0.452,-3808796,512
"111",114,"Head After",75,2318,1216,0.959,0.639,-9544303,512
"112",116,"Tail After",41,2170,1146,2.795,1.864,-13285306,512
"113",117,"Tail After",42,2174,1155,3.339,2.226,-15190463,512
"114",118,"Tail After",43,2172,1153,0.959,0.639,-12502454,512
"115",119,"Tail After",44,2174,1157,1.516,1.011,-15437198,512
"116",120,"Tail After",45,2174,1159,0.678,0.452,-13210539,512
"117",121,"Tail After",46,2176,1157,0.959,0.639,-12295821,512
"118",122,"Tail After",47,2178,1161,1.516,1.011,-7954535,512
"119",123,"Tail After",48,2184,1163,2.144,1.429,-9027745,512
"120",124,"Tail After",49,2186,1161,0.959,0.639,-13815992,512
"121",125,"Tail After",50,2186,1165,1.356,0.904,-14269372,512
"122",126,"Tail After",51,2186,1174,3.051,2.034,-7956601,512
"123",127,"Tail After",52,2188,1180,2.144,1.429,-10918015,512
"124",128,"Tail After",53,2184,1176,1.918,1.278,-11768725,512
"125",129,"Tail After",54,2199,1195,8.206,5.471,-12242628,512
"126",130,"Tail After",55,2214,1201,5.477,3.651,-8087152,512
"127",131,"Tail After",56,2232,1201,6.102,4.068,-14858927,512
"128",132,"Tail After",57,2243,1195,4.248,2.832,-11518907,512
"129",133,"Tail After",58,2243,1192,1.017,0.678,-14586767,512
"130",134,"Tail After",59,2245,1195,1.222,0.815,-12767156,512
"131",135,"Tail After",60,2255,1190,3.79,2.527,-13811153,512
"132",136,"Tail After",61,2255,1192,0.678,0.452,-12757671,512
"133",137,"Tail After",62,2262,1192,2.373,1.582,-12360338,512
"134",138,"Tail After",63,2264,1192,0.678,0.452,-9461101,512
"135",139,"Tail After",64,2268,1192,1.356,0.904,-14205119,512
"136",140,"Tail After",65,2266,1184,2.795,1.864,-12424096,512
"137",141,"Tail After",66,2270,1190,2.445,1.63,-14593709,512
"138",142,"Tail After",67,2268,1201,3.79,2.527,-10981781,512
"139",143,"Tail After",68,2266,1199,0.959,0.639,-13480118,512
"140",144,"Tail After",69,2264,1205,2.144,1.429,-12234401,512
"141",145,"Tail After",70,2266,1195,3.457,2.305,-13999531,512
"142",146,"Tail After",71,2268,1201,2.144,1.429,-13875895,512
"143",147,"Tail After",72,2270,1201,0.678,0.452,-9461873,512
"144",148,"Tail After",73,2268,1199,0.959,0.639,-11582089,512
"145",149,"Tail After",74,2272,1201,1.516,1.011,-14002088,512
"146",150,"Tail After",75,2270,1213,4.124,2.749,-10123912,512
