"","X.1","ID","Track","Slice","X","Y","Distance","Velocity","PixelValue","TrackNumber","Concatenated"
"1",1,2,"Head Before",2,98,1280,10.704,7.136,-9010797,221,"Head Before 221"
"2",2,3,"Head Before",3,134,1215,25.189,16.793,-9140598,221,"Head Before 221"
"3",3,4,"Head Before",4,134,1221,2.034,1.356,-9074284,221,"Head Before 221"
"4",4,5,"Head Before",5,113,1215,7.404,4.936,-8551022,221,"Head Before 221"
"5",5,6,"Head Before",6,161,1213,16.286,10.857,-8288365,221,"Head Before 221"
"6",6,7,"Head Before",7,213,1196,18.546,12.364,-8877169,221,"Head Before 221"
"7",7,8,"Head Before",8,310,1186,33.057,22.038,-8878706,221,"Head Before 221"
"8",8,9,"Head Before",9,398,1236,34.311,22.874,-8417906,221,"Head Before 221"
"9",9,10,"Head Before",10,396,1286,16.964,11.309,-8088939,221,"Head Before 221"
"10",10,11,"Head Before",11,436,1307,15.315,10.21,-8878445,221,"Head Before 221"
"11",11,12,"Head Before",12,438,1370,21.368,14.245,-9406595,221,"Head Before 221"
"12",12,13,"Head Before",13,459,1431,21.87,14.58,-8681830,221,"Head Before 221"
"13",13,14,"Head Before",14,478,1529,33.841,22.56,-8747113,221,"Head Before 221"
"14",14,15,"Head Before",15,486,1544,5.763,3.842,-9273967,221,"Head Before 221"
"15",15,16,"Head Before",16,488,1546,0.959,0.639,-8615527,221,"Head Before 221"
"16",16,17,"Head Before",17,505,1567,9.159,6.106,-8942700,221,"Head Before 221"
"17",17,18,"Head Before",18,519,1584,7.466,4.977,-9800052,221,"Head Before 221"
"18",18,19,"Head Before",19,538,1594,7.279,4.852,-8614759,221,"Head Before 221"
"19",19,20,"Head Before",20,563,1605,9.259,6.173,-8090471,221,"Head Before 221"
"20",20,21,"Head Before",21,593,1636,14.624,9.749,-9534321,221,"Head Before 221"
"21",21,22,"Head Before",22,591,1638,0.959,0.639,-8614256,221,"Head Before 221"
"22",22,23,"Head Before",23,589,1636,0.959,0.639,-8943737,221,"Head Before 221"
"23",23,24,"Head Before",24,582,1636,2.373,1.582,-8350825,221,"Head Before 221"
"24",24,25,"Head Before",25,599,1649,7.255,4.837,-8614507,221,"Head Before 221"
"25",25,26,"Head Before",26,595,1641,3.032,2.021,-7892582,221,"Head Before 221"
"26",26,27,"Head Before",27,587,1636,3.198,2.132,-8482409,221,"Head Before 221"
"27",27,29,"Tail Before",2,35,1265,15.653,10.435,-11967654,221,"Tail Before 221"
"28",28,30,"Tail Before",3,73,1240,15.42,10.28,-12237989,221,"Tail Before 221"
"29",29,31,"Tail Before",4,67,1232,3.39,2.26,-9206144,221,"Tail Before 221"
"30",30,32,"Tail Before",5,56,1236,3.968,2.645,-10520462,221,"Tail Before 221"
"31",31,33,"Tail Before",6,94,1228,13.164,8.776,-11111320,221,"Tail Before 221"
"32",32,34,"Tail Before",7,148,1207,19.642,13.094,-11641514,221,"Tail Before 221"
"33",33,35,"Tail Before",8,245,1196,33.094,22.063,-10847633,221,"Tail Before 221"
"34",34,36,"Tail Before",9,350,1194,35.601,23.734,-11582114,221,"Tail Before 221"
"35",35,37,"Tail Before",10,375,1234,15.991,10.66,-11385763,221,"Tail Before 221"
"36",36,38,"Tail Before",11,396,1261,11.596,7.73,-11844773,221,"Tail Before 221"
"37",37,39,"Tail Before",12,431,1307,19.595,13.063,-11320231,221,"Tail Before 221"
"38",38,40,"Tail Before",13,492,1372,30.219,20.146,-9079445,221,"Tail Before 221"
"39",39,41,"Tail Before",14,469,1467,33.135,22.09,-10462604,221,"Tail Before 221"
"40",40,42,"Tail Before",15,450,1494,11.192,7.461,-11119782,221,"Tail Before 221"
"41",41,43,"Tail Before",16,454,1496,1.516,1.011,-10334892,221,"Tail Before 221"
"42",42,44,"Tail Before",17,457,1525,9.883,6.589,-9215122,221,"Tail Before 221"
"43",43,45,"Tail Before",18,471,1538,6.477,4.318,-10389897,221,"Tail Before 221"
"44",44,46,"Tail Before",19,484,1546,5.175,3.45,-10595998,221,"Tail Before 221"
"45",45,47,"Tail Before",20,505,1569,10.558,7.039,-7760501,221,"Tail Before 221"
"46",46,48,"Tail Before",21,534,1599,14.145,9.43,-10982301,221,"Tail Before 221"
"47",47,49,"Tail Before",22,534,1601,0.678,0.452,-12041134,221,"Tail Before 221"
"48",48,50,"Tail Before",23,524,1607,3.953,2.636,-10134685,221,"Tail Before 221"
"49",49,51,"Tail Before",24,524,1605,0.678,0.452,-8624775,221,"Tail Before 221"
"50",50,52,"Tail Before",25,540,1615,6.396,4.264,-8091511,221,"Tail Before 221"
"51",51,53,"Tail Before",26,528,1609,4.548,3.032,-9212561,221,"Tail Before 221"
"52",52,54,"Tail Before",27,519,1613,3.339,2.226,-8876415,221,"Tail Before 221"
"53",53,56,"Head After",29,599,1634,0.678,0.452,-8223086,221,"Head After 221"
"54",54,57,"Head After",30,601,1632,0.959,0.639,-8813684,221,"Head After 221"
"55",55,58,"Head After",31,631,1628,10.26,6.84,-8155764,221,"Head After 221"
"56",56,59,"Head After",32,664,1638,11.689,7.793,-9272178,221,"Head After 221"
"57",57,60,"Head After",33,677,1649,5.773,3.849,-8879998,221,"Head After 221"
"58",58,61,"Head After",34,679,1643,2.144,1.429,-8089968,221,"Head After 221"
"59",59,62,"Head After",35,704,1649,8.716,5.81,-8354156,221,"Head After 221"
"60",60,63,"Head After",36,696,1666,6.369,4.246,-9207163,221,"Head After 221"
"61",61,64,"Head After",37,696,1670,1.356,0.904,-9212026,221,"Head After 221"
"62",62,65,"Head After",38,685,1668,3.79,2.527,-7697772,221,"Head After 221"
"63",63,66,"Head After",39,685,1659,3.051,2.034,-7237221,221,"Head After 221"
"64",64,67,"Head After",40,683,1651,2.795,1.864,-8026737,221,"Head After 221"
"65",65,68,"Head After",41,675,1638,5.175,3.45,-8158323,221,"Head After 221"
"66",66,69,"Head After",42,675,1645,2.373,1.582,-7564905,221,"Head After 221"
"67",67,70,"Head After",43,681,1659,5.163,3.442,-7827301,221,"Head After 221"
"68",68,71,"Head After",44,687,1695,12.372,8.248,-8024185,221,"Head After 221"
"69",69,72,"Head After",45,712,1703,8.898,5.932,-8417647,221,"Head After 221"
"70",70,73,"Head After",46,727,1737,12.598,8.399,-7958393,221,"Head After 221"
"71",71,74,"Head After",47,758,1787,19.943,13.296,-7827056,221,"Head After 221"
"72",72,75,"Head After",48,754,1779,3.032,2.021,-8287347,221,"Head After 221"
"73",73,76,"Head After",49,750,1760,6.582,4.388,-8682115,221,"Head After 221"
"74",74,77,"Head After",50,740,1752,4.341,2.894,-10064776,221,"Head After 221"
"75",75,78,"Head After",51,754,1777,9.713,6.476,-8484719,221,"Head After 221"
"76",76,79,"Head After",52,761,1815,13.099,8.732,-8813945,221,"Head After 221"
"77",77,80,"Head After",53,761,1792,7.797,5.198,-8552816,221,"Head After 221"
"78",78,81,"Head After",54,754,1792,2.373,1.582,-7961205,221,"Head After 221"
"79",79,83,"Tail After",29,517,1613,0.678,0.452,-9078422,221,"Tail After 221"
"80",80,84,"Tail After",30,519,1613,0.678,0.452,-10653604,221,"Tail After 221"
"81",81,85,"Tail After",31,534,1609,5.263,3.508,-9077628,221,"Tail After 221"
"82",82,86,"Tail After",32,566,1615,11.037,7.358,-9011597,221,"Tail After 221"
"83",83,87,"Tail After",33,566,1615,0,0,-10196125,221,"Tail After 221"
"84",84,88,"Tail After",34,574,1622,3.604,2.402,-11379108,221,"Tail After 221"
"85",85,89,"Tail After",35,589,1630,5.763,3.842,-8822942,221,"Tail After 221"
"86",86,90,"Tail After",36,593,1630,1.356,0.904,-10392983,221,"Tail After 221"
"87",87,91,"Tail After",37,603,1638,4.341,2.894,-9536914,221,"Tail After 221"
"88",88,92,"Tail After",38,593,1641,3.539,2.36,-9602180,221,"Tail After 221"
"89",89,93,"Tail After",39,587,1645,2.445,1.63,-8619393,221,"Tail After 221"
"90",90,94,"Tail After",40,580,1641,2.733,1.822,-9011584,221,"Tail After 221"
"91",91,95,"Tail After",41,582,1647,2.144,1.429,-10463649,221,"Tail After 221"
"92",92,96,"Tail After",42,593,1651,3.968,2.645,-11644836,221,"Tail After 221"
"93",93,97,"Tail After",43,591,1664,4.459,2.973,-8155512,221,"Tail After 221"
"94",94,98,"Tail After",44,589,1659,1.826,1.217,-10323601,221,"Tail After 221"
"95",95,99,"Tail After",45,595,1664,2.648,1.765,-10919580,221,"Tail After 221"
"96",96,100,"Tail After",46,616,1678,8.556,5.704,-8879748,221,"Tail After 221"
"97",97,101,"Tail After",47,641,1697,10.645,7.097,-9013640,221,"Tail After 221"
"98",98,102,"Tail After",48,633,1699,2.795,1.864,-10065291,221,"Tail After 221"
"99",99,103,"Tail After",49,635,1691,2.795,1.864,-9865867,221,"Tail After 221"
"100",100,104,"Tail After",50,635,1693,0.678,0.452,-9930365,221,"Tail After 221"
"101",101,105,"Tail After",51,643,1697,3.032,2.021,-10917777,221,"Tail After 221"
"102",102,106,"Tail After",52,654,1716,7.443,4.962,-8222335,221,"Tail After 221"
"103",103,107,"Tail After",53,658,1722,2.445,1.63,-9145230,221,"Tail After 221"
"104",104,108,"Tail After",54,654,1714,3.032,2.021,-11702942,221,"Tail After 221"
"105",1,2,"Head Before",2,2522,1645,16.95,11.3,-9404550,222,"Head Before 222"
"106",2,3,"Head Before",3,2505,1647,5.803,3.868,-8813692,222,"Head Before 222"
"107",3,4,"Head Before",4,2465,1653,13.712,9.141,-9470595,222,"Head Before 222"
"108",4,5,"Head Before",5,2421,1655,14.931,9.954,-8813434,222,"Head Before 222"
"109",5,6,"Head Before",6,2367,1655,18.306,12.204,-9273730,222,"Head Before 222"
"110",6,7,"Head Before",7,2323,1647,15.161,10.107,-9340540,222,"Head Before 222"
"111",7,8,"Head Before",8,2262,1647,20.679,13.786,-9273732,222,"Head Before 222"
"112",8,9,"Head Before",9,2417,1617,53.52,35.68,-9995648,222,"Head Before 222"
"113",9,10,"Head Before",10,2444,1615,9.178,6.119,-9272705,222,"Head Before 222"
"114",10,11,"Head Before",11,2453,1628,5.36,3.573,-9667973,222,"Head Before 222"
"115",11,12,"Head Before",12,2482,1634,10.039,6.693,-8683915,222,"Head Before 222"
"116",12,13,"Head Before",13,2484,1624,3.457,2.305,-9602181,222,"Head Before 222"
"117",13,14,"Head Before",14,2497,1615,5.36,3.573,-9539473,222,"Head Before 222"
"118",14,15,"Head Before",15,2509,1613,4.124,2.749,-9669780,222,"Head Before 222"
"119",15,16,"Head Before",16,2469,1609,13.628,9.085,-9603471,222,"Head Before 222"
"120",16,17,"Head Before",17,2411,1597,20.078,13.386,-9995648,222,"Head Before 222"
"121",17,18,"Head Before",18,2350,1590,20.815,13.876,-8878974,222,"Head Before 222"
"122",18,19,"Head Before",19,2293,1586,19.371,12.914,-9537424,222,"Head Before 222"
"123",19,20,"Head Before",20,2258,1590,11.942,7.961,-8681848,222,"Head Before 222"
"124",20,21,"Head Before",21,2228,1599,10.618,7.079,-9471883,222,"Head Before 222"
"125",21,22,"Head Before",22,2205,1605,8.058,5.372,-9603208,222,"Head Before 222"
"126",22,23,"Head Before",23,2186,1605,6.441,4.294,-9668490,222,"Head Before 222"
"127",23,24,"Head Before",24,2109,1609,26.138,17.425,-9669260,222,"Head Before 222"
"128",24,25,"Head Before",25,2060,1599,16.953,11.302,-9340802,222,"Head Before 222"
"129",25,26,"Head Before",26,2002,1588,20.012,13.342,-9472386,222,"Head Before 222"
"130",26,27,"Head Before",27,1922,1557,29.085,19.39,-9273981,222,"Head Before 222"
"131",27,28,"Head Before",28,1859,1532,22.977,15.318,-9208452,222,"Head Before 222"
"132",28,29,"Head Before",29,1834,1475,21.1,14.067,-8814723,222,"Head Before 222"
"133",29,30,"Head Before",30,1840,1433,14.383,9.588,-8681848,222,"Head Before 222"
"134",30,31,"Head Before",31,1815,1378,20.481,13.654,-9732989,222,"Head Before 222"
"135",31,32,"Head Before",32,1775,1320,23.884,15.923,-9075072,222,"Head Before 222"
"136",32,33,"Head Before",33,1773,1272,16.286,10.857,-8812405,222,"Head Before 222"
"137",33,34,"Head Before",34,1759,1246,10.011,6.674,-9468801,222,"Head Before 222"
"138",34,35,"Head Before",35,1752,1234,4.71,3.14,-9142910,222,"Head Before 222"
"139",35,36,"Head Before",36,1742,1221,5.56,3.707,-9010560,222,"Head Before 222"
"140",36,37,"Head Before",37,1742,1213,2.712,1.808,-9273467,222,"Head Before 222"
"141",37,38,"Head Before",38,1740,1211,0.959,0.639,-9799033,222,"Head Before 222"
"142",38,39,"Head Before",39,1746,1207,2.445,1.63,-9601667,222,"Head Before 222"
"143",39,40,"Head Before",40,1748,1192,5.13,3.42,-9010044,222,"Head Before 222"
"144",40,41,"Head Before",41,1763,1123,23.937,15.958,-8288127,222,"Head Before 222"
"145",41,42,"Head Before",42,1796,1062,23.511,15.674,-9141376,222,"Head Before 222"
"146",42,43,"Head Before",43,1840,1060,14.931,9.954,-9140865,222,"Head Before 222"
"147",43,44,"Head Before",44,1866,1066,9.046,6.03,-9142656,222,"Head Before 222"
"148",44,45,"Head Before",45,1863,1074,2.896,1.931,-9078404,222,"Head Before 222"
"149",45,46,"Head Before",46,1861,1079,1.826,1.217,-9206658,222,"Head Before 222"
"150",46,47,"Head Before",47,1868,1077,2.468,1.645,-9735057,222,"Head Before 222"
"151",47,48,"Head Before",48,1878,1083,3.953,2.636,-9141627,222,"Head Before 222"
"152",48,49,"Head Before",49,1886,1093,4.341,2.894,-9667714,222,"Head Before 222"
"153",49,50,"Head Before",50,1876,1056,12.993,8.662,-9208198,222,"Head Before 222"
"154",50,51,"Head Before",51,1886,1053,3.539,2.36,-9470333,222,"Head Before 222"
"155",51,52,"Head Before",52,1886,1047,2.034,1.356,-9469055,222,"Head Before 222"
"156",52,53,"Head Before",53,1941,1047,18.645,12.43,-9207420,222,"Head Before 222"
"157",53,54,"Head Before",54,1998,1045,19.335,12.89,-9272437,222,"Head Before 222"
"158",54,55,"Head Before",55,2016,1049,6.251,4.167,-9471097,222,"Head Before 222"
"159",55,56,"Head Before",56,2040,1045,8.248,5.499,-9404548,222,"Head Before 222"
"160",56,57,"Head Before",57,2075,1104,23.255,15.504,-9469054,222,"Head Before 222"
"161",57,58,"Head Before",58,2086,1131,9.883,6.589,-9405569,222,"Head Before 222"
"162",58,59,"Head Before",59,2058,1167,15.461,10.307,-9405818,222,"Head Before 222"
"163",59,60,"Head Before",60,2046,1202,12.543,8.362,-9142146,222,"Head Before 222"
"164",60,61,"Head Before",61,2046,1219,5.763,3.842,-9600892,222,"Head Before 222"
"165",61,62,"Head Before",62,2056,1211,4.341,2.894,-9338496,222,"Head Before 222"
"166",62,63,"Head Before",63,2048,1209,2.795,1.864,-9600638,222,"Head Before 222"
"167",63,64,"Head Before",64,2056,1213,3.032,2.021,-9404801,222,"Head Before 222"
"168",64,65,"Head Before",65,2058,1213,0.678,0.452,-9076616,222,"Head Before 222"
"169",65,66,"Head Before",66,2046,1221,4.889,3.259,-9011334,222,"Head Before 222"
"170",66,67,"Head Before",67,2019,1234,10.159,6.772,-9011584,222,"Head Before 222"
"171",67,68,"Head Before",68,2010,1240,3.667,2.445,-8749189,222,"Head Before 222"
"172",68,69,"Head Before",69,2006,1253,4.611,3.074,-9012088,222,"Head Before 222"
"173",69,70,"Head Before",70,2004,1251,0.959,0.639,-8617346,222,"Head Before 222"
"174",70,71,"Head Before",71,2010,1255,2.445,1.63,-9010560,222,"Head Before 222"
"175",71,72,"Head Before",72,2006,1255,1.356,0.904,-9406593,222,"Head Before 222"
"176",72,73,"Head Before",73,2004,1257,0.959,0.639,-9075583,222,"Head Before 222"
"177",73,74,"Head Before",74,2004,1259,0.678,0.452,-9142657,222,"Head Before 222"
"178",74,75,"Head Before",75,2004,1259,0,0,-9075072,222,"Head Before 222"
"179",75,76,"Head Before",76,2004,1257,0.678,0.452,-8683899,222,"Head Before 222"
"180",76,77,"Head Before",77,1998,1257,2.034,1.356,-9209483,222,"Head Before 222"
"181",77,78,"Head Before",78,1993,1263,2.648,1.765,-9010560,222,"Head Before 222"
"182",78,79,"Head Before",79,1981,1248,6.512,4.341,-9142659,222,"Head Before 222"
"183",79,80,"Head Before",80,1985,1251,1.695,1.13,-9075577,222,"Head Before 222"
"184",80,81,"Head Before",81,1979,1259,3.39,2.26,-9340038,222,"Head Before 222"
"185",81,82,"Head Before",82,1983,1265,2.445,1.63,-9209742,222,"Head Before 222"
"186",82,83,"Head Before",83,1977,1265,2.034,1.356,-9274242,222,"Head Before 222"
"187",83,84,"Head Before",84,1983,1276,4.248,2.832,-8945537,222,"Head Before 222"
"188",84,85,"Head Before",85,1975,1267,4.082,2.721,-8881027,222,"Head Before 222"
"189",85,86,"Head Before",86,1972,1269,1.222,0.815,-9339774,222,"Head Before 222"
"190",86,87,"Head Before",87,1975,1274,1.977,1.318,-8879487,222,"Head Before 222"
"191",87,88,"Head Before",88,1972,1267,2.582,1.721,-8880514,222,"Head Before 222"
"192",88,89,"Head Before",89,1977,1276,3.49,2.327,-9142144,222,"Head Before 222"
"193",89,90,"Head Before",90,1968,1267,4.315,2.877,-9142920,222,"Head Before 222"
"194",90,91,"Head Before",91,1968,1269,0.678,0.452,-9078154,222,"Head Before 222"
"195",91,92,"Head Before",92,1968,1269,0,0,-8946309,222,"Head Before 222"
"196",92,93,"Head Before",93,1968,1276,2.373,1.582,-9273985,222,"Head Before 222"
"197",93,94,"Head Before",94,1960,1276,2.712,1.808,-8878974,222,"Head Before 222"
"198",94,95,"Head Before",95,1960,1276,0,0,-9010558,222,"Head Before 222"
"199",95,96,"Head Before",96,1956,1278,1.516,1.011,-9208192,222,"Head Before 222"
"200",96,97,"Head Before",97,1954,1280,0.959,0.639,-9406082,222,"Head Before 222"
"201",97,98,"Head Before",98,1951,1286,2.274,1.516,-9208963,222,"Head Before 222"
"202",98,99,"Head Before",99,1949,1284,0.959,0.639,-9076604,222,"Head Before 222"
"203",99,100,"Head Before",100,1947,1284,0.678,0.452,-8944767,222,"Head Before 222"
"204",100,101,"Head Before",101,1943,1280,1.918,1.278,-9536387,222,"Head Before 222"
"205",101,102,"Head Before",102,1941,1286,2.144,1.429,-10128261,222,"Head Before 222"
"206",102,103,"Head Before",103,1933,1286,2.712,1.808,-8945278,222,"Head Before 222"
"207",103,104,"Head Before",104,1922,1284,3.79,2.527,-9404548,222,"Head Before 222"
"208",104,105,"Head Before",105,1918,1288,1.918,1.278,-9472134,222,"Head Before 222"
"209",105,106,"Head Before",106,1912,1282,2.877,1.918,-9537153,222,"Head Before 222"
"210",106,107,"Head Before",107,1910,1280,0.959,0.639,-9537676,222,"Head Before 222"
"211",107,108,"Head Before",108,1912,1282,0.959,0.639,-9075583,222,"Head Before 222"
"212",108,109,"Head Before",109,1912,1280,0.678,0.452,-9208202,222,"Head Before 222"
"213",109,110,"Head Before",110,1914,1284,1.516,1.011,-9339008,222,"Head Before 222"
"214",110,111,"Head Before",111,1918,1286,1.516,1.011,-9011071,222,"Head Before 222"
"215",111,112,"Head Before",112,1922,1293,2.733,1.822,-8879487,222,"Head Before 222"
"216",112,113,"Head Before",113,1926,1295,1.516,1.011,-9342859,222,"Head Before 222"
"217",113,114,"Head Before",114,1926,1293,0.678,0.452,-8683650,222,"Head Before 222"
"218",114,115,"Head Before",115,1937,1278,6.306,4.204,-11775917,222,"Head Before 222"
"219",115,116,"Head Before",116,1935,1276,0.959,0.639,-11840934,222,"Head Before 222"
"220",116,117,"Head Before",117,1931,1282,2.445,1.63,-9799306,222,"Head Before 222"
"221",117,118,"Head Before",118,1937,1282,2.034,1.356,-9999259,222,"Head Before 222"
"222",118,119,"Head Before",119,1928,1282,3.051,2.034,-9800848,222,"Head Before 222"
"223",119,120,"Head Before",120,1928,1282,0,0,-9405320,222,"Head Before 222"
"224",120,121,"Head Before",121,1949,1280,7.151,4.767,-11639467,222,"Head Before 222"
"225",121,122,"Head Before",122,1943,1288,3.39,2.26,-9932182,222,"Head Before 222"
"226",122,124,"Tail Before",2,2555,1651,11.187,7.458,-11507624,222,"Tail Before 222"
"227",123,125,"Tail Before",3,2551,1647,1.918,1.278,-9602697,222,"Tail Before 222"
"228",124,126,"Tail Before",4,2509,1647,14.238,9.492,-10261138,222,"Tail Before 222"
"229",125,127,"Tail Before",5,2465,1653,15.054,10.036,-10524571,222,"Tail Before 222"
"230",126,128,"Tail Before",6,2409,1657,19.032,12.688,-9735055,222,"Tail Before 222"
"231",127,129,"Tail Before",7,2360,1653,16.666,11.111,-11379621,222,"Tail Before 222"
"232",128,130,"Tail Before",8,2308,1647,17.745,11.83,-9669791,222,"Tail Before 222"
"233",129,131,"Tail Before",9,2446,1653,46.826,31.217,-9866906,222,"Tail Before 222"
"234",130,132,"Tail Before",10,2482,1643,12.666,8.444,-10588313,222,"Tail Before 222"
"235",131,133,"Tail Before",11,2495,1643,4.407,2.938,-10259851,222,"Tail Before 222"
"236",132,134,"Tail Before",12,2526,1645,10.531,7.021,-9733784,222,"Tail Before 222"
"237",133,135,"Tail Before",13,2522,1630,5.263,3.508,-8419197,222,"Tail Before 222"
"238",134,136,"Tail Before",14,2545,1628,7.826,5.218,-10655387,222,"Tail Before 222"
"239",135,137,"Tail Before",15,2551,1630,2.144,1.429,-10390416,222,"Tail Before 222"
"240",136,138,"Tail Before",16,2513,1617,13.615,9.077,-10392724,222,"Tail Before 222"
"241",137,139,"Tail Before",17,2453,1605,20.743,13.829,-11311516,222,"Tail Before 222"
"242",138,140,"Tail Before",18,2392,1594,21.013,14.008,-11181212,222,"Tail Before 222"
"243",139,141,"Tail Before",19,2337,1588,18.756,12.504,-10455706,222,"Tail Before 222"
"244",140,142,"Tail Before",20,2302,1590,11.884,7.923,-9475222,222,"Tail Before 222"
"245",141,143,"Tail Before",21,2268,1597,11.768,7.845,-11448996,222,"Tail Before 222"
"246",142,144,"Tail Before",22,2245,1599,7.826,5.218,-10259348,222,"Tail Before 222"
"247",143,145,"Tail Before",23,2222,1601,7.826,5.218,-10521742,222,"Tail Before 222"
"248",144,146,"Tail Before",24,2146,1613,26.083,17.389,-10982553,222,"Tail Before 222"
"249",145,147,"Tail Before",25,2100,1611,15.609,10.406,-10852764,222,"Tail Before 222"
"250",146,148,"Tail Before",26,2040,1603,20.52,13.68,-10856600,222,"Tail Before 222"
"251",147,149,"Tail Before",27,1960,1576,28.623,19.082,-10850967,222,"Tail Before 222"
"252",148,150,"Tail Before",28,1889,1555,25.1,16.733,-11312034,222,"Tail Before 222"
"253",149,151,"Tail Before",29,1838,1513,22.397,14.931,-11508384,222,"Tail Before 222"
"254",150,152,"Tail Before",30,1842,1477,12.279,8.186,-10984609,222,"Tail Before 222"
"255",151,153,"Tail Before",31,1817,1418,21.722,14.482,-9996178,222,"Tail Before 222"
"256",152,154,"Tail Before",32,1792,1358,22.035,14.69,-11375758,222,"Tail Before 222"
"257",153,155,"Tail Before",33,1769,1309,18.35,12.233,-9865869,222,"Tail Before 222"
"258",154,156,"Tail Before",34,1765,1290,6.582,4.388,-11440799,222,"Tail Before 222"
"259",155,157,"Tail Before",35,1763,1276,4.794,3.196,-10651798,222,"Tail Before 222"
"260",156,158,"Tail Before",36,1765,1259,5.803,3.868,-10853528,222,"Tail Before 222"
"261",157,159,"Tail Before",37,1759,1244,5.477,3.651,-10064790,222,"Tail Before 222"
"262",158,160,"Tail Before",38,1765,1248,2.445,1.63,-11709088,222,"Tail Before 222"
"263",159,161,"Tail Before",39,1765,1246,0.678,0.452,-11050151,222,"Tail Before 222"
"264",160,162,"Tail Before",40,1752,1232,6.477,4.318,-11245473,222,"Tail Before 222"
"265",161,163,"Tail Before",41,1750,1165,22.723,15.149,-11967397,222,"Tail Before 222"
"266",162,164,"Tail Before",42,1771,1098,23.803,15.868,-11180710,222,"Tail Before 222"
"267",163,165,"Tail Before",43,1798,1068,13.682,9.122,-11975590,222,"Tail Before 222"
"268",164,166,"Tail Before",44,1815,1066,5.803,3.868,-9600401,222,"Tail Before 222"
"269",165,167,"Tail Before",45,1815,1066,0,0,-10322578,222,"Tail Before 222"
"270",166,168,"Tail Before",46,1821,1068,2.144,1.429,-11114917,222,"Tail Before 222"
"271",167,169,"Tail Before",47,1824,1068,1.017,0.678,-11838891,222,"Tail Before 222"
"272",168,170,"Tail Before",48,1836,1070,4.124,2.749,-9994895,222,"Tail Before 222"
"273",169,171,"Tail Before",49,1836,1077,2.373,1.582,-10458267,222,"Tail Before 222"
"274",170,172,"Tail Before",50,1836,1077,0,0,-11776170,222,"Tail Before 222"
"275",171,173,"Tail Before",51,1849,1072,4.722,3.148,-11709874,222,"Tail Before 222"
"276",172,174,"Tail Before",52,1847,1074,0.959,0.639,-11113376,222,"Tail Before 222"
"277",173,175,"Tail Before",53,1899,1062,18.091,12.061,-11320999,222,"Tail Before 222"
"278",174,176,"Tail Before",54,1954,1049,19.159,12.772,-9799310,222,"Tail Before 222"
"279",175,177,"Tail Before",55,1972,1049,6.102,4.068,-10789791,222,"Tail Before 222"
"280",176,178,"Tail Before",56,1996,1049,8.136,5.424,-10392476,222,"Tail Before 222"
"281",177,179,"Tail Before",57,2052,1072,20.523,13.682,-11839659,222,"Tail Before 222"
"282",178,180,"Tail Before",58,2056,1098,8.918,5.945,-10589843,222,"Tail Before 222"
"283",179,181,"Tail Before",59,2073,1127,11.396,7.597,-10330266,222,"Tail Before 222"
"284",180,182,"Tail Before",60,2054,1163,13.799,9.2,-10918308,222,"Tail Before 222"
"285",181,183,"Tail Before",61,2046,1181,6.678,4.452,-9676182,222,"Tail Before 222"
"286",182,184,"Tail Before",62,2054,1175,3.39,2.26,-8555663,222,"Tail Before 222"
"287",183,185,"Tail Before",63,2050,1171,1.918,1.278,-9935775,222,"Tail Before 222"
"288",184,186,"Tail Before",64,2050,1171,0,0,-10659745,222,"Tail Before 222"
"289",185,187,"Tail Before",65,2048,1173,0.959,0.639,-9143950,222,"Tail Before 222"
"290",186,188,"Tail Before",66,2042,1181,3.39,2.26,-9475984,222,"Tail Before 222"
"291",187,189,"Tail Before",67,2037,1200,6.66,4.44,-10128776,222,"Tail Before 222"
"292",188,190,"Tail Before",68,2033,1211,3.968,2.645,-10659746,222,"Tail Before 222"
"293",189,191,"Tail Before",69,2025,1223,4.889,3.259,-10457754,222,"Tail Before 222"
"294",190,192,"Tail Before",70,2025,1223,0,0,-11644582,222,"Tail Before 222"
"295",191,193,"Tail Before",71,2025,1221,0.678,0.452,-10193037,222,"Tail Before 222"
"296",192,194,"Tail Before",72,2016,1225,3.339,2.226,-10259346,222,"Tail Before 222"
"297",193,195,"Tail Before",73,2016,1223,0.678,0.452,-9930894,222,"Tail Before 222"
"298",194,196,"Tail Before",74,2012,1225,1.516,1.011,-10653328,222,"Tail Before 222"
"299",195,197,"Tail Before",75,2012,1225,0,0,-9798020,222,"Tail Before 222"
"300",196,198,"Tail Before",76,2012,1225,0,0,-10257036,222,"Tail Before 222"
"301",197,199,"Tail Before",77,2012,1225,0,0,-10719897,222,"Tail Before 222"
"302",198,200,"Tail Before",78,2014,1223,0.959,0.639,-10588824,222,"Tail Before 222"
"303",199,201,"Tail Before",79,2008,1230,3.125,2.084,-10525343,222,"Tail Before 222"
"304",200,202,"Tail Before",80,2010,1228,0.959,0.639,-10192015,222,"Tail Before 222"
"305",201,203,"Tail Before",81,2006,1234,2.445,1.63,-10390681,222,"Tail Before 222"
"306",202,204,"Tail Before",82,2006,1238,1.356,0.904,-10852512,222,"Tail Before 222"
"307",203,205,"Tail Before",83,1998,1242,3.032,2.021,-11048348,222,"Tail Before 222"
"308",204,206,"Tail Before",84,2002,1240,1.516,1.011,-10851996,222,"Tail Before 222"
"309",205,207,"Tail Before",85,2002,1246,2.034,1.356,-10520726,222,"Tail Before 222"
"310",206,208,"Tail Before",86,1998,1244,1.516,1.011,-10391961,222,"Tail Before 222"
"311",207,209,"Tail Before",87,1998,1244,0,0,-10194068,222,"Tail Before 222"
"312",208,210,"Tail Before",88,1998,1244,0,0,-10062482,222,"Tail Before 222"
"313",209,211,"Tail Before",89,1998,1244,0,0,-10193553,222,"Tail Before 222"
"314",210,212,"Tail Before",90,1998,1244,0,0,-10062228,222,"Tail Before 222"
"315",211,213,"Tail Before",91,1996,1238,2.144,1.429,-10458008,222,"Tail Before 222"
"316",212,214,"Tail Before",92,1989,1240,2.468,1.645,-10062221,222,"Tail Before 222"
"317",213,215,"Tail Before",93,1989,1246,2.034,1.356,-9930896,222,"Tail Before 222"
"318",214,216,"Tail Before",94,1985,1246,1.356,0.904,-10785174,222,"Tail Before 222"
"319",215,217,"Tail Before",95,1983,1251,1.826,1.217,-9339273,222,"Tail Before 222"
"320",216,218,"Tail Before",96,1983,1251,0,0,-9733263,222,"Tail Before 222"
"321",217,219,"Tail Before",97,1977,1257,2.877,1.918,-9405318,222,"Tail Before 222"
"322",218,220,"Tail Before",98,1977,1257,0,0,-9733012,222,"Tail Before 222"
"323",219,221,"Tail Before",99,1977,1257,0,0,-9012104,222,"Tail Before 222"
"324",220,222,"Tail Before",100,1975,1261,1.516,1.011,-9798027,222,"Tail Before 222"
"325",221,223,"Tail Before",101,1975,1261,0,0,-10061199,222,"Tail Before 222"
"326",222,224,"Tail Before",102,1968,1267,3.125,2.084,-9862532,222,"Tail Before 222"
"327",223,225,"Tail Before",103,1962,1269,2.144,1.429,-10259598,222,"Tail Before 222"
"328",224,226,"Tail Before",104,1954,1274,3.198,2.132,-9140869,222,"Tail Before 222"
"329",225,227,"Tail Before",105,1949,1276,1.826,1.217,-9076103,222,"Tail Before 222"
"330",226,228,"Tail Before",106,1947,1274,0.959,0.639,-9406608,222,"Tail Before 222"
"331",227,229,"Tail Before",107,1939,1272,2.795,1.864,-9933466,222,"Tail Before 222"
"332",228,230,"Tail Before",108,1939,1272,0,0,-8687236,222,"Tail Before 222"
"333",229,231,"Tail Before",109,1939,1272,0,0,-9343636,222,"Tail Before 222"
"334",230,232,"Tail Before",110,1943,1274,1.516,1.011,-9275023,222,"Tail Before 222"
"335",231,233,"Tail Before",111,1939,1274,1.356,0.904,-11709615,222,"Tail Before 222"
"336",232,234,"Tail Before",112,1943,1274,1.356,0.904,-10921113,222,"Tail Before 222"
"337",233,235,"Tail Before",113,1943,1276,0.678,0.452,-11248282,222,"Tail Before 222"
"338",234,236,"Tail Before",114,1943,1276,0,0,-10851998,222,"Tail Before 222"
"339",235,237,"Tail Before",115,1949,1272,2.445,1.63,-10193304,222,"Tail Before 222"
"340",236,238,"Tail Before",116,1949,1272,0,0,-10981537,222,"Tail Before 222"
"341",237,239,"Tail Before",117,1947,1269,1.222,0.815,-10850708,222,"Tail Before 222"
"342",238,240,"Tail Before",118,1947,1269,0,0,-10588822,222,"Tail Before 222"
"343",239,241,"Tail Before",119,1947,1269,0,0,-11445671,222,"Tail Before 222"
"344",240,242,"Tail Before",120,1947,1269,0,0,-10787220,222,"Tail Before 222"
"345",241,243,"Tail Before",121,1954,1269,2.373,1.582,-10323601,222,"Tail Before 222"
"346",242,244,"Tail Before",122,1954,1267,0.678,0.452,-12956584,222,"Tail Before 222"
"347",243,246,"Head After",124,1933,1295,2.034,1.356,-8747901,222,"Head After 222"
"348",244,247,"Head After",125,1939,1305,3.953,2.636,-8877693,222,"Head After 222"
"349",245,248,"Head After",126,1931,1297,3.835,2.557,-9010558,222,"Head After 222"
"350",246,249,"Head After",127,1931,1297,0,0,-9405318,222,"Head After 222"
"351",247,250,"Head After",128,1931,1299,0.678,0.452,-9601403,222,"Head After 222"
"352",248,251,"Head After",129,1920,1305,4.248,2.832,-9603974,222,"Head After 222"
"353",249,252,"Head After",130,1914,1305,2.034,1.356,-9865101,222,"Head After 222"
"354",250,253,"Head After",131,1903,1303,3.79,2.527,-9404538,222,"Head After 222"
"355",251,254,"Head After",132,1905,1307,1.516,1.011,-10786452,222,"Head After 222"
"356",252,255,"Head After",133,1912,1313,3.125,2.084,-9076351,222,"Head After 222"
"357",253,256,"Head After",134,1910,1311,0.959,0.639,-10129039,222,"Head After 222"
"358",254,257,"Head After",135,1901,1318,3.865,2.577,-9141117,222,"Head After 222"
"359",255,258,"Head After",136,1905,1324,2.445,1.63,-9339525,222,"Head After 222"
"360",256,259,"Head After",137,1907,1326,0.959,0.639,-9340038,222,"Head After 222"
"361",257,260,"Head After",138,1905,1324,0.959,0.639,-10330264,222,"Head After 222"
"362",258,261,"Head After",139,1901,1326,1.516,1.011,-8945537,222,"Head After 222"
"363",259,262,"Head After",140,1903,1332,2.144,1.429,-9538446,222,"Head After 222"
"364",260,263,"Head After",141,1901,1337,1.826,1.217,-10458517,222,"Head After 222"
"365",261,264,"Head After",142,1901,1337,0,0,-9076866,222,"Head After 222"
"366",262,265,"Head After",143,1901,1337,0,0,-9800838,222,"Head After 222"
"367",263,266,"Head After",144,1901,1343,2.034,1.356,-9799047,222,"Head After 222"
"368",264,267,"Head After",145,1899,1341,0.959,0.639,-9799306,222,"Head After 222"
"369",265,268,"Head After",146,1895,1337,1.918,1.278,-9799046,222,"Head After 222"
"370",266,269,"Head After",147,1893,1330,2.468,1.645,-9274243,222,"Head After 222"
"371",267,270,"Head After",148,1889,1337,2.733,1.822,-9996685,222,"Head After 222"
"372",268,271,"Head After",149,1893,1334,1.695,1.13,-9602956,222,"Head After 222"
"373",269,272,"Head After",150,1891,1332,0.959,0.639,-9273981,222,"Head After 222"
"374",270,273,"Head After",151,1891,1330,0.678,0.452,-9538697,222,"Head After 222"
"375",271,274,"Head After",152,1891,1328,0.678,0.452,-9339009,222,"Head After 222"
"376",272,275,"Head After",153,1889,1330,0.959,0.639,-9800329,222,"Head After 222"
"377",273,276,"Head After",154,1886,1328,1.222,0.815,-9339525,222,"Head After 222"
"378",274,277,"Head After",155,1884,1324,1.516,1.011,-9535105,222,"Head After 222"
"379",275,278,"Head After",156,1884,1324,0,0,-9142918,222,"Head After 222"
"380",276,279,"Head After",157,1882,1326,0.959,0.639,-9339784,222,"Head After 222"
"381",277,280,"Head After",158,1884,1324,0.959,0.639,-9732476,222,"Head After 222"
"382",278,281,"Head After",159,1882,1324,0.678,0.452,-9733254,222,"Head After 222"
"383",279,282,"Head After",160,1882,1320,1.356,0.904,-9206909,222,"Head After 222"
"384",280,283,"Head After",161,1882,1324,1.356,0.904,-9602950,222,"Head After 222"
"385",281,284,"Head After",162,1884,1320,1.516,1.011,-9273213,222,"Head After 222"
"386",282,285,"Head After",163,1884,1324,1.356,0.904,-9603210,222,"Head After 222"
"387",283,286,"Head After",164,1884,1328,1.356,0.904,-9339525,222,"Head After 222"
"388",284,287,"Head After",165,1886,1322,2.144,1.429,-9997453,222,"Head After 222"
"389",285,288,"Head After",166,1886,1326,1.356,0.904,-9470335,222,"Head After 222"
"390",286,289,"Head After",167,1882,1322,1.918,1.278,-9666944,222,"Head After 222"
"391",287,290,"Head After",168,1880,1322,0.678,0.452,-9404802,222,"Head After 222"
"392",288,291,"Head After",169,1882,1324,0.959,0.639,-9734542,222,"Head After 222"
"393",289,292,"Head After",170,1880,1330,2.144,1.429,-9537928,222,"Head After 222"
"394",290,293,"Head After",171,1882,1330,0.678,0.452,-8945541,222,"Head After 222"
"395",291,294,"Head After",172,1884,1334,1.516,1.011,-9471364,222,"Head After 222"
"396",292,295,"Head After",173,1893,1339,3.49,2.327,-10065819,222,"Head After 222"
"397",293,296,"Head After",174,1893,1339,0,0,-8945537,222,"Head After 222"
"398",294,297,"Head After",175,1893,1339,0,0,-8550268,222,"Head After 222"
"399",295,298,"Head After",176,1899,1347,3.39,2.26,-8880516,222,"Head After 222"
"400",296,299,"Head After",177,1895,1341,2.445,1.63,-9996938,222,"Head After 222"
"401",297,300,"Head After",178,1901,1347,2.877,1.918,-9209992,222,"Head After 222"
"402",298,301,"Head After",179,1899,1345,0.959,0.639,-9539727,222,"Head After 222"
"403",299,302,"Head After",180,1899,1345,0,0,-9733256,222,"Head After 222"
"404",300,303,"Head After",181,1901,1345,0.678,0.452,-8947340,222,"Head After 222"
"405",301,304,"Head After",182,1905,1343,1.516,1.011,-9536134,222,"Head After 222"
"406",302,305,"Head After",183,1893,1334,5.085,3.39,-9537414,222,"Head After 222"
"407",303,306,"Head After",184,1895,1339,1.826,1.217,-10126982,222,"Head After 222"
"408",304,307,"Head After",185,1895,1341,0.678,0.452,-9407112,222,"Head After 222"
"409",305,308,"Head After",186,1895,1341,0,0,-8682872,222,"Head After 222"
"410",306,309,"Head After",187,1895,1341,0,0,-9272703,222,"Head After 222"
"411",307,310,"Head After",188,1897,1341,0.678,0.452,-9471881,222,"Head After 222"
"412",308,311,"Head After",189,1897,1343,0.678,0.452,-9208450,222,"Head After 222"
"413",309,312,"Head After",190,1891,1332,4.248,2.832,-9669000,222,"Head After 222"
"414",310,313,"Head After",191,1895,1332,1.356,0.904,-9996679,222,"Head After 222"
"415",311,314,"Head After",192,1891,1334,1.516,1.011,-10063507,222,"Head After 222"
"416",312,315,"Head After",193,1893,1339,1.826,1.217,-10064020,222,"Head After 222"
"417",313,316,"Head After",194,1895,1339,0.678,0.452,-10526355,222,"Head After 222"
"418",314,317,"Head After",195,1895,1343,1.356,0.904,-9734542,222,"Head After 222"
"419",315,318,"Head After",196,1895,1341,0.678,0.452,-9406860,222,"Head After 222"
"420",316,319,"Head After",197,1893,1339,0.959,0.639,-9075834,222,"Head After 222"
"421",317,320,"Head After",198,1897,1341,1.516,1.011,-9539210,222,"Head After 222"
"422",318,321,"Head After",199,1899,1341,0.678,0.452,-9339778,222,"Head After 222"
"423",319,322,"Head After",200,1903,1341,1.356,0.904,-9276288,222,"Head After 222"
"424",320,323,"Head After",201,1899,1339,1.516,1.011,-9734283,222,"Head After 222"
"425",321,324,"Head After",202,1899,1339,0,0,-9865869,222,"Head After 222"
"426",322,325,"Head After",203,1897,1339,0.678,0.452,-9470859,222,"Head After 222"
"427",323,326,"Head After",204,1897,1339,0,0,-10325901,222,"Head After 222"
"428",324,327,"Head After",205,1895,1337,0.959,0.639,-9534845,222,"Head After 222"
"429",325,328,"Head After",206,1891,1332,2.171,1.447,-9405571,222,"Head After 222"
"430",326,329,"Head After",207,1895,1339,2.733,1.822,-9732484,222,"Head After 222"
"431",327,330,"Head After",208,1893,1341,0.959,0.639,-9403513,222,"Head After 222"
"432",328,331,"Head After",209,1893,1337,1.356,0.904,-10259071,222,"Head After 222"
"433",329,332,"Head After",210,1889,1334,1.695,1.13,-9470081,222,"Head After 222"
"434",330,333,"Head After",211,1889,1332,0.678,0.452,-9602695,222,"Head After 222"
"435",331,334,"Head After",212,1889,1330,0.678,0.452,-9404801,222,"Head After 222"
"436",332,335,"Head After",213,1889,1332,0.678,0.452,-10129027,222,"Head After 222"
"437",333,336,"Head After",214,1889,1334,0.678,0.452,-9797758,222,"Head After 222"
"438",334,337,"Head After",215,1891,1337,1.222,0.815,-9798269,222,"Head After 222"
"439",335,338,"Head After",216,1891,1337,0,0,-9666170,222,"Head After 222"
"440",336,339,"Head After",217,1891,1334,1.017,0.678,-10125955,222,"Head After 222"
"441",337,340,"Head After",218,1891,1337,1.017,0.678,-10258317,222,"Head After 222"
"442",338,341,"Head After",219,1891,1337,0,0,-10324872,222,"Head After 222"
"443",339,342,"Head After",220,1889,1332,1.826,1.217,-9997706,222,"Head After 222"
"444",340,343,"Head After",221,1884,1328,2.171,1.447,-9996160,222,"Head After 222"
"445",341,344,"Head After",222,1886,1332,1.516,1.011,-10456462,222,"Head After 222"
"446",342,345,"Head After",223,1886,1332,0,0,-9469567,222,"Head After 222"
"447",343,346,"Head After",224,1889,1341,3.216,2.144,-9668222,222,"Head After 222"
"448",344,347,"Head After",225,1897,1345,3.032,2.021,-9865089,222,"Head After 222"
"449",345,348,"Head After",226,1891,1343,2.144,1.429,-10325377,222,"Head After 222"
"450",346,349,"Head After",227,1886,1334,3.49,2.327,-10126976,222,"Head After 222"
"451",347,350,"Head After",228,1886,1332,0.678,0.452,-10455688,222,"Head After 222"
"452",348,351,"Head After",229,1886,1332,0,0,-10523019,222,"Head After 222"
"453",349,352,"Head After",230,1893,1334,2.468,1.645,-10324100,222,"Head After 222"
"454",350,353,"Head After",231,1889,1332,1.516,1.011,-10259332,222,"Head After 222"
"455",351,354,"Head After",232,1889,1332,0,0,-10193290,222,"Head After 222"
"456",352,355,"Head After",233,1889,1330,0.678,0.452,-10915988,222,"Head After 222"
"457",353,356,"Head After",234,1889,1332,0.678,0.452,-10061449,222,"Head After 222"
"458",354,357,"Head After",235,1882,1330,2.468,1.645,-10126976,222,"Head After 222"
"459",355,358,"Head After",236,1884,1330,0.678,0.452,-10257028,222,"Head After 222"
"460",356,359,"Head After",237,1880,1328,1.516,1.011,-10194567,222,"Head After 222"
"461",357,360,"Head After",238,1882,1322,2.144,1.429,-10128275,222,"Head After 222"
"462",358,361,"Head After",239,1880,1322,0.678,0.452,-11311510,222,"Head After 222"
"463",359,362,"Head After",240,1882,1320,0.959,0.639,-10584220,222,"Head After 222"
"464",360,363,"Head After",241,1886,1316,1.918,1.278,-10850699,222,"Head After 222"
"465",361,364,"Head After",242,1884,1316,0.678,0.452,-10193027,222,"Head After 222"
"466",362,365,"Head After",243,1884,1316,0,0,-10258568,222,"Head After 222"
"467",363,366,"Head After",244,1884,1316,0,0,-10588812,222,"Head After 222"
"468",364,368,"Tail After",124,1958,1274,0,0,-10258828,222,"Tail After 222"
"469",365,369,"Tail After",125,1958,1274,0,0,-9996176,222,"Tail After 222"
"470",366,370,"Tail After",126,1958,1274,0,0,-10652564,222,"Tail After 222"
"471",367,371,"Tail After",127,1958,1274,0,0,-10983330,222,"Tail After 222"
"472",368,372,"Tail After",128,1958,1274,0,0,-11377827,222,"Tail After 222"
"473",369,373,"Tail After",129,1954,1280,2.445,1.63,-10918559,222,"Tail After 222"
"474",370,374,"Tail After",130,1945,1284,3.339,2.226,-10324112,222,"Tail After 222"
"475",371,375,"Tail After",131,1941,1288,1.918,1.278,-10916251,222,"Tail After 222"
"476",372,376,"Tail After",132,1941,1288,0,0,-10719381,222,"Tail After 222"
"477",373,377,"Tail After",133,1941,1288,0,0,-11178132,222,"Tail After 222"
"478",374,378,"Tail After",134,1941,1288,0,0,-10915734,222,"Tail After 222"
"479",375,379,"Tail After",135,1935,1293,2.648,1.765,-10981002,222,"Tail After 222"
"480",376,380,"Tail After",136,1935,1297,1.356,0.904,-11511197,222,"Tail After 222"
"481",377,381,"Tail After",137,1933,1297,0.678,0.452,-11115420,222,"Tail After 222"
"482",378,382,"Tail After",138,1933,1297,0,0,-10194832,222,"Tail After 222"
"483",379,383,"Tail After",139,1928,1299,1.826,1.217,-11113626,222,"Tail After 222"
"484",380,384,"Tail After",140,1931,1297,1.222,0.815,-12697775,222,"Tail After 222"
"485",381,385,"Tail After",141,1928,1303,2.274,1.516,-10851483,222,"Tail After 222"
"486",382,386,"Tail After",142,1924,1309,2.445,1.63,-10719383,222,"Tail After 222"
"487",383,387,"Tail After",143,1924,1309,0,0,-11440281,222,"Tail After 222"
"488",384,388,"Tail After",144,1924,1309,0,0,-10326671,222,"Tail After 222"
"489",385,389,"Tail After",145,1924,1311,0.678,0.452,-10785174,222,"Tail After 222"
"490",386,390,"Tail After",146,1924,1313,0.678,0.452,-10651796,222,"Tail After 222"
"491",387,391,"Tail After",147,1924,1313,0,0,-10520978,222,"Tail After 222"
"492",388,392,"Tail After",148,1924,1313,0,0,-10521239,222,"Tail After 222"
"493",389,393,"Tail After",149,1924,1316,1.017,0.678,-10785944,222,"Tail After 222"
"494",390,394,"Tail After",150,1924,1316,0,0,-10851994,222,"Tail After 222"
"495",391,395,"Tail After",151,1924,1316,0,0,-11048087,222,"Tail After 222"
"496",392,396,"Tail After",152,1924,1316,0,0,-10456207,222,"Tail After 222"
"497",393,397,"Tail After",153,1922,1318,0.959,0.639,-10786201,222,"Tail After 222"
"498",394,398,"Tail After",154,1922,1318,0,0,-10987180,222,"Tail After 222"
"499",395,399,"Tail After",155,1922,1318,0,0,-10460837,222,"Tail After 222"
"500",396,400,"Tail After",156,1922,1318,0,0,-10325143,222,"Tail After 222"
"501",397,401,"Tail After",157,1922,1318,0,0,-10850969,222,"Tail After 222"
"502",398,402,"Tail After",158,1922,1318,0,0,-11244953,222,"Tail After 222"
"503",399,403,"Tail After",159,1922,1320,0.678,0.452,-12365235,222,"Tail After 222"
"504",400,404,"Tail After",160,1922,1320,0,0,-11443357,222,"Tail After 222"
"505",401,405,"Tail After",161,1922,1320,0,0,-10916247,222,"Tail After 222"
"506",402,406,"Tail After",162,1922,1320,0,0,-10126731,222,"Tail After 222"
"507",403,407,"Tail After",163,1922,1320,0,0,-10652562,222,"Tail After 222"
"508",404,408,"Tail After",164,1922,1318,0.678,0.452,-10784922,222,"Tail After 222"
"509",405,409,"Tail After",165,1922,1320,0.678,0.452,-10784922,222,"Tail After 222"
"510",406,410,"Tail After",166,1922,1320,0,0,-10587284,222,"Tail After 222"
"511",407,411,"Tail After",167,1922,1320,0,0,-12036019,222,"Tail After 222"
"512",408,412,"Tail After",168,1922,1320,0,0,-10589590,222,"Tail After 222"
"513",409,413,"Tail After",169,1922,1320,0,0,-10065819,222,"Tail After 222"
"514",410,414,"Tail After",170,1922,1320,0,0,-10391445,222,"Tail After 222"
"515",411,415,"Tail After",171,1922,1320,0,0,-10454667,222,"Tail After 222"
"516",412,416,"Tail After",172,1922,1320,0,0,-10326933,222,"Tail After 222"
"517",413,417,"Tail After",173,1922,1320,0,0,-11377311,222,"Tail After 222"
"518",414,418,"Tail After",174,1924,1318,0.959,0.639,-10258830,222,"Tail After 222"
"519",415,419,"Tail After",175,1924,1318,0,0,-10522004,222,"Tail After 222"
"520",416,420,"Tail After",176,1924,1318,0,0,-10916758,222,"Tail After 222"
"521",417,421,"Tail After",177,1924,1316,0.678,0.452,-10653077,222,"Tail After 222"
"522",418,422,"Tail After",178,1926,1316,0.678,0.452,-11047837,222,"Tail After 222"
"523",419,423,"Tail After",179,1926,1316,0,0,-11645374,222,"Tail After 222"
"524",420,424,"Tail After",180,1926,1316,0,0,-14466489,222,"Tail After 222"
"525",421,425,"Tail After",181,1926,1316,0,0,-13150901,222,"Tail After 222"
"526",422,426,"Tail After",182,1926,1316,0,0,-10390418,222,"Tail After 222"
"527",423,427,"Tail After",183,1924,1313,1.222,0.815,-11177877,222,"Tail After 222"
"528",424,428,"Tail After",184,1924,1313,0,0,-10914966,222,"Tail After 222"
"529",425,429,"Tail After",185,1924,1313,0,0,-11967658,222,"Tail After 222"
"530",426,430,"Tail After",186,1926,1311,0.959,0.639,-10191243,222,"Tail After 222"
"531",427,431,"Tail After",187,1926,1311,0,0,-9666441,222,"Tail After 222"
"532",428,432,"Tail After",188,1926,1311,0,0,-13350588,222,"Tail After 222"
"533",429,433,"Tail After",189,1926,1311,0,0,-10455696,222,"Tail After 222"
"534",430,434,"Tail After",190,1926,1313,0.678,0.452,-11115694,222,"Tail After 222"
"535",431,435,"Tail After",191,1924,1311,0.959,0.639,-11442854,222,"Tail After 222"
"536",432,436,"Tail After",192,1924,1311,0,0,-10653075,222,"Tail After 222"
"537",433,437,"Tail After",193,1926,1311,0.678,0.452,-10587787,222,"Tail After 222"
"538",434,438,"Tail After",194,1926,1311,0,0,-11903920,222,"Tail After 222"
"539",435,439,"Tail After",195,1926,1309,0.678,0.452,-11114916,222,"Tail After 222"
"540",436,440,"Tail After",196,1926,1309,0,0,-12102563,222,"Tail After 222"
"541",437,441,"Tail After",197,1926,1309,0,0,-11908025,222,"Tail After 222"
"542",438,442,"Tail After",198,1926,1309,0,0,-9606806,222,"Tail After 222"
"543",439,443,"Tail After",199,1926,1311,0.678,0.452,-10323080,222,"Tail After 222"
"544",440,444,"Tail After",200,1926,1313,0.678,0.452,-10127246,222,"Tail After 222"
"545",441,445,"Tail After",201,1926,1313,0,0,-10591134,222,"Tail After 222"
"546",442,446,"Tail After",202,1926,1311,0.678,0.452,-9473944,222,"Tail After 222"
"547",443,447,"Tail After",203,1926,1313,0.678,0.452,-12300720,222,"Tail After 222"
"548",444,448,"Tail After",204,1926,1313,0,0,-10330781,222,"Tail After 222"
"549",445,449,"Tail After",205,1926,1313,0,0,-11906994,222,"Tail After 222"
"550",446,450,"Tail After",206,1926,1313,0,0,-12229013,222,"Tail After 222"
"551",447,451,"Tail After",207,1926,1313,0,0,-11505825,222,"Tail After 222"
"552",448,452,"Tail After",208,1926,1313,0,0,-10717086,222,"Tail After 222"
"553",449,453,"Tail After",209,1928,1313,0.678,0.452,-13021886,222,"Tail After 222"
"554",450,454,"Tail After",210,1928,1313,0,0,-10390166,222,"Tail After 222"
"555",451,455,"Tail After",211,1928,1316,1.017,0.678,-10197403,222,"Tail After 222"
"556",452,456,"Tail After",212,1928,1313,1.017,0.678,-11636888,222,"Tail After 222"
"557",453,457,"Tail After",213,1928,1316,1.017,0.678,-12032671,222,"Tail After 222"
"558",454,458,"Tail After",214,1928,1313,1.017,0.678,-11045513,222,"Tail After 222"
"559",455,459,"Tail After",215,1928,1318,1.695,1.13,-11570830,222,"Tail After 222"
"560",456,460,"Tail After",216,1931,1320,1.222,0.815,-10913677,222,"Tail After 222"
"561",457,461,"Tail After",217,1931,1320,0,0,-10652562,222,"Tail After 222"
"562",458,462,"Tail After",218,1931,1320,0,0,-11440534,222,"Tail After 222"
"563",459,463,"Tail After",219,1931,1320,0,0,-11505815,222,"Tail After 222"
"564",460,464,"Tail After",220,1928,1320,1.017,0.678,-11178910,222,"Tail After 222"
"565",461,465,"Tail After",221,1926,1320,0.678,0.452,-11045777,222,"Tail After 222"
"566",462,466,"Tail After",222,1926,1322,0.678,0.452,-11901863,222,"Tail After 222"
"567",463,467,"Tail After",223,1926,1322,0,0,-11573150,222,"Tail After 222"
"568",464,468,"Tail After",224,1926,1318,1.356,0.904,-10980751,222,"Tail After 222"
"569",465,469,"Tail After",225,1924,1320,0.959,0.639,-11701913,222,"Tail After 222"
"570",466,470,"Tail After",226,1924,1316,1.356,0.904,-11180435,222,"Tail After 222"
"571",467,471,"Tail After",227,1924,1318,0.678,0.452,-11504785,222,"Tail After 222"
"572",468,472,"Tail After",228,1928,1318,1.356,0.904,-11572387,222,"Tail After 222"
"573",469,473,"Tail After",229,1928,1318,0,0,-11836569,222,"Tail After 222"
"574",470,474,"Tail After",230,1928,1318,0,0,-11309463,222,"Tail After 222"
"575",471,475,"Tail After",231,1928,1318,0,0,-11571867,222,"Tail After 222"
"576",472,476,"Tail After",232,1928,1318,0,0,-11637403,222,"Tail After 222"
"577",473,477,"Tail After",233,1926,1318,0.678,0.452,-11704223,222,"Tail After 222"
"578",474,478,"Tail After",234,1928,1318,0.678,0.452,-10654605,222,"Tail After 222"
"579",475,479,"Tail After",235,1928,1320,0.678,0.452,-10652295,222,"Tail After 222"
"580",476,480,"Tail After",236,1928,1320,0,0,-11770275,222,"Tail After 222"
"581",477,481,"Tail After",237,1926,1318,0.959,0.639,-12039093,222,"Tail After 222"
"582",478,482,"Tail After",238,1926,1320,0.678,0.452,-10457757,222,"Tail After 222"
"583",479,483,"Tail After",239,1926,1320,0,0,-13214879,222,"Tail After 222"
"584",480,484,"Tail After",240,1926,1318,0.678,0.452,-11638428,222,"Tail After 222"
"585",481,485,"Tail After",241,1926,1318,0,0,-11705763,222,"Tail After 222"
"586",482,486,"Tail After",242,1926,1320,0.678,0.452,-11309724,222,"Tail After 222"
"587",483,487,"Tail After",243,1926,1320,0,0,-11376287,222,"Tail After 222"
"588",484,488,"Tail After",244,1924,1320,0.678,0.452,-11245212,222,"Tail After 222"
"589",1,2,"Head Before",2,247,397,50.196,33.464,-8552062,223,"Head Before 223"
"590",2,3,"Head Before",3,285,404,13.099,8.732,-8681595,223,"Head Before 223"
"591",3,4,"Head Before",4,352,433,24.749,16.5,-8617079,223,"Head Before 223"
"592",4,5,"Head Before",5,425,550,46.75,31.167,-9207672,223,"Head Before 223"
"593",5,6,"Head Before",6,480,592,23.46,15.64,-8816514,223,"Head Before 223"
"594",6,7,"Head Before",7,522,655,25.668,17.112,-8948349,223,"Head Before 223"
"595",7,8,"Head Before",8,524,695,13.577,9.051,-8355951,223,"Head Before 223"
"596",8,9,"Head Before",9,515,745,17.222,11.482,-7566188,223,"Head Before 223"
"597",9,10,"Head Before",10,513,781,12.223,8.149,-8288888,223,"Head Before 223"
"598",10,11,"Head Before",11,467,825,21.579,14.386,-8353140,223,"Head Before 223"
"599",11,12,"Head Before",12,463,831,2.445,1.63,-8486518,223,"Head Before 223"
"600",12,13,"Head Before",13,452,840,4.818,3.212,-8353140,223,"Head Before 223"
"601",13,14,"Head Before",14,408,861,16.528,11.019,-8550520,223,"Head Before 223"
"602",14,15,"Head Before",15,375,875,12.152,8.101,-8550773,223,"Head Before 223"
"603",15,16,"Head Before",16,398,905,12.815,8.543,-8353907,223,"Head Before 223"
"604",16,17,"Head Before",17,396,909,1.516,1.011,-8486007,223,"Head Before 223"
"605",17,18,"Head Before",18,400,911,1.516,1.011,-8287861,223,"Head Before 223"
"606",18,19,"Head Before",19,404,911,1.356,0.904,-8486269,223,"Head Before 223"
"607",19,20,"Head Before",20,400,915,1.918,1.278,-8089968,223,"Head Before 223"
"608",20,21,"Head Before",21,427,913,9.178,6.119,-8420725,223,"Head Before 223"
"609",21,22,"Head Before",22,408,917,6.582,4.388,-7894130,223,"Head Before 223"
"610",22,23,"Head Before",23,415,909,3.604,2.402,-8288882,223,"Head Before 223"
"611",23,24,"Head Before",24,427,919,5.295,3.53,-8355963,223,"Head Before 223"
"612",24,25,"Head Before",25,427,915,1.356,0.904,-8749943,223,"Head Before 223"
"613",25,26,"Head Before",26,427,913,0.678,0.452,-8223615,223,"Head Before 223"
"614",26,27,"Head Before",27,440,923,5.56,3.707,-7960956,223,"Head Before 223"
"615",27,28,"Head Before",28,446,923,2.034,1.356,-8355203,223,"Head Before 223"
"616",28,29,"Head Before",29,454,928,3.198,2.132,-7960451,223,"Head Before 223"
"617",29,30,"Head Before",30,461,923,2.916,1.944,-6909570,223,"Head Before 223"
"618",30,31,"Head Before",31,467,915,3.39,2.26,-7237758,223,"Head Before 223"
"619",31,32,"Head Before",32,457,915,3.39,2.26,-8158584,223,"Head Before 223"
"620",32,33,"Head Before",33,457,915,0,0,-8158333,223,"Head Before 223"
"621",33,34,"Head Before",34,465,911,3.032,2.021,-7829378,223,"Head Before 223"
"622",34,35,"Head Before",35,467,909,0.959,0.639,-8288641,223,"Head Before 223"
"623",35,36,"Head Before",36,478,900,4.818,3.212,-9743511,223,"Head Before 223"
"624",36,37,"Head Before",37,461,907,6.232,4.155,-7564664,223,"Head Before 223"
"625",37,38,"Head Before",38,448,909,4.459,2.973,-7629948,223,"Head Before 223"
"626",38,39,"Head Before",39,446,909,0.678,0.452,-8682116,223,"Head Before 223"
"627",39,41,"Tail Before",2,188,360,51.635,34.423,-9469589,223,"Tail Before 223"
"628",40,42,"Tail Before",3,207,366,6.755,4.503,-10196374,223,"Tail Before 223"
"629",41,43,"Tail Before",4,276,391,24.879,16.586,-9536914,223,"Tail Before 223"
"630",42,44,"Tail Before",5,366,481,43.148,28.765,-10785441,223,"Tail Before 223"
"631",43,45,"Tail Before",6,415,525,22.325,14.883,-10455698,223,"Tail Before 223"
"632",44,46,"Tail Before",7,467,596,29.834,19.889,-9405079,223,"Tail Before 223"
"633",45,47,"Tail Before",8,490,626,12.815,8.543,-10654366,223,"Tail Before 223"
"634",46,48,"Tail Before",9,501,674,16.694,11.129,-9669527,223,"Tail Before 223"
"635",47,49,"Tail Before",10,494,701,9.456,6.304,-10327972,223,"Tail Before 223"
"636",48,50,"Tail Before",11,526,766,24.561,16.374,-10783899,223,"Tail Before 223"
"637",49,51,"Tail Before",12,503,764,7.826,5.218,-11048346,223,"Tail Before 223"
"638",50,52,"Tail Before",13,494,762,3.125,2.084,-9995674,223,"Tail Before 223"
"639",51,53,"Tail Before",14,450,785,16.831,11.221,-10391712,223,"Tail Before 223"
"640",52,54,"Tail Before",15,425,804,10.645,7.097,-10061453,223,"Tail Before 223"
"641",53,55,"Tail Before",16,425,791,4.407,2.938,-9734534,223,"Tail Before 223"
"642",54,56,"Tail Before",17,425,800,3.051,2.034,-9864074,223,"Tail Before 223"
"643",55,57,"Tail Before",18,415,808,4.341,2.894,-9995658,223,"Tail Before 223"
"644",56,58,"Tail Before",19,415,808,0,0,-10192264,223,"Tail Before 223"
"645",57,59,"Tail Before",20,415,808,0,0,-10126220,223,"Tail Before 223"
"646",58,60,"Tail Before",21,415,804,1.356,0.904,-10061449,223,"Tail Before 223"
"647",59,61,"Tail Before",22,423,812,3.835,2.557,-8878722,223,"Tail Before 223"
"648",60,62,"Tail Before",23,415,825,5.175,3.45,-9208202,223,"Tail Before 223"
"649",61,63,"Tail Before",24,410,819,2.648,1.765,-9141896,223,"Tail Before 223"
"650",62,64,"Tail Before",25,413,817,1.222,0.815,-10524060,223,"Tail Before 223"
"651",63,65,"Tail Before",26,423,812,3.79,2.527,-10063250,223,"Tail Before 223"
"652",64,66,"Tail Before",27,421,819,2.468,1.645,-9999510,223,"Tail Before 223"
"653",65,67,"Tail Before",28,421,823,1.356,0.904,-9999775,223,"Tail Before 223"
"654",66,68,"Tail Before",29,408,827,4.611,3.074,-9471119,223,"Tail Before 223"
"655",67,69,"Tail Before",30,419,821,4.248,2.832,-9994646,223,"Tail Before 223"
"656",68,70,"Tail Before",31,404,827,5.477,3.651,-10848922,223,"Tail Before 223"
"657",69,71,"Tail Before",32,417,817,5.56,3.707,-9734542,223,"Tail Before 223"
"658",70,72,"Tail Before",33,415,823,2.144,1.429,-9535376,223,"Tail Before 223"
"659",71,73,"Tail Before",34,410,831,3.198,2.132,-9995145,223,"Tail Before 223"
"660",72,74,"Tail Before",35,413,825,2.274,1.516,-9209230,223,"Tail Before 223"
"661",73,75,"Tail Before",36,421,817,3.835,2.557,-9865881,223,"Tail Before 223"
"662",74,76,"Tail Before",37,421,814,1.017,0.678,-9404291,223,"Tail Before 223"
"663",75,77,"Tail Before",38,415,821,3.125,2.084,-8748678,223,"Tail Before 223"
"664",76,78,"Tail Before",39,425,812,4.561,3.041,-9600138,223,"Tail Before 223"
"665",77,80,"Head After",41,436,915,0,0,-8156795,223,"Head After 223"
"666",78,81,"Head After",42,421,913,5.13,3.42,-8419446,223,"Head After 223"
"667",79,82,"Head After",43,429,930,6.369,4.246,-8289917,223,"Head After 223"
"668",80,83,"Head After",44,444,936,5.477,3.651,-8485493,223,"Head After 223"
"669",81,84,"Head After",45,448,928,3.032,2.021,-8025215,223,"Head After 223"
"670",82,85,"Head After",46,440,936,3.835,2.557,-8354172,223,"Head After 223"
"671",83,86,"Head After",47,448,930,3.39,2.26,-8747898,223,"Head After 223"
"672",84,87,"Head After",48,442,936,2.877,1.918,-8879998,223,"Head After 223"
"673",85,88,"Head After",49,444,932,1.516,1.011,-9076863,223,"Head After 223"
"674",86,89,"Head After",50,429,930,5.13,3.42,-8288379,223,"Head After 223"
"675",87,90,"Head After",51,431,921,3.125,2.084,-8025458,223,"Head After 223"
"676",88,91,"Head After",52,436,928,2.916,1.944,-8288377,223,"Head After 223"
"677",89,92,"Head After",53,463,900,13.186,8.791,-8355453,223,"Head After 223"
"678",90,93,"Head After",54,461,896,1.516,1.011,-8617853,223,"Head After 223"
"679",91,94,"Head After",55,469,894,2.795,1.864,-8355964,223,"Head After 223"
"680",92,95,"Head After",56,463,905,4.248,2.832,-9142906,223,"Head After 223"
"681",93,96,"Head After",57,450,917,5.998,3.998,-8288641,223,"Head After 223"
"682",94,97,"Head After",58,450,917,0,0,-8026498,223,"Head After 223"
"683",95,98,"Head After",59,442,923,3.39,2.26,-10400424,223,"Head After 223"
"684",96,99,"Head After",60,442,923,0,0,-12110501,223,"Head After 223"
"685",97,100,"Head After",61,442,923,0,0,-7501694,223,"Head After 223"
"686",98,101,"Head After",62,442,923,0,0,-9737891,223,"Head After 223"
"687",99,102,"Head After",63,438,917,2.445,1.63,-7565685,223,"Head After 223"
"688",100,103,"Head After",64,434,919,1.516,1.011,-8157306,223,"Head After 223"
"689",101,104,"Head After",65,438,921,1.516,1.011,-8354431,223,"Head After 223"
"690",102,105,"Head After",66,444,917,2.445,1.63,-7368817,223,"Head After 223"
"691",103,106,"Head After",67,438,928,4.248,2.832,-8818834,223,"Head After 223"
"692",104,107,"Head After",68,438,928,0,0,-7501681,223,"Head After 223"
"693",105,108,"Head After",69,438,930,0.678,0.452,-8620163,223,"Head After 223"
"694",106,109,"Head After",70,438,923,2.373,1.582,-7959675,223,"Head After 223"
"695",107,110,"Head After",71,434,915,3.032,2.021,-8092540,223,"Head After 223"
"696",108,111,"Head After",72,431,919,1.695,1.13,-7893619,223,"Head After 223"
"697",109,112,"Head After",73,415,909,6.396,4.264,-9474445,223,"Head After 223"
"698",110,113,"Head After",74,429,917,5.466,3.644,-8225153,223,"Head After 223"
"699",111,114,"Head After",75,427,913,1.516,1.011,-10200224,223,"Head After 223"
"700",112,115,"Head After",76,419,915,2.795,1.864,-11771810,223,"Head After 223"
"701",113,116,"Head After",77,419,911,1.356,0.904,-11047070,223,"Head After 223"
"702",114,117,"Head After",78,442,917,8.058,5.372,-12042930,223,"Head After 223"
"703",115,119,"Tail After",41,379,838,3.604,2.402,-10256525,223,"Tail After 223"
"704",116,120,"Tail After",42,383,831,2.733,1.822,-9470082,223,"Tail After 223"
"705",117,121,"Tail After",43,383,831,0,0,-9535623,223,"Tail After 223"
"706",118,122,"Tail After",44,389,833,2.144,1.429,-9929867,223,"Tail After 223"
"707",119,123,"Tail After",45,383,823,3.953,2.636,-9272703,223,"Tail After 223"
"708",120,124,"Tail After",46,387,812,3.968,2.645,-10787995,223,"Tail After 223"
"709",121,125,"Tail After",47,392,827,5.36,3.573,-10061453,223,"Tail After 223"
"710",122,126,"Tail After",48,387,821,2.648,1.765,-10195097,223,"Tail After 223"
"711",123,127,"Tail After",49,394,821,2.373,1.582,-11376287,223,"Tail After 223"
"712",124,128,"Tail After",50,392,821,0.678,0.452,-9471631,223,"Tail After 223"
"713",125,129,"Tail After",51,381,819,3.79,2.527,-9407119,223,"Tail After 223"
"714",126,130,"Tail After",52,381,819,0,0,-9471374,223,"Tail After 223"
"715",127,131,"Tail After",53,381,819,0,0,-9802131,223,"Tail After 223"
"716",128,132,"Tail After",54,387,823,2.445,1.63,-7895173,223,"Tail After 223"
"717",129,133,"Tail After",55,381,823,2.034,1.356,-8553091,223,"Tail After 223"
"718",130,134,"Tail After",56,392,829,4.248,2.832,-10982802,223,"Tail After 223"
"719",131,135,"Tail After",57,389,821,2.896,1.931,-10523809,223,"Tail After 223"
"720",132,136,"Tail After",58,389,827,2.034,1.356,-11378340,223,"Tail After 223"
"721",133,137,"Tail After",59,392,823,1.695,1.13,-10525341,223,"Tail After 223"
"722",134,138,"Tail After",60,402,827,3.651,2.434,-10394014,223,"Tail After 223"
"723",135,139,"Tail After",61,394,819,3.835,2.557,-10786969,223,"Tail After 223"
"724",136,140,"Tail After",62,394,819,0,0,-11379108,223,"Tail After 223"
"725",137,141,"Tail After",63,392,817,0.959,0.639,-9932185,223,"Tail After 223"
"726",138,142,"Tail After",64,392,814,1.017,0.678,-9733004,223,"Tail After 223"
"727",139,143,"Tail After",65,389,833,6.521,4.347,-11373468,223,"Tail After 223"
"728",140,144,"Tail After",66,392,821,4.193,2.795,-9730692,223,"Tail After 223"
"729",141,145,"Tail After",67,400,821,2.712,1.808,-11313825,223,"Tail After 223"
"730",142,146,"Tail After",68,400,819,0.678,0.452,-9995406,223,"Tail After 223"
"731",143,147,"Tail After",69,404,810,3.339,2.226,-11442595,223,"Tail After 223"
"732",144,148,"Tail After",70,396,808,2.795,1.864,-10585239,223,"Tail After 223"
"733",145,149,"Tail After",71,396,800,2.712,1.808,-11645611,223,"Tail After 223"
"734",146,150,"Tail After",72,392,802,1.516,1.011,-10719884,223,"Tail After 223"
"735",147,151,"Tail After",73,387,810,3.198,2.132,-10261892,223,"Tail After 223"
"736",148,152,"Tail After",74,389,808,0.959,0.639,-12433574,223,"Tail After 223"
"737",149,153,"Tail After",75,394,806,1.826,1.217,-10128792,223,"Tail After 223"
"738",150,154,"Tail After",76,394,806,0,0,-10587535,223,"Tail After 223"
"739",151,155,"Tail After",77,394,806,0,0,-10783382,223,"Tail After 223"
"740",152,156,"Tail After",78,398,812,2.445,1.63,-10980508,223,"Tail After 223"
"741",1,2,"Head Before",2,1884,45,9.924,6.616,-10920602,224,"Head Before 224"
"742",2,3,"Head Before",3,1918,83,17.286,11.524,-8947338,224,"Head Before 224"
"743",3,4,"Head Before",4,1918,85,0.678,0.452,-9145739,224,"Head Before 224"
"744",4,5,"Head Before",5,1895,95,8.502,5.668,-10000276,224,"Head Before 224"
"745",5,6,"Head Before",6,1920,93,8.502,5.668,-9340036,224,"Head Before 224"
"746",6,7,"Head Before",7,1945,137,17.156,11.437,-11316135,224,"Head Before 224"
"747",7,8,"Head Before",8,1958,181,15.553,10.369,-9276562,224,"Head Before 224"
"748",8,9,"Head Before",9,1960,225,14.931,9.954,-10261147,224,"Head Before 224"
"749",9,10,"Head Before",10,1947,248,8.956,5.971,-8616588,224,"Head Before 224"
"750",10,11,"Head Before",11,1922,265,10.249,6.833,-12633522,224,"Head Before 224"
"751",11,12,"Head Before",12,1872,366,38.205,25.47,-12429750,224,"Head Before 224"
"752",12,13,"Head Before",13,1790,391,29.061,19.374,-10856600,224,"Head Before 224"
"753",13,14,"Head Before",14,1748,387,14.302,9.535,-10061451,224,"Head Before 224"
"754",14,15,"Head Before",15,1746,376,3.79,2.527,-10985623,224,"Head Before 224"
"755",15,16,"Head Before",16,1756,376,3.39,2.26,-10527381,224,"Head Before 224"
"756",16,17,"Head Before",17,1763,349,9.456,6.304,-9276814,224,"Head Before 224"
"757",17,18,"Head Before",18,1765,345,1.516,1.011,-10001038,224,"Head Before 224"
"758",18,19,"Head Before",19,1756,353,4.082,2.721,-10263958,224,"Head Before 224"
"759",19,20,"Head Before",20,1769,360,5.005,3.337,-10722720,224,"Head Before 224"
"760",20,21,"Head Before",21,1767,347,4.459,2.973,-11841710,224,"Head Before 224"
"761",21,22,"Head Before",22,1759,360,5.175,3.45,-10392987,224,"Head Before 224"
"762",22,23,"Head Before",23,1763,347,4.611,3.074,-10194834,224,"Head Before 224"
"763",23,24,"Head Before",24,1769,347,2.034,1.356,-12171949,224,"Head Before 224"
"764",24,25,"Head Before",25,1769,347,0,0,-11184799,224,"Head Before 224"
"765",25,26,"Head Before",26,1784,334,6.729,4.486,-10131084,224,"Head Before 224"
"766",26,27,"Head Before",27,1761,355,10.558,7.039,-11644333,224,"Head Before 224"
"767",27,28,"Head Before",28,1763,353,0.959,0.639,-10062229,224,"Head Before 224"
"768",28,29,"Head Before",29,1767,362,3.339,2.226,-10392724,224,"Head Before 224"
"769",29,30,"Head Before",30,1769,355,2.468,1.645,-10394264,224,"Head Before 224"
"770",30,31,"Head Before",31,1773,362,2.733,1.822,-10985892,224,"Head Before 224"
"771",31,32,"Head Before",32,1769,360,1.516,1.011,-9802131,224,"Head Before 224"
"772",32,33,"Head Before",33,1771,362,0.959,0.639,-10257806,224,"Head Before 224"
"773",33,34,"Head Before",34,1761,364,3.457,2.305,-10526629,224,"Head Before 224"
"774",34,35,"Head Before",35,1761,368,1.356,0.904,-12232368,224,"Head Before 224"
"775",35,36,"Head Before",36,1754,378,4.138,2.759,-12167096,224,"Head Before 224"
"776",36,37,"Head Before",37,1742,370,4.889,3.259,-9669780,224,"Head Before 224"
"777",37,38,"Head Before",38,1754,364,4.548,3.032,-12166306,224,"Head Before 224"
"778",38,39,"Head Before",39,1784,345,12.038,8.025,-10852764,224,"Head Before 224"
"779",39,40,"Head Before",40,1763,322,10.558,7.039,-12501700,224,"Head Before 224"
"780",40,41,"Head Before",41,1763,315,2.373,1.582,-11121059,224,"Head Before 224"
"781",41,42,"Head Before",42,1777,309,5.163,3.442,-12038582,224,"Head Before 224"
"782",42,43,"Head Before",43,1798,303,7.404,4.936,-11773363,224,"Head Before 224"
"783",43,44,"Head Before",44,1794,303,1.356,0.904,-12107441,224,"Head Before 224"
"784",44,45,"Head Before",45,1796,318,5.13,3.42,-11709627,224,"Head Before 224"
"785",45,46,"Head Before",46,1792,311,2.733,1.822,-12890290,224,"Head Before 224"
"786",46,47,"Head Before",47,1801,303,4.082,2.721,-9341855,224,"Head Before 224"
"787",47,48,"Head Before",48,1813,297,4.548,3.032,-10527657,224,"Head Before 224"
"788",48,49,"Head Before",49,1813,303,2.034,1.356,-12431796,224,"Head Before 224"
"789",49,50,"Head Before",50,1801,299,4.288,2.859,-11246756,224,"Head Before 224"
"790",50,51,"Head Before",51,1786,297,5.13,3.42,-13422012,224,"Head Before 224"
"791",51,52,"Head Before",52,1801,295,5.13,3.42,-10589863,224,"Head Before 224"
"792",52,53,"Head Before",53,1796,295,1.695,1.13,-11380381,224,"Head Before 224"
"793",53,55,"Tail Before",2,1821,16,10.596,7.064,-10126482,224,"Tail Before 224"
"794",54,56,"Tail Before",3,1857,43,15.255,10.17,-11711658,224,"Tail Before 224"
"795",55,57,"Tail Before",4,1861,43,1.356,0.904,-11181737,224,"Tail Before 224"
"796",56,58,"Tail Before",5,1851,45,3.457,2.305,-10917286,224,"Tail Before 224"
"797",57,59,"Tail Before",6,1859,49,3.032,2.021,-11116459,224,"Tail Before 224"
"798",58,60,"Tail Before",7,1895,91,18.753,12.502,-11116197,224,"Tail Before 224"
"799",59,61,"Tail Before",8,1935,131,19.177,12.784,-11837862,224,"Tail Before 224"
"800",60,62,"Tail Before",9,1945,154,8.502,5.668,-12431279,224,"Tail Before 224"
"801",61,63,"Tail Before",10,1945,179,8.475,5.65,-10127513,224,"Tail Before 224"
"802",62,64,"Tail Before",11,1926,198,9.109,6.073,-10792850,224,"Tail Before 224"
"803",63,65,"Tail Before",12,1914,307,37.174,24.783,-11970225,224,"Tail Before 224"
"804",64,66,"Tail Before",13,1849,383,33.902,22.601,-9534598,224,"Tail Before 224"
"805",65,67,"Tail Before",14,1819,393,10.72,7.147,-9340297,224,"Tail Before 224"
"806",66,68,"Tail Before",15,1803,387,5.793,3.862,-10196124,224,"Tail Before 224"
"807",67,69,"Tail Before",16,1811,387,2.712,1.808,-11050653,224,"Tail Before 224"
"808",68,70,"Tail Before",17,1815,372,5.263,3.508,-10063248,224,"Tail Before 224"
"809",69,71,"Tail Before",18,1815,380,2.712,1.808,-11247006,224,"Tail Before 224"
"810",70,72,"Tail Before",19,1811,385,2.171,1.447,-10653588,224,"Tail Before 224"
"811",71,73,"Tail Before",20,1815,385,1.356,0.904,-9996689,224,"Tail Before 224"
"812",72,74,"Tail Before",21,1819,378,2.733,1.822,-10522518,224,"Tail Before 224"
"813",73,75,"Tail Before",22,1817,385,2.468,1.645,-9538446,224,"Tail Before 224"
"814",74,76,"Tail Before",23,1811,376,3.667,2.445,-9800597,224,"Tail Before 224"
"815",75,77,"Tail Before",24,1813,387,3.79,2.527,-10782622,224,"Tail Before 224"
"816",76,78,"Tail Before",25,1811,389,0.959,0.639,-9208459,224,"Tail Before 224"
"817",77,79,"Tail Before",26,1819,380,4.082,2.721,-10128273,224,"Tail Before 224"
"818",78,80,"Tail Before",27,1813,378,2.144,1.429,-10124675,224,"Tail Before 224"
"819",79,81,"Tail Before",28,1813,376,0.678,0.452,-9734283,224,"Tail Before 224"
"820",80,82,"Tail Before",29,1813,391,5.085,3.39,-10918557,224,"Tail Before 224"
"821",81,83,"Tail Before",30,1815,380,3.79,2.527,-9536904,224,"Tail Before 224"
"822",82,84,"Tail Before",31,1813,395,5.13,3.42,-11187885,224,"Tail Before 224"
"823",83,85,"Tail Before",32,1811,385,3.457,2.305,-9478027,224,"Tail Before 224"
"824",84,86,"Tail Before",33,1815,389,1.918,1.278,-11708071,224,"Tail Before 224"
"825",85,87,"Tail Before",34,1815,383,2.034,1.356,-10719131,224,"Tail Before 224"
"826",86,88,"Tail Before",35,1815,380,1.017,0.678,-10850967,224,"Tail Before 224"
"827",87,89,"Tail Before",36,1813,380,0.678,0.452,-9866130,224,"Tail Before 224"
"828",88,90,"Tail Before",37,1815,372,2.795,1.864,-11311258,224,"Tail Before 224"
"829",89,91,"Tail Before",38,1813,374,0.959,0.639,-11575971,224,"Tail Before 224"
"830",90,92,"Tail Before",39,1819,368,2.877,1.918,-10986403,224,"Tail Before 224"
"831",91,93,"Tail Before",40,1815,366,1.516,1.011,-11903924,224,"Tail Before 224"
"832",92,94,"Tail Before",41,1811,364,1.516,1.011,-11381661,224,"Tail Before 224"
"833",93,95,"Tail Before",42,1815,364,1.356,0.904,-9010311,224,"Tail Before 224"
"834",94,96,"Tail Before",43,1813,364,0.678,0.452,-10983849,224,"Tail Before 224"
"835",95,97,"Tail Before",44,1819,357,3.125,2.084,-11117978,224,"Tail Before 224"
"836",96,98,"Tail Before",45,1819,357,0,0,-12299685,224,"Tail Before 224"
"837",97,99,"Tail Before",46,1819,353,1.356,0.904,-12825524,224,"Tail Before 224"
"838",98,100,"Tail Before",47,1821,351,0.959,0.639,-11706014,224,"Tail Before 224"
"839",99,101,"Tail Before",48,1826,353,1.826,1.217,-12821423,224,"Tail Before 224"
"840",100,102,"Tail Before",49,1826,353,0,0,-11705767,224,"Tail Before 224"
"841",101,103,"Tail Before",50,1826,357,1.356,0.904,-11576998,224,"Tail Before 224"
"842",102,104,"Tail Before",51,1826,351,2.034,1.356,-11053217,224,"Tail Before 224"
"843",103,105,"Tail Before",52,1830,351,1.356,0.904,-11312038,224,"Tail Before 224"
"844",104,106,"Tail Before",53,1828,357,2.144,1.429,-10590616,224,"Tail Before 224"
"845",105,108,"Tail After",55,1836,355,2.171,1.447,-10389907,224,"Tail After 224"
"846",106,109,"Tail After",56,1834,343,4.124,2.749,-10651794,224,"Tail After 224"
"847",107,110,"Tail After",57,1828,349,2.877,1.918,-10258067,224,"Tail After 224"
"848",108,111,"Tail After",58,1830,349,0.678,0.452,-10257036,224,"Tail After 224"
"849",109,112,"Tail After",59,1832,349,0.678,0.452,-10718868,224,"Tail After 224"
"850",110,113,"Tail After",60,1830,347,0.959,0.639,-10981529,224,"Tail After 224"
"851",111,114,"Tail After",61,1832,345,0.959,0.639,-10324114,224,"Tail After 224"
"852",112,115,"Tail After",62,1832,347,0.678,0.452,-11047320,224,"Tail After 224"
"853",113,116,"Tail After",63,1832,347,0,0,-10126731,224,"Tail After 224"
"854",114,117,"Tail After",64,1832,349,0.678,0.452,-10521750,224,"Tail After 224"
"855",115,118,"Tail After",65,1832,349,0,0,-10323597,224,"Tail After 224"
"856",116,119,"Tail After",66,1832,349,0,0,-11178910,224,"Tail After 224"
"857",117,120,"Tail After",67,1832,349,0,0,-11047320,224,"Tail After 224"
"858",118,121,"Tail After",68,1834,349,0.678,0.452,-10126735,224,"Tail After 224"
"859",119,122,"Tail After",69,1834,349,0,0,-10587284,224,"Tail After 224"
"860",120,123,"Tail After",70,1834,349,0,0,-10388361,224,"Tail After 224"
"861",121,124,"Tail After",71,1830,349,1.356,0.904,-10915736,224,"Tail After 224"
"862",122,125,"Tail After",72,1830,349,0,0,-10192524,224,"Tail After 224"
"863",123,126,"Tail After",73,1834,353,1.918,1.278,-10717326,224,"Tail After 224"
"864",124,127,"Tail After",74,1832,353,0.678,0.452,-10652564,224,"Tail After 224"
"865",125,128,"Tail After",75,1832,349,1.356,0.904,-10981527,224,"Tail After 224"
"866",126,129,"Tail After",76,1832,351,0.678,0.452,-11113115,224,"Tail After 224"
"867",127,130,"Tail After",77,1832,351,0,0,-10981013,224,"Tail After 224"
"868",128,131,"Tail After",78,1832,349,0.678,0.452,-11047070,224,"Tail After 224"
"869",129,132,"Tail After",79,1834,349,0.678,0.452,-11375256,224,"Tail After 224"
"870",130,133,"Tail After",80,1834,349,0,0,-11837612,224,"Tail After 224"
"871",131,134,"Tail After",81,1834,351,0.678,0.452,-11309465,224,"Tail After 224"
"872",132,135,"Tail After",82,1834,351,0,0,-11506844,224,"Tail After 224"
"873",133,136,"Tail After",83,1834,353,0.678,0.452,-11308697,224,"Tail After 224"
"874",134,137,"Tail After",84,1834,353,0,0,-11308699,224,"Tail After 224"
"875",135,138,"Tail After",85,1832,355,0.959,0.639,-11244701,224,"Tail After 224"
"876",136,139,"Tail After",86,1832,355,0,0,-11507105,224,"Tail After 224"
"877",137,140,"Tail After",87,1832,355,0,0,-11311266,224,"Tail After 224"
"878",138,141,"Tail After",88,1832,355,0,0,-11310492,224,"Tail After 224"
"879",139,142,"Tail After",89,1832,355,0,0,-11309465,224,"Tail After 224"
"880",140,143,"Tail After",90,1832,355,0,0,-11179413,224,"Tail After 224"
"881",141,144,"Tail After",91,1832,355,0,0,-11439764,224,"Tail After 224"
"882",142,145,"Tail After",92,1830,355,0.678,0.452,-10458006,224,"Tail After 224"
"883",143,146,"Tail After",93,1830,353,0.678,0.452,-10198165,224,"Tail After 224"
"884",144,147,"Tail After",94,1830,355,0.678,0.452,-11117978,224,"Tail After 224"
"885",145,148,"Tail After",95,1830,355,0,0,-10723480,224,"Tail After 224"
"886",146,149,"Tail After",96,1830,355,0,0,-11179670,224,"Tail After 224"
"887",147,150,"Tail After",97,1830,355,0,0,-11571600,224,"Tail After 224"
"888",148,151,"Tail After",98,1830,355,0,0,-13681346,224,"Tail After 224"
"889",149,152,"Tail After",99,1832,355,0.678,0.452,-13478577,224,"Tail After 224"
"890",150,153,"Tail After",100,1832,355,0,0,-13679806,224,"Tail After 224"
"891",151,154,"Tail After",101,1832,355,0,0,-14269113,224,"Tail After 224"
"892",152,155,"Tail After",102,1832,355,0,0,-10852512,224,"Tail After 224"
"893",153,156,"Tail After",103,1830,355,0.678,0.452,-10658976,224,"Tail After 224"
"894",154,157,"Tail After",104,1830,355,0,0,-11179924,224,"Tail After 224"
"895",155,158,"Tail After",105,1830,355,0,0,-14334389,224,"Tail After 224"
"896",156,159,"Tail After",106,1830,355,0,0,-11704734,224,"Tail After 224"
"897",157,162,"Head After",55,1811,299,5.803,3.868,-11511205,224,"Head After 224"
"898",158,163,"Head After",56,1809,297,0.959,0.639,-11246754,224,"Head After 224"
"899",159,164,"Head After",57,1811,301,1.516,1.011,-12163755,224,"Head After 224"
"900",160,165,"Head After",58,1821,299,3.457,2.305,-11839158,224,"Head After 224"
"901",161,166,"Head After",59,1815,299,2.034,1.356,-10658218,224,"Head After 224"
"902",162,167,"Head After",60,1809,292,3.125,2.084,-10721450,224,"Head After 224"
"903",163,168,"Head After",61,1792,292,5.763,3.842,-11247280,224,"Head After 224"
"904",164,169,"Head After",62,1811,286,6.755,4.503,-10987943,224,"Head After 224"
"905",165,170,"Head After",63,1811,288,0.678,0.452,-11515055,224,"Head After 224"
"906",166,171,"Head After",64,1828,290,5.803,3.868,-10330531,224,"Head After 224"
"907",167,172,"Head After",65,1821,288,2.468,1.645,-11186076,224,"Head After 224"
"908",168,173,"Head After",66,1832,292,3.968,2.645,-10258581,224,"Head After 224"
"909",169,174,"Head After",67,1836,299,2.733,1.822,-8813183,224,"Head After 224"
"910",170,175,"Head After",68,1826,290,4.561,3.041,-10918816,224,"Head After 224"
"911",171,176,"Head After",69,1836,301,5.04,3.36,-10920612,224,"Head After 224"
"912",172,177,"Head After",70,1836,297,1.356,0.904,-10195093,224,"Head After 224"
"913",173,178,"Head After",71,1824,288,5.085,3.39,-11313317,224,"Head After 224"
"914",174,179,"Head After",72,1824,286,0.678,0.452,-9868692,224,"Head After 224"
"915",175,180,"Head After",73,1824,280,2.034,1.356,-12892329,224,"Head After 224"
"916",176,181,"Head After",74,1817,282,2.468,1.645,-10126995,224,"Head After 224"
"917",177,182,"Head After",75,1815,280,0.959,0.639,-11444385,224,"Head After 224"
"918",178,183,"Head After",76,1813,278,0.959,0.639,-10259857,224,"Head After 224"
"919",179,184,"Head After",77,1811,278,0.678,0.452,-10852762,224,"Head After 224"
"920",180,185,"Head After",78,1796,276,5.13,3.42,-9933717,224,"Head After 224"
"921",181,186,"Head After",79,1796,276,0,0,-11906467,224,"Head After 224"
"922",182,187,"Head After",80,1813,280,5.92,3.947,-10195093,224,"Head After 224"
"923",183,188,"Head After",81,1807,280,2.034,1.356,-10063248,224,"Head After 224"
"924",184,189,"Head After",82,1803,286,2.445,1.63,-10922653,224,"Head After 224"
"925",185,190,"Head After",83,1801,295,3.125,2.084,-11315609,224,"Head After 224"
"926",186,191,"Head After",84,1801,295,0,0,-10129049,224,"Head After 224"
"927",187,192,"Head After",85,1805,295,1.356,0.904,-11512737,224,"Head After 224"
"928",188,193,"Head After",86,1805,295,0,0,-10654368,224,"Head After 224"
"929",189,194,"Head After",87,1811,299,2.445,1.63,-10001038,224,"Head After 224"
"930",190,195,"Head After",88,1819,299,2.712,1.808,-10854306,224,"Head After 224"
"931",191,196,"Head After",89,1819,301,0.678,0.452,-10065051,224,"Head After 224"
"932",192,197,"Head After",90,1828,301,3.051,2.034,-8755347,224,"Head After 224"
"933",193,198,"Head After",91,1824,305,1.918,1.278,-9671313,224,"Head After 224"
"934",194,199,"Head After",92,1830,307,2.144,1.429,-9866641,224,"Head After 224"
"935",195,200,"Head After",93,1832,311,1.516,1.011,-9538695,224,"Head After 224"
"936",196,201,"Head After",94,1828,309,1.516,1.011,-10654882,224,"Head After 224"
"937",197,202,"Head After",95,1832,313,1.918,1.278,-10918030,224,"Head After 224"
"938",198,203,"Head After",96,1832,311,0.678,0.452,-10654619,224,"Head After 224"
"939",199,204,"Head After",97,1832,307,1.356,0.904,-10655648,224,"Head After 224"
"940",200,205,"Head After",98,1824,313,3.39,2.26,-11509415,224,"Head After 224"
"941",201,206,"Head After",99,1817,318,2.916,1.944,-11711915,224,"Head After 224"
"942",202,207,"Head After",100,1824,315,2.582,1.721,-11113887,224,"Head After 224"
"943",203,208,"Head After",101,1830,315,2.034,1.356,-9997706,224,"Head After 224"
"944",204,209,"Head After",102,1832,313,0.959,0.639,-10458768,224,"Head After 224"
"945",205,210,"Head After",103,1832,313,0,0,-11053979,224,"Head After 224"
"946",206,211,"Head After",104,1821,311,3.79,2.527,-10260385,224,"Head After 224"
"947",207,212,"Head After",105,1832,315,3.968,2.645,-10259849,224,"Head After 224"
"948",208,213,"Head After",106,1828,305,3.651,2.434,-11777189,224,"Head After 224"
"949",1,2,"Head Before",2,2207,177,17.166,11.444,-9079176,225,"Head Before 225"
"950",2,3,"Head Before",3,2199,177,2.712,1.808,-8488337,225,"Head Before 225"
"951",3,4,"Head Before",4,2184,206,11.068,7.379,-8945026,225,"Head Before 225"
"952",4,5,"Head Before",5,2184,202,1.356,0.904,-9013901,225,"Head Before 225"
"953",5,6,"Head Before",6,2178,211,3.667,2.445,-8420217,225,"Head Before 225"
"954",6,7,"Head Before",7,2207,204,10.113,6.742,-10195336,225,"Head Before 225"
"955",7,8,"Head Before",8,2201,209,2.648,1.765,-9079425,225,"Head Before 225"
"956",8,9,"Head Before",9,2195,209,2.034,1.356,-10129813,225,"Head Before 225"
"957",9,10,"Head Before",10,2167,230,11.865,7.91,-9012862,225,"Head Before 225"
"958",10,11,"Head Before",11,2174,211,6.864,4.576,-9078657,225,"Head Before 225"
"959",11,12,"Head Before",12,2172,211,0.678,0.452,-9012102,225,"Head Before 225"
"960",12,13,"Head Before",13,2165,217,3.125,2.084,-9208190,225,"Head Before 225"
"961",13,14,"Head Before",14,2165,217,0,0,-9540235,225,"Head Before 225"
"962",14,15,"Head Before",15,2165,217,0,0,-9014151,225,"Head Before 225"
"963",15,16,"Head Before",16,2170,240,7.979,5.319,-1908509,225,"Head Before 225"
"964",16,17,"Head Before",17,2178,244,3.032,2.021,-8749443,225,"Head Before 225"
"965",17,18,"Head Before",18,2186,250,3.39,2.26,-8748930,225,"Head Before 225"
"966",18,19,"Head Before",19,2195,261,4.818,3.212,-9343118,225,"Head Before 225"
"967",19,20,"Head Before",20,2207,267,4.548,3.032,-9344137,225,"Head Before 225"
"968",20,21,"Head Before",21,2216,261,3.667,2.445,-8882058,225,"Head Before 225"
"969",21,22,"Head Before",22,2220,280,6.582,4.388,-9340549,225,"Head Before 225"
"970",22,23,"Head Before",23,2218,288,2.795,1.864,-10525852,225,"Head Before 225"
"971",23,24,"Head Before",24,2203,282,5.477,3.651,-8880775,225,"Head Before 225"
"972",24,25,"Head Before",25,2239,301,13.799,9.2,-8557190,225,"Head Before 225"
"973",25,26,"Head Before",26,2174,299,22.045,14.697,-9145477,225,"Head Before 225"
"974",26,27,"Head Before",27,2218,280,16.247,10.832,-9143688,225,"Head Before 225"
"975",27,28,"Head Before",28,2205,288,5.175,3.45,-9672586,225,"Head Before 225"
"976",28,29,"Head Before",29,2245,265,15.642,10.428,-10655135,225,"Head Before 225"
"977",29,30,"Head Before",30,2266,232,13.26,8.84,-9406860,225,"Head Before 225"
"978",30,31,"Head Before",31,2262,230,1.516,1.011,-9341847,225,"Head Before 225"
"979",31,32,"Head Before",32,2239,259,12.548,8.365,-9472148,225,"Head Before 225"
"980",32,33,"Head Before",33,2230,261,3.125,2.084,-9082006,225,"Head Before 225"
"981",33,34,"Head Before",34,2245,248,6.729,4.486,-9211282,225,"Head Before 225"
"982",34,35,"Head Before",35,2218,250,9.178,6.119,-10323860,225,"Head Before 225"
"983",35,36,"Head Before",36,2174,263,15.553,10.369,-9736076,225,"Head Before 225"
"984",36,37,"Head Before",37,2172,274,3.79,2.527,-9866130,225,"Head Before 225"
"985",37,38,"Head Before",38,2172,278,1.356,0.904,-9211013,225,"Head Before 225"
"986",38,39,"Head Before",39,2155,250,11.105,7.403,-9674883,225,"Head Before 225"
"987",39,40,"Head Before",40,2130,242,8.898,5.932,-2039845,225,"Head Before 225"
"988",40,41,"Head Before",41,2130,242,0,0,-2105377,225,"Head Before 225"
"989",41,42,"Head Before",42,2161,263,12.693,8.462,-8816764,225,"Head Before 225"
"990",42,43,"Head Before",43,2117,263,14.916,9.944,-1908511,225,"Head Before 225"
"991",43,44,"Head Before",44,2128,257,4.248,2.832,-9010811,225,"Head Before 225"
"992",44,45,"Head Before",45,2098,274,11.689,7.793,-11843002,225,"Head Before 225"
"993",45,46,"Head Before",46,2050,278,16.328,10.886,-12766907,225,"Head Before 225"
"994",46,47,"Head Before",47,2054,271,2.733,1.822,-9933456,225,"Head Before 225"
"995",47,48,"Head Before",48,2065,244,9.883,6.589,-9603217,225,"Head Before 225"
"996",48,49,"Head Before",49,2073,274,10.525,7.017,-9406862,225,"Head Before 225"
"997",49,50,"Head Before",50,2031,269,14.339,9.559,-9935247,225,"Head Before 225"
"998",50,51,"Head Before",51,2031,265,1.356,0.904,-10985892,225,"Head Before 225"
"999",51,52,"Head Before",52,2031,265,0,0,-10133137,225,"Head Before 225"
"1000",52,53,"Head Before",53,2037,253,4.548,3.032,-9997453,225,"Head Before 225"
"1001",53,54,"Head Before",54,2031,255,2.144,1.429,-9209481,225,"Head Before 225"
"1002",54,55,"Head Before",55,2044,271,6.989,4.659,-10133154,225,"Head Before 225"
"1003",55,56,"Head Before",56,2071,280,9.648,6.432,-9343136,225,"Head Before 225"
"1004",56,57,"Head Before",57,2067,280,1.356,0.904,-9076112,225,"Head Before 225"
"1005",57,58,"Head Before",58,2044,265,9.309,6.206,-9275535,225,"Head Before 225"
"1006",58,59,"Head Before",59,2054,269,3.651,2.434,-10194584,225,"Head Before 225"
"1007",59,60,"Head Before",60,2067,271,4.459,2.973,-10325400,225,"Head Before 225"
"1008",60,61,"Head Before",61,2050,269,5.803,3.868,-9473413,225,"Head Before 225"
"1009",61,62,"Head Before",62,2037,263,4.854,3.236,-9341831,225,"Head Before 225"
"1010",62,63,"Head Before",63,2033,255,3.032,2.021,-9143940,225,"Head Before 225"
"1011",63,64,"Head Before",64,2023,230,9.128,6.085,-9143423,225,"Head Before 225"
"1012",64,65,"Head Before",65,2023,227,1.017,0.678,-9274242,225,"Head Before 225"
"1013",65,66,"Head Before",66,2033,192,12.34,8.227,-9079684,225,"Head Before 225"
"1014",66,67,"Head Before",67,2050,144,17.262,11.508,-9144966,225,"Head Before 225"
"1015",67,68,"Head Before",68,2077,162,11.001,7.334,-9207420,225,"Head Before 225"
"1016",68,69,"Head Before",69,2079,162,0.678,0.452,-9144452,225,"Head Before 225"
"1017",69,70,"Head Before",70,2052,148,10.31,6.874,-9602181,225,"Head Before 225"
"1018",70,71,"Head Before",71,2063,144,3.968,2.645,-9208449,225,"Head Before 225"
"1019",71,72,"Head Before",72,2063,146,0.678,0.452,-8882297,225,"Head Before 225"
"1020",72,73,"Head Before",73,2063,144,0.678,0.452,-9144191,225,"Head Before 225"
"1021",73,74,"Head Before",74,2065,144,0.678,0.452,-9472135,225,"Head Before 225"
"1022",74,75,"Head Before",75,2073,146,2.795,1.864,-10461591,225,"Head Before 225"
"1023",75,76,"Head Before",76,2077,148,1.516,1.011,-10327697,225,"Head Before 225"
"1024",76,77,"Head Before",77,2077,148,0,0,-10064790,225,"Head Before 225"
"1025",77,78,"Head Before",78,2077,148,0,0,-9275274,225,"Head Before 225"
"1026",78,79,"Head Before",79,2077,148,0,0,-10393753,225,"Head Before 225"
"1027",79,80,"Head Before",80,2079,141,2.468,1.645,-9866380,225,"Head Before 225"
"1028",80,81,"Head Before",81,2069,141,3.39,2.26,-9734794,225,"Head Before 225"
"1029",81,82,"Head Before",82,2069,137,1.356,0.904,-8681856,225,"Head Before 225"
"1030",82,83,"Head Before",83,2052,135,5.803,3.868,-9799560,225,"Head Before 225"
"1031",83,84,"Head Before",84,2052,127,2.712,1.808,-9208198,225,"Head Before 225"
"1032",84,85,"Head Before",85,2056,129,1.516,1.011,-9668476,225,"Head Before 225"
"1033",85,86,"Head Before",86,2056,131,0.678,0.452,-9471360,225,"Head Before 225"
"1034",86,87,"Head Before",87,2058,141,3.457,2.305,-10788499,225,"Head Before 225"
"1035",87,88,"Head Before",88,2058,148,2.373,1.582,-10261391,225,"Head Before 225"
"1036",88,89,"Head Before",89,2046,150,4.124,2.749,-10063246,225,"Head Before 225"
"1037",89,90,"Head Before",90,2035,171,8.037,5.358,-9803148,225,"Head Before 225"
"1038",90,92,"Tail Before",2,2203,104,17.302,11.535,-10922679,225,"Tail Before 225"
"1039",91,93,"Tail Before",3,2203,114,3.39,2.26,-9340315,225,"Tail Before 225"
"1040",92,94,"Tail Before",4,2207,144,10.26,6.84,-10198678,225,"Tail Before 225"
"1041",93,95,"Tail Before",5,2205,141,1.222,0.815,-10131369,225,"Tail Before 225"
"1042",94,96,"Tail Before",6,2197,141,2.712,1.808,-11119545,225,"Tail Before 225"
"1043",95,97,"Tail Before",7,2195,137,1.516,1.011,-8486795,225,"Tail Before 225"
"1044",96,98,"Tail Before",8,2193,139,0.959,0.639,-11182503,225,"Tail Before 225"
"1045",97,99,"Tail Before",9,2195,144,1.826,1.217,-11247272,225,"Tail Before 225"
"1046",98,100,"Tail Before",10,2172,158,9.128,6.085,-11254169,225,"Tail Before 225"
"1047",99,101,"Tail Before",11,2153,137,9.6,6.4,-12634292,225,"Tail Before 225"
"1048",100,102,"Tail Before",12,2163,139,3.457,2.305,-10793905,225,"Tail Before 225"
"1049",101,103,"Tail Before",13,2165,141,0.959,0.639,-10262945,225,"Tail Before 225"
"1050",102,104,"Tail Before",14,2165,141,0,0,-12369337,225,"Tail Before 225"
"1051",103,105,"Tail Before",15,2165,141,0,0,-12098991,225,"Tail Before 225"
"1052",104,106,"Tail Before",16,2167,160,6.477,4.318,-11508143,225,"Tail Before 225"
"1053",105,107,"Tail Before",17,2170,162,1.222,0.815,-11708081,225,"Tail Before 225"
"1054",106,108,"Tail Before",18,2170,167,1.695,1.13,-11712436,225,"Tail Before 225"
"1055",107,109,"Tail Before",19,2176,173,2.877,1.918,-12954803,225,"Tail Before 225"
"1056",108,110,"Tail Before",20,2184,177,3.032,2.021,-11180712,225,"Tail Before 225"
"1057",109,111,"Tail Before",21,2184,173,1.356,0.904,-12434365,225,"Tail Before 225"
"1058",110,112,"Tail Before",22,2205,183,7.885,5.257,-12169137,225,"Tail Before 225"
"1059",111,113,"Tail Before",23,2205,202,6.441,4.294,-11977397,225,"Tail Before 225"
"1060",112,114,"Tail Before",24,2201,194,3.032,2.021,-11257010,225,"Tail Before 225"
"1061",113,115,"Tail Before",25,2205,209,5.263,3.508,-11578540,225,"Tail Before 225"
"1062",114,116,"Tail Before",26,2205,209,0,0,-10984101,225,"Tail Before 225"
"1063",115,117,"Tail Before",27,2195,206,3.539,2.36,-10196637,225,"Tail Before 225"
"1064",116,118,"Tail Before",28,2190,198,3.198,2.132,-10921647,225,"Tail Before 225"
"1065",117,119,"Tail Before",29,2205,202,5.263,3.508,-10796208,225,"Tail Before 225"
"1066",118,120,"Tail Before",30,2205,200,0.678,0.452,-10722718,225,"Tail Before 225"
"1067",119,121,"Tail Before",31,2201,194,2.445,1.63,-10722722,225,"Tail Before 225"
"1068",120,122,"Tail Before",32,2205,196,1.516,1.011,-11780282,225,"Tail Before 225"
"1069",121,123,"Tail Before",33,2207,194,0.959,0.639,-9277076,225,"Tail Before 225"
"1070",122,124,"Tail Before",34,2201,190,2.445,1.63,-9732504,225,"Tail Before 225"
"1071",123,125,"Tail Before",35,2201,188,0.678,0.452,-10853801,225,"Tail Before 225"
"1072",124,126,"Tail Before",36,2201,185,1.017,0.678,-11179423,225,"Tail Before 225"
"1073",125,127,"Tail Before",37,2199,196,3.79,2.527,-11122349,225,"Tail Before 225"
"1074",126,128,"Tail Before",38,2201,204,2.795,1.864,-10926767,225,"Tail Before 225"
"1075",127,129,"Tail Before",39,2199,202,0.959,0.639,-10529440,225,"Tail Before 225"
"1076",128,130,"Tail Before",40,2184,202,5.085,3.39,-11843242,225,"Tail Before 225"
"1077",129,131,"Tail Before",41,2188,204,1.516,1.011,-10658708,225,"Tail Before 225"
"1078",130,132,"Tail Before",42,2176,206,4.124,2.749,-11903403,225,"Tail Before 225"
"1079",131,133,"Tail Before",43,2165,230,8.95,5.967,-9868692,225,"Tail Before 225"
"1080",132,134,"Tail Before",44,2178,206,9.253,6.169,-11512488,225,"Tail Before 225"
"1081",133,135,"Tail Before",45,2146,250,18.444,12.296,-12100271,225,"Tail Before 225"
"1082",134,136,"Tail Before",46,2105,265,14.8,9.867,-11775917,225,"Tail Before 225"
"1083",135,137,"Tail Before",47,2115,269,3.651,2.434,-12759732,225,"Tail Before 225"
"1084",136,138,"Tail Before",48,2115,248,7.119,4.746,-10332313,225,"Tail Before 225"
"1085",137,139,"Tail Before",49,2117,253,1.826,1.217,-1842464,225,"Tail Before 225"
"1086",138,140,"Tail Before",50,2088,274,12.138,8.092,-12830400,225,"Tail Before 225"
"1087",139,141,"Tail Before",51,2088,282,2.712,1.808,-10330031,225,"Tail Before 225"
"1088",140,142,"Tail Before",52,2088,284,0.678,0.452,-10065817,225,"Tail Before 225"
"1089",141,143,"Tail Before",53,2081,284,2.373,1.582,-11576499,225,"Tail Before 225"
"1090",142,144,"Tail Before",54,2090,278,3.667,2.445,-10918307,225,"Tail Before 225"
"1091",143,145,"Tail Before",55,2096,278,2.034,1.356,-12566205,225,"Tail Before 225"
"1092",144,146,"Tail Before",56,2100,278,1.356,0.904,-10987693,225,"Tail Before 225"
"1093",145,147,"Tail Before",57,2098,274,1.516,1.011,-10201501,225,"Tail Before 225"
"1094",146,148,"Tail Before",58,2094,267,2.733,1.822,-11448235,225,"Tail Before 225"
"1095",147,149,"Tail Before",59,2094,271,1.356,0.904,-12038061,225,"Tail Before 225"
"1096",148,150,"Tail Before",60,2094,269,0.678,0.452,-11048613,225,"Tail Before 225"
"1097",149,151,"Tail Before",61,2088,276,3.125,2.084,-12235694,225,"Tail Before 225"
"1098",150,152,"Tail Before",62,2086,263,4.459,2.973,-10004890,225,"Tail Before 225"
"1099",151,153,"Tail Before",63,2084,265,0.959,0.639,-10394268,225,"Tail Before 225"
"1100",152,154,"Tail Before",64,2071,255,5.56,3.707,-9547684,225,"Tail Before 225"
"1101",153,155,"Tail Before",65,2071,263,2.712,1.808,-11381414,225,"Tail Before 225"
"1102",154,156,"Tail Before",66,2063,250,5.175,3.45,-10729124,225,"Tail Before 225"
"1103",155,157,"Tail Before",67,2050,204,16.205,10.803,-10658976,225,"Tail Before 225"
"1104",156,158,"Tail Before",68,2050,209,1.695,1.13,-10596510,225,"Tail Before 225"
"1105",157,159,"Tail Before",69,2046,213,1.918,1.278,-10664603,225,"Tail Before 225"
"1106",158,160,"Tail Before",70,2048,211,0.959,0.639,-10726051,225,"Tail Before 225"
"1107",159,161,"Tail Before",71,2050,209,0.959,0.639,-11843505,225,"Tail Before 225"
"1108",160,162,"Tail Before",72,2054,200,3.339,2.226,-11252136,225,"Tail Before 225"
"1109",161,163,"Tail Before",73,2044,200,3.39,2.26,-11506846,225,"Tail Before 225"
"1110",162,164,"Tail Before",74,2056,196,4.288,2.859,-9999759,225,"Tail Before 225"
"1111",163,165,"Tail Before",75,2054,192,1.516,1.011,-9405579,225,"Tail Before 225"
"1112",164,166,"Tail Before",76,2052,200,2.795,1.864,-12169135,225,"Tail Before 225"
"1113",165,167,"Tail Before",77,2050,200,0.678,0.452,-11708583,225,"Tail Before 225"
"1114",166,168,"Tail Before",78,2048,194,2.144,1.429,-11317676,225,"Tail Before 225"
"1115",167,169,"Tail Before",79,2050,202,2.795,1.864,-12167343,225,"Tail Before 225"
"1116",168,170,"Tail Before",80,2052,196,2.144,1.429,-11646122,225,"Tail Before 225"
"1117",169,171,"Tail Before",81,2052,198,0.678,0.452,-11574179,225,"Tail Before 225"
"1118",170,172,"Tail Before",82,2048,198,1.356,0.904,-10981280,225,"Tail Before 225"
"1119",171,173,"Tail Before",83,2050,194,1.516,1.011,-11514285,225,"Tail Before 225"
"1120",172,174,"Tail Before",84,2046,188,2.445,1.63,-10064285,225,"Tail Before 225"
"1121",173,175,"Tail Before",85,2050,194,2.445,1.63,-11182249,225,"Tail Before 225"
"1122",174,176,"Tail Before",86,2048,196,0.959,0.639,-11574690,225,"Tail Before 225"
"1123",175,177,"Tail Before",87,2044,194,1.516,1.011,-11841203,225,"Tail Before 225"
"1124",176,178,"Tail Before",88,2048,200,2.445,1.63,-11770526,225,"Tail Before 225"
"1125",177,179,"Tail Before",89,2042,196,2.445,1.63,-10984611,225,"Tail Before 225"
"1126",178,180,"Tail Before",90,2044,198,0.959,0.639,-10261148,225,"Tail Before 225"
"1127",179,182,"Head After",92,2014,173,8.058,5.372,-10916492,225,"Head After 225"
"1128",180,183,"Head After",93,2029,156,7.686,5.124,-10654869,225,"Head After 225"
"1129",181,184,"Head After",94,2004,169,9.552,6.368,-9736060,225,"Head After 225"
"1130",182,185,"Head After",95,2016,160,5.085,3.39,-11575962,225,"Head After 225"
"1131",183,186,"Head After",96,2004,169,5.085,3.39,-9471362,225,"Head After 225"
"1132",184,187,"Head After",97,2019,160,5.93,3.953,-9338495,225,"Head After 225"
"1133",185,188,"Head After",98,2002,173,7.255,4.837,-9603961,225,"Head After 225"
"1134",186,189,"Head After",99,2010,167,3.39,2.26,-10324866,225,"Head After 225"
"1135",187,190,"Head After",100,1998,179,5.753,3.835,-11182481,225,"Head After 225"
"1136",188,191,"Head After",101,2027,154,12.98,8.653,-11381151,225,"Head After 225"
"1137",189,192,"Head After",102,2029,146,2.795,1.864,-10855834,225,"Head After 225"
"1138",190,193,"Head After",103,2054,139,8.801,5.867,-10654860,225,"Head After 225"
"1139",191,194,"Head After",104,2063,150,4.818,3.212,-11119018,225,"Head After 225"
"1140",192,195,"Head After",105,2063,148,0.678,0.452,-10066579,225,"Head After 225"
"1141",193,196,"Head After",106,2063,148,0,0,-8683640,225,"Head After 225"
"1142",194,197,"Head After",107,2071,146,2.795,1.864,-10062981,225,"Head After 225"
"1143",195,198,"Head After",108,2069,152,2.144,1.429,-9471113,225,"Head After 225"
"1144",196,199,"Head After",109,2063,150,2.144,1.429,-9933188,225,"Head After 225"
"1145",197,200,"Head After",110,2063,148,0.678,0.452,-9933966,225,"Head After 225"
"1146",198,201,"Head After",111,2067,146,1.516,1.011,-9737866,225,"Head After 225"
"1147",199,202,"Head After",112,2075,146,2.712,1.808,-9798530,225,"Head After 225"
"1148",200,203,"Head After",113,2075,148,0.678,0.452,-11314588,225,"Head After 225"
"1149",201,204,"Head After",114,2075,150,0.678,0.452,-9997957,225,"Head After 225"
"1150",202,205,"Head After",115,2075,150,0,0,-11378830,225,"Head After 225"
"1151",203,206,"Head After",116,2075,150,0,0,-10198668,225,"Head After 225"
"1152",204,207,"Head After",117,2073,150,0.678,0.452,-9735307,225,"Head After 225"
"1153",205,208,"Head After",118,2073,150,0,0,-10063759,225,"Head After 225"
"1154",206,209,"Head After",119,2075,148,0.959,0.639,-9470592,225,"Head After 225"
"1155",207,210,"Head After",120,2067,146,2.795,1.864,-9932685,225,"Head After 225"
"1156",208,211,"Head After",121,2069,146,0.678,0.452,-11117211,225,"Head After 225"
"1157",209,212,"Head After",122,2069,146,0,0,-9537163,225,"Head After 225"
"1158",210,213,"Head After",123,2069,146,0,0,-10196360,225,"Head After 225"
"1159",211,214,"Head After",124,2065,148,1.516,1.011,-9931923,225,"Head After 225"
"1160",212,215,"Head After",125,2065,148,0,0,-10195334,225,"Head After 225"
"1161",213,216,"Head After",126,2065,148,0,0,-10522000,225,"Head After 225"
"1162",214,217,"Head After",127,2065,148,0,0,-10329243,225,"Head After 225"
"1163",215,218,"Head After",128,2063,144,1.516,1.011,-9010041,225,"Head After 225"
"1164",216,219,"Head After",129,2060,144,1.017,0.678,-9933456,225,"Head After 225"
"1165",217,220,"Head After",130,2060,146,0.678,0.452,-9471624,225,"Head After 225"
"1166",218,221,"Head After",131,2060,146,0,0,-9536387,225,"Head After 225"
"1167",219,222,"Head After",132,2060,146,0,0,-10589343,225,"Head After 225"
"1168",220,223,"Head After",133,2060,146,0,0,-10196885,225,"Head After 225"
"1169",221,224,"Head After",134,2056,148,1.516,1.011,-9470592,225,"Head After 225"
"1170",222,225,"Head After",135,2060,146,1.516,1.011,-10458267,225,"Head After 225"
"1171",223,226,"Head After",136,2065,144,1.826,1.217,-10592412,225,"Head After 225"
"1172",224,227,"Head After",137,2065,148,1.356,0.904,-9931143,225,"Head After 225"
"1173",225,228,"Head After",138,2065,146,0.678,0.452,-9869210,225,"Head After 225"
"1174",226,229,"Head After",139,2052,139,5.005,3.337,-9867413,225,"Head After 225"
"1175",227,230,"Head After",140,2065,146,5.005,3.337,-9801618,225,"Head After 225"
"1176",228,231,"Head After",141,2065,144,0.678,0.452,-9868173,225,"Head After 225"
"1177",229,232,"Head After",142,2065,146,0.678,0.452,-9931662,225,"Head After 225"
"1178",230,233,"Head After",143,2056,146,3.051,2.034,-10455437,225,"Head After 225"
"1179",231,234,"Head After",144,2035,135,8.037,5.358,-10197138,225,"Head After 225"
"1180",232,235,"Head After",145,2010,141,8.716,5.81,-9736328,225,"Head After 225"
"1181",233,236,"Head After",146,1996,137,4.936,3.291,-9538695,225,"Head After 225"
"1182",234,237,"Head After",147,1985,144,4.42,2.947,-10458517,225,"Head After 225"
"1183",235,238,"Head After",148,1979,154,3.953,2.636,-11247005,225,"Head After 225"
"1184",236,239,"Head After",149,1970,169,5.93,3.953,-9666942,225,"Head After 225"
"1185",237,240,"Head After",150,1968,179,3.457,2.305,-9208711,225,"Head After 225"
"1186",238,241,"Head After",151,1968,200,7.119,4.746,-10656155,225,"Head After 225"
"1187",239,242,"Head After",152,1983,194,5.477,3.651,-9865601,225,"Head After 225"
"1188",240,243,"Head After",153,1981,204,3.457,2.305,-10459281,225,"Head After 225"
"1189",241,244,"Head After",154,1979,198,2.144,1.429,-10131333,225,"Head After 225"
"1190",242,245,"Head After",155,1979,196,0.678,0.452,-10196107,225,"Head After 225"
"1191",243,246,"Head After",156,1966,179,7.255,4.837,-10984601,225,"Head After 225"
"1192",244,247,"Head After",157,1956,183,3.651,2.434,-10523019,225,"Head After 225"
"1193",245,248,"Head After",158,1947,200,6.521,4.347,-9736077,225,"Head After 225"
"1194",246,249,"Head After",159,1958,225,9.259,6.173,-9929865,225,"Head After 225"
"1195",247,250,"Head After",160,1968,236,5.04,3.36,-10260627,225,"Head After 225"
"1196",248,251,"Head After",161,1964,240,1.918,1.278,-9800329,225,"Head After 225"
"1197",249,252,"Head After",162,1966,238,0.959,0.639,-10326155,225,"Head After 225"
"1198",250,253,"Head After",163,1968,232,2.144,1.429,-10392977,225,"Head After 225"
"1199",251,254,"Head After",164,1960,240,3.835,2.557,-9999498,225,"Head After 225"
"1200",252,255,"Head After",165,1962,255,5.13,3.42,-10262420,225,"Head After 225"
"1201",253,256,"Head After",166,1960,274,6.477,4.318,-9997714,225,"Head After 225"
"1202",254,257,"Head After",167,1981,284,7.885,5.257,-10395020,225,"Head After 225"
"1203",255,258,"Head After",168,1979,284,0.678,0.452,-10455437,225,"Head After 225"
"1204",256,259,"Head After",169,1985,286,2.144,1.429,-10784912,225,"Head After 225"
"1205",257,260,"Head After",170,2002,295,6.521,4.347,-12497324,225,"Head After 225"
"1206",258,261,"Head After",171,1993,292,3.216,2.144,-9865101,225,"Head After 225"
"1207",259,262,"Head After",172,1987,297,2.648,1.765,-10459021,225,"Head After 225"
"1208",260,263,"Head After",173,1987,320,7.797,5.198,-11772320,225,"Head After 225"
"1209",261,264,"Head After",174,1985,322,0.959,0.639,-10788246,225,"Head After 225"
"1210",262,265,"Head After",175,1985,326,1.356,0.904,-10129043,225,"Head After 225"
"1211",263,266,"Head After",176,1989,326,1.356,0.904,-10720662,225,"Head After 225"
"1212",264,267,"Head After",177,1985,330,1.918,1.278,-10918559,225,"Head After 225"
"1213",265,268,"Head After",178,1979,328,2.144,1.429,-11048346,225,"Head After 225"
"1214",266,269,"Head After",179,1985,336,3.39,2.26,-9800325,225,"Head After 225"
"1215",267,270,"Head After",180,1985,343,2.373,1.582,-9931394,225,"Head After 225"
"1216",268,272,"Tail After",92,2090,194,0,0,-10654365,225,"Tail After 225"
"1217",269,273,"Tail After",93,2090,192,0.678,0.452,-10786203,225,"Tail After 225"
"1218",270,274,"Tail After",94,2090,192,0,0,-10981262,225,"Tail After 225"
"1219",271,275,"Tail After",95,2090,192,0,0,-10918557,225,"Tail After 225"
"1220",272,276,"Tail After",96,2090,192,0,0,-10786706,225,"Tail After 225"
"1221",273,277,"Tail After",97,2088,194,0.959,0.639,-10389903,225,"Tail After 225"
"1222",274,278,"Tail After",98,2086,196,0.959,0.639,-10061199,225,"Tail After 225"
"1223",275,279,"Tail After",99,2086,196,0,0,-10390156,225,"Tail After 225"
"1224",276,280,"Tail After",100,2086,198,0.678,0.452,-10587533,225,"Tail After 225"
"1225",277,281,"Tail After",101,2084,198,0.678,0.452,-10785941,225,"Tail After 225"
"1226",278,282,"Tail After",102,2084,196,0.678,0.452,-10458257,225,"Tail After 225"
"1227",279,283,"Tail After",103,2081,196,1.017,0.678,-10126218,225,"Tail After 225"
"1228",280,284,"Tail After",104,2081,196,0,0,-10324364,225,"Tail After 225"
"1229",281,285,"Tail After",105,2081,196,0,0,-10653590,225,"Tail After 225"
"1230",282,286,"Tail After",106,2081,196,0,0,-10521230,225,"Tail After 225"
"1231",283,287,"Tail After",107,2081,196,0,0,-11441553,225,"Tail After 225"
"1232",284,288,"Tail After",108,2084,194,1.222,0.815,-10785427,225,"Tail After 225"
"1233",285,289,"Tail After",109,2084,194,0,0,-10719881,225,"Tail After 225"
"1234",286,290,"Tail After",110,2084,192,0.678,0.452,-10784912,225,"Tail After 225"
"1235",287,291,"Tail After",111,2084,194,0.678,0.452,-10589325,225,"Tail After 225"
"1236",288,292,"Tail After",112,2084,196,0.678,0.452,-11048597,225,"Tail After 225"
"1237",289,293,"Tail After",113,2081,194,1.222,0.815,-11115419,225,"Tail After 225"
"1238",290,294,"Tail After",114,2081,194,0,0,-11508886,225,"Tail After 225"
"1239",291,295,"Tail After",115,2084,196,1.222,0.815,-10983570,225,"Tail After 225"
"1240",292,296,"Tail After",116,2084,194,0.678,0.452,-10651784,225,"Tail After 225"
"1241",293,297,"Tail After",117,2084,194,0,0,-9931146,225,"Tail After 225"
"1242",294,298,"Tail After",118,2084,194,0,0,-10589067,225,"Tail After 225"
"1243",295,299,"Tail After",119,2081,194,1.017,0.678,-10654358,225,"Tail After 225"
"1244",296,300,"Tail After",120,2081,192,0.678,0.452,-10193035,225,"Tail After 225"
"1245",297,301,"Tail After",121,2081,194,0.678,0.452,-10916758,225,"Tail After 225"
"1246",298,302,"Tail After",122,2081,192,0.678,0.452,-10258830,225,"Tail After 225"
"1247",299,303,"Tail After",123,2081,192,0,0,-10061969,225,"Tail After 225"
"1248",300,304,"Tail After",124,2081,192,0,0,-10324110,225,"Tail After 225"
"1249",301,305,"Tail After",125,2081,194,0.678,0.452,-10914707,225,"Tail After 225"
"1250",302,306,"Tail After",126,2081,194,0,0,-11572362,225,"Tail After 225"
"1251",303,307,"Tail After",127,2081,194,0,0,-10521743,225,"Tail After 225"
"1252",304,308,"Tail After",128,2081,192,0.678,0.452,-10127244,225,"Tail After 225"
"1253",305,309,"Tail After",129,2081,194,0.678,0.452,-11114141,225,"Tail After 225"
"1254",306,310,"Tail After",130,2081,194,0,0,-10588826,225,"Tail After 225"
"1255",307,311,"Tail After",131,2081,194,0,0,-11047835,225,"Tail After 225"
"1256",308,312,"Tail After",132,2081,194,0,0,-10392215,225,"Tail After 225"
"1257",309,313,"Tail After",133,2081,194,0,0,-10918041,225,"Tail After 225"
"1258",310,314,"Tail After",134,2081,192,0.678,0.452,-10456207,225,"Tail After 225"
"1259",311,315,"Tail After",135,2084,194,1.222,0.815,-9866130,225,"Tail After 225"
"1260",312,316,"Tail After",136,2079,192,1.826,1.217,-10325904,225,"Tail After 225"
"1261",313,317,"Tail After",137,2079,192,0,0,-10457230,225,"Tail After 225"
"1262",314,318,"Tail After",138,2079,192,0,0,-10195097,225,"Tail After 225"
"1263",315,319,"Tail After",139,2079,192,0,0,-10326170,225,"Tail After 225"
"1264",316,320,"Tail After",140,2081,192,0.678,0.452,-10127246,225,"Tail After 225"
"1265",317,321,"Tail After",141,2081,192,0,0,-10456977,225,"Tail After 225"
"1266",318,322,"Tail After",142,2081,192,0,0,-10127760,225,"Tail After 225"
"1267",319,323,"Tail After",143,2081,192,0,0,-10062482,225,"Tail After 225"
"1268",320,324,"Tail After",144,2081,192,0,0,-10719899,225,"Tail After 225"
"1269",321,325,"Tail After",145,2081,192,0,0,-10194836,225,"Tail After 225"
"1270",322,326,"Tail After",146,2081,192,0,0,-10128275,225,"Tail After 225"
"1271",323,327,"Tail After",147,2081,192,0,0,-10851996,225,"Tail After 225"
"1272",324,328,"Tail After",148,2081,192,0,0,-10654104,225,"Tail After 225"
"1273",325,329,"Tail After",149,2081,192,0,0,-10982553,225,"Tail After 225"
"1274",326,330,"Tail After",150,2084,194,1.222,0.815,-9996687,225,"Tail After 225"
"1275",327,331,"Tail After",151,2084,194,0,0,-10326422,225,"Tail After 225"
"1276",328,332,"Tail After",152,2084,194,0,0,-9996689,225,"Tail After 225"
"1277",329,333,"Tail After",153,2084,194,0,0,-10260111,225,"Tail After 225"
"1278",330,334,"Tail After",154,2084,194,0,0,-10325654,225,"Tail After 225"
"1279",331,335,"Tail After",155,2081,194,1.017,0.678,-10719129,225,"Tail After 225"
"1280",332,336,"Tail After",156,2081,194,0,0,-9930896,225,"Tail After 225"
"1281",333,337,"Tail After",157,2081,194,0,0,-10062228,225,"Tail After 225"
"1282",334,338,"Tail After",158,2081,194,0,0,-10128012,225,"Tail After 225"
"1283",335,339,"Tail After",159,2081,194,0,0,-9602699,225,"Tail After 225"
"1284",336,340,"Tail After",160,2081,192,0.678,0.452,-10917537,225,"Tail After 225"
"1285",337,341,"Tail After",161,2081,192,0,0,-10786201,225,"Tail After 225"
"1286",338,342,"Tail After",162,2081,194,0.678,0.452,-10522004,225,"Tail After 225"
"1287",339,343,"Tail After",163,2081,194,0,0,-10128538,225,"Tail After 225"
"1288",340,344,"Tail After",164,2081,194,0,0,-10390166,225,"Tail After 225"
"1289",341,345,"Tail After",165,2081,194,0,0,-9536904,225,"Tail After 225"
"1290",342,346,"Tail After",166,2081,194,0,0,-10195095,225,"Tail After 225"
"1291",343,347,"Tail After",167,2081,194,0,0,-10588313,225,"Tail After 225"
"1292",344,348,"Tail After",168,2081,194,0,0,-9866382,225,"Tail After 225"
"1293",345,349,"Tail After",169,2081,194,0,0,-10194318,225,"Tail After 225"
"1294",346,350,"Tail After",170,2081,194,0,0,-10394014,225,"Tail After 225"
"1295",347,351,"Tail After",171,2081,194,0,0,-10262169,225,"Tail After 225"
"1296",348,352,"Tail After",172,2081,194,0,0,-10589075,225,"Tail After 225"
"1297",349,353,"Tail After",173,2081,194,0,0,-10063758,225,"Tail After 225"
"1298",350,354,"Tail After",174,2081,194,0,0,-10327960,225,"Tail After 225"
"1299",351,355,"Tail After",175,2081,194,0,0,-10722453,225,"Tail After 225"
"1300",352,356,"Tail After",176,2081,194,0,0,-11117730,225,"Tail After 225"
"1301",353,357,"Tail After",177,2081,194,0,0,-10789277,225,"Tail After 225"
"1302",354,358,"Tail After",178,2081,194,0,0,-10133914,225,"Tail After 225"
"1303",355,359,"Tail After",179,2081,194,0,0,-11117462,225,"Tail After 225"
"1304",356,360,"Tail After",180,2081,194,0,0,-10196628,225,"Tail After 225"
"1305",1,2,"Head Before",2,639,781,3.79,2.527,-8092783,311,"Head Before 311"
"1306",2,3,"Head Before",3,626,783,4.459,2.973,-7895410,311,"Head Before 311"
"1307",3,4,"Head Before",4,626,783,0,0,-8617595,311,"Head Before 311"
"1308",4,5,"Head Before",5,626,791,2.712,1.808,-8092013,311,"Head Before 311"
"1309",5,6,"Head Before",6,626,804,4.407,2.938,-8289909,311,"Head Before 311"
"1310",6,7,"Head Before",7,626,821,5.763,3.842,-8223346,311,"Head Before 311"
"1311",7,8,"Head Before",8,624,919,33.229,22.153,-8484475,311,"Head Before 311"
"1312",8,9,"Head Before",9,587,1016,35.194,23.463,-8353907,311,"Head Before 311"
"1313",9,10,"Head Before",10,591,1064,16.328,10.886,-8683399,311,"Head Before 311"
"1314",10,11,"Head Before",11,587,1062,1.516,1.011,-9078395,311,"Head Before 311"
"1315",11,12,"Head Before",12,587,1062,0,0,-8876654,311,"Head Before 311"
"1316",12,13,"Head Before",13,587,1062,0,0,-9800828,311,"Head Before 311"
"1317",13,14,"Head Before",14,587,1053,3.051,2.034,-9406842,311,"Head Before 311"
"1318",14,15,"Head Before",15,524,1171,45.346,30.231,-9074807,311,"Head Before 311"
"1319",15,16,"Head Before",16,507,1230,20.815,13.876,-9009530,311,"Head Before 311"
"1320",16,17,"Head Before",17,519,1240,5.295,3.53,-9009515,311,"Head Before 311"
"1321",17,18,"Head Before",18,522,1230,3.539,2.36,-10191744,311,"Head Before 311"
"1322",18,19,"Head Before",19,561,1242,13.833,9.222,-9272936,311,"Head Before 311"
"1323",19,20,"Head Before",20,540,1238,7.247,4.831,-9994620,311,"Head Before 311"
"1324",20,21,"Head Before",21,545,1240,1.826,1.217,-9731185,311,"Head Before 311"
"1325",21,22,"Head Before",22,568,1232,8.255,5.503,-9208679,311,"Head Before 311"
"1326",22,23,"Head Before",23,616,1228,16.328,10.886,-9995386,311,"Head Before 311"
"1327",23,24,"Head Before",24,746,1192,45.729,30.486,-9729906,311,"Head Before 311"
"1328",24,25,"Head Before",25,807,1144,26.313,17.542,-9469806,311,"Head Before 311"
"1329",25,26,"Head Before",26,828,1112,12.975,8.65,-9995123,311,"Head Before 311"
"1330",26,27,"Head Before",27,897,1022,38.445,25.63,-9600104,311,"Head Before 311"
"1331",27,28,"Head Before",28,970,898,48.779,32.52,-10126198,311,"Head Before 311"
"1332",28,29,"Head Before",29,1037,789,43.373,28.916,-10060916,311,"Head Before 311"
"1333",29,30,"Head Before",30,1111,821,27.331,18.221,-9797756,311,"Head Before 311"
"1334",30,31,"Head Before",31,1132,848,11.596,7.73,-9141100,311,"Head Before 311"
"1335",31,32,"Head Before",32,1130,861,4.459,2.973,-9665667,311,"Head Before 311"
"1336",32,33,"Head Before",33,1159,852,10.294,6.862,-9339752,311,"Head Before 311"
"1337",33,34,"Head Before",34,1161,873,7.151,4.767,-9468525,311,"Head Before 311"
"1338",34,35,"Head Before",35,1102,915,24.551,16.367,-11309467,311,"Head Before 311"
"1339",35,36,"Head Before",36,1100,892,7.826,5.218,-9606523,311,"Head Before 311"
"1340",36,37,"Head Before",37,1140,848,20.158,13.439,-9340012,311,"Head Before 311"
"1341",37,38,"Head Before",38,1115,840,8.898,5.932,-9600112,311,"Head Before 311"
"1342",38,39,"Head Before",39,1113,850,3.457,2.305,-9207410,311,"Head Before 311"
"1343",39,40,"Head Before",40,1092,888,14.718,9.812,-9995899,311,"Head Before 311"
"1344",40,41,"Head Before",41,1075,913,10.249,6.833,-9536629,311,"Head Before 311"
"1345",41,42,"Head Before",42,1039,919,12.372,8.248,-9209455,311,"Head Before 311"
"1346",42,43,"Head Before",43,991,919,16.272,10.848,-9667444,311,"Head Before 311"
"1347",43,44,"Head Before",44,995,917,1.516,1.011,-9405553,311,"Head Before 311"
"1348",44,45,"Head Before",45,1016,930,8.373,5.582,-9800048,311,"Head Before 311"
"1349",45,46,"Head Before",46,1012,921,3.339,2.226,-9469804,311,"Head Before 311"
"1350",46,47,"Head Before",47,1018,921,2.034,1.356,-9601644,311,"Head Before 311"
"1351",47,48,"Head Before",48,1010,917,3.032,2.021,-10324084,311,"Head Before 311"
"1352",48,49,"Head Before",49,1021,915,3.79,2.527,-10390910,311,"Head Before 311"
"1353",49,50,"Head Before",50,1012,915,3.051,2.034,-9930098,311,"Head Before 311"
"1354",50,51,"Head Before",51,1021,932,6.521,4.347,-9666158,311,"Head Before 311"
"1355",51,52,"Head Before",52,1018,938,2.274,1.516,-9601634,311,"Head Before 311"
"1356",52,53,"Head Before",53,1014,938,1.356,0.904,-9535597,311,"Head Before 311"
"1357",53,54,"Head Before",54,1010,940,1.516,1.011,-9601903,311,"Head Before 311"
"1358",54,55,"Head Before",55,1002,947,3.604,2.402,-9273454,311,"Head Before 311"
"1359",55,56,"Head Before",56,1025,936,8.643,5.762,-9928566,311,"Head Before 311"
"1360",56,57,"Head Before",57,981,894,20.621,13.747,-9537911,311,"Head Before 311"
"1361",57,58,"Head Before",58,958,882,8.794,5.863,-9273454,311,"Head Before 311"
"1362",58,59,"Head Before",59,964,825,19.43,12.953,-9736051,311,"Head Before 311"
"1363",59,60,"Head Before",60,979,798,10.471,6.98,-9799033,311,"Head Before 311"
"1364",60,61,"Head Before",61,974,821,7.979,5.319,-9733732,311,"Head Before 311"
"1365",61,62,"Head Before",62,964,835,5.832,3.888,-10191989,311,"Head Before 311"
"1366",62,63,"Head Before",63,962,861,8.84,5.893,-9996150,311,"Head Before 311"
"1367",63,64,"Head Before",64,964,838,7.826,5.218,-9732216,311,"Head Before 311"
"1368",64,65,"Head Before",65,981,840,5.803,3.868,-9930607,311,"Head Before 311"
"1369",65,66,"Head Before",66,1008,903,23.236,15.49,-9800050,311,"Head Before 311"
"1370",66,67,"Head Before",67,1039,940,16.364,10.909,-9405551,311,"Head Before 311"
"1371",67,68,"Head Before",68,1025,932,5.466,3.644,-9604724,311,"Head Before 311"
"1372",68,69,"Head Before",69,1014,928,3.968,2.645,-10262153,311,"Head Before 311"
"1373",69,70,"Head Before",70,1018,926,1.516,1.011,-9536110,311,"Head Before 311"
"1374",70,71,"Head Before",71,993,888,15.42,10.28,-10063483,311,"Head Before 311"
"1375",71,72,"Head Before",72,987,886,2.144,1.429,-9799280,311,"Head Before 311"
"1376",72,73,"Head Before",73,1006,905,9.109,6.073,-10456448,311,"Head Before 311"
"1377",73,74,"Head Before",74,1004,898,2.468,1.645,-9733741,311,"Head Before 311"
"1378",74,75,"Head Before",75,1002,888,3.457,2.305,-10194292,311,"Head Before 311"
"1379",75,76,"Head Before",76,1010,879,4.082,2.721,-9732739,311,"Head Before 311"
"1380",76,77,"Head Before",77,1021,875,3.968,2.645,-9866094,311,"Head Before 311"
"1381",77,78,"Head Before",78,1004,884,6.521,4.347,-10061166,311,"Head Before 311"
"1382",78,79,"Head Before",79,1004,886,0.678,0.452,-10259324,311,"Head Before 311"
"1383",79,80,"Head Before",80,1002,890,1.516,1.011,-10191999,311,"Head Before 311"
"1384",80,81,"Head Before",81,1006,884,2.445,1.63,-9929330,311,"Head Before 311"
"1385",81,82,"Head Before",82,1012,890,2.877,1.918,-9864564,311,"Head Before 311"
"1386",82,83,"Head Before",83,1033,888,7.151,4.767,-10192765,311,"Head Before 311"
"1387",83,84,"Head Before",84,1021,884,4.288,2.859,-10588546,311,"Head Before 311"
"1388",84,85,"Head Before",85,1012,888,3.339,2.226,-9798009,311,"Head Before 311"
"1389",85,86,"Head Before",86,1008,888,1.356,0.904,-10391686,311,"Head Before 311"
"1390",86,87,"Head Before",87,1000,888,2.712,1.808,-10388612,311,"Head Before 311"
"1391",87,88,"Head Before",88,1012,875,5.998,3.998,-10785658,311,"Head Before 311"
"1392",88,89,"Head Before",89,1012,875,0,0,-10128247,311,"Head Before 311"
"1393",89,90,"Head Before",90,1012,875,0,0,-10916215,311,"Head Before 311"
"1394",90,91,"Head Before",91,1008,877,1.516,1.011,-10782604,311,"Head Before 311"
"1395",91,92,"Head Before",92,1008,877,0,0,-10847877,311,"Head Before 311"
"1396",92,93,"Head Before",93,1004,882,2.171,1.447,-11114631,311,"Head Before 311"
"1397",93,94,"Head Before",94,1008,882,1.356,0.904,-11180937,311,"Head Before 311"
"1398",94,95,"Head Before",95,995,886,4.611,3.074,-9998195,311,"Head Before 311"
"1399",95,96,"Head Before",96,1000,873,4.722,3.148,-10455688,311,"Head Before 311"
"1400",96,97,"Head Before",97,991,873,3.051,2.034,-10323575,311,"Head Before 311"
"1401",97,98,"Head Before",98,989,873,0.678,0.452,-10782856,311,"Head Before 311"
"1402",98,99,"Head Before",99,989,875,0.678,0.452,-10390128,311,"Head Before 311"
"1403",99,100,"Head Before",100,991,879,1.516,1.011,-10918792,311,"Head Before 311"
"1404",100,101,"Head Before",101,1004,871,5.175,3.45,-10848898,311,"Head Before 311"
"1405",101,103,"Tail Before",2,628,693,3.865,2.577,-8421264,311,"Tail Before 311"
"1406",102,104,"Tail Before",3,622,697,2.445,1.63,-9146242,311,"Tail Before 311"
"1407",103,105,"Tail Before",4,610,695,4.124,2.749,-9340048,311,"Tail Before 311"
"1408",104,106,"Tail Before",5,614,699,1.918,1.278,-9470612,311,"Tail Before 311"
"1409",105,107,"Tail Before",6,612,710,3.79,2.527,-9536403,311,"Tail Before 311"
"1410",106,108,"Tail Before",7,620,724,5.466,3.644,-8813203,311,"Tail Before 311"
"1411",107,109,"Tail Before",8,618,827,34.924,23.282,-9076361,311,"Tail Before 311"
"1412",108,110,"Tail Before",9,591,928,35.441,23.628,-9666190,311,"Tail Before 311"
"1413",109,111,"Tail Before",10,608,988,21.141,14.094,-9667738,311,"Tail Before 311"
"1414",110,113,"Tail Before",11,603,986,0.678,0.452,-9075336,311,"Tail Before 311"
"1415",111,114,"Tail Before",12,603,984,0.678,0.452,-9469316,311,"Tail Before 311"
"1416",112,115,"Tail Before",13,599,982,1.516,1.011,-10197407,311,"Tail Before 311"
"1417",113,116,"Tail Before",14,605,982,2.034,1.356,-10588313,311,"Tail Before 311"
"1418",114,117,"Tail Before",15,563,1081,36.456,24.304,-10461080,311,"Tail Before 311"
"1419",115,118,"Tail Before",16,547,1152,24.673,16.448,-8549760,311,"Tail Before 311"
"1420",116,119,"Tail Before",17,536,1158,4.248,2.832,-9271937,311,"Tail Before 311"
"1421",117,120,"Tail Before",18,536,1156,0.678,0.452,-9276038,311,"Tail Before 311"
"1422",118,121,"Tail Before",19,536,1158,0.678,0.452,-9798554,311,"Tail Before 311"
"1423",119,122,"Tail Before",20,536,1158,0,0,-10456727,311,"Tail Before 311"
"1424",120,123,"Tail Before",21,528,1156,2.795,1.864,-10718618,311,"Tail Before 311"
"1425",121,124,"Tail Before",22,526,1165,3.125,2.084,-10061451,311,"Tail Before 311"
"1426",122,125,"Tail Before",23,545,1200,13.501,9,-10260888,311,"Tail Before 311"
"1427",123,126,"Tail Before",24,673,1200,43.392,28.928,-9798277,311,"Tail Before 311"
"1428",124,127,"Tail Before",25,752,1188,27.088,18.059,-9797758,311,"Tail Before 311"
"1429",125,128,"Tail Before",26,769,1158,11.689,7.793,-9666441,311,"Tail Before 311"
"1430",126,129,"Tail Before",27,849,1085,36.714,24.476,-9930383,311,"Tail Before 311"
"1431",127,130,"Tail Before",28,922,970,46.176,30.784,-10126972,311,"Tail Before 311"
"1432",128,131,"Tail Before",29,995,865,43.352,28.902,-9996178,311,"Tail Before 311"
"1433",129,132,"Tail Before",30,1023,833,14.414,9.61,-9868173,311,"Tail Before 311"
"1434",130,133,"Tail Before",31,1044,840,7.504,5.003,-9995656,311,"Tail Before 311"
"1435",131,134,"Tail Before",32,1050,840,2.034,1.356,-10652826,311,"Tail Before 311"
"1436",132,135,"Tail Before",33,1058,842,2.795,1.864,-10719383,311,"Tail Before 311"
"1437",133,136,"Tail Before",34,1090,840,10.869,7.246,-10128024,311,"Tail Before 311"
"1438",134,137,"Tail Before",35,1079,850,5.04,3.36,-9996703,311,"Tail Before 311"
"1439",135,138,"Tail Before",36,1048,850,10.509,7.006,-10325391,311,"Tail Before 311"
"1440",136,139,"Tail Before",37,1056,844,3.39,2.26,-10322321,311,"Tail Before 311"
"1441",137,140,"Tail Before",38,1044,831,5.998,3.998,-9730431,311,"Tail Before 311"
"1442",138,141,"Tail Before",39,1046,838,2.468,1.645,-9998217,311,"Tail Before 311"
"1443",139,142,"Tail Before",40,1046,838,0,0,-10517906,311,"Tail Before 311"
"1444",140,143,"Tail Before",41,1054,842,3.032,2.021,-10458758,311,"Tail Before 311"
"1445",141,144,"Tail Before",42,1050,844,1.516,1.011,-9599124,311,"Tail Before 311"
"1446",142,145,"Tail Before",43,1039,846,3.79,2.527,-10922401,311,"Tail Before 311"
"1447",143,146,"Tail Before",44,1039,846,0,0,-10122631,311,"Tail Before 311"
"1448",144,147,"Tail Before",45,1052,844,4.459,2.973,-10587546,311,"Tail Before 311"
"1449",145,148,"Tail Before",46,1056,840,1.918,1.278,-9729667,311,"Tail Before 311"
"1450",146,149,"Tail Before",47,1056,840,0,0,-9532035,311,"Tail Before 311"
"1451",147,150,"Tail Before",48,1048,835,3.198,2.132,-10520212,311,"Tail Before 311"
"1452",148,151,"Tail Before",49,1048,835,0,0,-13548212,311,"Tail Before 311"
"1453",149,152,"Tail Before",50,1042,838,2.274,1.516,-11376792,311,"Tail Before 311"
"1454",150,153,"Tail Before",51,1048,846,3.39,2.26,-10527124,311,"Tail Before 311"
"1455",151,154,"Tail Before",52,1048,846,0,0,-10911118,311,"Tail Before 311"
"1456",152,155,"Tail Before",53,1042,840,2.877,1.918,-10584974,311,"Tail Before 311"
"1457",153,156,"Tail Before",54,1048,838,2.144,1.429,-12164524,311,"Tail Before 311"
"1458",154,157,"Tail Before",55,1046,846,2.795,1.864,-10124425,311,"Tail Before 311"
"1459",155,158,"Tail Before",56,1044,846,0.678,0.452,-12233898,311,"Tail Before 311"
"1460",156,159,"Tail Before",57,1037,831,5.611,3.741,-11119518,311,"Tail Before 311"
"1461",157,160,"Tail Before",58,1031,831,2.034,1.356,-11838632,311,"Tail Before 311"
"1462",158,161,"Tail Before",59,1033,829,0.959,0.639,-10922139,311,"Tail Before 311"
"1463",159,162,"Tail Before",60,1039,835,2.877,1.918,-10594707,311,"Tail Before 311"
"1464",160,163,"Tail Before",61,1050,838,3.865,2.577,-11771296,311,"Tail Before 311"
"1465",161,164,"Tail Before",62,1056,838,2.034,1.356,-11382691,311,"Tail Before 311"
"1466",162,165,"Tail Before",63,1052,835,1.695,1.13,-13225144,311,"Tail Before 311"
"1467",163,166,"Tail Before",64,1048,833,1.516,1.011,-12769199,311,"Tail Before 311"
"1468",164,167,"Tail Before",65,1052,840,2.733,1.822,-11184284,311,"Tail Before 311"
"1469",165,168,"Tail Before",66,1050,840,0.678,0.452,-11376010,311,"Tail Before 311"
"1470",166,169,"Tail Before",67,1039,848,4.611,3.074,-11310478,311,"Tail Before 311"
"1471",167,170,"Tail Before",68,1048,842,3.667,2.445,-11044753,311,"Tail Before 311"
"1472",168,171,"Tail Before",69,1039,844,3.125,2.084,-9939872,311,"Tail Before 311"
"1473",169,172,"Tail Before",70,1046,842,2.468,1.645,-11580572,311,"Tail Before 311"
"1474",170,173,"Tail Before",71,1044,842,0.678,0.452,-9799575,311,"Tail Before 311"
"1475",171,174,"Tail Before",72,1039,840,1.826,1.217,-12295590,311,"Tail Before 311"
"1476",172,175,"Tail Before",73,1044,831,3.49,2.327,-11051687,311,"Tail Before 311"
"1477",173,176,"Tail Before",74,1042,821,3.457,2.305,-10000799,311,"Tail Before 311"
"1478",174,177,"Tail Before",75,1050,812,4.082,2.721,-11972015,311,"Tail Before 311"
"1479",175,178,"Tail Before",76,1050,812,0,0,-11057059,311,"Tail Before 311"
"1480",176,179,"Tail Before",77,1054,806,2.445,1.63,-11110809,311,"Tail Before 311"
"1481",177,180,"Tail Before",78,1042,810,4.288,2.859,-11638681,311,"Tail Before 311"
"1482",178,181,"Tail Before",79,1037,819,3.49,2.327,-11506076,311,"Tail Before 311"
"1483",179,182,"Tail Before",80,1033,812,2.733,1.822,-10784152,311,"Tail Before 311"
"1484",180,183,"Tail Before",81,1044,808,3.968,2.645,-12229797,311,"Tail Before 311"
"1485",181,184,"Tail Before",82,1027,817,6.521,4.347,-11572120,311,"Tail Before 311"
"1486",182,185,"Tail Before",83,1027,817,0,0,-12501933,311,"Tail Before 311"
"1487",183,186,"Tail Before",84,1027,817,0,0,-11639974,311,"Tail Before 311"
"1488",184,187,"Tail Before",85,1012,808,5.93,3.953,-12763566,311,"Tail Before 311"
"1489",185,188,"Tail Before",86,1010,812,1.516,1.011,-12033965,311,"Tail Before 311"
"1490",186,189,"Tail Before",87,1014,810,1.516,1.011,-12360613,311,"Tail Before 311"
"1491",187,190,"Tail Before",88,1004,808,3.457,2.305,-11836070,311,"Tail Before 311"
"1492",188,191,"Tail Before",89,1008,802,2.445,1.63,-11439259,311,"Tail Before 311"
"1493",189,192,"Tail Before",90,1006,800,0.959,0.639,-9934207,311,"Tail Before 311"
"1494",190,193,"Tail Before",91,1014,806,3.39,2.26,-10589324,311,"Tail Before 311"
"1495",191,194,"Tail Before",92,1010,806,1.356,0.904,-11244953,311,"Tail Before 311"
"1496",192,195,"Tail Before",93,1018,806,2.712,1.808,-10921112,311,"Tail Before 311"
"1497",193,196,"Tail Before",94,1014,806,1.356,0.904,-11840413,311,"Tail Before 311"
"1498",194,197,"Tail Before",95,1014,808,0.678,0.452,-10459546,311,"Tail Before 311"
"1499",195,198,"Tail Before",96,1010,804,1.918,1.278,-11711907,311,"Tail Before 311"
"1500",196,199,"Tail Before",97,1012,804,0.678,0.452,-10131086,311,"Tail Before 311"
"1501",197,200,"Tail Before",98,1010,808,1.516,1.011,-11441829,311,"Tail Before 311"
"1502",198,201,"Tail Before",99,1014,810,1.516,1.011,-11634841,311,"Tail Before 311"
"1503",199,202,"Tail Before",100,1010,804,2.445,1.63,-11375771,311,"Tail Before 311"
"1504",200,203,"Tail Before",101,1006,804,1.356,0.904,-10588060,311,"Tail Before 311"
"1505",201,205,"Head After",103,1025,861,40.863,27.242,-10455674,311,"Head After 311"
"1506",202,206,"Head After",104,964,833,22.753,15.169,-11442318,311,"Head After 311"
"1507",203,207,"Head After",105,979,705,43.689,29.126,-10519933,311,"Head After 311"
"1508",204,208,"Head After",106,907,666,27.759,18.506,-10784639,311,"Head After 311"
"1509",205,209,"Head After",107,905,659,2.468,1.645,-11241857,311,"Head After 311"
"1510",206,210,"Head After",108,914,672,5.36,3.573,-10520449,311,"Head After 311"
"1511",207,211,"Head After",109,849,632,25.873,17.249,-10653053,311,"Head After 311"
"1512",208,212,"Head After",110,807,647,15.119,10.079,-11113089,311,"Head After 311"
"1513",209,213,"Head After",111,844,634,13.295,8.863,-10716793,311,"Head After 311"
"1514",210,214,"Head After",112,811,645,11.792,7.861,-10193278,311,"Head After 311"
"1515",211,215,"Head After",113,811,643,0.678,0.452,-11048325,311,"Head After 311"
"1516",212,216,"Head After",114,786,680,15.138,10.092,-10520451,311,"Head After 311"
"1517",213,217,"Head After",115,784,691,3.79,2.527,-10456951,311,"Head After 311"
"1518",214,218,"Head After",116,786,716,8.502,5.668,-10390144,311,"Head After 311"
"1519",215,219,"Head After",117,800,735,8.001,5.334,-10981780,311,"Head After 311"
"1520",216,220,"Head After",118,782,726,6.822,4.548,-10719096,311,"Head After 311"
"1521",217,221,"Head After",119,779,718,2.896,1.931,-10059649,311,"Head After 311"
"1522",218,222,"Head After",120,786,724,3.125,2.084,-10587787,311,"Head After 311"
"1523",219,223,"Head After",121,796,731,4.138,2.759,-10587272,311,"Head After 311"
"1524",220,224,"Head After",122,788,729,2.795,1.864,-10126972,311,"Head After 311"
"1525",221,225,"Head After",123,790,737,2.795,1.864,-10587274,311,"Head After 311"
"1526",222,226,"Head After",124,813,758,10.558,7.039,-10980486,311,"Head After 311"
"1527",223,227,"Head After",125,784,747,10.514,7.01,-10324086,311,"Head After 311"
"1528",224,228,"Head After",126,784,695,17.628,11.752,-11046528,311,"Head After 311"
"1529",225,229,"Head After",127,788,724,9.924,6.616,-10915720,311,"Head After 311"
"1530",226,230,"Head After",128,788,724,0,0,-10389630,311,"Head After 311"
"1531",227,231,"Head After",129,788,724,0,0,-10455163,311,"Head After 311"
"1532",228,232,"Head After",130,788,724,0,0,-10913921,311,"Head After 311"
"1533",229,233,"Head After",131,782,695,10.039,6.693,-10128512,311,"Head After 311"
"1534",230,234,"Head After",132,817,764,26.228,17.485,-10718585,311,"Head After 311"
"1535",231,235,"Head After",133,840,804,15.642,10.428,-10259831,311,"Head After 311"
"1536",232,236,"Head After",134,819,777,11.596,7.73,-10456693,311,"Head After 311"
"1537",233,237,"Head After",135,821,779,0.959,0.639,-9666926,311,"Head After 311"
"1538",234,238,"Head After",136,823,789,3.457,2.305,-10259572,311,"Head After 311"
"1539",235,239,"Head After",137,817,773,5.793,3.862,-10785153,311,"Head After 311"
"1540",236,240,"Head After",138,817,768,1.695,1.13,-10651772,311,"Head After 311"
"1541",237,241,"Head After",139,821,783,5.263,3.508,-10456693,311,"Head After 311"
"1542",238,242,"Head After",140,821,794,3.729,2.486,-9864564,311,"Head After 311"
"1543",239,243,"Head After",141,821,808,4.746,3.164,-10388612,311,"Head After 311"
"1544",240,244,"Head After",142,819,817,3.125,2.084,-9668222,311,"Head After 311"
"1545",241,245,"Head After",143,819,817,0,0,-10452349,311,"Head After 311"
"1546",242,246,"Head After",144,819,817,0,0,-10322805,311,"Head After 311"
"1547",243,247,"Head After",145,815,817,1.356,0.904,-10651010,311,"Head After 311"
"1548",244,248,"Head After",146,821,821,2.445,1.63,-11045768,311,"Head After 311"
"1549",245,249,"Head After",147,826,835,5.04,3.36,-10390397,311,"Head After 311"
"1550",246,250,"Head After",148,823,835,1.017,0.678,-9533814,311,"Head After 311"
"1551",247,251,"Head After",149,828,846,4.096,2.731,-9338479,311,"Head After 311"
"1552",248,252,"Head After",150,826,842,1.516,1.011,-10651533,311,"Head After 311"
"1553",249,253,"Head After",151,819,835,3.356,2.237,-10390657,311,"Head After 311"
"1554",250,254,"Head After",152,823,844,3.339,2.226,-10718068,311,"Head After 311"
"1555",251,256,"Tail After",103,1000,802,7.435,4.957,-12172450,311,"Tail After 311"
"1556",252,257,"Tail After",104,1016,808,5.793,3.862,-12564900,311,"Tail After 311"
"1557",253,258,"Tail After",105,1016,781,9.153,6.102,-14271917,311,"Tail After 311"
"1558",254,259,"Tail After",106,1008,779,2.795,1.864,-9861241,311,"Tail After 311"
"1559",255,260,"Tail After",107,1000,773,3.39,2.26,-12494241,311,"Tail After 311"
"1560",256,261,"Tail After",108,1012,777,4.288,2.859,-10789016,311,"Tail After 311"
"1561",257,262,"Tail After",109,1014,773,1.516,1.011,-12298145,311,"Tail After 311"
"1562",258,263,"Tail After",110,1014,768,1.695,1.13,-11122842,311,"Tail After 311"
"1563",259,264,"Tail After",111,1016,773,1.826,1.217,-8881270,311,"Tail After 311"
"1564",260,265,"Tail After",112,1014,773,0.678,0.452,-10395788,311,"Tail After 311"
"1565",261,266,"Tail After",113,1014,773,0,0,-12106904,311,"Tail After 311"
"1566",262,267,"Tail After",114,1014,770,1.017,0.678,-11574680,311,"Tail After 311"
"1567",263,268,"Tail After",115,1016,775,1.826,1.217,-11846816,311,"Tail After 311"
"1568",264,269,"Tail After",116,1016,779,1.356,0.904,-11110027,311,"Tail After 311"
"1569",265,270,"Tail After",117,1002,779,4.746,3.164,-10653841,311,"Tail After 311"
"1570",266,271,"Tail After",118,1004,781,0.959,0.639,-11114129,311,"Tail After 311"
"1571",267,272,"Tail After",119,1008,773,3.032,2.021,-10978443,311,"Tail After 311"
"1572",268,273,"Tail After",120,1010,766,2.468,1.645,-10454419,311,"Tail After 311"
"1573",269,274,"Tail After",121,1012,768,0.959,0.639,-11836320,311,"Tail After 311"
"1574",270,275,"Tail After",122,1002,766,3.457,2.305,-10450304,311,"Tail After 311"
"1575",271,276,"Tail After",123,1006,768,1.516,1.011,-11968155,311,"Tail After 311"
"1576",272,277,"Tail After",124,1006,773,1.695,1.13,-11700111,311,"Tail After 311"
"1577",273,278,"Tail After",125,1006,773,0,0,-13350839,311,"Tail After 311"
"1578",274,279,"Tail After",126,1010,775,1.516,1.011,-12625323,311,"Tail After 311"
"1579",275,280,"Tail After",127,1008,768,2.468,1.645,-9145204,311,"Tail After 311"
"1580",276,281,"Tail After",128,1006,766,0.959,0.639,-11183754,311,"Tail After 311"
"1581",277,282,"Tail After",129,1004,764,0.959,0.639,-11047811,311,"Tail After 311"
"1582",278,283,"Tail After",130,1006,764,0.678,0.452,-11056273,311,"Tail After 311"
"1583",279,284,"Tail After",131,1008,766,0.959,0.639,-11506325,311,"Tail After 311"
"1584",280,285,"Tail After",132,1012,770,1.918,1.278,-11906455,311,"Tail After 311"
"1585",281,286,"Tail After",133,1010,766,1.516,1.011,-10584964,311,"Tail After 311"
"1586",282,287,"Tail After",134,1014,766,1.356,0.904,-11711648,311,"Tail After 311"
"1587",283,288,"Tail After",135,1010,762,1.918,1.278,-10064255,311,"Tail After 311"
"1588",284,289,"Tail After",136,1012,766,1.516,1.011,-9274243,311,"Tail After 311"
"1589",285,290,"Tail After",137,1012,766,0,0,-9141627,311,"Tail After 311"
"1590",286,291,"Tail After",138,1016,775,3.339,2.226,-10521740,311,"Tail After 311"
"1591",287,292,"Tail After",139,1016,775,0,0,-11440535,311,"Tail After 311"
"1592",288,293,"Tail After",140,1004,770,4.407,2.938,-8950135,311,"Tail After 311"
"1593",289,294,"Tail After",141,1010,773,2.274,1.516,-11383706,311,"Tail After 311"
"1594",290,295,"Tail After",142,1010,777,1.356,0.904,-11113350,311,"Tail After 311"
"1595",291,296,"Tail After",143,1010,779,0.678,0.452,-11054993,311,"Tail After 311"
"1596",292,297,"Tail After",144,1006,775,1.918,1.278,-9732484,311,"Tail After 311"
"1597",293,298,"Tail After",145,1012,777,2.144,1.429,-10129541,311,"Tail After 311"
"1598",294,299,"Tail After",146,1012,773,1.356,0.904,-11580813,311,"Tail After 311"
"1599",295,300,"Tail After",147,1010,770,1.222,0.815,-10594206,311,"Tail After 311"
"1600",296,301,"Tail After",148,1008,770,0.678,0.452,-10915217,311,"Tail After 311"
"1601",297,302,"Tail After",149,1010,770,0.678,0.452,-10914960,311,"Tail After 311"
"1602",298,303,"Tail After",150,1010,773,1.017,0.678,-11308949,311,"Tail After 311"
"1603",299,304,"Tail After",151,1008,773,0.678,0.452,-11241364,311,"Tail After 311"
"1604",300,305,"Tail After",152,1006,770,1.222,0.815,-12027028,311,"Tail After 311"
"1605",1,2,"Head Before",2,1882,165,11.546,7.697,-10585467,312,"Head Before 312"
"1606",2,3,"Head Before",3,1872,196,11.042,7.361,-10458516,312,"Head Before 312"
"1607",3,4,"Head Before",4,1912,276,30.321,20.214,-9732717,312,"Head Before 312"
"1608",4,5,"Head Before",5,1941,334,21.983,14.655,-10519420,312,"Head Before 312"
"1609",5,6,"Head Before",6,1949,370,12.502,8.334,-10587260,312,"Head Before 312"
"1610",6,7,"Head Before",7,1947,395,8.502,5.668,-9796463,312,"Head Before 312"
"1611",7,8,"Head Before",8,1943,412,5.92,3.947,-10453378,312,"Head Before 312"
"1612",8,9,"Head Before",9,1935,433,7.618,5.079,-10585724,312,"Head Before 312"
"1613",9,10,"Head Before",10,1949,471,13.728,9.152,-10781567,312,"Head Before 312"
"1614",10,11,"Head Before",11,1954,496,8.643,5.762,-10128498,312,"Head Before 312"
"1615",11,12,"Head Before",12,1931,544,18.044,12.029,-10717565,312,"Head Before 312"
"1616",12,13,"Head Before",13,1920,582,13.411,8.941,-9536628,312,"Head Before 312"
"1617",13,14,"Head Before",14,1897,607,11.516,7.677,-10193788,312,"Head Before 312"
"1618",14,15,"Head Before",15,1878,636,11.753,7.835,-10914170,312,"Head Before 312"
"1619",15,16,"Head Before",16,1897,617,9.109,6.073,-10850454,312,"Head Before 312"
"1620",16,17,"Head Before",17,1914,596,9.159,6.106,-10717326,312,"Head Before 312"
"1621",17,18,"Head Before",18,1922,592,3.032,2.021,-10651784,312,"Head Before 312"
"1622",18,19,"Head Before",19,1941,592,6.441,4.294,-10193027,312,"Head Before 312"
"1623",19,20,"Head Before",20,1941,590,0.678,0.452,-9730935,312,"Head Before 312"
"1624",20,21,"Head Before",21,1941,590,0,0,-9402733,312,"Head Before 312"
"1625",21,22,"Head Before",22,1941,590,0,0,-9336942,312,"Head Before 312"
"1626",22,23,"Head Before",23,1960,596,6.755,4.503,-9862001,312,"Head Before 312"
"1627",23,24,"Head Before",24,1954,601,2.648,1.765,-9993078,312,"Head Before 312"
"1628",24,25,"Head Before",25,1954,592,3.051,2.034,-9928839,312,"Head Before 312"
"1629",25,27,"Tail Before",2,1847,114,3.667,2.445,-10588311,312,"Tail Before 312"
"1630",26,28,"Tail Before",3,1857,150,12.666,8.444,-11770529,312,"Tail Before 312"
"1631",27,29,"Tail Before",4,1886,221,25.999,17.333,-11969176,312,"Tail Before 312"
"1632",28,30,"Tail Before",5,1920,286,24.867,16.578,-11900816,312,"Tail Before 312"
"1633",29,31,"Tail Before",6,1928,311,8.898,5.932,-11179911,312,"Tail Before 312"
"1634",30,32,"Tail Before",7,1945,343,12.284,8.189,-9930114,312,"Tail Before 312"
"1635",31,33,"Tail Before",8,1949,355,4.288,2.859,-11244426,312,"Tail Before 312"
"1636",32,34,"Tail Before",9,1945,385,10.26,6.84,-11702164,312,"Tail Before 312"
"1637",33,35,"Tail Before",10,1937,418,11.511,7.674,-9936022,312,"Tail Before 312"
"1638",34,36,"Tail Before",11,1951,450,11.841,7.894,-12164004,312,"Tail Before 312"
"1639",35,37,"Tail Before",12,1949,494,14.931,9.954,-11043977,312,"Tail Before 312"
"1640",36,38,"Tail Before",13,1939,538,15.296,10.198,-10586502,312,"Tail Before 312"
"1641",37,39,"Tail Before",14,1924,573,12.909,8.606,-10716811,312,"Tail Before 312"
"1642",38,40,"Tail Before",15,1903,601,11.865,7.91,-11382950,312,"Tail Before 312"
"1643",39,41,"Tail Before",16,1903,592,3.051,2.034,-11508645,312,"Tail Before 312"
"1644",40,42,"Tail Before",17,1901,578,4.794,3.196,-10856841,312,"Tail Before 312"
"1645",41,43,"Tail Before",18,1905,573,2.171,1.447,-10592915,312,"Tail Before 312"
"1646",42,44,"Tail Before",19,1914,573,3.051,2.034,-11311508,312,"Tail Before 312"
"1647",43,45,"Tail Before",20,1914,565,2.712,1.808,-12107417,312,"Tail Before 312"
"1648",44,46,"Tail Before",21,1916,557,2.795,1.864,-12698525,312,"Tail Before 312"
"1649",45,47,"Tail Before",22,1916,561,1.356,0.904,-11580311,312,"Tail Before 312"
"1650",46,48,"Tail Before",23,1922,573,4.548,3.032,-10716299,312,"Tail Before 312"
"1651",47,49,"Tail Before",24,1924,573,0.678,0.452,-11310979,312,"Tail Before 312"
"1652",48,50,"Tail Before",25,1920,575,1.516,1.011,-11772563,312,"Tail Before 312"
"1653",49,52,"Head After",27,1981,605,8.749,5.832,-10389117,312,"Head After 312"
"1654",50,53,"Head After",28,2002,611,7.404,4.936,-10059901,312,"Head After 312"
"1655",51,54,"Head After",29,2006,578,11.269,7.513,-9995891,312,"Head After 312"
"1656",52,55,"Head After",30,2008,575,1.222,0.815,-9928564,312,"Head After 312"
"1657",53,56,"Head After",31,2012,584,3.339,2.226,-10061183,312,"Head After 312"
"1658",54,57,"Head After",32,2016,584,1.356,0.904,-10389627,312,"Head After 312"
"1659",55,58,"Head After",33,2058,582,14.254,9.503,-10191486,312,"Head After 312"
"1660",56,59,"Head After",34,2048,596,5.832,3.888,-10062195,312,"Head After 312"
"1661",57,60,"Head After",35,2048,592,1.356,0.904,-9339008,312,"Head After 312"
"1662",58,61,"Head After",36,2044,596,1.918,1.278,-9273438,312,"Head After 312"
"1663",59,62,"Head After",37,2052,594,2.795,1.864,-9929067,312,"Head After 312"
"1664",60,63,"Head After",38,2071,584,7.279,4.852,-10061179,312,"Head After 312"
"1665",61,64,"Head After",39,2111,565,15.012,10.008,-10981236,312,"Head After 312"
"1666",62,65,"Head After",40,2130,563,6.477,4.318,-9863286,312,"Head After 312"
"1667",63,66,"Head After",41,2123,565,2.468,1.645,-10257537,312,"Head After 312"
"1668",64,67,"Head After",42,2111,580,6.512,4.341,-9602180,312,"Head After 312"
"1669",65,68,"Head After",43,2109,582,0.959,0.639,-11184300,312,"Head After 312"
"1670",66,69,"Head After",44,2111,584,0.959,0.639,-10195857,312,"Head After 312"
"1671",67,70,"Head After",45,2107,609,8.583,5.722,-10125442,312,"Head After 312"
"1672",68,71,"Head After",46,2069,622,13.615,9.077,-10321530,312,"Head After 312"
"1673",69,72,"Head After",47,2071,617,1.826,1.217,-9798769,312,"Head After 312"
"1674",70,73,"Head After",48,2073,594,7.826,5.218,-11506328,312,"Head After 312"
"1675",71,74,"Head After",49,2067,592,2.144,1.429,-11637913,312,"Head After 312"
"1676",72,75,"Head After",50,2069,582,3.457,2.305,-11111547,312,"Head After 312"
"1677",73,77,"Tail After",27,1903,563,0.959,0.639,-11767957,312,"Tail After 312"
"1678",74,78,"Tail After",28,1907,567,1.918,1.278,-10585740,312,"Tail After 312"
"1679",75,79,"Tail After",29,1907,565,0.678,0.452,-11439513,312,"Tail After 312"
"1680",76,80,"Tail After",30,1910,567,1.222,0.815,-11176074,312,"Tail After 312"
"1681",77,81,"Tail After",31,1903,567,2.373,1.582,-10390669,312,"Tail After 312"
"1682",78,82,"Tail After",32,1903,565,0.678,0.452,-11111056,312,"Tail After 312"
"1683",79,83,"Tail After",33,1905,567,0.959,0.639,-11372688,312,"Tail After 312"
"1684",80,84,"Tail After",34,1907,567,0.678,0.452,-9665667,312,"Tail After 312"
"1685",81,85,"Tail After",35,1901,567,2.034,1.356,-10981011,312,"Tail After 312"
"1686",82,86,"Tail After",36,1903,571,1.516,1.011,-10914191,312,"Tail After 312"
"1687",83,87,"Tail After",37,1901,575,1.516,1.011,-11178643,312,"Tail After 312"
"1688",84,88,"Tail After",38,1901,580,1.695,1.13,-11046796,312,"Tail After 312"
"1689",85,89,"Tail After",39,1901,580,0,0,-10388866,312,"Tail After 312"
"1690",86,90,"Tail After",40,1901,580,0,0,-10716047,312,"Tail After 312"
"1691",87,91,"Tail After",41,1901,580,0,0,-10321800,312,"Tail After 312"
"1692",88,92,"Tail After",42,1901,580,0,0,-10650248,312,"Tail After 312"
"1693",89,93,"Tail After",43,1941,588,13.829,9.219,-12098706,312,"Tail After 312"
"1694",90,94,"Tail After",44,1991,619,19.943,13.296,-11177362,312,"Tail After 312"
"1695",91,95,"Tail After",45,2000,613,3.667,2.445,-12098192,312,"Tail After 312"
"1696",92,96,"Tail After",46,2014,624,6.036,4.024,-11243155,312,"Tail After 312"
"1697",93,97,"Tail After",47,2037,624,7.797,5.198,-12630430,312,"Tail After 312"
"1698",94,98,"Tail After",48,2037,630,2.034,1.356,-11766669,312,"Tail After 312"
"1699",95,99,"Tail After",49,2042,630,1.695,1.13,-11964047,312,"Tail After 312"
"1700",96,100,"Tail After",50,2042,622,2.712,1.808,-11898262,312,"Tail After 312"
"1701",1,2,"Head Before",2,1362,171,13.164,8.776,-10585714,321,"Head Before 321"
"1702",2,3,"Head Before",3,1369,248,26.211,17.474,-10125163,321,"Head Before 321"
"1703",3,4,"Head Before",4,1367,292,14.931,9.954,-10322536,321,"Head Before 321"
"1704",4,5,"Head Before",5,1369,351,20.012,13.342,-10652524,321,"Head Before 321"
"1705",5,6,"Head Before",6,1373,418,22.753,15.169,-10652012,321,"Head Before 321"
"1706",6,7,"Head Before",7,1383,464,15.958,10.639,-10388075,321,"Head Before 321"
"1707",7,8,"Head Before",8,1383,489,8.475,5.65,-10322546,321,"Head Before 321"
"1708",8,9,"Head Before",9,1404,527,14.718,9.812,-10126709,321,"Head Before 321"
"1709",9,10,"Head Before",10,1413,571,15.225,10.15,-9535848,321,"Head Before 321"
"1710",10,11,"Head Before",11,1444,659,31.629,21.086,-9535599,321,"Head Before 321"
"1711",11,12,"Head Before",12,1459,705,16.402,10.935,-9468274,321,"Head Before 321"
"1712",12,13,"Head Before",13,1471,708,4.193,2.795,-10322035,321,"Head Before 321"
"1713",13,14,"Head Before",14,1484,722,6.477,4.318,-10257004,321,"Head Before 321"
"1714",14,15,"Head Before",15,1486,716,2.144,1.429,-9930349,321,"Head Before 321"
"1715",15,16,"Head Before",16,1486,720,1.356,0.904,-9797993,321,"Head Before 321"
"1716",16,17,"Head Before",17,1488,729,3.125,2.084,-10126946,321,"Head Before 321"
"1717",17,18,"Head Before",18,1511,777,18.044,12.029,-10058361,321,"Head Before 321"
"1718",18,19,"Head Before",19,1463,800,18.044,12.029,-10324338,321,"Head Before 321"
"1719",19,20,"Head Before",20,1427,670,45.729,30.486,-11710896,321,"Head Before 321"
"1720",20,21,"Head Before",21,1484,653,20.164,13.443,-10523558,321,"Head Before 321"
"1721",21,22,"Head Before",22,1480,653,1.356,0.904,-11047332,321,"Head Before 321"
"1722",22,23,"Head Before",23,1488,649,3.032,2.021,-11309976,321,"Head Before 321"
"1723",23,24,"Head Before",24,1492,640,3.339,2.226,-9599878,321,"Head Before 321"
"1724",24,25,"Head Before",25,1551,655,20.637,13.758,-9401693,321,"Head Before 321"
"1725",25,26,"Head Before",26,1568,657,5.803,3.868,-9993581,321,"Head Before 321"
"1726",26,27,"Head Before",27,1570,666,3.125,2.084,-10123888,321,"Head Before 321"
"1727",27,28,"Head Before",28,1572,661,1.826,1.217,-9532779,321,"Head Before 321"
"1728",28,29,"Head Before",29,1574,674,4.459,2.973,-9800048,321,"Head Before 321"
"1729",29,30,"Head Before",30,1574,605,23.391,15.594,-9864805,321,"Head Before 321"
"1730",30,31,"Head Before",31,1524,571,20.498,13.665,-9931120,321,"Head Before 321"
"1731",31,32,"Head Before",32,1526,569,0.959,0.639,-9666170,321,"Head Before 321"
"1732",32,33,"Head Before",33,1557,552,11.985,7.99,-9204853,321,"Head Before 321"
"1733",33,34,"Head Before",34,1549,557,3.198,2.132,-9534067,321,"Head Before 321"
"1734",34,35,"Head Before",35,1532,569,7.054,4.703,-8220527,321,"Head Before 321"
"1735",35,36,"Head Before",36,1515,580,6.864,4.576,-10063266,321,"Head Before 321"
"1736",36,37,"Head Before",37,1541,542,15.609,10.406,-10265474,321,"Head Before 321"
"1737",37,38,"Head Before",38,1545,563,7.247,4.831,-9865594,321,"Head Before 321"
"1738",38,39,"Head Before",39,1528,565,5.803,3.868,-10321263,321,"Head Before 321"
"1739",39,40,"Head Before",40,1526,538,9.178,6.119,-10584453,321,"Head Before 321"
"1740",40,41,"Head Before",41,1505,515,10.558,7.039,-10387325,321,"Head Before 321"
"1741",41,42,"Head Before",42,1467,502,13.615,9.077,-10389879,321,"Head Before 321"
"1742",42,43,"Head Before",43,1440,510,9.546,6.364,-10191991,321,"Head Before 321"
"1743",43,44,"Head Before",44,1469,483,13.432,8.955,-9664115,321,"Head Before 321"
"1744",44,45,"Head Before",45,1463,521,13.042,8.694,-9927287,321,"Head Before 321"
"1745",45,46,"Head Before",46,1427,567,19.802,13.201,-9870706,321,"Head Before 321"
"1746",46,47,"Head Before",47,1429,594,9.178,6.119,-11110799,321,"Head Before 321"
"1747",47,48,"Head Before",48,1392,588,12.707,8.471,-9665904,321,"Head Before 321"
"1748",48,49,"Head Before",49,1379,563,9.552,6.368,-10123637,321,"Head Before 321"
"1749",49,50,"Head Before",50,1398,559,6.582,4.388,-9730166,321,"Head Before 321"
"1750",50,51,"Head Before",51,1371,525,14.718,9.812,-10255472,321,"Head Before 321"
"1751",51,52,"Head Before",52,1364,523,2.468,1.645,-9336688,321,"Head Before 321"
"1752",52,53,"Head Before",53,1408,557,18.85,12.567,-10001281,321,"Head Before 321"
"1753",53,54,"Head Before",54,1400,575,6.678,4.452,-9269880,321,"Head Before 321"
"1754",54,55,"Head Before",55,1398,611,12.223,8.149,-9863274,321,"Head Before 321"
"1755",55,56,"Head Before",56,1438,636,15.991,10.66,-9928039,321,"Head Before 321"
"1756",56,57,"Head Before",57,1488,661,18.951,12.634,-9731698,321,"Head Before 321"
"1757",57,58,"Head Before",58,1515,607,20.467,13.644,-9404272,321,"Head Before 321"
"1758",58,59,"Head Before",59,1507,565,14.494,9.663,-10124666,321,"Head Before 321"
"1759",59,60,"Head Before",60,1461,525,20.665,13.777,-10126455,321,"Head Before 321"
"1760",60,61,"Head Before",61,1452,529,3.339,2.226,-10059647,321,"Head Before 321"
"1761",61,62,"Head Before",62,1476,548,10.377,6.918,-9535096,321,"Head Before 321"
"1762",62,63,"Head Before",63,1492,542,5.793,3.862,-9865065,321,"Head Before 321"
"1763",63,64,"Head Before",64,1503,542,3.729,2.486,-10060663,321,"Head Before 321"
"1764",64,65,"Head Before",65,1482,550,7.618,5.079,-9203813,321,"Head Before 321"
"1765",65,66,"Head Before",66,1467,546,5.263,3.508,-9270889,321,"Head Before 321"
"1766",66,67,"Head Before",67,1486,536,7.279,4.852,-9931889,321,"Head Before 321"
"1767",67,68,"Head Before",68,1486,550,4.746,3.164,-10256763,321,"Head Before 321"
"1768",68,69,"Head Before",69,1429,542,19.512,13.008,-10785951,321,"Head Before 321"
"1769",69,70,"Head Before",70,1413,584,15.236,10.157,-11373718,321,"Head Before 321"
"1770",70,71,"Head Before",71,1419,485,33.623,22.415,-9667175,321,"Head Before 321"
"1771",71,72,"Head Before",72,1392,521,15.255,10.17,-9600630,321,"Head Before 321"
"1772",72,73,"Head Before",73,1438,527,15.726,10.484,-10588036,321,"Head Before 321"
"1773",73,74,"Head Before",74,1423,536,5.93,3.953,-9335408,321,"Head Before 321"
"1774",74,75,"Head Before",75,1455,552,12.128,8.086,-10527384,321,"Head Before 321"
"1775",75,76,"Head Before",76,1444,584,11.471,7.647,-12434590,321,"Head Before 321"
"1776",76,77,"Head Before",77,1408,601,13.496,8.998,-9930108,321,"Head Before 321"
"1777",77,78,"Head Before",78,1385,565,14.482,9.655,-9862005,321,"Head Before 321"
"1778",78,79,"Head Before",79,1385,559,2.034,1.356,-9799809,321,"Head Before 321"
"1779",79,80,"Head Before",80,1375,554,3.79,2.527,-9405541,321,"Head Before 321"
"1780",80,81,"Head Before",81,1392,586,12.284,8.189,-10191217,321,"Head Before 321"
"1781",81,82,"Head Before",82,1408,599,6.989,4.659,-10124656,321,"Head Before 321"
"1782",82,83,"Head Before",83,1434,584,10.176,6.784,-9664873,321,"Head Before 321"
"1783",83,84,"Head Before",84,1486,573,18.018,12.012,-10126445,321,"Head Before 321"
"1784",84,85,"Head Before",85,1522,561,12.864,8.576,-9535336,321,"Head Before 321"
"1785",85,86,"Head Before",86,1551,552,10.294,6.862,-9537389,321,"Head Before 321"
"1786",86,87,"Head Before",87,1585,538,12.465,8.31,-9337709,321,"Head Before 321"
"1787",87,88,"Head Before",88,1555,515,12.815,8.543,-9730168,321,"Head Before 321"
"1788",88,89,"Head Before",89,1541,538,9.128,6.085,-10716803,321,"Head Before 321"
"1789",89,90,"Head Before",90,1538,504,11.571,7.714,-9270897,321,"Head Before 321"
"1790",90,91,"Head Before",91,1568,494,10.72,7.147,-10059130,321,"Head Before 321"
"1791",91,92,"Head Before",92,1585,504,6.686,4.457,-11176063,321,"Head Before 321"
"1792",92,93,"Head Before",93,1603,521,8.393,5.595,-10849929,321,"Head Before 321"
"1793",93,94,"Head Before",94,1616,531,5.56,3.707,-10258042,321,"Head Before 321"
"1794",94,95,"Head Before",95,1589,521,9.761,6.507,-9732475,321,"Head Before 321"
"1795",95,96,"Head Before",96,1601,498,8.794,5.863,-9600127,321,"Head Before 321"
"1796",96,97,"Head Before",97,1652,557,26.438,17.625,-9469029,321,"Head Before 321"
"1797",97,98,"Head Before",98,1606,630,29.25,19.5,-9666672,321,"Head Before 321"
"1798",98,99,"Head Before",99,1463,714,56.222,37.481,-10454393,321,"Head Before 321"
"1799",99,100,"Head Before",100,1385,724,26.658,17.772,-10585467,321,"Head Before 321"
"1800",100,101,"Head Before",101,1379,708,5.793,3.862,-9729647,321,"Head Before 321"
"1801",101,102,"Head Before",102,1385,687,7.404,4.936,-10124403,321,"Head Before 321"
"1802",102,103,"Head Before",103,1413,674,10.465,6.977,-10387060,321,"Head Before 321"
"1803",103,104,"Head Before",104,1392,666,7.618,5.079,-10325367,321,"Head Before 321"
"1804",104,105,"Head Before",105,1341,697,20.232,13.488,-9864556,321,"Head Before 321"
"1805",105,106,"Head Before",106,1354,766,23.803,15.868,-9732198,321,"Head Before 321"
"1806",106,107,"Head Before",107,1427,814,29.617,19.745,-9402208,321,"Head Before 321"
"1807",107,108,"Head Before",108,1438,835,8.037,5.358,-10388088,321,"Head Before 321"
"1808",108,109,"Head Before",109,1465,842,9.456,6.304,-9928801,321,"Head Before 321"
"1809",109,110,"Head Before",110,1486,831,8.037,5.358,-9996651,321,"Head Before 321"
"1810",110,111,"Head Before",111,1503,833,5.803,3.868,-9797229,321,"Head Before 321"
"1811",111,112,"Head Before",112,1482,825,7.618,5.079,-9009004,321,"Head Before 321"
"1812",112,113,"Head Before",113,1438,775,22.579,15.052,-9796226,321,"Head Before 321"
"1813",113,114,"Head Before",114,1390,718,25.262,16.841,-9862256,321,"Head Before 321"
"1814",114,115,"Head Before",115,1335,649,29.913,19.942,-9337718,321,"Head Before 321"
"1815",115,116,"Head Before",116,1327,680,10.853,7.236,-10263948,321,"Head Before 321"
"1816",116,117,"Head Before",117,1327,703,7.797,5.198,-8945269,321,"Head Before 321"
"1817",117,118,"Head Before",118,1358,729,13.716,9.144,-12817575,321,"Head Before 321"
"1818",118,119,"Head Before",119,1337,737,7.618,5.079,-9534570,321,"Head Before 321"
"1819",119,120,"Head Before",120,1329,735,2.795,1.864,-8814186,321,"Head Before 321"
"1820",120,121,"Head Before",121,1335,758,8.058,5.372,-9274460,321,"Head Before 321"
"1821",121,122,"Head Before",122,1337,783,8.502,5.668,-9272687,321,"Head Before 321"
"1822",122,123,"Head Before",123,1314,804,10.558,7.039,-11314579,321,"Head Before 321"
"1823",123,124,"Head Before",124,1320,800,2.445,1.63,-9471087,321,"Head Before 321"
"1824",124,125,"Head Before",125,1281,729,27.461,18.307,-9533040,321,"Head Before 321"
"1825",125,126,"Head Before",126,1310,705,12.761,8.507,-9599601,321,"Head Before 321"
"1826",126,127,"Head Before",127,1304,739,11.704,7.803,-8814184,321,"Head Before 321"
"1827",127,128,"Head Before",128,1304,741,0.678,0.452,-9863551,321,"Head Before 321"
"1828",128,129,"Head Before",129,1308,739,1.516,1.011,-9732725,321,"Head Before 321"
"1829",129,130,"Head Before",130,1299,764,9.007,6.005,-9666156,321,"Head Before 321"
"1830",130,131,"Head Before",131,1318,768,6.582,4.388,-9995372,321,"Head Before 321"
"1831",131,132,"Head Before",132,1354,756,12.864,8.576,-10519183,321,"Head Before 321"
"1832",132,133,"Head Before",133,1377,779,11.027,7.351,-12035474,321,"Head Before 321"
"1833",133,134,"Head Before",134,1402,775,8.583,5.722,-11898005,321,"Head Before 321"
"1834",134,135,"Head Before",135,1394,747,9.872,6.581,-11181451,321,"Head Before 321"
"1835",135,136,"Head Before",136,1408,733,6.712,4.475,-9729645,321,"Head Before 321"
"1836",136,137,"Head Before",137,1436,724,9.97,6.647,-9599072,321,"Head Before 321"
"1837",137,138,"Head Before",138,1450,731,5.306,3.537,-9796703,321,"Head Before 321"
"1838",138,139,"Head Before",139,1322,626,56.124,37.416,-10517880,321,"Head Before 321"
"1839",139,140,"Head Before",140,1302,768,48.613,32.409,-12227720,321,"Head Before 321"
"1840",140,141,"Head Before",141,1314,766,4.124,2.749,-10126180,321,"Head Before 321"
"1841",141,142,"Head Before",142,1362,800,19.941,13.294,-10254441,321,"Head Before 321"
"1842",142,143,"Head Before",143,1360,823,7.826,5.218,-9995113,321,"Head Before 321"
"1843",143,144,"Head Before",144,1314,821,15.609,10.406,-10322542,321,"Head Before 321"
"1844",144,145,"Head Before",145,1297,833,7.054,4.703,-10453103,321,"Head Before 321"
"1845",145,146,"Head Before",146,1291,850,6.111,4.074,-10059633,321,"Head Before 321"
"1846",146,147,"Head Before",147,1274,875,10.249,6.833,-10520939,321,"Head Before 321"
"1847",147,148,"Head Before",148,1293,879,6.582,4.388,-10388087,321,"Head Before 321"
"1848",148,149,"Head Before",149,1274,869,7.279,4.852,-10385780,321,"Head Before 321"
"1849",149,150,"Head Before",150,1264,869,3.39,2.26,-10653053,321,"Head Before 321"
"1850",150,151,"Head Before",151,1266,875,2.144,1.429,-10256501,321,"Head Before 321"
"1851",151,152,"Head Before",152,1264,869,2.144,1.429,-10387836,321,"Head Before 321"
"1852",152,153,"Head Before",153,1268,869,1.356,0.904,-10191221,321,"Head Before 321"
"1853",153,154,"Head Before",154,1276,873,3.032,2.021,-10256501,321,"Head Before 321"
"1854",154,155,"Head Before",155,1283,877,2.733,1.822,-10124913,321,"Head Before 321"
"1855",155,156,"Head Before",156,1289,877,2.034,1.356,-10190950,321,"Head Before 321"
"1856",156,157,"Head Before",157,1295,871,2.877,1.918,-10060916,321,"Head Before 321"
"1857",157,158,"Head Before",158,1293,869,0.959,0.639,-10717061,321,"Head Before 321"
"1858",158,159,"Head Before",159,1295,869,0.678,0.452,-10060663,321,"Head Before 321"
"1859",159,160,"Head Before",160,1293,871,0.959,0.639,-10059900,321,"Head Before 321"
"1860",160,161,"Head Before",161,1281,890,7.618,5.079,-10256751,321,"Head Before 321"
"1861",161,162,"Head Before",162,1276,900,3.79,2.527,-10123900,321,"Head Before 321"
"1862",162,163,"Head Before",163,1268,907,3.604,2.402,-9927544,321,"Head Before 321"
"1863",163,164,"Head Before",164,1264,919,4.288,2.859,-10258041,321,"Head Before 321"
"1864",164,165,"Head Before",165,1262,930,3.79,2.527,-9797239,321,"Head Before 321"
"1865",165,166,"Head Before",166,1266,938,3.032,2.021,-10058358,321,"Head Before 321"
"1866",166,167,"Head Before",167,1260,947,3.667,2.445,-9729629,321,"Head Before 321"
"1867",167,168,"Head Before",168,1247,957,5.56,3.707,-10586494,321,"Head Before 321"
"1868",168,169,"Head Before",169,1228,972,8.206,5.471,-10059130,321,"Head Before 321"
"1869",169,170,"Head Before",170,1213,982,6.111,4.074,-10057593,321,"Head Before 321"
"1870",170,171,"Head Before",171,1216,970,4.193,2.795,-10450545,321,"Head Before 321"
"1871",171,172,"Head Before",172,1216,974,1.356,0.904,-10192769,321,"Head Before 321"
"1872",172,173,"Head Before",173,1216,978,1.356,0.904,-9666443,321,"Head Before 321"
"1873",173,174,"Head Before",174,1216,978,0,0,-10124154,321,"Head Before 321"
"1874",174,175,"Head Before",175,1216,976,0.678,0.452,-10191746,321,"Head Before 321"
"1875",175,176,"Head Before",176,1220,976,1.356,0.904,-9667461,321,"Head Before 321"
"1876",176,178,"Tail Before",2,1352,102,10.869,7.246,-11642002,321,"Tail Before 321"
"1877",177,179,"Tail Before",3,1354,175,24.756,16.504,-12035982,321,"Tail Before 321"
"1878",178,180,"Tail Before",4,1364,223,16.621,11.081,-12897713,321,"Tail Before 321"
"1879",179,181,"Tail Before",5,1360,284,20.723,13.816,-12166559,321,"Tail Before 321"
"1880",180,182,"Tail Before",6,1367,345,20.815,13.876,-12625835,321,"Tail Before 321"
"1881",181,183,"Tail Before",7,1379,397,18.091,12.061,-11177853,321,"Tail Before 321"
"1882",182,184,"Tail Before",8,1373,416,6.755,4.503,-10451836,321,"Tail Before 321"
"1883",183,185,"Tail Before",9,1358,460,15.759,10.506,-9536379,321,"Tail Before 321"
"1884",184,186,"Tail Before",10,1373,500,14.482,9.655,-11772800,321,"Tail Before 321"
"1885",185,187,"Tail Before",11,1415,584,31.837,21.225,-11516046,321,"Tail Before 321"
"1886",186,188,"Tail Before",12,1432,634,17.903,11.935,-9270115,321,"Tail Before 321"
"1887",187,189,"Tail Before",13,1452,643,7.435,4.957,-10123900,321,"Tail Before 321"
"1888",188,190,"Tail Before",14,1484,647,10.932,7.288,-10658944,321,"Tail Before 321"
"1889",189,191,"Tail Before",15,1469,638,5.93,3.953,-9673579,321,"Tail Before 321"
"1890",190,192,"Tail Before",16,1471,647,3.125,2.084,-10988409,321,"Tail Before 321"
"1891",191,193,"Tail Before",17,1469,661,4.794,3.196,-9928564,321,"Tail Before 321"
"1892",192,194,"Tail Before",18,1490,714,19.326,12.884,-9738869,321,"Tail Before 321"
"1893",193,195,"Tail Before",19,1461,720,10.039,6.693,-8551264,321,"Tail Before 321"
"1894",194,196,"Tail Before",20,1452,651,23.589,15.726,-10066052,321,"Tail Before 321"
"1895",195,197,"Tail Before",21,1467,632,8.206,5.471,-9470068,321,"Tail Before 321"
"1896",196,198,"Tail Before",22,1461,636,2.445,1.63,-11970720,321,"Tail Before 321"
"1897",197,199,"Tail Before",23,1459,628,2.795,1.864,-9735548,321,"Tail Before 321"
"1898",198,200,"Tail Before",24,1463,619,3.339,2.226,-12361387,321,"Tail Before 321"
"1899",199,201,"Tail Before",25,1478,626,5.611,3.741,-9799783,321,"Tail Before 321"
"1900",200,202,"Tail Before",26,1492,630,4.936,3.291,-9278572,321,"Tail Before 321"
"1901",201,203,"Tail Before",27,1501,634,3.339,2.226,-9864301,321,"Tail Before 321"
"1902",202,204,"Tail Before",28,1503,632,0.959,0.639,-9994345,321,"Tail Before 321"
"1903",203,205,"Tail Before",29,1515,638,4.548,3.032,-10194820,321,"Tail Before 321"
"1904",204,206,"Tail Before",30,1505,634,3.651,2.434,-11048846,321,"Tail Before 321"
"1905",205,207,"Tail Before",31,1505,617,5.763,3.842,-11777173,321,"Tail Before 321"
"1906",206,208,"Tail Before",32,1507,609,2.795,1.864,-11181461,321,"Tail Before 321"
"1907",207,209,"Tail Before",33,1511,594,5.263,3.508,-9142397,321,"Tail Before 321"
"1908",208,210,"Tail Before",34,1513,599,1.826,1.217,-9407612,321,"Tail Before 321"
"1909",209,211,"Tail Before",35,1509,605,2.445,1.63,-9604225,321,"Tail Before 321"
"1910",210,212,"Tail Before",36,1505,603,1.516,1.011,-11114380,321,"Tail Before 321"
"1911",211,213,"Tail Before",37,1513,590,5.175,3.45,-12363190,321,"Tail Before 321"
"1912",212,214,"Tail Before",38,1520,609,6.864,4.576,-10193052,321,"Tail Before 321"
"1913",213,215,"Tail Before",39,1545,615,8.716,5.81,-11899533,321,"Tail Before 321"
"1914",214,216,"Tail Before",40,1545,601,4.746,3.164,-11248527,321,"Tail Before 321"
"1915",215,217,"Tail Before",41,1534,578,8.643,5.762,-13093548,321,"Tail Before 321"
"1916",216,218,"Tail Before",42,1515,565,7.804,5.203,-12829349,321,"Tail Before 321"
"1917",217,219,"Tail Before",43,1501,563,4.794,3.196,-10653303,321,"Tail Before 321"
"1918",218,220,"Tail Before",44,1469,538,13.766,9.177,-11375761,321,"Tail Before 321"
"1919",219,221,"Tail Before",45,1469,540,0.678,0.452,-11770014,321,"Tail Before 321"
"1920",220,222,"Tail Before",46,1465,559,6.582,4.388,-12168887,321,"Tail Before 321"
"1921",221,223,"Tail Before",47,1463,559,0.678,0.452,-10394766,321,"Tail Before 321"
"1922",222,224,"Tail Before",48,1452,567,4.611,3.074,-10193781,321,"Tail Before 321"
"1923",223,225,"Tail Before",49,1450,561,2.144,1.429,-11965857,321,"Tail Before 321"
"1924",224,226,"Tail Before",50,1450,567,2.034,1.356,-12820912,321,"Tail Before 321"
"1925",225,227,"Tail Before",51,1438,557,5.295,3.53,-12034955,321,"Tail Before 321"
"1926",226,228,"Tail Before",52,1436,552,1.826,1.217,-11771550,321,"Tail Before 321"
"1927",227,229,"Tail Before",53,1448,546,4.548,3.032,-12760219,321,"Tail Before 321"
"1928",228,230,"Tail Before",54,1442,550,2.445,1.63,-12761515,321,"Tail Before 321"
"1929",229,231,"Tail Before",55,1442,552,0.678,0.452,-14667194,321,"Tail Before 321"
"1930",230,232,"Tail Before",56,1446,552,1.356,0.904,-12761515,321,"Tail Before 321"
"1931",231,233,"Tail Before",57,1442,592,13.628,9.085,-11768989,321,"Tail Before 321"
"1932",232,234,"Tail Before",58,1446,590,1.516,1.011,-11832469,321,"Tail Before 321"
"1933",233,235,"Tail Before",59,1448,594,1.516,1.011,-11375260,321,"Tail Before 321"
"1934",234,236,"Tail Before",60,1448,586,2.712,1.808,-12364457,321,"Tail Before 321"
"1935",235,237,"Tail Before",61,1442,588,2.144,1.429,-11510692,321,"Tail Before 321"
"1936",236,238,"Tail Before",62,1434,588,2.712,1.808,-10127764,321,"Tail Before 321"
"1937",237,239,"Tail Before",63,1438,590,1.516,1.011,-10652799,321,"Tail Before 321"
"1938",238,240,"Tail Before",64,1436,582,2.795,1.864,-10723220,321,"Tail Before 321"
"1939",239,241,"Tail Before",65,1425,586,3.968,2.645,-11906212,321,"Tail Before 321"
"1940",240,242,"Tail Before",66,1427,586,0.678,0.452,-12031907,321,"Tail Before 321"
"1941",241,243,"Tail Before",67,1432,582,2.171,1.447,-13349032,321,"Tail Before 321"
"1942",242,244,"Tail Before",68,1425,582,2.373,1.582,-11842463,321,"Tail Before 321"
"1943",243,245,"Tail Before",69,1425,578,1.356,0.904,-12363434,321,"Tail Before 321"
"1944",244,246,"Tail Before",70,1425,586,2.712,1.808,-11906455,321,"Tail Before 321"
"1945",245,247,"Tail Before",71,1440,571,7.191,4.794,-12165551,321,"Tail Before 321"
"1946",246,248,"Tail Before",72,1440,571,0,0,-11317151,321,"Tail Before 321"
"1947",247,249,"Tail Before",73,1442,571,0.678,0.452,-10986392,321,"Tail Before 321"
"1948",248,250,"Tail Before",74,1450,584,5.175,3.45,-10064012,321,"Tail Before 321"
"1949",249,251,"Tail Before",75,1450,584,0,0,-10587797,321,"Tail Before 321"
"1950",250,252,"Tail Before",76,1452,578,2.144,1.429,-10265501,321,"Tail Before 321"
"1951",251,253,"Tail Before",77,1452,575,1.017,0.678,-10461339,321,"Tail Before 321"
"1952",252,254,"Tail Before",78,1446,567,3.39,2.26,-10264740,321,"Tail Before 321"
"1953",253,255,"Tail Before",79,1442,565,1.516,1.011,-11902112,321,"Tail Before 321"
"1954",254,256,"Tail Before",80,1436,565,2.034,1.356,-10462089,321,"Tail Before 321"
"1955",255,257,"Tail Before",81,1415,542,10.558,7.039,-11309726,321,"Tail Before 321"
"1956",256,258,"Tail Before",82,1411,546,1.918,1.278,-12227746,321,"Tail Before 321"
"1957",257,259,"Tail Before",83,1398,534,5.998,3.998,-11836838,321,"Tail Before 321"
"1958",258,260,"Tail Before",84,1421,569,14.198,9.465,-13217697,321,"Tail Before 321"
"1959",259,261,"Tail Before",85,1455,569,11.526,7.684,-10781589,321,"Tail Before 321"
"1960",260,262,"Tail Before",86,1492,561,12.833,8.555,-11702942,321,"Tail Before 321"
"1961",261,263,"Tail Before",87,1530,559,12.9,8.6,-10260108,321,"Tail Before 321"
"1962",262,264,"Tail Before",88,1499,567,10.853,7.236,-9929867,321,"Tail Before 321"
"1963",263,265,"Tail Before",89,1501,573,2.144,1.429,-10389390,321,"Tail Before 321"
"1964",264,266,"Tail Before",90,1513,567,4.548,3.032,-9995674,321,"Tail Before 321"
"1965",265,267,"Tail Before",91,1541,554,10.465,6.977,-10453907,321,"Tail Before 321"
"1966",266,268,"Tail Before",92,1551,546,4.341,2.894,-11441564,321,"Tail Before 321"
"1967",267,269,"Tail Before",93,1553,550,1.516,1.011,-8356476,321,"Tail Before 321"
"1968",268,270,"Tail Before",94,1553,548,0.678,0.452,-9667710,321,"Tail Before 321"
"1969",269,271,"Tail Before",95,1557,546,1.516,1.011,-11115142,321,"Tail Before 321"
"1970",270,272,"Tail Before",96,1559,544,0.959,0.639,-12889778,321,"Tail Before 321"
"1971",271,273,"Tail Before",97,1561,540,1.516,1.011,-11056038,321,"Tail Before 321"
"1972",272,274,"Tail Before",98,1576,540,5.085,3.39,-11512996,321,"Tail Before 321"
"1973",273,275,"Tail Before",99,1545,647,37.765,25.176,-10325642,321,"Tail Before 321"
"1974",274,276,"Tail Before",100,1480,701,28.647,19.098,-13285036,321,"Tail Before 321"
"1975",275,277,"Tail Before",101,1463,699,5.803,3.868,-11832218,321,"Tail Before 321"
"1976",276,278,"Tail Before",102,1448,722,9.309,6.206,-11309718,321,"Tail Before 321"
"1977",277,279,"Tail Before",103,1427,733,8.037,5.358,-11572108,321,"Tail Before 321"
"1978",278,280,"Tail Before",104,1417,729,3.651,2.434,-13549475,321,"Tail Before 321"
"1979",279,281,"Tail Before",105,1406,724,4.096,2.731,-11377554,321,"Tail Before 321"
"1980",280,282,"Tail Before",106,1404,724,0.678,0.452,-10517389,321,"Tail Before 321"
"1981",281,283,"Tail Before",107,1413,747,8.373,5.582,-10455163,321,"Tail Before 321"
"1982",282,284,"Tail Before",108,1415,766,6.477,4.318,-11109265,321,"Tail Before 321"
"1983",283,285,"Tail Before",109,1423,777,4.611,3.074,-10197361,321,"Tail Before 321"
"1984",284,286,"Tail Before",110,1434,796,7.443,4.962,-10059657,321,"Tail Before 321"
"1985",285,287,"Tail Before",111,1413,821,11.068,7.379,-10327710,321,"Tail Before 321"
"1986",286,288,"Tail Before",112,1423,842,7.885,5.257,-12437160,321,"Tail Before 321"
"1987",287,289,"Tail Before",113,1425,838,1.516,1.011,-9733014,321,"Tail Before 321"
"1988",288,290,"Tail Before",114,1425,781,19.323,12.882,-10785172,321,"Tail Before 321"
"1989",289,291,"Tail Before",115,1364,714,30.716,20.478,-9140081,321,"Tail Before 321"
"1990",290,292,"Tail Before",116,1371,712,2.468,1.645,-10789527,321,"Tail Before 321"
"1991",291,293,"Tail Before",117,1362,708,3.339,2.226,-10131084,321,"Tail Before 321"
"1992",292,294,"Tail Before",118,1369,705,2.582,1.721,-11642531,321,"Tail Before 321"
"1993",293,295,"Tail Before",119,1371,705,0.678,0.452,-9539208,321,"Tail Before 321"
"1994",294,296,"Tail Before",120,1371,708,1.017,0.678,-8880514,321,"Tail Before 321"
"1995",295,297,"Tail Before",121,1375,710,1.516,1.011,-9736577,321,"Tail Before 321"
"1996",296,298,"Tail Before",122,1371,714,1.918,1.278,-11185054,321,"Tail Before 321"
"1997",297,299,"Tail Before",123,1367,714,1.356,0.904,-9801642,321,"Tail Before 321"
"1998",298,300,"Tail Before",124,1369,714,0.678,0.452,-10126731,321,"Tail Before 321"
"1999",299,301,"Tail Before",125,1360,720,3.667,2.445,-9797257,321,"Tail Before 321"
"2000",300,302,"Tail Before",126,1360,722,0.678,0.452,-10322829,321,"Tail Before 321"
"2001",301,303,"Tail Before",127,1350,731,4.561,3.041,-10193035,321,"Tail Before 321"
"2002",302,304,"Tail Before",128,1356,735,2.445,1.63,-9666174,321,"Tail Before 321"
"2003",303,305,"Tail Before",129,1354,735,0.678,0.452,-10257038,321,"Tail Before 321"
"2004",304,306,"Tail Before",130,1356,739,1.516,1.011,-9863048,321,"Tail Before 321"
"2005",305,307,"Tail Before",131,1354,735,1.516,1.011,-10257040,321,"Tail Before 321"
"2006",306,308,"Tail Before",132,1360,733,2.144,1.429,-10790315,321,"Tail Before 321"
"2007",307,309,"Tail Before",133,1356,741,3.032,2.021,-10521740,321,"Tail Before 321"
"2008",308,310,"Tail Before",134,1358,745,1.516,1.011,-10786721,321,"Tail Before 321"
"2009",309,311,"Tail Before",135,1360,741,1.516,1.011,-12759454,321,"Tail Before 321"
"2010",310,312,"Tail Before",136,1367,745,2.733,1.822,-10652802,321,"Tail Before 321"
"2011",311,313,"Tail Before",137,1373,737,3.39,2.26,-10782854,321,"Tail Before 321"
"2012",312,314,"Tail Before",138,1385,722,6.512,4.341,-10915720,321,"Tail Before 321"
"2013",313,315,"Tail Before",139,1358,687,14.985,9.99,-10850446,321,"Tail Before 321"
"2014",314,316,"Tail Before",140,1333,705,10.443,6.962,-10983333,321,"Tail Before 321"
"2015",315,317,"Tail Before",141,1343,703,3.457,2.305,-9271414,321,"Tail Before 321"
"2016",316,318,"Tail Before",142,1339,731,9.588,6.392,-11245707,321,"Tail Before 321"
"2017",317,319,"Tail Before",143,1343,749,6.251,4.167,-11048838,321,"Tail Before 321"
"2018",318,320,"Tail Before",144,1341,764,5.13,3.42,-11044990,321,"Tail Before 321"
"2019",319,321,"Tail Before",145,1335,768,2.445,1.63,-10389618,321,"Tail Before 321"
"2020",320,322,"Tail Before",146,1327,779,4.611,3.074,-11042692,321,"Tail Before 321"
"2021",321,323,"Tail Before",147,1308,821,15.627,10.418,-11507621,321,"Tail Before 321"
"2022",322,324,"Tail Before",148,1310,806,5.13,3.42,-10980502,321,"Tail Before 321"
"2023",323,325,"Tail Before",149,1310,810,1.356,0.904,-9929354,321,"Tail Before 321"
"2024",324,326,"Tail Before",150,1310,829,6.441,4.294,-10782605,321,"Tail Before 321"
"2025",325,327,"Tail Before",151,1310,829,0,0,-10585995,321,"Tail Before 321"
"2026",326,328,"Tail Before",152,1314,827,1.516,1.011,-10584463,321,"Tail Before 321"
"2027",327,329,"Tail Before",153,1310,827,1.356,0.904,-10059661,321,"Tail Before 321"
"2028",328,330,"Tail Before",154,1310,823,1.356,0.904,-10261389,321,"Tail Before 321"
"2029",329,331,"Tail Before",155,1308,827,1.516,1.011,-10258570,321,"Tail Before 321"
"2030",330,332,"Tail Before",156,1310,825,0.959,0.639,-11046796,321,"Tail Before 321"
"2031",331,333,"Tail Before",157,1316,812,4.854,3.236,-10716811,321,"Tail Before 321"
"2032",332,334,"Tail Before",158,1314,810,0.959,0.639,-10849425,321,"Tail Before 321"
"2033",333,335,"Tail Before",159,1316,808,0.959,0.639,-10455950,321,"Tail Before 321"
"2034",334,336,"Tail Before",160,1316,814,2.034,1.356,-9929616,321,"Tail Before 321"
"2035",335,337,"Tail Before",161,1306,825,5.04,3.36,-10718862,321,"Tail Before 321"
"2036",336,338,"Tail Before",162,1299,848,8.15,5.433,-9731975,321,"Tail Before 321"
"2037",337,339,"Tail Before",163,1289,850,3.457,2.305,-10782605,321,"Tail Before 321"
"2038",338,340,"Tail Before",164,1289,865,5.085,3.39,-10454667,321,"Tail Before 321"
"2039",339,341,"Tail Before",165,1287,882,5.803,3.868,-9929865,321,"Tail Before 321"
"2040",340,342,"Tail Before",166,1285,886,1.516,1.011,-10519173,321,"Tail Before 321"
"2041",341,343,"Tail Before",167,1281,890,1.918,1.278,-9927562,321,"Tail Before 321"
"2042",342,344,"Tail Before",168,1281,905,5.085,3.39,-10982794,321,"Tail Before 321"
"2043",343,345,"Tail Before",169,1268,928,8.956,5.971,-10063224,321,"Tail Before 321"
"2044",344,346,"Tail Before",170,1262,932,2.445,1.63,-8811651,321,"Tail Before 321"
"2045",345,347,"Tail Before",171,1262,928,1.356,0.904,-9602445,321,"Tail Before 321"
"2046",346,348,"Tail Before",172,1257,930,1.826,1.217,-10650256,321,"Tail Before 321"
"2047",347,349,"Tail Before",173,1257,932,0.678,0.452,-12883093,321,"Tail Before 321"
"2048",348,350,"Tail Before",174,1262,934,1.826,1.217,-11637905,321,"Tail Before 321"
"2049",349,351,"Tail Before",175,1257,932,1.826,1.217,-13222074,321,"Tail Before 321"
"2050",350,352,"Tail Before",176,1262,926,2.648,1.765,-11049097,321,"Tail Before 321"
"2051",351,354,"Head After",178,1218,980,1.516,1.011,-10061951,321,"Head After 321"
"2052",352,355,"Head After",179,1216,980,0.678,0.452,-10191219,321,"Head After 321"
"2053",353,356,"Head After",180,1218,978,0.959,0.639,-10454140,321,"Head After 321"
"2054",354,357,"Head After",181,1220,978,0.678,0.452,-9928827,321,"Head After 321"
"2055",355,358,"Head After",182,1216,984,2.445,1.63,-9730419,321,"Head After 321"
"2056",356,359,"Head After",183,1213,980,1.695,1.13,-9796726,321,"Head After 321"
"2057",357,360,"Head After",184,1216,972,2.896,1.931,-9536902,321,"Head After 321"
"2058",358,361,"Head After",185,1213,978,2.274,1.516,-9993856,321,"Head After 321"
"2059",359,362,"Head After",186,1213,978,0,0,-9401466,321,"Head After 321"
"2060",360,363,"Head After",187,1213,972,2.034,1.356,-10193018,321,"Head After 321"
"2061",361,364,"Head After",188,1211,980,2.795,1.864,-9731185,321,"Head After 321"
"2062",362,365,"Head After",189,1218,972,3.604,2.402,-10322807,321,"Head After 321"
"2063",363,366,"Head After",190,1213,976,2.171,1.447,-9665402,321,"Head After 321"
"2064",364,367,"Head After",191,1213,972,1.356,0.904,-9928841,321,"Head After 321"
"2065",365,368,"Head After",192,1216,972,1.017,0.678,-10390154,321,"Head After 321"
"2066",366,369,"Head After",193,1213,972,1.017,0.678,-9798522,321,"Head After 321"
"2067",367,370,"Head After",194,1213,974,0.678,0.452,-8812161,321,"Head After 321"
"2068",368,371,"Head After",195,1216,976,1.222,0.815,-9799023,321,"Head After 321"
"2069",369,372,"Head After",196,1216,974,0.678,0.452,-10064255,321,"Head After 321"
"2070",370,373,"Head After",197,1213,976,1.222,0.815,-10060425,321,"Head After 321"
"2071",371,374,"Head After",198,1218,974,1.826,1.217,-9995137,321,"Head After 321"
"2072",372,375,"Head After",199,1218,978,1.356,0.904,-9801844,321,"Head After 321"
"2073",373,376,"Head After",200,1216,972,2.144,1.429,-9535358,321,"Head After 321"
"2074",374,377,"Head After",201,1213,970,1.222,0.815,-10258820,321,"Head After 321"
"2075",375,378,"Head After",202,1213,970,0,0,-9402986,321,"Head After 321"
"2076",376,379,"Head After",203,1211,968,0.959,0.639,-9731714,321,"Head After 321"
"2077",377,380,"Head After",204,1213,972,1.516,1.011,-9535610,321,"Head After 321"
"2078",378,381,"Head After",205,1209,974,1.516,1.011,-10455949,321,"Head After 321"
"2079",379,382,"Head After",206,1220,974,3.729,2.486,-9930619,321,"Head After 321"
"2080",380,383,"Head After",207,1211,972,3.125,2.084,-10652542,321,"Head After 321"
"2081",381,384,"Head After",208,1213,970,0.959,0.639,-9929077,321,"Head After 321"
"2082",382,385,"Head After",209,1213,970,0,0,-10389897,321,"Head After 321"
"2083",383,386,"Head After",210,1213,970,0,0,-9472114,321,"Head After 321"
"2084",384,387,"Head After",211,1211,968,0.959,0.639,-10324615,321,"Head After 321"
"2085",385,388,"Head After",212,1213,972,1.516,1.011,-9077113,321,"Head After 321"
"2086",386,389,"Head After",213,1211,970,0.959,0.639,-9733503,321,"Head After 321"
"2087",387,390,"Head After",214,1211,970,0,0,-9600898,321,"Head After 321"
"2088",388,391,"Head After",215,1211,972,0.678,0.452,-9209479,321,"Head After 321"
"2089",389,392,"Head After",216,1207,968,1.918,1.278,-9469314,321,"Head After 321"
"2090",390,393,"Head After",217,1211,972,1.918,1.278,-9866118,321,"Head After 321"
"2091",391,394,"Head After",218,1222,972,3.729,2.486,-10782341,321,"Head After 321"
"2092",392,395,"Head After",219,1211,968,3.968,2.645,-9995390,321,"Head After 321"
"2093",393,396,"Head After",220,1207,972,1.918,1.278,-9402749,321,"Head After 321"
"2094",394,397,"Head After",221,1205,963,3.125,2.084,-10258319,321,"Head After 321"
"2095",395,398,"Head After",222,1207,968,1.826,1.217,-9929346,321,"Head After 321"
"2096",396,399,"Head After",223,1203,968,1.356,0.904,-9927287,321,"Head After 321"
"2097",397,400,"Head After",224,1207,968,1.356,0.904,-9864839,321,"Head After 321"
"2098",398,401,"Head After",225,1207,972,1.356,0.904,-9862530,321,"Head After 321"
"2099",399,402,"Head After",226,1207,972,0,0,-10190459,321,"Head After 321"
"2100",400,403,"Head After",227,1207,970,0.678,0.452,-9471348,321,"Head After 321"
"2101",401,404,"Head After",228,1205,970,0.678,0.452,-10455947,321,"Head After 321"
"2102",402,405,"Head After",229,1205,972,0.678,0.452,-10058879,321,"Head After 321"
"2103",403,406,"Head After",230,1205,968,1.356,0.904,-10059651,321,"Head After 321"
"2104",404,407,"Head After",231,1203,970,0.959,0.639,-10386797,321,"Head After 321"
"2105",405,408,"Head After",232,1203,965,1.695,1.13,-10913919,321,"Head After 321"
"2106",406,409,"Head After",233,1203,968,1.017,0.678,-10848646,321,"Head After 321"
"2107",407,410,"Head After",234,1207,972,1.918,1.278,-9272676,321,"Head After 321"
"2108",408,411,"Head After",235,1205,970,0.959,0.639,-10323332,321,"Head After 321"
"2109",409,412,"Head After",236,1203,963,2.468,1.645,-10849668,321,"Head After 321"
"2110",410,413,"Head After",237,1201,968,1.826,1.217,-9732725,321,"Head After 321"
"2111",411,414,"Head After",238,1201,965,1.017,0.678,-10060152,321,"Head After 321"
"2112",412,415,"Head After",239,1201,968,1.017,0.678,-10191989,321,"Head After 321"
"2113",413,416,"Head After",240,1201,965,1.017,0.678,-10518642,321,"Head After 321"
"2114",414,417,"Head After",241,1205,965,1.356,0.904,-9736310,321,"Head After 321"
"2115",415,418,"Head After",242,1201,968,1.695,1.13,-10585977,321,"Head After 321"
"2116",416,419,"Head After",243,1205,965,1.695,1.13,-9802621,321,"Head After 321"
"2117",417,420,"Head After",244,1205,959,2.034,1.356,-9270392,321,"Head After 321"
"2118",418,421,"Head After",245,1201,968,3.339,2.226,-10258545,321,"Head After 321"
"2119",419,422,"Head After",246,1197,968,1.356,0.904,-9731185,321,"Head After 321"
"2120",420,423,"Head After",247,1201,965,1.695,1.13,-10388088,321,"Head After 321"
"2121",421,424,"Head After",248,1203,972,2.468,1.645,-10519432,321,"Head After 321"
"2122",422,425,"Head After",249,1203,968,1.356,0.904,-9928572,321,"Head After 321"
"2123",423,426,"Head After",250,1203,970,0.678,0.452,-9534067,321,"Head After 321"
"2124",424,427,"Head After",251,1203,970,0,0,-9141380,321,"Head After 321"
"2125",425,428,"Head After",252,1203,965,1.695,1.13,-9339008,321,"Head After 321"
"2126",426,429,"Head After",253,1205,970,1.826,1.217,-9335661,321,"Head After 321"
"2127",427,430,"Head After",254,1201,965,2.171,1.447,-9796728,321,"Head After 321"
"2128",428,431,"Head After",255,1201,972,2.373,1.582,-9798279,321,"Head After 321"
"2129",429,432,"Head After",256,1199,963,3.125,2.084,-9206144,321,"Head After 321"
"2130",430,433,"Head After",257,1203,963,1.356,0.904,-9407598,321,"Head After 321"
"2131",431,434,"Head After",258,1203,968,1.695,1.13,-8812906,321,"Head After 321"
"2132",432,435,"Head After",259,1197,968,2.034,1.356,-9600612,321,"Head After 321"
"2133",433,436,"Head After",260,1195,963,1.826,1.217,-9405294,321,"Head After 321"
"2134",434,437,"Head After",261,1201,968,2.648,1.765,-9338733,321,"Head After 321"
"2135",435,438,"Head After",262,1199,963,1.826,1.217,-9273985,321,"Head After 321"
"2136",436,439,"Head After",263,1197,961,0.959,0.639,-10061179,321,"Head After 321"
"2137",437,440,"Head After",264,1192,965,2.171,1.447,-9598328,321,"Head After 321"
"2138",438,441,"Head After",265,1192,963,0.678,0.452,-9599350,321,"Head After 321"
"2139",439,442,"Head After",266,1190,965,0.959,0.639,-10189169,321,"Head After 321"
"2140",440,443,"Head After",267,1192,968,1.222,0.815,-9993858,321,"Head After 321"
"2141",441,444,"Head After",268,1195,968,1.017,0.678,-10257030,321,"Head After 321"
"2142",442,445,"Head After",269,1199,961,2.733,1.822,-10192514,321,"Head After 321"
"2143",443,446,"Head After",270,1201,963,0.959,0.639,-9142146,321,"Head After 321"
"2144",444,447,"Head After",271,1197,965,1.516,1.011,-9798520,321,"Head After 321"
"2145",445,448,"Head After",272,1195,959,2.144,1.429,-10322821,321,"Head After 321"
"2146",446,449,"Head After",273,1195,959,0,0,-10257287,321,"Head After 321"
"2147",447,450,"Head After",274,1195,963,1.356,0.904,-11175284,321,"Head After 321"
"2148",448,451,"Head After",275,1190,957,2.648,1.765,-10124413,321,"Head After 321"
"2149",449,452,"Head After",276,1190,957,0,0,-10256009,321,"Head After 321"
"2150",450,453,"Head After",277,1192,961,1.516,1.011,-10126725,321,"Head After 321"
"2151",451,454,"Head After",278,1192,955,2.034,1.356,-10845566,321,"Head After 321"
"2152",452,455,"Head After",279,1190,963,2.795,1.864,-10585223,321,"Head After 321"
"2153",453,456,"Head After",280,1190,957,2.034,1.356,-10258832,321,"Head After 321"
"2154",454,457,"Head After",281,1190,961,1.356,0.904,-10322294,321,"Head After 321"
"2155",455,458,"Head After",282,1184,961,2.034,1.356,-10323599,321,"Head After 321"
"2156",456,459,"Head After",283,1186,953,2.795,1.864,-10191736,321,"Head After 321"
"2157",457,460,"Head After",284,1186,953,0,0,-10713972,321,"Head After 321"
"2158",458,461,"Head After",285,1184,955,0.959,0.639,-10058873,321,"Head After 321"
"2159",459,462,"Head After",286,1182,955,0.678,0.452,-10386555,321,"Head After 321"
"2160",460,463,"Head After",287,1188,951,2.445,1.63,-9600898,321,"Head After 321"
"2161",461,464,"Head After",288,1188,949,0.678,0.452,-9929352,321,"Head After 321"
"2162",462,465,"Head After",289,1188,949,0,0,-10978695,321,"Head After 321"
"2163",463,466,"Head After",290,1188,951,0.678,0.452,-10981755,321,"Head After 321"
"2164",464,467,"Head After",291,1188,951,0,0,-10388347,321,"Head After 321"
"2165",465,468,"Head After",292,1184,949,1.516,1.011,-11108728,321,"Head After 321"
"2166",466,469,"Head After",293,1192,953,3.032,2.021,-9138806,321,"Head After 321"
"2167",467,470,"Head After",294,1186,953,2.034,1.356,-10254457,321,"Head After 321"
"2168",468,471,"Head After",295,1186,953,0,0,-10058610,321,"Head After 321"
"2169",469,472,"Head After",296,1186,957,1.356,0.904,-10979975,321,"Head After 321"
"2170",470,473,"Head After",297,1186,959,0.678,0.452,-10454667,321,"Head After 321"
"2171",471,474,"Head After",298,1184,955,1.516,1.011,-10321279,321,"Head After 321"
"2172",472,475,"Head After",299,1186,951,1.516,1.011,-10322805,321,"Head After 321"
"2173",473,476,"Head After",300,1186,955,1.356,0.904,-10190459,321,"Head After 321"
"2174",474,477,"Head After",301,1186,955,0,0,-9994634,321,"Head After 321"
"2175",475,478,"Head After",302,1184,953,0.959,0.639,-10389140,321,"Head After 321"
"2176",476,479,"Head After",303,1184,953,0,0,-10519414,321,"Head After 321"
"2177",477,480,"Head After",304,1184,953,0,0,-10259332,321,"Head After 321"
"2178",478,481,"Head After",305,1184,957,1.356,0.904,-10260609,321,"Head After 321"
"2179",479,482,"Head After",306,1182,961,1.516,1.011,-9995656,321,"Head After 321"
"2180",480,483,"Head After",307,1182,961,0,0,-9930096,321,"Head After 321"
"2181",481,484,"Head After",308,1180,957,1.516,1.011,-9469832,321,"Head After 321"
"2182",482,485,"Head After",309,1184,961,1.918,1.278,-10651268,321,"Head After 321"
"2183",483,486,"Head After",310,1182,957,1.516,1.011,-10256489,321,"Head After 321"
"2184",484,487,"Head After",311,1180,957,0.678,0.452,-9732488,321,"Head After 321"
"2185",485,488,"Head After",312,1182,955,0.959,0.639,-10322556,321,"Head After 321"
"2186",486,489,"Head After",313,1184,951,1.516,1.011,-9469817,321,"Head After 321"
"2187",487,490,"Head After",314,1184,951,0,0,-10323073,321,"Head After 321"
"2188",488,491,"Head After",315,1182,955,1.516,1.011,-9731947,321,"Head After 321"
"2189",489,492,"Head After",316,1180,955,0.678,0.452,-9004374,321,"Head After 321"
"2190",490,493,"Head After",317,1182,951,1.516,1.011,-10125701,321,"Head After 321"
"2191",491,494,"Head After",318,1186,949,1.516,1.011,-9598328,321,"Head After 321"
"2192",492,495,"Head After",319,1184,949,0.678,0.452,-10718066,321,"Head After 321"
"2193",493,496,"Head After",320,1182,942,2.468,1.645,-11111049,321,"Head After 321"
"2194",494,497,"Head After",321,1178,955,4.611,3.074,-11044739,321,"Head After 321"
"2195",495,498,"Head After",322,1178,955,0,0,-10321281,321,"Head After 321"
"2196",496,499,"Head After",323,1178,955,0,0,-10520200,321,"Head After 321"
"2197",497,500,"Head After",324,1178,955,0,0,-10586494,321,"Head After 321"
"2198",498,501,"Head After",325,1180,957,0.959,0.639,-11110795,321,"Head After 321"
"2199",499,502,"Head After",326,1174,953,2.445,1.63,-10650495,321,"Head After 321"
"2200",500,503,"Head After",327,1176,951,0.959,0.639,-10388098,321,"Head After 321"
"2201",501,504,"Head After",328,1178,953,0.959,0.639,-10716290,321,"Head After 321"
"2202",502,505,"Head After",329,1178,951,0.678,0.452,-10520460,321,"Head After 321"
"2203",503,506,"Head After",330,1176,955,1.516,1.011,-9862268,321,"Head After 321"
"2204",504,507,"Head After",331,1176,955,0,0,-10257279,321,"Head After 321"
"2205",505,508,"Head After",332,1174,957,0.959,0.639,-9995899,321,"Head After 321"
"2206",506,509,"Head After",333,1176,959,0.959,0.639,-10125189,321,"Head After 321"
"2207",507,510,"Head After",334,1178,961,0.959,0.639,-10324604,321,"Head After 321"
"2208",508,511,"Head After",335,1178,957,1.356,0.904,-10652038,321,"Head After 321"
"2209",509,512,"Head After",336,1176,957,0.678,0.452,-9928047,321,"Head After 321"
"2210",510,513,"Head After",337,1174,961,1.516,1.011,-10259330,321,"Head After 321"
"2211",511,514,"Head After",338,1174,961,0,0,-10061430,321,"Head After 321"
"2212",512,515,"Head After",339,1180,953,3.39,2.26,-10454894,321,"Head After 321"
"2213",513,516,"Head After",340,1178,949,1.516,1.011,-10717314,321,"Head After 321"
"2214",514,517,"Head After",341,1176,955,2.144,1.429,-9795961,321,"Head After 321"
"2215",515,518,"Head After",342,1176,953,0.678,0.452,-10651008,321,"Head After 321"
"2216",516,519,"Head After",343,1178,951,0.959,0.639,-10389370,321,"Head After 321"
"2217",517,520,"Head After",344,1178,944,2.373,1.582,-9600363,321,"Head After 321"
"2218",518,521,"Head After",345,1178,940,1.356,0.904,-9403503,321,"Head After 321"
"2219",519,522,"Head After",346,1176,944,1.516,1.011,-10584953,321,"Head After 321"
"2220",520,523,"Head After",347,1176,944,0,0,-9598579,321,"Head After 321"
"2221",521,524,"Head After",348,1176,944,0,0,-10388365,321,"Head After 321"
"2222",522,525,"Head After",349,1176,944,0,0,-9795961,321,"Head After 321"
"2223",523,526,"Head After",350,1176,944,0,0,-9861231,321,"Head After 321"
"2224",524,527,"Head After",351,1176,949,1.695,1.13,-9402748,321,"Head After 321"
"2225",525,528,"Head After",352,1176,947,0.678,0.452,-10060932,321,"Head After 321"
"2226",526,529,"Head After",353,1172,944,1.695,1.13,-9731197,321,"Head After 321"
"2227",527,531,"Tail After",178,1260,926,0.678,0.452,-10457741,321,"Tail After 321"
"2228",528,532,"Tail After",179,1260,926,0,0,-10261129,321,"Tail After 321"
"2229",529,533,"Tail After",180,1260,926,0,0,-9670258,321,"Tail After 321"
"2230",530,534,"Tail After",181,1260,926,0,0,-10459273,321,"Tail After 321"
"2231",531,535,"Tail After",182,1260,926,0,0,-10192021,321,"Tail After 321"
"2232",532,536,"Tail After",183,1260,926,0,0,-9800599,321,"Tail After 321"
"2233",533,537,"Tail After",184,1260,926,0,0,-10650508,321,"Tail After 321"
"2234",534,538,"Tail After",185,1257,928,1.222,0.815,-11046804,321,"Tail After 321"
"2235",535,539,"Tail After",186,1257,928,0,0,-10257808,321,"Tail After 321"
"2236",536,540,"Tail After",187,1255,930,0.959,0.639,-10128791,321,"Tail After 321"
"2237",537,541,"Tail After",188,1255,926,1.356,0.904,-10456209,321,"Tail After 321"
"2238",538,542,"Tail After",189,1257,923,1.222,0.815,-10717841,321,"Tail After 321"
"2239",539,543,"Tail After",190,1257,926,1.017,0.678,-10655618,321,"Tail After 321"
"2240",540,544,"Tail After",191,1257,926,0,0,-10394760,321,"Tail After 321"
"2241",541,545,"Tail After",192,1260,926,1.017,0.678,-10324862,321,"Tail After 321"
"2242",542,546,"Tail After",193,1257,923,1.438,0.959,-10916239,321,"Tail After 321"
"2243",543,547,"Tail After",194,1257,923,0,0,-10387084,321,"Tail After 321"
"2244",544,548,"Tail After",195,1257,923,0,0,-10656137,321,"Tail After 321"
"2245",545,549,"Tail After",196,1253,923,1.356,0.904,-10785417,321,"Tail After 321"
"2246",546,550,"Tail After",197,1253,923,0,0,-10258571,321,"Tail After 321"
"2247",547,551,"Tail After",198,1253,921,0.678,0.452,-10193779,321,"Tail After 321"
"2248",548,552,"Tail After",199,1253,923,0.678,0.452,-9730433,321,"Tail After 321"
"2249",549,553,"Tail After",200,1255,926,1.222,0.815,-10194038,321,"Tail After 321"
"2250",550,554,"Tail After",201,1255,926,0,0,-10785172,321,"Tail After 321"
"2251",551,555,"Tail After",202,1255,923,1.017,0.678,-10324876,321,"Tail After 321"
"2252",552,556,"Tail After",203,1255,923,0,0,-10454659,321,"Tail After 321"
"2253",553,557,"Tail After",204,1253,926,1.222,0.815,-10455688,321,"Tail After 321"
"2254",554,558,"Tail After",205,1251,926,0.678,0.452,-10914442,321,"Tail After 321"
"2255",555,559,"Tail After",206,1251,923,1.017,0.678,-10916993,321,"Tail After 321"
"2256",556,560,"Tail After",207,1253,923,0.678,0.452,-10519420,321,"Tail After 321"
"2257",557,561,"Tail After",208,1253,923,0,0,-9864842,321,"Tail After 321"
"2258",558,562,"Tail After",209,1251,926,1.222,0.815,-10653075,321,"Tail After 321"
"2259",559,563,"Tail After",210,1251,926,0,0,-10060942,321,"Tail After 321"
"2260",560,564,"Tail After",211,1253,923,1.222,0.815,-10848649,321,"Tail After 321"
"2261",561,565,"Tail After",212,1253,926,1.017,0.678,-9271422,321,"Tail After 321"
"2262",562,566,"Tail After",213,1253,926,0,0,-9470608,321,"Tail After 321"
"2263",563,567,"Tail After",214,1253,926,0,0,-10322570,321,"Tail After 321"
"2264",564,568,"Tail After",215,1253,926,0,0,-9994116,321,"Tail After 321"
"2265",565,569,"Tail After",216,1253,926,0,0,-10716809,321,"Tail After 321"
"2266",566,570,"Tail After",217,1253,926,0,0,-11046806,321,"Tail After 321"
"2267",567,571,"Tail After",218,1253,926,0,0,-11045515,321,"Tail After 321"
"2268",568,572,"Tail After",219,1253,926,0,0,-10980735,321,"Tail After 321"
"2269",569,573,"Tail After",220,1253,926,0,0,-10718369,321,"Tail After 321"
"2270",570,574,"Tail After",221,1253,926,0,0,-10453637,321,"Tail After 321"
"2271",571,575,"Tail After",222,1253,926,0,0,-10913937,321,"Tail After 321"
"2272",572,576,"Tail After",223,1253,926,0,0,-10321279,321,"Tail After 321"
"2273",573,577,"Tail After",224,1253,926,0,0,-10059924,321,"Tail After 321"
"2274",574,578,"Tail After",225,1253,926,0,0,-10651796,321,"Tail After 321"
"2275",575,579,"Tail After",226,1253,926,0,0,-10848395,321,"Tail After 321"
"2276",576,580,"Tail After",227,1253,926,0,0,-10322572,321,"Tail After 321"
"2277",577,581,"Tail After",228,1253,926,0,0,-11176842,321,"Tail After 321"
"2278",578,582,"Tail After",229,1253,926,0,0,-10979712,321,"Tail After 321"
"2279",579,583,"Tail After",230,1253,926,0,0,-10127762,321,"Tail After 321"
"2280",580,584,"Tail After",231,1253,926,0,0,-10716562,321,"Tail After 321"
"2281",581,585,"Tail After",232,1253,926,0,0,-11242896,321,"Tail After 321"
"2282",582,586,"Tail After",233,1253,926,0,0,-11901073,321,"Tail After 321"
"2283",583,587,"Tail After",234,1253,926,0,0,-10586001,321,"Tail After 321"
"2284",584,588,"Tail After",235,1253,926,0,0,-10720662,321,"Tail After 321"
"2285",585,589,"Tail After",236,1253,926,0,0,-10653085,321,"Tail After 321"
"2286",586,590,"Tail After",237,1253,926,0,0,-10061466,321,"Tail After 321"
"2287",587,591,"Tail After",238,1253,926,0,0,-10390934,321,"Tail After 321"
"2288",588,592,"Tail After",239,1253,926,0,0,-10454666,321,"Tail After 321"
"2289",589,593,"Tail After",240,1253,926,0,0,-9929102,321,"Tail After 321"
"2290",590,594,"Tail After",241,1253,926,0,0,-9731985,321,"Tail After 321"
"2291",591,595,"Tail After",242,1253,926,0,0,-10126994,321,"Tail After 321"
"2292",592,596,"Tail After",243,1253,926,0,0,-10456211,321,"Tail After 321"
"2293",593,597,"Tail After",244,1253,926,0,0,-10255750,321,"Tail After 321"
"2294",594,598,"Tail After",245,1253,926,0,0,-9930381,321,"Tail After 321"
"2295",595,599,"Tail After",246,1253,926,0,0,-10652825,321,"Tail After 321"
"2296",596,600,"Tail After",247,1253,926,0,0,-10716803,321,"Tail After 321"
"2297",597,601,"Tail After",248,1253,926,0,0,-10259097,321,"Tail After 321"
"2298",598,602,"Tail After",249,1253,926,0,0,-10586773,321,"Tail After 321"
"2299",599,603,"Tail After",250,1253,926,0,0,-11113101,321,"Tail After 321"
"2300",600,604,"Tail After",251,1253,926,0,0,-10849173,321,"Tail After 321"
"2301",601,605,"Tail After",252,1253,926,0,0,-11505286,321,"Tail After 321"
"2302",602,606,"Tail After",253,1253,926,0,0,-10650767,321,"Tail After 321"
"2303",603,607,"Tail After",254,1253,926,0,0,-10059408,321,"Tail After 321"
"2304",604,608,"Tail After",255,1253,926,0,0,-10128022,321,"Tail After 321"
"2305",605,609,"Tail After",256,1253,926,0,0,-10261381,321,"Tail After 321"
"2306",606,610,"Tail After",257,1253,926,0,0,-10654104,321,"Tail After 321"
"2307",607,611,"Tail After",258,1253,926,0,0,-9734303,321,"Tail After 321"
"2308",608,612,"Tail After",259,1251,926,0.678,0.452,-9337468,321,"Tail After 321"
"2309",609,613,"Tail After",260,1251,926,0,0,-9470065,321,"Tail After 321"
"2310",610,614,"Tail After",261,1255,928,1.516,1.011,-10456207,321,"Tail After 321"
"2311",611,615,"Tail After",262,1253,926,0.959,0.639,-10458527,321,"Tail After 321"
"2312",612,616,"Tail After",263,1253,926,0,0,-9932173,321,"Tail After 321"
"2313",613,617,"Tail After",264,1253,926,0,0,-10393741,321,"Tail After 321"
"2314",614,618,"Tail After",265,1253,926,0,0,-10979714,321,"Tail After 321"
"2315",615,619,"Tail After",266,1253,926,0,0,-10587784,321,"Tail After 321"
"2316",616,620,"Tail After",267,1253,926,0,0,-10191991,321,"Tail After 321"
"2317",617,621,"Tail After",268,1253,926,0,0,-10589342,321,"Tail After 321"
"2318",618,622,"Tail After",269,1253,923,1.017,0.678,-9997965,321,"Tail After 321"
"2319",619,623,"Tail After",270,1253,926,1.017,0.678,-10455436,321,"Tail After 321"
"2320",620,624,"Tail After",271,1253,926,0,0,-10064285,321,"Tail After 321"
"2321",621,625,"Tail After",272,1253,926,0,0,-10126725,321,"Tail After 321"
"2322",622,626,"Tail After",273,1253,926,0,0,-9402497,321,"Tail After 321"
"2323",623,627,"Tail After",274,1255,923,1.222,0.815,-11048344,321,"Tail After 321"
"2324",624,628,"Tail After",275,1253,923,0.678,0.452,-9539198,321,"Tail After 321"
"2325",625,629,"Tail After",276,1253,923,0,0,-9865871,321,"Tail After 321"
"2326",626,630,"Tail After",277,1255,926,1.222,0.815,-10454936,321,"Tail After 321"
"2327",627,631,"Tail After",278,1255,926,0,0,-10916239,321,"Tail After 321"
"2328",628,632,"Tail After",279,1255,926,0,0,-9995145,321,"Tail After 321"
"2329",629,633,"Tail After",280,1255,926,0,0,-9995660,321,"Tail After 321"
"2330",630,634,"Tail After",281,1253,926,0.678,0.452,-10587535,321,"Tail After 321"
"2331",631,635,"Tail After",282,1253,926,0,0,-10723734,321,"Tail After 321"
"2332",632,636,"Tail After",283,1253,926,0,0,-10001029,321,"Tail After 321"
"2333",633,637,"Tail After",284,1253,926,0,0,-10324625,321,"Tail After 321"
"2334",634,638,"Tail After",285,1253,926,0,0,-10256763,321,"Tail After 321"
"2335",635,639,"Tail After",286,1253,926,0,0,-10194068,321,"Tail After 321"
"2336",636,640,"Tail After",287,1251,926,0.678,0.452,-10260098,321,"Tail After 321"
"2337",637,641,"Tail After",288,1253,923,1.222,0.815,-10129302,321,"Tail After 321"
"2338",638,642,"Tail After",289,1253,926,1.017,0.678,-10258568,321,"Tail After 321"
"2339",639,643,"Tail After",290,1253,926,0,0,-10394491,321,"Tail After 321"
"2340",640,644,"Tail After",291,1253,926,0,0,-10259581,321,"Tail After 321"
"2341",641,645,"Tail After",292,1253,926,0,0,-10390406,321,"Tail After 321"
"2342",642,646,"Tail After",293,1253,926,0,0,-9863056,321,"Tail After 321"
"2343",643,647,"Tail After",294,1253,926,0,0,-9995398,321,"Tail After 321"
"2344",644,648,"Tail After",295,1253,926,0,0,-10058882,321,"Tail After 321"
"2345",645,649,"Tail After",296,1253,926,0,0,-10651535,321,"Tail After 321"
"2346",646,650,"Tail After",297,1253,926,0,0,-9667463,321,"Tail After 321"
"2347",647,651,"Tail After",298,1253,926,0,0,-10128273,321,"Tail After 321"
"2348",648,652,"Tail After",299,1253,923,1.017,0.678,-11177863,321,"Tail After 321"
"2349",649,653,"Tail After",300,1253,928,1.695,1.13,-9928841,321,"Tail After 321"
"2350",650,654,"Tail After",301,1253,928,0,0,-9732475,321,"Tail After 321"
"2351",651,655,"Tail After",302,1251,923,1.826,1.217,-10914705,321,"Tail After 321"
"2352",652,656,"Tail After",303,1251,928,1.695,1.13,-9863812,321,"Tail After 321"
"2353",653,657,"Tail After",304,1253,928,0.678,0.452,-9930385,321,"Tail After 321"
"2354",654,658,"Tail After",305,1253,928,0,0,-10258057,321,"Tail After 321"
"2355",655,659,"Tail After",306,1253,928,0,0,-9801869,321,"Tail After 321"
"2356",656,660,"Tail After",307,1257,926,1.516,1.011,-9995408,321,"Tail After 321"
"2357",657,661,"Tail After",308,1257,926,0,0,-9402759,321,"Tail After 321"
"2358",658,662,"Tail After",309,1257,928,0.678,0.452,-9665920,321,"Tail After 321"
"2359",659,663,"Tail After",310,1255,928,0.678,0.452,-10456190,321,"Tail After 321"
"2360",660,664,"Tail After",311,1253,928,0.678,0.452,-10457988,321,"Tail After 321"
"2361",661,665,"Tail After",312,1253,928,0,0,-9998995,321,"Tail After 321"
"2362",662,666,"Tail After",313,1255,926,0.959,0.639,-11111819,321,"Tail After 321"
"2363",663,667,"Tail After",314,1255,926,0,0,-9665168,321,"Tail After 321"
"2364",664,668,"Tail After",315,1255,928,0.678,0.452,-10392983,321,"Tail After 321"
"2365",665,669,"Tail After",316,1255,926,0.678,0.452,-9007450,321,"Tail After 321"
"2366",666,670,"Tail After",317,1255,928,0.678,0.452,-9865352,321,"Tail After 321"
"2367",667,671,"Tail After",318,1255,928,0,0,-8746610,321,"Tail After 321"
"2368",668,672,"Tail After",319,1255,928,0,0,-9668992,321,"Tail After 321"
"2369",669,673,"Tail After",320,1255,926,0.678,0.452,-11378079,321,"Tail After 321"
"2370",670,674,"Tail After",321,1255,926,0,0,-11115419,321,"Tail After 321"
"2371",671,675,"Tail After",322,1255,926,0,0,-10654108,321,"Tail After 321"
"2372",672,676,"Tail After",323,1255,926,0,0,-10654368,321,"Tail After 321"
"2373",673,677,"Tail After",324,1255,926,0,0,-10851483,321,"Tail After 321"
"2374",674,678,"Tail After",325,1251,926,1.356,0.904,-9735037,321,"Tail After 321"
"2375",675,679,"Tail After",326,1253,926,0.678,0.452,-10789014,321,"Tail After 321"
"2376",676,680,"Tail After",327,1253,926,0,0,-9930886,321,"Tail After 321"
"2377",677,681,"Tail After",328,1253,926,0,0,-10128789,321,"Tail After 321"
"2378",678,682,"Tail After",329,1253,926,0,0,-10654607,321,"Tail After 321"
"2379",679,683,"Tail After",330,1253,928,0.678,0.452,-10652548,321,"Tail After 321"
"2380",680,684,"Tail After",331,1253,923,1.695,1.13,-11184536,321,"Tail After 321"
"2381",681,685,"Tail After",332,1253,926,1.017,0.678,-10520964,321,"Tail After 321"
"2382",682,686,"Tail After",333,1253,926,0,0,-9931887,321,"Tail After 321"
"2383",683,687,"Tail After",334,1253,926,0,0,-9671824,321,"Tail After 321"
"2384",684,688,"Tail After",335,1253,926,0,0,-10918030,321,"Tail After 321"
"2385",685,689,"Tail After",336,1251,926,0.678,0.452,-10257036,321,"Tail After 321"
"2386",686,690,"Tail After",337,1253,926,0.678,0.452,-9932677,321,"Tail After 321"
"2387",687,691,"Tail After",338,1253,926,0,0,-10265492,321,"Tail After 321"
"2388",688,692,"Tail After",339,1253,926,0,0,-10983825,321,"Tail After 321"
"2389",689,693,"Tail After",340,1253,926,0,0,-10918808,321,"Tail After 321"
"2390",690,694,"Tail After",341,1253,926,0,0,-9797507,321,"Tail After 321"
"2391",691,695,"Tail After",342,1253,926,0,0,-10125720,321,"Tail After 321"
"2392",692,696,"Tail After",343,1251,923,1.222,0.815,-9144966,321,"Tail After 321"
"2393",693,697,"Tail After",344,1253,928,1.826,1.217,-10918030,321,"Tail After 321"
"2394",694,698,"Tail After",345,1253,926,0.678,0.452,-9536134,321,"Tail After 321"
"2395",695,699,"Tail After",346,1251,921,1.826,1.217,-10001299,321,"Tail After 321"
"2396",696,700,"Tail After",347,1251,923,0.678,0.452,-9077620,321,"Tail After 321"
"2397",697,701,"Tail After",348,1253,926,1.222,0.815,-11904672,321,"Tail After 321"
"2398",698,702,"Tail After",349,1253,926,0,0,-10981260,321,"Tail After 321"
"2399",699,703,"Tail After",350,1253,926,0,0,-11637403,321,"Tail After 321"
"2400",700,704,"Tail After",351,1255,932,2.144,1.429,-9663864,321,"Tail After 321"
"2401",701,705,"Tail After",352,1255,930,0.678,0.452,-10588822,321,"Tail After 321"
"2402",702,706,"Tail After",353,1255,928,0.678,0.452,-9277817,321,"Tail After 321"
"2403",1,2,"Head Before",2,998,250,47.558,31.705,-8357729,411,"Head Before 411"
"2404",2,3,"Head Before",3,1048,307,25.704,17.136,-7048001,411,"Head Before 411"
"2405",3,4,"Head Before",4,1092,420,41.109,27.406,-7495524,411,"Head Before 411"
"2406",4,5,"Head Before",5,1130,477,23.223,15.482,-8225624,411,"Head Before 411"
"2407",5,6,"Head Before",6,1159,475,9.854,6.57,-9667177,411,"Head Before 411"
"2408",6,7,"Head Before",7,1241,504,29.485,19.657,-9539681,411,"Head Before 411"
"2409",7,8,"Head Before",8,1348,546,38.967,25.978,-9072475,411,"Head Before 411"
"2410",8,9,"Head Before",9,1476,563,43.773,29.182,-9406072,411,"Head Before 411"
"2411",9,10,"Head Before",10,1524,521,21.622,14.414,-10388612,411,"Head Before 411"
"2412",10,11,"Head Before",11,1572,487,19.941,13.294,-9602679,411,"Head Before 411"
"2413",11,12,"Head Before",12,1578,485,2.144,1.429,-9929847,411,"Head Before 411"
"2414",12,13,"Head Before",13,1576,477,2.795,1.864,-10259574,411,"Head Before 411"
"2415",13,14,"Head Before",14,1591,454,9.309,6.206,-9798771,411,"Head Before 411"
"2416",14,15,"Head Before",15,1597,441,4.854,3.236,-10127998,411,"Head Before 411"
"2417",15,16,"Head Before",16,1616,475,13.204,8.802,-9732989,411,"Head Before 411"
"2418",16,17,"Head Before",17,1620,487,4.288,2.859,-10256250,411,"Head Before 411"
"2419",17,18,"Head Before",18,1620,510,7.797,5.198,-10715770,411,"Head Before 411"
"2420",18,19,"Head Before",19,1629,517,3.865,2.577,-10126204,411,"Head Before 411"
"2421",19,20,"Head Before",20,1629,508,3.051,2.034,-10323835,411,"Head Before 411"
"2422",20,21,"Head Before",21,1654,506,8.502,5.668,-7568742,411,"Head Before 411"
"2423",21,22,"Head Before",22,1662,517,4.611,3.074,-6848089,411,"Head Before 411"
"2424",22,23,"Head Before",23,1668,527,3.953,2.636,-10521214,411,"Head Before 411"
"2425",23,24,"Head Before",24,1668,527,0,0,-10586755,411,"Head Before 411"
"2426",24,25,"Head Before",25,1652,517,6.396,4.264,-10193540,411,"Head Before 411"
"2427",25,26,"Head Before",26,1647,502,5.36,3.573,-9667961,411,"Head Before 411"
"2428",26,27,"Head Before",27,1658,513,5.274,3.516,-10322821,411,"Head Before 411"
"2429",27,28,"Head Before",28,1666,525,4.889,3.259,-10522754,411,"Head Before 411"
"2430",28,29,"Head Before",29,1666,540,5.085,3.39,-10323835,411,"Head Before 411"
"2431",29,30,"Head Before",30,1671,538,1.826,1.217,-10060411,411,"Head Before 411"
"2432",30,31,"Head Before",31,1706,538,11.865,7.91,-10256751,411,"Head Before 411"
"2433",31,32,"Head Before",32,1767,554,21.379,14.252,-8618596,411,"Head Before 411"
"2434",32,33,"Head Before",33,1803,584,15.886,10.591,-8619624,411,"Head Before 411"
"2435",33,34,"Head Before",34,1811,613,10.198,6.799,-10126455,411,"Head Before 411"
"2436",34,35,"Head Before",35,1821,645,11.365,7.577,-10455171,411,"Head Before 411"
"2437",35,36,"Head Before",36,1826,657,4.407,2.938,-10325367,411,"Head Before 411"
"2438",36,37,"Head Before",37,1840,684,10.31,6.874,-10455411,411,"Head Before 411"
"2439",37,38,"Head Before",38,1863,756,25.623,17.082,-9471849,411,"Head Before 411"
"2440",38,39,"Head Before",39,1868,754,1.826,1.217,-9538408,411,"Head Before 411"
"2441",39,40,"Head Before",40,1872,814,20.385,13.59,-8554597,411,"Head Before 411"
"2442",40,41,"Head Before",41,1830,879,26.235,17.49,-8745341,411,"Head Before 411"
"2443",41,42,"Head Before",42,1792,926,20.489,13.659,-9535848,411,"Head Before 411"
"2444",42,43,"Head Before",43,1763,1012,30.767,20.511,-7830361,411,"Head Before 411"
"2445",43,44,"Head Before",44,1767,1079,22.753,15.169,-5004855,411,"Head Before 411"
"2446",44,45,"Head Before",45,1740,1133,20.467,13.644,-9076075,411,"Head Before 411"
"2447",45,46,"Head Before",46,1694,1123,15.958,10.639,-7307877,411,"Head Before 411"
"2448",46,47,"Head Before",47,1666,1137,10.612,7.075,-9734008,411,"Head Before 411"
"2449",47,48,"Head Before",48,1637,1135,9.854,6.57,-10257531,411,"Head Before 411"
"2450",48,49,"Head Before",49,1633,1139,1.918,1.278,-10585466,411,"Head Before 411"
"2451",49,50,"Head Before",50,1637,1146,2.733,1.822,-9796479,411,"Head Before 411"
"2452",50,51,"Head Before",51,1645,1156,4.341,2.894,-9862779,411,"Head Before 411"
"2453",51,52,"Head Before",52,1641,1146,3.651,2.434,-9864323,411,"Head Before 411"
"2454",52,53,"Head Before",53,1637,1139,2.733,1.822,-9143421,411,"Head Before 411"
"2455",53,54,"Head Before",54,1635,1142,1.222,0.815,-10585213,411,"Head Before 411"
"2456",54,55,"Head Before",55,1637,1152,3.457,2.305,-10782846,411,"Head Before 411"
"2457",55,56,"Head Before",56,1616,1146,7.404,4.936,-9931386,411,"Head Before 411"
"2458",56,57,"Head Before",57,1606,1139,4.138,2.759,-9341819,411,"Head Before 411"
"2459",57,58,"Head Before",58,1608,1114,8.502,5.668,-10193026,411,"Head Before 411"
"2460",58,59,"Head Before",59,1606,1112,0.959,0.639,-9277057,411,"Head Before 411"
"2461",59,60,"Head Before",60,1612,1110,2.144,1.429,-6847837,411,"Head Before 411"
"2462",60,61,"Head Before",61,1582,1074,15.886,10.591,-8483689,411,"Head Before 411"
"2463",61,62,"Head Before",62,1557,1020,20.173,13.448,-8946810,411,"Head Before 411"
"2464",62,63,"Head Before",63,1541,970,17.797,11.864,-9076856,411,"Head Before 411"
"2465",63,64,"Head Before",64,1536,938,10.98,7.32,-9930616,411,"Head Before 411"
"2466",64,65,"Head Before",65,1530,892,15.726,10.484,-8749684,411,"Head Before 411"
"2467",65,66,"Head Before",66,1515,844,17.048,11.365,-9666425,411,"Head Before 411"
"2468",66,67,"Head Before",67,1532,789,19.515,13.01,-7698021,411,"Head Before 411"
"2469",67,68,"Head Before",68,1536,735,18.356,12.237,-9139048,411,"Head Before 411"
"2470",68,69,"Head Before",69,1528,682,18.171,12.114,-8288353,411,"Head Before 411"
"2471",69,70,"Head Before",70,1517,619,21.68,14.453,-8614756,411,"Head Before 411"
"2472",70,71,"Head Before",71,1532,561,20.309,13.539,-8553843,411,"Head Before 411"
"2473",71,72,"Head Before",72,1549,498,22.121,14.747,-9400941,411,"Head Before 411"
"2474",72,73,"Head Before",73,1585,441,22.854,15.236,-9274737,411,"Head Before 411"
"2475",73,74,"Head Before",74,1585,439,0.678,0.452,-10062723,411,"Head Before 411"
"2476",74,75,"Head Before",75,1578,431,3.604,2.402,-9863553,411,"Head Before 411"
"2477",75,76,"Head Before",76,1576,435,1.516,1.011,-9405292,411,"Head Before 411"
"2478",76,77,"Head Before",77,1576,422,4.407,2.938,-9862773,411,"Head Before 411"
"2479",77,78,"Head Before",78,1568,431,4.082,2.721,-8358006,411,"Head Before 411"
"2480",78,79,"Head Before",79,1557,431,3.729,2.486,-8487020,411,"Head Before 411"
"2481",79,80,"Head Before",80,1549,433,2.795,1.864,-7898223,411,"Head Before 411"
"2482",80,81,"Head Before",81,1572,431,7.826,5.218,-10721680,411,"Head Before 411"
"2483",81,82,"Head Before",82,1582,424,4.138,2.759,-9800838,411,"Head Before 411"
"2484",82,83,"Head Before",83,1591,399,9.007,6.005,-10257279,411,"Head Before 411"
"2485",83,84,"Head Before",84,1631,351,21.181,14.121,-9867647,411,"Head Before 411"
"2486",84,85,"Head Before",85,1666,320,15.85,10.567,-8423043,411,"Head Before 411"
"2487",85,86,"Head Before",86,1685,326,6.755,4.503,-9537911,411,"Head Before 411"
"2488",86,87,"Head Before",87,1715,307,12.038,8.025,-8947071,411,"Head Before 411"
"2489",87,88,"Head Before",88,1740,295,9.401,6.267,-9865601,411,"Head Before 411"
"2490",88,89,"Head Before",89,1769,282,10.774,7.182,-9671821,411,"Head Before 411"
"2491",89,90,"Head Before",90,1771,278,1.516,1.011,-7571562,411,"Head Before 411"
"2492",90,91,"Head Before",91,1830,255,21.467,14.311,-9931397,411,"Head Before 411"
"2493",91,92,"Head Before",92,1868,206,21.021,14.014,-9802121,411,"Head Before 411"
"2494",92,93,"Head Before",93,1834,190,12.738,8.492,-10325642,411,"Head Before 411"
"2495",93,94,"Head Before",94,1849,165,9.883,6.589,-9340295,411,"Head Before 411"
"2496",94,95,"Head Before",95,1834,171,5.477,3.651,-9866876,411,"Head Before 411"
"2497",95,96,"Head Before",96,1847,169,4.459,2.973,-9666693,411,"Head Before 411"
"2498",96,97,"Head Before",97,1821,154,10.176,6.784,-9472126,411,"Head Before 411"
"2499",97,98,"Head Before",98,1821,131,7.797,5.198,-8751749,411,"Head Before 411"
"2500",98,99,"Head Before",99,1824,87,14.951,9.967,-8871533,411,"Head Before 411"
"2501",99,100,"Head Before",100,1828,74,4.611,3.074,-5931365,411,"Head Before 411"
"2502",100,101,"Head Before",101,1845,91,8.15,5.433,-10851735,411,"Head Before 411"
"2503",101,102,"Head Before",102,1836,102,4.818,3.212,-12621726,411,"Head Before 411"
"2504",102,103,"Head Before",103,1851,108,5.477,3.651,-11506592,411,"Head Before 411"
"2505",103,104,"Head Before",104,1828,110,7.826,5.218,-12691128,411,"Head Before 411"
"2506",104,105,"Head Before",105,1840,125,6.512,4.341,-8816764,411,"Head Before 411"
"2507",105,106,"Head Before",106,1828,135,5.295,3.53,-13947311,411,"Head Before 411"
"2508",106,107,"Head Before",107,1796,146,11.471,7.647,-11645891,411,"Head Before 411"
"2509",107,108,"Head Before",108,1784,148,4.124,2.749,-12749183,411,"Head Before 411"
"2510",108,109,"Head Before",109,1771,141,5.005,3.337,-10855856,411,"Head Before 411"
"2511",109,110,"Head Before",110,1746,169,12.725,8.483,-9803148,411,"Head Before 411"
"2512",110,111,"Head Before",111,1729,175,6.111,4.074,-9864061,411,"Head Before 411"
"2513",111,112,"Head Before",112,1698,198,13.086,8.724,-8093803,411,"Head Before 411"
"2514",112,113,"Head Before",113,1698,240,14.238,9.492,-8027239,411,"Head Before 411"
"2515",113,114,"Head Before",114,1700,255,5.13,3.42,-8688240,411,"Head Before 411"
"2516",114,115,"Head Before",115,1706,261,2.877,1.918,-8878707,411,"Head Before 411"
"2517",115,116,"Head Before",116,1727,286,11.068,7.379,-8559736,411,"Head Before 411"
"2518",116,117,"Head Before",117,1744,305,8.643,5.762,-9263740,411,"Head Before 411"
"2519",117,118,"Head Before",118,1740,318,4.611,3.074,-11513535,411,"Head Before 411"
"2520",118,119,"Head Before",119,1748,311,3.604,2.402,-11184552,411,"Head Before 411"
"2521",119,120,"Head Before",120,1756,313,2.795,1.864,-7568542,411,"Head Before 411"
"2522",120,122,"Tail Before",2,995,156,40.411,26.94,-3947830,411,"Tail Before 411"
"2523",121,123,"Tail Before",3,979,232,26.329,17.553,-11838640,411,"Tail Before 411"
"2524",122,124,"Tail Before",4,1071,334,46.565,31.044,-7155776,411,"Tail Before 411"
"2525",123,125,"Tail Before",5,1083,408,25.414,16.942,-12957891,411,"Tail Before 411"
"2526",124,126,"Tail Before",6,1096,418,5.56,3.707,-8828298,411,"Tail Before 411"
"2527",125,127,"Tail Before",7,1172,462,29.77,19.847,-13806780,411,"Tail Before 411"
"2528",126,128,"Tail Before",8,1281,527,43.022,28.682,-13479830,411,"Tail Before 411"
"2529",127,129,"Tail Before",9,1394,548,38.963,25.975,-10076335,411,"Tail Before 411"
"2530",128,130,"Tail Before",10,1448,523,20.173,13.448,-15452591,411,"Tail Before 411"
"2531",129,131,"Tail Before",11,1501,510,18.5,12.333,-13802938,411,"Tail Before 411"
"2532",130,132,"Tail Before",12,1505,513,1.695,1.13,-16373461,411,"Tail Before 411"
"2533",131,133,"Tail Before",13,1515,510,3.539,2.36,-10454970,411,"Tail Before 411"
"2534",132,134,"Tail Before",14,1530,506,5.263,3.508,-9877672,411,"Tail Before 411"
"2535",133,135,"Tail Before",15,1543,500,4.854,3.236,-9399148,411,"Tail Before 411"
"2536",134,136,"Tail Before",16,1549,517,6.111,4.074,-10859922,411,"Tail Before 411"
"2537",135,137,"Tail Before",17,1547,519,0.959,0.639,-8672339,411,"Tail Before 411"
"2538",136,138,"Tail Before",18,1536,517,3.79,2.527,-14995654,411,"Tail Before 411"
"2539",137,139,"Tail Before",19,1549,508,5.36,3.573,-10015921,411,"Tail Before 411"
"2540",138,140,"Tail Before",20,1547,521,4.459,2.973,-8351353,411,"Tail Before 411"
"2541",139,141,"Tail Before",21,1576,529,10.198,6.799,-11582629,411,"Tail Before 411"
"2542",140,142,"Tail Before",22,1585,519,4.561,3.041,-8345191,411,"Tail Before 411"
"2543",141,143,"Tail Before",23,1591,525,2.877,1.918,-8422536,411,"Tail Before 411"
"2544",142,144,"Tail Before",24,1580,523,3.79,2.527,-14403770,411,"Tail Before 411"
"2545",143,145,"Tail Before",25,1564,527,5.591,3.727,-11497863,411,"Tail Before 411"
"2546",144,146,"Tail Before",26,1574,527,3.39,2.26,-10926002,411,"Tail Before 411"
"2547",145,147,"Tail Before",27,1580,536,3.667,2.445,-12829636,411,"Tail Before 411"
"2548",146,148,"Tail Before",28,1585,527,3.49,2.327,-12891844,411,"Tail Before 411"
"2549",147,149,"Tail Before",29,1587,531,1.516,1.011,-8492213,411,"Tail Before 411"
"2550",148,150,"Tail Before",30,1591,536,2.171,1.447,-13688269,411,"Tail Before 411"
"2551",149,151,"Tail Before",31,1626,546,12.34,8.227,-7117704,411,"Tail Before 411"
"2552",150,152,"Tail Before",32,1694,540,23.142,15.428,-11440809,411,"Tail Before 411"
"2553",151,153,"Tail Before",33,1729,557,13.191,8.794,-13345190,411,"Tail Before 411"
"2554",152,154,"Tail Before",34,1752,561,7.914,5.276,-15719389,411,"Tail Before 411"
"2555",153,155,"Tail Before",35,1773,586,11.068,7.379,-15323592,411,"Tail Before 411"
"2556",154,156,"Tail Before",36,1782,584,3.125,2.084,-14335945,411,"Tail Before 411"
"2557",155,157,"Tail Before",37,1798,617,12.433,8.288,-15055564,411,"Tail Before 411"
"2558",156,158,"Tail Before",38,1849,684,28.545,19.03,-16439761,411,"Tail Before 411"
"2559",157,159,"Tail Before",39,1851,684,0.678,0.452,-15583945,411,"Tail Before 411"
"2560",158,160,"Tail Before",40,1859,743,20.184,13.456,-13411745,411,"Tail Before 411"
"2561",159,161,"Tail Before",41,1855,819,25.8,17.2,-9340315,411,"Tail Before 411"
"2562",160,162,"Tail Before",42,1832,861,16.233,10.822,-5916743,411,"Tail Before 411"
"2563",161,163,"Tail Before",43,1782,940,31.694,21.129,-15850209,411,"Tail Before 411"
"2564",162,164,"Tail Before",44,1782,1005,22.035,14.69,-16437696,411,"Tail Before 411"
"2565",163,165,"Tail Before",45,1767,1060,19.326,12.884,-11839143,411,"Tail Before 411"
"2566",164,166,"Tail Before",46,1746,1079,9.6,6.4,-15522262,411,"Tail Before 411"
"2567",165,167,"Tail Before",47,1731,1104,9.883,6.589,-13280446,411,"Tail Before 411"
"2568",166,168,"Tail Before",48,1706,1118,9.713,6.476,-12690091,411,"Tail Before 411"
"2569",167,169,"Tail Before",49,1702,1125,2.733,1.822,-9337494,411,"Tail Before 411"
"2570",168,170,"Tail Before",50,1710,1116,4.082,2.721,-14733522,411,"Tail Before 411"
"2571",169,171,"Tail Before",51,1712,1118,0.959,0.639,-13478075,411,"Tail Before 411"
"2572",170,172,"Tail Before",52,1715,1118,1.017,0.678,-11903671,411,"Tail Before 411"
"2573",171,173,"Tail Before",53,1708,1110,3.604,2.402,-14800095,411,"Tail Before 411"
"2574",172,174,"Tail Before",54,1712,1114,1.918,1.278,-13099481,411,"Tail Before 411"
"2575",173,175,"Tail Before",55,1704,1118,3.032,2.021,-12221335,411,"Tail Before 411"
"2576",174,176,"Tail Before",56,1689,1125,5.611,3.741,-15319752,411,"Tail Before 411"
"2577",175,177,"Tail Before",57,1677,1127,4.124,2.749,-11700124,411,"Tail Before 411"
"2578",176,178,"Tail Before",58,1673,1114,4.611,3.074,-13619150,411,"Tail Before 411"
"2579",177,179,"Tail Before",59,1681,1118,3.032,2.021,-12628399,411,"Tail Before 411"
"2580",178,180,"Tail Before",60,1681,1123,1.695,1.13,-14598599,411,"Tail Before 411"
"2581",179,181,"Tail Before",61,1650,1108,11.675,7.783,-13736876,411,"Tail Before 411"
"2582",180,182,"Tail Before",62,1610,1081,16.36,10.907,-8078444,411,"Tail Before 411"
"2583",181,183,"Tail Before",63,1578,1039,17.9,11.933,-15981270,411,"Tail Before 411"
"2584",182,184,"Tail Before",64,1564,1009,11.223,7.482,-14926803,411,"Tail Before 411"
"2585",183,185,"Tail Before",65,1553,963,16.034,10.689,-14474961,411,"Tail Before 411"
"2586",184,186,"Tail Before",66,1541,917,16.116,10.744,-15051170,411,"Tail Before 411"
"2587",185,187,"Tail Before",67,1536,873,15.012,10.008,-14138315,411,"Tail Before 411"
"2588",186,188,"Tail Before",68,1538,819,18.319,12.212,-15318728,411,"Tail Before 411"
"2589",187,189,"Tail Before",69,1543,762,19.397,12.931,-12359584,411,"Tail Before 411"
"2590",188,190,"Tail Before",70,1545,703,20.012,13.342,-16111552,411,"Tail Before 411"
"2591",189,191,"Tail Before",71,1541,643,20.385,13.59,-13014954,411,"Tail Before 411"
"2592",190,192,"Tail Before",72,1551,580,21.624,14.416,-13413804,411,"Tail Before 411"
"2593",191,193,"Tail Before",73,1557,515,22.129,14.752,-12169134,411,"Tail Before 411"
"2594",192,194,"Tail Before",74,1557,515,0,0,-13614522,411,"Tail Before 411"
"2595",193,195,"Tail Before",75,1561,510,2.171,1.447,-12764095,411,"Tail Before 411"
"2596",194,196,"Tail Before",76,1557,515,2.171,1.447,-13216185,411,"Tail Before 411"
"2597",195,197,"Tail Before",77,1557,504,3.729,2.486,-13148078,411,"Tail Before 411"
"2598",196,198,"Tail Before",78,1555,513,3.125,2.084,-7177054,411,"Tail Before 411"
"2599",197,199,"Tail Before",79,1557,508,1.826,1.217,-11576183,411,"Tail Before 411"
"2600",198,200,"Tail Before",80,1555,515,2.468,1.645,-10329763,411,"Tail Before 411"
"2601",199,201,"Tail Before",81,1553,506,3.125,2.084,-9010035,411,"Tail Before 411"
"2602",200,202,"Tail Before",82,1547,513,3.125,2.084,-10578812,411,"Tail Before 411"
"2603",201,203,"Tail Before",83,1553,481,11.037,7.358,-12625588,411,"Tail Before 411"
"2604",202,204,"Tail Before",84,1585,422,22.753,15.169,-13345190,411,"Tail Before 411"
"2605",203,205,"Tail Before",85,1614,383,16.476,10.984,-12828355,411,"Tail Before 411"
"2606",204,206,"Tail Before",86,1622,374,4.082,2.721,-14802387,411,"Tail Before 411"
"2607",205,207,"Tail Before",87,1643,347,11.596,7.73,-9022882,411,"Tail Before 411"
"2608",206,208,"Tail Before",88,1668,334,9.552,6.368,-7243637,411,"Tail Before 411"
"2609",207,209,"Tail Before",89,1691,315,10.113,6.742,-6250901,411,"Tail Before 411"
"2610",208,210,"Tail Before",90,1691,315,0,0,-12950450,411,"Tail Before 411"
"2611",209,211,"Tail Before",91,1748,284,21.996,14.664,-11433367,411,"Tail Before 411"
"2612",210,212,"Tail Before",92,1813,278,22.129,14.752,-12964077,411,"Tail Before 411"
"2613",211,213,"Tail Before",93,1821,274,3.032,2.021,-10522255,411,"Tail Before 411"
"2614",212,214,"Tail Before",94,1826,246,9.642,6.428,-9469332,411,"Tail Before 411"
"2615",213,215,"Tail Before",95,1828,250,1.516,1.011,-13091781,411,"Tail Before 411"
"2616",214,216,"Tail Before",96,1834,246,2.445,1.63,-11965119,411,"Tail Before 411"
"2617",215,217,"Tail Before",97,1834,242,1.356,0.904,-13795228,411,"Tail Before 411"
"2618",216,218,"Tail Before",98,1832,219,7.826,5.218,-8611954,411,"Tail Before 411"
"2619",217,219,"Tail Before",99,1826,165,18.419,12.279,-12427158,411,"Tail Before 411"
"2620",218,220,"Tail Before",100,1824,156,3.125,2.084,-11767706,411,"Tail Before 411"
"2621",219,221,"Tail Before",101,1824,158,0.678,0.452,-12562616,411,"Tail Before 411"
"2622",220,222,"Tail Before",102,1819,158,1.695,1.13,-12886438,411,"Tail Before 411"
"2623",221,223,"Tail Before",103,1826,158,2.373,1.582,-11709625,411,"Tail Before 411"
"2624",222,224,"Tail Before",104,1821,156,1.826,1.217,-10257842,411,"Tail Before 411"
"2625",223,225,"Tail Before",105,1824,158,1.222,0.815,-13934001,411,"Tail Before 411"
"2626",224,226,"Tail Before",106,1817,165,3.356,2.237,-14276582,411,"Tail Before 411"
"2627",225,227,"Tail Before",107,1811,156,3.667,2.445,-9013654,411,"Tail Before 411"
"2628",226,228,"Tail Before",108,1813,160,1.516,1.011,-13607356,411,"Tail Before 411"
"2629",227,229,"Tail Before",109,1811,162,0.959,0.639,-9997455,411,"Tail Before 411"
"2630",228,230,"Tail Before",110,1809,165,1.222,0.815,-10455976,411,"Tail Before 411"
"2631",229,231,"Tail Before",111,1803,171,2.877,1.918,-9016473,411,"Tail Before 411"
"2632",230,232,"Tail Before",112,1775,177,9.707,6.472,-12819634,411,"Tail Before 411"
"2633",231,233,"Tail Before",113,1763,192,6.512,4.341,-13604011,411,"Tail Before 411"
"2634",232,234,"Tail Before",114,1759,209,5.92,3.947,-9154945,411,"Tail Before 411"
"2635",233,235,"Tail Before",115,1754,206,1.977,1.318,-6644594,411,"Tail Before 411"
"2636",234,236,"Tail Before",116,1756,217,3.79,2.527,-14268612,411,"Tail Before 411"
"2637",235,237,"Tail Before",117,1748,236,6.989,4.659,-14659518,411,"Tail Before 411"
"2638",236,238,"Tail Before",118,1748,246,3.39,2.26,-14658239,411,"Tail Before 411"
"2639",237,239,"Tail Before",119,1761,234,5.998,3.998,-7565695,411,"Tail Before 411"
"2640",238,240,"Tail Before",120,1759,230,1.516,1.011,-13752001,411,"Tail Before 411"
"2641",239,242,"Head After",122,1754,309,2.171,1.447,-12431565,411,"Head After 411"
"2642",240,243,"Head After",123,1759,307,1.826,1.217,-13353161,411,"Head After 411"
"2643",241,244,"Head After",124,1748,299,4.611,3.074,-9868699,411,"Head After 411"
"2644",242,245,"Head After",125,1748,303,1.356,0.904,-12370099,411,"Head After 411"
"2645",243,246,"Head After",126,1752,307,1.918,1.278,-9805488,411,"Head After 411"
"2646",244,247,"Head After",127,1754,305,0.959,0.639,-13952478,411,"Head After 411"
"2647",245,248,"Head After",128,1754,299,2.034,1.356,-11178389,411,"Head After 411"
"2648",246,249,"Head After",129,1765,303,3.968,2.645,-11512737,411,"Head After 411"
"2649",247,250,"Head After",130,1769,301,1.516,1.011,-9478269,411,"Head After 411"
"2650",248,251,"Head After",131,1767,299,0.959,0.639,-8089206,411,"Head After 411"
"2651",249,252,"Head After",132,1773,295,2.445,1.63,-8749189,411,"Head After 411"
"2652",250,253,"Head After",133,1773,299,1.356,0.904,-9665669,411,"Head After 411"
"2653",251,254,"Head After",134,1773,301,0.678,0.452,-10063501,411,"Head After 411"
"2654",252,255,"Head After",135,1769,299,1.516,1.011,-10919331,411,"Head After 411"
"2655",253,256,"Head After",136,1775,303,2.445,1.63,-9732486,411,"Head After 411"
"2656",254,257,"Head After",137,1769,303,2.034,1.356,-8751214,411,"Head After 411"
"2657",255,258,"Head After",138,1773,303,1.356,0.904,-10258067,411,"Head After 411"
"2658",256,259,"Head After",139,1777,303,1.356,0.904,-10392474,411,"Head After 411"
"2659",257,260,"Head After",140,1782,301,1.826,1.217,-9276814,411,"Head After 411"
"2660",258,261,"Head After",141,1780,303,0.959,0.639,-10784912,411,"Head After 411"
"2661",259,262,"Head After",142,1775,301,1.826,1.217,-8030322,411,"Head After 411"
"2662",260,263,"Head After",143,1769,301,2.034,1.356,-9996703,411,"Head After 411"
"2663",261,264,"Head After",144,1756,303,4.459,2.973,-11647179,411,"Head After 411"
"2664",262,265,"Head After",145,1744,305,4.124,2.749,-12030375,411,"Head After 411"
"2665",263,266,"Head After",146,1721,318,8.956,5.971,-10392726,411,"Head After 411"
"2666",264,267,"Head After",147,1715,313,2.648,1.765,-10986668,411,"Head After 411"
"2667",265,268,"Head After",148,1715,309,1.356,0.904,-11114137,411,"Head After 411"
"2668",266,269,"Head After",149,1715,303,2.034,1.356,-10918040,411,"Head After 411"
"2669",267,270,"Head After",150,1717,303,0.678,0.452,-11046043,411,"Head After 411"
"2670",268,271,"Head After",151,1723,305,2.144,1.429,-10264220,411,"Head After 411"
"2671",269,272,"Head After",152,1736,311,4.854,3.236,-11785159,411,"Head After 411"
"2672",270,273,"Head After",153,1748,315,4.288,2.859,-14007706,411,"Head After 411"
"2673",271,274,"Head After",154,1754,324,3.667,2.445,-5321777,411,"Head After 411"
"2674",272,275,"Head After",155,1763,328,3.339,2.226,-9207161,411,"Head After 411"
"2675",273,276,"Head After",156,1763,328,0,0,-10981781,411,"Head After 411"
"2676",274,277,"Head After",157,1765,330,0.959,0.639,-11245212,411,"Head After 411"
"2677",275,278,"Head After",158,1771,332,2.144,1.429,-10323597,411,"Head After 411"
"2678",276,279,"Head After",159,1777,328,2.445,1.63,-9405555,411,"Head After 411"
"2679",277,280,"Head After",160,1777,330,0.678,0.452,-8751220,411,"Head After 411"
"2680",278,281,"Head After",161,1775,330,0.678,0.452,-7433322,411,"Head After 411"
"2681",279,282,"Head After",162,1765,328,3.457,2.305,-10198427,411,"Head After 411"
"2682",280,283,"Head After",163,1759,330,2.144,1.429,-11373971,411,"Head After 411"
"2683",281,284,"Head After",164,1752,339,3.865,2.577,-9144951,411,"Head After 411"
"2684",282,285,"Head After",165,1748,341,1.516,1.011,-8882297,411,"Head After 411"
"2685",283,286,"Head After",166,1756,341,2.712,1.808,-9403774,411,"Head After 411"
"2686",284,287,"Head After",167,1754,339,0.959,0.639,-8679285,411,"Head After 411"
"2687",285,288,"Head After",168,1761,334,2.916,1.944,-11703196,411,"Head After 411"
"2688",286,289,"Head After",169,1754,334,2.373,1.582,-10920853,411,"Head After 411"
"2689",287,290,"Head After",170,1756,330,1.516,1.011,-10726780,411,"Head After 411"
"2690",288,291,"Head After",171,1756,334,1.356,0.904,-12161701,411,"Head After 411"
"2691",289,292,"Head After",172,1754,334,0.678,0.452,-11834532,411,"Head After 411"
"2692",290,293,"Head After",173,1750,339,2.171,1.447,-11506325,411,"Head After 411"
"2693",291,294,"Head After",174,1750,339,0,0,-10587033,411,"Head After 411"
"2694",292,295,"Head After",175,1750,334,1.695,1.13,-12364204,411,"Head After 411"
"2695",293,296,"Head After",176,1759,330,3.339,2.226,-11842214,411,"Head After 411"
"2696",294,297,"Head After",177,1765,330,2.034,1.356,-10914707,411,"Head After 411"
"2697",295,298,"Head After",178,1763,332,0.959,0.639,-13084839,411,"Head After 411"
"2698",296,299,"Head After",179,1759,336,1.918,1.278,-12428706,411,"Head After 411"
"2699",297,300,"Head After",180,1756,336,1.017,0.678,-12228257,411,"Head After 411"
"2700",298,301,"Head After",181,1761,334,1.826,1.217,-10058632,411,"Head After 411"
"2701",299,302,"Head After",182,1756,330,2.171,1.447,-11249564,411,"Head After 411"
"2702",300,303,"Head After",183,1750,328,2.144,1.429,-9730181,411,"Head After 411"
"2703",301,304,"Head After",184,1746,328,1.356,0.904,-9528701,411,"Head After 411"
"2704",302,305,"Head After",185,1748,330,0.959,0.639,-9929364,411,"Head After 411"
"2705",303,306,"Head After",186,1746,326,1.516,1.011,-10776755,411,"Head After 411"
"2706",304,307,"Head After",187,1754,324,2.795,1.864,-10196158,411,"Head After 411"
"2707",305,308,"Head After",188,1763,320,3.339,2.226,-9803710,411,"Head After 411"
"2708",306,309,"Head After",189,1767,322,1.516,1.011,-9733006,411,"Head After 411"
"2709",307,310,"Head After",190,1771,324,1.516,1.011,-9345178,411,"Head After 411"
"2710",308,311,"Head After",191,1773,322,0.959,0.639,-10131343,411,"Head After 411"
"2711",309,312,"Head After",192,1775,326,1.516,1.011,-11440535,411,"Head After 411"
"2712",310,313,"Head After",193,1771,326,1.356,0.904,-11248797,411,"Head After 411"
"2713",311,314,"Head After",194,1763,334,3.835,2.557,-10390418,411,"Head After 411"
"2714",312,315,"Head After",195,1765,334,0.678,0.452,-9734285,411,"Head After 411"
"2715",313,316,"Head After",196,1775,330,3.651,2.434,-9933717,411,"Head After 411"
"2716",314,317,"Head After",197,1769,330,2.034,1.356,-11049123,411,"Head After 411"
"2717",315,318,"Head After",198,1771,328,0.959,0.639,-11967145,411,"Head After 411"
"2718",316,319,"Head After",199,1775,328,1.356,0.904,-9075587,411,"Head After 411"
"2719",317,320,"Head After",200,1775,324,1.356,0.904,-11050404,411,"Head After 411"
"2720",318,321,"Head After",201,1782,322,2.468,1.645,-10720677,411,"Head After 411"
"2721",319,322,"Head After",202,1777,328,2.648,1.765,-9603207,411,"Head After 411"
"2722",320,323,"Head After",203,1777,328,0,0,-10454419,411,"Head After 411"
"2723",321,324,"Head After",204,1773,326,1.516,1.011,-10395536,411,"Head After 411"
"2724",322,325,"Head After",205,1773,330,1.356,0.904,-9997965,411,"Head After 411"
"2725",323,326,"Head After",206,1777,326,1.918,1.278,-8555627,411,"Head After 411"
"2726",324,327,"Head After",207,1782,330,2.171,1.447,-9536128,411,"Head After 411"
"2727",325,328,"Head After",208,1786,328,1.516,1.011,-9930367,411,"Head After 411"
"2728",326,329,"Head After",209,1777,324,3.339,2.226,-11769767,411,"Head After 411"
"2729",327,330,"Head After",210,1792,330,5.477,3.651,-9603210,411,"Head After 411"
"2730",328,331,"Head After",211,1788,339,3.339,2.226,-10126992,411,"Head After 411"
"2731",329,332,"Head After",212,1784,343,1.918,1.278,-9864072,411,"Head After 411"
"2732",330,333,"Head After",213,1775,343,3.051,2.034,-10586003,411,"Head After 411"
"2733",331,334,"Head After",214,1777,339,1.516,1.011,-8879998,411,"Head After 411"
"2734",332,335,"Head After",215,1780,341,1.222,0.815,-8552813,411,"Head After 411"
"2735",333,336,"Head After",216,1771,347,3.667,2.445,-9800329,411,"Head After 411"
"2736",334,337,"Head After",217,1773,343,1.516,1.011,-9535887,411,"Head After 411"
"2737",335,338,"Head After",218,1784,347,3.968,2.645,-10190208,411,"Head After 411"
"2738",336,339,"Head After",219,1742,332,15.119,10.079,-11763383,411,"Head After 411"
"2739",337,340,"Head After",220,1740,322,3.457,2.305,-14338773,411,"Head After 411"
"2740",338,341,"Head After",221,1736,305,5.92,3.947,-11044270,411,"Head After 411"
"2741",339,342,"Head After",222,1740,297,3.032,2.021,-14139863,411,"Head After 411"
"2742",340,343,"Head After",223,1748,305,3.835,2.557,-10860984,411,"Head After 411"
"2743",341,344,"Head After",224,1750,313,2.795,1.864,-10660499,411,"Head After 411"
"2744",342,345,"Head After",225,1754,311,1.516,1.011,-9269158,411,"Head After 411"
"2745",343,346,"Head After",226,1771,320,6.521,4.347,-8753540,411,"Head After 411"
"2746",344,347,"Head After",227,1763,324,3.032,2.021,-10781850,411,"Head After 411"
"2747",345,348,"Head After",228,1769,320,2.445,1.63,-11834281,411,"Head After 411"
"2748",346,349,"Head After",229,1767,339,6.477,4.318,-12494516,411,"Head After 411"
"2749",347,350,"Head After",230,1738,328,10.514,7.01,-15587804,411,"Head After 411"
"2750",348,351,"Head After",231,1731,313,5.611,3.741,-11450793,411,"Head After 411"
"2751",349,352,"Head After",232,1744,318,4.722,3.148,-12624012,411,"Head After 411"
"2752",350,353,"Head After",233,1750,320,2.144,1.429,-11900110,411,"Head After 411"
"2753",351,354,"Head After",234,1767,322,5.803,3.868,-10651034,411,"Head After 411"
"2754",352,355,"Head After",235,1773,322,2.034,1.356,-10589845,411,"Head After 411"
"2755",353,356,"Head After",236,1777,332,3.651,2.434,-10063248,411,"Head After 411"
"2756",354,357,"Head After",237,1788,334,3.79,2.527,-10124939,411,"Head After 411"
"2757",355,358,"Head After",238,1794,341,3.125,2.084,-9731697,411,"Head After 411"
"2758",356,359,"Head After",239,1790,341,1.356,0.904,-9404021,411,"Head After 411"
"2759",357,360,"Head After",240,1782,326,5.763,3.842,-11374991,411,"Head After 411"
"2760",358,362,"Tail After",122,1752,223,2.468,1.645,-3295629,411,"Tail After 411"
"2761",359,363,"Tail After",123,1752,219,1.356,0.904,-12963804,411,"Tail After 411"
"2762",360,364,"Tail After",124,1748,213,2.445,1.63,-13680333,411,"Tail After 411"
"2763",361,365,"Tail After",125,1748,217,1.356,0.904,-8423600,411,"Tail After 411"
"2764",362,366,"Tail After",126,1750,219,0.959,0.639,-9874128,411,"Tail After 411"
"2765",363,367,"Tail After",127,1750,219,0,0,-3752893,411,"Tail After 411"
"2766",364,368,"Tail After",128,1756,219,2.034,1.356,-8618120,411,"Tail After 411"
"2767",365,369,"Tail After",129,1759,221,1.222,0.815,-10450064,411,"Tail After 411"
"2768",366,370,"Tail After",130,1756,221,1.017,0.678,-14593457,411,"Tail After 411"
"2769",367,371,"Tail After",131,1754,219,0.959,0.639,-11249279,411,"Tail After 411"
"2770",368,372,"Tail After",132,1754,217,0.678,0.452,-13548729,411,"Tail After 411"
"2771",369,373,"Tail After",133,1754,213,1.356,0.904,-5065338,411,"Tail After 411"
"2772",370,374,"Tail After",134,1759,217,2.171,1.447,-13081264,411,"Tail After 411"
"2773",371,375,"Tail After",135,1756,215,1.222,0.815,-14605008,411,"Tail After 411"
"2774",372,376,"Tail After",136,1756,217,0.678,0.452,-7770258,411,"Tail After 411"
"2775",373,377,"Tail After",137,1759,217,1.017,0.678,-12162214,411,"Tail After 411"
"2776",374,378,"Tail After",138,1759,217,0,0,-11967682,411,"Tail After 411"
"2777",375,379,"Tail After",139,1754,215,1.826,1.217,-11775130,411,"Tail After 411"
"2778",376,380,"Tail After",140,1756,217,0.959,0.639,-10192275,411,"Tail After 411"
"2779",377,381,"Tail After",141,1756,215,0.678,0.452,-10184054,411,"Tail After 411"
"2780",378,382,"Tail After",142,1754,213,0.959,0.639,-8218744,411,"Tail After 411"
"2781",379,383,"Tail After",143,1756,211,0.959,0.639,-7032930,411,"Tail After 411"
"2782",380,384,"Tail After",144,1759,215,1.695,1.13,-13749960,411,"Tail After 411"
"2783",381,385,"Tail After",145,1763,215,1.356,0.904,-11850693,411,"Tail After 411"
"2784",382,386,"Tail After",146,1756,213,2.468,1.645,-10925513,411,"Tail After 411"
"2785",383,387,"Tail After",147,1756,213,0,0,-10600623,411,"Tail After 411"
"2786",384,388,"Tail After",148,1756,213,0,0,-9411506,411,"Tail After 411"
"2787",385,389,"Tail After",149,1756,211,0.678,0.452,-12699312,411,"Tail After 411"
"2788",386,390,"Tail After",150,1754,211,0.678,0.452,-11972546,411,"Tail After 411"
"2789",387,391,"Tail After",151,1754,211,0,0,-7960713,411,"Tail After 411"
"2790",388,392,"Tail After",152,1752,213,0.959,0.639,-10064018,411,"Tail After 411"
"2791",389,393,"Tail After",153,1750,213,0.678,0.452,-11310745,411,"Tail After 411"
"2792",390,394,"Tail After",154,1752,213,0.678,0.452,-14598863,411,"Tail After 411"
"2793",391,395,"Tail After",155,1752,211,0.678,0.452,-13946575,411,"Tail After 411"
"2794",392,396,"Tail After",156,1748,211,1.356,0.904,-11043474,411,"Tail After 411"
"2795",393,397,"Tail After",157,1750,213,0.959,0.639,-13148596,411,"Tail After 411"
"2796",394,398,"Tail After",158,1750,213,0,0,-13208984,411,"Tail After 411"
"2797",395,399,"Tail After",159,1750,215,0.678,0.452,-12155793,411,"Tail After 411"
"2798",396,400,"Tail After",160,1748,211,1.516,1.011,-10976660,411,"Tail After 411"
"2799",397,401,"Tail After",161,1748,215,1.356,0.904,-10783119,411,"Tail After 411"
"2800",398,402,"Tail After",162,1746,215,0.678,0.452,-10850715,411,"Tail After 411"
"2801",399,403,"Tail After",163,1744,215,0.678,0.452,-7499641,411,"Tail After 411"
"2802",400,404,"Tail After",164,1744,215,0,0,-12233390,411,"Tail After 411"
"2803",401,405,"Tail After",165,1746,215,0.678,0.452,-9412984,411,"Tail After 411"
"2804",402,406,"Tail After",166,1748,215,0.678,0.452,-8223376,411,"Tail After 411"
"2805",403,407,"Tail After",167,1750,215,0.678,0.452,-13224884,411,"Tail After 411"
"2806",404,408,"Tail After",168,1761,215,3.729,2.486,-13818823,411,"Tail After 411"
"2807",405,409,"Tail After",169,1756,217,1.826,1.217,-13622986,411,"Tail After 411"
"2808",406,410,"Tail After",170,1754,215,0.959,0.639,-11377327,411,"Tail After 411"
"2809",407,411,"Tail After",171,1754,213,0.678,0.452,-9532286,411,"Tail After 411"
"2810",408,412,"Tail After",172,1754,217,1.356,0.904,-12626616,411,"Tail After 411"
"2811",409,413,"Tail After",173,1761,219,2.468,1.645,-13749699,411,"Tail After 411"
"2812",410,414,"Tail After",174,1754,217,2.468,1.645,-14664106,411,"Tail After 411"
"2813",411,415,"Tail After",175,1754,217,0,0,-14534084,411,"Tail After 411"
"2814",412,416,"Tail After",176,1754,219,0.678,0.452,-12756623,411,"Tail After 411"
"2815",413,417,"Tail After",177,1754,219,0,0,-11378314,411,"Tail After 411"
"2816",414,418,"Tail After",178,1754,219,0,0,-12560309,411,"Tail After 411"
"2817",415,419,"Tail After",179,1752,217,0.959,0.639,-10719371,411,"Tail After 411"
"2818",416,420,"Tail After",180,1761,217,3.051,2.034,-11706509,411,"Tail After 411"
"2819",417,421,"Tail After",181,1754,217,2.373,1.582,-13604245,411,"Tail After 411"
"2820",418,422,"Tail After",182,1754,219,0.678,0.452,-12881036,411,"Tail After 411"
"2821",419,423,"Tail After",183,1756,221,0.959,0.639,-14867655,411,"Tail After 411"
"2822",420,424,"Tail After",184,1754,221,0.678,0.452,-16245725,411,"Tail After 411"
"2823",421,425,"Tail After",185,1756,217,1.516,1.011,-13406387,411,"Tail After 411"
"2824",422,426,"Tail After",186,1756,219,0.678,0.452,-11252396,411,"Tail After 411"
"2825",423,427,"Tail After",187,1754,221,0.959,0.639,-14205637,411,"Tail After 411"
"2826",424,428,"Tail After",188,1752,219,0.959,0.639,-13156019,411,"Tail After 411"
"2827",425,429,"Tail After",189,1752,219,0,0,-12557724,411,"Tail After 411"
"2828",426,430,"Tail After",190,1754,221,0.959,0.639,-10522753,411,"Tail After 411"
"2829",427,431,"Tail After",191,1754,221,0,0,-12298402,411,"Tail After 411"
"2830",428,432,"Tail After",192,1754,221,0,0,-15516081,411,"Tail After 411"
"2831",429,433,"Tail After",193,1754,215,2.034,1.356,-13871293,411,"Tail After 411"
"2832",430,434,"Tail After",194,1754,215,0,0,-11765641,411,"Tail After 411"
"2833",431,435,"Tail After",195,1754,215,0,0,-11636114,411,"Tail After 411"
"2834",432,436,"Tail After",196,1754,215,0,0,-10930819,411,"Tail After 411"
"2835",433,437,"Tail After",197,1754,215,0,0,-16182735,411,"Tail After 411"
"2836",434,438,"Tail After",198,1752,211,1.516,1.011,-13879729,411,"Tail After 411"
"2837",435,439,"Tail After",199,1750,213,0.959,0.639,-12177064,411,"Tail After 411"
"2838",436,440,"Tail After",200,1750,213,0,0,-10395788,411,"Tail After 411"
"2839",437,441,"Tail After",201,1750,213,0,0,-7717770,411,"Tail After 411"
"2840",438,442,"Tail After",202,1752,213,0.678,0.452,-11574680,411,"Tail After 411"
"2841",439,443,"Tail After",203,1752,211,0.678,0.452,-12836291,411,"Tail After 411"
"2842",440,444,"Tail After",204,1752,211,0,0,-13031316,411,"Tail After 411"
"2843",441,445,"Tail After",205,1752,211,0,0,-10646907,411,"Tail After 411"
"2844",442,446,"Tail After",206,1756,206,2.171,1.447,-2437426,411,"Tail After 411"
"2845",443,447,"Tail After",207,1756,211,1.695,1.13,-12707507,411,"Tail After 411"
"2846",444,448,"Tail After",208,1756,211,0,0,-14215103,411,"Tail After 411"
"2847",445,449,"Tail After",209,1763,211,2.373,1.582,-9921656,411,"Tail After 411"
"2848",446,450,"Tail After",210,1761,211,0.678,0.452,-7764589,411,"Tail After 411"
"2849",447,451,"Tail After",211,1761,209,0.678,0.452,-9079712,411,"Tail After 411"
"2850",448,452,"Tail After",212,1761,209,0,0,-9534093,411,"Tail After 411"
"2851",449,453,"Tail After",213,1761,209,0,0,-6057320,411,"Tail After 411"
"2852",450,454,"Tail After",214,1754,206,2.582,1.721,-12681102,411,"Tail After 411"
"2853",451,455,"Tail After",215,1761,204,2.468,1.645,-338755,411,"Tail After 411"
"2854",452,456,"Tail After",216,1763,202,0.959,0.639,-6457960,411,"Tail After 411"
"2855",453,457,"Tail After",217,1761,202,0.678,0.452,-7495001,411,"Tail After 411"
"2856",454,458,"Tail After",218,1761,200,0.678,0.452,-10076083,411,"Tail After 411"
"2857",455,459,"Tail After",219,1763,204,1.516,1.011,-5540017,411,"Tail After 411"
"2858",456,460,"Tail After",220,1765,202,0.959,0.639,-8091225,411,"Tail After 411"
"2859",457,461,"Tail After",221,1763,202,0.678,0.452,-9031308,411,"Tail After 411"
"2860",458,462,"Tail After",222,1765,204,0.959,0.639,-6850999,411,"Tail After 411"
"2861",459,463,"Tail After",223,1763,198,2.144,1.429,-13473452,411,"Tail After 411"
"2862",460,464,"Tail After",224,1763,200,0.678,0.452,-10395285,411,"Tail After 411"
"2863",461,465,"Tail After",225,1771,204,3.032,2.021,-9283457,411,"Tail After 411"
"2864",462,466,"Tail After",226,1767,204,1.356,0.904,-11589539,411,"Tail After 411"
"2865",463,467,"Tail After",227,1767,202,0.678,0.452,-10473097,411,"Tail After 411"
"2866",464,468,"Tail After",228,1767,202,0,0,-8558956,411,"Tail After 411"
"2867",465,469,"Tail After",229,1767,202,0,0,-9475974,411,"Tail After 411"
"2868",466,470,"Tail After",230,1765,202,0.678,0.452,-13676975,411,"Tail After 411"
"2869",467,471,"Tail After",231,1763,202,0.678,0.452,-7646597,411,"Tail After 411"
"2870",468,472,"Tail After",232,1763,198,1.356,0.904,-9478819,411,"Tail After 411"
"2871",469,473,"Tail After",233,1763,200,0.678,0.452,-9876659,411,"Tail After 411"
"2872",470,474,"Tail After",234,1765,202,0.959,0.639,-8491948,411,"Tail After 411"
"2873",471,475,"Tail After",235,1765,202,0,0,-8027273,411,"Tail After 411"
"2874",472,476,"Tail After",236,1765,204,0.678,0.452,-10649215,411,"Tail After 411"
"2875",473,477,"Tail After",237,1767,200,1.516,1.011,-464697,411,"Tail After 411"
"2876",474,478,"Tail After",238,1765,202,0.959,0.639,-10647208,411,"Tail After 411"
"2877",475,479,"Tail After",239,1765,202,0,0,-11835306,411,"Tail After 411"
"2878",476,480,"Tail After",240,1765,202,0,0,-11380375,411,"Tail After 411"
"2879",1,2,"Head Before",2,1933,1181,21.021,14.014,-9537406,421,"Head Before 421"
"2880",2,3,"Head Before",3,1941,1158,8.255,5.503,-9339762,421,"Head Before 421"
"2881",3,4,"Head Before",4,1928,1158,4.407,2.938,-11440031,421,"Head Before 421"
"2882",4,5,"Head Before",5,1926,1173,5.13,3.42,-10190716,421,"Head Before 421"
"2883",5,6,"Head Before",6,1943,1148,10.249,6.833,-8552303,421,"Head Before 421"
"2884",6,7,"Head Before",7,1935,1091,19.512,13.008,-10521481,421,"Head Before 421"
"2885",7,8,"Head Before",8,1899,1037,22.001,14.667,-9270385,421,"Head Before 421"
"2886",8,9,"Head Before",9,1861,993,19.709,13.139,-9930355,421,"Head Before 421"
"2887",9,10,"Head Before",10,1868,1003,4.138,2.759,-12958138,421,"Head Before 421"
"2888",10,11,"Head Before",11,1878,1001,3.457,2.305,-9866641,421,"Head Before 421"
"2889",11,12,"Head Before",12,1886,991,4.341,2.894,-8554356,421,"Head Before 421"
"2890",12,13,"Head Before",13,1903,982,6.521,4.347,-10914956,421,"Head Before 421"
"2891",13,14,"Head Before",14,1958,1001,19.726,13.151,-8679287,421,"Head Before 421"
"2892",14,15,"Head Before",15,1949,980,7.745,5.163,-9609100,421,"Head Before 421"
"2893",15,16,"Head Before",16,1972,968,8.794,5.863,-8486512,421,"Head Before 421"
"2894",16,17,"Head Before",17,2031,947,21.23,14.153,-7042397,421,"Head Before 421"
"2895",17,18,"Head Before",18,2042,951,3.968,2.645,-11449020,421,"Head Before 421"
"2896",18,19,"Head Before",19,2031,949,3.79,2.527,-10713717,421,"Head Before 421"
"2897",19,20,"Head Before",20,2048,976,10.816,7.211,-8356454,421,"Head Before 421"
"2898",20,21,"Head Before",21,2056,986,4.341,2.894,-10197128,421,"Head Before 421"
"2899",21,22,"Head Before",22,2048,993,3.604,2.402,-8487272,421,"Head Before 421"
"2900",22,23,"Head Before",23,2056,1001,3.835,2.557,-9011063,421,"Head Before 421"
"2901",23,24,"Head Before",24,2107,1056,25.427,16.952,-9539699,421,"Head Before 421"
"2902",24,25,"Head Before",25,2165,1114,27.806,18.538,-10982303,421,"Head Before 421"
"2903",25,26,"Head Before",26,2180,1156,15.119,10.079,-8029033,421,"Head Before 421"
"2904",26,27,"Head Before",27,2167,1150,4.854,3.236,-10390408,421,"Head Before 421"
"2905",27,28,"Head Before",28,2170,1133,5.852,3.901,-9664640,421,"Head Before 421"
"2906",28,29,"Head Before",29,2174,1150,5.92,3.947,-8223848,421,"Head Before 421"
"2907",29,30,"Head Before",30,2172,1152,0.959,0.639,-8948854,421,"Head Before 421"
"2908",30,31,"Head Before",31,2163,1154,3.125,2.084,-9668725,421,"Head Before 421"
"2909",31,32,"Head Before",32,2163,1202,16.272,10.848,-10395285,421,"Head Before 421"
"2910",32,33,"Head Before",33,2134,1301,34.971,23.314,-9864574,421,"Head Before 421"
"2911",33,34,"Head Before",34,2096,1378,29.109,19.406,-10722706,421,"Head Before 421"
"2912",34,35,"Head Before",35,2170,1328,30.276,20.184,-14802109,421,"Head Before 421"
"2913",35,36,"Head Before",36,2195,1307,11.068,7.379,-9798271,421,"Head Before 421"
"2914",36,37,"Head Before",37,2178,1288,8.643,5.762,-7961714,421,"Head Before 421"
"2915",37,38,"Head Before",38,2228,1248,21.707,14.471,-14083037,421,"Head Before 421"
"2916",38,39,"Head Before",39,2270,1280,17.9,11.933,-10192516,421,"Head Before 421"
"2917",39,40,"Head Before",40,2258,1305,9.401,6.267,-7436904,421,"Head Before 421"
"2918",40,41,"Head Before",41,2245,1282,8.956,5.971,-8621703,421,"Head Before 421"
"2919",41,42,"Head Before",42,2237,1286,3.032,2.021,-7968630,421,"Head Before 421"
"2920",42,43,"Head Before",43,2232,1272,5.04,3.36,-8219802,421,"Head Before 421"
"2921",43,44,"Head Before",44,2211,1293,10.068,6.712,-9530245,421,"Head Before 421"
"2922",44,45,"Head Before",45,2209,1295,0.959,0.639,-11840672,421,"Head Before 421"
"2923",45,46,"Head Before",46,2220,1295,3.729,2.486,-6780004,421,"Head Before 421"
"2924",46,47,"Head Before",47,2226,1316,7.404,4.936,-16769218,421,"Head Before 421"
"2925",47,48,"Head Before",48,2224,1316,0.678,0.452,-10463668,421,"Head Before 421"
"2926",48,49,"Head Before",49,2222,1316,0.678,0.452,-10594753,421,"Head Before 421"
"2927",49,50,"Head Before",50,2226,1316,1.356,0.904,-10522754,421,"Head Before 421"
"2928",50,51,"Head Before",51,2211,1316,5.085,3.39,-14795475,421,"Head Before 421"
"2929",51,52,"Head Before",52,2203,1320,3.032,2.021,-9210782,421,"Head Before 421"
"2930",52,53,"Head Before",53,2216,1318,4.459,2.973,-11517885,421,"Head Before 421"
"2931",53,54,"Head Before",54,2220,1318,1.356,0.904,-10342327,421,"Head Before 421"
"2932",54,55,"Head Before",55,2211,1311,3.865,2.577,-7691891,421,"Head Before 421"
"2933",55,56,"Head Before",56,2193,1288,9.901,6.601,-11434380,421,"Head Before 421"
"2934",56,57,"Head Before",57,2188,1280,3.198,2.132,-9070446,421,"Head Before 421"
"2935",57,58,"Head Before",58,2176,1267,5.998,3.998,-12750240,421,"Head Before 421"
"2936",58,59,"Head Before",59,2172,1272,2.171,1.447,-15132103,421,"Head Before 421"
"2937",59,60,"Head Before",60,2159,1265,5.005,3.337,-9405050,421,"Head Before 421"
"2938",60,61,"Head Before",61,2163,1274,3.339,2.226,-7561819,421,"Head Before 421"
"2939",61,62,"Head Before",62,2155,1259,5.763,3.842,-8289390,421,"Head Before 421"
"2940",62,63,"Head Before",63,2159,1263,1.918,1.278,-8878447,421,"Head Before 421"
"2941",63,64,"Head Before",64,2151,1265,2.795,1.864,-8421748,421,"Head Before 421"
"2942",64,65,"Head Before",65,2151,1274,3.051,2.034,-9794684,421,"Head Before 421"
"2943",65,66,"Head Before",66,2146,1267,2.916,1.944,-10060916,421,"Head Before 421"
"2944",66,67,"Head Before",67,2136,1269,3.457,2.305,-8881543,421,"Head Before 421"
"2945",67,68,"Head Before",68,2130,1276,3.125,2.084,-9607307,421,"Head Before 421"
"2946",68,69,"Head Before",69,2132,1282,2.144,1.429,-10783631,421,"Head Before 421"
"2947",69,70,"Head Before",70,2125,1286,2.733,1.822,-10262923,421,"Head Before 421"
"2948",70,71,"Head Before",71,2136,1278,4.611,3.074,-9605289,421,"Head Before 421"
"2949",71,72,"Head Before",72,2136,1280,0.678,0.452,-10647938,421,"Head Before 421"
"2950",72,73,"Head Before",73,2134,1272,2.795,1.864,-10187645,421,"Head Before 421"
"2951",73,74,"Head Before",74,2134,1276,1.356,0.904,-9075333,421,"Head Before 421"
"2952",74,75,"Head Before",75,2136,1263,4.459,2.973,-9536385,421,"Head Before 421"
"2953",75,76,"Head Before",76,2136,1286,7.797,5.198,-9336680,421,"Head Before 421"
"2954",76,77,"Head Before",77,2132,1265,7.247,4.831,-9863810,421,"Head Before 421"
"2955",77,78,"Head Before",78,2132,1284,6.441,4.294,-10456709,421,"Head Before 421"
"2956",78,79,"Head Before",79,2140,1255,10.198,6.799,-11702418,421,"Head Before 421"
"2957",79,80,"Head Before",80,2140,1272,5.763,3.842,-9602421,421,"Head Before 421"
"2958",80,81,"Head Before",81,2136,1269,1.695,1.13,-10322321,421,"Head Before 421"
"2959",81,82,"Head Before",82,2136,1259,3.39,2.26,-9869203,421,"Head Before 421"
"2960",82,83,"Head Before",83,2136,1272,4.407,2.938,-8552054,421,"Head Before 421"
"2961",83,84,"Head Before",84,2142,1286,5.163,3.442,-9533590,421,"Head Before 421"
"2962",84,85,"Head Before",85,2138,1295,3.339,2.226,-8620925,421,"Head Before 421"
"2963",85,86,"Head Before",86,2140,1299,1.516,1.011,-10392215,421,"Head Before 421"
"2964",86,87,"Head Before",87,2134,1301,2.144,1.429,-9148800,421,"Head Before 421"
"2965",87,88,"Head Before",88,2123,1299,3.79,2.527,-9476986,421,"Head Before 421"
"2966",88,89,"Head Before",89,2134,1295,3.968,2.645,-9471121,421,"Head Before 421"
"2967",89,90,"Head Before",90,2123,1293,3.79,2.527,-9406078,421,"Head Before 421"
"2968",90,91,"Head Before",91,2132,1286,3.865,2.577,-8093541,421,"Head Before 421"
"2969",91,92,"Head Before",92,2159,1286,9.153,6.102,-4215337,421,"Head Before 421"
"2970",92,93,"Head Before",93,2151,1301,5.763,3.842,-9987929,421,"Head Before 421"
"2971",93,94,"Head Before",94,2144,1305,2.733,1.822,-13022903,421,"Head Before 421"
"2972",94,95,"Head Before",95,2146,1301,1.516,1.011,-12569275,421,"Head Before 421"
"2973",95,96,"Head Before",96,2144,1303,0.959,0.639,-9533814,421,"Head Before 421"
"2974",96,97,"Head Before",97,2130,1290,6.477,4.318,-9994872,421,"Head Before 421"
"2975",97,98,"Head Before",98,2140,1307,6.686,4.457,-7849103,421,"Head Before 421"
"2976",98,99,"Head Before",99,2138,1295,4.124,2.749,-7303766,421,"Head Before 421"
"2977",99,100,"Head Before",100,2146,1297,2.795,1.864,-9137771,421,"Head Before 421"
"2978",100,101,"Head Before",101,2142,1297,1.356,0.904,-13156307,421,"Head Before 421"
"2979",101,102,"Head Before",102,2144,1309,4.124,2.749,-6787925,421,"Head Before 421"
"2980",102,103,"Head Before",103,2144,1307,0.678,0.452,-8482937,421,"Head Before 421"
"2981",103,104,"Head Before",104,2136,1299,3.835,2.557,-13348029,421,"Head Before 421"
"2982",104,105,"Head Before",105,2132,1293,2.445,1.63,-7761247,421,"Head Before 421"
"2983",105,106,"Head Before",106,2128,1284,3.339,2.226,-7559775,421,"Head Before 421"
"2984",106,107,"Head Before",107,2121,1286,2.468,1.645,-9862021,421,"Head Before 421"
"2985",107,108,"Head Before",108,2128,1295,3.865,2.577,-9009263,421,"Head Before 421"
"2986",108,109,"Head Before",109,2140,1278,7.054,4.703,-14470350,421,"Head Before 421"
"2987",109,110,"Head Before",110,2144,1274,1.918,1.278,-11636146,421,"Head Before 421"
"2988",110,111,"Head Before",111,2134,1284,4.794,3.196,-14274251,421,"Head Before 421"
"2989",111,112,"Head Before",112,2136,1288,1.516,1.011,-12158101,421,"Head Before 421"
"2990",112,113,"Head Before",113,2161,1253,14.581,9.721,-13211304,421,"Head Before 421"
"2991",113,114,"Head Before",114,2142,1274,9.6,6.4,-7624028,421,"Head Before 421"
"2992",114,115,"Head Before",115,2144,1280,2.144,1.429,-9468025,421,"Head Before 421"
"2993",115,116,"Head Before",116,2151,1288,3.604,2.402,-7235717,421,"Head Before 421"
"2994",116,117,"Head Before",117,2153,1299,3.79,2.527,-7958642,421,"Head Before 421"
"2995",117,118,"Head Before",118,2144,1301,3.125,2.084,-13882567,421,"Head Before 421"
"2996",118,119,"Head Before",119,2142,1278,7.826,5.218,-12683166,421,"Head Before 421"
"2997",119,120,"Head Before",120,2134,1293,5.763,3.842,-7166038,421,"Head Before 421"
"2998",120,121,"Head Before",121,2134,1303,3.39,2.26,-11180961,421,"Head Before 421"
"2999",121,122,"Head Before",122,2132,1293,3.457,2.305,-9604500,421,"Head Before 421"
"3000",122,123,"Head Before",123,2132,1299,2.034,1.356,-11056574,421,"Head Before 421"
"3001",123,124,"Head Before",124,2130,1303,1.516,1.011,-7362924,421,"Head Before 421"
"3002",124,125,"Head Before",125,2130,1299,1.356,0.904,-7755605,421,"Head Before 421"
"3003",125,126,"Head Before",126,2134,1297,1.516,1.011,-7431012,421,"Head Before 421"
"3004",126,127,"Head Before",127,2132,1288,3.125,2.084,-9209982,421,"Head Before 421"
"3005",127,128,"Head Before",128,2134,1269,6.477,4.318,-10322321,421,"Head Before 421"
"3006",128,129,"Head Before",129,2132,1297,9.516,6.344,-13013171,421,"Head Before 421"
"3007",129,130,"Head Before",130,2130,1293,1.516,1.011,-10395582,421,"Head Before 421"
"3008",130,131,"Head Before",131,2130,1293,0,0,-11510453,421,"Head Before 421"
"3009",131,132,"Head Before",132,2140,1276,6.686,4.457,-11246754,421,"Head Before 421"
"3010",132,133,"Head Before",133,2146,1265,4.248,2.832,-5391945,421,"Head Before 421"
"3011",133,134,"Head Before",134,2144,1269,1.516,1.011,-15066069,421,"Head Before 421"
"3012",134,135,"Head Before",135,2136,1274,3.198,2.132,-9859709,421,"Head Before 421"
"3013",135,136,"Head Before",136,2128,1286,4.889,3.259,-13936058,421,"Head Before 421"
"3014",136,137,"Head Before",137,2128,1288,0.678,0.452,-12236218,421,"Head Before 421"
"3015",137,138,"Head Before",138,2132,1274,4.936,3.291,-8419951,421,"Head Before 421"
"3016",138,139,"Head Before",139,2138,1267,3.125,2.084,-7630949,421,"Head Before 421"
"3017",139,140,"Head Before",140,2151,1265,4.459,2.973,-12355490,421,"Head Before 421"
"3018",140,141,"Head Before",141,2142,1263,3.125,2.084,-8816255,421,"Head Before 421"
"3019",141,142,"Head Before",142,2144,1274,3.79,2.527,-15132634,421,"Head Before 421"
"3020",142,143,"Head Before",143,2138,1278,2.445,1.63,-12559280,421,"Head Before 421"
"3021",143,144,"Head Before",144,2128,1301,8.502,5.668,-10326689,421,"Head Before 421"
"3022",144,145,"Head Before",145,2123,1295,2.648,1.765,-7824230,421,"Head Before 421"
"3023",145,146,"Head Before",146,2128,1290,2.397,1.598,-11646150,421,"Head Before 421"
"3024",146,147,"Head Before",147,2128,1299,3.051,2.034,-9867159,421,"Head Before 421"
"3025",147,148,"Head Before",148,2128,1301,0.678,0.452,-13217210,421,"Head Before 421"
"3026",148,149,"Head Before",149,2125,1299,1.222,0.815,-7637884,421,"Head Before 421"
"3027",149,150,"Head Before",150,2132,1295,2.733,1.822,-13416142,421,"Head Before 421"
"3028",150,151,"Head Before",151,2132,1295,0,0,-10982044,421,"Head Before 421"
"3029",151,152,"Head Before",152,2128,1295,1.356,0.904,-9735833,421,"Head Before 421"
"3030",152,153,"Head Before",153,2130,1297,0.959,0.639,-13486288,421,"Head Before 421"
"3031",153,154,"Head Before",154,2125,1295,1.826,1.217,-11239570,421,"Head Before 421"
"3032",154,155,"Head Before",155,2125,1290,1.695,1.13,-9535358,421,"Head Before 421"
"3033",155,156,"Head Before",156,2130,1290,1.695,1.13,-13741998,421,"Head Before 421"
"3034",156,157,"Head Before",157,2130,1293,1.017,0.678,-14000305,421,"Head Before 421"
"3035",157,158,"Head Before",158,2125,1293,1.695,1.13,-9731446,421,"Head Before 421"
"3036",158,159,"Head Before",159,2123,1288,1.826,1.217,-12096421,421,"Head Before 421"
"3037",159,160,"Head Before",160,2121,1293,1.826,1.217,-12160948,421,"Head Before 421"
"3038",160,161,"Head Before",161,2119,1293,0.678,0.452,-8816024,421,"Head Before 421"
"3039",161,162,"Head Before",162,2117,1299,2.144,1.429,-6436943,421,"Head Before 421"
"3040",162,163,"Head Before",163,2117,1295,1.356,0.904,-9932424,421,"Head Before 421"
"3041",163,164,"Head Before",164,2121,1299,1.918,1.278,-14400709,421,"Head Before 421"
"3042",164,165,"Head Before",165,2125,1301,1.516,1.011,-14078672,421,"Head Before 421"
"3043",165,167,"Tail Before",2,1895,1223,20.621,13.747,-8744298,421,"Tail Before 421"
"3044",166,168,"Tail Before",3,1914,1196,11.192,7.461,-11711129,421,"Tail Before 421"
"3045",167,169,"Tail Before",4,1905,1209,5.36,3.573,-4533775,421,"Tail Before 421"
"3046",168,170,"Tail Before",5,1901,1217,3.032,2.021,-7716998,421,"Tail Before 421"
"3047",169,171,"Tail Before",6,1914,1198,7.804,5.203,-6326600,421,"Tail Before 421"
"3048",170,172,"Tail Before",7,1939,1144,20.173,13.448,-5063217,421,"Tail Before 421"
"3049",171,173,"Tail Before",8,1926,1072,24.803,16.535,-13275547,421,"Tail Before 421"
"3050",172,174,"Tail Before",9,1893,1028,18.645,12.43,-13613501,421,"Tail Before 421"
"3051",173,175,"Tail Before",10,1907,1039,6.036,4.024,-11768979,421,"Tail Before 421"
"3052",174,176,"Tail Before",11,1905,1041,0.959,0.639,-11373469,421,"Tail Before 421"
"3053",175,177,"Tail Before",12,1905,1043,0.678,0.452,-9473162,421,"Tail Before 421"
"3054",176,178,"Tail Before",13,1899,1030,4.854,3.236,-12633250,421,"Tail Before 421"
"3055",177,179,"Tail Before",14,1910,1012,7.151,4.767,-12159647,421,"Tail Before 421"
"3056",178,180,"Tail Before",15,1912,1009,1.222,0.815,-10454684,421,"Tail Before 421"
"3057",179,181,"Tail Before",16,1928,1001,6.064,4.043,-14727345,421,"Tail Before 421"
"3058",180,182,"Tail Before",17,1979,974,19.562,13.042,-14796747,421,"Tail Before 421"
"3059",181,183,"Tail Before",18,2002,965,8.373,5.582,-11705000,421,"Tail Before 421"
"3060",182,184,"Tail Before",19,1991,957,4.611,3.074,-6319704,421,"Tail Before 421"
"3061",183,185,"Tail Before",20,1991,970,4.407,2.938,-11503504,421,"Tail Before 421"
"3062",184,186,"Tail Before",21,2006,970,5.085,3.39,-14473935,421,"Tail Before 421"
"3063",185,187,"Tail Before",22,2000,961,3.667,2.445,-14667204,421,"Tail Before 421"
"3064",186,188,"Tail Before",23,2010,970,4.561,3.041,-15983313,421,"Tail Before 421"
"3065",187,189,"Tail Before",24,2077,1009,26.281,17.52,-10471394,421,"Tail Before 421"
"3066",188,190,"Tail Before",25,2123,1083,29.538,19.692,-14602440,421,"Tail Before 421"
"3067",189,191,"Tail Before",26,2155,1104,12.975,8.65,-14596546,421,"Tail Before 421"
"3068",190,192,"Tail Before",27,2151,1102,1.516,1.011,-15979988,421,"Tail Before 421"
"3069",191,193,"Tail Before",28,2153,1091,3.79,2.527,-15063769,421,"Tail Before 421"
"3070",192,194,"Tail Before",29,2149,1106,5.263,3.508,-15842487,421,"Tail Before 421"
"3071",193,195,"Tail Before",30,2155,1106,2.034,1.356,-3421245,421,"Tail Before 421"
"3072",194,196,"Tail Before",31,2138,1114,6.369,4.246,-15197645,421,"Tail Before 421"
"3073",195,197,"Tail Before",32,2165,1156,16.926,11.284,-14533324,421,"Tail Before 421"
"3074",196,198,"Tail Before",33,2128,1251,34.561,23.041,-12038329,421,"Tail Before 421"
"3075",197,199,"Tail Before",34,2130,1337,29.162,19.441,-13338016,421,"Tail Before 421"
"3076",198,200,"Tail Before",35,2132,1347,3.457,2.305,-13215680,421,"Tail Before 421"
"3077",199,201,"Tail Before",36,2153,1345,7.151,4.767,-6110602,421,"Tail Before 421"
"3078",200,202,"Tail Before",37,2155,1334,3.79,2.527,-6712989,421,"Tail Before 421"
"3079",201,203,"Tail Before",38,2182,1274,22.305,14.87,-13226435,421,"Tail Before 421"
"3080",202,204,"Tail Before",39,2230,1272,16.286,10.857,-13153470,421,"Tail Before 421"
"3081",203,205,"Tail Before",40,2232,1282,3.457,2.305,-12492969,421,"Tail Before 421"
"3082",204,206,"Tail Before",41,2218,1280,4.794,3.196,-14468544,421,"Tail Before 421"
"3083",205,207,"Tail Before",42,2218,1276,1.356,0.904,-8759467,421,"Tail Before 421"
"3084",206,208,"Tail Before",43,2211,1278,2.468,1.645,-9275813,421,"Tail Before 421"
"3085",207,209,"Tail Before",44,2205,1276,2.144,1.429,-12879269,421,"Tail Before 421"
"3086",208,210,"Tail Before",45,2207,1276,0.678,0.452,-14928339,421,"Tail Before 421"
"3087",209,211,"Tail Before",46,2201,1269,3.125,2.084,-12752536,421,"Tail Before 421"
"3088",210,212,"Tail Before",47,2201,1295,8.814,5.876,-12115153,421,"Tail Before 421"
"3089",211,213,"Tail Before",48,2203,1295,0.678,0.452,-14998226,421,"Tail Before 421"
"3090",212,214,"Tail Before",49,2205,1295,0.678,0.452,-8029069,421,"Tail Before 421"
"3091",213,215,"Tail Before",50,2203,1299,1.516,1.011,-7830709,421,"Tail Before 421"
"3092",214,216,"Tail Before",51,2203,1301,0.678,0.452,-4737133,421,"Tail Before 421"
"3093",215,217,"Tail Before",52,2199,1295,2.445,1.63,-11786699,421,"Tail Before 421"
"3094",216,218,"Tail Before",53,2203,1299,1.918,1.278,-6842509,421,"Tail Before 421"
"3095",217,219,"Tail Before",54,2203,1297,0.678,0.452,-12702387,421,"Tail Before 421"
"3096",218,220,"Tail Before",55,2199,1297,1.356,0.904,-13559260,421,"Tail Before 421"
"3097",219,221,"Tail Before",56,2205,1297,2.034,1.356,-15392479,421,"Tail Before 421"
"3098",220,222,"Tail Before",57,2203,1297,0.678,0.452,-14542045,421,"Tail Before 421"
"3099",221,223,"Tail Before",58,2199,1293,1.918,1.278,-14536907,421,"Tail Before 421"
"3100",222,224,"Tail Before",59,2197,1293,0.678,0.452,-15513789,421,"Tail Before 421"
"3101",223,225,"Tail Before",60,2197,1293,0,0,-12226468,421,"Tail Before 421"
"3102",224,226,"Tail Before",61,2203,1293,2.034,1.356,-12491931,421,"Tail Before 421"
"3103",225,227,"Tail Before",62,2199,1293,1.356,0.904,-10588298,421,"Tail Before 421"
"3104",226,228,"Tail Before",63,2197,1297,1.516,1.011,-8357787,421,"Tail Before 421"
"3105",227,229,"Tail Before",64,2195,1297,0.678,0.452,-7890046,421,"Tail Before 421"
"3106",228,230,"Tail Before",65,2195,1297,0,0,-14270152,421,"Tail Before 421"
"3107",229,231,"Tail Before",66,2199,1295,1.516,1.011,-13938362,421,"Tail Before 421"
"3108",230,232,"Tail Before",67,2195,1297,1.516,1.011,-11191995,421,"Tail Before 421"
"3109",231,233,"Tail Before",68,2197,1295,0.959,0.639,-10782353,421,"Tail Before 421"
"3110",232,234,"Tail Before",69,2190,1290,2.916,1.944,-9858430,421,"Tail Before 421"
"3111",233,235,"Tail Before",70,2193,1295,1.977,1.318,-12164525,421,"Tail Before 421"
"3112",234,236,"Tail Before",71,2197,1290,2.171,1.447,-11970993,421,"Tail Before 421"
"3113",235,237,"Tail Before",72,2195,1290,0.678,0.452,-11906727,421,"Tail Before 421"
"3114",236,238,"Tail Before",73,2193,1288,0.959,0.639,-12430517,421,"Tail Before 421"
"3115",237,239,"Tail Before",74,2193,1288,0,0,-6515276,421,"Tail Before 421"
"3116",238,240,"Tail Before",75,2193,1290,0.678,0.452,-7964790,421,"Tail Before 421"
"3117",239,241,"Tail Before",76,2193,1293,1.017,0.678,-6048848,421,"Tail Before 421"
"3118",240,242,"Tail Before",77,2195,1295,0.959,0.639,-8878698,421,"Tail Before 421"
"3119",241,243,"Tail Before",78,2190,1293,1.826,1.217,-6438463,421,"Tail Before 421"
"3120",242,244,"Tail Before",79,2195,1290,1.977,1.318,-5467203,421,"Tail Before 421"
"3121",243,245,"Tail Before",80,2195,1290,0,0,-8030332,421,"Tail Before 421"
"3122",244,246,"Tail Before",81,2195,1293,1.017,0.678,-10388095,421,"Tail Before 421"
"3123",245,247,"Tail Before",82,2195,1293,0,0,-6379065,421,"Tail Before 421"
"3124",246,248,"Tail Before",83,2195,1288,1.695,1.13,-9857142,421,"Tail Before 421"
"3125",247,249,"Tail Before",84,2195,1286,0.678,0.452,-8030094,421,"Tail Before 421"
"3126",248,250,"Tail Before",85,2195,1288,0.678,0.452,-7302238,421,"Tail Before 421"
"3127",249,251,"Tail Before",86,2195,1288,0,0,-2168862,421,"Tail Before 421"
"3128",250,252,"Tail Before",87,2195,1290,0.678,0.452,-9472651,421,"Tail Before 421"
"3129",251,253,"Tail Before",88,2195,1293,1.017,0.678,-12104108,421,"Tail Before 421"
"3130",252,254,"Tail Before",89,2188,1286,3.356,2.237,-9999787,421,"Tail Before 421"
"3131",253,255,"Tail Before",90,2193,1286,1.695,1.13,-12159106,421,"Tail Before 421"
"3132",254,256,"Tail Before",91,2186,1286,2.373,1.582,-11449801,421,"Tail Before 421"
"3133",255,257,"Tail Before",92,2193,1286,2.373,1.582,-8888751,421,"Tail Before 421"
"3134",256,258,"Tail Before",93,2193,1286,0,0,-12171193,421,"Tail Before 421"
"3135",257,259,"Tail Before",94,2195,1290,1.516,1.011,-6915226,421,"Tail Before 421"
"3136",258,260,"Tail Before",95,2195,1290,0,0,-12108997,421,"Tail Before 421"
"3137",259,261,"Tail Before",96,2199,1290,1.356,0.904,-7893896,421,"Tail Before 421"
"3138",260,262,"Tail Before",97,2195,1293,1.695,1.13,-7955813,421,"Tail Before 421"
"3139",261,263,"Tail Before",98,2195,1293,0,0,-6448268,421,"Tail Before 421"
"3140",262,264,"Tail Before",99,2193,1293,0.678,0.452,-7898283,421,"Tail Before 421"
"3141",263,265,"Tail Before",100,2193,1293,0,0,-6324892,421,"Tail Before 421"
"3142",264,266,"Tail Before",101,2195,1290,1.222,0.815,-10148293,421,"Tail Before 421"
"3143",265,267,"Tail Before",102,2195,1290,0,0,-15982308,421,"Tail Before 421"
"3144",266,268,"Tail Before",103,2195,1293,1.017,0.678,-10389931,421,"Tail Before 421"
"3145",267,269,"Tail Before",104,2195,1293,0,0,-12358832,421,"Tail Before 421"
"3146",268,270,"Tail Before",105,2195,1290,1.017,0.678,-11972258,421,"Tail Before 421"
"3147",269,271,"Tail Before",106,2207,1286,4.288,2.859,-13148596,421,"Tail Before 421"
"3148",270,272,"Tail Before",107,2195,1293,4.71,3.14,-5652296,421,"Tail Before 421"
"3149",271,273,"Tail Before",108,2197,1293,0.678,0.452,-9285312,421,"Tail Before 421"
"3150",272,274,"Tail Before",109,2197,1293,0,0,-8092817,421,"Tail Before 421"
"3151",273,275,"Tail Before",110,2205,1290,2.896,1.931,-11636902,421,"Tail Before 421"
"3152",274,276,"Tail Before",111,2205,1293,1.017,0.678,-14535373,421,"Tail Before 421"
"3153",275,277,"Tail Before",112,2197,1290,2.896,1.931,-11322800,421,"Tail Before 421"
"3154",276,278,"Tail Before",113,2199,1293,1.222,0.815,-14801114,421,"Tail Before 421"
"3155",277,279,"Tail Before",114,2203,1293,1.356,0.904,-13423329,421,"Tail Before 421"
"3156",278,280,"Tail Before",115,2205,1290,1.222,0.815,-12355482,421,"Tail Before 421"
"3157",279,281,"Tail Before",116,2203,1288,0.959,0.639,-5915480,421,"Tail Before 421"
"3158",280,282,"Tail Before",117,2199,1288,1.356,0.904,-6255217,421,"Tail Before 421"
"3159",281,283,"Tail Before",118,2190,1290,3.125,2.084,-13020593,421,"Tail Before 421"
"3160",282,284,"Tail Before",119,2190,1293,1.017,0.678,-14213583,421,"Tail Before 421"
"3161",283,285,"Tail Before",120,2193,1293,1.017,0.678,-13936044,421,"Tail Before 421"
"3162",284,286,"Tail Before",121,2195,1299,2.144,1.429,-15461079,421,"Tail Before 421"
"3163",285,287,"Tail Before",122,2195,1301,0.678,0.452,-15002319,421,"Tail Before 421"
"3164",286,288,"Tail Before",123,2193,1301,0.678,0.452,-9668759,421,"Tail Before 421"
"3165",287,289,"Tail Before",124,2186,1301,2.373,1.582,-9272479,421,"Tail Before 421"
"3166",288,290,"Tail Before",125,2190,1301,1.356,0.904,-12029561,421,"Tail Before 421"
"3167",289,291,"Tail Before",126,2195,1307,2.648,1.765,-11959435,421,"Tail Before 421"
"3168",290,292,"Tail Before",127,2199,1303,1.918,1.278,-8360124,421,"Tail Before 421"
"3169",291,293,"Tail Before",128,2197,1299,1.516,1.011,-12310491,421,"Tail Before 421"
"3170",292,294,"Tail Before",129,2195,1293,2.144,1.429,-14541516,421,"Tail Before 421"
"3171",293,295,"Tail Before",130,2190,1299,2.648,1.765,-11900084,421,"Tail Before 421"
"3172",294,296,"Tail Before",131,2195,1295,2.171,1.447,-5590661,421,"Tail Before 421"
"3173",295,297,"Tail Before",132,2193,1293,0.959,0.639,-13469325,421,"Tail Before 421"
"3174",296,298,"Tail Before",133,2199,1286,3.125,2.084,-15198936,421,"Tail Before 421"
"3175",297,299,"Tail Before",134,2201,1290,1.516,1.011,-6477466,421,"Tail Before 421"
"3176",298,300,"Tail Before",135,2205,1282,3.032,2.021,-12962730,421,"Tail Before 421"
"3177",299,301,"Tail Before",136,2199,1284,2.144,1.429,-12825008,421,"Tail Before 421"
"3178",300,302,"Tail Before",137,2195,1282,1.516,1.011,-13940920,421,"Tail Before 421"
"3179",301,303,"Tail Before",138,2195,1284,0.678,0.452,-9277616,421,"Tail Before 421"
"3180",302,304,"Tail Before",139,2201,1286,2.144,1.429,-8238238,421,"Tail Before 421"
"3181",303,305,"Tail Before",140,2205,1284,1.516,1.011,-13872806,421,"Tail Before 421"
"3182",304,306,"Tail Before",141,2201,1288,1.918,1.278,-9602198,421,"Tail Before 421"
"3183",305,307,"Tail Before",142,2203,1293,1.826,1.217,-12499366,421,"Tail Before 421"
"3184",306,308,"Tail Before",143,2201,1295,0.959,0.639,-11176064,421,"Tail Before 421"
"3185",307,309,"Tail Before",144,2195,1295,2.034,1.356,-11639192,421,"Tail Before 421"
"3186",308,310,"Tail Before",145,2195,1309,4.746,3.164,-14727866,421,"Tail Before 421"
"3187",309,311,"Tail Before",146,2199,1303,2.445,1.63,-3168875,421,"Tail Before 421"
"3188",310,312,"Tail Before",147,2199,1301,0.678,0.452,-6923674,421,"Tail Before 421"
"3189",311,313,"Tail Before",148,2195,1303,1.516,1.011,-13744558,421,"Tail Before 421"
"3190",312,314,"Tail Before",149,2209,1307,4.936,3.291,-10714733,421,"Tail Before 421"
"3191",313,315,"Tail Before",150,2203,1305,2.144,1.429,-15651286,421,"Tail Before 421"
"3192",314,316,"Tail Before",151,2201,1299,2.144,1.429,-5054518,421,"Tail Before 421"
"3193",315,317,"Tail Before",152,2203,1301,0.959,0.639,-5396315,421,"Tail Before 421"
"3194",316,318,"Tail Before",153,2203,1301,0,0,-3744569,421,"Tail Before 421"
"3195",317,319,"Tail Before",154,2201,1299,0.959,0.639,-3095352,421,"Tail Before 421"
"3196",318,320,"Tail Before",155,2203,1293,2.144,1.429,-7647910,421,"Tail Before 421"
"3197",319,321,"Tail Before",156,2201,1295,0.959,0.639,-12769987,421,"Tail Before 421"
"3198",320,322,"Tail Before",157,2201,1293,0.678,0.452,-12374198,421,"Tail Before 421"
"3199",321,323,"Tail Before",158,2201,1295,0.678,0.452,-15128782,421,"Tail Before 421"
"3200",322,324,"Tail Before",159,2197,1293,1.516,1.011,-11772071,421,"Tail Before 421"
"3201",323,325,"Tail Before",160,2190,1290,2.582,1.721,-12561076,421,"Tail Before 421"
"3202",324,326,"Tail Before",161,2193,1288,1.222,0.815,-11769250,421,"Tail Before 421"
"3203",325,327,"Tail Before",162,2188,1288,1.695,1.13,-13614275,421,"Tail Before 421"
"3204",326,328,"Tail Before",163,2190,1293,1.826,1.217,-13089476,421,"Tail Before 421"
"3205",327,329,"Tail Before",164,2190,1295,0.678,0.452,-11959944,421,"Tail Before 421"
"3206",328,330,"Tail Before",165,2188,1293,0.959,0.639,-13481101,421,"Tail Before 421"
"3207",329,332,"Head After",167,2132,1295,3.032,2.021,-13745851,421,"Head After 421"
"3208",330,333,"Head After",168,2134,1299,1.516,1.011,-13482689,421,"Head After 421"
"3209",331,334,"Head After",169,2130,1299,1.356,0.904,-12559532,421,"Head After 421"
"3210",332,335,"Head After",170,2128,1295,1.516,1.011,-10848398,421,"Head After 421"
"3211",333,336,"Head After",171,2134,1295,2.034,1.356,-13542052,421,"Head After 421"
"3212",334,337,"Head After",172,2128,1295,2.034,1.356,-13947606,421,"Head After 421"
"3213",335,338,"Head After",173,2128,1295,0,0,-13488095,421,"Head After 421"
"3214",336,339,"Head After",174,2130,1293,0.959,0.639,-14212328,421,"Head After 421"
"3215",337,340,"Head After",175,2130,1293,0,0,-13809360,421,"Head After 421"
"3216",338,341,"Head After",176,2130,1297,1.356,0.904,-12831677,421,"Head After 421"
"3217",339,342,"Head After",177,2130,1299,0.678,0.452,-12963784,421,"Head After 421"
"3218",340,343,"Head After",178,2132,1297,0.959,0.639,-15325908,421,"Head After 421"
"3219",341,344,"Head After",179,2130,1301,1.516,1.011,-15059666,421,"Head After 421"
"3220",342,345,"Head After",180,2128,1303,0.959,0.639,-14472670,421,"Head After 421"
"3221",343,346,"Head After",181,2121,1320,6.232,4.155,-15720393,421,"Head After 421"
"3222",344,347,"Head After",182,2115,1334,5.163,3.442,-13618911,421,"Head After 421"
"3223",345,348,"Head After",183,2113,1334,0.678,0.452,-10526879,421,"Head After 421"
"3224",346,349,"Head After",184,2111,1334,0.678,0.452,-14474471,421,"Head After 421"
"3225",347,350,"Head After",185,2111,1334,0,0,-7044202,421,"Head After 421"
"3226",348,351,"Head After",186,2115,1328,2.445,1.63,-9735296,421,"Head After 421"
"3227",349,352,"Head After",187,2121,1322,2.877,1.918,-14601421,421,"Head After 421"
"3228",350,353,"Head After",188,2117,1326,1.918,1.278,-15850967,421,"Head After 421"
"3229",351,354,"Head After",189,2115,1330,1.516,1.011,-14606299,421,"Head After 421"
"3230",352,355,"Head After",190,2113,1328,0.959,0.639,-12957621,421,"Head After 421"
"3231",353,356,"Head After",191,2111,1337,3.125,2.084,-9923200,421,"Head After 421"
"3232",354,357,"Head After",192,2111,1339,0.678,0.452,-10857137,421,"Head After 421"
"3233",355,358,"Head After",193,2113,1334,1.826,1.217,-14339276,421,"Head After 421"
"3234",356,359,"Head After",194,2115,1332,0.959,0.639,-13413036,421,"Head After 421"
"3235",357,360,"Head After",195,2113,1332,0.678,0.452,-12238513,421,"Head After 421"
"3236",358,361,"Head After",196,2113,1330,0.678,0.452,-13094853,421,"Head After 421"
"3237",359,362,"Head After",197,2113,1330,0,0,-14400445,421,"Head After 421"
"3238",360,363,"Head After",198,2115,1337,2.468,1.645,-13419968,421,"Head After 421"
"3239",361,364,"Head After",199,2115,1332,1.695,1.13,-14078161,421,"Head After 421"
"3240",362,365,"Head After",200,2119,1334,1.516,1.011,-12960183,421,"Head After 421"
"3241",363,366,"Head After",201,2117,1334,0.678,0.452,-13161933,421,"Head After 421"
"3242",364,367,"Head After",202,2115,1337,1.222,0.815,-13029825,421,"Head After 421"
"3243",365,368,"Head After",203,2113,1339,0.959,0.639,-13680066,421,"Head After 421"
"3244",366,369,"Head After",204,2115,1334,1.826,1.217,-13090239,421,"Head After 421"
"3245",367,370,"Head After",205,2113,1337,1.222,0.815,-12564922,421,"Head After 421"
"3246",368,371,"Head After",206,2113,1334,1.017,0.678,-11573163,421,"Head After 421"
"3247",369,372,"Head After",207,2117,1330,1.918,1.278,-14079954,421,"Head After 421"
"3248",370,373,"Head After",208,2119,1324,2.144,1.429,-10449017,421,"Head After 421"
"3249",371,374,"Head After",209,2119,1320,1.356,0.904,-11709348,421,"Head After 421"
"3250",372,375,"Head After",210,2119,1322,0.678,0.452,-13483457,421,"Head After 421"
"3251",373,376,"Head After",211,2121,1320,0.959,0.639,-11368585,421,"Head After 421"
"3252",374,377,"Head After",212,2121,1320,0,0,-10782353,421,"Head After 421"
"3253",375,378,"Head After",213,2121,1320,0,0,-8872303,421,"Head After 421"
"3254",376,379,"Head After",214,2119,1322,0.959,0.639,-11177627,421,"Head After 421"
"3255",377,380,"Head After",215,2123,1322,1.356,0.904,-9604989,421,"Head After 421"
"3256",378,381,"Head After",216,2121,1324,0.959,0.639,-8414575,421,"Head After 421"
"3257",379,382,"Head After",217,2121,1324,0,0,-8737382,421,"Head After 421"
"3258",380,383,"Head After",218,2123,1324,0.678,0.452,-9547938,421,"Head After 421"
"3259",381,384,"Head After",219,2123,1328,1.356,0.904,-11307923,421,"Head After 421"
"3260",382,385,"Head After",220,2123,1330,0.678,0.452,-13875374,421,"Head After 421"
"3261",383,386,"Head After",221,2121,1332,0.959,0.639,-10395547,421,"Head After 421"
"3262",384,387,"Head After",222,2121,1330,0.678,0.452,-11315340,421,"Head After 421"
"3263",385,388,"Head After",223,2117,1332,1.516,1.011,-9801616,421,"Head After 421"
"3264",386,389,"Head After",224,2119,1332,0.678,0.452,-10469542,421,"Head After 421"
"3265",387,390,"Head After",225,2117,1332,0.678,0.452,-8347503,421,"Head After 421"
"3266",388,391,"Head After",226,2115,1334,0.959,0.639,-12105149,421,"Head After 421"
"3267",389,392,"Head After",227,2115,1334,0,0,-11179421,421,"Head After 421"
"3268",390,393,"Head After",228,2115,1334,0,0,-12377036,421,"Head After 421"
"3269",391,394,"Head After",229,2111,1334,1.356,0.904,-11188169,421,"Head After 421"
"3270",392,395,"Head After",230,2113,1330,1.516,1.011,-7234400,421,"Head After 421"
"3271",393,396,"Head After",231,2111,1330,0.678,0.452,-11577764,421,"Head After 421"
"3272",394,397,"Head After",232,2111,1332,0.678,0.452,-13742786,421,"Head After 421"
"3273",395,398,"Head After",233,2111,1328,1.356,0.904,-14536402,421,"Head After 421"
"3274",396,399,"Head After",234,2111,1328,0,0,-12303805,421,"Head After 421"
"3275",397,400,"Head After",235,2113,1326,0.959,0.639,-13682878,421,"Head After 421"
"3276",398,401,"Head After",236,2113,1326,0,0,-12432558,421,"Head After 421"
"3277",399,402,"Head After",237,2113,1328,0.678,0.452,-10056059,421,"Head After 421"
"3278",400,403,"Head After",238,2115,1328,0.678,0.452,-10645893,421,"Head After 421"
"3279",401,404,"Head After",239,2111,1332,1.918,1.278,-12825277,421,"Head After 421"
"3280",402,405,"Head After",240,2111,1334,0.678,0.452,-10522269,421,"Head After 421"
"3281",403,406,"Head After",241,2113,1337,1.222,0.815,-10383986,421,"Head After 421"
"3282",404,407,"Head After",242,2113,1334,1.017,0.678,-11636124,421,"Head After 421"
"3283",405,408,"Head After",243,2111,1334,0.678,0.452,-11520195,421,"Head After 421"
"3284",406,409,"Head After",244,2111,1332,0.678,0.452,-11376798,421,"Head After 421"
"3285",407,410,"Head After",245,2111,1332,0,0,-11840170,421,"Head After 421"
"3286",408,411,"Head After",246,2111,1332,0,0,-11703193,421,"Head After 421"
"3287",409,412,"Head After",247,2113,1337,1.826,1.217,-10713228,421,"Head After 421"
"3288",410,413,"Head After",248,2113,1339,0.678,0.452,-9544865,421,"Head After 421"
"3289",411,414,"Head After",249,2113,1339,0,0,-10519179,421,"Head After 421"
"3290",412,415,"Head After",250,2113,1341,0.678,0.452,-10066043,421,"Head After 421"
"3291",413,416,"Head After",251,2115,1339,0.959,0.639,-9077626,421,"Head After 421"
"3292",414,417,"Head After",252,2115,1334,1.695,1.13,-9335159,421,"Head After 421"
"3293",415,418,"Head After",253,2115,1332,0.678,0.452,-10322303,421,"Head After 421"
"3294",416,419,"Head After",254,2113,1334,0.959,0.639,-4205874,421,"Head After 421"
"3295",417,420,"Head After",255,2111,1332,0.959,0.639,-9598605,421,"Head After 421"
"3296",418,421,"Head After",256,2111,1334,0.678,0.452,-8807275,421,"Head After 421"
"3297",419,422,"Head After",257,2113,1334,0.678,0.452,-11718588,421,"Head After 421"
"3298",420,423,"Head After",258,2109,1334,1.356,0.904,-9344139,421,"Head After 421"
"3299",421,424,"Head After",259,2109,1334,0,0,-4807500,421,"Head After 421"
"3300",422,425,"Head After",260,2109,1337,1.017,0.678,-9082268,421,"Head After 421"
"3301",423,426,"Head After",261,2109,1339,0.678,0.452,-11703206,421,"Head After 421"
"3302",424,427,"Head After",262,2102,1341,2.468,1.645,-9211521,421,"Head After 421"
"3303",425,428,"Head After",263,2098,1345,1.918,1.278,-12892860,421,"Head After 421"
"3304",426,429,"Head After",264,2092,1343,2.144,1.429,-8354936,421,"Head After 421"
"3305",427,430,"Head After",265,2092,1345,0.678,0.452,-12164774,421,"Head After 421"
"3306",428,431,"Head After",266,2094,1351,2.144,1.429,-12029340,421,"Head After 421"
"3307",429,432,"Head After",267,2090,1358,2.733,1.822,-9277325,421,"Head After 421"
"3308",430,433,"Head After",268,2077,1366,5.175,3.45,-11971247,421,"Head After 421"
"3309",431,434,"Head After",269,2073,1383,5.92,3.947,-4932164,421,"Head After 421"
"3310",432,435,"Head After",270,2067,1395,4.548,3.032,-8293491,421,"Head After 421"
"3311",433,436,"Head After",271,2063,1389,2.445,1.63,-9603988,421,"Head After 421"
"3312",434,437,"Head After",272,2060,1389,1.017,0.678,-9926785,421,"Head After 421"
"3313",435,438,"Head After",273,2065,1389,1.695,1.13,-9596254,421,"Head After 421"
"3314",436,439,"Head After",274,2060,1389,1.695,1.13,-8277832,421,"Head After 421"
"3315",437,440,"Head After",275,2063,1391,1.222,0.815,-8879225,421,"Head After 421"
"3316",438,441,"Head After",276,2071,1381,4.341,2.894,-10923179,421,"Head After 421"
"3317",439,442,"Head After",277,2077,1372,3.667,2.445,-8551802,421,"Head After 421"
"3318",440,443,"Head After",278,2077,1374,0.678,0.452,-9801126,421,"Head After 421"
"3319",441,444,"Head After",279,2069,1376,2.795,1.864,-11312799,421,"Head After 421"
"3320",442,445,"Head After",280,2065,1381,2.171,1.447,-9409164,421,"Head After 421"
"3321",443,446,"Head After",281,2065,1391,3.39,2.26,-11306906,421,"Head After 421"
"3322",444,447,"Head After",282,2060,1387,2.171,1.447,-9675137,421,"Head After 421"
"3323",445,448,"Head After",283,2065,1391,2.171,1.447,-9077377,421,"Head After 421"
"3324",446,449,"Head After",284,2060,1391,1.695,1.13,-9138029,421,"Head After 421"
"3325",447,450,"Head After",285,2058,1393,0.959,0.639,-7169096,421,"Head After 421"
"3326",448,451,"Head After",286,2054,1389,1.918,1.278,-7966043,421,"Head After 421"
"3327",449,452,"Head After",287,2067,1387,4.459,2.973,-8954719,421,"Head After 421"
"3328",450,453,"Head After",288,2063,1393,2.445,1.63,-15920343,421,"Head After 421"
"3329",451,454,"Head After",289,2063,1385,2.712,1.808,-7951979,421,"Head After 421"
"3330",452,455,"Head After",290,2054,1387,3.125,2.084,-13357512,421,"Head After 421"
"3331",453,456,"Head After",291,2054,1385,0.678,0.452,-11512521,421,"Head After 421"
"3332",454,457,"Head After",292,2054,1383,0.678,0.452,-12500958,421,"Head After 421"
"3333",455,458,"Head After",293,2054,1387,1.356,0.904,-5453134,421,"Head After 421"
"3334",456,459,"Head After",294,2056,1385,0.959,0.639,-14405596,421,"Head After 421"
"3335",457,460,"Head After",295,2054,1389,1.516,1.011,-13877447,421,"Head After 421"
"3336",458,461,"Head After",296,2058,1389,1.356,0.904,-8685180,421,"Head After 421"
"3337",459,462,"Head After",297,2056,1402,4.459,2.973,-12826055,421,"Head After 421"
"3338",460,463,"Head After",298,2048,1412,4.341,2.894,-11575962,421,"Head After 421"
"3339",461,464,"Head After",299,2033,1418,5.477,3.651,-12693171,421,"Head After 421"
"3340",462,465,"Head After",300,2029,1416,1.516,1.011,-12883620,421,"Head After 421"
"3341",463,466,"Head After",301,2029,1420,1.356,0.904,-16443864,421,"Head After 421"
"3342",464,467,"Head After",302,2027,1420,0.678,0.452,-16175837,421,"Head After 421"
"3343",465,468,"Head After",303,2027,1422,0.678,0.452,-13878717,421,"Head After 421"
"3344",466,469,"Head After",304,2023,1420,1.516,1.011,-15329259,421,"Head After 421"
"3345",467,470,"Head After",305,2019,1422,1.516,1.011,-13613521,421,"Head After 421"
"3346",468,471,"Head After",306,2019,1425,1.017,0.678,-10403498,421,"Head After 421"
"3347",469,472,"Head After",307,2012,1420,2.916,1.944,-15789543,421,"Head After 421"
"3348",470,473,"Head After",308,2014,1414,2.144,1.429,-11427709,421,"Head After 421"
"3349",471,474,"Head After",309,2014,1410,1.356,0.904,-10454920,421,"Head After 421"
"3350",472,475,"Head After",310,2010,1410,1.356,0.904,-14601183,421,"Head After 421"
"3351",473,476,"Head After",311,2006,1416,2.445,1.63,-12967652,421,"Head After 421"
"3352",474,477,"Head After",312,2010,1412,1.918,1.278,-16181480,421,"Head After 421"
"3353",475,478,"Head After",313,2010,1418,2.034,1.356,-15986411,421,"Head After 421"
"3354",476,479,"Head After",314,2014,1416,1.516,1.011,-8943247,421,"Head After 421"
"3355",477,480,"Head After",315,2033,1425,7.127,4.751,-8219011,421,"Head After 421"
"3356",478,481,"Head After",316,2035,1427,0.959,0.639,-13820367,421,"Head After 421"
"3357",479,482,"Head After",317,2037,1429,0.959,0.639,-15780806,421,"Head After 421"
"3358",480,483,"Head After",318,2037,1427,0.678,0.452,-12555171,421,"Head After 421"
"3359",481,484,"Head After",319,2029,1439,4.889,3.259,-7835772,421,"Head After 421"
"3360",482,485,"Head After",320,2014,1450,6.306,4.204,-11900582,421,"Head After 421"
"3361",483,486,"Head After",321,1998,1454,5.591,3.727,-14212043,421,"Head After 421"
"3362",484,487,"Head After",322,2008,1471,6.686,4.457,-10848675,421,"Head After 421"
"3363",485,488,"Head After",323,2002,1477,2.877,1.918,-9929616,421,"Head After 421"
"3364",486,489,"Head After",324,1991,1475,3.79,2.527,-13682633,421,"Head After 421"
"3365",487,490,"Head After",325,1993,1487,4.124,2.749,-13077667,421,"Head After 421"
"3366",488,491,"Head After",326,1989,1496,3.339,2.226,-13227179,421,"Head After 421"
"3367",489,492,"Head After",327,1991,1498,0.959,0.639,-15916256,421,"Head After 421"
"3368",490,493,"Head After",328,1979,1498,4.068,2.712,-13537677,421,"Head After 421"
"3369",491,494,"Head After",329,1968,1513,6.306,4.204,-13886674,421,"Head After 421"
"3370",492,495,"Head After",330,1958,1523,4.794,3.196,-9994618,421,"Head After 421"
"3371",493,497,"Tail After",167,2201,1284,0.959,0.639,-14065815,421,"Tail After 421"
"3372",494,498,"Tail After",168,2201,1284,0,0,-13405323,421,"Tail After 421"
"3373",495,499,"Tail After",169,2201,1284,0,0,-12097397,421,"Tail After 421"
"3374",496,500,"Tail After",170,2201,1280,1.356,0.904,-14139553,421,"Tail After 421"
"3375",497,501,"Tail After",171,2205,1280,1.356,0.904,-16367802,421,"Tail After 421"
"3376",498,502,"Tail After",172,2203,1282,0.959,0.639,-15653057,421,"Tail After 421"
"3377",499,503,"Tail After",173,2203,1288,2.034,1.356,-11365242,421,"Tail After 421"
"3378",500,504,"Tail After",174,2205,1290,0.959,0.639,-12286595,421,"Tail After 421"
"3379",501,505,"Tail After",175,2205,1284,2.034,1.356,-15122616,421,"Tail After 421"
"3380",502,506,"Tail After",176,2207,1286,0.959,0.639,-16114135,421,"Tail After 421"
"3381",503,507,"Tail After",177,2205,1288,0.959,0.639,-13865627,421,"Tail After 421"
"3382",504,508,"Tail After",178,2205,1290,0.678,0.452,-14465698,421,"Tail After 421"
"3383",505,509,"Tail After",179,2207,1293,1.222,0.815,-12699045,421,"Tail After 421"
"3384",506,510,"Tail After",180,2207,1290,1.017,0.678,-15259327,421,"Tail After 421"
"3385",507,511,"Tail After",181,2207,1293,1.017,0.678,-14274485,421,"Tail After 421"
"3386",508,512,"Tail After",182,2207,1293,0,0,-12756625,421,"Tail After 421"
"3387",509,513,"Tail After",183,2205,1293,0.678,0.452,-11247472,421,"Tail After 421"
"3388",510,514,"Tail After",184,2205,1293,0,0,-12962213,421,"Tail After 421"
"3389",511,515,"Tail After",185,2203,1295,0.959,0.639,-12429167,421,"Tail After 421"
"3390",512,516,"Tail After",186,2203,1293,0.678,0.452,-11833994,421,"Tail After 421"
"3391",513,517,"Tail After",187,2201,1293,0.678,0.452,-12240019,421,"Tail After 421"
"3392",514,518,"Tail After",188,2199,1295,0.959,0.639,-12830139,421,"Tail After 421"
"3393",515,519,"Tail After",189,2193,1295,2.034,1.356,-11967618,421,"Tail After 421"
"3394",516,520,"Tail After",190,2193,1297,0.678,0.452,-11710850,421,"Tail After 421"
"3395",517,521,"Tail After",191,2193,1295,0.678,0.452,-12954253,421,"Tail After 421"
"3396",518,522,"Tail After",192,2193,1293,0.678,0.452,-12365975,421,"Tail After 421"
"3397",519,523,"Tail After",193,2190,1290,1.438,0.959,-15329231,421,"Tail After 421"
"3398",520,524,"Tail After",194,2190,1293,1.017,0.678,-12952472,421,"Tail After 421"
"3399",521,525,"Tail After",195,2193,1295,1.222,0.815,-14344633,421,"Tail After 421"
"3400",522,526,"Tail After",196,2190,1297,1.222,0.815,-14666388,421,"Tail After 421"
"3401",523,527,"Tail After",197,2195,1290,2.916,1.944,-15065022,421,"Tail After 421"
"3402",524,528,"Tail After",198,2186,1297,3.865,2.577,-13148796,421,"Tail After 421"
"3403",525,529,"Tail After",199,2188,1297,0.678,0.452,-15395024,421,"Tail After 421"
"3404",526,530,"Tail After",200,2190,1299,0.959,0.639,-14068645,421,"Tail After 421"
"3405",527,531,"Tail After",201,2190,1301,0.678,0.452,-12088935,421,"Tail After 421"
"3406",528,532,"Tail After",202,2190,1301,0,0,-14660773,421,"Tail After 421"
"3407",529,533,"Tail After",203,2186,1301,1.356,0.904,-14273956,421,"Tail After 421"
"3408",530,534,"Tail After",204,2184,1301,0.678,0.452,-14669221,421,"Tail After 421"
"3409",531,535,"Tail After",205,2182,1299,0.959,0.639,-10720623,421,"Tail After 421"
"3410",532,536,"Tail After",206,2182,1297,0.678,0.452,-14469035,421,"Tail After 421"
"3411",533,537,"Tail After",207,2182,1299,0.678,0.452,-13679772,421,"Tail After 421"
"3412",534,538,"Tail After",208,2182,1299,0,0,-11642489,421,"Tail After 421"
"3413",535,539,"Tail After",209,2182,1297,0.678,0.452,-9075289,421,"Tail After 421"
"3414",536,540,"Tail After",210,2182,1295,0.678,0.452,-11437173,421,"Tail After 421"
"3415",537,541,"Tail After",211,2184,1297,0.959,0.639,-11904373,421,"Tail After 421"
"3416",538,542,"Tail After",212,2184,1295,0.678,0.452,-11776396,421,"Tail After 421"
"3417",539,543,"Tail After",213,2184,1295,0,0,-14799542,421,"Tail After 421"
"3418",540,544,"Tail After",214,2184,1295,0,0,-13356708,421,"Tail After 421"
"3419",541,545,"Tail After",215,2186,1293,0.959,0.639,-11182457,421,"Tail After 421"
"3420",542,546,"Tail After",216,2186,1293,0,0,-15851737,421,"Tail After 421"
"3421",543,547,"Tail After",217,2184,1295,0.959,0.639,-15853259,421,"Tail After 421"
"3422",544,548,"Tail After",218,2184,1301,2.034,1.356,-11581326,421,"Tail After 421"
"3423",545,549,"Tail After",219,2184,1299,0.678,0.452,-14068115,421,"Tail After 421"
"3424",546,550,"Tail After",220,2184,1301,0.678,0.452,-14076581,421,"Tail After 421"
"3425",547,551,"Tail After",221,2182,1299,0.959,0.639,-13875106,421,"Tail After 421"
"3426",548,552,"Tail After",222,2182,1301,0.678,0.452,-12364672,421,"Tail After 421"
"3427",549,553,"Tail After",223,2180,1299,0.959,0.639,-11373424,421,"Tail After 421"
"3428",550,554,"Tail After",224,2182,1297,0.959,0.639,-13147791,421,"Tail After 421"
"3429",551,555,"Tail After",225,2184,1299,0.959,0.639,-15524017,421,"Tail After 421"
"3430",552,556,"Tail After",226,2184,1297,0.678,0.452,-14205334,421,"Tail After 421"
"3431",553,557,"Tail After",227,2184,1297,0,0,-12825224,421,"Tail After 421"
"3432",554,558,"Tail After",228,2184,1297,0,0,-14863276,421,"Tail After 421"
"3433",555,559,"Tail After",229,2184,1297,0,0,-14860456,421,"Tail After 421"
"3434",556,560,"Tail After",230,2180,1297,1.356,0.904,-15262409,421,"Tail After 421"
"3435",557,561,"Tail After",231,2184,1297,1.356,0.904,-11768699,421,"Tail After 421"
"3436",558,562,"Tail After",232,2184,1297,0,0,-13545114,421,"Tail After 421"
"3437",559,563,"Tail After",233,2184,1297,0,0,-15191982,421,"Tail After 421"
"3438",560,564,"Tail After",234,2184,1297,0,0,-14463653,421,"Tail After 421"
"3439",561,565,"Tail After",235,2184,1297,0,0,-13613477,421,"Tail After 421"
"3440",562,566,"Tail After",236,2182,1301,1.516,1.011,-9867383,421,"Tail After 421"
"3441",563,567,"Tail After",237,2186,1299,1.516,1.011,-10781305,421,"Tail After 421"
"3442",564,568,"Tail After",238,2182,1295,1.918,1.278,-11115642,421,"Tail After 421"
"3443",565,569,"Tail After",239,2184,1295,0.678,0.452,-14733234,421,"Tail After 421"
"3444",566,570,"Tail After",240,2184,1297,0.678,0.452,-14927017,421,"Tail After 421"
"3445",567,571,"Tail After",241,2182,1297,0.678,0.452,-11044976,421,"Tail After 421"
"3446",568,572,"Tail After",242,2184,1297,0.678,0.452,-15919048,421,"Tail After 421"
"3447",569,573,"Tail After",243,2184,1299,0.678,0.452,-13145726,421,"Tail After 421"
"3448",570,574,"Tail After",244,2182,1299,0.678,0.452,-13214591,421,"Tail After 421"
"3449",571,575,"Tail After",245,2182,1297,0.678,0.452,-14670787,421,"Tail After 421"
"3450",572,576,"Tail After",246,2184,1295,0.959,0.639,-10252639,421,"Tail After 421"
"3451",573,577,"Tail After",247,2186,1295,0.678,0.452,-9662555,421,"Tail After 421"
"3452",574,578,"Tail After",248,2186,1295,0,0,-11969928,421,"Tail After 421"
"3453",575,579,"Tail After",249,2186,1297,0.678,0.452,-15395525,421,"Tail After 421"
"3454",576,580,"Tail After",250,2186,1301,1.356,0.904,-11908233,421,"Tail After 421"
"3455",577,581,"Tail After",251,2186,1297,1.356,0.904,-15127761,421,"Tail After 421"
"3456",578,582,"Tail After",252,2180,1299,2.144,1.429,-12953755,421,"Tail After 421"
"3457",579,583,"Tail After",253,2180,1301,0.678,0.452,-11965541,421,"Tail After 421"
"3458",580,584,"Tail After",254,2182,1299,0.959,0.639,-14532005,421,"Tail After 421"
"3459",581,585,"Tail After",255,2180,1301,0.959,0.639,-9604464,421,"Tail After 421"
"3460",582,586,"Tail After",256,2184,1303,1.516,1.011,-14869432,421,"Tail After 421"
"3461",583,587,"Tail After",257,2182,1301,0.959,0.639,-9867626,421,"Tail After 421"
"3462",584,588,"Tail After",258,2184,1299,0.959,0.639,-14540467,421,"Tail After 421"
"3463",585,589,"Tail After",259,2184,1297,0.678,0.452,-14796970,421,"Tail After 421"
"3464",586,590,"Tail After",260,2184,1297,0,0,-14929087,421,"Tail After 421"
"3465",587,591,"Tail After",261,2182,1299,0.959,0.639,-15189408,421,"Tail After 421"
"3466",588,592,"Tail After",262,2180,1299,0.678,0.452,-11381378,421,"Tail After 421"
"3467",589,593,"Tail After",263,2182,1295,1.516,1.011,-13346965,421,"Tail After 421"
"3468",590,594,"Tail After",264,2180,1297,0.959,0.639,-13357488,421,"Tail After 421"
"3469",591,595,"Tail After",265,2184,1297,1.356,0.904,-11040875,421,"Tail After 421"
"3470",592,596,"Tail After",266,2182,1297,0.678,0.452,-12224389,421,"Tail After 421"
"3471",593,597,"Tail After",267,2184,1301,1.516,1.011,-9071697,421,"Tail After 421"
"3472",594,598,"Tail After",268,2186,1299,0.959,0.639,-14147264,421,"Tail After 421"
"3473",595,599,"Tail After",269,2186,1303,1.356,0.904,-10654607,421,"Tail After 421"
"3474",596,600,"Tail After",270,2193,1301,2.468,1.645,-13817271,421,"Tail After 421"
"3475",597,601,"Tail After",271,2193,1303,0.678,0.452,-14867117,421,"Tail After 421"
"3476",598,602,"Tail After",272,2190,1293,3.539,2.36,-12220263,421,"Tail After 421"
"3477",599,603,"Tail After",273,2193,1290,1.438,0.959,-14475706,421,"Tail After 421"
"3478",600,604,"Tail After",274,2193,1297,2.373,1.582,-12632731,421,"Tail After 421"
"3479",601,605,"Tail After",275,2195,1288,3.125,2.084,-12558450,421,"Tail After 421"
"3480",602,606,"Tail After",276,2195,1286,0.678,0.452,-11249528,421,"Tail After 421"
"3481",603,607,"Tail After",277,2193,1286,0.678,0.452,-8489816,421,"Tail After 421"
"3482",604,608,"Tail After",278,2197,1284,1.516,1.011,-11252613,421,"Tail After 421"
"3483",605,609,"Tail After",279,2197,1284,0,0,-10594432,421,"Tail After 421"
"3484",606,610,"Tail After",280,2197,1282,0.678,0.452,-8751715,421,"Tail After 421"
"3485",607,611,"Tail After",281,2195,1284,0.959,0.639,-12702869,421,"Tail After 421"
"3486",608,612,"Tail After",282,2193,1280,1.516,1.011,-8812636,421,"Tail After 421"
"3487",609,613,"Tail After",283,2195,1278,0.959,0.639,-10120563,421,"Tail After 421"
"3488",610,614,"Tail After",284,2197,1280,0.959,0.639,-11713916,421,"Tail After 421"
"3489",611,615,"Tail After",285,2195,1282,0.959,0.639,-9149552,421,"Tail After 421"
"3490",612,616,"Tail After",286,2193,1282,0.678,0.452,-7047247,421,"Tail After 421"
"3491",613,617,"Tail After",287,2193,1278,1.356,0.904,-13020320,421,"Tail After 421"
"3492",614,618,"Tail After",288,2195,1284,2.144,1.429,-13620900,421,"Tail After 421"
"3493",615,619,"Tail After",289,2201,1286,2.144,1.429,-15186346,421,"Tail After 421"
"3494",616,620,"Tail After",290,2199,1282,1.516,1.011,-13550217,421,"Tail After 421"
"3495",617,621,"Tail After",291,2195,1288,2.445,1.63,-11179870,421,"Tail After 421"
"3496",618,622,"Tail After",292,2195,1286,0.678,0.452,-12173202,421,"Tail After 421"
"3497",619,623,"Tail After",293,2193,1282,1.516,1.011,-9732465,421,"Tail After 421"
"3498",620,624,"Tail After",294,2193,1278,1.356,0.904,-13613485,421,"Tail After 421"
"3499",621,625,"Tail After",295,2193,1280,0.678,0.452,-13279394,421,"Tail After 421"
"3500",622,626,"Tail After",296,2193,1280,0,0,-9469557,421,"Tail After 421"
"3501",623,627,"Tail After",297,2195,1282,0.959,0.639,-12429701,421,"Tail After 421"
"3502",624,628,"Tail After",298,2193,1278,1.516,1.011,-11571849,421,"Tail After 421"
"3503",625,629,"Tail After",299,2195,1280,0.959,0.639,-13948841,421,"Tail After 421"
"3504",626,630,"Tail After",300,2193,1284,1.516,1.011,-14802863,421,"Tail After 421"
"3505",627,631,"Tail After",301,2193,1284,0,0,-10923895,421,"Tail After 421"
"3506",628,632,"Tail After",302,2195,1278,2.144,1.429,-10527609,421,"Tail After 421"
"3507",629,633,"Tail After",303,2197,1280,0.959,0.639,-10988661,421,"Tail After 421"
"3508",630,634,"Tail After",304,2195,1284,1.516,1.011,-11116926,421,"Tail After 421"
"3509",631,635,"Tail After",305,2193,1280,1.516,1.011,-10462843,421,"Tail After 421"
"3510",632,636,"Tail After",306,2195,1278,0.959,0.639,-14278326,421,"Tail After 421"
"3511",633,637,"Tail After",307,2190,1282,2.171,1.447,-11975045,421,"Tail After 421"
"3512",634,638,"Tail After",308,2195,1280,1.826,1.217,-13750688,421,"Tail After 421"
"3513",635,639,"Tail After",309,2190,1284,2.171,1.447,-10260072,421,"Tail After 421"
"3514",636,640,"Tail After",310,2184,1286,2.144,1.429,-13351817,421,"Tail After 421"
"3515",637,641,"Tail After",311,2186,1286,0.678,0.452,-11895936,421,"Tail After 421"
"3516",638,642,"Tail After",312,2184,1288,0.959,0.639,-12498301,421,"Tail After 421"
"3517",639,643,"Tail After",313,2186,1286,0.959,0.639,-13675918,421,"Tail After 421"
"3518",640,644,"Tail After",314,2184,1290,1.516,1.011,-14802622,421,"Tail After 421"
"3519",641,645,"Tail After",315,2182,1286,1.516,1.011,-12368780,421,"Tail After 421"
"3520",642,646,"Tail After",316,2182,1288,0.678,0.452,-13279371,421,"Tail After 421"
"3521",643,647,"Tail After",317,2182,1284,1.356,0.904,-12491143,421,"Tail After 421"
"3522",644,648,"Tail After",318,2178,1284,1.356,0.904,-12765591,421,"Tail After 421"
"3523",645,649,"Tail After",319,2180,1284,0.678,0.452,-11913102,421,"Tail After 421"
"3524",646,650,"Tail After",320,2180,1284,0,0,-11644810,421,"Tail After 421"
"3525",647,651,"Tail After",321,2186,1280,2.445,1.63,-13542820,421,"Tail After 421"
"3526",648,652,"Tail After",322,2186,1280,0,0,-14992057,421,"Tail After 421"
"3527",649,653,"Tail After",323,2188,1280,0.678,0.452,-12823969,421,"Tail After 421"
"3528",650,654,"Tail After",324,2188,1282,0.678,0.452,-12751256,421,"Tail After 421"
"3529",651,655,"Tail After",325,2188,1282,0,0,-14257562,421,"Tail After 421"
"3530",652,656,"Tail After",326,2188,1282,0,0,-12353665,421,"Tail After 421"
"3531",653,657,"Tail After",327,2188,1284,0.678,0.452,-12424309,421,"Tail After 421"
"3532",654,658,"Tail After",328,2190,1284,0.678,0.452,-13882801,421,"Tail After 421"
"3533",655,659,"Tail After",329,2193,1280,1.695,1.13,-10784126,421,"Tail After 421"
"3534",656,660,"Tail After",330,2195,1278,0.959,0.639,-12293523,421,"Tail After 421"
"3535",1,2,"Head Before",2,1721,1722,25.784,17.189,-10521483,422,"Head Before 422"
"3536",2,3,"Head Before",3,1677,1662,25.223,16.815,-8480868,422,"Head Before 422"
"3537",3,4,"Head Before",4,1639,1597,25.524,17.016,-7826272,422,"Head Before 422"
"3538",4,5,"Head Before",5,1616,1496,35.116,23.41,-10129562,422,"Head Before 422"
"3539",5,6,"Head Before",6,1589,1439,21.381,14.254,-7632241,422,"Head Before 422"
"3540",6,7,"Head Before",7,1553,1391,20.34,13.56,-9141093,422,"Head Before 422"
"3541",7,8,"Head Before",8,1507,1328,26.444,17.629,-9339774,422,"Head Before 422"
"3542",8,9,"Head Before",9,1452,1324,18.694,12.463,-9668739,422,"Head Before 422"
"3543",9,10,"Head Before",10,1440,1334,5.295,3.53,-8418421,422,"Head Before 422"
"3544",10,11,"Head Before",11,1434,1328,2.877,1.918,-5592657,422,"Head Before 422"
"3545",11,12,"Head Before",12,1419,1330,5.13,3.42,-5794385,422,"Head Before 422"
"3546",12,13,"Head Before",13,1415,1326,1.918,1.278,-6978186,422,"Head Before 422"
"3547",13,14,"Head Before",14,1400,1322,5.263,3.508,-7435872,422,"Head Before 422"
"3548",14,15,"Head Before",15,1383,1328,6.111,4.074,-8817528,422,"Head Before 422"
"3549",15,16,"Head Before",16,1383,1328,0,0,-7438442,422,"Head Before 422"
"3550",16,17,"Head Before",17,1381,1326,0.959,0.639,-5204295,422,"Head Before 422"
"3551",17,18,"Head Before",18,1371,1334,4.341,2.894,-9401717,422,"Head Before 422"
"3552",18,19,"Head Before",19,1371,1343,3.051,2.034,-7372643,422,"Head Before 422"
"3553",19,20,"Head Before",20,1369,1328,5.13,3.42,-9076863,422,"Head Before 422"
"3554",20,21,"Head Before",21,1375,1332,2.445,1.63,-7370096,422,"Head Before 422"
"3555",21,22,"Head Before",22,1367,1332,2.712,1.808,-5530445,422,"Head Before 422"
"3556",22,23,"Head Before",23,1358,1328,3.339,2.226,-6125646,422,"Head Before 422"
"3557",23,24,"Head Before",24,1367,1332,3.339,2.226,-6781284,422,"Head Before 422"
"3558",24,25,"Head Before",25,1362,1337,2.397,1.598,-9274245,422,"Head Before 422"
"3559",25,26,"Head Before",26,1369,1341,2.733,1.822,-6978669,422,"Head Before 422"
"3560",26,27,"Head Before",27,1367,1339,0.959,0.639,-7766899,422,"Head Before 422"
"3561",27,28,"Head Before",28,1362,1343,2.171,1.447,-8223849,422,"Head Before 422"
"3562",28,29,"Head Before",29,1356,1349,2.877,1.918,-7502699,422,"Head Before 422"
"3563",29,30,"Head Before",30,1362,1347,2.144,1.429,-6645094,422,"Head Before 422"
"3564",30,31,"Head Before",31,1364,1347,0.678,0.452,-5660507,422,"Head Before 422"
"3565",31,32,"Head Before",32,1362,1345,0.959,0.639,-6709848,422,"Head Before 422"
"3566",32,33,"Head Before",33,1362,1345,0,0,-9476503,422,"Head Before 422"
"3567",33,34,"Head Before",34,1350,1345,4.068,2.712,-12758705,422,"Head Before 422"
"3568",34,35,"Head Before",35,1356,1341,2.445,1.63,-11442331,422,"Head Before 422"
"3569",35,36,"Head Before",36,1360,1345,1.918,1.278,-10528924,422,"Head Before 422"
"3570",36,37,"Head Before",37,1358,1345,0.678,0.452,-10781842,422,"Head Before 422"
"3571",37,38,"Head Before",38,1367,1343,3.125,2.084,-9211773,422,"Head Before 422"
"3572",38,39,"Head Before",39,1362,1343,1.695,1.13,-7898983,422,"Head Before 422"
"3573",39,40,"Head Before",40,1360,1351,2.795,1.864,-10320503,422,"Head Before 422"
"3574",40,41,"Head Before",41,1369,1339,5.085,3.39,-7958359,422,"Head Before 422"
"3575",41,42,"Head Before",42,1364,1334,2.397,1.598,-8548730,422,"Head Before 422"
"3576",42,43,"Head Before",43,1362,1341,2.468,1.645,-9078147,422,"Head Before 422"
"3577",43,44,"Head Before",44,1360,1328,4.459,2.973,-8288355,422,"Head Before 422"
"3578",44,45,"Head Before",45,1367,1332,2.733,1.822,-6715499,422,"Head Before 422"
"3579",45,46,"Head Before",46,1390,1313,10.113,6.742,-4935489,422,"Head Before 422"
"3580",46,47,"Head Before",47,1392,1309,1.516,1.011,-7109730,422,"Head Before 422"
"3581",47,48,"Head Before",48,1387,1313,2.171,1.447,-6382422,422,"Head Before 422"
"3582",48,49,"Head Before",49,1383,1307,2.445,1.63,-10318207,422,"Head Before 422"
"3583",49,50,"Head Before",50,1371,1316,5.085,3.39,-5469005,422,"Head Before 422"
"3584",50,51,"Head Before",51,1364,1318,2.468,1.645,-9608849,422,"Head Before 422"
"3585",51,52,"Head Before",52,1367,1309,3.216,2.144,-7499376,422,"Head Before 422"
"3586",52,53,"Head Before",53,1371,1303,2.445,1.63,-6185043,422,"Head Before 422"
"3587",53,54,"Head Before",54,1362,1311,4.082,2.721,-6845794,422,"Head Before 422"
"3588",54,55,"Head Before",55,1362,1320,3.051,2.034,-8746622,422,"Head Before 422"
"3589",55,56,"Head Before",56,1354,1322,2.795,1.864,-6382682,422,"Head Before 422"
"3590",56,57,"Head Before",57,1360,1313,3.667,2.445,-9406342,422,"Head Before 422"
"3591",57,58,"Head Before",58,1354,1330,6.111,4.074,-8082518,422,"Head Before 422"
"3592",58,59,"Head Before",59,1350,1343,4.611,3.074,-10124413,422,"Head Before 422"
"3593",59,60,"Head Before",60,1350,1347,1.356,0.904,-10260100,422,"Head Before 422"
"3594",60,61,"Head Before",61,1348,1339,2.795,1.864,-5400892,422,"Head Before 422"
"3595",61,62,"Head Before",62,1350,1328,3.79,2.527,-7373167,422,"Head Before 422"
"3596",62,63,"Head Before",63,1352,1372,14.931,9.954,-11321274,422,"Head Before 422"
"3597",63,64,"Head Before",64,1348,1368,1.918,1.278,-9992568,422,"Head Before 422"
"3598",64,65,"Head Before",65,1350,1385,5.803,3.868,-11377829,422,"Head Before 422"
"3599",65,66,"Head Before",66,1350,1385,0,0,-11909815,422,"Head Before 422"
"3600",66,67,"Head Before",67,1354,1387,1.516,1.011,-10976398,422,"Head Before 422"
"3601",67,68,"Head Before",68,1352,1387,0.678,0.452,-13221581,422,"Head Before 422"
"3602",68,69,"Head Before",69,1350,1387,0.678,0.452,-6971480,422,"Head Before 422"
"3603",69,70,"Head Before",70,1356,1395,3.39,2.26,-8092027,422,"Head Before 422"
"3604",70,71,"Head Before",71,1360,1395,1.356,0.904,-11702942,422,"Head Before 422"
"3605",71,72,"Head Before",72,1356,1387,3.032,2.021,-12171454,422,"Head Before 422"
"3606",72,73,"Head Before",73,1350,1391,2.445,1.63,-6963269,422,"Head Before 422"
"3607",73,74,"Head Before",74,1354,1393,1.516,1.011,-9481367,422,"Head Before 422"
"3608",74,75,"Head Before",75,1358,1397,1.918,1.278,-11390903,422,"Head Before 422"
"3609",75,76,"Head Before",76,1360,1381,5.466,3.644,-12037551,422,"Head Before 422"
"3610",76,77,"Head Before",77,1362,1389,2.795,1.864,-11976108,422,"Head Before 422"
"3611",77,78,"Head Before",78,1354,1383,3.39,2.26,-11183780,422,"Head Before 422"
"3612",78,79,"Head Before",79,1354,1385,0.678,0.452,-10735543,422,"Head Before 422"
"3613",79,80,"Head Before",80,1354,1381,1.356,0.904,-13815240,422,"Head Before 422"
"3614",80,81,"Head Before",81,1356,1374,2.468,1.645,-11058890,422,"Head Before 422"
"3615",81,82,"Head Before",82,1354,1364,3.457,2.305,-9279878,422,"Head Before 422"
"3616",82,83,"Head Before",83,1352,1364,0.678,0.452,-8348002,422,"Head Before 422"
"3617",83,84,"Head Before",84,1358,1349,5.477,3.651,-8555377,422,"Head Before 422"
"3618",84,85,"Head Before",85,1362,1341,3.032,2.021,-7766111,422,"Head Before 422"
"3619",85,86,"Head Before",86,1360,1351,3.457,2.305,-9074537,422,"Head Before 422"
"3620",86,87,"Head Before",87,1360,1347,1.356,0.904,-7304303,422,"Head Before 422"
"3621",87,88,"Head Before",88,1360,1347,0,0,-6842234,422,"Head Before 422"
"3622",88,89,"Head Before",89,1358,1360,4.459,2.973,-4209965,422,"Head Before 422"
"3623",89,90,"Head Before",90,1356,1372,4.124,2.749,-6119536,422,"Head Before 422"
"3624",90,91,"Head Before",91,1356,1372,0,0,-11307927,422,"Head Before 422"
"3625",91,92,"Head Before",92,1354,1374,0.959,0.639,-9607824,422,"Head Before 422"
"3626",92,93,"Head Before",93,1352,1376,0.959,0.639,-6255449,422,"Head Before 422"
"3627",93,94,"Head Before",94,1352,1376,0,0,-11640732,422,"Head Before 422"
"3628",94,95,"Head Before",95,1352,1374,0.678,0.452,-12493472,422,"Head Before 422"
"3629",95,96,"Head Before",96,1352,1372,0.678,0.452,-4218705,422,"Head Before 422"
"3630",96,97,"Head Before",97,1352,1376,1.356,0.904,-11187129,422,"Head Before 422"
"3631",97,98,"Head Before",98,1352,1376,0,0,-13745607,422,"Head Before 422"
"3632",98,100,"Tail Before",2,1754,1781,25.873,17.249,-12559793,422,"Tail Before 422"
"3633",99,101,"Tail Before",3,1704,1718,27.266,18.177,-13284258,422,"Tail Before 422"
"3634",100,102,"Tail Before",4,1677,1634,29.911,19.941,-14074805,422,"Tail Before 422"
"3635",101,103,"Tail Before",5,1629,1561,29.617,19.745,-14141119,422,"Tail Before 422"
"3636",102,104,"Tail Before",6,1608,1498,22.512,15.008,-16509163,422,"Tail Before 422"
"3637",103,105,"Tail Before",7,1580,1446,20.021,13.347,-14601421,422,"Tail Before 422"
"3638",104,106,"Tail Before",8,1561,1374,25.244,16.829,-15256269,422,"Tail Before 422"
"3639",105,107,"Tail Before",9,1515,1349,17.748,11.832,-15384003,422,"Tail Before 422"
"3640",106,108,"Tail Before",10,1513,1349,0.678,0.452,-14261925,422,"Tail Before 422"
"3641",107,109,"Tail Before",11,1490,1349,7.797,5.198,-14471889,422,"Tail Before 422"
"3642",108,110,"Tail Before",12,1478,1347,4.124,2.749,-13612720,422,"Tail Before 422"
"3643",109,111,"Tail Before",13,1476,1347,0.678,0.452,-12435370,422,"Tail Before 422"
"3644",110,112,"Tail Before",14,1467,1347,3.051,2.034,-13545911,422,"Tail Before 422"
"3645",111,113,"Tail Before",15,1455,1341,4.548,3.032,-12755122,422,"Tail Before 422"
"3646",112,114,"Tail Before",16,1448,1345,2.733,1.822,-13288112,422,"Tail Before 422"
"3647",113,115,"Tail Before",17,1442,1355,3.953,2.636,-14014151,422,"Tail Before 422"
"3648",114,116,"Tail Before",18,1440,1360,1.826,1.217,-10324355,422,"Tail Before 422"
"3649",115,117,"Tail Before",19,1440,1362,0.678,0.452,-10122875,422,"Tail Before 422"
"3650",116,118,"Tail Before",20,1436,1366,1.918,1.278,-10327693,422,"Tail Before 422"
"3651",117,119,"Tail Before",21,1429,1372,3.125,2.084,-13543329,422,"Tail Before 422"
"3652",118,120,"Tail Before",22,1427,1370,0.959,0.639,-13417397,422,"Tail Before 422"
"3653",119,121,"Tail Before",23,1421,1364,2.877,1.918,-15910069,422,"Tail Before 422"
"3654",120,122,"Tail Before",24,1432,1366,3.79,2.527,-15249060,422,"Tail Before 422"
"3655",121,123,"Tail Before",25,1427,1368,1.826,1.217,-13874329,422,"Tail Before 422"
"3656",122,124,"Tail Before",26,1429,1372,1.516,1.011,-12166038,422,"Tail Before 422"
"3657",123,125,"Tail Before",27,1429,1370,0.678,0.452,-10786442,422,"Tail Before 422"
"3658",124,126,"Tail Before",28,1425,1374,1.918,1.278,-12367493,422,"Tail Before 422"
"3659",125,127,"Tail Before",29,1425,1376,0.678,0.452,-14991270,422,"Tail Before 422"
"3660",126,128,"Tail Before",30,1423,1374,0.959,0.639,-13277837,422,"Tail Before 422"
"3661",127,129,"Tail Before",31,1425,1372,0.959,0.639,-12361624,422,"Tail Before 422"
"3662",128,130,"Tail Before",32,1423,1372,0.678,0.452,-10118512,422,"Tail Before 422"
"3663",129,131,"Tail Before",33,1423,1374,0.678,0.452,-12498578,422,"Tail Before 422"
"3664",130,132,"Tail Before",34,1425,1372,0.959,0.639,-11497594,422,"Tail Before 422"
"3665",131,133,"Tail Before",35,1421,1370,1.516,1.011,-10587032,422,"Tail Before 422"
"3666",132,134,"Tail Before",36,1421,1370,0,0,-12226455,422,"Tail Before 422"
"3667",133,135,"Tail Before",37,1421,1374,1.356,0.904,-9865594,422,"Tail Before 422"
"3668",134,136,"Tail Before",38,1425,1376,1.516,1.011,-11779491,422,"Tail Before 422"
"3669",135,137,"Tail Before",39,1429,1374,1.516,1.011,-14007229,422,"Tail Before 422"
"3670",136,138,"Tail Before",40,1429,1372,0.678,0.452,-14272970,422,"Tail Before 422"
"3671",137,139,"Tail Before",41,1429,1368,1.356,0.904,-12368572,422,"Tail Before 422"
"3672",138,140,"Tail Before",42,1427,1370,0.959,0.639,-13542052,422,"Tail Before 422"
"3673",139,141,"Tail Before",43,1427,1374,1.356,0.904,-16762807,422,"Tail Before 422"
"3674",140,142,"Tail Before",44,1419,1368,3.39,2.26,-14925243,422,"Tail Before 422"
"3675",141,143,"Tail Before",45,1421,1366,0.959,0.639,-10988711,422,"Tail Before 422"
"3676",142,144,"Tail Before",46,1425,1366,1.356,0.904,-9592174,422,"Tail Before 422"
"3677",143,145,"Tail Before",47,1423,1368,0.959,0.639,-10646648,422,"Tail Before 422"
"3678",144,146,"Tail Before",48,1423,1368,0,0,-13146496,422,"Tail Before 422"
"3679",145,147,"Tail Before",49,1413,1364,3.651,2.434,-9671847,422,"Tail Before 422"
"3680",146,148,"Tail Before",50,1413,1368,1.356,0.904,-12493223,422,"Tail Before 422"
"3681",147,149,"Tail Before",51,1415,1372,1.516,1.011,-9012102,422,"Tail Before 422"
"3682",148,150,"Tail Before",52,1411,1368,1.918,1.278,-13084846,422,"Tail Before 422"
"3683",149,151,"Tail Before",53,1413,1368,0.678,0.452,-8757669,422,"Tail Before 422"
"3684",150,152,"Tail Before",54,1411,1366,0.959,0.639,-10447713,422,"Tail Before 422"
"3685",151,153,"Tail Before",55,1411,1370,1.356,0.904,-14586792,422,"Tail Before 422"
"3686",152,154,"Tail Before",56,1408,1366,1.695,1.13,-11035774,422,"Tail Before 422"
"3687",153,155,"Tail Before",57,1408,1368,0.678,0.452,-14651558,422,"Tail Before 422"
"3688",154,156,"Tail Before",58,1408,1368,0,0,-15308182,422,"Tail Before 422"
"3689",155,157,"Tail Before",59,1406,1370,0.959,0.639,-15049897,422,"Tail Before 422"
"3690",156,158,"Tail Before",60,1408,1368,0.959,0.639,-15456706,422,"Tail Before 422"
"3691",157,159,"Tail Before",61,1406,1372,1.516,1.011,-11377564,422,"Tail Before 422"
"3692",158,160,"Tail Before",62,1406,1372,0,0,-7951714,422,"Tail Before 422"
"3693",159,161,"Tail Before",63,1404,1374,0.959,0.639,-12685452,422,"Tail Before 422"
"3694",160,162,"Tail Before",64,1406,1374,0.678,0.452,-10572903,422,"Tail Before 422"
"3695",161,163,"Tail Before",65,1406,1370,1.356,0.904,-11108749,422,"Tail Before 422"
"3696",162,164,"Tail Before",66,1404,1372,0.959,0.639,-12435620,422,"Tail Before 422"
"3697",163,165,"Tail Before",67,1411,1368,2.733,1.822,-14338249,422,"Tail Before 422"
"3698",164,166,"Tail Before",68,1415,1368,1.356,0.904,-14603200,422,"Tail Before 422"
"3699",165,167,"Tail Before",69,1413,1368,0.678,0.452,-14148544,422,"Tail Before 422"
"3700",166,168,"Tail Before",70,1415,1372,1.516,1.011,-8689564,422,"Tail Before 422"
"3701",167,169,"Tail Before",71,1415,1370,0.678,0.452,-11127739,422,"Tail Before 422"
"3702",168,170,"Tail Before",72,1419,1366,1.918,1.278,-11901861,422,"Tail Before 422"
"3703",169,171,"Tail Before",73,1417,1368,0.959,0.639,-13279905,422,"Tail Before 422"
"3704",170,172,"Tail Before",74,1417,1374,2.034,1.356,-12288658,422,"Tail Before 422"
"3705",171,173,"Tail Before",75,1413,1372,1.516,1.011,-13550002,422,"Tail Before 422"
"3706",172,174,"Tail Before",76,1408,1364,3.198,2.132,-11846563,422,"Tail Before 422"
"3707",173,175,"Tail Before",77,1406,1360,1.516,1.011,-13544861,422,"Tail Before 422"
"3708",174,176,"Tail Before",78,1404,1360,0.678,0.452,-7632749,422,"Tail Before 422"
"3709",175,177,"Tail Before",79,1402,1366,2.144,1.429,-7983270,422,"Tail Before 422"
"3710",176,178,"Tail Before",80,1402,1362,1.356,0.904,-9423734,422,"Tail Before 422"
"3711",177,179,"Tail Before",81,1402,1362,0,0,-11525049,422,"Tail Before 422"
"3712",178,180,"Tail Before",82,1404,1358,1.516,1.011,-11969699,422,"Tail Before 422"
"3713",179,181,"Tail Before",83,1413,1353,3.49,2.327,-9478592,422,"Tail Before 422"
"3714",180,182,"Tail Before",84,1419,1351,2.144,1.429,-11249904,422,"Tail Before 422"
"3715",181,183,"Tail Before",85,1427,1349,2.795,1.864,-12762554,422,"Tail Before 422"
"3716",182,184,"Tail Before",86,1427,1349,0,0,-11047334,422,"Tail Before 422"
"3717",183,185,"Tail Before",87,1427,1343,2.034,1.356,-13937574,422,"Tail Before 422"
"3718",184,186,"Tail Before",88,1421,1349,2.877,1.918,-11706008,422,"Tail Before 422"
"3719",185,187,"Tail Before",89,1417,1353,1.918,1.278,-10651784,422,"Tail Before 422"
"3720",186,188,"Tail Before",90,1415,1364,3.79,2.527,-13096891,422,"Tail Before 422"
"3721",187,189,"Tail Before",91,1413,1360,1.516,1.011,-10794916,422,"Tail Before 422"
"3722",188,190,"Tail Before",92,1413,1358,0.678,0.452,-10254469,422,"Tail Before 422"
"3723",189,191,"Tail Before",93,1411,1351,2.468,1.645,-8347258,422,"Tail Before 422"
"3724",190,192,"Tail Before",94,1406,1364,4.722,3.148,-7118460,422,"Tail Before 422"
"3725",191,193,"Tail Before",95,1411,1358,2.648,1.765,-12894125,422,"Tail Before 422"
"3726",192,194,"Tail Before",96,1411,1353,1.695,1.13,-14213834,422,"Tail Before 422"
"3727",193,195,"Tail Before",97,1404,1355,2.468,1.645,-14803400,422,"Tail Before 422"
"3728",194,196,"Tail Before",98,1404,1355,0,0,-11758447,422,"Tail Before 422"
"3729",195,198,"Head After",100,1356,1381,0,0,-13147031,422,"Head After 422"
"3730",196,199,"Head After",101,1360,1387,2.445,1.63,-9270636,422,"Head After 422"
"3731",197,200,"Head After",102,1360,1387,0,0,-9339497,422,"Head After 422"
"3732",198,201,"Head After",103,1358,1391,1.516,1.011,-8871032,422,"Head After 422"
"3733",199,202,"Head After",104,1360,1395,1.516,1.011,-8411750,422,"Head After 422"
"3734",200,203,"Head After",105,1360,1395,0,0,-8488301,422,"Head After 422"
"3735",201,204,"Head After",106,1360,1395,0,0,-9665679,422,"Head After 422"
"3736",202,205,"Head After",107,1356,1395,1.356,0.904,-12110014,422,"Head After 422"
"3737",203,206,"Head After",108,1354,1397,0.959,0.639,-8613002,422,"Head After 422"
"3738",204,207,"Head After",109,1352,1397,0.678,0.452,-12224902,422,"Head After 422"
"3739",205,208,"Head After",110,1350,1397,0.678,0.452,-11906226,422,"Head After 422"
"3740",206,209,"Head After",111,1348,1393,1.516,1.011,-13346227,422,"Head After 422"
"3741",207,210,"Head After",112,1348,1395,0.678,0.452,-12090251,422,"Head After 422"
"3742",208,211,"Head After",113,1348,1402,2.373,1.582,-12560569,422,"Head After 422"
"3743",209,212,"Head After",114,1348,1402,0,0,-11772084,422,"Head After 422"
"3744",210,213,"Head After",115,1346,1402,0.678,0.452,-7697784,422,"Head After 422"
"3745",211,214,"Head After",116,1348,1402,0.678,0.452,-10797488,422,"Head After 422"
"3746",212,215,"Head After",117,1350,1404,0.959,0.639,-10982828,422,"Head After 422"
"3747",213,216,"Head After",118,1350,1402,0.678,0.452,-10721691,422,"Head After 422"
"3748",214,217,"Head After",119,1348,1404,0.959,0.639,-8284828,422,"Head After 422"
"3749",215,218,"Head After",120,1348,1404,0,0,-11584433,422,"Head After 422"
"3750",216,219,"Head After",121,1341,1399,2.916,1.944,-10453386,422,"Head After 422"
"3751",217,220,"Head After",122,1337,1397,1.516,1.011,-9537417,422,"Head After 422"
"3752",218,221,"Head After",123,1335,1393,1.516,1.011,-9074047,422,"Head After 422"
"3753",219,222,"Head After",124,1335,1393,0,0,-9863820,422,"Head After 422"
"3754",220,223,"Head After",125,1337,1393,0.678,0.452,-10264736,422,"Head After 422"
"3755",221,224,"Head After",126,1331,1387,2.877,1.918,-8736644,422,"Head After 422"
"3756",222,225,"Head After",127,1333,1391,1.516,1.011,-12040880,422,"Head After 422"
"3757",223,226,"Head After",128,1333,1385,2.034,1.356,-9150083,422,"Head After 422"
"3758",224,227,"Head After",129,1337,1385,1.356,0.904,-13284282,422,"Head After 422"
"3759",225,228,"Head After",130,1335,1389,1.516,1.011,-10341024,422,"Head After 422"
"3760",226,229,"Head After",131,1333,1385,1.516,1.011,-10723231,422,"Head After 422"
"3761",227,230,"Head After",132,1335,1385,0.678,0.452,-11843254,422,"Head After 422"
"3762",228,231,"Head After",133,1337,1387,0.959,0.639,-11043474,422,"Head After 422"
"3763",229,232,"Head After",134,1339,1391,1.516,1.011,-9086892,422,"Head After 422"
"3764",230,233,"Head After",135,1335,1389,1.516,1.011,-11770770,422,"Head After 422"
"3765",231,234,"Head After",136,1337,1389,0.678,0.452,-10254208,422,"Head After 422"
"3766",232,235,"Head After",137,1333,1385,1.918,1.278,-9935506,422,"Head After 422"
"3767",233,236,"Head After",138,1333,1385,0,0,-9143939,422,"Head After 422"
"3768",234,237,"Head After",139,1335,1385,0.678,0.452,-10522271,422,"Head After 422"
"3769",235,238,"Head After",140,1333,1385,0.678,0.452,-9014923,422,"Head After 422"
"3770",236,239,"Head After",141,1335,1387,0.959,0.639,-11975592,422,"Head After 422"
"3771",237,240,"Head After",142,1333,1393,2.144,1.429,-9211264,422,"Head After 422"
"3772",238,241,"Head After",143,1329,1391,1.516,1.011,-10462101,422,"Head After 422"
"3773",239,242,"Head After",144,1331,1389,0.959,0.639,-7753303,422,"Head After 422"
"3774",240,243,"Head After",145,1329,1393,1.516,1.011,-8678772,422,"Head After 422"
"3775",241,244,"Head After",146,1329,1391,0.678,0.452,-10732973,422,"Head After 422"
"3776",242,245,"Head After",147,1329,1387,1.356,0.904,-7302513,422,"Head After 422"
"3777",243,246,"Head After",148,1329,1389,0.678,0.452,-8741748,422,"Head After 422"
"3778",244,247,"Head After",149,1327,1389,0.678,0.452,-7093325,422,"Head After 422"
"3779",245,248,"Head After",150,1325,1387,0.959,0.639,-12036262,422,"Head After 422"
"3780",246,249,"Head After",151,1325,1385,0.678,0.452,-8808302,422,"Head After 422"
"3781",247,250,"Head After",152,1327,1387,0.959,0.639,-10198427,422,"Head After 422"
"3782",248,251,"Head After",153,1325,1387,0.678,0.452,-12106924,422,"Head After 422"
"3783",249,252,"Head After",154,1325,1387,0,0,-13154202,422,"Head After 422"
"3784",250,253,"Head After",155,1327,1387,0.678,0.452,-10526093,422,"Head After 422"
"3785",251,254,"Head After",156,1325,1389,0.959,0.639,-11637652,422,"Head After 422"
"3786",252,255,"Head After",157,1325,1387,0.678,0.452,-11052696,422,"Head After 422"
"3787",253,256,"Head After",158,1325,1387,0,0,-9400187,422,"Head After 422"
"3788",254,257,"Head After",159,1325,1387,0,0,-11976619,422,"Head After 422"
"3789",255,258,"Head After",160,1325,1387,0,0,-10654619,422,"Head After 422"
"3790",256,259,"Head After",161,1327,1387,0.678,0.452,-11050396,422,"Head After 422"
"3791",257,260,"Head After",162,1327,1389,0.678,0.452,-7822438,422,"Head After 422"
"3792",258,261,"Head After",163,1327,1395,2.034,1.356,-9925756,422,"Head After 422"
"3793",259,262,"Head After",164,1322,1395,1.695,1.13,-11633525,422,"Head After 422"
"3794",260,263,"Head After",165,1318,1393,1.516,1.011,-10405313,422,"Head After 422"
"3795",261,264,"Head After",166,1318,1395,0.678,0.452,-12702136,422,"Head After 422"
"3796",262,265,"Head After",167,1320,1397,0.959,0.639,-14872029,422,"Head After 422"
"3797",263,266,"Head After",168,1316,1395,1.516,1.011,-13289401,422,"Head After 422"
"3798",264,267,"Head After",169,1314,1399,1.516,1.011,-14601694,422,"Head After 422"
"3799",265,268,"Head After",170,1316,1402,1.222,0.815,-11314067,422,"Head After 422"
"3800",266,269,"Head After",171,1316,1412,3.39,2.26,-13945787,422,"Head After 422"
"3801",267,270,"Head After",172,1314,1410,0.959,0.639,-11843018,422,"Head After 422"
"3802",268,271,"Head After",173,1316,1412,0.959,0.639,-11711163,422,"Head After 422"
"3803",269,272,"Head After",174,1316,1412,0,0,-9536665,422,"Head After 422"
"3804",270,273,"Head After",175,1318,1412,0.678,0.452,-9342892,422,"Head After 422"
"3805",271,274,"Head After",176,1318,1410,0.678,0.452,-7888241,422,"Head After 422"
"3806",272,275,"Head After",177,1322,1408,1.516,1.011,-13416896,422,"Head After 422"
"3807",273,276,"Head After",178,1322,1410,0.678,0.452,-10459809,422,"Head After 422"
"3808",274,277,"Head After",179,1329,1414,2.733,1.822,-10985625,422,"Head After 422"
"3809",275,278,"Head After",180,1327,1414,0.678,0.452,-10457240,422,"Head After 422"
"3810",276,279,"Head After",181,1327,1412,0.678,0.452,-10450567,422,"Head After 422"
"3811",277,280,"Head After",182,1327,1412,0,0,-13547189,422,"Head After 422"
"3812",278,281,"Head After",183,1329,1414,0.959,0.639,-7761498,422,"Head After 422"
"3813",279,282,"Head After",184,1331,1412,0.959,0.639,-12492969,422,"Head After 422"
"3814",280,283,"Head After",185,1346,1416,5.263,3.508,-14280144,422,"Head After 422"
"3815",281,284,"Head After",186,1339,1422,3.125,2.084,-10123663,422,"Head After 422"
"3816",282,285,"Head After",187,1337,1420,0.959,0.639,-14339001,422,"Head After 422"
"3817",283,286,"Head After",188,1329,1422,2.795,1.864,-13935025,422,"Head After 422"
"3818",284,287,"Head After",189,1327,1425,1.222,0.815,-14407112,422,"Head After 422"
"3819",285,288,"Head After",190,1325,1425,0.678,0.452,-12161427,422,"Head After 422"
"3820",286,289,"Head After",191,1325,1425,0,0,-11107458,422,"Head After 422"
"3821",287,290,"Head After",192,1327,1429,1.516,1.011,-12816795,422,"Head After 422"
"3822",288,291,"Head After",193,1325,1429,0.678,0.452,-12431020,422,"Head After 422"
"3823",289,292,"Head After",194,1327,1431,0.959,0.639,-14663881,422,"Head After 422"
"3824",290,293,"Head After",195,1331,1433,1.516,1.011,-11179896,422,"Head After 422"
"3825",291,294,"Head After",196,1333,1433,0.678,0.452,-11182501,422,"Head After 422"
"3826",292,295,"Head After",197,1341,1431,2.795,1.864,-14467782,422,"Head After 422"
"3827",293,297,"Tail After",100,1423,1355,3.032,2.021,-11706014,422,"Tail After 422"
"3828",294,298,"Tail After",101,1423,1351,1.356,0.904,-9667688,422,"Tail After 422"
"3829",295,299,"Tail After",102,1425,1358,2.468,1.645,-13817034,422,"Tail After 422"
"3830",296,300,"Tail After",103,1423,1360,0.959,0.639,-13548482,422,"Tail After 422"
"3831",297,301,"Tail After",104,1421,1349,3.79,2.527,-13290690,422,"Tail After 422"
"3832",298,302,"Tail After",105,1421,1353,1.356,0.904,-14199204,422,"Tail After 422"
"3833",299,303,"Tail After",106,1415,1353,2.034,1.356,-11121589,422,"Tail After 422"
"3834",300,304,"Tail After",107,1421,1353,2.034,1.356,-14535878,422,"Tail After 422"
"3835",301,305,"Tail After",108,1421,1358,1.695,1.13,-12898226,422,"Tail After 422"
"3836",302,306,"Tail After",109,1419,1355,1.222,0.815,-14010527,422,"Tail After 422"
"3837",303,307,"Tail After",110,1417,1358,1.222,0.815,-12304557,422,"Tail After 422"
"3838",304,308,"Tail After",111,1417,1358,0,0,-13356975,422,"Tail After 422"
"3839",305,309,"Tail After",112,1417,1358,0,0,-13951163,422,"Tail After 422"
"3840",306,310,"Tail After",113,1419,1358,0.678,0.452,-13942190,422,"Tail After 422"
"3841",307,311,"Tail After",114,1417,1358,0.678,0.452,-8174746,422,"Tail After 422"
"3842",308,312,"Tail After",115,1417,1360,0.678,0.452,-14210250,422,"Tail After 422"
"3843",309,313,"Tail After",116,1415,1355,1.826,1.217,-12374449,422,"Tail After 422"
"3844",310,314,"Tail After",117,1413,1355,0.678,0.452,-7046810,422,"Tail After 422"
"3845",311,315,"Tail After",118,1406,1353,2.468,1.645,-10657912,422,"Tail After 422"
"3846",312,316,"Tail After",119,1411,1355,1.826,1.217,-13668246,422,"Tail After 422"
"3847",313,317,"Tail After",120,1415,1353,1.516,1.011,-12172217,422,"Tail After 422"
"3848",314,318,"Tail After",121,1413,1355,0.959,0.639,-14200758,422,"Tail After 422"
"3849",315,319,"Tail After",122,1408,1349,2.648,1.765,-13408916,422,"Tail After 422"
"3850",316,320,"Tail After",123,1415,1351,2.468,1.645,-14996677,422,"Tail After 422"
"3851",317,321,"Tail After",124,1413,1351,0.678,0.452,-12704202,422,"Tail After 422"
"3852",318,322,"Tail After",125,1413,1353,0.678,0.452,-12239027,422,"Tail After 422"
"3853",319,323,"Tail After",126,1406,1349,2.733,1.822,-13225134,422,"Tail After 422"
"3854",320,324,"Tail After",127,1408,1351,0.959,0.639,-14261913,422,"Tail After 422"
"3855",321,325,"Tail After",128,1425,1345,6.111,4.074,-9999005,422,"Tail After 422"
"3856",322,326,"Tail After",129,1411,1341,4.936,3.291,-11309465,422,"Tail After 422"
"3857",323,327,"Tail After",130,1429,1341,6.102,4.068,-11055543,422,"Tail After 422"
"3858",324,328,"Tail After",131,1425,1345,1.918,1.278,-9678502,422,"Tail After 422"
"3859",325,329,"Tail After",132,1425,1341,1.356,0.904,-12243130,422,"Tail After 422"
"3860",326,330,"Tail After",133,1423,1343,0.959,0.639,-14011843,422,"Tail After 422"
"3861",327,331,"Tail After",134,1421,1345,0.959,0.639,-9286818,422,"Tail After 422"
"3862",328,332,"Tail After",135,1421,1347,0.678,0.452,-12562079,422,"Tail After 422"
"3863",329,333,"Tail After",136,1411,1349,3.457,2.305,-13684891,422,"Tail After 422"
"3864",330,334,"Tail After",137,1411,1351,0.678,0.452,-13274759,422,"Tail After 422"
"3865",331,335,"Tail After",138,1406,1349,1.826,1.217,-14729396,422,"Tail After 422"
"3866",332,336,"Tail After",139,1406,1345,1.356,0.904,-5844534,422,"Tail After 422"
"3867",333,337,"Tail After",140,1411,1351,2.648,1.765,-12634777,422,"Tail After 422"
"3868",334,338,"Tail After",141,1419,1355,3.032,2.021,-11454138,422,"Tail After 422"
"3869",335,339,"Tail After",142,1419,1355,0,0,-8808330,422,"Tail After 422"
"3870",336,340,"Tail After",143,1421,1358,1.222,0.815,-9999506,422,"Tail After 422"
"3871",337,341,"Tail After",144,1421,1360,0.678,0.452,-10982050,422,"Tail After 422"
"3872",338,342,"Tail After",145,1419,1355,1.826,1.217,-13226914,422,"Tail After 422"
"3873",339,343,"Tail After",146,1417,1358,1.222,0.815,-14341335,422,"Tail After 422"
"3874",340,344,"Tail After",147,1415,1358,0.678,0.452,-11501956,422,"Tail After 422"
"3875",341,345,"Tail After",148,1415,1355,1.017,0.678,-10972798,422,"Tail After 422"
"3876",342,346,"Tail After",149,1413,1349,2.144,1.429,-10595484,422,"Tail After 422"
"3877",343,347,"Tail After",150,1421,1349,2.712,1.808,-11517359,422,"Tail After 422"
"3878",344,348,"Tail After",151,1417,1351,1.516,1.011,-12506029,422,"Tail After 422"
"3879",345,349,"Tail After",152,1425,1345,3.39,2.26,-14135224,422,"Tail After 422"
"3880",346,350,"Tail After",153,1427,1343,0.959,0.639,-13225154,422,"Tail After 422"
"3881",347,351,"Tail After",154,1423,1349,2.445,1.63,-13292980,422,"Tail After 422"
"3882",348,352,"Tail After",155,1425,1351,0.959,0.639,-11258807,422,"Tail After 422"
"3883",349,353,"Tail After",156,1425,1347,1.356,0.904,-11438228,422,"Tail After 422"
"3884",350,354,"Tail After",157,1423,1353,2.144,1.429,-10994880,422,"Tail After 422"
"3885",351,355,"Tail After",158,1421,1353,0.678,0.452,-11446972,422,"Tail After 422"
"3886",352,356,"Tail After",159,1419,1358,1.826,1.217,-12226206,422,"Tail After 422"
"3887",353,357,"Tail After",160,1421,1347,3.79,2.527,-10197665,422,"Tail After 422"
"3888",354,358,"Tail After",161,1429,1349,2.795,1.864,-13484995,422,"Tail After 422"
"3889",355,359,"Tail After",162,1423,1351,2.144,1.429,-12367276,422,"Tail After 422"
"3890",356,360,"Tail After",163,1423,1355,1.356,0.904,-10077364,422,"Tail After 422"
"3891",357,361,"Tail After",164,1423,1358,1.017,0.678,-7505293,422,"Tail After 422"
"3892",358,362,"Tail After",165,1425,1360,0.959,0.639,-9087422,422,"Tail After 422"
"3893",359,363,"Tail After",166,1423,1360,0.678,0.452,-11067331,422,"Tail After 422"
"3894",360,364,"Tail After",167,1421,1360,0.678,0.452,-9873310,422,"Tail After 422"
"3895",361,365,"Tail After",168,1413,1355,3.198,2.132,-13354175,422,"Tail After 422"
"3896",362,366,"Tail After",169,1423,1355,3.39,2.26,-12891302,422,"Tail After 422"
"3897",363,367,"Tail After",170,1419,1362,2.733,1.822,-11319471,422,"Tail After 422"
"3898",364,368,"Tail After",171,1415,1362,1.356,0.904,-13282217,422,"Tail After 422"
"3899",365,369,"Tail After",172,1411,1360,1.516,1.011,-12832421,422,"Tail After 422"
"3900",366,370,"Tail After",173,1415,1347,4.611,3.074,-11239563,422,"Tail After 422"
"3901",367,371,"Tail After",174,1419,1351,1.918,1.278,-14336683,422,"Tail After 422"
"3902",368,372,"Tail After",175,1421,1347,1.516,1.011,-11106694,422,"Tail After 422"
"3903",369,373,"Tail After",176,1415,1351,2.445,1.63,-12246705,422,"Tail After 422"
"3904",370,374,"Tail After",177,1415,1355,1.356,0.904,-9945265,422,"Tail After 422"
"3905",371,375,"Tail After",178,1417,1355,0.678,0.452,-9859200,422,"Tail After 422"
"3906",372,376,"Tail After",179,1421,1351,1.918,1.278,-11372952,422,"Tail After 422"
"3907",373,377,"Tail After",180,1419,1351,0.678,0.452,-12035490,422,"Tail After 422"
"3908",374,378,"Tail After",181,1419,1343,2.712,1.808,-9285551,422,"Tail After 422"
"3909",375,379,"Tail After",182,1419,1355,4.068,2.712,-13484994,422,"Tail After 422"
"3910",376,380,"Tail After",183,1427,1341,5.466,3.644,-8745842,422,"Tail After 422"
"3911",377,381,"Tail After",184,1421,1337,2.445,1.63,-8548980,422,"Tail After 422"
"3912",378,382,"Tail After",185,1434,1347,5.56,3.707,-13222066,422,"Tail After 422"
"3913",379,383,"Tail After",186,1429,1343,2.171,1.447,-11054254,422,"Tail After 422"
"3914",380,384,"Tail After",187,1425,1343,1.356,0.904,-7371949,422,"Tail After 422"
"3915",381,385,"Tail After",188,1427,1345,0.959,0.639,-11378088,422,"Tail After 422"
"3916",382,386,"Tail After",189,1419,1349,3.032,2.021,-10651283,422,"Tail After 422"
"3917",383,387,"Tail After",190,1421,1345,1.516,1.011,-11503999,422,"Tail After 422"
"3918",384,388,"Tail After",191,1425,1343,1.516,1.011,-12038303,422,"Tail After 422"
"3919",385,389,"Tail After",192,1429,1343,1.356,0.904,-10260899,422,"Tail After 422"
"3920",386,390,"Tail After",193,1423,1345,2.144,1.429,-9814469,422,"Tail After 422"
"3921",387,391,"Tail After",194,1427,1347,1.516,1.011,-9943466,422,"Tail After 422"
"3922",388,392,"Tail After",195,1425,1345,0.959,0.639,-10658205,422,"Tail After 422"
"3923",389,393,"Tail After",196,1425,1343,0.678,0.452,-11580847,422,"Tail After 422"
"3924",390,394,"Tail After",197,1423,1347,1.516,1.011,-11584430,422,"Tail After 422"
"3925",1,2,"Head Before",2,580,188,30.94,20.627,-8751976,423,"Head Before 423"
"3926",2,3,"Head Before",3,587,204,5.92,3.947,-8416105,423,"Head Before 423"
"3927",3,4,"Head Before",4,608,313,37.631,25.087,-6250621,423,"Head Before 423"
"3928",4,5,"Head Before",5,658,263,23.971,15.981,-6843979,423,"Head Before 423"
"3929",5,6,"Head Before",6,654,274,3.968,2.645,-7500895,423,"Head Before 423"
"3930",6,7,"Head Before",7,643,297,8.643,5.762,-9008218,423,"Head Before 423"
"3931",7,8,"Head Before",8,647,445,50.19,33.46,-10130585,423,"Head Before 423"
"3932",8,9,"Head Before",9,723,575,51.048,34.032,-6385987,423,"Head Before 423"
"3933",9,10,"Head Before",10,800,643,34.825,23.216,-8682868,423,"Head Before 423"
"3934",10,11,"Head Before",11,796,651,3.032,2.021,-7698522,423,"Head Before 423"
"3935",11,12,"Head Before",12,771,640,9.259,6.173,-9002054,423,"Head Before 423"
"3936",12,13,"Head Before",13,796,630,9.128,6.085,-8086924,423,"Head Before 423"
"3937",13,14,"Head Before",14,782,632,4.794,3.196,-12950699,423,"Head Before 423"
"3938",14,15,"Head Before",15,782,624,2.712,1.808,-8290432,423,"Head Before 423"
"3939",15,16,"Head Before",16,784,622,0.959,0.639,-8545379,423,"Head Before 423"
"3940",16,17,"Head Before",17,767,613,6.521,4.347,-9072485,423,"Head Before 423"
"3941",17,18,"Head Before",18,756,622,4.818,3.212,-9403519,423,"Head Before 423"
"3942",18,19,"Head Before",19,750,628,2.877,1.918,-12758445,423,"Head Before 423"
"3943",19,20,"Head Before",20,752,609,6.477,4.318,-6184802,423,"Head Before 423"
"3944",20,21,"Head Before",21,744,617,3.835,2.557,-10257818,423,"Head Before 423"
"3945",21,22,"Head Before",22,735,613,3.339,2.226,-12758946,423,"Head Before 423"
"3946",22,23,"Head Before",23,731,615,1.516,1.011,-8939610,423,"Head Before 423"
"3947",23,24,"Head Before",24,727,609,2.445,1.63,-8881797,423,"Head Before 423"
"3948",24,25,"Head Before",25,742,603,5.477,3.651,-4934263,423,"Head Before 423"
"3949",25,26,"Head Before",26,738,603,1.356,0.904,-9080189,423,"Head Before 423"
"3950",26,27,"Head Before",27,744,611,3.39,2.26,-5523289,423,"Head Before 423"
"3951",27,28,"Head Before",28,729,611,5.085,3.39,-8153944,423,"Head Before 423"
"3952",28,29,"Head Before",29,733,609,1.516,1.011,-8095350,423,"Head Before 423"
"3953",29,30,"Head Before",30,738,609,1.695,1.13,-6702918,423,"Head Before 423"
"3954",30,31,"Head Before",31,719,601,6.989,4.659,-7041635,423,"Head Before 423"
"3955",31,32,"Head Before",32,683,586,13.221,8.814,-7178073,423,"Head Before 423"
"3956",32,33,"Head Before",33,675,599,5.175,3.45,-7829107,423,"Head Before 423"
"3957",33,34,"Head Before",34,670,601,1.826,1.217,-8948589,423,"Head Before 423"
"3958",34,35,"Head Before",35,662,594,3.604,2.402,-10523498,423,"Head Before 423"
"3959",35,36,"Head Before",36,649,582,5.998,3.998,-9799031,423,"Head Before 423"
"3960",36,37,"Head Before",37,654,588,2.648,1.765,-9730415,423,"Head Before 423"
"3961",37,38,"Head Before",38,664,582,3.953,2.636,-8613233,423,"Head Before 423"
"3962",38,39,"Head Before",39,660,594,4.288,2.859,-7837778,423,"Head Before 423"
"3963",39,40,"Head Before",40,660,582,4.068,2.712,-7901580,423,"Head Before 423"
"3964",40,41,"Head Before",41,664,607,8.583,5.722,-11572870,423,"Head Before 423"
"3965",41,42,"Head Before",42,666,628,7.151,4.767,-10986877,423,"Head Before 423"
"3966",42,43,"Head Before",43,628,645,14.112,9.408,-10265742,423,"Head Before 423"
"3967",43,44,"Head Before",44,578,594,24.212,16.141,-6182233,423,"Head Before 423"
"3968",44,45,"Head Before",45,578,582,4.068,2.712,-5664836,423,"Head Before 423"
"3969",45,46,"Head Before",46,576,565,5.803,3.868,-9012864,423,"Head Before 423"
"3970",46,47,"Head Before",47,589,584,7.804,5.203,-8743536,423,"Head Before 423"
"3971",47,48,"Head Before",48,584,578,2.648,1.765,-9405336,423,"Head Before 423"
"3972",48,49,"Head Before",49,568,605,10.639,7.093,-6578513,423,"Head Before 423"
"3973",49,50,"Head Before",50,570,613,2.795,1.864,-9810044,423,"Head Before 423"
"3974",50,51,"Head Before",51,566,619,2.445,1.63,-6319701,423,"Head Before 423"
"3975",51,52,"Head Before",52,557,596,8.373,5.582,-6450787,423,"Head Before 423"
"3976",52,53,"Head Before",53,566,578,6.822,4.548,-6774108,423,"Head Before 423"
"3977",53,54,"Head Before",54,549,580,5.803,3.868,-11045255,423,"Head Before 423"
"3978",54,55,"Head Before",55,509,580,13.56,9.04,-6710875,423,"Head Before 423"
"3979",55,56,"Head Before",56,465,586,15.054,10.036,-9074294,423,"Head Before 423"
"3980",56,57,"Head Before",57,369,617,34.199,22.799,-9803659,423,"Head Before 423"
"3981",57,58,"Head Before",58,343,674,21.238,14.159,-8483700,423,"Head Before 423"
"3982",58,59,"Head Before",59,291,745,29.834,19.889,-8352365,423,"Head Before 423"
"3983",59,60,"Head Before",60,188,770,35.931,23.954,-8749684,423,"Head Before 423"
"3984",60,61,"Head Before",61,222,779,11.923,7.949,-13035479,423,"Head Before 423"
"3985",61,62,"Head Before",62,224,766,4.459,2.973,-8939942,423,"Head Before 423"
"3986",62,63,"Head Before",63,230,766,2.034,1.356,-11969951,423,"Head Before 423"
"3987",63,64,"Head Before",64,222,758,3.835,2.557,-10202500,423,"Head Before 423"
"3988",64,65,"Head Before",65,205,764,6.111,4.074,-15193823,423,"Head Before 423"
"3989",65,66,"Head Before",66,188,762,5.803,3.868,-11123146,423,"Head Before 423"
"3990",66,67,"Head Before",67,169,735,11.192,7.461,-7564164,423,"Head Before 423"
"3991",67,68,"Head Before",68,148,745,7.885,5.257,-8823937,423,"Head Before 423"
"3992",68,69,"Head Before",69,102,833,33.662,22.441,-9339310,423,"Head Before 423"
"3993",69,70,"Head Before",70,119,821,7.054,4.703,-5265033,423,"Head Before 423"
"3994",70,71,"Head Before",71,104,781,14.482,9.655,-14461359,423,"Head Before 423"
"3995",71,72,"Head Before",72,104,768,4.407,2.938,-14588584,423,"Head Before 423"
"3996",72,73,"Head Before",73,102,787,6.477,4.318,-10061977,423,"Head Before 423"
"3997",73,74,"Head Before",74,100,779,2.795,1.864,-6715248,423,"Head Before 423"
"3998",74,75,"Head Before",75,132,796,12.284,8.189,-6909796,423,"Head Before 423"
"3999",75,76,"Head Before",76,186,756,22.781,15.187,-13686690,423,"Head Before 423"
"4000",76,77,"Head Before",77,85,714,37.081,24.721,-9156249,423,"Head Before 423"
"4001",77,78,"Head Before",78,115,708,10.371,6.914,-9291446,423,"Head Before 423"
"4002",78,79,"Head Before",79,150,737,15.409,10.272,-9534598,423,"Head Before 423"
"4003",79,80,"Head Before",80,220,674,31.925,21.284,-9146993,423,"Head Before 423"
"4004",80,82,"Tail Before",2,584,100,25.82,17.213,-14865898,423,"Tail Before 423"
"4005",81,83,"Tail Before",3,570,104,4.936,3.291,-12051665,423,"Tail Before 423"
"4006",82,84,"Tail Before",4,587,225,41.422,27.615,-11261610,423,"Tail Before 423"
"4007",83,85,"Tail Before",5,591,185,13.628,9.085,-11121590,423,"Tail Before 423"
"4008",84,86,"Tail Before",6,599,179,3.39,2.26,-9876337,423,"Tail Before 423"
"4009",85,87,"Tail Before",7,624,202,11.516,7.677,-213291,423,"Tail Before 423"
"4010",86,88,"Tail Before",8,639,355,52.116,34.744,-9134985,423,"Tail Before 423"
"4011",87,89,"Tail Before",9,685,496,50.278,33.519,-12839361,423,"Tail Before 423"
"4012",88,90,"Tail Before",10,758,557,32.25,21.5,-12566202,423,"Tail Before 423"
"4013",89,91,"Tail Before",11,769,554,3.865,2.577,-8481656,423,"Tail Before 423"
"4014",90,92,"Tail Before",12,773,550,1.918,1.278,-7624566,423,"Tail Before 423"
"4015",91,93,"Tail Before",13,792,546,6.582,4.388,-11965354,423,"Tail Before 423"
"4016",92,94,"Tail Before",14,796,544,1.516,1.011,-8482710,423,"Tail Before 423"
"4017",93,95,"Tail Before",15,798,540,1.516,1.011,-8876171,423,"Tail Before 423"
"4018",94,96,"Tail Before",16,790,538,2.795,1.864,-11501202,423,"Tail Before 423"
"4019",95,97,"Tail Before",17,803,536,4.459,2.973,-14736079,423,"Tail Before 423"
"4020",96,98,"Tail Before",18,794,540,3.339,2.226,-13874614,423,"Tail Before 423"
"4021",97,99,"Tail Before",19,794,548,2.712,1.808,-13541788,423,"Tail Before 423"
"4022",98,100,"Tail Before",20,786,542,3.39,2.26,-14998449,423,"Tail Before 423"
"4023",99,101,"Tail Before",21,775,540,3.79,2.527,-13595772,423,"Tail Before 423"
"4024",100,102,"Tail Before",22,767,542,2.795,1.864,-15124896,423,"Tail Before 423"
"4025",101,103,"Tail Before",23,761,548,2.877,1.918,-9152384,423,"Tail Before 423"
"4026",102,104,"Tail Before",24,767,550,2.144,1.429,-13292222,423,"Tail Before 423"
"4027",103,105,"Tail Before",25,769,540,3.457,2.305,-10074256,423,"Tail Before 423"
"4028",104,106,"Tail Before",26,767,540,0.678,0.452,-11969412,423,"Tail Before 423"
"4029",105,107,"Tail Before",27,769,538,0.959,0.639,-10865539,423,"Tail Before 423"
"4030",106,108,"Tail Before",28,765,544,2.445,1.63,-7899246,423,"Tail Before 423"
"4031",107,109,"Tail Before",29,769,542,1.516,1.011,-15385022,423,"Tail Before 423"
"4032",108,110,"Tail Before",30,769,536,2.034,1.356,-13556423,423,"Tail Before 423"
"4033",109,111,"Tail Before",31,758,519,6.864,4.576,-11501965,423,"Tail Before 423"
"4034",110,112,"Tail Before",32,750,521,2.795,1.864,-9881499,423,"Tail Before 423"
"4035",111,113,"Tail Before",33,746,529,3.032,2.021,-5872504,423,"Tail Before 423"
"4036",112,114,"Tail Before",34,744,538,3.125,2.084,-11577275,423,"Tail Before 423"
"4037",113,115,"Tail Before",35,738,546,3.39,2.26,-13813447,423,"Tail Before 423"
"4038",114,116,"Tail Before",36,752,540,5.163,3.442,-11256279,423,"Tail Before 423"
"4039",115,117,"Tail Before",37,744,538,2.795,1.864,-11522717,423,"Tail Before 423"
"4040",116,118,"Tail Before",38,756,527,5.519,3.679,-11903108,423,"Tail Before 423"
"4041",117,119,"Tail Before",39,742,536,5.642,3.761,-11389585,423,"Tail Before 423"
"4042",118,120,"Tail Before",40,742,538,0.678,0.452,-10461812,423,"Tail Before 423"
"4043",119,121,"Tail Before",41,740,536,0.959,0.639,-12433063,423,"Tail Before 423"
"4044",120,122,"Tail Before",42,746,557,7.404,4.936,-9145503,423,"Tail Before 423"
"4045",121,123,"Tail Before",43,704,580,16.233,10.822,-8418433,423,"Tail Before 423"
"4046",122,124,"Tail Before",44,691,584,4.611,3.074,-11635117,423,"Tail Before 423"
"4047",123,125,"Tail Before",45,689,563,7.151,4.767,-13416894,423,"Tail Before 423"
"4048",124,126,"Tail Before",46,689,565,0.678,0.452,-12573674,423,"Tail Before 423"
"4049",125,127,"Tail Before",47,687,561,1.516,1.011,-8570530,423,"Tail Before 423"
"4050",126,128,"Tail Before",48,685,571,3.457,2.305,-12762564,423,"Tail Before 423"
"4051",127,129,"Tail Before",49,681,590,6.582,4.388,-14803390,423,"Tail Before 423"
"4052",128,130,"Tail Before",50,679,592,0.959,0.639,-13815269,423,"Tail Before 423"
"4053",129,131,"Tail Before",51,679,599,2.373,1.582,-7841143,423,"Tail Before 423"
"4054",130,132,"Tail Before",52,679,603,1.356,0.904,-9153136,423,"Tail Before 423"
"4055",131,133,"Tail Before",53,687,592,4.611,3.074,-7570583,423,"Tail Before 423"
"4056",132,134,"Tail Before",54,660,584,9.546,6.364,-4744831,423,"Tail Before 423"
"4057",133,135,"Tail Before",55,618,582,14.254,9.503,-8098465,423,"Tail Before 423"
"4058",134,136,"Tail Before",56,580,575,13.099,8.732,-6841470,423,"Tail Before 423"
"4059",135,137,"Tail Before",57,475,584,35.726,23.817,-9870467,423,"Tail Before 423"
"4060",136,138,"Tail Before",58,392,607,29.197,19.465,-15452844,423,"Tail Before 423"
"4061",137,139,"Tail Before",59,337,672,28.865,19.243,-5201006,423,"Tail Before 423"
"4062",138,140,"Tail Before",60,255,739,35.897,23.931,-12767667,423,"Tail Before 423"
"4063",139,141,"Tail Before",61,283,733,9.707,6.472,-12375203,423,"Tail Before 423"
"4064",140,142,"Tail Before",62,285,712,7.151,4.767,-14406850,423,"Tail Before 423"
"4065",141,143,"Tail Before",63,293,714,2.795,1.864,-8418721,423,"Tail Before 423"
"4066",142,144,"Tail Before",64,280,726,5.998,3.998,-8026775,423,"Tail Before 423"
"4067",143,145,"Tail Before",65,270,724,3.457,2.305,-11788946,423,"Tail Before 423"
"4068",144,146,"Tail Before",66,268,737,4.459,2.973,-11318455,423,"Tail Before 423"
"4069",145,147,"Tail Before",67,247,716,10.068,6.712,-11915969,423,"Tail Before 423"
"4070",146,148,"Tail Before",68,218,695,12.138,8.092,-12700117,423,"Tail Before 423"
"4071",147,149,"Tail Before",69,155,762,31.177,20.785,-7636339,423,"Tail Before 423"
"4072",148,150,"Tail Before",70,180,781,10.645,7.097,-12370866,423,"Tail Before 423"
"4073",149,151,"Tail Before",71,176,756,8.583,5.722,-9267825,423,"Tail Before 423"
"4074",150,152,"Tail Before",72,182,754,2.144,1.429,-11108260,423,"Tail Before 423"
"4075",151,153,"Tail Before",73,157,754,8.475,5.65,-13351366,423,"Tail Before 423"
"4076",152,154,"Tail Before",74,161,739,5.263,3.508,-13161681,423,"Tail Before 423"
"4077",153,155,"Tail Before",75,174,743,4.611,3.074,-13480618,423,"Tail Before 423"
"4078",154,156,"Tail Before",76,169,731,4.407,2.938,-10455706,423,"Tail Before 423"
"4079",155,157,"Tail Before",77,142,724,9.456,6.304,-8161958,423,"Tail Before 423"
"4080",156,158,"Tail Before",78,138,718,2.445,1.63,-14016455,423,"Tail Before 423"
"4081",157,159,"Tail Before",79,150,722,4.288,2.859,-13735352,423,"Tail Before 423"
"4082",158,160,"Tail Before",80,153,722,1.017,0.678,-8424881,423,"Tail Before 423"
"4083",159,162,"Head After",82,257,691,2.795,1.864,-7957605,423,"Head After 423"
"4084",160,163,"Head After",83,247,674,6.686,4.457,-6644306,423,"Head After 423"
"4085",161,164,"Head After",84,236,630,15.375,10.25,-14408406,423,"Head After 423"
"4086",162,165,"Head After",85,192,609,16.528,11.019,-10773881,423,"Head After 423"
"4087",163,166,"Head After",86,174,617,6.678,4.452,-10926277,423,"Head After 423"
"4088",164,167,"Head After",87,174,624,2.373,1.582,-7632479,423,"Head After 423"
"4089",165,168,"Head After",88,169,636,4.407,2.938,-13623766,423,"Head After 423"
"4090",166,169,"Head After",89,165,619,5.92,3.947,-8883824,423,"Head After 423"
"4091",167,170,"Head After",90,167,611,2.795,1.864,-14478059,423,"Head After 423"
"4092",168,171,"Head After",91,167,617,2.034,1.356,-14537431,423,"Head After 423"
"4093",169,172,"Head After",92,211,609,15.161,10.107,-8542845,423,"Head After 423"
"4094",170,173,"Head After",93,226,617,5.763,3.842,-9408390,423,"Head After 423"
"4095",171,174,"Head After",94,220,611,2.877,1.918,-8028512,423,"Head After 423"
"4096",172,175,"Head After",95,215,607,2.171,1.447,-15459289,423,"Head After 423"
"4097",173,176,"Head After",96,207,622,5.763,3.842,-8488812,423,"Head After 423"
"4098",174,177,"Head After",97,205,617,1.826,1.217,-8488289,423,"Head After 423"
"4099",175,178,"Head After",98,209,628,3.968,2.645,-8160368,423,"Head After 423"
"4100",176,179,"Head After",99,201,634,3.39,2.26,-7495272,423,"Head After 423"
"4101",177,180,"Head After",100,222,636,7.151,4.767,-8883335,423,"Head After 423"
"4102",178,181,"Head After",101,184,653,14.112,9.408,-8679788,423,"Head After 423"
"4103",179,182,"Head After",102,184,647,2.034,1.356,-13087140,423,"Head After 423"
"4104",180,183,"Head After",103,182,649,0.959,0.639,-8093040,423,"Head After 423"
"4105",181,184,"Head After",104,186,653,1.918,1.278,-9087869,423,"Head After 423"
"4106",182,185,"Head After",105,186,664,3.729,2.486,-13750987,423,"Head After 423"
"4107",183,186,"Head After",106,194,661,2.896,1.931,-12097944,423,"Head After 423"
"4108",184,187,"Head After",107,190,668,2.733,1.822,-7375238,423,"Head After 423"
"4109",185,188,"Head After",108,182,655,5.175,3.45,-12108195,423,"Head After 423"
"4110",186,189,"Head After",109,184,657,0.959,0.639,-9270646,423,"Head After 423"
"4111",187,190,"Head After",110,180,655,1.516,1.011,-8091501,423,"Head After 423"
"4112",188,191,"Head After",111,174,664,3.667,2.445,-9412502,423,"Head After 423"
"4113",189,192,"Head After",112,180,659,2.648,1.765,-7243114,423,"Head After 423"
"4114",190,193,"Head After",113,180,657,0.678,0.452,-15584981,423,"Head After 423"
"4115",191,194,"Head After",114,178,657,0.678,0.452,-10327962,423,"Head After 423"
"4116",192,195,"Head After",115,226,645,16.773,11.182,-8672608,423,"Head After 423"
"4117",193,196,"Head After",116,211,649,5.263,3.508,-7834229,423,"Head After 423"
"4118",194,197,"Head After",117,186,659,9.128,6.085,-7765079,423,"Head After 423"
"4119",195,198,"Head After",118,194,676,6.369,4.246,-7372418,423,"Head After 423"
"4120",196,199,"Head After",119,190,672,1.918,1.278,-10729891,423,"Head After 423"
"4121",197,200,"Head After",120,201,672,3.729,2.486,-11963808,423,"Head After 423"
"4122",198,201,"Head After",121,218,676,5.92,3.947,-12755121,423,"Head After 423"
"4123",199,202,"Head After",122,192,674,8.84,5.893,-8092781,423,"Head After 423"
"4124",200,203,"Head After",123,180,649,9.401,6.267,-13806493,423,"Head After 423"
"4125",201,204,"Head After",124,176,657,3.032,2.021,-13160143,423,"Head After 423"
"4126",202,205,"Head After",125,182,661,2.445,1.63,-11445655,423,"Head After 423"
"4127",203,206,"Head After",126,180,661,0.678,0.452,-7044462,423,"Head After 423"
"4128",204,207,"Head After",127,180,659,0.678,0.452,-14719919,423,"Head After 423"
"4129",205,208,"Head After",128,182,668,3.125,2.084,-11233907,423,"Head After 423"
"4130",206,209,"Head After",129,180,659,3.125,2.084,-11763084,423,"Head After 423"
"4131",207,210,"Head After",130,178,655,1.516,1.011,-10789251,423,"Head After 423"
"4132",208,211,"Head After",131,176,651,1.516,1.011,-10466193,423,"Head After 423"
"4133",209,212,"Head After",132,178,643,2.795,1.864,-10974825,423,"Head After 423"
"4134",210,213,"Head After",133,178,640,1.017,0.678,-10782594,423,"Head After 423"
"4135",211,214,"Head After",134,169,647,3.865,2.577,-8220501,423,"Head After 423"
"4136",212,215,"Head After",135,174,640,2.916,1.944,-10593436,423,"Head After 423"
"4137",213,216,"Head After",136,171,645,1.977,1.318,-10660235,423,"Head After 423"
"4138",214,217,"Head After",137,174,643,1.222,0.815,-9014619,423,"Head After 423"
"4139",215,218,"Head After",138,171,645,1.222,0.815,-13212044,423,"Head After 423"
"4140",216,219,"Head After",139,171,640,1.695,1.13,-10458506,423,"Head After 423"
"4141",217,220,"Head After",140,171,638,0.678,0.452,-10982268,423,"Head After 423"
"4142",218,221,"Head After",141,169,643,1.826,1.217,-9473656,423,"Head After 423"
"4143",219,222,"Head After",142,165,645,1.516,1.011,-8421744,423,"Head After 423"
"4144",220,223,"Head After",143,169,640,2.171,1.447,-9264743,423,"Head After 423"
"4145",221,224,"Head After",144,167,643,1.222,0.815,-13355980,423,"Head After 423"
"4146",222,225,"Head After",145,167,640,1.017,0.678,-12036270,423,"Head After 423"
"4147",223,226,"Head After",146,167,643,1.017,0.678,-11048346,423,"Head After 423"
"4148",224,227,"Head After",147,163,643,1.356,0.904,-8161395,423,"Head After 423"
"4149",225,228,"Head After",148,163,643,0,0,-8151409,423,"Head After 423"
"4150",226,229,"Head After",149,161,647,1.516,1.011,-15515589,423,"Head After 423"
"4151",227,230,"Head After",150,159,645,0.959,0.639,-10193540,423,"Head After 423"
"4152",228,231,"Head After",151,157,647,0.959,0.639,-8033143,423,"Head After 423"
"4153",229,232,"Head After",152,157,640,2.373,1.582,-7500142,423,"Head After 423"
"4154",230,233,"Head After",153,161,638,1.516,1.011,-7225420,423,"Head After 423"
"4155",231,234,"Head After",154,163,643,1.826,1.217,-10786177,423,"Head After 423"
"4156",232,235,"Head After",155,163,643,0,0,-8822156,423,"Head After 423"
"4157",233,236,"Head After",156,165,649,2.144,1.429,-8159372,423,"Head After 423"
"4158",234,237,"Head After",157,167,651,0.959,0.639,-9668488,423,"Head After 423"
"4159",235,238,"Head After",158,169,655,1.516,1.011,-8221028,423,"Head After 423"
"4160",236,239,"Head After",159,180,655,3.729,2.486,-6511439,423,"Head After 423"
"4161",237,240,"Head After",160,176,640,5.263,3.508,-9261673,423,"Head After 423"
"4162",238,241,"Head After",161,167,647,3.865,2.577,-10390397,423,"Head After 423"
"4163",239,243,"Tail After",82,157,731,1.356,0.904,-2039058,423,"Tail After 423"
"4164",240,244,"Tail After",83,155,733,0.959,0.639,-8562331,423,"Tail After 423"
"4165",241,245,"Tail After",84,155,737,1.356,0.904,-6519904,423,"Tail After 423"
"4166",242,246,"Tail After",85,155,737,0,0,-7846268,423,"Tail After 423"
"4167",243,247,"Tail After",86,155,731,2.034,1.356,-4948556,423,"Tail After 423"
"4168",244,248,"Tail After",87,153,731,0.678,0.452,-7428204,423,"Tail After 423"
"4169",245,249,"Tail After",88,153,741,3.39,2.26,-12759734,423,"Tail After 423"
"4170",246,250,"Tail After",89,150,735,2.274,1.516,-13077378,423,"Tail After 423"
"4171",247,251,"Tail After",90,153,735,1.017,0.678,-5599587,423,"Tail After 423"
"4172",248,252,"Tail After",91,150,739,1.695,1.13,-8557679,423,"Tail After 423"
"4173",249,253,"Tail After",92,146,741,1.516,1.011,-7764863,423,"Tail After 423"
"4174",250,254,"Tail After",93,148,735,2.144,1.429,-9601418,423,"Tail After 423"
"4175",251,255,"Tail After",94,157,735,3.051,2.034,-10281649,423,"Tail After 423"
"4176",252,256,"Tail After",95,163,735,2.034,1.356,-6656377,423,"Tail After 423"
"4177",253,257,"Tail After",96,161,741,2.144,1.429,-12562863,423,"Tail After 423"
"4178",254,258,"Tail After",97,161,741,0,0,-10196612,423,"Tail After 423"
"4179",255,259,"Tail After",98,159,729,4.124,2.749,-11447669,423,"Tail After 423"
"4180",256,260,"Tail After",99,157,724,1.826,1.217,-12630429,423,"Tail After 423"
"4181",257,261,"Tail After",100,159,726,0.959,0.639,-11852233,423,"Tail After 423"
"4182",258,262,"Tail After",101,163,737,3.968,2.645,-6071688,423,"Tail After 423"
"4183",259,263,"Tail After",102,171,749,4.889,3.259,-12631230,423,"Tail After 423"
"4184",260,264,"Tail After",103,167,735,4.936,3.291,-13751743,423,"Tail After 423"
"4185",261,265,"Tail After",104,171,735,1.356,0.904,-11706230,423,"Tail After 423"
"4186",262,266,"Tail After",105,167,737,1.516,1.011,-6716848,423,"Tail After 423"
"4187",263,267,"Tail After",106,169,743,2.144,1.429,-10725525,423,"Tail After 423"
"4188",264,268,"Tail After",107,165,747,1.918,1.278,-5986412,423,"Tail After 423"
"4189",265,269,"Tail After",108,167,764,5.803,3.868,-14280403,423,"Tail After 423"
"4190",266,270,"Tail After",109,167,749,5.085,3.39,-11051936,423,"Tail After 423"
"4191",267,271,"Tail After",110,180,766,7.255,4.837,-3687782,423,"Tail After 423"
"4192",268,272,"Tail After",111,182,770,1.516,1.011,-12090519,423,"Tail After 423"
"4193",269,273,"Tail After",112,178,754,5.591,3.727,-12895942,423,"Tail After 423"
"4194",270,274,"Tail After",113,180,754,0.678,0.452,-14540479,423,"Tail After 423"
"4195",271,275,"Tail After",114,180,756,0.678,0.452,-8490871,423,"Tail After 423"
"4196",272,276,"Tail After",115,186,762,2.877,1.918,-15516082,423,"Tail After 423"
"4197",273,277,"Tail After",116,184,760,0.959,0.639,-14737345,423,"Tail After 423"
"4198",274,278,"Tail After",117,186,758,0.959,0.639,-9087638,423,"Tail After 423"
"4199",275,279,"Tail After",118,188,760,0.959,0.639,-13347230,423,"Tail After 423"
"4200",276,280,"Tail After",119,186,764,1.516,1.011,-7838055,423,"Tail After 423"
"4201",277,281,"Tail After",120,182,777,4.611,3.074,-8104854,423,"Tail After 423"
"4202",278,282,"Tail After",121,174,762,5.763,3.842,-13750479,423,"Tail After 423"
"4203",279,283,"Tail After",122,174,768,2.034,1.356,-15391425,423,"Tail After 423"
"4204",280,284,"Tail After",123,171,773,1.977,1.318,-14404820,423,"Tail After 423"
"4205",281,285,"Tail After",124,178,766,3.356,2.237,-11777200,423,"Tail After 423"
"4206",282,286,"Tail After",125,184,764,2.144,1.429,-11645084,423,"Tail After 423"
"4207",283,287,"Tail After",126,190,766,2.144,1.429,-13813449,423,"Tail After 423"
"4208",284,288,"Tail After",127,180,773,4.138,2.759,-7433860,423,"Tail After 423"
"4209",285,289,"Tail After",128,178,766,2.468,1.645,-12097439,423,"Tail After 423"
"4210",286,290,"Tail After",129,180,760,2.144,1.429,-12232609,423,"Tail After 423"
"4211",287,291,"Tail After",130,169,760,3.729,2.486,-14007958,423,"Tail After 423"
"4212",288,292,"Tail After",131,182,760,4.407,2.938,-14656933,423,"Tail After 423"
"4213",289,293,"Tail After",132,178,758,1.516,1.011,-15774625,423,"Tail After 423"
"4214",290,294,"Tail After",133,184,754,2.445,1.63,-14460056,423,"Tail After 423"
"4215",291,295,"Tail After",134,192,756,2.795,1.864,-11371669,423,"Tail After 423"
"4216",292,296,"Tail After",135,190,752,1.516,1.011,-14531491,423,"Tail After 423"
"4217",293,297,"Tail After",136,180,749,3.539,2.36,-13079193,423,"Tail After 423"
"4218",294,298,"Tail After",137,182,754,1.826,1.217,-9065305,423,"Tail After 423"
"4219",295,299,"Tail After",138,190,739,5.763,3.842,-14594487,423,"Tail After 423"
"4220",296,300,"Tail After",139,182,743,3.032,2.021,-15781021,423,"Tail After 423"
"4221",297,301,"Tail After",140,178,752,3.339,2.226,-11967872,423,"Tail After 423"
"4222",298,302,"Tail After",141,184,752,2.034,1.356,-10060138,423,"Tail After 423"
"4223",299,303,"Tail After",142,184,747,1.695,1.13,-12290684,423,"Tail After 423"
"4224",300,304,"Tail After",143,190,743,2.445,1.63,-14540493,423,"Tail After 423"
"4225",301,305,"Tail After",144,194,745,1.516,1.011,-15983552,423,"Tail After 423"
"4226",302,306,"Tail After",145,176,754,6.822,4.548,-14210477,423,"Tail After 423"
"4227",303,307,"Tail After",146,186,743,5.04,3.36,-9079902,423,"Tail After 423"
"4228",304,308,"Tail After",147,192,749,2.877,1.918,-11245715,423,"Tail After 423"
"4229",305,309,"Tail After",148,186,760,4.248,2.832,-5654062,423,"Tail After 423"
"4230",306,310,"Tail After",149,184,754,2.144,1.429,-9336965,423,"Tail After 423"
"4231",307,311,"Tail After",150,174,756,3.457,2.305,-10903675,423,"Tail After 423"
"4232",308,312,"Tail After",151,176,764,2.795,1.864,-11198404,423,"Tail After 423"
"4233",309,313,"Tail After",152,167,752,5.085,3.39,-15121070,423,"Tail After 423"
"4234",310,314,"Tail After",153,176,760,4.082,2.721,-10729123,423,"Tail After 423"
"4235",311,315,"Tail After",154,178,752,2.795,1.864,-10459550,423,"Tail After 423"
"4236",312,316,"Tail After",155,184,752,2.034,1.356,-9942442,423,"Tail After 423"
"4237",313,317,"Tail After",156,180,754,1.516,1.011,-14606548,423,"Tail After 423"
"4238",314,318,"Tail After",157,184,754,1.356,0.904,-14008772,423,"Tail After 423"
"4239",315,319,"Tail After",158,188,752,1.516,1.011,-9597578,423,"Tail After 423"
"4240",316,320,"Tail After",159,182,752,2.034,1.356,-10588842,423,"Tail After 423"
"4241",317,321,"Tail After",160,178,749,1.695,1.13,-14145470,423,"Tail After 423"
"4242",318,322,"Tail After",161,178,743,2.034,1.356,-14008258,423,"Tail After 423"
"4243",1,2,"Head Before",2,1455,1789,20.815,13.876,-11509664,511,"Head Before 511"
"4244",2,3,"Head Before",3,1415,1750,18.939,12.626,-8743286,511,"Head Before 511"
"4245",3,4,"Head Before",4,1387,1718,14.414,9.61,-11316646,511,"Head Before 511"
"4246",4,5,"Head Before",5,1320,1611,42.797,28.532,-9010033,511,"Head Before 511"
"4247",5,6,"Head Before",6,1216,1563,38.83,25.887,-10592915,511,"Head Before 511"
"4248",6,7,"Head Before",7,1123,1479,42.483,28.322,-9267045,511,"Head Before 511"
"4249",7,8,"Head Before",8,1048,1395,38.175,25.45,-7495522,511,"Head Before 511"
"4250",8,9,"Head Before",9,930,1391,40.025,26.683,-8941150,511,"Head Before 511"
"4251",9,10,"Head Before",10,813,1397,39.715,26.477,-9339247,511,"Head Before 511"
"4252",10,11,"Head Before",11,721,1427,32.804,21.87,-8942698,511,"Head Before 511"
"4253",11,12,"Head Before",12,643,1479,31.779,21.186,-8481379,511,"Head Before 511"
"4254",12,13,"Head Before",13,654,1565,29.392,19.594,-7695436,511,"Head Before 511"
"4255",13,14,"Head Before",14,670,1693,43.73,29.153,-8088916,511,"Head Before 511"
"4256",14,15,"Head Before",15,679,1727,11.923,7.949,-7367261,511,"Head Before 511"
"4257",15,16,"Head Before",16,681,1724,1.222,0.815,-4208184,511,"Head Before 511"
"4258",16,17,"Head Before",17,689,1735,4.611,3.074,-6509936,511,"Head Before 511"
"4259",17,18,"Head Before",18,731,1779,20.621,13.747,-6639692,511,"Head Before 511"
"4260",18,19,"Head Before",19,796,1844,31.162,20.775,-9333339,511,"Head Before 511"
"4261",19,20,"Head Before",20,882,1894,33.723,22.482,-8351315,511,"Head Before 511"
"4262",20,21,"Head Before",21,981,1907,33.849,22.566,-7696970,511,"Head Before 511"
"4263",21,22,"Head Before",22,1096,1854,42.926,28.617,-9405545,511,"Head Before 511"
"4264",22,23,"Head Before",23,1184,1764,42.671,28.447,-8683373,511,"Head Before 511"
"4265",23,24,"Head Before",24,1224,1674,33.388,22.258,-7369828,511,"Head Before 511"
"4266",24,25,"Head Before",25,1253,1573,35.622,23.748,-8220769,511,"Head Before 511"
"4267",25,26,"Head Before",26,1257,1473,33.927,22.618,-8222051,511,"Head Before 511"
"4268",26,27,"Head Before",27,1247,1362,37.781,25.188,-9270897,511,"Head Before 511"
"4269",27,28,"Head Before",28,1245,1274,29.84,19.893,-9336956,511,"Head Before 511"
"4270",28,29,"Head Before",29,1251,1263,4.248,2.832,-8810595,511,"Head Before 511"
"4271",29,30,"Head Before",30,1264,1236,10.159,6.772,-8942711,511,"Head Before 511"
"4272",30,31,"Head Before",31,1230,1123,40.003,26.669,-8942449,511,"Head Before 511"
"4273",31,32,"Head Before",32,1216,1035,30.207,20.138,-8812138,511,"Head Before 511"
"4274",32,33,"Head Before",33,1230,1007,10.612,7.075,-9469547,511,"Head Before 511"
"4275",33,34,"Head Before",34,1234,978,9.924,6.616,-10063222,511,"Head Before 511"
"4276",34,35,"Head Before",35,1241,882,32.63,21.754,-8813414,511,"Head Before 511"
"4277",35,36,"Head Before",36,1262,785,33.645,22.43,-9273207,511,"Head Before 511"
"4278",36,37,"Head Before",37,1241,689,33.314,22.209,-9075310,511,"Head Before 511"
"4279",37,38,"Head Before",38,1199,586,37.708,25.139,-10449520,511,"Head Before 511"
"4280",38,39,"Head Before",39,1163,466,42.471,28.314,-9072218,511,"Head Before 511"
"4281",39,40,"Head Before",40,1138,360,36.92,24.613,-9853539,511,"Head Before 511"
"4282",40,41,"Head Before",41,1107,253,37.765,25.176,-9404773,511,"Head Before 511"
"4283",41,42,"Head Before",42,1102,209,15.012,10.008,-10320739,511,"Head Before 511"
"4284",42,43,"Head Before",43,1046,183,20.93,13.954,-7884869,511,"Head Before 511"
"4285",43,44,"Head Before",44,1010,137,19.802,13.201,-10323835,511,"Head Before 511"
"4286",44,45,"Head Before",45,1035,79,21.411,14.274,-9998709,511,"Head Before 511"
"4287",45,46,"Head Before",46,1004,20,22.594,15.063,-9409393,511,"Head Before 511"
"4288",46,47,"Head Before",47,937,70,28.34,18.894,-8553306,511,"Head Before 511"
"4289",47,48,"Head Before",48,880,100,21.836,14.557,-9274996,511,"Head Before 511"
"4290",48,49,"Head Before",49,758,141,43.631,29.087,-10713470,511,"Head Before 511"
"4291",49,50,"Head Before",50,710,198,25.262,16.841,-13944015,511,"Head Before 511"
"4292",50,51,"Head Before",51,675,288,32.736,21.824,-9666633,511,"Head Before 511"
"4293",51,52,"Head Before",52,675,395,36.273,24.182,-9862005,511,"Head Before 511"
"4294",52,53,"Head Before",53,693,427,12.446,8.298,-8095574,511,"Head Before 511"
"4295",53,54,"Head Before",54,763,504,35.277,23.518,-8675938,511,"Head Before 511"
"4296",54,55,"Head Before",55,878,531,40.045,26.697,-11709348,511,"Head Before 511"
"4297",55,56,"Head Before",56,966,523,29.955,19.97,-5596204,511,"Head Before 511"
"4298",56,57,"Head Before",57,1025,508,20.637,13.758,-8151151,511,"Head Before 511"
"4299",57,58,"Head Before",58,1035,521,5.56,3.707,-10588573,511,"Head Before 511"
"4300",58,59,"Head Before",59,1067,569,19.557,13.038,-9340489,511,"Head Before 511"
"4301",59,60,"Head Before",60,1138,552,24.749,16.5,-9929865,511,"Head Before 511"
"4302",60,61,"Head Before",61,1146,483,23.548,15.698,-9206920,511,"Head Before 511"
"4303",61,62,"Head Before",62,1146,454,9.831,6.554,-9736076,511,"Head Before 511"
"4304",62,64,"Tail Before",2,1499,1852,20.593,13.728,-11056022,511,"Tail Before 511"
"4305",63,65,"Tail Before",3,1463,1810,18.753,12.502,-14399947,511,"Tail Before 511"
"4306",64,66,"Tail Before",4,1438,1781,12.98,8.653,-9080225,511,"Tail Before 511"
"4307",65,67,"Tail Before",5,1367,1682,41.3,27.533,-14279879,511,"Tail Before 511"
"4308",66,68,"Tail Before",6,1274,1624,37.156,24.77,-13871280,511,"Tail Before 511"
"4309",67,69,"Tail Before",7,1174,1555,41.187,27.458,-14733248,511,"Tail Before 511"
"4310",68,70,"Tail Before",8,1115,1454,39.653,26.435,-6840681,511,"Tail Before 511"
"4311",69,71,"Tail Before",9,1031,1397,34.413,22.942,-6853754,511,"Tail Before 511"
"4312",70,72,"Tail Before",10,914,1402,39.699,26.466,-13212575,511,"Tail Before 511"
"4313",71,73,"Tail Before",11,809,1402,35.595,23.73,-9396868,511,"Tail Before 511"
"4314",72,74,"Tail Before",12,687,1420,41.806,27.87,-6763879,511,"Tail Before 511"
"4315",73,75,"Tail Before",13,652,1479,23.255,15.504,-13603493,511,"Tail Before 511"
"4316",74,76,"Tail Before",14,664,1613,45.608,30.405,-13819048,511,"Tail Before 511"
"4317",75,77,"Tail Before",15,643,1662,18.072,12.048,-14999993,511,"Tail Before 511"
"4318",76,78,"Tail Before",16,656,1664,4.459,2.973,-12175528,511,"Tail Before 511"
"4319",77,79,"Tail Before",17,660,1678,4.936,3.291,-4275032,511,"Tail Before 511"
"4320",78,80,"Tail Before",18,698,1722,19.709,13.139,-8073549,511,"Tail Before 511"
"4321",79,81,"Tail Before",19,750,1787,28.219,18.812,-6778521,511,"Tail Before 511"
"4322",80,82,"Tail Before",20,817,1867,35.375,23.583,-11064761,511,"Tail Before 511"
"4323",81,83,"Tail Before",21,909,1909,34.284,22.856,-6895944,511,"Tail Before 511"
"4324",82,84,"Tail Before",22,1031,1898,41.526,27.684,-4078942,511,"Tail Before 511"
"4325",83,85,"Tail Before",23,1119,1836,36.493,24.328,-3872797,511,"Tail Before 511"
"4326",84,86,"Tail Before",24,1180,1750,35.743,23.829,-13882585,511,"Tail Before 511"
"4327",85,87,"Tail Before",25,1230,1653,36.995,24.663,-7420498,511,"Tail Before 511"
"4328",86,88,"Tail Before",26,1249,1546,36.84,24.56,-11029103,511,"Tail Before 511"
"4329",87,89,"Tail Before",27,1270,1435,38.296,25.531,-9212326,511,"Tail Before 511"
"4330",88,90,"Tail Before",28,1241,1345,32.055,21.37,-10733702,511,"Tail Before 511"
"4331",89,91,"Tail Before",29,1241,1326,6.441,4.294,-3176278,511,"Tail Before 511"
"4332",90,92,"Tail Before",30,1253,1303,8.794,5.863,-13751749,511,"Tail Before 511"
"4333",91,93,"Tail Before",31,1239,1190,38.6,25.733,-11116960,511,"Tail Before 511"
"4334",92,94,"Tail Before",32,1222,1104,29.718,19.812,-13814991,511,"Tail Before 511"
"4335",93,95,"Tail Before",33,1218,1074,10.26,6.84,-13551793,511,"Tail Before 511"
"4336",94,96,"Tail Before",34,1222,1049,8.583,5.722,-11262647,511,"Tail Before 511"
"4337",95,97,"Tail Before",35,1239,947,35.055,23.37,-15063502,511,"Tail Before 511"
"4338",96,98,"Tail Before",36,1249,842,35.756,23.837,-14527682,511,"Tail Before 511"
"4339",97,99,"Tail Before",37,1245,747,32.234,21.489,-15060176,511,"Tail Before 511"
"4340",98,100,"Tail Before",38,1228,643,35.724,23.816,-10395787,511,"Tail Before 511"
"4341",99,101,"Tail Before",39,1174,527,43.376,28.917,-7434849,511,"Tail Before 511"
"4342",100,102,"Tail Before",40,1153,420,36.965,24.643,-13033684,511,"Tail Before 511"
"4343",101,103,"Tail Before",41,1123,330,32.16,21.44,-16435143,511,"Tail Before 511"
"4344",102,104,"Tail Before",42,1100,278,19.275,12.85,-9727620,511,"Tail Before 511"
"4345",103,105,"Tail Before",43,1100,190,29.832,19.888,-13295828,511,"Tail Before 511"
"4346",104,106,"Tail Before",44,1062,173,14.112,9.408,-15388379,511,"Tail Before 511"
"4347",105,107,"Tail Before",45,1016,146,18.082,12.055,-9937040,511,"Tail Before 511"
"4348",106,108,"Tail Before",46,1037,62,29.352,19.568,-12636057,511,"Tail Before 511"
"4349",107,109,"Tail Before",47,1002,37,14.581,9.721,-13536911,511,"Tail Before 511"
"4350",108,110,"Tail Before",48,949,74,21.912,14.608,-13886924,511,"Tail Before 511"
"4351",109,111,"Tail Before",49,826,114,43.846,29.231,-11980463,511,"Tail Before 511"
"4352",110,112,"Tail Before",50,754,156,28.257,18.838,-11310242,511,"Tail Before 511"
"4353",111,113,"Tail Before",51,702,232,31.217,20.812,-13609650,511,"Tail Before 511"
"4354",112,114,"Tail Before",52,666,332,36.03,24.02,-13080749,511,"Tail Before 511"
"4355",113,115,"Tail Before",53,675,366,11.923,7.949,-12421788,511,"Tail Before 511"
"4356",114,116,"Tail Before",54,712,458,33.616,22.41,-14862287,511,"Tail Before 511"
"4357",115,117,"Tail Before",55,813,521,40.354,26.903,-8356749,511,"Tail Before 511"
"4358",116,118,"Tail Before",56,905,531,31.372,20.914,-12965834,511,"Tail Before 511"
"4359",117,119,"Tail Before",57,970,538,22.162,14.775,-14720144,511,"Tail Before 511"
"4360",118,120,"Tail Before",58,981,534,3.968,2.645,-13021850,511,"Tail Before 511"
"4361",119,121,"Tail Before",59,1002,534,7.119,4.746,-15062239,511,"Tail Before 511"
"4362",120,122,"Tail Before",60,1075,544,24.978,16.652,-14663116,511,"Tail Before 511"
"4363",121,123,"Tail Before",61,1094,527,8.643,5.762,-15319995,511,"Tail Before 511"
"4364",122,124,"Tail Before",62,1107,517,5.56,3.707,-12697047,511,"Tail Before 511"
"4365",123,126,"Head After",64,1163,448,2.445,1.63,-9010795,511,"Head After 511"
"4366",124,127,"Head After",65,1165,452,1.516,1.011,-8880229,511,"Head After 511"
"4367",125,128,"Head After",66,1167,458,2.144,1.429,-9271147,511,"Head After 511"
"4368",126,129,"Head After",67,1167,458,0,0,-8685419,511,"Head After 511"
"4369",127,130,"Head After",68,1167,458,0,0,-9272427,511,"Head After 511"
"4370",128,131,"Head After",69,1167,454,1.356,0.904,-9665653,511,"Head After 511"
"4371",129,132,"Head After",70,1165,454,0.678,0.452,-8222321,511,"Head After 511"
"4372",130,133,"Head After",71,1115,427,19.263,12.842,-7892582,511,"Head After 511"
"4373",131,134,"Head After",72,1117,422,1.826,1.217,-8091483,511,"Head After 511"
"4374",132,135,"Head After",73,1121,429,2.733,1.822,-6976091,511,"Head After 511"
"4375",133,136,"Head After",74,1123,429,0.678,0.452,-7829356,511,"Head After 511"
"4376",134,137,"Head After",75,1121,422,2.468,1.645,-9602681,511,"Head After 511"
"4377",135,138,"Head After",76,1117,422,1.356,0.904,-9142910,511,"Head After 511"
"4378",136,139,"Head After",77,1121,429,2.733,1.822,-8747873,511,"Head After 511"
"4379",137,140,"Head After",78,1117,431,1.516,1.011,-7961957,511,"Head After 511"
"4380",138,141,"Head After",79,1121,429,1.516,1.011,-8421748,511,"Head After 511"
"4381",139,142,"Head After",80,1119,427,0.959,0.639,-9927283,511,"Head After 511"
"4382",140,143,"Head After",81,1119,424,1.017,0.678,-9272703,511,"Head After 511"
"4383",141,144,"Head After",82,1117,424,0.678,0.452,-9141621,511,"Head After 511"
"4384",142,145,"Head After",83,1117,427,1.017,0.678,-7961708,511,"Head After 511"
"4385",143,146,"Head After",84,1111,422,2.648,1.765,-9075824,511,"Head After 511"
"4386",144,147,"Head After",85,1113,427,1.826,1.217,-8222568,511,"Head After 511"
"4387",145,148,"Head After",86,1113,427,0,0,-8422257,511,"Head After 511"
"4388",146,149,"Head After",87,1117,433,2.445,1.63,-10844539,511,"Head After 511"
"4389",147,150,"Head After",88,1119,431,0.959,0.639,-11376513,511,"Head After 511"
"4390",148,151,"Head After",89,1125,431,2.034,1.356,-7106135,511,"Head After 511"
"4391",149,152,"Head After",90,1123,433,0.959,0.639,-9464424,511,"Head After 511"
"4392",150,153,"Head After",91,1121,437,1.516,1.011,-11242134,511,"Head After 511"
"4393",151,154,"Head After",92,1121,433,1.356,0.904,-8158032,511,"Head After 511"
"4394",152,155,"Head After",93,1127,431,2.144,1.429,-8224619,511,"Head After 511"
"4395",153,156,"Head After",94,1115,431,4.068,2.712,-7501658,511,"Head After 511"
"4396",154,157,"Head After",95,1119,431,1.356,0.904,-7894622,511,"Head After 511"
"4397",155,158,"Head After",96,1123,437,2.445,1.63,-8029015,511,"Head After 511"
"4398",156,159,"Head After",97,1123,433,1.356,0.904,-9008493,511,"Head After 511"
"4399",157,160,"Head After",98,1123,431,0.678,0.452,-9726824,511,"Head After 511"
"4400",158,161,"Head After",99,1121,437,2.144,1.429,-8027224,511,"Head After 511"
"4401",159,162,"Head After",100,1123,437,0.678,0.452,-8224866,511,"Head After 511"
"4402",160,163,"Head After",101,1123,437,0,0,-8224616,511,"Head After 511"
"4403",161,164,"Head After",102,1119,439,1.516,1.011,-8553304,511,"Head After 511"
"4404",162,165,"Head After",103,1121,437,0.959,0.639,-8351836,511,"Head After 511"
"4405",163,166,"Head After",104,1123,437,0.678,0.452,-9274997,511,"Head After 511"
"4406",164,167,"Head After",105,1125,439,0.959,0.639,-7238996,511,"Head After 511"
"4407",165,168,"Head After",106,1121,439,1.356,0.904,-8354908,511,"Head After 511"
"4408",166,169,"Head After",107,1115,435,2.445,1.63,-8554086,511,"Head After 511"
"4409",167,170,"Head After",108,1115,435,0,0,-8877430,511,"Head After 511"
"4410",168,171,"Head After",109,1115,437,0.678,0.452,-7040078,511,"Head After 511"
"4411",169,172,"Head After",110,1113,431,2.144,1.429,-8814194,511,"Head After 511"
"4412",170,173,"Head After",111,1111,435,1.516,1.011,-8026721,511,"Head After 511"
"4413",171,174,"Head After",112,1113,429,2.144,1.429,-8685417,511,"Head After 511"
"4414",172,175,"Head After",113,1115,427,0.959,0.639,-8945774,511,"Head After 511"
"4415",173,176,"Head After",114,1115,429,0.678,0.452,-8354657,511,"Head After 511"
"4416",174,177,"Head After",115,1111,431,1.516,1.011,-10324104,511,"Head After 511"
"4417",175,178,"Head After",116,1113,433,0.959,0.639,-13672874,511,"Head After 511"
"4418",176,179,"Head After",117,1111,433,0.678,0.452,-9994369,511,"Head After 511"
"4419",177,180,"Head After",118,1111,435,0.678,0.452,-10321283,511,"Head After 511"
"4420",178,181,"Head After",119,1113,433,0.959,0.639,-9729653,511,"Head After 511"
"4421",179,183,"Tail After",64,1104,504,3.457,2.305,-14536894,511,"Tail After 511"
"4422",180,184,"Tail After",65,1104,504,0,0,-12165803,511,"Tail After 511"
"4423",181,185,"Tail After",66,1104,504,0,0,-10713476,511,"Tail After 511"
"4424",182,186,"Tail After",67,1109,504,1.695,1.13,-10909042,511,"Tail After 511"
"4425",183,187,"Tail After",68,1111,508,1.516,1.011,-9918833,511,"Tail After 511"
"4426",184,188,"Tail After",69,1111,496,4.068,2.712,-10125201,511,"Tail After 511"
"4427",185,189,"Tail After",70,1104,502,3.125,2.084,-12821138,511,"Tail After 511"
"4428",186,190,"Tail After",71,1098,498,2.445,1.63,-11710369,511,"Tail After 511"
"4429",187,191,"Tail After",72,1096,496,0.959,0.639,-11646625,511,"Tail After 511"
"4430",188,192,"Tail After",73,1102,500,2.445,1.63,-11963545,511,"Tail After 511"
"4431",189,193,"Tail After",74,1109,502,2.468,1.645,-8225654,511,"Tail After 511"
"4432",190,194,"Tail After",75,1102,500,2.468,1.645,-10532774,511,"Tail After 511"
"4433",191,195,"Tail After",76,1107,502,1.826,1.217,-11233418,511,"Tail After 511"
"4434",192,196,"Tail After",77,1109,498,1.516,1.011,-11969196,511,"Tail After 511"
"4435",193,197,"Tail After",78,1109,502,1.356,0.904,-8948603,511,"Tail After 511"
"4436",194,198,"Tail After",79,1104,504,1.826,1.217,-9206896,511,"Tail After 511"
"4437",195,199,"Tail After",80,1102,506,0.959,0.639,-9275509,511,"Tail After 511"
"4438",196,200,"Tail After",81,1098,510,1.918,1.278,-12287872,511,"Tail After 511"
"4439",197,201,"Tail After",82,1096,513,1.222,0.815,-11648175,511,"Tail After 511"
"4440",198,202,"Tail After",83,1102,506,3.125,2.084,-7041380,511,"Tail After 511"
"4441",199,203,"Tail After",84,1100,504,0.959,0.639,-7823477,511,"Tail After 511"
"4442",200,204,"Tail After",85,1096,506,1.516,1.011,-6834514,511,"Tail After 511"
"4443",201,205,"Tail After",86,1102,506,2.034,1.356,-5666637,511,"Tail After 511"
"4444",202,206,"Tail After",87,1100,506,0.678,0.452,-5468995,511,"Tail After 511"
"4445",203,207,"Tail After",88,1104,502,1.918,1.278,-7043415,511,"Tail After 511"
"4446",204,208,"Tail After",89,1100,508,2.445,1.63,-6389580,511,"Tail After 511"
"4447",205,209,"Tail After",90,1102,508,0.678,0.452,-6260043,511,"Tail After 511"
"4448",206,210,"Tail After",91,1104,506,0.959,0.639,-7309667,511,"Tail After 511"
"4449",207,211,"Tail After",92,1104,506,0,0,-8291687,511,"Tail After 511"
"4450",208,212,"Tail After",93,1104,502,1.356,0.904,-8883550,511,"Tail After 511"
"4451",209,213,"Tail After",94,1104,506,1.356,0.904,-8486746,511,"Tail After 511"
"4452",210,214,"Tail After",95,1111,506,2.373,1.582,-5594666,511,"Tail After 511"
"4453",211,215,"Tail After",96,1109,506,0.678,0.452,-4935489,511,"Tail After 511"
"4454",212,216,"Tail After",97,1107,506,0.678,0.452,-6259289,511,"Tail After 511"
"4455",213,217,"Tail After",98,1104,508,1.222,0.815,-7899747,511,"Tail After 511"
"4456",214,218,"Tail After",99,1104,510,0.678,0.452,-8292742,511,"Tail After 511"
"4457",215,219,"Tail After",100,1100,513,1.695,1.13,-8883061,511,"Tail After 511"
"4458",216,220,"Tail After",101,1098,510,1.222,0.815,-9540977,511,"Tail After 511"
"4459",217,221,"Tail After",102,1092,513,2.274,1.516,-8037755,511,"Tail After 511"
"4460",218,222,"Tail After",103,1104,508,4.407,2.938,-9085569,511,"Tail After 511"
"4461",219,223,"Tail After",104,1107,508,1.017,0.678,-7561298,511,"Tail After 511"
"4462",220,224,"Tail After",105,1104,504,1.695,1.13,-8687470,511,"Tail After 511"
"4463",221,225,"Tail After",106,1100,508,1.918,1.278,-9870447,511,"Tail After 511"
"4464",222,226,"Tail After",107,1102,513,1.826,1.217,-7043202,511,"Tail After 511"
"4465",223,227,"Tail After",108,1100,513,0.678,0.452,-4748919,511,"Tail After 511"
"4466",224,228,"Tail After",109,1098,508,1.826,1.217,-8361345,511,"Tail After 511"
"4467",225,229,"Tail After",110,1100,506,0.959,0.639,-9870717,511,"Tail After 511"
"4468",226,230,"Tail After",111,1098,513,2.468,1.645,-5466725,511,"Tail After 511"
"4469",227,231,"Tail After",112,1100,510,1.222,0.815,-8159640,511,"Tail After 511"
"4470",228,232,"Tail After",113,1100,508,0.678,0.452,-9476479,511,"Tail After 511"
"4471",229,233,"Tail After",114,1096,515,2.733,1.822,-5457738,511,"Tail After 511"
"4472",230,234,"Tail After",115,1094,508,2.468,1.645,-9014135,511,"Tail After 511"
"4473",231,235,"Tail After",116,1100,506,2.144,1.429,-7964014,511,"Tail After 511"
"4474",232,236,"Tail After",117,1102,508,0.959,0.639,-8674134,511,"Tail After 511"
"4475",233,237,"Tail After",118,1098,510,1.516,1.011,-6314573,511,"Tail After 511"
"4476",234,238,"Tail After",119,1100,508,0.959,0.639,-7895661,511,"Tail After 511"
"4477",1,2,"Head Before",2,1249,55,6.369,4.246,-10524032,512,"Head Before 512"
"4478",2,3,"Head Before",3,1291,62,14.434,9.623,-9470592,512,"Head Before 512"
"4479",3,4,"Head Before",4,1325,76,12.465,8.31,-8551787,512,"Head Before 512"
"4480",4,5,"Head Before",5,1375,81,17.035,11.356,-8880492,512,"Head Before 512"
"4481",5,6,"Head Before",6,1394,118,14.1,9.4,-8552803,512,"Head Before 512"
"4482",6,7,"Head Before",7,1427,154,16.556,11.037,-10786175,512,"Head Before 512"
"4483",7,8,"Head Before",8,1461,196,18.319,12.212,-9671037,512,"Head Before 512"
"4484",8,9,"Head Before",9,1505,242,21.579,14.386,-9601143,512,"Head Before 512"
"4485",9,10,"Head Before",10,1549,288,21.579,14.386,-10193537,512,"Head Before 512"
"4486",10,11,"Head Before",11,1593,339,22.834,15.223,-9867646,512,"Head Before 512"
"4487",11,12,"Head Before",12,1618,397,21.411,14.274,-9535849,512,"Head Before 512"
"4488",12,13,"Head Before",13,1643,450,19.866,13.244,-8421481,512,"Head Before 512"
"4489",13,14,"Head Before",14,1671,508,21.833,14.556,-8289634,512,"Head Before 512"
"4490",14,15,"Head Before",15,1685,542,12.465,8.31,-11045517,512,"Head Before 512"
"4491",15,16,"Head Before",16,1691,554,4.548,3.032,-9075333,512,"Head Before 512"
"4492",16,17,"Head Before",17,1702,582,10.198,6.799,-9010793,512,"Head Before 512"
"4493",17,18,"Head Before",18,1717,626,15.759,10.506,-8619384,512,"Head Before 512"
"4494",18,19,"Head Before",19,1723,708,27.872,18.582,-10127726,512,"Head Before 512"
"4495",19,20,"Head Before",20,1740,764,19.839,13.226,-8419159,512,"Head Before 512"
"4496",20,21,"Head Before",21,1777,808,19.489,12.993,-8416117,512,"Head Before 512"
"4497",21,22,"Head Before",22,1826,854,22.784,15.189,-7365193,512,"Head Before 512"
"4498",22,23,"Head Before",23,1861,911,22.675,15.117,-8615804,512,"Head Before 512"
"4499",23,24,"Head Before",24,1907,932,17.142,11.428,-9211009,512,"Head Before 512"
"4500",24,25,"Head Before",25,1947,942,13.977,9.318,-11640985,512,"Head Before 512"
"4501",25,26,"Head Before",26,1970,951,8.373,5.582,-11905954,512,"Head Before 512"
"4502",26,27,"Head Before",27,1983,963,5.998,3.998,-10650755,512,"Head Before 512"
"4503",27,28,"Head Before",28,2008,949,9.713,6.476,-11513501,512,"Head Before 512"
"4504",28,29,"Head Before",29,2023,928,8.749,5.832,-11377311,512,"Head Before 512"
"4505",29,30,"Head Before",30,2027,930,1.516,1.011,-12364204,512,"Head Before 512"
"4506",30,31,"Head Before",31,2042,911,8.206,5.471,-11249826,512,"Head Before 512"
"4507",31,32,"Head Before",32,2058,898,6.989,4.659,-12691118,512,"Head Before 512"
"4508",32,33,"Head Before",33,2071,892,4.854,3.236,-11372439,512,"Head Before 512"
"4509",33,34,"Head Before",34,2086,888,5.263,3.508,-12431782,512,"Head Before 512"
"4510",34,35,"Head Before",35,2096,873,6.111,4.074,-12430517,512,"Head Before 512"
"4511",35,36,"Head Before",36,2136,838,18.018,12.012,-11706266,512,"Head Before 512"
"4512",36,37,"Head Before",37,2165,808,14.145,9.43,-11774377,512,"Head Before 512"
"4513",37,38,"Head Before",38,2188,770,15.058,10.039,-11446695,512,"Head Before 512"
"4514",38,39,"Head Before",39,2197,749,7.745,5.163,-10529953,512,"Head Before 512"
"4515",39,41,"Tail Before",2,1209,24,4.854,3.236,-8280679,512,"Tail Before 512"
"4516",40,42,"Tail Before",3,1243,47,13.916,9.277,-8610933,512,"Tail Before 512"
"4517",41,43,"Tail Before",4,1283,60,14.258,9.505,-11972520,512,"Tail Before 512"
"4518",42,44,"Tail Before",5,1325,81,15.919,10.612,-11964055,512,"Tail Before 512"
"4519",43,45,"Tail Before",6,1350,102,11.068,7.379,-12894102,512,"Tail Before 512"
"4520",44,46,"Tail Before",7,1377,125,12.024,8.016,-13090500,512,"Tail Before 512"
"4521",45,47,"Tail Before",8,1423,165,20.665,13.777,-11575180,512,"Tail Before 512"
"4522",46,48,"Tail Before",9,1459,211,19.802,13.201,-13615043,512,"Tail Before 512"
"4523",47,49,"Tail Before",10,1515,253,23.73,15.82,-7833978,512,"Tail Before 512"
"4524",48,50,"Tail Before",11,1561,301,22.538,15.025,-9529202,512,"Tail Before 512"
"4525",49,51,"Tail Before",12,1593,351,20.124,13.416,-9866382,512,"Tail Before 512"
"4526",50,52,"Tail Before",13,1618,406,20.481,13.654,-11974317,512,"Tail Before 512"
"4527",51,53,"Tail Before",14,1654,460,22.001,14.667,-9938345,512,"Tail Before 512"
"4528",52,54,"Tail Before",15,1668,494,12.465,8.31,-10129554,512,"Tail Before 512"
"4529",53,55,"Tail Before",16,1677,508,5.642,3.761,-11052696,512,"Tail Before 512"
"4530",54,56,"Tail Before",17,1687,536,10.079,6.719,-12562363,512,"Tail Before 512"
"4531",55,57,"Tail Before",18,1700,586,17.514,11.676,-9923964,512,"Tail Before 512"
"4532",56,58,"Tail Before",19,1715,655,23.937,15.958,-11309718,512,"Tail Before 512"
"4533",57,59,"Tail Before",20,1725,718,21.624,14.416,-11303055,512,"Tail Before 512"
"4534",58,60,"Tail Before",21,1754,768,19.595,13.063,-8554382,512,"Tail Before 512"
"4535",59,61,"Tail Before",22,1794,817,21.443,14.295,-7891846,512,"Tail Before 512"
"4536",60,62,"Tail Before",23,1842,869,23.99,15.993,-11979709,512,"Tail Before 512"
"4537",61,63,"Tail Before",24,1868,907,15.609,10.406,-9128804,512,"Tail Before 512"
"4538",62,64,"Tail Before",25,1905,926,14.1,9.4,-15583187,512,"Tail Before 512"
"4539",63,65,"Tail Before",26,1926,934,7.618,5.079,-10058371,512,"Tail Before 512"
"4540",64,66,"Tail Before",27,1943,942,6.369,4.246,-11123130,512,"Tail Before 512"
"4541",65,67,"Tail Before",28,1962,940,6.477,4.318,-10921128,512,"Tail Before 512"
"4542",66,68,"Tail Before",29,1972,940,3.39,2.26,-13878213,512,"Tail Before 512"
"4543",67,69,"Tail Before",30,1970,944,1.516,1.011,-14988207,512,"Tail Before 512"
"4544",68,70,"Tail Before",31,1985,940,5.263,3.508,-8947588,512,"Tail Before 512"
"4545",69,71,"Tail Before",32,2002,926,7.466,4.977,-14535087,512,"Tail Before 512"
"4546",70,72,"Tail Before",33,2021,913,7.804,5.203,-13484217,512,"Tail Before 512"
"4547",71,73,"Tail Before",34,2035,900,6.477,4.318,-12305588,512,"Tail Before 512"
"4548",72,74,"Tail Before",35,2054,896,6.582,4.388,-12245700,512,"Tail Before 512"
"4549",73,75,"Tail Before",36,2096,865,17.696,11.798,-10845064,512,"Tail Before 512"
"4550",74,76,"Tail Before",37,2130,835,15.371,10.248,-10459797,512,"Tail Before 512"
"4551",75,77,"Tail Before",38,2161,806,14.391,9.594,-16245474,512,"Tail Before 512"
"4552",76,78,"Tail Before",39,2174,785,8.373,5.582,-11182778,512,"Tail Before 512"
"4553",77,80,"Head After",41,2188,697,9.153,6.102,-13617610,512,"Head After 512"
"4554",78,81,"Head After",42,2226,680,14.112,9.408,-12698810,512,"Head After 512"
"4555",79,82,"Head After",43,2266,680,13.56,9.04,-8878984,512,"Head After 512"
"4556",80,83,"Head After",44,2289,689,8.373,5.582,-10057339,512,"Head After 512"
"4557",81,84,"Head After",45,2295,697,3.39,2.26,-9939344,512,"Head After 512"
"4558",82,85,"Head After",46,2306,703,4.248,2.832,-9665931,512,"Head After 512"
"4559",83,86,"Head After",47,2304,697,2.144,1.429,-11435924,512,"Head After 512"
"4560",84,87,"Head After",48,2306,699,0.959,0.639,-7698283,512,"Head After 512"
"4561",85,88,"Head After",49,2306,695,1.356,0.904,-6379099,512,"Head After 512"
"4562",86,89,"Head After",50,2304,697,0.959,0.639,-12698289,512,"Head After 512"
"4563",87,90,"Head After",51,2304,701,1.356,0.904,-13940148,512,"Head After 512"
"4564",88,91,"Head After",52,2297,703,2.468,1.645,-13487057,512,"Head After 512"
"4565",89,92,"Head After",53,2295,697,2.144,1.429,-14206410,512,"Head After 512"
"4566",90,93,"Head After",54,2295,701,1.356,0.904,-14403270,512,"Head After 512"
"4567",91,94,"Head After",55,2306,697,3.968,2.645,-13681861,512,"Head After 512"
"4568",92,95,"Head After",56,2304,703,2.144,1.429,-9403545,512,"Head After 512"
"4569",93,96,"Head After",57,2306,701,0.959,0.639,-12236986,512,"Head After 512"
"4570",94,97,"Head After",58,2304,699,0.959,0.639,-10259623,512,"Head After 512"
"4571",95,98,"Head After",59,2304,697,0.678,0.452,-13284282,512,"Head After 512"
"4572",96,99,"Head After",60,2306,697,0.678,0.452,-8678523,512,"Head After 512"
"4573",97,100,"Head After",61,2302,703,2.445,1.63,-8087148,512,"Head After 512"
"4574",98,101,"Head After",62,2306,689,4.936,3.291,-13813936,512,"Head After 512"
"4575",99,102,"Head After",63,2310,693,1.918,1.278,-10315901,512,"Head After 512"
"4576",100,103,"Head After",64,2312,699,2.144,1.429,-12231596,512,"Head After 512"
"4577",101,104,"Head After",65,2314,699,0.678,0.452,-12303015,512,"Head After 512"
"4578",102,105,"Head After",66,2314,697,0.678,0.452,-12900280,512,"Head After 512"
"4579",103,106,"Head After",67,2314,695,0.678,0.452,-3350062,512,"Head After 512"
"4580",104,107,"Head After",68,2314,693,0.678,0.452,-13420494,512,"Head After 512"
"4581",105,108,"Head After",69,2314,695,0.678,0.452,-13087667,512,"Head After 512"
"4582",106,109,"Head After",70,2316,697,0.959,0.639,-8750494,512,"Head After 512"
"4583",107,110,"Head After",71,2316,697,0,0,-8024742,512,"Head After 512"
"4584",108,111,"Head After",72,2314,697,0.678,0.452,-8416903,512,"Head After 512"
"4585",109,112,"Head After",73,2316,701,1.516,1.011,-4732485,512,"Head After 512"
"4586",110,113,"Head After",74,2316,703,0.678,0.452,-3808796,512,"Head After 512"
"4587",111,114,"Head After",75,2318,705,0.959,0.639,-9544303,512,"Head After 512"
"4588",112,116,"Tail After",41,2170,775,2.795,1.864,-13285306,512,"Tail After 512"
"4589",113,117,"Tail After",42,2174,766,3.339,2.226,-15190463,512,"Tail After 512"
"4590",114,118,"Tail After",43,2172,768,0.959,0.639,-12502454,512,"Tail After 512"
"4591",115,119,"Tail After",44,2174,764,1.516,1.011,-15437198,512,"Tail After 512"
"4592",116,120,"Tail After",45,2174,762,0.678,0.452,-13210539,512,"Tail After 512"
"4593",117,121,"Tail After",46,2176,764,0.959,0.639,-12295821,512,"Tail After 512"
"4594",118,122,"Tail After",47,2178,760,1.516,1.011,-7954535,512,"Tail After 512"
"4595",119,123,"Tail After",48,2184,758,2.144,1.429,-9027745,512,"Tail After 512"
"4596",120,124,"Tail After",49,2186,760,0.959,0.639,-13815992,512,"Tail After 512"
"4597",121,125,"Tail After",50,2186,756,1.356,0.904,-14269372,512,"Tail After 512"
"4598",122,126,"Tail After",51,2186,747,3.051,2.034,-7956601,512,"Tail After 512"
"4599",123,127,"Tail After",52,2188,741,2.144,1.429,-10918015,512,"Tail After 512"
"4600",124,128,"Tail After",53,2184,745,1.918,1.278,-11768725,512,"Tail After 512"
"4601",125,129,"Tail After",54,2199,726,8.206,5.471,-12242628,512,"Tail After 512"
"4602",126,130,"Tail After",55,2214,720,5.477,3.651,-8087152,512,"Tail After 512"
"4603",127,131,"Tail After",56,2232,720,6.102,4.068,-14858927,512,"Tail After 512"
"4604",128,132,"Tail After",57,2243,726,4.248,2.832,-11518907,512,"Tail After 512"
"4605",129,133,"Tail After",58,2243,729,1.017,0.678,-14586767,512,"Tail After 512"
"4606",130,134,"Tail After",59,2245,726,1.222,0.815,-12767156,512,"Tail After 512"
"4607",131,135,"Tail After",60,2255,731,3.79,2.527,-13811153,512,"Tail After 512"
"4608",132,136,"Tail After",61,2255,729,0.678,0.452,-12757671,512,"Tail After 512"
"4609",133,137,"Tail After",62,2262,729,2.373,1.582,-12360338,512,"Tail After 512"
"4610",134,138,"Tail After",63,2264,729,0.678,0.452,-9461101,512,"Tail After 512"
"4611",135,139,"Tail After",64,2268,729,1.356,0.904,-14205119,512,"Tail After 512"
"4612",136,140,"Tail After",65,2266,737,2.795,1.864,-12424096,512,"Tail After 512"
"4613",137,141,"Tail After",66,2270,731,2.445,1.63,-14593709,512,"Tail After 512"
"4614",138,142,"Tail After",67,2268,720,3.79,2.527,-10981781,512,"Tail After 512"
"4615",139,143,"Tail After",68,2266,722,0.959,0.639,-13480118,512,"Tail After 512"
"4616",140,144,"Tail After",69,2264,716,2.144,1.429,-12234401,512,"Tail After 512"
"4617",141,145,"Tail After",70,2266,726,3.457,2.305,-13999531,512,"Tail After 512"
"4618",142,146,"Tail After",71,2268,720,2.144,1.429,-13875895,512,"Tail After 512"
"4619",143,147,"Tail After",72,2270,720,0.678,0.452,-9461873,512,"Tail After 512"
"4620",144,148,"Tail After",73,2268,722,0.959,0.639,-11582089,512,"Tail After 512"
"4621",145,149,"Tail After",74,2272,720,1.516,1.011,-14002088,512,"Tail After 512"
"4622",146,150,"Tail After",75,2270,708,4.124,2.749,-10123912,512,"Tail After 512"
