LABEL,TRACK_INDEX,TRACK_ID,NUMBER_SPOTS,NUMBER_GAPS,NUMBER_SPLITS,NUMBER_MERGES,NUMBER_COMPLEX,LONGEST_GAP,TRACK_DURATION,TRACK_START,TRACK_STOP,TRACK_DISPLACEMENT,TRACK_X_LOCATION,TRACK_Y_LOCATION,TRACK_Z_LOCATION,TRACK_MEAN_SPEED,TRACK_MAX_SPEED,TRACK_MIN_SPEED,TRACK_MEDIAN_SPEED,TRACK_STD_SPEED,TRACK_MEAN_QUALITY,TOTAL_DISTANCE_TRAVELED,MAX_DISTANCE_TRAVELED,CONFINEMENT_RATIO,MEAN_STRAIGHT_LINE_SPEED,LINEARITY_OF_FORWARD_PROGRESSION,MEAN_DIRECTIONAL_CHANGE_RATE
Label,Track index,Track ID,Number of spots in track,Number of gaps,Number of split events,Number of merge events,Number of complex points,Longest gap,Track duration,Track start,Track stop,Track displacement,Track mean X,Track mean Y,Track mean Z,Track mean speed,Track max speed,Track min speed,Track median speed,Track std speed,Track mean quality,Total distance traveled,Max distance traveled,Confinement ratio,Mean straight line speed,Linearity of forward progression,Mean directional change rate
Label,Index,ID,N spots,N gaps,N splits,N merges,N complex,Lgst gap,Duration,Track start,Track stop,Track disp.,Track X,Track Y,Track Z,Mean sp.,Max speed,Min speed,Med. speed,Std speed,Mean Q,Total dist.,Max dist.,Cfn. ratio,Mn. v. line,Fwd. progr.,Mn. γ rate
,,,,,,,,,(frame),(frame),(frame),(µm),(µm),(µm),(µm),(µm/frame),(µm/frame),(µm/frame),(µm/frame),(µm/frame),(quality),(µm),(µm),,(µm/frame),,(rad/frame)
Track_8387,0,0,246,2,0,0,0,3,249.0,1.0,250.0,7.889580790634459,679.900853416896,162.93480576870047,0.0,0.5727303010492452,7.279641707272046,0.015343114604657138,0.2818020684083931,0.8618154074008232,4274.333333333333,140.87357583437876,12.62011909360843,0.056004688912774,0.03168506341620265,0.05532283407767222,1.5798700442999845
Track_8388,1,1,57,3,0,0,0,3,61.0,1.0,62.0,7.97554186034889,807.8883610385714,164.0284105491288,0.0,0.2763639820941157,0.92274735391417,0.040392043566598805,0.21991663240569326,0.20289989233468114,1665.701754385965,16.427448147995904,8.032523074937318,0.4855009608611597,0.13074658787457197,0.4730956142832181,1.4059179605611274
Track_8389,2,2,370,0,0,0,0,0,369.0,1.0,370.0,14.218667128769805,544.3942487516802,305.8717561422809,0.0,0.7737796704496407,4.843328569715102,0.010961643981039885,0.5973857914830792,0.647354124694026,3561.3,285.5246983959173,14.500532078306247,0.049798378944625535,0.03853297324869866,0.049798378944625514,1.7630840560298315
Track_8390,3,3,370,0,0,0,0,0,369.0,1.0,370.0,9.098520671114937,12.714089794975369,316.3469789141182,0.0,0.34223166796795784,5.03479619373434,0.009812774200610762,0.21449533821394928,0.45058442041465424,5167.959459459459,126.2834854801765,13.33781219052949,0.07204838096223744,0.02465723759109739,0.07204838096223747,1.7341014384605005
Track_8391,4,4,29,0,0,0,0,0,28.0,1.0,29.0,4.5227251514973466,609.3433480422956,496.03294538793403,0.0,0.33392720579156654,1.4233602322601322,0.05292567545109362,0.23023781985470823,0.3316740346429835,1848.2413793103449,9.349961762163865,4.5227251514973466,0.48371589815471616,0.16152589826776237,0.4837158981547162,1.425765233549063
Track_8392,5,5,370,0,0,0,0,0,369.0,1.0,370.0,32.297367031704795,112.22848631358227,439.2732128266515,0.0,1.0202184414081161,13.960856298313413,0.015889352826158793,0.5738356253311454,1.260062229079116,5603.37027027027,376.4606048795945,34.38390011135568,0.08579215623912266,0.08752673992331923,0.08579215623912259,1.7866602682652497
Track_8393,6,6,370,0,0,0,0,0,369.0,1.0,370.0,4.272021937027375,377.9985147019284,49.43407399088412,0.0,0.40108755328929835,8.100205793550742,0.007662880862356398,0.2651521851881637,0.6381945992572535,4744.040540540541,148.0013071637511,8.682228264339404,0.028864758149066475,0.01157729522229641,0.02886475814906648,1.6667214571212425
Track_8394,7,7,2,0,0,0,0,0,1.0,1.0,2.0,3.896891998791514,720.924883847103,491.5485617420708,0.0,3.896891998791514,3.896891998791514,3.896891998791514,3.896891998791514,NaN,772.0,3.896891998791514,3.896891998791514,1.0,3.896891998791514,1.0,NaN
Track_8395,8,8,370,0,0,0,0,0,369.0,1.0,370.0,15.554638931624776,49.86622089166609,181.13197057963964,0.0,0.3785583719603698,3.3551282089915113,0.009476147859673713,0.2498344210230019,0.38297510844695765,8586.908108108108,139.6880392533765,16.025031364916813,0.11135268999953976,0.04215349303963354,0.1113526899995398,1.789845739934277
Track_8396,9,9,349,6,0,0,0,8,369.0,1.0,370.0,69.90105657879954,345.320705507455,367.1983418211706,0.0,1.0920396333537523,13.439580281865405,0.008926226205556824,0.2996287222988232,1.8314268646475633,4773.421203438395,412.05451996445305,70.55546830953435,0.1696403101823267,0.18943375766612341,0.1734678411664925,1.6321988595746055
Track_8397,10,10,124,7,0,0,0,2,133.0,1.0,134.0,10.24247679671242,219.1751481324479,317.1283558518247,0.0,0.19470922650924652,1.958161376119113,0.00988374854447723,0.1326886749280146,0.22125584153461306,557.9032258064516,24.532176612309073,10.24247679671242,0.41751194598742764,0.07701110373467986,0.39551851299158997,1.4952092215648216
Track_8398,11,11,369,1,0,0,0,1,369.0,1.0,370.0,6.564531748856156,532.1263236134482,243.7156153901567,0.0,0.17644585398842844,2.6484258393020643,0.004609343681346315,0.13666969843904203,0.20014956492988825,2217.3360433604335,64.95287982119535,12.522273994326165,0.10106606153456534,0.017790058939989584,0.10082446562420379,1.7470858469812576
Track_8399,12,12,370,0,0,0,0,0,369.0,1.0,370.0,14.96877132674245,217.6725916624828,334.764112837911,0.0,0.7553262578859795,3.5099928826512956,0.031993478652045756,0.5936045998359614,0.5692742217694394,3960.9945945945947,278.7153891599267,20.551642690418344,0.05370629649069496,0.040565775953231575,0.05370629649069501,1.6385841080590828
Track_8400,13,13,61,1,0,0,0,1,61.0,1.0,62.0,8.970686608560397,54.681611412195586,564.2328176038235,0.0,3.5439122556910707,14.019590403020779,0.3492234027949847,2.5942328379284665,3.0475353935973604,5862.6557377049185,214.53262612749995,18.95304117926044,0.04181502259348181,0.14706043620590814,0.04149663580686792,1.138516849556283
Track_8401,14,14,187,8,0,0,0,8,217.0,1.0,218.0,15.376598741023173,532.3533184691937,330.5085291499485,0.0,0.6621669432677393,4.212684920212722,0.06227205919560696,0.4444153204054909,0.6649270149867692,1441.390374331551,142.2055235007655,15.376598741023173,0.10812940568332002,0.07085990203236485,0.10701214059807497,1.75740913377022
Track_8402,15,15,370,0,0,0,0,0,369.0,1.0,370.0,12.300057442962594,349.1615981035451,53.34965447582084,0.0,0.6561923041065229,4.934959181858557,0.0032946995304257757,0.3803944841199316,0.7170944862651563,4014.472972972973,242.13496021530705,15.60852142614241,0.05079835407503877,0.033333489005318684,0.0507983540750388,1.686512271165371
Track_8403,16,16,39,2,0,0,0,1,40.0,1.0,41.0,2.318127728255779,315.4385939135504,188.43426715642167,0.0,0.38948335435556125,2.4815411434005954,0.03455586093734291,0.34014611316245197,0.41983846069402586,859.3076923076923,15.456779978661269,4.350358074218777,0.1499748156767484,0.05795319320639447,0.14879504491863013,1.4019448158328656
Track_8404,17,17,57,4,0,0,0,8,76.0,1.0,77.0,26.125787846698767,658.3824000626826,347.90004992336094,0.0,1.4374364760656277,5.420040489293363,0.12445143499314626,1.2307368344508407,1.177767822652203,6688.035087719299,115.0893346323753,28.06296700753237,0.22700442165341558,0.34376036640393115,0.23914821428827884,1.5634271645731903
Track_8405,18,18,370,0,0,0,0,0,369.0,1.0,370.0,5.082552968419912,294.7834638226623,336.4613760165503,0.0,0.19499120304237463,1.781417912645079,0.005068605789897272,0.13344962133593707,0.20388240738389213,1774.1027027027028,71.9517539226362,11.976844806793482,0.07063834710526672,0.01377385628298079,0.07063834710526667,1.664775437030479
Track_8406,19,19,368,1,0,0,0,2,369.0,1.0,370.0,6.531492971999105,516.4333137844346,199.10790186308625,0.0,0.3326643161420618,10.35695949499755,0.013050162546322805,0.1731008504558585,0.73019977862478,4614.092391304348,124.52414045814693,21.514318833089945,0.052451620609213254,0.017700522959347167,0.05320836080232991,1.728357326330212
Track_8407,20,20,369,1,0,0,0,1,369.0,1.0,370.0,7.199683994122298,157.03890964897857,356.01190276805784,0.0,0.4147904078825223,4.522598884935209,0.005457834154916226,0.21672457042935075,0.583440371293616,5218.715447154472,153.53912756138544,18.312512847937867,0.04689152601341857,0.019511338737458802,0.04703903071689362,1.6709963317908751
Track_8408,21,21,370,0,0,0,0,0,369.0,1.0,370.0,151.88707952732364,412.2190952517436,84.59811270010357,0.0,2.3712999287894307,28.465007036468673,0.02114918093544173,0.5290001500503939,4.031486259433616,9849.0,875.0096737233002,207.37364628127239,0.17358331466327775,0.4116181017000641,0.17358331466327784,1.5507864201076378
Track_8409,22,22,370,0,0,0,0,0,369.0,1.0,370.0,2.2648546268590852,376.89869472516585,251.17952016321115,0.0,0.26325209178964415,3.799158282898999,0.01554711911819735,0.17223148853177664,0.38355055677104505,5305.443243243243,97.14002187037853,9.739882182998109,0.023315360479136564,0.0061378174169622905,0.023315360479136526,1.7794988363999706
Track_8410,23,23,370,0,0,0,0,0,369.0,1.0,370.0,4.654459555162455,840.1636146603864,345.7888800872876,0.0,0.27224407860012706,7.290068498809152,0.004402829694882619,0.16293395820718187,0.4634516750094256,3713.9756756756756,100.45806500344693,11.672742156569422,0.046332363210487386,0.012613711531605568,0.04633236321048741,1.7208529845558054
Track_8411,24,24,79,5,0,0,0,7,91.0,1.0,92.0,9.163448601596087,571.8546262483472,253.0437592947497,0.0,0.22404257596622962,0.9082419732579043,0.00685072949595457,0.1695253414801899,0.2103592995149017,5878.5822784810125,17.927928568992776,9.268068773139477,0.5111270142745168,0.10069723738017679,0.44945580966429827,1.449839718118151
Track_8412,25,25,10,0,0,0,0,0,9.0,1.0,10.0,41.5288412107928,840.1496483711783,554.0652952313479,0.0,5.161424574279768,6.955419242304162,2.882427752136219,5.80336082608157,1.52531992737564,4200.9,46.45282116851791,41.5288412107928,0.8940004108714457,4.614315690088088,0.8940004108714455,0.39363938870152765
Track_8413,26,26,369,1,0,0,0,1,369.0,1.0,370.0,8.482102001851004,329.3073615847778,191.85735794852425,0.0,0.397582112834886,4.534437695090023,0.0065386186394254826,0.2172885047111732,0.5614618245144758,5573.691056910569,146.36375150321956,10.384521753505707,0.05795220411294543,0.022986726292279144,0.05781629894860342,1.8727479463795764
Track_8414,27,27,370,0,0,0,0,0,369.0,1.0,370.0,18.12353020190663,788.7295678919231,434.3975098529237,0.0,0.27815318544120493,7.645561036203266,0.0068118493063082305,0.16536179252696506,0.6023424087361583,12467.451351351352,102.63852542780467,21.44490401060207,0.17657629166403616,0.04911525799974696,0.17657629166403624,1.778335489701068
Track_8415,28,28,318,4,0,0,0,6,328.0,1.0,329.0,3.015306888585053,422.86605407899225,247.57549711117824,0.0,0.19330342968947997,0.9127200090030132,0.002613904309220918,0.16292861375148796,0.13439852810012026,2213.223270440252,63.4196969612276,11.004850391338138,0.04754527430852432,0.009193008806661747,0.047557401446157846,1.7084801585800455
Track_8416,29,29,370,0,0,0,0,0,369.0,1.0,370.0,2.112616848011589,281.17792873671254,349.3974860082408,0.0,0.2835160583520686,2.9076108572444697,0.010996203143191429,0.20226714618530772,0.27025347818501877,3005.872972972973,104.61742553191333,6.3568344225388485,0.020193737680604076,0.005725248910600512,0.020193737680604076,1.8760066227725678
Track_8417,30,30,370,0,0,0,0,0,369.0,1.0,370.0,4.71181990151459,787.7431169687877,496.1693625546402,0.0,0.14850887846527094,1.0136831329490117,0.003885576764973053,0.11801542336317464,0.1240558181151693,1412.9621621621623,54.79977615368499,11.10105112274052,0.08598246621118262,0.012769159624700786,0.08598246621118263,1.691056825353971
Track_8418,31,31,331,2,0,0,0,8,339.0,1.0,340.0,5.853786235481466,310.9077211135117,358.8078339482559,0.0,0.20149884487583197,1.268822782959652,0.004685413434619411,0.15878417917712984,0.1706536002290756,6719.761329305136,69.38881502864672,12.763090084594433,0.08436210119836704,0.017267806004370105,0.08569679898170586,1.7831943734187023
Track_8419,32,32,370,0,0,0,0,0,369.0,1.0,370.0,5.397754242440792,813.9668704071311,590.0255187760837,0.0,0.19014135673969368,1.9655728639074352,0.0014845203866890545,0.16132808013507408,0.16107247616058962,3575.7243243243242,70.16216063694698,11.555083804443974,0.07693255443445347,0.014628060277617322,0.07693255443445347,1.7972103230059924
Track_8420,33,33,361,4,0,0,0,5,369.0,1.0,370.0,6.052899604116066,423.2966163836702,374.0728254771195,0.0,1.194077796465989,21.254153669926772,0.014467376545460802,0.4878944073336517,2.229227795666558,4377.091412742382,454.58088767695386,37.394736491389715,0.013315341159739947,0.01640352196237416,0.013737398024586234,1.7955242424056623
Track_8421,34,34,144,0,0,0,0,0,143.0,1.0,144.0,11.97721267065956,243.8253867689315,499.58417768923584,0.0,0.19680249427415888,1.7296698163412776,0.010615235638973266,0.14521968670071508,0.19823509488062016,2064.340277777778,28.142756681204713,11.97721267065956,0.4255877562505667,0.08375673196265426,0.4255877562505666,1.5537118569390909
Track_8422,35,35,370,0,0,0,0,0,369.0,1.0,370.0,4.591219934715463,666.2652983685443,85.14228454525497,0.0,0.20374129610437322,2.106481930547047,0.0047805543365829475,0.15710666292428319,0.19252362368292109,6466.6945945945945,75.1805382625137,11.542083517974058,0.061069261285200495,0.01244233044638337,0.06106926128520049,1.774884884815642
Track_8423,36,36,370,0,0,0,0,0,369.0,1.0,370.0,5.387563343450417,154.99406773973354,271.8519138762531,0.0,0.25448263921667114,2.0834022098311045,0.021261873547727638,0.20877416694679785,0.21025407643728947,8458.862162162162,93.90409387095175,10.503981370908605,0.057373040102535966,0.014600442665177281,0.05737304010253603,1.7991464030078348
Track_8424,37,37,370,0,0,0,0,0,369.0,1.0,370.0,6.841887592472845,464.89522014128335,261.9303398306421,0.0,0.16361909146843934,1.506832977625006,0.004346928712003393,0.12548848604446802,0.1465406350348662,3005.7081081081083,60.375444751854054,13.742390366555822,0.11332235514940432,0.018541700792609337,0.11332235514940422,1.7213953512787126
Track_8425,38,38,8,1,0,0,0,2,9.0,1.0,10.0,27.419260342096763,786.9891862780644,371.5412355007449,0.0,9.439747363844749,14.501989509612242,2.631581469390285,10.076671735357724,4.378380979574452,4275.375,86.23157501762869,27.419260342096763,0.31797239394608445,3.046584482455196,0.3227400443071118,1.4897542485407786
Track_8426,39,39,128,0,0,0,0,0,127.0,1.0,128.0,114.7862814156473,256.056932114694,81.97459144265187,0.0,1.3144847171279788,4.272386738626236,0.043684841227427,0.8310917559055913,1.1449320873615183,5311.171875,166.93955907525324,114.7862814156473,0.68759185690615,0.9038289875247818,0.6875918569061497,1.1080592121838149
Track_8427,40,40,370,0,0,0,0,0,369.0,1.0,370.0,5.3050212466081765,322.0091173134138,442.4480917184668,0.0,0.184962852101237,1.0949771942624553,0.005621423678695663,0.15285599923487359,0.1470017542697179,4501.010810810811,68.25129242535645,11.363321127889854,0.07772777713198696,0.014376751345821616,0.07772777713198696,1.7916576095405503
Track_8428,41,41,370,0,0,0,0,0,369.0,1.0,370.0,3.484946487295893,736.067337512545,372.97217677100343,0.0,0.16362842700509925,2.111765575295293,0.013830014365548223,0.13563968437931406,0.15205106079360917,4321.1702702702705,60.37888956488163,10.023361803076224,0.05771796255959721,0.009444299423566106,0.05771796255959722,1.8449283395216782
Track_8429,42,42,2,0,0,0,0,0,1.0,1.0,2.0,3.6610549274027777,86.33588284396208,95.44626451631342,0.0,3.6610549274027777,3.6610549274027777,3.6610549274027777,3.6610549274027777,NaN,1187.0,3.6610549274027777,3.6610549274027777,1.0,3.6610549274027777,1.0,NaN
Track_8430,43,43,370,0,0,0,0,0,369.0,1.0,370.0,5.090105503649602,294.2839874663934,507.21692222870826,0.0,0.16298732767694038,1.0134553286771022,0.0023174750894053237,0.12353289203452544,0.13229029690746472,6085.445945945946,60.142323912791,11.50757861988448,0.08463433356899341,0.013794323858129004,0.08463433356899341,1.6895415021637719
Track_8431,44,44,370,0,0,0,0,0,369.0,1.0,370.0,5.837894018428384,449.3741505802819,378.3374897639231,0.0,0.30037876352118487,6.861377606982948,0.00558910789482736,0.1636956559788372,0.627360592406804,5776.721621621622,110.83976373931723,9.758217124392786,0.05266967215987991,0.015820850998450903,0.052669672159879916,1.7156103958413982
Track_8432,45,45,91,1,0,0,0,1,91.0,1.0,92.0,15.201137951330306,12.551802337753678,502.1519802477605,0.0,1.1329735053505356,7.7176354574728485,0.0544111575023443,0.8772701405902187,1.0137193586697058,1660.3076923076924,102.13352863702414,15.959377625057538,0.14883592248490848,0.16704547199264072,0.14743987498715408,1.9041068867063742
Track_8433,46,46,370,0,0,0,0,0,369.0,1.0,370.0,2.4789671847805206,741.633528588785,100.43045669933511,0.0,0.17590287183489162,2.7813631528653593,0.011032544788230937,0.11118778935350113,0.2760966934960278,1717.8945945945945,64.90815970707503,5.806409184183014,0.03819191910489971,0.0067180682514377255,0.038191919104899726,1.7807980810749997
Track_8434,47,47,333,20,0,0,0,6,369.0,1.0,370.0,5.2510904588259715,826.3625259201465,508.2799163682122,0.0,0.5063359572304065,3.3119614045902463,0.01045082962717654,0.3651550034207762,0.45661503852404595,3699.9189189189187,175.85189984148337,14.679325608634615,0.029860868512421052,0.014230597449392876,0.028105050107901562,1.6706763166902463
Track_8435,48,48,370,0,0,0,0,0,369.0,1.0,370.0,20.67768993442115,490.81115448223363,220.7193942632845,0.0,0.6695123967001306,4.435106451041445,0.007294461492760033,0.28333545477976596,0.855728806982901,6230.391891891892,247.05007438234836,21.094303222192686,0.08369837566783815,0.05603710009328225,0.08369837566783819,1.6257012152494388
Track_8436,49,49,368,0,0,0,0,0,367.0,1.0,368.0,16.25063087727204,125.09003673668829,504.906037614671,0.0,0.6733756438821211,5.309029951493034,0.010292432364094288,0.42850615228174704,0.7350024516361428,2557.2771739130435,247.12886130473848,16.527347022626092,0.06575772166583624,0.04427964816695379,0.06575772166583625,1.6278849258029258
Track_8437,50,50,52,2,0,0,0,4,57.0,1.0,58.0,7.771492752689959,98.47070729546468,388.6873238119443,0.0,1.04242629675908,3.1337812451829876,0.22384851499213498,0.9524062890538515,0.6268111162885556,992.3269230769231,57.1521606483005,10.525301074776635,0.1359789842507215,0.1363419781173677,0.13079291892506653,1.5930796641180052
Track_8438,51,51,370,0,0,0,0,0,369.0,1.0,370.0,16.936983272951412,572.3044321566805,517.5182665038124,0.0,0.31845042444519855,4.347716859890909,0.011639862503517652,0.2158031007087162,0.3926495285779554,4095.07027027027,117.50820662027824,17.946482510638162,0.14413447162615975,0.04589968366653499,0.14413447162615972,1.7673160106165502
Track_8439,52,52,50,0,0,0,0,0,49.0,1.0,50.0,8.090450236833231,24.14082922894748,513.6216577554783,0.0,0.3289265789079294,0.9376142584874481,0.048576749025778,0.28982917627478955,0.2344893005355852,794.48,16.11740236648854,8.090450236833231,0.5019698616977494,0.16511122932312716,0.5019698616977494,1.3338202317726073
Track_8440,53,53,370,0,0,0,0,0,369.0,1.0,370.0,6.3898064064403135,369.412195421196,450.72232457614484,0.0,0.2494926408756576,1.230348032419259,0.009830602000891267,0.19479273189963295,0.19338662302136442,5332.621621621622,92.06278448311777,15.127542704133399,0.06940705131085906,0.017316548526938518,0.06940705131085914,1.6850967610278758
Track_8441,54,54,370,0,0,0,0,0,369.0,1.0,370.0,18.756430851919422,96.4483598651906,278.54850876542883,0.0,0.4661072214381916,4.144716866209731,0.038661742872304665,0.30787596759826247,0.49892689586797623,3817.391891891892,171.9935647106927,23.011477997121318,0.10905309674503973,0.050830435913060766,0.10905309674503973,1.7760678981256233
Track_8442,55,55,369,0,0,0,0,0,368.0,1.0,369.0,6.612197050161276,718.0188278997878,108.58508346375113,0.0,0.2941424346666065,3.120564990443592,0.007073237882201313,0.15376172709504365,0.35942648827532236,2971.010840108401,108.2444159573112,6.663894158412502,0.06108580282579155,0.0179679267667426,0.061085802825791555,1.7621331830837192
Track_8443,56,56,144,3,0,0,0,3,148.0,1.0,149.0,11.638869083465268,212.14327854560418,451.3870700790607,0.0,0.23875618335549567,1.6565162176015007,0.009098484475666935,0.18094006943811547,0.23534309280513377,4896.506944444444,34.244132781224984,11.638869083465268,0.3398792183707016,0.07864100732071128,0.32937788758173797,1.6451013743144176
Track_8444,57,57,105,7,0,0,0,7,130.0,1.0,131.0,8.41024389858626,677.2165182379824,209.0357793997322,0.0,0.3332636661505849,1.9330994716124816,0.009652580940748081,0.1809249898776962,0.38013501671105315,1253.4,37.6729429065383,8.41024389858626,0.2232436133129017,0.06469418383527893,0.19412312353920672,1.4843651242626148
Track_8445,58,58,370,0,0,0,0,0,369.0,1.0,370.0,6.400129140088385,402.62953387170535,607.4750489198888,0.0,0.19141373919221677,3.0191765860034607,0.007430654479460975,0.12824449584910314,0.27715243898362063,5986.481081081081,70.63166976192804,13.06657700127347,0.0906127401725138,0.01734452341487367,0.09061274017251386,1.7093476737392646
Track_8446,59,59,370,0,0,0,0,0,369.0,1.0,370.0,17.53500498238913,186.6072007760815,119.83412699169791,0.0,1.2531940259915362,14.388867929192926,0.04284026152243093,0.795107731492984,1.4953860578803477,5179.751351351351,462.4285955908766,18.31817859911422,0.03791937857991558,0.047520338705661594,0.03791937857991556,1.6341487950393982
Track_8447,60,60,370,0,0,0,0,0,369.0,1.0,370.0,4.313074935451823,387.3569667460134,216.33741170633428,0.0,0.12517675991002641,0.8679143452563719,0.005512893928152696,0.09514662730614781,0.113014281543648,3565.0,46.19022440679973,10.62789907919108,0.0933763581113256,0.011688549960574045,0.09337635811132554,1.5287837474387167
Track_8448,61,61,323,5,0,0,0,7,333.0,1.0,334.0,32.142607248918345,464.591418973634,441.24368414296,0.0,0.8139424308467811,4.961874243316706,0.06147714587755724,0.6299887985386771,0.6772405211946035,1068.4953560371516,272.70563025748936,34.01852453547934,0.11786557988762172,0.09652434609284788,0.11858866479344152,1.617860454466992
Track_8449,62,62,370,0,0,0,0,0,369.0,1.0,370.0,5.493902553942145,56.83068016507135,609.2514079781761,0.0,0.25377695777771014,2.5226663689919318,0.004375647828815904,0.13944605870040722,0.3449379370052378,6716.256756756757,93.64369741997487,11.969230105203076,0.058668150717105884,0.014888624807431286,0.05866815071710577,1.7020974216629374
Track_8450,63,63,369,1,0,0,0,1,369.0,1.0,370.0,7.480267256978892,687.0463963388261,466.3335613576895,0.0,0.43065750001896713,3.8586011559542417,0.014489067060966683,0.26317190700145215,0.5360530858559053,2234.8428184281843,158.7158865053233,13.734711692812848,0.0471299214066262,0.020271726983682636,0.04707157539991716,1.805008629571377
Track_8451,64,64,37,3,0,0,0,7,45.0,1.0,46.0,6.633397964421053,573.4616079778997,122.89045631776453,0.0,0.36198314172472335,1.1427768021667855,0.0373463803199368,0.3425932666867868,0.24350215884086057,1161.5675675675675,14.537310313528277,6.633397964421053,0.4563016005958185,0.14740884365380116,0.4072257148535964,1.5209972213542657
Track_8452,65,65,370,0,0,0,0,0,369.0,1.0,370.0,6.625046255027343,375.5058069620707,623.606461504228,0.0,0.31510476971730467,3.622624277199644,0.005091156290995872,0.20877339077393003,0.3608824186354741,7294.262162162162,116.27366002568543,12.260668192732112,0.056978048627383336,0.017954054891673014,0.056978048627383336,1.8421696160521022
Track_8453,66,66,3,0,0,0,0,0,2.0,1.0,3.0,2.9336003319519857,838.5560416079097,270.5810078123931,0.0,1.6482477129398334,1.7450152669127208,1.5514801589669458,1.7450152669127208,0.13684998722612798,1197.6666666666667,3.296495425879667,2.9336003319519857,0.889914880184964,1.4668001659759928,0.889914880184964,0.949047248029114
Track_8454,67,67,364,5,0,0,0,2,369.0,1.0,370.0,10.948237117747516,160.79650396820387,534.5891433401688,0.0,0.4080849336283264,3.9170934985928345,0.010486890441857894,0.21852426552162446,0.5646796860951611,4739.6648351648355,150.17459430120783,17.898583565104634,0.07290339067464663,0.02967001928928866,0.07270550036113653,1.7799041327239056
Track_8455,68,68,370,0,0,0,0,0,369.0,1.0,370.0,13.987049877803928,636.5181321345719,120.67414459731533,0.0,0.2727386795223082,4.895326554726004,0.0033820358481566498,0.14277604106385153,0.4411091333423103,2151.543243243243,100.64057274373174,14.057006169605827,0.13898022930990417,0.037905284221690864,0.1389802293099042,1.7859651268645687
Track_8456,69,69,370,0,0,0,0,0,369.0,1.0,370.0,6.350495524956763,455.5153259506203,465.3964402881956,0.0,0.23615421970817668,2.197430469171341,0.0069290285984925344,0.13869243211475074,0.2865583067320474,4958.621621621622,87.14090707231718,12.919454208257662,0.07287616962360242,0.017210014972782555,0.07287616962360241,1.824131089347077
Track_8457,70,70,142,2,0,0,0,2,144.0,1.0,145.0,12.016972448136501,410.28573400884767,213.02977681859474,0.0,0.28051544118562133,2.347318889854658,0.00921589414486482,0.15568465096945291,0.36475570816375164,1249.112676056338,40.14509791138256,12.016972448136501,0.2993384765099617,0.08345119755650349,0.2974923490977545,1.7004563693357793
Track_8458,71,71,370,0,0,0,0,0,369.0,1.0,370.0,27.865557609298552,798.8004670927116,524.77387032813,0.0,0.5204037132069506,5.029249987009247,0.011440473626716133,0.41404495983873585,0.5123077197037327,4663.77027027027,192.0289701733648,27.865557609298552,0.14511121725092507,0.07551641628536193,0.14511121725092513,1.9213704326555896
Track_8459,72,72,370,0,0,0,0,0,369.0,1.0,370.0,33.51700019169959,63.92364686645326,260.9346997372797,0.0,0.496249537678604,3.100636270890496,0.01447758926574881,0.2965854035751697,0.5391041571428243,2818.5162162162164,183.11607940340474,34.36909151925183,0.18303690370009307,0.09083197883929428,0.18303690370009293,1.7554290206572358
Track_8460,73,73,370,0,0,0,0,0,369.0,1.0,370.0,7.385787178313027,252.43865001298525,547.0112022948614,0.0,0.15181382199710358,2.018375635036063,0.005475600713665583,0.11058943960215196,0.18665111199340217,5849.85945945946,56.01930031693119,13.237804652046819,0.13184361704854708,0.020015683410062404,0.131843617048547,1.7193747793852083
Track_8461,74,74,60,10,0,0,0,3,80.0,1.0,81.0,2.164511747256108,654.3328929248954,279.12342325131556,0.0,0.5964507659535625,1.7912786775882303,0.0668928723567601,0.46614327503609687,0.43821909110215956,1254.8833333333334,44.96669986431646,6.455857891799699,0.0481358817477679,0.027056396840701352,0.045362330614909234,1.4493765642016594
Track_8462,75,75,350,8,0,0,0,7,369.0,1.0,370.0,29.29426781354004,691.884579878827,276.0367425351974,0.0,0.9497810866946047,3.670692731751255,0.017990775828163795,0.7300583167483885,0.8211742646695701,1761.5114285714285,341.8169879070948,29.29426781354004,0.0857016147526938,0.07938825965729007,0.08358585022320707,1.6107944822412197
Track_8463,76,76,271,0,0,0,0,0,270.0,1.0,271.0,67.62980776425947,822.3977084212129,603.8961607089279,0.0,0.9015502836001569,4.096425693712946,0.012739208474189688,0.744562040571155,0.7390324856192322,1817.9594095940959,243.41857657204244,67.62980776425947,0.277833387725212,0.2504807694972573,0.27783338772521204,1.5352507953537229
Track_8464,77,77,58,1,0,0,0,2,59.0,1.0,60.0,1.323975107510117,147.70986019151326,129.5148246676015,0.0,0.32677519692828494,4.490454380132444,0.019380666915618443,0.18235406400579285,0.606354137180546,2052.9655172413795,19.186984808193728,5.873731099460583,0.0690038127796254,0.022440256059493506,0.06867184618182118,1.486269112495386
Track_8465,78,78,212,2,0,0,0,3,215.0,1.0,216.0,15.637665862139391,15.23336530655055,560.340396934593,0.0,0.3564940956289638,5.014012549518658,0.009528761718149162,0.20220129135219178,0.5398142626290295,5310.075471698113,79.56352137580517,15.637665862139391,0.19654315937422448,0.072733329591346,0.20402393891832157,1.5215589335172304
Track_8466,79,79,370,0,0,0,0,0,369.0,1.0,370.0,7.171755866503181,601.8268803735976,625.6405816389218,0.0,0.24824573848722337,1.0203774285332876,0.0016801628192365647,0.1902120931101065,0.1852958514991427,4636.259459459459,91.6026775017854,11.775938206526913,0.07829198951486324,0.01943565275475117,0.07829198951486323,1.759227524490863
Track_8467,80,80,370,0,0,0,0,0,369.0,1.0,370.0,57.20782581287075,419.25662252381545,460.9554643397366,0.0,0.7535317268789401,11.615252284857938,0.013739431559886276,0.30627568496845264,1.2874541693879376,5617.497297297297,278.053207218329,60.034566834094896,0.20574416812229332,0.15503475830046273,0.2057441681222934,1.6103480292701586
Track_8468,81,81,4,0,0,0,0,0,3.0,1.0,4.0,12.69707648563108,208.74571334961527,561.7575221728495,0.0,6.256196531933702,11.020209211410963,3.0011146675096936,4.747265716880449,4.217122654069921,5071.25,18.768589595801103,12.69707648563108,0.6765066933144332,4.232358828543693,0.6765066933144331,2.8379584700275995
Track_8469,82,82,31,2,0,0,0,4,35.0,1.0,36.0,6.100917612165619,130.45810396113077,223.7141936531926,0.0,0.32199719232743196,0.931051539187797,0.05177610733958936,0.23121317204591554,0.2455198786476957,3991.8387096774195,10.391978742092627,6.100917612165619,0.5870794930953718,0.17431193177616053,0.541346123288263,1.0460211821565206
Track_8470,83,83,370,0,0,0,0,0,369.0,1.0,370.0,13.042469994322506,587.5909249720069,419.95897632581654,0.0,0.6217622314695022,6.493809088129872,0.016040533186355566,0.4291149856982647,0.6453598408901254,10273.110810810811,229.4302634122463,16.06833817436292,0.05684720838631238,0.035345447139085384,0.05684720838631238,1.767012675348409
Track_8471,84,84,370,0,0,0,0,0,369.0,1.0,370.0,6.153216479779413,319.6932120508628,630.7432461305743,0.0,0.1496420711391743,1.3001449419255382,0.00449185235110053,0.11349088557443324,0.1328829376149735,1939.3540540540541,55.21792425035532,12.321916174507574,0.11143512841737832,0.01667538341403635,0.1114351284173783,1.783420232110643
Track_8472,85,85,370,0,0,0,0,0,369.0,1.0,370.0,2.104848328503744,805.4885927600393,406.563585565433,0.0,0.17852043260396125,2.7420584298998003,0.008248056232765918,0.1437600694931832,0.1839397771235437,3836.718918918919,65.87403963086163,8.143815633203817,0.03195262261580864,0.005704196012205268,0.031952622615808605,1.6876537459088856
Track_8473,86,86,370,0,0,0,0,0,369.0,1.0,370.0,6.071484828410916,801.6329934595653,637.1681715615155,0.0,0.13907635556315603,1.2082234033268862,0.008922904649675649,0.11220024339059617,0.11579123307975153,5542.508108108108,51.3191752028046,12.33780548029545,0.11830830882252971,0.01645388842387782,0.11830830882252978,1.728454354758785
Track_8474,87,87,370,0,0,0,0,0,369.0,1.0,370.0,5.098031174742971,131.71133468468224,12.204295857329301,0.0,0.1501397923407436,2.8875926407071657,0.0019924468971336206,0.09992519116575657,0.22687916925251916,5318.394594594594,55.40158337373444,9.563109327548467,0.09201959338151186,0.013815802641579868,0.09201959338151194,1.6268402173077725
Track_8475,88,88,85,0,0,0,0,0,84.0,1.0,85.0,18.828533723307014,287.27913476511026,281.4253180304945,0.0,1.3282252365737195,13.036622049667209,0.05226027343366963,0.7267115857724962,2.095036898355328,4641.905882352941,111.57091987219239,21.343785594121183,0.16875843405141436,0.22414921099175017,0.16875843405141427,1.6304557465552776
Track_8476,89,89,369,1,0,0,0,1,369.0,1.0,370.0,5.237665449417771,166.497407175165,474.6869066451122,0.0,0.18907134595347186,1.6900911093372828,0.017103623258457712,0.13901089085671195,0.19615791126465432,5000.111111111111,69.92872302232935,11.737789650956408,0.07490005856027575,0.01419421531007526,0.07507332873997884,1.8712394476373908
Track_8477,90,90,370,0,0,0,0,0,369.0,1.0,370.0,3.6393670206255484,595.0416515097074,473.17299754299904,0.0,0.1895771469084937,1.5566707567265785,0.014483766532673649,0.15277241707910064,0.15133504488723112,2462.2783783783784,69.95396720923416,9.871520580282768,0.052025169776863486,0.009862783253727773,0.05202516977686347,1.7982766691219516
Track_8478,91,91,370,0,0,0,0,0,369.0,1.0,370.0,27.071152064401623,316.06643614028036,280.6489188510577,0.0,0.24556880578669418,5.532173016829789,0.01268503301442167,0.13691264319292323,0.5907385646160132,6415.621621621622,90.61488933529013,27.74594924438971,0.29874949098303116,0.0733635557300857,0.29874949098303105,1.7312714408482615
Track_8479,92,92,146,1,0,0,0,1,146.0,1.0,147.0,8.516491590137882,807.4443398135745,224.436536842941,0.0,0.2882365147769526,4.082298814515658,0.0033116180235262375,0.1675051194796458,0.5315610941347415,3836.0479452054797,42.07714622713488,13.257242540068287,0.20240183457702585,0.058332134179026586,0.20237593499965129,1.6547964726059776
Track_8480,93,93,356,5,0,0,0,7,369.0,1.0,370.0,24.083274405463644,464.20750416246875,409.02934768249185,0.0,2.2545661770697585,21.35648276865041,0.08543431069857568,1.6417424349435539,2.1901771674404182,4580.831460674157,834.3096276494788,35.81247276274564,0.028866111102318272,0.0652663263020695,0.02894850768447862,1.6051949482425512
Track_8481,94,94,369,1,0,0,0,1,369.0,1.0,370.0,46.16317242085378,234.09913528797264,386.03483039124666,0.0,1.161603659094443,13.658365769513505,0.005352018581975115,0.496765483987475,1.788494034862976,5205.021680216802,430.8606305350158,51.83385261181148,0.1071417742752018,0.1251034482949967,0.10769891030863678,1.6793233388713604
Track_8482,95,95,366,2,0,0,0,3,369.0,1.0,370.0,5.963092210244875,98.14546454100727,482.73235381586545,0.0,1.172200369859264,6.9870451674501215,0.05256733955484106,0.7636204140402941,1.2058639835947451,4975.5109289617485,430.14903286938056,26.105152216975693,0.013862851603936148,0.016160141491178524,0.013786159693089614,1.6287395826294144
Track_8483,96,96,85,0,0,0,0,0,84.0,1.0,85.0,42.18485605924142,324.5389813194042,410.2265955439473,0.0,1.3680549680534209,4.195114901444854,0.018161169192242164,1.0846487214907672,0.965574415308291,1108.729411764706,114.91661731648739,42.18485605924142,0.3670910007998386,0.5022006673719217,0.36709100079983875,1.5146658800416417
Track_8484,97,97,370,0,0,0,0,0,369.0,1.0,370.0,5.332118831667468,587.1378428980935,137.35336727838305,0.0,0.33962544235032266,3.468120063432068,0.022103561651144035,0.2522240061014109,0.34612575085525604,4931.767567567567,125.32178822726911,8.417982922722983,0.0425474205809907,0.014450186535684193,0.042547420580990716,1.9022050492675742
Track_8485,98,98,84,2,0,0,0,1,85.0,1.0,86.0,22.10436899074836,846.66343716137,232.18513973249074,0.0,1.6633765630138502,5.3594878733168985,0.03852187312318321,1.4305711194002262,1.0883979116776747,3110.0238095238096,139.57020590528384,22.10436899074836,0.15837455313169765,0.26005139989115716,0.15633946375917035,1.6084583450698149
Track_8486,99,99,369,1,0,0,0,1,369.0,1.0,370.0,6.726637906906105,398.1703921658252,485.9574890245578,0.0,0.6279279406651781,4.922130868617529,0.014553413537965862,0.4580920510332268,0.5957440238583579,3494.3252032520327,231.38851911168138,12.321486103884498,0.029070750496741127,0.018229371021425758,0.029030991999042084,1.902163118791332
Track_8487,100,100,48,0,0,0,0,0,47.0,1.0,48.0,5.20665488591706,73.42143601013719,32.476068368064425,0.0,0.3088762368084144,1.453085459806352,0.05912302363986954,0.23174303709115704,0.26357941710546623,1443.0,14.517183129995477,5.221297516622003,0.3586546259900134,0.11077989118972469,0.3586546259900134,1.4367586357545346
Track_8488,101,101,368,1,0,0,0,1,368.0,1.0,369.0,16.6845396063356,336.1890636301491,149.07467611852488,0.0,0.4094477166464344,6.931176849270078,0.017120882790937656,0.2594324734202048,0.6686964250572306,4806.633152173913,150.42660466522008,16.6845396063356,0.11091481884782053,0.045338422843303264,0.11073067695833268,1.7378137567408312
Track_8489,102,102,143,2,0,0,0,4,147.0,1.0,148.0,10.220572086561479,9.250683324977016,158.96804670410225,0.0,0.26136512792238387,2.1775537285565147,0.023775798124352685,0.18513341450145643,0.2802572257609813,4078.4545454545455,38.126228923764025,10.220572086561479,0.26807193827111003,0.0695277012691257,0.2660175128250964,1.577621357573391
Track_8490,103,103,14,1,0,0,0,2,15.0,3.0,18.0,3.1778201787062166,442.2995561225298,284.3105071604832,0.0,0.367695864249484,0.7216553408445869,0.09512006772898235,0.36523786454481066,0.21518491039614276,926.0,5.510521964332913,3.1778201787062166,0.5766822452164773,0.21185467858041443,0.5761682389679251,1.4312288221244893
Track_8491,104,104,369,0,0,0,0,0,368.0,2.0,370.0,4.298911751822114,112.06418120369376,291.215197197979,0.0,0.6935242195002689,4.007527532983295,0.06657889090352513,0.5754375608050968,0.5233132394102377,1791.2845528455284,255.21691277609898,11.00348041364287,0.016844149179069245,0.011681825412560094,0.016844149179069245,1.8646247232772308
Track_8492,105,105,8,1,0,0,0,1,8.0,4.0,12.0,5.979441988123195,735.9898008174179,196.9545629561288,0.0,7.668687726376412,21.32986107031182,0.7075495059907723,6.467541080309747,6.461095753338852,4505.5,61.31704621164476,20.812266531179706,0.0975167976533683,0.7474302485153994,0.09746520854469233,1.5474373137605646
Track_8493,106,106,143,2,0,0,0,2,145.0,2.0,147.0,9.955276874209387,714.2203321474942,184.49383238625992,0.0,0.25828869224930245,2.8541273616751544,0.015073805655437474,0.18563503958825137,0.33891638395589524,1124.3916083916083,40.08882390596265,9.955276874209387,0.24833047977565337,0.06865708189109922,0.2658152832522409,1.7127253263085307
Track_8494,107,107,109,1,0,0,0,2,110.0,4.0,114.0,12.665247515165609,516.5611565472701,578.1483904777092,0.0,0.569574551347782,1.6908541348761155,0.0563427758248285,0.4813928740714689,0.3581324233430508,3073.0183486238534,62.221394984992635,12.665247515165609,0.20355132697073697,0.1151386137742328,0.20214845186074545,1.7051242538276488
Track_8495,108,108,369,0,0,0,0,0,368.0,2.0,370.0,13.685135712025055,253.2666237049195,599.810304225074,0.0,0.5684094172882325,7.001708616344557,0.01798981625571864,0.40861672036063784,0.656430349904043,5877.276422764227,209.17466556206955,22.439531512262615,0.06542444169924674,0.037187868782676776,0.06542444169924674,1.7551468823051404
Track_8496,109,109,369,0,0,0,0,0,368.0,2.0,370.0,14.86751666674475,825.8019151798055,298.2681530168083,0.0,0.9521186409933556,8.54798495708787,0.016860031593392076,0.5697906633963304,1.0914642252930193,4807.449864498645,350.3796598855548,21.455853181834918,0.04243259061214043,0.04040086050745856,0.04243259061214042,1.6969016786093076
Track_8497,110,110,146,2,0,0,0,1,147.0,4.0,151.0,23.78358328971588,582.3409030648712,7.087520920929612,0.0,0.6443345425860368,4.810553922046885,0.006412861812582307,0.3277390088294934,0.8087434846199317,1908.2328767123288,97.31559834299676,27.849333711200916,0.24439641429207168,0.16179308360350939,0.25110105529055265,1.7362837873417716
Track_8498,111,111,367,1,0,0,0,1,367.0,3.0,370.0,5.267920930277055,17.169190422301725,636.1641399079732,0.0,0.2716038988041745,4.098850782319504,0.019453465281150665,0.16949029679252212,0.43684455336245603,4030.8392370572205,99.49743460542183,11.675514168206448,0.05294529402861603,0.014354007984406144,0.05284904983913848,1.7649704817674186
Track_8499,112,112,42,3,0,0,0,6,49.0,5.0,54.0,4.957442867237261,203.54854581627902,403.76881741534356,0.0,0.21094377349497023,0.6313557352923536,0.04669389828592754,0.15775185362957217,0.15007256682171666,1104.595238095238,9.47500916263812,5.062070301407707,0.5232124615547036,0.10117230341300533,0.47961739631730677,1.1150023329286858
Track_8500,113,113,368,0,0,0,0,0,367.0,3.0,370.0,10.214557344008089,201.03025435241096,44.538484192211925,0.0,0.3068694068035337,2.915925786474435,0.0144663951921123,0.21151031443939566,0.32115059988333455,7801.08152173913,112.62107229689687,17.243268989346664,0.0906984557657203,0.02783258131882313,0.0906984557657203,1.7568456877372793
Track_8501,114,114,8,0,0,0,0,0,7.0,2.0,9.0,1.9778701363846525,135.10570609469127,45.01782845656584,0.0,0.422065788524319,0.9986038567160802,0.06867300648067255,0.2856686371640522,0.3863573464907754,2081.0,2.9544605196702323,1.9778701363846525,0.6694522141068977,0.2825528766263789,0.6694522141068975,1.1224926616811015
Track_8502,115,115,40,0,0,0,0,0,39.0,2.0,41.0,25.821391154623498,262.00794774195805,270.0806922251728,0.0,5.659931261910498,19.59213624705365,0.15926030774416675,4.567400555151354,4.6460480461390095,4019.05,220.73731921450948,27.13169899458714,0.11697791404964299,0.6620869526826538,0.11697791404964303,1.7172903737273522
Track_8503,116,116,179,0,0,0,0,0,178.0,2.0,180.0,5.098795859801994,13.262695496844104,442.6128200920864,0.0,0.36097903729400577,4.795677228272861,0.01818245282890613,0.23819875962217898,0.49670648214805996,5853.256983240223,64.2542686383331,6.820396291678834,0.07935341834643701,0.02864492056068536,0.0793534183464371,1.8038292786649253
Track_8504,117,117,56,1,0,0,0,5,60.0,4.0,64.0,10.113704559776172,808.927275338564,143.49214973763412,0.0,0.9355107070000904,3.203749540164526,0.2266774507646392,0.7344859345911737,0.6504629965589315,2225.3571428571427,53.19272202210103,10.28083163396972,0.19013323957315123,0.1685617426629362,0.18018152160274517,1.3241662959943254
Track_8505,118,118,144,1,0,0,0,1,144.0,3.0,147.0,11.12794953161344,589.1363355651943,210.88561755003292,0.0,0.34435100278744607,3.764093358525582,0.013184697847779616,0.14629797175163486,0.554060133532891,2013.1805555555557,49.471310684851005,11.197956283739755,0.22493743095876811,0.07727742730287111,0.22441470092239382,1.704811050089297
Track_8506,119,119,367,2,0,0,0,1,368.0,2.0,370.0,26.117290327157917,543.0321767541928,451.80113680037203,0.0,0.7374517660882084,13.002810888939486,0.016278355207408227,0.4573156317461704,1.005415800155977,2598.299727520436,271.57391774638694,32.213037893676265,0.09617009815923454,0.07097089762814651,0.09623801974820616,1.686151124240624
Track_8507,120,120,11,1,0,0,0,1,11.0,4.0,15.0,3.103754021519527,765.9676116837621,152.9643380371347,0.0,0.790540344573791,1.9435345258692547,0.19180466516231376,0.6011793525119273,0.5754875032846627,2305.818181818182,8.46227248857964,3.1060772479331944,0.36677547617477874,0.28215945650177515,0.35691974285499317,1.2316857112049848
Track_8508,121,121,5,0,0,0,0,0,4.0,3.0,7.0,6.47947558672036,408.3819784785377,65.3077732785603,0.0,1.9095399038891072,2.4684150195771166,1.1125820278545169,2.2263257736568676,0.5927424167449494,1160.6,7.638159615556428,6.511398042083879,0.8483032448711587,1.61986889668009,0.8483032448711586,0.6290334223007673
Track_8509,122,122,23,2,0,0,0,2,25.0,4.0,29.0,2.936356486706741,65.75314211828481,222.92681248444313,0.0,0.2197014059419171,0.7338525959544334,0.016410350451497906,0.18697714342397956,0.1978254317312503,794.2608695652174,5.074762958911621,2.936356486706741,0.5786194371010579,0.11745425946826965,0.5346085928067354,1.0162787510303979
Track_8510,123,123,351,6,0,0,0,8,365.0,5.0,370.0,3.2356483168523935,73.42673040341842,489.16906953919306,0.0,0.1401054355819642,0.8283947777845679,0.0037357903471927686,0.11816873973278368,0.1092978639871855,681.4558404558404,50.76764612180914,9.876503837705577,0.0637344561748826,0.00886478990918464,0.06327227685608657,1.6766434237320544
Track_8511,124,124,368,1,0,0,0,1,368.0,2.0,370.0,4.613235319137578,382.1134266261382,380.8630809894194,0.0,0.29206931204706627,1.0464289628553516,0.02677589558485624,0.25174780975482786,0.18190562086208553,1795.5298913043478,107.27562244922879,10.573063919343227,0.04300357540522239,0.012535965541134723,0.042921200633069534,1.900221836444952
Track_8512,125,125,2,0,0,0,0,0,1.0,5.0,6.0,4.85856141880363,600.2347838299551,78.06581328813402,0.0,4.85856141880363,4.85856141880363,4.85856141880363,4.85856141880363,NaN,4015.0,4.85856141880363,4.85856141880363,1.0,4.85856141880363,1.0,NaN
Track_8513,126,126,89,1,0,0,0,3,91.0,3.0,94.0,7.063133619005652,613.0135330873819,347.4551086766202,0.0,0.3756498636408171,1.9516222809341814,0.016334122951138664,0.32274655780937644,0.2760150592298374,3849.325842696629,33.33996427357233,7.16412452162382,0.2118518652584281,0.07761685295610607,0.2066202079879377,1.731674934646477
Track_8514,127,127,3,0,0,0,0,0,2.0,3.0,5.0,2.1295563073876576,376.0352726432925,67.73561475674408,0.0,1.187015797235366,1.5196051346218775,0.8544264598488546,1.5196051346218775,0.4703523516326856,608.0,2.374031594470732,2.1295563073876576,0.897021047380973,1.0647781536938288,0.897021047380973,0.9569602099342673
Track_8515,128,128,31,5,0,0,0,3,38.0,2.0,40.0,12.229642422090533,660.7906111904388,414.7536293570163,0.0,1.2393677737567,9.04238719564117,0.12046427815029302,0.5906087795722317,1.7518255812166774,6543.903225806452,49.86366227892965,13.70745351261864,0.24526161663938353,0.32183269531817194,0.2596748940329885,1.3893398338994276
Track_8516,129,129,134,6,0,0,0,4,144.0,2.0,146.0,14.617253156669124,188.0427149621343,438.9153832638066,0.0,0.7229367858689177,5.307400246693559,0.033875579261823885,0.4023941949700786,0.8770370883903623,2603.708955223881,99.70041649611188,14.617253156669124,0.14661175620303618,0.10150870247686891,0.14041158848330396,1.6297524369236256
Track_8517,130,130,62,3,0,0,0,3,66.0,6.0,72.0,5.34946787095287,706.1202792248955,339.0163346918694,0.0,0.2717339717222549,0.9734428200957415,0.0066619739382462635,0.1999324847797863,0.2315449105464087,2370.7419354838707,16.811486084863557,5.34946787095287,0.3182031525320854,0.08105254349928591,0.2982790226248614,1.5919837663212564
Track_8518,131,131,335,12,0,0,0,5,364.0,6.0,370.0,25.899863933153746,33.90974432870679,493.6224511371229,0.0,2.963407256427313,21.35910252852142,0.04541441521773813,1.676364782937345,3.4144443353627967,4218.564179104477,1055.5847858251554,53.56829886743457,0.024536033752047406,0.07115347234382897,0.02401069653504584,1.754347901365293
Track_8519,132,132,365,0,0,0,0,0,364.0,6.0,370.0,6.138198901840733,483.76849463338056,505.9654291867025,0.0,0.26420858494662547,2.0741806645662613,0.019349089694943526,0.2114005134697165,0.222317052723539,4671.0191780821915,96.17192492057167,11.225912028751742,0.06382526820493889,0.016863183796265748,0.06382526820493888,1.7642267014210313
Track_8520,133,133,27,1,0,0,0,1,27.0,8.0,35.0,4.1006096832752945,779.0798509621432,407.82401943456404,0.0,0.8368690548979657,1.991339720544275,0.10973931472324569,0.7896258798106804,0.5392907469682129,1184.4814814814815,22.12496414592359,4.1006096832752945,0.18533859111499668,0.1518744327138998,0.18147932681346057,1.69062018252867
Track_8521,134,134,37,1,0,0,0,2,38.0,6.0,44.0,3.8539730401839574,492.2058548837511,529.3218248509762,0.0,0.3542673716411625,0.9235746354407721,0.014507451283899839,0.3000469661510813,0.21021143209873422,2271.3783783783783,12.948626554638361,4.252252756045488,0.29763566227828353,0.10142034316273572,0.2862819194804776,1.4136814806053035
Track_8522,135,135,365,0,0,0,0,0,364.0,6.0,370.0,15.292687599518604,623.2581383393905,85.89037291240992,0.0,0.45116402550190776,5.492937476473555,0.0047017748145486435,0.2589794469431216,0.5784852582021035,5226.665753424658,164.22370528269448,15.292687599518604,0.0931210727050263,0.04201287802065551,0.09312107270502634,1.7454187580823806
Track_8523,136,136,364,0,0,0,0,0,363.0,7.0,370.0,17.72937145484074,783.1623409197488,613.6600543172672,0.0,0.3000154227232074,4.446673016530026,0.014555922684291294,0.23053738052402692,0.4303279529367233,4490.711538461538,108.90559844852432,19.05558243511203,0.162795776410161,0.04884124367724722,0.16279577641016105,1.8494470465859438
Track_8524,137,137,86,2,0,0,0,8,94.0,7.0,101.0,6.71525236863545,836.4808404469691,637.8553194794381,0.0,0.1513081516293923,0.7076371672603432,0.0029151638867259454,0.11146428990534148,0.1412199363434557,4823.418604651163,13.907686422752432,6.965530205407658,0.48284467772077166,0.07143885498548351,0.4721414822412396,1.5894185850954141
Track_8525,138,138,36,1,0,0,0,4,39.0,7.0,46.0,7.102832891546905,42.033567156481126,400.1512381078632,0.0,0.45462896257722096,2.02326230343367,0.06967740203508373,0.3973576549460123,0.3600627993885074,4782.222222222223,17.77823248985405,7.1213867781357045,0.39952413129935477,0.1821239202960745,0.40059902753146714,1.112179012997644
Track_8526,139,139,3,0,0,0,0,0,2.0,2.0,4.0,5.885773541062718,199.38378657005012,311.5086715683253,0.0,3.7385493752241903,6.209306087446424,1.267792663001957,6.209306087446424,3.494177651749041,2894.6666666666665,7.477098750448381,5.885773541062718,0.7871734395255598,2.942886770531359,0.7871734395255598,1.9290436067615098
Track_8527,140,140,2,0,0,0,0,0,1.0,2.0,3.0,0.4161895709644055,148.69690880981634,310.03763791299923,0.0,0.4161895709644055,0.4161895709644055,0.4161895709644055,0.4161895709644055,NaN,1550.5,0.4161895709644055,0.4161895709644055,1.0,0.4161895709644055,1.0,NaN
Track_8528,141,141,3,0,0,0,0,0,2.0,2.0,4.0,3.8893529260146082,481.98426770274,492.08727097079395,0.0,2.793802527487764,4.541283746052501,1.0463213089230277,4.541283746052501,2.471311639286513,1446.6666666666667,5.587605054975528,4.541283746052501,0.696067973263662,1.9446764630073041,0.696067973263662,2.3371982546036065
Track_8529,142,142,3,0,0,0,0,0,2.0,10.0,12.0,3.492860726792831,455.9906863452456,497.2961792245872,0.0,2.3671556327057974,2.7759914755020367,1.9583197899095577,2.7759914755020367,0.5781811936666766,3377.6666666666665,4.734311265411595,3.492860726792831,0.7377758941012862,1.7464303633964156,0.7377758941012862,1.5101542019640284
Track_8530,143,143,16,0,0,0,0,0,15.0,10.0,25.0,10.373050207904232,672.4740902521044,406.5641264843184,0.0,1.4438515606056292,5.270902441778152,0.12679054070909848,1.0057637519358578,1.441833918688487,2545.5,21.657773409084438,12.193823625386356,0.4789527534512488,0.6915366805269488,0.4789527534512488,1.742605904204748
Track_8531,144,144,9,1,0,0,0,6,14.0,11.0,25.0,1.2468696522462823,146.77779178744524,225.3007047927712,0.0,0.3086676703340672,0.8135986399081286,0.04602453074557294,0.2900497821038891,0.23050239344571227,432.3333333333333,2.7454885471459756,1.2844022125616474,0.4541521958058954,0.08906211801759159,0.28853724110853834,1.8275983398370077
Track_8532,145,145,5,0,0,0,0,0,4.0,11.0,15.0,5.772447633852409,152.71386588027923,244.726638841048,0.0,3.2018575970855907,5.427239759156876,0.5812897671675484,4.333629163412297,2.132538954912004,4874.2,12.807430388342363,5.772447633852409,0.45071083416597235,1.4431119084631023,0.45071083416597235,1.3605482073883148
Track_8533,146,146,22,1,0,0,0,3,24.0,10.0,34.0,1.3270973626098075,7.754978521663026,61.917129455020785,0.0,1.1240527731287777,3.417903773017208,0.17350592333689943,0.960553407355,0.8422565015340562,3423.0,24.13130764542639,5.841565330481259,0.05499483832826326,0.05529572344207531,0.049193173811724875,1.9614359482628507
Track_8534,147,147,40,2,0,0,0,1,41.0,10.0,51.0,5.199140625043911,63.79082548579778,583.9549915049081,0.0,0.33183313896497124,1.3035971098073469,0.02210511503379451,0.2256688457213526,0.2747783672904125,1253.75,14.3266819662114,5.215983043652731,0.3628991442195593,0.12680830792790027,0.38214479820620423,1.5204092076231617
Track_8535,148,148,27,0,0,0,0,0,26.0,10.0,36.0,6.770795988462615,349.1912499507699,419.7611708574418,0.0,0.757140239092721,1.8353302081406109,0.2933742882681166,0.6302988746883011,0.4220813412445951,1312.6666666666667,19.68564621641074,6.770795988462615,0.34394583312272525,0.2604152303254852,0.3439458331227251,1.6056864460018485
Track_8536,149,149,340,3,0,0,0,8,359.0,11.0,370.0,28.780911854398045,298.41928003933856,256.6472683013698,0.0,1.4196724049270482,16.33797036087973,0.05687093670737622,0.5401952059275865,2.4816599417548035,4143.358823529412,500.0858352184433,52.59802991222563,0.05755194374147032,0.08016967090361572,0.05647054251768411,1.7979609610633718
Track_8537,150,150,19,4,0,0,0,2,25.0,10.0,35.0,4.508718816494206,820.5374655116366,426.1012422542988,0.0,0.3528343607769295,1.0197777830785675,0.022003300294147425,0.24754435324416876,0.25801126658540596,619.3157894736842,8.417897825533755,4.508718816494206,0.535611017137562,0.1803487526597682,0.5111428270836386,0.9871304815048378
Track_8538,151,151,12,4,0,0,0,3,17.0,10.0,27.0,2.792616547531299,39.397905920252725,473.6641723224863,0.0,1.6587244733672355,2.8209758268945158,0.3986827452184507,1.790532306675699,0.8055075443771545,2847.6666666666665,24.806566779743143,4.45169396048714,0.11257569708564948,0.1642715616194882,0.0990348694174714,1.8012743169427474
Track_8539,152,152,237,6,0,0,0,8,259.0,10.0,269.0,3.1405997676940407,231.6914869511163,320.6446364843968,0.0,0.2173224187757413,4.443789130659525,0.016273258002015387,0.1617862890567355,0.3270519081833179,1221.9535864978902,71.9735600886402,12.46880810246153,0.04363546507670573,0.01212586782893452,0.05579667250734684,1.580524618353449
Track_8540,153,153,127,6,0,0,0,3,135.0,12.0,147.0,9.100559211681068,152.7422621388001,444.26142128677026,0.0,0.22178452772284205,1.0645983264687584,0.010622360592162984,0.16250827095097642,0.18359272008375224,3003.9212598425197,28.65060151836303,9.201202920118142,0.3176393768154657,0.06741154971615605,0.30395064258223814,1.5456241262494803
Track_8541,154,154,27,2,0,0,0,1,28.0,12.0,40.0,21.32069853395985,132.88699695642038,91.36888169232952,0.0,1.2656220175403579,3.601497929235421,0.17204921432768866,0.7853422589867532,1.0455962609792584,1291.037037037037,36.3410126543823,21.32069853395985,0.586684216445158,0.7614535190699946,0.6016437044527898,1.2719717494612266
Track_8542,155,155,21,2,0,0,0,3,26.0,13.0,39.0,4.125770014457245,398.4243568769386,194.23478785630925,0.0,0.32437493713830257,0.6942118010832722,0.02349119797531417,0.32824588737031607,0.19744371616333295,661.7142857142857,6.829143796981521,4.125770014457245,0.6041416225970866,0.15868346209450943,0.4891976658074916,1.1501011294343566
Track_8543,156,156,358,0,0,0,0,0,357.0,13.0,370.0,10.300360712725364,707.1966411319797,204.53007612963623,0.0,0.32293306931990295,1.889941515241697,0.013476338164921256,0.2387448076591574,0.2722331390809848,5922.600558659218,115.28710574720544,16.904594271679084,0.08934529708215044,0.028852551016037436,0.08934529708215051,1.732284748315268
Track_8544,157,157,11,1,0,0,0,3,13.0,13.0,26.0,0.5220432184213365,185.90393568074782,45.24113061054763,0.0,0.21900588517993716,0.40672854511388157,0.009658935918132132,0.23710423598469102,0.1462010406243416,492.3636363636364,2.4583431861179834,0.6406027002876858,0.21235571232253578,0.040157170647795115,0.18336114855909755,2.1671169364987524
Track_8545,158,158,23,2,0,0,0,1,24.0,13.0,37.0,3.9090536505998705,68.91425886443642,470.19506713866116,0.0,0.24463093292538485,0.6831488255826568,0.025839472885729648,0.15213214853943363,0.2034977897735047,1498.2173913043478,5.50537529585789,3.9090536505998705,0.7100430834462724,0.16287723544166127,0.665808013295443,0.7793460813736812
Track_8546,159,159,18,4,0,0,0,2,22.0,13.0,35.0,8.619581129354293,148.76136724213413,480.9689748750346,0.0,0.7825129031326331,3.3731977210836046,0.07810980314055863,0.48381558431963234,0.8467077731498923,770.6111111111111,15.125219732880947,8.619581129354293,0.5698813823257095,0.3917991422433769,0.500693522975644,1.0325821736038914
Track_8547,160,160,18,3,0,0,0,4,24.0,14.0,38.0,3.9093160696457545,199.72856967445065,238.65171212841824,0.0,0.844943530211278,2.5440508335933054,0.027791007986819355,0.7639840419321318,0.6275641750163116,1970.8333333333333,16.54814778090958,3.9305445073073093,0.23623889038238188,0.1628881695685731,0.1927799477059052,1.639193810240144
Track_8548,161,161,25,2,0,0,0,8,37.0,14.0,51.0,4.543550323547987,233.16959023105767,308.803847001637,0.0,0.27475092694866965,0.9395201756640317,0.04269352399249336,0.21978220526963835,0.22590461039478466,1170.0,7.334806307090087,4.543550323547987,0.6194506212326327,0.12279865739318885,0.4469453797916784,1.1212952388161428
Track_8549,162,162,2,0,0,0,0,0,1.0,15.0,16.0,0.18195914458248796,314.4398625015782,589.8696454812998,0.0,0.18195914458248796,0.18195914458248796,0.18195914458248796,0.18195914458248796,NaN,897.0,0.18195914458248796,0.18195914458248796,1.0,0.18195914458248796,1.0,NaN
Track_8550,163,163,11,3,0,0,0,5,21.0,16.0,37.0,3.4628070144113754,584.642660559726,115.21164797240557,0.0,0.8522812233087933,1.7219094712636773,0.12227556665853123,0.861185487176877,0.5115598136977696,1400.8181818181818,10.948545449596885,4.0304008512642415,0.3162800967811549,0.1648955721148274,0.19347554258517724,1.2503147580969132
Track_8551,164,164,6,0,0,0,0,0,5.0,16.0,21.0,1.216267571867273,443.34889095631985,29.191492273891384,0.0,0.3668536472197871,0.5244995260523528,0.20832153444395474,0.35938183229001835,0.15479337016371808,1513.8333333333333,1.8342682360989355,1.216267571867273,0.6630805396565079,0.2432535143734546,0.6630805396565079,2.0400679658282095
Track_8552,165,165,330,9,0,0,0,7,354.0,16.0,370.0,55.30133766554503,773.2261382063424,338.07051731574063,0.0,2.798891443535379,18.91629422730786,0.06370754446212552,1.5577484885645794,3.086777639546938,2513.339393939394,982.591302994603,71.56617674153068,0.05628111860649023,0.1562184679817656,0.055814407644349556,1.6558077016397805
Track_8553,166,166,4,1,0,0,0,1,4.0,13.0,17.0,0.9614018204139524,639.9319646630937,179.0749559859529,0.0,0.5460116847117775,0.8699362713149762,0.12705309793165148,0.641045684888705,0.380450322928291,1056.25,2.2790807390240375,1.0855718948356288,0.4218375435113589,0.2403504551034881,0.4401928783453812,1.6407378351574011
Track_8554,167,167,355,0,0,0,0,0,354.0,16.0,370.0,9.448096177959593,158.7745715767172,228.25974973678387,0.0,0.3199140666031013,3.8211298780151197,0.011386505735208132,0.18084684269596515,0.4327223866748085,7711.684507042253,113.2495795774978,15.240896457876065,0.0834272075287853,0.026689537225874558,0.08342720752878525,1.8511280898760112
Track_8555,168,168,17,3,0,0,0,8,30.0,16.0,46.0,3.9166245734203566,379.3020627520392,70.69298554320208,0.0,1.0878543079489396,2.083683508973148,0.145194104082006,1.3108657115940727,0.6875264790979752,619.4117647058823,21.201177862526453,4.290079920173162,0.18473617828295646,0.13055415244734522,0.12001069581964005,1.8067558966892883
Track_8556,169,169,2,0,0,0,0,0,1.0,13.0,14.0,0.7275333525295477,153.16480646614903,315.00409196040016,0.0,0.7275333525295477,0.7275333525295477,0.7275333525295477,0.7275333525295477,NaN,1568.0,0.7275333525295477,0.7275333525295477,1.0,0.7275333525295477,1.0,NaN
Track_8557,170,170,128,2,0,0,0,1,129.0,18.0,147.0,33.59304593787683,265.9622753093301,446.98361457080455,0.0,0.6793930974954683,9.043439704729229,0.013039963481310493,0.25746509790280897,1.5337274340908242,1837.8359375,87.92520864373259,34.37704191958212,0.3820638751509108,0.26041120882075064,0.3832997564749142,1.5688964631708124
Track_8558,171,171,16,1,0,0,0,3,18.0,18.0,36.0,3.9157725219404056,62.324135933047714,632.7353215381027,0.0,0.49274252164390997,0.9370051606537227,0.02419846615365283,0.47933045416570214,0.23878766538725596,841.75,7.4637332231196085,4.110558844116001,0.5246399361931822,0.21754291788557809,0.44149410357320396,1.557423656930022
Track_8559,172,172,15,1,0,0,0,3,17.0,19.0,36.0,5.501690915183538,201.63267446482712,566.4326062028733,0.0,0.6295611623463857,1.8011497671036516,0.2807438697976868,0.5150455320913473,0.4054979908140949,5333.466666666666,10.070785044933869,5.732596992705066,0.5463020897215134,0.3236288773637375,0.5140547046415108,1.2635450675683078
Track_8560,173,173,6,0,0,0,0,0,5.0,22.0,27.0,2.6838149275911043,428.4260296310422,379.16744214141914,0.0,2.5627649353782584,3.739272012635188,1.7065191714745438,2.2873378273391274,0.7692998133875152,981.6666666666666,12.813824676891292,4.480042034428167,0.20944682756828645,0.5367629855182209,0.20944682756828645,2.1341536500230074
Track_8561,174,174,12,2,0,0,0,3,15.0,21.0,36.0,3.8899135749824656,439.2611397933669,503.8829936959657,0.0,0.3494209696767362,0.7061341238946496,0.056789887337755675,0.385873175108917,0.23485304772317558,483.6666666666667,4.678392463321752,3.8899135749824656,0.8314637144017091,0.2593275716654977,0.7421637342069435,1.1277498128044612
Track_8562,175,175,6,0,0,0,0,0,5.0,27.0,32.0,3.2386470830877867,256.13093471903363,117.17322568520883,0.0,0.7287808329141199,0.9195117706530965,0.44511109218631384,0.8595687542491078,0.21465811470330567,659.1666666666666,3.6439041645705994,3.2386470830877867,0.8887849232087122,0.6477294166175573,0.8887849232087122,0.704861684007047
Track_8563,176,176,18,2,0,0,0,8,28.0,25.0,53.0,4.985031322531025,170.73014694924316,370.11518831338714,0.0,0.324013297232619,0.7555473480180794,0.047789446899507565,0.24702490771983815,0.23854612527791233,540.7222222222222,6.583176898478874,4.985031322531025,0.7572379414083312,0.1780368329475366,0.5494738471172019,1.2945440998576263
Track_8564,177,177,12,0,0,0,0,0,11.0,24.0,35.0,3.603095986605111,162.00477791861292,377.31358443105916,0.0,0.3637857823306012,0.673554233544337,0.026182777461342444,0.4196923026070843,0.22322971300498323,770.1666666666666,4.001643605636613,3.603095986605111,0.900404019370911,0.32755418060046465,0.900404019370911,0.9737806061612228
Track_8565,178,178,6,1,0,0,0,3,8.0,27.0,35.0,3.534049140726015,260.0972331653436,459.39161006014825,0.0,0.40078974403388296,0.6187403044118974,0.16010024986721044,0.418943462894299,0.19246885813556738,558.0,3.6500183175070555,3.534049140726015,0.9682277822484334,0.44175614259075185,1.1022141887777588,0.492891732442618
Track_8566,179,179,2,0,0,0,0,0,1.0,19.0,20.0,1.1270537938411338,189.07876558600907,483.87818489937837,0.0,1.1270537938411338,1.1270537938411338,1.1270537938411338,1.1270537938411338,NaN,526.5,1.1270537938411338,1.1270537938411338,1.0,1.1270537938411338,1.0,NaN
Track_8567,180,180,4,0,0,0,0,0,3.0,28.0,31.0,1.906141638342627,691.4012969224589,211.89998810883495,0.0,0.65686174662269,0.8036632190084572,0.5720750875043278,0.5948469333552853,0.1276426396696527,555.0,1.9705852398680703,1.906141638342627,0.9672972271274306,0.635380546114209,0.9672972271274307,0.5190835380949463
Track_8568,181,181,7,0,0,0,0,0,6.0,28.0,34.0,1.5229589942752015,440.1586511708465,347.9272384258806,0.0,0.5915782664081704,1.2342593350639306,0.10226379282027975,0.580866717558861,0.37680964300942504,1386.857142857143,3.549469598449022,1.5229589942752015,0.42906663996803196,0.2538264990458669,0.4290666399680319,1.4608350768749976
Track_8569,182,182,8,1,0,0,0,1,8.0,28.0,36.0,3.368738890833576,557.8735559022797,626.1274892505608,0.0,0.4498275923379229,0.71674756117761,0.20177626857750486,0.48452062710334265,0.16389048595995634,1161.875,3.642180807728243,3.368738890833576,0.9249235742732874,0.421092361354197,0.9361194567136752,0.6386385418142565
Track_8570,183,183,7,1,0,0,0,1,7.0,28.0,35.0,2.370645381133184,65.57639118253641,501.91306546418974,0.0,0.42374027812930676,1.0754609358678464,0.15799541357573266,0.33013211444219825,0.33870021924677135,592.8571428571429,3.0262474653971565,2.370645381133184,0.783361376833757,0.3386636258761691,0.7992245329409634,1.1114474009257929
Track_8571,184,184,4,0,0,0,0,0,3.0,32.0,35.0,3.9145688001457275,780.5782096275674,367.1723986522215,0.0,1.3938305992122846,1.9483206410137748,0.544961690430353,1.6882094661927263,0.7465576160211395,2669.0,4.181491797636854,3.9145688001457275,0.9361656053846676,1.3048562667152426,0.9361656053846678,0.7670231179193623
Track_8572,185,185,2,0,0,0,0,0,1.0,33.0,34.0,0.22468327989370962,621.822204268308,496.43245245887186,0.0,0.22468327989370962,0.22468327989370962,0.22468327989370962,0.22468327989370962,NaN,585.0,0.22468327989370962,0.22468327989370962,1.0,0.22468327989370962,1.0,NaN
Track_8573,186,186,3,0,0,0,0,0,2.0,33.0,35.0,3.6588671602994745,689.2561748193453,483.706354699206,0.0,1.922875019295804,2.18041862990572,1.6653314086858877,2.18041862990572,0.36422166702707875,586.0,3.845750038591608,3.6588671602994745,0.951405349693353,1.8294335801497372,0.951405349693353,0.6319453497950429
Track_8574,187,187,3,0,0,0,0,0,2.0,34.0,36.0,0.3891528496514187,107.01205803973073,402.2885733334186,0.0,0.19742127375094526,0.21072947041602696,0.18411307708586355,0.21072947041602696,0.018820632214486942,567.3333333333334,0.3948425475018905,0.3891528496514187,0.9855899576008977,0.19457642482570936,0.9855899576008977,0.34072121372632064
Track_8575,188,188,15,0,0,0,0,0,14.0,40.0,54.0,0.8800044549241944,129.51767265033502,44.376579502841786,0.0,0.1027517476561781,0.18405948737434244,0.031088244378798372,0.09499890441729736,0.038786015750593636,1678.8666666666666,1.4385244671864932,0.9519662771683653,0.6117410409051519,0.06285746106601389,0.6117410409051519,1.4052359647785517
Track_8576,189,189,15,0,0,0,0,0,14.0,42.0,56.0,0.8198382419194993,252.99345715727245,115.23829620962486,0.0,0.2323693430476467,0.41254656748662916,0.0356616614821821,0.23633646619255758,0.11440046400514282,546.2,3.2531708026670536,0.9339535641410247,0.25201204967392726,0.05855987442282138,0.25201204967392726,2.133127802484318
Track_8577,190,190,2,0,0,0,0,0,1.0,31.0,32.0,0.47442183172760893,305.1976940175183,124.29029142788116,0.0,0.47442183172760893,0.47442183172760893,0.47442183172760893,0.47442183172760893,NaN,1213.0,0.47442183172760893,0.47442183172760893,1.0,0.47442183172760893,1.0,NaN
Track_8578,191,191,8,0,0,0,0,0,7.0,47.0,54.0,15.016276244908425,787.5333799385108,353.8565590066934,0.0,8.863444715574197,15.9438531773304,3.286881111560093,8.855216523819992,5.1992106198782455,3337.875,62.04411300901937,15.016276244908425,0.24202580255640863,2.1451823207012035,0.24202580255640857,1.6069176033383066
Track_8579,192,192,7,2,0,0,0,6,13.0,49.0,62.0,3.325101199079939,425.4187407613637,380.15186497675046,0.0,0.9412043546629225,2.277736431240879,0.14230561387830662,0.9011497225605074,0.7605332753879926,2143.0,6.814852028507959,3.325101199079939,0.48791979417459713,0.25577701531384145,0.27175502753112946,1.5142705280444075
Track_8580,193,193,6,0,0,0,0,0,5.0,50.0,55.0,4.802221694321262,288.3691725791061,239.40487822138388,0.0,1.375772652252068,2.7029567389306925,0.590199837081786,0.6403066432599214,1.0535373395825844,1316.3333333333333,6.87886326126034,4.802221694321262,0.6981126840194527,0.9604443388642524,0.6981126840194528,2.104503679009956
Track_8581,194,194,4,0,0,0,0,0,3.0,51.0,54.0,9.839054838529014,7.593256183081914,59.54094629300564,0.0,3.28185039870048,6.977798343773878,0.22179499847437936,2.6459578538531834,3.422596207101969,3361.75,9.845551196101441,9.839054838529014,0.9993401732982711,3.279684946176338,0.9993401732982712,0.08735437775213181
Track_8582,195,195,2,0,0,0,0,0,1.0,37.0,38.0,2.901932091066249,423.8891282333895,377.56814136619823,0.0,2.901932091066249,2.901932091066249,2.901932091066249,2.901932091066249,NaN,2035.5,2.901932091066249,2.901932091066249,1.0,2.901932091066249,1.0,NaN
Track_8583,196,196,309,3,0,0,0,6,316.0,54.0,370.0,32.89417016243936,12.760705594261669,347.04516365157326,0.0,0.5450948872259499,4.1527614992478314,0.03741778633013507,0.40013053850271246,0.5266402896201593,1406.7540453074434,174.41163948644405,33.94387087747562,0.18860077377459675,0.10409547519759291,0.19096762350376587,1.9434968533494712
Track_8584,197,197,4,1,0,0,0,5,8.0,51.0,59.0,0.6018494077614513,138.23499516608584,84.50497559335074,0.0,0.3603085021551774,0.8007990648109937,0.10419638886402292,0.1759300527905157,0.3831584286906761,1131.0,1.6019074507856468,0.8007990648109937,0.3757079770534044,0.07523117597018142,0.2087965605035346,1.4743459723749326
Track_8585,198,198,8,2,0,0,0,4,15.0,57.0,72.0,1.1647398391173633,311.36342148789015,186.60580643565552,0.0,0.14339364505373853,0.2764137734101475,0.032226703265406983,0.11895537614238186,0.07897605840667744,730.625,2.0649107717403763,1.1647398391173633,0.5640630360679854,0.07764932260782423,0.5415116031029422,1.355586586983349
Track_8586,199,199,25,5,0,0,0,7,46.0,58.0,104.0,0.8836250767053516,377.2102522364469,69.00603538653222,0.0,0.7660818978422336,2.1766964738396353,0.050490111019404205,0.6969311124938081,0.5198895659680841,541.64,24.821482995923315,2.385982292902355,0.035599205609531004,0.019209240797942426,0.025074656968201024,1.5586269611529815
Track_8587,200,200,2,0,0,0,0,0,1.0,64.0,65.0,2.369935735900982,445.09156098491087,486.95339722897353,0.0,2.369935735900982,2.369935735900982,2.369935735900982,2.369935735900982,NaN,1068.0,2.369935735900982,2.369935735900982,1.0,2.369935735900982,1.0,NaN
Track_8588,201,201,2,0,0,0,0,0,1.0,64.0,65.0,0.35181545603165976,455.54258736913647,490.00945589834,0.0,0.35181545603165976,0.35181545603165976,0.35181545603165976,0.35181545603165976,NaN,779.5,0.35181545603165976,0.35181545603165976,1.0,0.35181545603165976,1.0,NaN
Track_8589,202,202,3,0,0,0,0,0,2.0,65.0,67.0,10.596808165661164,448.36479602208715,494.2083786637145,0.0,7.4824795808515745,10.967577394035205,3.997381767667945,10.967577394035205,4.928672593601105,1722.6666666666667,14.964959161703149,10.967577394035205,0.7081080577071986,5.298404082830582,0.7081080577071986,1.847744646675696
Track_8590,203,203,11,0,0,0,0,0,10.0,69.0,79.0,2.0452395000742785,93.16475028429477,389.86286202282287,0.0,0.7416066239764588,1.8431203490337347,0.1411458767723825,0.6991947096571968,0.5179013222246669,957.9090909090909,7.416066239764588,2.0452395000742785,0.27578495579068635,0.20452395000742785,0.27578495579068635,1.8489161132860508
Track_8591,204,204,16,1,0,0,0,1,16.0,71.0,87.0,0.11553045328151373,60.195253136546164,582.2291369000776,0.0,0.09239115061969874,0.1920476790915088,0.015595057554961343,0.08123917616526379,0.05528381285727268,1273.6875,1.5172743214407984,0.2810461905222938,0.07614341826585876,0.007220653330094608,0.07815308372785966,1.9483723694922834
Track_8592,205,205,2,0,0,0,0,0,1.0,75.0,76.0,0.010316936156079015,39.96331803821231,571.6448294451955,0.0,0.010316936156079015,0.010316936156079015,0.010316936156079015,0.010316936156079015,NaN,5582.5,0.010316936156079015,0.010316936156079015,1.0,0.010316936156079015,1.0,NaN
Track_8593,206,206,4,1,0,0,0,3,6.0,77.0,83.0,6.553469583708304,448.9631878166737,494.3017643805094,0.0,4.739689178124722,9.568346565847046,1.375872223956013,3.2748487445711096,4.288178760553935,2376.25,18.34668420624221,8.572365039520701,0.3572018523913207,1.0922449306180506,0.23044653131668053,1.3445381788958304
Track_8594,207,207,2,0,0,0,0,0,1.0,77.0,78.0,0.12310942629936772,435.8356735179191,502.377023123518,0.0,0.12310942629936772,0.12310942629936772,0.12310942629936772,0.12310942629936772,NaN,396.5,0.12310942629936772,0.12310942629936772,1.0,0.12310942629936772,1.0,NaN
Track_8595,208,208,2,0,0,0,0,0,1.0,76.0,77.0,0.48286197178943274,137.45990579102482,83.7624316675394,0.0,0.48286197178943274,0.48286197178943274,0.48286197178943274,0.48286197178943274,NaN,1050.5,0.48286197178943274,0.48286197178943274,1.0,0.48286197178943274,1.0,NaN
Track_8596,209,209,239,20,0,0,0,8,290.0,80.0,370.0,9.848449422787537,703.764318313266,479.83233777070706,0.0,0.894207514466712,4.113877246038041,0.05813845272169168,0.7576771694085626,0.6164645212208908,688.5983263598326,232.98444196374427,14.559370508386559,0.04227084581175638,0.0339601704234053,0.03797795240365262,1.8077022993695526
Track_8597,210,210,3,0,0,0,0,0,2.0,85.0,87.0,0.19398159676796117,230.20824944114938,307.6281002463261,0.0,0.21410991075937985,0.30877933883599434,0.11944048268276534,0.30877933883599434,0.1338827891280525,1139.0,0.4282198215187597,0.19398159676796117,0.4529953706485843,0.09699079838398059,0.4529953706485843,2.921479804361582
Track_8598,211,211,2,0,0,0,0,0,1.0,86.0,87.0,0.06963106945404622,703.4071464222188,338.07029409163977,0.0,0.06963106945404622,0.06963106945404622,0.06963106945404622,0.06963106945404622,NaN,2300.5,0.06963106945404622,0.06963106945404622,1.0,0.06963106945404622,1.0,NaN
Track_8599,212,212,2,0,0,0,0,0,1.0,71.0,72.0,0.09909915733848285,111.08534745759371,188.81478675804,0.0,0.09909915733848285,0.09909915733848285,0.09909915733848285,0.09909915733848285,NaN,623.5,0.09909915733848285,0.09909915733848285,1.0,0.09909915733848285,1.0,NaN
Track_8600,213,213,43,9,0,0,0,5,63.0,84.0,147.0,2.917445324225417,143.5801792101474,127.84169669886445,0.0,0.17323735918196503,0.6695799885190526,0.0017358916750183386,0.15988787406581073,0.14507251781149397,1486.0,8.598534650271954,2.917445324225417,0.33929564081400126,0.046308655940085985,0.2673133333292405,1.5109537421867725
Track_8601,214,214,283,1,0,0,0,1,283.0,87.0,370.0,13.958412942533377,52.24750135409295,548.5093319053793,0.0,0.3505035352581687,4.022435274238634,0.0013031830868203188,0.21553566855299228,0.4434119900517745,5281.8374558303885,98.98928368668022,14.336440722820562,0.14100933376500016,0.04932301393121335,0.14072044635693542,1.9059861231570665
Track_8602,215,215,34,0,0,0,0,0,33.0,87.0,120.0,20.647020026645052,319.11728853162845,236.8811591719075,0.0,3.5370083615875156,14.775940039330377,0.1680817919775722,2.017270861711957,3.6641578595370894,4445.058823529412,116.72127593238798,20.998074652874386,0.17689165802646858,0.6256672735346985,0.17689165802646853,1.5156630669590136
Track_8603,216,216,4,0,0,0,0,0,3.0,89.0,92.0,4.556153138871244,37.89683849936388,475.79278687521884,0.0,5.037153665943926,7.7715240842085445,3.305513468830411,4.03442344479282,2.395916030764612,2562.25,15.111460997831774,7.7715240842085445,0.30150315310511483,1.5187177129570815,0.3015031531051147,1.5163016454347467
Track_8604,217,217,3,0,0,0,0,0,2.0,89.0,91.0,0.2569869418125125,19.945102203942277,512.1706996665167,0.0,0.13830267673182575,0.24362358194488043,0.03298177151877107,0.24362358194488043,0.14894625255371313,792.3333333333334,0.2766053534636515,0.2569869418125125,0.929074360255587,0.12849347090625626,0.929074360255587,1.2147230810255258
Track_8605,218,218,2,0,0,0,0,0,1.0,83.0,84.0,1.5164964409213515,276.62257308437165,240.9703449859377,0.0,1.5164964409213515,1.5164964409213515,1.5164964409213515,1.5164964409213515,NaN,1440.5,1.5164964409213515,1.5164964409213515,1.0,1.5164964409213515,1.0,NaN
Track_8606,219,219,2,0,0,0,0,0,1.0,91.0,92.0,0.0470826163792705,435.4980234378703,502.4365159553186,0.0,0.0470826163792705,0.0470826163792705,0.0470826163792705,0.0470826163792705,NaN,447.0,0.0470826163792705,0.0470826163792705,1.0,0.0470826163792705,1.0,NaN
Track_8607,220,220,2,0,0,0,0,0,1.0,90.0,91.0,4.849764487286126,677.9638300995982,341.83692013821076,0.0,4.849764487286126,4.849764487286126,4.849764487286126,4.849764487286126,NaN,6588.5,4.849764487286126,4.849764487286126,1.0,4.849764487286126,1.0,NaN
Track_8608,221,221,9,1,0,0,0,4,12.0,94.0,106.0,5.456064701986862,648.653590298832,277.8979661419109,0.0,1.5702134457427666,3.912110140577473,0.06835194931022705,1.2716758225558142,1.2528685201391005,1290.111111111111,14.940258204793,5.456064701986862,0.3651921290246842,0.4546720584989052,0.2895606707047584,1.0197140659258463
Track_8609,222,222,115,25,0,0,0,5,161.0,96.0,257.0,2.42284272716969,138.6906877058147,83.21098379922398,0.0,0.3431949969721563,0.9467031340447656,0.05331359820542192,0.28523813531424697,0.21040907476268675,1155.4782608695652,46.581449054484914,4.155434874114227,0.05201303901765194,0.015048712591116087,0.0438488693713009,1.7577938459510976
Track_8610,223,223,43,3,0,0,0,2,46.0,96.0,142.0,6.878214784147975,285.62308276558144,238.330013982726,0.0,1.4362278460423905,6.262134290353284,0.17009946197142176,0.9737731929290211,1.3417893796542042,1423.046511627907,61.604834726683904,11.631278690297085,0.11165056792480448,0.14952640835104294,0.10411050639567508,1.566897679309344
Track_8611,224,224,6,1,0,0,0,1,6.0,96.0,102.0,1.031879700429006,277.6615612841616,240.9911645247047,0.0,0.9098150629110042,1.504601453848176,0.4951642214120942,0.6765673317660427,0.4608832475576621,818.1666666666666,5.11929599084442,1.302521631239308,0.20156671977445065,0.171979950071501,0.18902737169600325,1.8891413863631694
Track_8612,225,225,8,1,0,0,0,2,9.0,98.0,107.0,1.7693139918908,806.6842492311753,144.03086038535508,0.0,0.48843534963238416,0.8421547317344673,0.037067653085857064,0.42526534575497343,0.28516238432386876,2215.375,4.0857337030656415,2.745052605072522,0.4330468210797081,0.19659044354342223,0.4024902040595219,1.005263973751826
Track_8613,226,226,4,0,0,0,0,0,3.0,99.0,102.0,0.3645916777650018,310.3800443710545,185.948026770692,0.0,0.27104015314908264,0.5253969318572426,0.074434564016246,0.21328896357375937,0.23096139120037634,566.25,0.813120459447248,0.3645916777650018,0.448385812371328,0.1215305592550006,0.4483858123713281,1.4737053950478474
Track_8614,227,227,53,1,0,0,0,3,55.0,98.0,153.0,54.05162979133071,363.27217687574813,357.4975558484703,0.0,1.6882594908840165,5.747560520562745,0.10271124936547169,1.4643926137319412,1.2342242380862989,1068.3962264150944,91.2647397596015,54.96815771996562,0.5922509605977835,0.9827569052969221,0.5821124718110278,1.4969550260005369
Track_8615,228,228,10,2,0,0,0,4,15.0,100.0,115.0,0.9381576559280409,487.72634595683184,527.7076936167158,0.0,0.32443135196195605,0.5047053113261367,0.1359242556214323,0.3479246527974856,0.12416810264714777,2194.1,4.012967301535222,1.1976177569739086,0.23378153506736382,0.06254384372853607,0.19277990043289706,1.9754871106113883
Track_8616,229,229,7,0,0,0,0,0,6.0,107.0,113.0,0.3234540348187691,229.87773169997723,307.45853575240193,0.0,0.2809880305202632,0.5053269940169246,0.007188442448315699,0.357650198360211,0.1724787115270635,1146.7142857142858,1.6859281831215793,0.33500520265541534,0.1918551680059574,0.053909005803128185,0.1918551680059574,2.7663831442793834
Track_8617,230,230,257,7,0,0,0,1,263.0,107.0,370.0,7.10134215960376,373.49225721047645,8.978946487229594,0.0,0.3095301225096902,2.636465455200423,0.0013940127881428527,0.1705165960026725,0.36967248919758666,4522.0,79.68311009548493,10.924226463676467,0.08911979152287308,0.02700130098708654,0.0872331932290087,1.7093529690273732
Track_8618,231,231,9,2,0,0,0,2,12.0,109.0,121.0,0.3476600301994541,64.3491998277689,467.8033393685643,0.0,0.09841913448445111,0.2955810270702313,0.009149942086729047,0.05880628261865108,0.09782194392838241,1459.3333333333333,0.9200382504197416,0.38870052548460854,0.3778756264110149,0.02897166918328784,0.29437029023929256,1.7252085105101187
Track_8619,232,232,9,2,0,0,0,7,16.0,106.0,122.0,0.21751817821623737,59.947177266197095,582.1315660698933,0.0,0.09237389580476779,0.16950753048882247,0.03343303137869398,0.09616279641924515,0.04756594872639649,1242.5555555555557,1.1243189093692643,0.39662977072379374,0.1934666191270088,0.013594886138514835,0.14717238046609643,2.0278524736358903
Track_8620,233,233,18,3,0,0,0,5,28.0,114.0,142.0,2.8609320873368818,309.3788023202736,185.49303529487122,0.0,0.22600508204305322,0.6736513397115724,0.012088597873100746,0.19580150910836558,0.1526951503088424,506.27777777777777,5.470909765856162,2.8609320873368818,0.5229353452677836,0.1021761459763172,0.45209667434315914,1.193455258674651
Track_8621,234,234,5,1,0,0,0,2,6.0,121.0,127.0,0.11897518432313757,634.2778202702895,177.28450303382357,0.0,0.46463138266157755,0.7182651892912396,0.1221067807373411,0.6622137960013723,0.278391743581639,968.8,2.570405059879024,0.6994284127017202,0.04628655077761835,0.019829197387189596,0.04267726659701879,1.7906384408188216
Track_8622,235,235,12,1,0,0,0,6,17.0,125.0,142.0,2.735125217124544,94.24929429462624,387.66498385161816,0.0,0.17830034566376537,0.49759593218078685,0.021964000308631614,0.1469869480365295,0.16794625567364477,971.8333333333334,3.322137383665121,2.7820659055120323,0.8233028623599664,0.16088971865438495,0.9023522531907314,1.148644303753867
Track_8623,236,236,8,2,0,0,0,2,10.0,125.0,135.0,1.8065300793086783,255.74874337064665,457.4905251350695,0.0,0.24053482793528783,0.4748774263987315,0.030608845423849673,0.25249816525050917,0.16134516390870338,486.625,2.0997646385557243,1.8065300793086783,0.8603488439310318,0.18065300793086783,0.7510471954584046,0.9071769923219954
Track_8624,237,237,240,3,0,0,0,5,247.0,123.0,370.0,30.163649861788457,56.23489284698861,481.497923636841,0.0,0.8209689750889054,12.314910967460587,0.027062508569035432,0.5061140135515012,1.258430209312706,1578.2333333333333,211.25903344801205,32.73457831891348,0.14278040266245617,0.12212003992626906,0.14875110221192497,1.7986257753645516
Track_8625,238,238,237,5,0,0,0,5,245.0,125.0,370.0,2.839666002621001,704.5091556014902,338.0872119564571,0.0,0.12228022259409502,0.4454955535390212,0.0027398132992863212,0.10815477386180415,0.0793514357845089,2230.0042194092825,29.515280667788897,3.726802099194692,0.09621002878417592,0.011590473480085718,0.09478616602261099,1.7498187965003538
Track_8626,239,239,147,10,0,0,0,5,166.0,129.0,295.0,3.6187857106245933,231.08119385494535,307.8968823304412,0.0,0.2311843036540947,3.279098360340152,0.015692046186553496,0.1825418257342326,0.325676925046579,1102.204081632653,55.903101050620826,11.349158192432194,0.06473318371636926,0.021799913919425262,0.09429668699326138,1.702012253949214
Track_8627,240,240,15,1,0,0,0,4,18.0,129.0,147.0,13.27624990452734,656.8438589415553,264.7262591007813,0.0,3.9495195860106493,32.00915908874914,0.5088969840344248,1.294884438619998,8.233328521930789,1241.1333333333334,82.72643525934257,32.00915908874914,0.16048376631855427,0.7375694391404077,0.18674915342942142,1.6771035665634506
Track_8628,241,241,3,0,0,0,0,0,2.0,129.0,131.0,0.9902139880536388,436.2210000611239,281.3952963284521,0.0,0.5127820044670893,0.8768469672226662,0.1487170417115124,0.8768469672226662,0.5148656079137925,808.0,1.0255640089341787,0.9902139880536388,0.9655311413304397,0.4951069940268194,0.9655311413304397,0.7571789088837305
Track_8629,242,242,17,3,0,0,0,1,19.0,128.0,147.0,2.7096099706403085,198.36921711274394,400.8566817620444,0.0,0.2504504479558129,0.5249840112656222,0.0190089971085109,0.23167989547748202,0.15499229785892898,1015.4117647058823,4.49568327578918,2.7096099706403085,0.602713715450664,0.142611051086332,0.5694182312322833,1.201065757798771
Track_8630,243,243,8,0,0,0,0,0,7.0,135.0,142.0,1.6443556990468837,418.0657253354713,387.74931202475125,0.0,0.575984135280365,1.2738343321254477,0.22873947204335213,0.5310689478304942,0.3494106082019766,729.5,4.031888946962555,2.2317684764612746,0.40783754728305893,0.23490795700669767,0.40783754728305893,1.6671290447867364
Track_8631,244,244,5,1,0,0,0,2,6.0,135.0,141.0,1.1434114090526182,528.7164514163894,553.6362132168066,0.0,0.3097264011029522,0.444765547001915,0.0968591161098441,0.4201609729812899,0.16000731865586676,2989.0,1.432623836631497,1.1434114090526182,0.798123959560174,0.19056856817543635,0.6152803490332486,0.9493516938190242
Track_8632,245,245,8,1,0,0,0,1,8.0,139.0,147.0,0.4911744547527028,632.1148315103399,175.33390069061926,0.0,0.6757907250533972,1.4256745181940358,0.126009671108848,0.5020159562766595,0.48655754335725143,1076.125,5.177150675127122,1.7850299574224904,0.09487350969182334,0.06139680684408785,0.0908518045127604,1.6352700877815025
Track_8633,246,246,5,0,0,0,0,0,4.0,142.0,146.0,0.1767650590800355,156.02125041664846,373.34154250673447,0.0,0.3077794078948314,0.5906162663944688,0.0720048529691648,0.49634881315663204,0.27487394206920573,697.0,1.2311176315793255,0.5652633005253345,0.14358096622600913,0.04419126477000888,0.14358096622600913,2.051805046697481
Track_8634,247,247,2,0,0,0,0,0,1.0,141.0,142.0,0.025733689764660343,608.7047490145044,344.038468858245,0.0,0.025733689764660343,0.025733689764660343,0.025733689764660343,0.025733689764660343,NaN,3740.5,0.025733689764660343,0.025733689764660343,1.0,0.025733689764660343,1.0,NaN
Track_8635,248,248,13,3,0,0,0,5,22.0,141.0,163.0,0.8135903681040207,419.0095696487949,58.489708649409586,0.0,0.44152239543141053,0.9760806308511718,0.03184958427229599,0.4474692716333023,0.2945821253742485,1157.2307692307693,6.379114928540115,1.081568287034717,0.12753969433346046,0.036981380368364576,0.0837587872122096,1.2972313939526865
Track_8636,249,249,4,1,0,0,0,1,4.0,142.0,146.0,7.776340378204105,23.1730639182599,467.5356828586092,0.0,2.566739611834194,3.2165223280656416,1.3693579018803552,3.114338605556585,1.0382208810197548,2874.5,10.814557441059167,7.776340378204105,0.7190622843871546,1.9440850945510262,0.7574142252636922,1.1409949900630512
Track_8637,250,250,223,0,0,0,0,0,222.0,148.0,370.0,21.45856027279096,22.562981838175464,22.459184172692183,0.0,0.31773136389775186,3.7021115276243823,0.030063526868908688,0.207200491735325,0.44423091785613533,4226.735426008969,70.53636278530094,21.569086168567306,0.3042198296800003,0.0966601814089683,0.3042198296800004,1.8682969394539892
Track_8638,251,251,2,0,0,0,0,0,1.0,155.0,156.0,0.6894767336420201,801.8582428237178,160.27739060809893,0.0,0.6894767336420201,0.6894767336420201,0.6894767336420201,0.6894767336420201,NaN,901.0,0.6894767336420201,0.6894767336420201,1.0,0.6894767336420201,1.0,NaN
Track_8639,252,252,14,3,0,0,0,7,23.0,158.0,181.0,2.761787702340909,156.6714935845773,374.3653344353355,0.0,0.2653483570171057,0.7306082286446804,0.10720693538550347,0.2125651468300677,0.1702070713693527,726.5,4.777153562545218,2.761787702340909,0.578124120604877,0.12007772618873518,0.4525286213888046,0.8843467699755746
Track_8640,253,253,209,2,0,0,0,2,212.0,158.0,370.0,6.5744350661119375,146.24953277259638,128.87064162491487,0.0,0.17508815988886126,0.8063388105889053,0.0027546874487948637,0.14898301671582465,0.12151395860081066,1551.401913875598,36.56951163137851,6.652363757787661,0.17977913220122788,0.031011486160905367,0.17711926483544163,1.7855138601587068
Track_8641,254,254,3,0,0,0,0,0,2.0,158.0,160.0,4.4433483525969,34.64268566279237,480.9171421901174,0.0,2.2232480490310067,2.4113561165236828,2.035139981538331,2.4113561165236828,0.2660249802399357,1256.0,4.446496098062013,4.4433483525969,0.999292084059967,2.22167417629845,0.999292084059967,0.07553049005051489
Track_8642,255,255,213,0,0,0,0,0,212.0,158.0,370.0,5.875344114069491,714.7695004235991,183.82098737544632,0.0,0.3034174854950521,1.7253549605886052,0.008068539485556738,0.19659867992719368,0.3491038656120445,1114.8450704225352,64.32450692495107,7.0050352843772945,0.0913391239970855,0.027713887330516468,0.09133912399708555,1.8037187745035121
Track_8643,256,256,182,1,0,0,0,1,182.0,158.0,340.0,6.397686669599857,589.6847684414035,210.683741109405,0.0,0.14038653386008595,0.35991419832627675,0.005753623119421807,0.13109486567944195,0.06876859775199982,1933.8791208791208,25.451281075744678,6.447292008634975,0.25136992713883133,0.03515212455824097,0.2503952736184425,1.863255507850726
Track_8644,257,257,14,1,0,0,0,1,14.0,158.0,172.0,2.0334893232078,672.7509289758573,207.16169846475458,0.0,0.23406333708868077,0.4461273425933082,0.05608477859670991,0.2008170437202997,0.12724706011173645,1114.2142857142858,3.4488127526880796,2.0334893232078,0.5896201008949686,0.14524923737198572,0.6205552701188499,1.0661058978004896
Track_8645,258,258,214,1,0,0,0,1,214.0,156.0,370.0,7.544962556385019,410.7985265441465,212.82388915207642,0.0,0.20019558928429348,1.0913228949543163,0.008177076382561115,0.16886985016969958,0.15464352579604948,1148.3644859813085,42.689654483634854,7.6932189914694655,0.17673983656338546,0.03525683437563093,0.1761119438329056,1.823599878430475
Track_8646,259,259,213,0,0,0,0,0,212.0,158.0,370.0,6.473991183502027,244.36197142256304,500.0760818890684,0.0,0.10221167487983311,0.3259535664210157,0.004612942617016887,0.09209425877293902,0.05890949678817299,1848.1830985915492,21.668875074524617,6.473991183502027,0.29876914058696497,0.03053769426180201,0.2987691405869649,1.830059427616477
Track_8647,260,260,213,0,0,0,0,0,212.0,158.0,370.0,6.332252063346221,808.4571865872799,224.6348586619828,0.0,0.1214781796585553,0.5788169684748993,0.006432711965941545,0.10398156248404095,0.08371809203250867,3724.981220657277,25.753374087613725,6.48258909244545,0.2458804831477117,0.0298691135063501,0.2458804831477117,1.7375169672252022
Track_8648,261,261,8,0,0,0,0,0,7.0,158.0,165.0,0.8957892610857353,651.3958985698122,262.12101585770534,0.0,1.0810186905820638,2.187304889516489,0.5312749577608934,0.7772791504887091,0.6539019980303307,1192.25,7.567130834074447,2.6754486158445414,0.11837898415236021,0.12796989444081933,0.11837898415236021,1.4987656356119146
Track_8649,262,262,212,0,0,0,0,0,211.0,159.0,370.0,6.269963138055728,153.6054714074084,444.22198444132493,0.0,0.11619032715306743,0.45452088050149514,0.005919981426433175,0.10409389240243123,0.07372656286413024,2906.5754716981132,24.516159029297253,6.288241662209624,0.25574818349656686,0.029715465109268854,0.25574818349656714,1.714586578654055
Track_8650,263,263,138,13,0,0,0,6,168.0,160.0,328.0,6.343858034611139,60.218124628389084,631.6984029955345,0.0,0.12052431016983668,0.3491249750378295,0.008824756024084964,0.1125262249458565,0.06901322440848287,785.5942028985507,19.58076511581191,6.487205787964988,0.32398417513768807,0.037761059729828204,0.3133065825194706,1.6784076326004456
Track_8651,264,264,207,4,0,0,0,1,210.0,160.0,370.0,3.9400055853426585,672.6992389462544,640.0184396320191,0.0,0.27393750907523,1.0809720344080624,0.015888116391850126,0.2370677266684928,0.19776253751427453,6349.729468599034,56.82563513434035,5.938662119036888,0.06933500304973574,0.018761931358774565,0.06848982244933123,1.905102811550234
Track_8652,265,265,177,14,0,0,0,6,209.0,160.0,369.0,6.004246828408985,201.74004182569215,402.5174044973251,0.0,0.20943901583294153,0.7731776477716826,0.0018521535474321806,0.17775530539772502,0.13787116983319656,1003.276836158192,40.36774532859902,6.206599006661617,0.14873872146025463,0.028728453724444904,0.13716858633140291,1.695304437662731
Track_8653,266,266,202,1,0,0,0,8,209.0,161.0,370.0,5.227824488961996,531.4195195331918,556.6470947720438,0.0,0.2294068864404873,0.7424648361598869,0.00649993636000119,0.2068276152215648,0.13489192271082814,2787.7772277227723,47.56538684662114,6.153740240817677,0.10990816716827272,0.02501351430125357,0.1090355860251936,1.900291712997605
Track_8654,267,267,5,1,0,0,0,6,10.0,161.0,171.0,1.5499469450139156,417.85021216960905,387.62426777788073,0.0,0.34092324899285675,0.6221638958099707,0.09060274764715111,0.47262231875138455,0.24869412870253285,642.6,2.4335171985489508,1.5499469450139156,0.6369163718826859,0.15499469450139156,0.454632222822208,0.8209110747193886
Track_8655,268,268,7,2,0,0,0,5,13.0,161.0,174.0,3.191539159716021,374.44967038137514,66.68473870923685,0.0,1.1325340465022329,2.315600201424452,0.4102215437259797,1.3023284155280086,0.7233057178109246,536.5714285714286,9.974419199223096,3.7977931713821915,0.31997243107293993,0.24550301228584775,0.21677318491578232,1.1574914930403515
Track_8656,269,269,204,2,0,0,0,3,207.0,163.0,370.0,14.339592472787665,272.5819783671728,438.6703238910189,0.0,0.5946644257312409,3.3019308297556376,0.05929766293664499,0.5188695059796562,0.43591460569486246,1683.2843137254902,123.38416436446717,14.93741374642694,0.11621906706301167,0.06927339358834621,0.1164915717014059,1.9327010281212489
Track_8657,270,270,177,2,0,0,0,1,178.0,164.0,342.0,6.145287996247349,62.111454737315704,582.6902632818524,0.0,0.10584064317462707,0.39703645975386215,0.004106461805484718,0.10316573640313,0.06579616485387713,1216.4237288135594,18.98229135595716,6.2662326371072945,0.32373794506735304,0.03452408986655814,0.32618934306357766,1.754702113535445
Track_8658,271,271,190,7,0,0,0,4,206.0,164.0,370.0,6.048839620337169,219.66542200995104,316.8563253062012,0.0,0.15732314833889932,0.8521428463688723,0.014236646862622833,0.1395195659714302,0.11043724154147487,454.77894736842103,30.5672913131604,6.162667446782098,0.19788602000638866,0.029363299127850337,0.1866432208984089,1.7366750745521682
Track_8659,272,272,64,2,0,0,0,1,65.0,164.0,229.0,6.531780215131095,76.20760563906559,476.3736838952566,0.0,0.22732878621817681,0.7387132854650793,0.020071320674908043,0.18932240588743154,0.16182615422053356,356.21875,14.767364293479625,6.749781014230569,0.44231184965181186,0.10048892638663222,0.44204224224462646,1.4822515750730132
Track_8660,273,273,205,1,0,0,0,1,205.0,165.0,370.0,6.6992179933219145,97.92161776468969,388.776303577518,0.0,0.1927660851321016,0.808834204419911,0.015493122104727648,0.1661330495917088,0.1307290843985,1006.3463414634147,39.49360182785946,6.867820110383008,0.16962793169693052,0.032679112162545924,0.1695272907583878,1.8479578601975648
Track_8661,274,274,2,0,0,0,0,0,1.0,165.0,166.0,0.4346990490515276,253.9748904754132,456.72219043606185,0.0,0.4346990490515276,0.4346990490515276,0.4346990490515276,0.4346990490515276,NaN,479.5,0.4346990490515276,0.4346990490515276,1.0,0.4346990490515276,1.0,NaN
Track_8662,275,275,20,3,0,0,0,7,31.0,165.0,196.0,9.181183272614998,470.10860638834646,407.67140076548833,0.0,1.1681693200776222,2.9701117629851823,0.22300761481551049,1.0220755218672164,0.8274167665907501,1357.65,26.14349900124494,9.181183272614998,0.3511841805176038,0.2961672023424193,0.25353105688714683,1.2874058693575983
Track_8663,276,276,2,0,0,0,0,0,1.0,167.0,168.0,0.523408263216107,631.9630415652953,177.11574287647588,0.0,0.523408263216107,0.523408263216107,0.523408263216107,0.523408263216107,NaN,990.5,0.523408263216107,0.523408263216107,1.0,0.523408263216107,1.0,NaN
Track_8664,277,277,2,0,0,0,0,0,1.0,168.0,169.0,0.32427371140421024,392.21631223688206,191.54706908930697,0.0,0.32427371140421024,0.32427371140421024,0.32427371140421024,0.32427371140421024,NaN,489.0,0.32427371140421024,0.32427371140421024,1.0,0.32427371140421024,1.0,NaN
Track_8665,278,278,84,5,0,0,0,3,91.0,166.0,257.0,1.7871460818774625,8.062736677022093,157.99438572842013,0.0,0.5187337900971614,4.477587773089778,0.02158951706780226,0.31629776756842864,0.6276276216589964,3113.3928571428573,47.07895184440196,4.941683704018639,0.03796061747050062,0.019638967932719367,0.03785943446838289,1.5735624275057125
Track_8666,279,279,2,0,0,0,0,0,1.0,170.0,171.0,5.128902459508835,276.4657240132653,236.1584901205984,0.0,5.128902459508835,5.128902459508835,5.128902459508835,5.128902459508835,NaN,1272.0,5.128902459508835,5.128902459508835,1.0,5.128902459508835,1.0,NaN
Track_8667,280,280,169,15,0,0,0,8,204.0,166.0,370.0,5.683851893337142,437.7208496710665,502.9345387432091,0.0,0.1220980986838499,0.38729746326680997,0.014583226698194058,0.10352019072056262,0.07281734197725798,476.9704142011834,23.90417318584398,5.6890341459708305,0.23777655261898417,0.02786201908498599,0.22819371788195864,1.7950792011717709
Track_8668,281,281,100,4,0,0,0,8,110.0,173.0,283.0,3.378141685913229,212.3588395803673,451.5796781203613,0.0,0.1608620108513671,0.4490623436430893,0.0151297156459199,0.14392935591662323,0.09489758002739594,3961.85,17.30238752981622,4.291678166102695,0.19524136077127333,0.030710378962847538,0.1909113208290256,1.776327372809148
Track_8669,282,282,188,4,0,0,0,4,194.0,176.0,370.0,17.802629209852732,657.8597483670933,245.88790001259832,0.0,0.8507939956834353,3.1874187096084077,0.02607118696001337,0.7270635027584995,0.5546103653352611,1169.5,164.6420236325996,20.696793316428103,0.10812931484357532,0.0917661299476945,0.10785940005838848,1.8182798380064946
Track_8670,283,283,2,0,0,0,0,0,1.0,166.0,167.0,0.4501255841393751,308.03353953431736,185.01105649705016,0.0,0.4501255841393751,0.4501255841393751,0.4501255841393751,0.4501255841393751,NaN,530.5,0.4501255841393751,0.4501255841393751,1.0,0.4501255841393751,1.0,NaN
Track_8671,284,284,33,8,0,0,0,7,69.0,181.0,250.0,3.544321072611009,422.5596969073684,389.32633902230856,0.0,0.5557480501543065,1.5058675149896423,0.08875045584702417,0.5047590743362438,0.3685098102858114,628.6363636363636,23.632600063184103,4.22460113880505,0.14997592576080984,0.051366972066826215,0.09242852413528738,1.4761912901703107
Track_8672,285,285,152,2,0,0,0,2,155.0,180.0,335.0,3.8625766047865175,41.10895141321716,398.2149720482758,0.0,0.15236517847986003,0.6489035530637408,0.016548527398443955,0.1267020225004854,0.11804482935059916,4655.769736842105,23.56175462358163,4.4471486577003665,0.16393416646995732,0.02491984906313882,0.16355343991168417,1.8565931680191878
Track_8673,286,286,29,6,0,0,0,7,50.0,181.0,231.0,2.9844014773909553,311.523310516869,186.67282748341205,0.0,0.18325628079994183,0.6181132399359495,0.03142302226250409,0.15248068214134797,0.12998471668303704,515.5862068965517,7.372040527438169,3.0505460864309546,0.4048270578930273,0.059688029547819106,0.3257079609346631,1.4124786668619616
Track_8674,287,287,188,0,0,0,0,0,187.0,183.0,370.0,3.039816008941301,677.2203936323501,209.0674408300104,0.0,0.16291405886629237,0.6029201732173877,0.012976156290299723,0.13511945856844695,0.11450133865448121,1265.7606382978724,30.464929007996655,3.0421819677404476,0.09978083350016631,0.016255700582573803,0.09978083350016625,1.9353938962051205
Track_8675,288,288,151,5,0,0,0,6,161.0,185.0,346.0,2.9677257051937103,190.7722399588526,436.91272894549337,0.0,0.2808579484648042,1.3583650290195277,0.00701098609162168,0.19584458940997493,0.24611597874771785,2413.973509933775,43.12698413484496,3.843427634165445,0.06881366190398416,0.01843307891424665,0.06563132364600532,2.0256122375710715
Track_8676,289,289,168,8,0,0,0,7,184.0,185.0,369.0,2.928863736327295,612.836625299616,347.55811166254273,0.0,0.25278353449717517,1.0425761911105518,0.00896023870692693,0.22047670056301757,0.1789886513733809,3726.660714285714,43.2594507402314,2.975523778682861,0.06770459832961874,0.01591773769743095,0.06296983594716225,2.0158755080911503
Track_8677,290,290,5,1,0,0,0,3,7.0,187.0,194.0,1.6202584473881518,132.78694351659914,444.6271370380399,0.0,1.674017393099482,2.8508768608218347,0.7572631522332515,1.7980345483231883,0.8922568397269216,343.4,8.967859029097681,3.1481196466442207,0.18067394259108657,0.23146549248402168,0.13826946687540562,1.2460143148403013
Track_8678,291,291,3,0,0,0,0,0,2.0,180.0,182.0,0.4284474398729796,342.71527316308016,417.56494792080997,0.0,0.21425625173614798,0.3422490275262641,0.08626347594603186,0.3422490275262641,0.18100911940816097,1323.3333333333333,0.42851250347229597,0.4284474398729796,0.9998481640587168,0.2142237199364898,0.9998481640587168,0.04346091802119802
Track_8679,292,292,2,0,0,0,0,0,1.0,183.0,184.0,0.07706957858138981,19.60944722412863,511.8341744796536,0.0,0.07706957858138981,0.07706957858138981,0.07706957858138981,0.07706957858138981,NaN,739.5,0.07706957858138981,0.07706957858138981,1.0,0.07706957858138981,1.0,NaN
Track_8680,293,293,137,5,0,0,0,4,148.0,188.0,336.0,1.5521291286879277,154.5669271254798,304.2690870979498,0.0,0.16877823574914894,1.0350671993294653,0.016581892338254883,0.13716392159138413,0.15195369500924455,1196.8248175182482,24.08048817373187,1.7388200099163638,0.06445588301573817,0.010487358977621134,0.06213691552747503,1.9585078098450468
Track_8681,294,294,9,1,0,0,0,3,11.0,192.0,203.0,0.5560945993028755,344.25074414104773,418.4306268666621,0.0,0.10561065186785157,0.16800734209344503,0.05070662751884962,0.11829389054729755,0.04486605578067495,1303.3333333333333,0.9970050974993612,0.5757353313493394,0.5577650512496319,0.05055405448207959,0.47868329177000857,1.9131709272129422
Track_8682,295,295,3,0,0,0,0,0,2.0,192.0,194.0,0.7466493025423746,479.13965123130066,417.5344638633266,0.0,0.3735699025333029,0.5761869015413859,0.17095290352521994,0.5761869015413859,0.28654370796456685,587.6666666666666,0.7471398050666058,0.7466493025423746,0.9993434929836358,0.3733246512711873,0.9993434929836358,0.08627401981816983
Track_8683,296,296,11,1,0,0,0,2,12.0,192.0,204.0,0.8122715634053385,257.6989461383028,458.4463732140402,0.0,0.11173149378188742,0.3077404235137515,0.03262928333631588,0.12346706044788444,0.08351404580351708,504.45454545454544,1.2312137081591275,0.8122715634053385,0.6597323909102846,0.06768929695044487,0.6058211043215986,1.3733317008541228
Track_8684,297,297,4,1,0,0,0,1,4.0,192.0,196.0,0.6722008235549717,168.6697737381823,368.9793828273589,0.0,0.19422221515604038,0.2521872226570559,0.09217787904562005,0.23830154376544518,0.08864529270487269,485.5,0.6748445245137412,0.6722008235549717,0.9960825036541944,0.16805020588874292,0.8652470869706096,0.0829800379567124
Track_8685,298,298,132,3,0,0,0,3,136.0,193.0,329.0,1.6428312744431528,490.30220536313004,528.1410386323062,0.0,0.19151179842538701,1.2301270461635059,0.00836686042307723,0.15067838447627424,0.15813969729312344,2020.810606060606,25.934166514251622,2.612688445871013,0.06334621448275064,0.012079641723846712,0.06307518295564928,1.981861266234143
Track_8686,299,299,11,1,0,0,0,3,13.0,202.0,215.0,2.5202661839208282,353.415809356552,136.7908926487262,0.0,1.0282595767037153,1.952971812822767,0.33417930226135795,1.0834622704022367,0.57762262440565,631.2727272727273,12.55519993171436,3.5536015137462518,0.20073485070951763,0.1938666295323714,0.1885386082703439,1.7347933311245753
Track_8687,300,300,130,1,0,0,0,1,130.0,201.0,331.0,1.618011741067031,67.00573762427166,468.71662008658785,0.0,0.0937738128156281,0.25351421058837187,0.010574192347835503,0.08607432739566918,0.054729523835148536,1467.3538461538462,12.153987679602755,1.6864318913505114,0.13312599812672465,0.012446244162054084,0.1327262248206231,2.0133945098057406
Track_8688,301,301,45,2,0,0,0,1,46.0,202.0,248.0,37.178745180055664,825.4574384858329,378.48799885231847,0.0,2.2272564698850816,15.665682508146968,0.08131826802191437,1.5762328044010372,2.604470080497572,6123.644444444444,99.46114414682378,37.178745180055664,0.37380170416270986,0.8082335908707753,0.36288303650655784,1.7067841444797172
Track_8689,302,302,17,1,0,0,0,1,17.0,201.0,218.0,4.059674381215104,200.4783909897198,230.0881535228027,0.0,0.4570660815633835,1.1091939694617947,0.12236424776681573,0.36277847987131673,0.3073969804191368,1690.8823529411766,7.675835784885452,4.059674381215104,0.5288902075275035,0.23880437536559437,0.5224723185513346,1.477888518294696
Track_8690,303,303,170,3,0,0,0,1,172.0,198.0,370.0,25.388844767981453,28.278325760581794,293.14867657790535,0.0,2.6591069139782744,14.981291651998895,0.019897837150272893,1.9625404388064287,2.7338563467188686,4330.65294117647,460.4222951318151,55.399171550874,0.05514251815436704,0.14760956260454333,0.05551095438419418,1.5220217505474862
Track_8691,304,304,155,5,0,0,0,8,171.0,198.0,369.0,2.3317239002993277,424.15369825242414,61.20778757666409,0.0,0.1371499936653695,0.7522548716230169,0.009220510955513489,0.1205856067538146,0.0930133350643797,1121.6774193548388,22.101241645966244,2.8185162485782995,0.1055019413682985,0.01363581228245221,0.09942262422353479,1.9664565776721723
Track_8692,305,305,3,0,0,0,0,0,2.0,201.0,203.0,0.16709709968194958,128.96419822374722,44.93904356838078,0.0,0.10719867937188746,0.1872310476003149,0.027166311143460034,0.1872310476003149,0.11318286057747966,1849.6666666666667,0.2143973587437749,0.16709709968194958,0.779380402170189,0.08354854984097479,0.779380402170189,2.4556700316664974
Track_8693,306,306,7,1,0,0,0,5,11.0,201.0,212.0,0.6060198274777562,42.88613472715581,476.0866581452413,0.0,0.1955698479417535,0.36804903593927235,0.03174002863689777,0.31783760310079023,0.16650531341076036,1511.857142857143,1.3321192308350098,0.6166895256251713,0.4549291185428544,0.05509271158888693,0.2817035047513826,1.7548533019827712
Track_8694,307,307,2,0,0,0,0,0,1.0,198.0,199.0,0.854621199009856,687.8653766038865,205.92551849235645,0.0,0.854621199009856,0.854621199009856,0.854621199009856,0.854621199009856,NaN,471.0,0.854621199009856,0.854621199009856,1.0,0.854621199009856,1.0,NaN
Track_8695,308,308,22,1,0,0,0,8,29.0,207.0,236.0,12.934366359305866,10.116038743467886,438.56578019751703,0.0,1.109795719122059,3.344365183480723,0.24576247758985753,0.8387195541469884,0.7876172625693798,2783.2272727272725,25.81570879948226,13.10402187547157,0.5010269700425684,0.4460126330795126,0.4018871449894813,1.1750113156897988
Track_8696,309,309,34,6,0,0,0,2,41.0,204.0,245.0,2.0093674504515104,286.3318653512731,240.26433048725633,0.0,1.7172044322963254,6.305077164183293,0.11584174889327827,1.225666938744379,1.3936881496318465,1412.4117647058824,68.74320797769951,7.189418879635835,0.029230050641560906,0.049008962206134404,0.028539969548411512,1.533349047188508
Track_8697,310,310,13,2,0,0,0,3,17.0,206.0,223.0,0.4166546996095489,556.1481731130132,625.282269888391,0.0,0.12796520578805948,0.34233951403852275,0.020777317110989058,0.11080516596854414,0.09172726428177028,1087.3846153846155,1.8468154727275636,0.4428258516015089,0.2256071089734759,0.024509099977032288,0.1915294069672746,1.669993764117554
Track_8698,311,311,2,0,0,0,0,0,1.0,208.0,209.0,0.015699811677534054,440.39834341475677,27.324773724975735,0.0,0.015699811677534054,0.015699811677534054,0.015699811677534054,0.015699811677534054,NaN,1381.5,0.015699811677534054,0.015699811677534054,1.0,0.015699811677534054,1.0,NaN
Track_8699,312,312,6,1,0,0,0,7,12.0,206.0,218.0,1.2104778704436663,636.2728588859694,179.1813733500575,0.0,0.6134957620031178,1.0324495482877174,0.06636322260292635,0.8765112633744432,0.47197379291362634,1177.5,4.012802844555764,1.2104778704436663,0.3016539604196956,0.10087315587030553,0.16442355777804524,1.3033894225469258
Track_8700,313,313,144,8,0,0,0,3,157.0,213.0,370.0,9.363268225012208,347.7394009929432,418.7586010374825,0.0,1.0607150232368074,5.0127446632993475,0.024247098400994618,0.6723200497795323,0.9911287395271556,1357.5347222222222,156.52394480937596,12.20500146158317,0.05982003735221052,0.05963865111472744,0.05622495185628473,1.6869051979901863
Track_8701,314,314,39,10,0,0,0,8,73.0,206.0,279.0,11.308581287280354,20.20450780936548,513.0119356291223,0.0,0.8477685227922963,3.6556273952297937,0.020861280818404028,0.31752397473874927,1.006474329501982,571.8461538461538,43.37308324169295,12.271034819840143,0.26072809314164297,0.154912072428498,0.18272920999503955,1.2809316762626928
Track_8702,315,315,4,0,0,0,0,0,3.0,220.0,223.0,0.12940147484932743,481.54053404049773,19.435510091101296,0.0,0.08295883954794578,0.1546903055359938,0.031271508810309386,0.06291470429753415,0.06410440986980964,728.5,0.24887651864383734,0.1546903055359938,0.5199424821371418,0.04313382494977581,0.5199424821371418,2.6822416910096925
Track_8703,316,316,140,7,0,0,0,7,154.0,216.0,370.0,2.007501186275413,439.12374805698835,282.20786981498594,0.0,0.154816856192358,0.5655854552786643,0.01587262329454251,0.13339887148876328,0.10172509091178246,989.55,22.28924467173022,2.1704158814176444,0.09006591366559659,0.013035721988801383,0.08420092171749478,1.8824899316408006
Track_8704,317,317,74,12,0,0,0,8,111.0,217.0,328.0,0.8113672036707483,125.21995371709741,379.46745835681565,0.0,0.33494146581814255,2.547258719951792,0.00812738018688649,0.2136355983165213,0.43045103529643197,2973.5675675675675,30.628677492911528,2.15560211893082,0.02649044196761434,0.007309614447484219,0.021823557825632122,1.730508363367641
Track_8705,318,318,7,2,0,0,0,6,15.0,216.0,231.0,0.4203700790788199,129.41353120252657,45.04276198396776,0.0,0.10624760078377259,0.16687180809836372,0.018224346314129794,0.1468705083488253,0.06842703500008525,1842.0,0.8087897501795744,0.4203700790788199,0.5197519862059153,0.028024671938587993,0.26376757434383646,0.7983099561860298
Track_8706,319,319,26,3,0,0,0,7,37.0,222.0,259.0,1.4259816121150188,366.52441348630316,497.52101901932286,0.0,0.3526604758362082,0.8209712563431898,0.03347624501676893,0.28926337613407316,0.2215077972721976,876.9230769230769,10.837085757794311,2.0181781340735054,0.13158349430698343,0.03854004357067618,0.10928370546569545,1.889494607384935
Track_8707,320,320,2,0,0,0,0,0,1.0,225.0,226.0,0.5565077189188644,392.29420595484453,60.1047996389368,0.0,0.5565077189188644,0.5565077189188644,0.5565077189188644,0.5565077189188644,NaN,558.5,0.5565077189188644,0.5565077189188644,1.0,0.5565077189188644,1.0,NaN
Track_8708,321,321,3,0,0,0,0,0,2.0,227.0,229.0,2.4767002058103924,129.97729013287,441.40393101327163,0.0,1.4317734333663024,2.5137296688710022,0.34981719786160265,2.5137296688710022,1.530117182144885,383.0,2.8635468667326047,2.4767002058103924,0.864906467773787,1.2383501029051962,0.864906467773787,1.7463521057329698
Track_8709,322,322,3,0,0,0,0,0,2.0,228.0,230.0,1.4374385058387888,357.83969291266936,138.66660790078902,0.0,0.7231621181976522,1.0582829286423492,0.3880413077529553,1.0582829286423492,0.47393239516435354,551.6666666666666,1.4463242363953044,1.4374385058387888,0.9938563357144166,0.7187192529193944,0.9938563357144166,0.25045061823867987
Track_8710,323,323,2,0,0,0,0,0,1.0,229.0,230.0,0.1837307110370706,396.3137708726788,193.02946962549515,0.0,0.1837307110370706,0.1837307110370706,0.1837307110370706,0.1837307110370706,NaN,532.5,0.1837307110370706,0.1837307110370706,1.0,0.1837307110370706,1.0,NaN
Track_8711,324,324,21,4,0,0,0,2,25.0,228.0,253.0,7.103517806605504,526.8714863318133,321.879360547767,0.0,1.1757853593991554,2.9071338556266024,0.10421122716328346,0.8250301208547302,0.9148948000513807,1155.7619047619048,29.374921330603357,7.1732214563312535,0.24182253040470011,0.28414071226422016,0.2416603591742463,1.2020091761594622
Track_8712,325,325,2,0,0,0,0,0,1.0,228.0,229.0,0.2964999379624072,689.7528257588497,205.8698581928627,0.0,0.2964999379624072,0.2964999379624072,0.2964999379624072,0.2964999379624072,NaN,457.0,0.2964999379624072,0.2964999379624072,1.0,0.2964999379624072,1.0,NaN
Track_8713,326,326,3,0,0,0,0,0,2.0,233.0,235.0,1.8055918797090298,851.2968543955363,391.2758842519699,0.0,1.7529549836449019,2.6184439214370663,0.8874660458527375,2.6184439214370663,1.2239861939095629,977.3333333333334,3.5059099672898038,1.8055918797090298,0.5150137614928024,0.9027959398545149,0.5150137614928024,2.8029977952721183
Track_8714,327,327,6,1,0,0,0,7,12.0,234.0,246.0,1.6325681263818073,477.9562053595535,428.92636128285903,0.0,1.068718525061478,2.242426286734856,0.07803424862435106,1.1582941154936963,0.9300054099729619,582.5,6.785479398730326,2.2428610397337922,0.2405973153035123,0.1360473438651506,0.12729950934211093,1.4037708611995945
Track_8715,328,328,7,1,0,0,0,1,7.0,234.0,241.0,24.316882521907655,557.1118562696638,622.0636411029473,0.0,4.155449725947612,24.14480582822096,0.026411530746962314,0.17426188644561297,9.793223482178288,1135.857142857143,25.048167124306257,24.316882521907655,0.9708048657305157,3.473840360272522,0.8359721785541142,1.050519733631931
Track_8716,329,329,2,0,0,0,0,0,1.0,233.0,234.0,0.35460622266312664,822.1274910508494,400.4604355458863,0.0,0.35460622266312664,0.35460622266312664,0.35460622266312664,0.35460622266312664,NaN,618.0,0.35460622266312664,0.35460622266312664,1.0,0.35460622266312664,1.0,NaN
Track_8717,330,330,12,2,0,0,0,4,16.0,237.0,253.0,0.5066496983042282,113.44810845429176,189.42118032084,0.0,0.16646573922644103,0.3174949203958431,0.03753850169305759,0.16094605343525809,0.08139892847602435,565.1666666666666,2.1813273830631434,0.6268616350471751,0.232266693316233,0.031665606144014265,0.19022296294218224,1.636778600863297
Track_8718,331,331,4,0,0,0,0,0,3.0,236.0,239.0,0.3578844374235393,201.88293700950757,227.19226976338916,0.0,0.12300302297214177,0.20675889969811262,0.021252943284319023,0.14099722593399366,0.09405295567616848,1708.75,0.3690090689164253,0.3578844374235393,0.969852688104515,0.11929481247451311,0.969852688104515,0.5726552040227701
Track_8719,332,332,46,3,0,0,0,4,53.0,236.0,289.0,3.092388279692469,559.2912575984614,610.058094578024,0.0,0.9551478642347857,24.720986303764082,0.04894478862054902,0.17325590781309,3.7349743296424123,1267.108695652174,62.05975569571533,24.444811922991708,0.04982920485305698,0.05834694867344281,0.061086823159246996,2.0329556492443164
Track_8720,333,333,128,3,0,0,0,6,135.0,235.0,370.0,2.2204806465220015,88.32695558746188,11.95980000751552,0.0,0.1596423339302481,0.8530150607358306,0.010303281081307623,0.1285393260776208,0.12247142842658079,1148.2890625,21.28075493441422,2.48937700391841,0.10434219337450037,0.016448004789051864,0.10303034529824918,1.9005752196187173
Track_8721,334,334,109,7,0,0,0,8,131.0,239.0,370.0,28.032887700487663,423.4067196694117,277.3380932678238,0.0,1.2006277249596191,3.8638492158096875,0.10721554286009465,1.090431860432118,0.6869786699742392,1128.2752293577983,142.76212796868782,30.58047662678168,0.19636081430949354,0.21399150916402795,0.17823302320561119,1.6021562176742379
Track_8722,335,335,60,0,0,0,0,0,59.0,239.0,298.0,6.96605370009488,7.924164303605546,570.980171907576,0.0,0.34032711143438327,1.4850518458332447,0.0285879426073493,0.2937122242917166,0.29059440110868046,3422.9333333333334,20.079299574628603,7.191333532920602,0.3469271263274993,0.11806870678126916,0.3469271263274991,1.571406114798838
Track_8723,336,336,28,2,0,0,0,4,33.0,245.0,278.0,0.4358167630005072,822.6073012783208,400.659438376705,0.0,0.2862047243163027,1.0989097807628516,0.014016754515717152,0.2594797707500043,0.22610352821263374,691.6785714285714,7.880756181654781,0.8433415970063406,0.0553013889726754,0.013206568575772945,0.046143782592412905,1.9139645562980578
Track_8724,337,337,18,3,0,0,0,6,30.0,241.0,271.0,0.3418163014126416,313.0413207974353,187.1160706864278,0.0,0.16107592462347461,0.3782352535338162,0.01705938398285514,0.16479957657010244,0.10120234164396498,547.0555555555555,3.1524988046666214,0.5966921531232815,0.10842709945096676,0.01139387671375472,0.07073606276287808,1.6395249136378096
Track_8725,338,338,52,12,0,0,0,8,85.0,243.0,328.0,1.9961705790362096,186.43754757360978,483.95208598982873,0.0,0.3510736827842317,1.8872691063786708,0.016442166190467983,0.1374100326206108,0.4731838766908359,446.13461538461536,22.744576678566013,2.733472211728307,0.0877646837418327,0.023484359753367174,0.06689296550832766,1.5304020075922986
Track_8726,339,339,60,9,0,0,0,5,79.0,248.0,327.0,6.5779636122600325,862.9347755633239,392.85926648913613,0.0,0.7768402424871987,2.455773330233327,0.06603881991270563,0.6869265555952642,0.5344414656942947,863.3833333333333,53.246449698396646,8.24436574399309,0.12353806966510497,0.08326536218050674,0.1071846663271681,1.6450958041846113
Track_8727,340,340,61,1,0,0,0,2,62.0,247.0,309.0,44.11041645528472,10.252833324926824,155.05279365594222,0.0,2.5023209230220886,10.384637006967987,0.19202188697389058,2.170270172596827,1.9618325440033135,2960.7049180327867,152.71396723365234,46.90650081741819,0.2888433668139588,0.7114583299239471,0.2843193786129993,1.7195114352842797
Track_8728,341,341,7,1,0,0,0,1,7.0,249.0,256.0,1.3603424977700689,200.62151284528775,224.91061045786458,0.0,0.5016960505252701,1.397081516566289,0.14581945952102954,0.42077324534809224,0.4590547191625012,1687.4285714285713,3.1559957626726507,1.3603424977700689,0.4310343232584269,0.19433464253858126,0.38735533663283794,2.549588891332097
Track_8729,342,342,13,0,0,0,0,0,12.0,249.0,261.0,11.575073147247732,38.381196517730665,481.3163607677244,0.0,1.0812468476680412,8.43388787168303,0.03877488834465525,0.42389191323291875,2.3349939062762943,1668.8461538461538,12.974962172016495,11.575073147247732,0.8921084311299229,0.964589428937311,0.8921084311299229,0.9270336173866702
Track_8730,343,343,2,0,0,0,0,0,1.0,251.0,252.0,0.04910090606383158,12.772578175878209,539.9897852869715,0.0,0.04910090606383158,0.04910090606383158,0.04910090606383158,0.04910090606383158,NaN,696.0,0.04910090606383158,0.04910090606383158,1.0,0.04910090606383158,1.0,NaN
Track_8731,344,344,15,1,0,0,0,7,21.0,251.0,272.0,0.1882571319414009,130.4234876546271,45.33683780265954,0.0,0.10027676312382196,0.3718150691977513,8.526512829121202E-14,0.08025741720567535,0.09432973308476347,1867.6,1.7137701311214446,0.3718150691977513,0.10984969834794037,0.008964625330542899,0.08939883031000273,1.8492725285017284
Track_8732,345,345,18,3,0,0,0,3,24.0,252.0,276.0,0.2958188965381624,239.25510674068624,198.66521329340335,0.0,0.12328842048041183,0.4825848849599085,0.01728505991737187,0.09598928140589681,0.10972155650863283,522.0,2.469011217212557,0.4120264962934722,0.11981269849074784,0.012325787355756767,0.09997522320204515,1.8916027230568497
Track_8733,346,346,112,3,0,0,0,3,118.0,252.0,370.0,0.5892878481394834,161.01814252103776,376.092956464084,0.0,0.32119906349575417,11.832610862466424,0.0,0.09750576386233185,1.5609635772957458,708.8392857142857,35.97857756531776,11.785980199535413,0.016378853418250166,0.004993964814741385,0.015547880994389631,1.82431702955138
Track_8734,347,347,2,0,0,0,0,0,1.0,253.0,254.0,0.1044470314023987,482.2638132681724,19.81360059643072,0.0,0.1044470314023987,0.1044470314023987,0.1044470314023987,0.1044470314023987,NaN,687.5,0.1044470314023987,0.1044470314023987,1.0,0.1044470314023987,1.0,NaN
Track_8735,348,348,7,0,0,0,0,0,6.0,255.0,261.0,0.5502524486247551,7.006881287849333,425.7605226938652,0.0,1.458383028525191,3.3223492963482317,0.08813981451170645,0.8603754216004077,1.3796845744153423,3114.714285714286,8.750298171151146,3.664516231460504,0.0628838512542215,0.09170874143745918,0.0628838512542215,1.9644030202678926
Track_8736,349,349,4,0,0,0,0,0,3.0,255.0,258.0,0.20423768389839994,259.1414166009439,458.89175541549037,0.0,0.20719315957276735,0.3309183411618824,0.023972652341291235,0.26668848521512845,0.16189096423628696,386.0,0.6215794787183021,0.26668848521512845,0.32857855011484355,0.06807922796613332,0.32857855011484355,2.435756221457158
Track_8737,350,350,19,4,0,0,0,6,33.0,257.0,290.0,0.31063412042911887,304.7900495847304,123.5297486005837,0.0,0.10131880159794006,0.34326447881675887,0.01752623566540356,0.08326904234399636,0.08937080427929059,1001.9473684210526,2.2092466482371176,0.43788361838791845,0.14060635587112527,0.009413155164518754,0.09290630185177925,1.683421751903271
Track_8738,351,351,4,1,0,0,0,6,9.0,257.0,266.0,0.12147405613742097,748.5999282547369,34.708692924423694,0.0,0.019878801864310257,0.02940497697347943,0.00856260469431828,0.021668823925133068,0.010535855674289607,2248.5,0.1896493491437292,0.1439427011522291,0.640519235556984,0.01349711734860233,0.678970364548711,1.4606874588124703
Track_8739,352,352,31,3,0,0,0,2,35.0,260.0,295.0,0.7411552799627243,284.2050595098026,239.33830993546613,0.0,1.1190140832602957,2.716228268921822,0.03465478149163894,1.0414268004760117,0.624058364541024,1258.9354838709678,34.81643018632802,1.880097481474984,0.02128751500358491,0.021175865141792125,0.018923680638670184,1.6507660040278092
Track_8740,353,353,32,6,0,0,0,5,47.0,261.0,308.0,1.0700218245407926,423.4365064834646,389.87660532947524,0.0,0.4831139457468839,0.9589177865403942,0.03778467974617859,0.478711589618376,0.26762559134424485,580.125,16.539608426662163,1.1579818859975262,0.06469450768954706,0.02276642179874027,0.047124331638872204,1.8628466511752246
Track_8741,354,354,7,2,0,0,0,2,9.0,263.0,272.0,0.2844838322876002,170.35408309128692,369.4176107730395,0.0,0.17286098859536664,0.28518814380812485,0.07963458590112511,0.179270114409962,0.07894251724813124,529.0,1.375705217784412,0.33220290864074825,0.2067912722943397,0.03160931469862224,0.1828597357649816,1.2984525517132366
Track_8742,355,355,63,2,0,0,0,2,65.0,263.0,328.0,0.29196239571637556,557.2628308046172,625.6389058368444,0.0,0.12394688236469525,0.464384573615537,0.02771365303385531,0.09903663154258101,0.08314317026385344,1171.015873015873,7.847609694484297,0.40088582187793964,0.03720399039743041,0.004491729164867316,0.036239145988771794,1.9690149040205787
Track_8743,356,356,35,3,0,0,0,2,39.0,263.0,302.0,0.6069596434622522,571.5396860888876,122.00960194527893,0.0,0.32868432745880005,1.0097217262902236,0.04416646110447764,0.25924283567632406,0.23658187650613968,812.8,11.716695391189969,1.7056399141416363,0.05180297201535494,0.015563067781083389,0.047349588894025345,1.6426700021099812
Track_8744,357,357,12,4,0,0,0,8,28.0,266.0,294.0,19.860909721105138,53.87821214521545,515.6476055263869,0.0,4.341321686165795,22.341332374354245,0.00755529383723518,0.12978051042320546,8.435146379937956,386.1666666666667,66.27189968730897,20.138837637043753,0.29968825120171544,0.7093182043251834,0.16338761685998096,1.4288988747941211
Track_8745,358,358,2,0,0,0,0,0,1.0,266.0,267.0,0.1482091890366696,113.49650795698425,189.3355291076802,0.0,0.1482091890366696,0.1482091890366696,0.1482091890366696,0.1482091890366696,NaN,529.0,0.1482091890366696,0.1482091890366696,1.0,0.1482091890366696,1.0,NaN
Track_8746,359,359,58,2,0,0,0,2,60.0,269.0,329.0,0.29005801800259545,837.4694202191388,638.1333191358028,0.0,0.07119184973046808,0.19966562645537184,0.009766044762035667,0.062270556631662234,0.0480489702843178,3874.5689655172414,4.090974882560018,0.29005801800259545,0.0709019307938369,0.004834300300043257,0.06790524924335987,1.8216250664627354
Track_8747,360,360,99,2,0,0,0,1,100.0,269.0,369.0,10.808214790081841,527.3552807712068,312.46171318724055,0.0,0.8006106707408978,2.1686233288979366,0.10277083134208195,0.6987538364304942,0.5138882532461009,1203.3232323232323,78.88598234767396,12.422916292802059,0.13701058753945444,0.10808214790081841,0.1349996344675215,1.870888609318309
Track_8748,361,361,42,5,0,0,0,5,56.0,270.0,326.0,6.619678451243649,366.31738366414857,497.9800579527324,0.0,1.4974582496861684,5.045604625484534,0.11240485174490093,1.4056758638410212,1.055551534645107,1030.452380952381,69.59393941023455,7.731519575993976,0.09511860525990216,0.11820854377220802,0.07893945877755304,1.4770975068497794
Track_8749,362,362,2,0,0,0,0,0,1.0,271.0,272.0,0.3759131431585269,288.4324154450455,223.08262118806138,0.0,0.3759131431585269,0.3759131431585269,0.3759131431585269,0.3759131431585269,NaN,2817.0,0.3759131431585269,0.3759131431585269,1.0,0.3759131431585269,1.0,NaN
Track_8750,363,363,2,0,0,0,0,0,1.0,271.0,272.0,1.8455643859359379,200.4933023572233,225.04986534090025,0.0,1.8455643859359379,1.8455643859359379,1.8455643859359379,1.8455643859359379,NaN,1661.5,1.8455643859359379,1.8455643859359379,1.0,1.8455643859359379,1.0,NaN
Track_8751,364,364,2,0,0,0,0,0,1.0,271.0,272.0,0.4930766330242689,778.0014255821595,404.58838757085357,0.0,0.4930766330242689,0.4930766330242689,0.4930766330242689,0.4930766330242689,NaN,1192.5,0.4930766330242689,0.4930766330242689,1.0,0.4930766330242689,1.0,NaN
Track_8752,365,365,99,1,0,0,0,1,99.0,271.0,370.0,2.741836879863499,9.445030518087002,428.1924192757295,0.0,0.4925209570760125,3.1456939436102385,0.037984716311522636,0.3282772286079139,0.5223240634694338,4189.777777777777,48.59684169618402,5.739513262436486,0.05642006320091367,0.027695322018823222,0.056231763584729866,1.709292101835257
Track_8753,366,366,2,0,0,0,0,0,1.0,261.0,262.0,0.20082973115147063,441.3592895632277,28.060054192924746,0.0,0.20082973115147063,0.20082973115147063,0.20082973115147063,0.20082973115147063,NaN,1299.5,0.20082973115147063,0.20082973115147063,1.0,0.20082973115147063,1.0,NaN
Track_8754,367,367,79,10,0,0,0,5,96.0,274.0,370.0,0.4992736697867529,142.0003249060641,85.18737959087572,0.0,0.28865614753416613,0.6948015281186799,0.021359631528538748,0.29872843041143843,0.16057833992758813,1156.7974683544303,24.370797550854444,0.9559742834627755,0.020486554399580914,0.0052007673936120095,0.018017171773542194,1.9232702687136631
Track_8755,368,368,15,4,0,0,0,1,18.0,275.0,293.0,2.8732253348390464,138.5066151307382,437.6122700015802,0.0,1.1142009344358728,2.1469314544632296,0.01457625503279758,1.266549944812071,0.612413454588379,453.26666666666665,17.942858051065876,5.329903060047342,0.16013197711656452,0.15962362971328037,0.14326287546518604,1.3798469690024022
Track_8756,369,369,6,0,0,0,0,0,5.0,276.0,281.0,5.333516969102984,9.285578700613383,171.82316091169574,0.0,2.7863990814426383,4.313693869536694,1.1256211397824232,2.9325020833940045,1.1999527539743713,2396.0,13.931995407213192,5.419508689848905,0.3828250593839267,1.0667033938205968,0.3828250593839267,2.149947915111257
Track_8757,370,370,5,1,0,0,0,2,6.0,276.0,282.0,0.32521901041054013,107.79939604374677,402.11514900663417,0.0,0.20489174221416828,0.38596366002450727,0.04140114382219271,0.20197235439155967,0.14111426840856997,438.4,0.9023692565010585,0.38596366002450727,0.36040568544143287,0.054203168401756686,0.2645454024452555,2.0646293834084104
Track_8758,371,371,2,0,0,0,0,0,1.0,282.0,283.0,0.5667766223441177,64.15285208784064,501.2927112620598,0.0,0.5667766223441177,0.5667766223441177,0.5667766223441177,0.5667766223441177,NaN,420.0,0.5667766223441177,0.5667766223441177,1.0,0.5667766223441177,1.0,NaN
Track_8759,372,372,20,4,0,0,0,7,29.0,282.0,311.0,0.8037223111802894,288.8152859355671,222.54871091009878,0.0,0.48272089796838746,1.5248643752093576,0.07145760153517235,0.36178279579760286,0.4231368086734522,2764.0,10.94040274568955,1.884561080676441,0.07346368592298404,0.027714562454492737,0.057413222777663364,1.2556950068370631
Track_8760,373,373,2,0,0,0,0,0,1.0,285.0,286.0,1.0355989756390203,479.4171735903453,423.6097961562459,0.0,1.0355989756390203,1.0355989756390203,1.0355989756390203,1.0355989756390203,NaN,527.0,1.0355989756390203,1.0355989756390203,1.0,1.0355989756390203,1.0,NaN
Track_8761,374,374,3,0,0,0,0,0,2.0,288.0,290.0,0.13632948996430846,778.4463747666608,404.7721460740938,0.0,0.2873676278492088,0.3553314848249495,0.2194037708734681,0.3553314848249495,0.09611540828627776,1158.3333333333333,0.5747352556984175,0.3553314848249495,0.23720397976741664,0.06816474498215423,0.23720397976741664,3.1041326170877244
Track_8762,375,375,4,0,0,0,0,0,3.0,292.0,295.0,0.4718390553735037,237.17337038354674,245.692652306392,0.0,0.31890375110440583,0.5458443519544854,0.17932388643947242,0.2315430149192595,0.19826304895376623,412.25,0.9567112533132174,0.5458443519544854,0.4931885704693686,0.15727968512450122,0.49318857046936854,1.5265820752998172
Track_8763,376,376,16,2,0,0,0,1,17.0,289.0,306.0,4.737224191881435,16.59978318778046,502.59522826015694,0.0,1.300327247044721,2.5820323454209038,0.28752972082251665,1.2508065491891944,0.5988879411413012,524.375,20.985306446121054,4.737224191881435,0.22574005311974218,0.2786602465812609,0.21430009039230505,1.555996803757957
Track_8764,377,377,62,4,0,0,0,4,71.0,292.0,363.0,3.0974761025411652,6.3049873758482695,154.16821794074716,0.0,1.2027542254085868,4.035755484333868,0.054362762993469385,1.010361680261575,0.738499082546072,1834.3548387096773,80.53557766610335,5.426535641045344,0.038460965852671385,0.04362642397945303,0.036272102028685645,1.8912709357877757
Track_8765,378,378,36,3,0,0,0,1,38.0,289.0,327.0,0.6073737805534977,170.3946939778244,369.43371820200105,0.0,0.17283056252533865,0.617490522727466,0.006754798024291784,0.15380903970501186,0.12345172789919133,577.8888888888889,6.556157975324654,1.096570907864137,0.09264172444280085,0.015983520540881518,0.09248086858791643,2.070735623005866
Track_8766,379,379,3,0,0,0,0,0,2.0,293.0,295.0,0.08050873702161189,80.46796015186003,477.4112582632046,0.0,0.14813446651405995,0.1846040681782907,0.1116648648498292,0.1846040681782907,0.051575805287899526,245.0,0.2962689330281199,0.1846040681782907,0.27174208310923553,0.040254368510805945,0.27174208310923553,2.903656118229552
Track_8767,380,380,28,8,0,0,0,2,37.0,291.0,328.0,0.1186035620974969,482.53041397785597,19.787662432297285,0.0,0.11541433612859696,0.3967087568408065,0.007246968739663722,0.09464260951862656,0.08161258964324979,740.4285714285714,3.8243080993466343,0.3967087568408065,0.031013077141394486,0.003205501678310727,0.02777386056043413,1.6900595797810032
Track_8768,381,381,2,0,0,0,0,0,1.0,289.0,290.0,0.09215870198816821,441.52495444428195,27.966510752267773,0.0,0.09215870198816821,0.09215870198816821,0.09215870198816821,0.09215870198816821,NaN,1274.0,0.09215870198816821,0.09215870198816821,1.0,0.09215870198816821,1.0,NaN
Track_8769,382,382,2,0,0,0,0,0,1.0,299.0,300.0,0.08075789438166167,606.9378435484831,493.93273747107077,0.0,0.08075789438166167,0.08075789438166167,0.08075789438166167,0.08075789438166167,NaN,1570.5,0.08075789438166167,0.08075789438166167,1.0,0.08075789438166167,1.0,NaN
Track_8770,383,383,2,0,0,0,0,0,1.0,299.0,300.0,0.06224664074638406,113.58810215688752,189.20355963430086,0.0,0.06224664074638406,0.06224664074638406,0.06224664074638406,0.06224664074638406,NaN,499.5,0.06224664074638406,0.06224664074638406,1.0,0.06224664074638406,1.0,NaN
Track_8771,384,384,4,0,0,0,0,0,3.0,300.0,303.0,0.10576371708512061,748.7798250652824,34.544896565948406,0.0,0.14931102799330104,0.26567648661376536,0.021774818680206934,0.16048177868593078,0.12233394932916462,2209.5,0.44793308397990306,0.16076866198584522,0.23611499321596394,0.03525457236170687,0.2361149932159639,2.283215761625646
Track_8772,385,385,3,0,0,0,0,0,2.0,300.0,302.0,0.13779425634437226,304.92483305577815,123.49449498730768,0.0,0.2670202141706964,0.32140980193297225,0.21263062640842054,0.32140980193297225,0.07691849266529223,1005.3333333333334,0.5340404283413928,0.32140980193297225,0.2580221440768626,0.06889712817218613,0.2580221440768626,2.8166136141498495
Track_8773,386,386,2,0,0,0,0,0,1.0,304.0,305.0,0.11987397716805231,242.79726479655807,123.90989877756556,0.0,0.11987397716805231,0.11987397716805231,0.11987397716805231,0.11987397716805231,NaN,898.5,0.11987397716805231,0.11987397716805231,1.0,0.11987397716805231,1.0,NaN
Track_8774,387,387,13,1,0,0,0,1,13.0,303.0,316.0,69.05753009521105,849.0420994961389,399.22584206811086,0.0,6.266939143066727,10.270614724736822,1.681699315117577,6.951860158001095,2.780503087896787,5768.076923076923,84.83656974390921,69.05753009521105,0.8140066283168997,5.312117699631619,0.8476415006372846,0.40208533768684984
Track_8775,388,388,13,4,0,0,0,3,18.0,303.0,321.0,0.11914472314467996,622.2271751064603,496.6162672017465,0.0,0.13853915701496358,0.28406989290411255,0.030940908187012263,0.14577627406706806,0.08164688654502873,577.9230769230769,2.075897098437892,0.4392065873090627,0.05739433001488181,0.006619151285815553,0.04777819808085464,1.498738020431241
Track_8776,389,389,13,1,0,0,0,3,15.0,306.0,321.0,0.38713206030974284,637.7307922536559,179.19838723347448,0.0,0.2126528187320067,0.43736466273644,0.048773885083964276,0.2083566425854035,0.12279441368265938,871.0,2.6981554800359735,0.38713206030974284,0.14348026389664592,0.02580880402064952,0.12136591546042366,1.9487319241119823
Track_8777,390,390,13,1,0,0,0,1,13.0,309.0,322.0,4.16769052974383,214.62128710668802,453.3692482232678,0.0,0.6422882978464337,1.2917939478908398,0.10749963505296638,0.7313228348192513,0.3893547227755638,3457.923076923077,8.640103359417747,4.6119770538130505,0.48236581859880534,0.3205915792110638,0.49913968584823076,1.3002474765295011
Track_8778,391,391,4,1,0,0,0,4,7.0,295.0,302.0,3.0250456419001246,821.6858112151078,399.8271021030104,0.0,1.159261560699496,1.8977532143143774,0.23112092717774138,1.348910540606369,0.8493473063572767,611.25,4.4022683908094535,3.0250456419001246,0.6871561143830905,0.43214937741430354,0.37277987303706117,0.8611225240123682
Track_8779,392,392,16,1,0,0,0,1,16.0,313.0,329.0,0.10537814575299032,607.0123547156192,494.0010190679961,0.0,0.06607041364584351,0.15318318818652762,0.020653454636727426,0.0756028842629076,0.038329787634486676,1599.0625,1.0144189452400707,0.1645962815074032,0.10388030137592875,0.006586134109561895,0.0996835610090997,1.63225967057096
Track_8780,393,393,8,2,0,0,0,5,14.0,314.0,328.0,0.07733045008849675,748.9873714799264,34.60074142669269,0.0,0.10598071343067914,0.19096534091655162,0.024637017972189628,0.09206610041611225,0.05966801063367567,2211.875,0.9938012180104694,0.2039996756072793,0.07781279463845665,0.0055236035777497675,0.05211895069344573,1.7555654059888017
Track_8781,394,394,9,1,0,0,0,3,11.0,317.0,328.0,0.7289245309781698,572.2480982386294,122.38207245809333,0.0,0.1656269743088612,0.5189057361526248,0.055450722040417115,0.09379086582280345,0.15885305874743566,828.5555555555555,1.6063883919392998,0.7653342743210638,0.4537660597124842,0.06626586645256088,0.4000910282221801,1.6709256905044778
Track_8782,395,395,9,1,0,0,0,2,10.0,318.0,328.0,0.7940560199390404,423.86926518875345,389.6343896354753,0.0,0.7755369091469193,1.4561551541748377,0.1975671316391789,0.9098515787131306,0.5844284590460076,586.8888888888889,6.773081378069689,1.2906879341777873,0.11723704110659075,0.07940560199390403,0.10238790837337347,1.9744033711270441
Track_8783,396,396,7,1,0,0,0,4,10.0,318.0,328.0,2.669349541220809,821.9615554723266,399.0035518390163,0.0,1.192939756548757,1.437283575519441,0.37199938545920985,1.3356725472083488,0.4078982445721749,655.5714285714286,8.645636081129382,3.273290178601287,0.30875108738929374,0.2669349541220809,0.2237623087475423,1.6214760554995873
Track_8784,397,397,14,1,0,0,0,5,18.0,318.0,336.0,1.0678446908012311,131.18396735129195,45.43070696854837,0.0,0.30513597926550834,1.1047075888724722,0.05490313532218664,0.19746977400752974,0.32675045032286165,1464.4285714285713,4.451211528283359,1.7280848370391322,0.23989978548897517,0.05932470504451284,0.1944205504290681,1.2680518181692995
Track_8785,398,398,6,0,0,0,0,0,5.0,323.0,328.0,0.23928110832761226,561.5555676542169,603.3065054917363,0.0,0.1418394212966187,0.25511699133423793,0.03278146425392167,0.15513095675737254,0.08805501435338377,1220.0,0.7091971064830934,0.23928110832761226,0.3373971863960453,0.047856221665522454,0.33739718639604527,1.731301363693499
Track_8786,399,399,10,1,0,0,0,1,10.0,324.0,334.0,1.8121382020598185,289.71550015037457,224.3406165555475,0.0,0.930474822002515,2.917903245282555,0.13801938404672212,0.6372030277219487,0.8757264255397615,2747.8,9.075455887721414,2.7082661158626817,0.19967461959806784,0.18121382020598184,0.1947541361903633,1.4343593547176678
Track_8787,400,400,2,0,0,0,0,0,1.0,302.0,303.0,1.3415733440152144,483.9933057781931,421.2020982699221,0.0,1.3415733440152144,1.3415733440152144,1.3415733440152144,1.3415733440152144,NaN,601.0,1.3415733440152144,1.3415733440152144,1.0,1.3415733440152144,1.0,NaN
Track_8788,401,401,2,0,0,0,0,0,1.0,327.0,328.0,0.18343482320614954,305.0328854626979,123.6351540019523,0.0,0.18343482320614954,0.18343482320614954,0.18343482320614954,0.18343482320614954,NaN,989.5,0.18343482320614954,0.18343482320614954,1.0,0.18343482320614954,1.0,NaN
Track_8789,402,402,2,0,0,0,0,0,1.0,333.0,334.0,1.6389309610371048,282.51514607413344,240.27302261187577,0.0,1.6389309610371048,1.6389309610371048,1.6389309610371048,1.6389309610371048,NaN,1458.5,1.6389309610371048,1.6389309610371048,1.0,1.6389309610371048,1.0,NaN
Track_8790,403,403,7,0,0,0,0,0,6.0,340.0,346.0,0.6199309238639892,120.98087988980353,377.0945639878159,0.0,0.47310979015107946,0.6172388496841584,0.2989860160119587,0.5191404353027534,0.10864907923959435,2934.8571428571427,2.8386587409064767,0.6351281412142127,0.21838867593715225,0.1033218206439982,0.21838867593715225,2.2416596709036463
Track_8791,404,404,3,0,0,0,0,0,2.0,342.0,344.0,1.2070388205231097,809.6365688705309,142.40282176421363,0.0,0.6735883937972367,1.2692534190969973,0.07792336849747596,1.2692534190969973,0.8423975574102343,1946.6666666666667,1.3471767875944733,1.2692534190969973,0.895976557522495,0.6035194102615549,0.895976557522495,2.514158242137602
Track_8792,405,405,10,0,0,0,0,0,9.0,351.0,360.0,0.26129219794080244,41.8872919258572,398.1310354842755,0.0,0.09660372632881883,0.17396757936967694,0.043366413008819285,0.07521801343834379,0.04804817322312749,4600.5,0.8694335369593695,0.29329709824967715,0.30053153787304754,0.029032466437866937,0.30053153787304754,1.8374774484554601
Track_8793,406,406,7,2,0,0,0,2,9.0,344.0,353.0,0.11367945990931752,67.53698906114525,468.58059362493066,0.0,0.04235996328142597,0.06151273647291352,0.018997151420111238,0.04905624833609343,0.016740526227022656,1484.5714285714287,0.34964413413177403,0.11367945990931752,0.325129034958939,0.01263105110103528,0.2981837122265342,1.7580417051858195
Track_8794,407,407,17,2,0,0,0,5,22.0,348.0,370.0,15.928126605906865,215.78527650672197,451.3861403444189,0.0,1.8184864579616238,4.2463061960208375,0.2771067922718025,1.6204694526965169,1.1738923681440157,3511.235294117647,43.27544030543593,15.928126605906865,0.3680638831976505,0.7240057548139484,0.39813645663630637,1.0447716227208137
Track_8795,408,408,12,3,0,0,0,6,23.0,347.0,370.0,1.4775101435702684,490.9979126760716,528.0027799296189,0.0,0.2916614047601663,1.0595218202075827,0.06702090099098876,0.20631581473474442,0.2926661993412321,2009.5,4.944045839900693,1.5087164462197848,0.29884636822055555,0.06423957145957689,0.2202539328520385,2.134051209079007
Track_8796,409,409,18,1,0,0,0,1,18.0,352.0,370.0,0.26336073363259055,312.96474903937235,358.5847153817356,0.0,0.10099263150819209,0.2533565970421096,0.0387347719406663,0.09461426748049004,0.057022403067744906,6429.0,1.7585112056899792,0.3336319915465017,0.14976346626648698,0.014631151868477252,0.1448734590829078,2.176892344308526
Track_8797,410,410,7,0,0,0,0,0,6.0,352.0,358.0,42.372104478666984,839.2660026704755,396.7698472322115,0.0,7.486621350415022,42.1626566935762,0.33919930418732275,0.4291358450604721,16.99133093187925,656.7142857142857,44.91972810249014,42.6786497431786,0.9432849722952369,7.062017413111164,0.943284972295237,1.4131472899925153
Track_8798,411,411,9,1,0,0,0,7,15.0,355.0,370.0,0.3799565275546599,591.1366298608082,210.77028740933983,0.0,0.12659892882638632,0.2859544423775687,0.016850925942888433,0.12438641658874845,0.08745798811884051,1918.0,1.1307479122113098,0.3799565275546599,0.3360223118268779,0.02533043517031066,0.20008411923491073,1.3596466287823072
Track_8799,412,412,4,1,0,0,0,7,10.0,360.0,370.0,0.1892157451753875,191.35813424552381,436.65447156374194,0.0,0.19418759651946263,0.29331013215991986,0.04419529202304992,0.2450573653754181,0.13211870015897947,2381.75,0.8919298337197373,0.2450573653754181,0.2121419623181289,0.01892157451753875,0.09743966585240844,1.7412080140884094
Track_8800,413,413,2,0,0,0,0,0,1.0,360.0,361.0,0.22238193440957976,63.10222425826311,582.7325295675591,0.0,0.22238193440957976,0.22238193440957976,0.22238193440957976,0.22238193440957976,NaN,1176.5,0.22238193440957976,0.22238193440957976,1.0,0.22238193440957976,1.0,NaN
Track_8801,414,414,3,0,0,0,0,0,2.0,365.0,367.0,0.20597620369896882,171.23125269536874,369.81528556302555,0.0,0.2466627663341636,0.25541882552068623,0.23790670714764095,0.25541882552068623,0.01238293765452185,363.3333333333333,0.4933255326683272,0.25541882552068623,0.41752593380860104,0.10298810184948441,0.41752593380860104,2.2829000332384726
Track_8802,415,415,2,0,0,0,0,0,1.0,361.0,362.0,1.5502120438203375,281.300622420094,241.0087901627649,0.0,1.5502120438203375,1.5502120438203375,1.5502120438203375,1.5502120438203375,NaN,1542.5,1.5502120438203375,1.5502120438203375,1.0,1.5502120438203375,1.0,NaN
Track_8803,416,416,2,0,0,0,0,0,1.0,363.0,364.0,1.1672321070154055,163.11732883098864,427.8228341282786,0.0,1.1672321070154055,1.1672321070154055,1.1672321070154055,1.1672321070154055,NaN,501.0,1.1672321070154055,1.1672321070154055,1.0,1.1672321070154055,1.0,NaN
Track_8804,417,417,4,1,0,0,0,3,6.0,364.0,370.0,0.44451237365602425,155.46827003248555,304.4319763960055,0.0,0.14538718381316706,0.24747554668116406,0.03174335803032302,0.15694264672801414,0.1083293166571396,1250.25,0.5313916255304703,0.44451237365602425,0.8365061704016931,0.07408539560933737,0.5095730838595952,0.207875488197139
Track_8805,418,418,2,0,0,0,0,0,1.0,369.0,370.0,0.7646677599895007,122.4083359000906,372.26788810647366,0.0,0.7646677599895007,0.7646677599895007,0.7646677599895007,0.7646677599895007,NaN,2984.0,0.7646677599895007,0.7646677599895007,1.0,0.7646677599895007,1.0,NaN
Track_8806,419,419,2,0,0,0,0,0,1.0,369.0,370.0,0.21463603153715505,426.46767170477386,247.6996628195833,0.0,0.21463603153715505,0.21463603153715505,0.21463603153715505,0.21463603153715505,NaN,2069.0,0.21463603153715505,0.21463603153715505,1.0,0.21463603153715505,1.0,NaN
