LABEL,TRACK_INDEX,TRACK_ID,NUMBER_SPOTS,NUMBER_GAPS,NUMBER_SPLITS,NUMBER_MERGES,NUMBER_COMPLEX,LONGEST_GAP,TRACK_DURATION,TRACK_START,TRACK_STOP,TRACK_DISPLACEMENT,TRACK_X_LOCATION,TRACK_Y_LOCATION,TRACK_Z_LOCATION,TRACK_MEAN_SPEED,TRACK_MAX_SPEED,TRACK_MIN_SPEED,TRACK_MEDIAN_SPEED,TRACK_STD_SPEED,TRACK_MEAN_QUALITY,TOTAL_DISTANCE_TRAVELED,MAX_DISTANCE_TRAVELED,CONFINEMENT_RATIO,MEAN_STRAIGHT_LINE_SPEED,LINEARITY_OF_FORWARD_PROGRESSION,MEAN_DIRECTIONAL_CHANGE_RATE
Label,Track index,Track ID,Number of spots in track,Number of gaps,Number of split events,Number of merge events,Number of complex points,Longest gap,Track duration,Track start,Track stop,Track displacement,Track mean X,Track mean Y,Track mean Z,Track mean speed,Track max speed,Track min speed,Track median speed,Track std speed,Track mean quality,Total distance traveled,Max distance traveled,Confinement ratio,Mean straight line speed,Linearity of forward progression,Mean directional change rate
Label,Index,ID,N spots,N gaps,N splits,N merges,N complex,Lgst gap,Duration,Track start,Track stop,Track disp.,Track X,Track Y,Track Z,Mean sp.,Max speed,Min speed,Med. speed,Std speed,Mean Q,Total dist.,Max dist.,Cfn. ratio,Mn. v. line,Fwd. progr.,Mn. γ rate
,,,,,,,,,(frame),(frame),(frame),(µm),(µm),(µm),(µm),(µm/frame),(µm/frame),(µm/frame),(µm/frame),(µm/frame),(quality),(µm),(µm),,(µm/frame),,(rad/frame)
Track_16254,0,0,176,0,0,0,0,0,175.0,1.0,176.0,4.712951687352355,6.58819813283456,353.806291327726,0.0,0.44220858335736946,1.9573087021385358,0.004737828903111497,0.40276505662598877,0.2911201228294391,2334.096590909091,77.38650208753963,5.844160536594422,0.06090146938055248,0.026931152499156313,0.06090146938055246,1.7373744784342962
Track_16255,1,1,18,1,0,0,0,1,18.0,1.0,19.0,3.754489862593042,239.88619161167014,586.6172202362698,0.0,0.9566506488563103,3.4430911200584635,0.13489083802069554,0.7933478676118078,0.8104026700131949,2004.7222222222222,19.706152150615736,5.708897019003248,0.1905237427325826,0.20858277014405788,0.21803442081330482,1.9546499934990953
Track_16256,2,2,12,1,0,0,0,1,12.0,1.0,13.0,1.2867377314699049,571.2797744026001,6.785772080889859,0.0,0.6295473463348689,1.6435452011508205,0.14854529793224405,0.555054720088518,0.4844337570185384,1937.5,7.170680933059471,1.6435452011508205,0.17944428757631253,0.10722814428915874,0.17032578234730886,1.3219238367525632
Track_16257,3,3,95,1,0,0,0,4,98.0,1.0,99.0,19.395769206583587,812.2069440997742,102.60982896134593,0.0,1.0225424032927748,3.949362979261658,0.15450303670768442,0.7669419559446152,0.7931828878322984,2059.221052631579,98.24845378999024,19.481547891644723,0.19741551605527322,0.19791601231207742,0.19355286555819243,1.6266176227638434
Track_16258,4,4,94,2,0,0,0,1,95.0,2.0,97.0,10.67789340759721,432.05303870597106,591.5526271292922,0.0,1.5845641623861229,6.476766066881753,0.04409806309515166,1.3250226898622632,1.2766873546374387,2172.8936170212764,149.5768814382949,13.737045789426174,0.07138732473174454,0.11239887797470748,0.07093362366939508,1.696750689560198
Track_16259,5,5,176,0,0,0,0,0,175.0,1.0,176.0,13.319760573246445,394.0853072772281,57.193000587397506,0.0,0.6980534022648779,3.861362773437007,0.01063765177300323,0.5830582752178135,0.559560414865695,2002.784090909091,122.15934539635367,16.104320271720994,0.1090359524277872,0.07611291756140826,0.10903595242778724,1.728027199815665
Track_16260,6,6,13,1,0,0,0,9,21.0,1.0,22.0,7.5588450156675195,450.84305946330085,583.7251879202436,0.0,1.865181258618734,5.674968811516224,0.16091329424842865,1.4263676350031458,1.9095251103826352,2043.3076923076924,25.781669469907822,8.23319372645656,0.29318679399292386,0.3599450007460724,0.19298124462854127,1.991529243280136
Track_16261,7,7,19,1,0,0,0,2,20.0,1.0,21.0,4.883828683605278,808.5195815232586,7.952814002890344,0.0,0.9738751805616157,3.652469659970014,0.16647265857282903,0.7051627757928589,0.8826600459113062,1986.2105263157894,18.640795096432562,6.3538721775217795,0.2619968010130606,0.24419143418026393,0.2507420242904674,1.1036812210328457
Track_16262,8,8,6,1,0,0,0,1,6.0,2.0,8.0,4.64604290231981,383.26181781063286,588.3972892038291,0.0,1.5925570025547064,2.5787292982453596,0.8426551560357434,1.1770203473615322,0.8594196312401088,2624.8333333333335,8.860506847494513,4.64604290231981,0.5243540784163575,0.7743404837199684,0.4862246578790004,1.4010856035607477
Track_16263,9,9,171,4,0,0,0,2,175.0,1.0,176.0,4.841026591219133,335.3257117708107,9.128682175035308,0.0,0.3539810303901357,2.2147383874464257,0.01769676478075086,0.2880864377322623,0.2782328300418696,2690.0760233918127,60.975611432877194,5.268504907064491,0.07939283391275546,0.027663009092680758,0.0781482811725598,2.0198816598060416
Track_16264,10,10,176,0,0,0,0,0,175.0,1.0,176.0,10.317693799970563,609.5440612121497,362.0816495761775,0.0,0.8359514111541885,5.8752621675615355,0.012445822404890857,0.4975103713294207,0.9792021761766632,2404.068181818182,146.29149695198308,13.128056110520706,0.07052832198003357,0.05895825028554608,0.07052832198003363,1.7239651277726233
Track_16265,11,11,7,1,0,0,0,1,7.0,1.0,8.0,7.801758562811004,255.43363952807883,598.2283140694857,0.0,2.5518320243039865,5.7084297258419445,0.9441796536666912,1.8450511479498108,1.8072187245331963,2042.0,16.74034572202237,8.871455325607613,0.46604524735397695,1.1145369375444292,0.4367595229346727,1.4681470289754857
Track_16266,12,12,176,0,0,0,0,0,175.0,1.0,176.0,1.4723103548296146,631.9958155751742,58.71943384091107,0.0,0.27965039588767415,1.2335143247358789,0.012897997055185082,0.2249670091515443,0.22623136010661157,4649.323863636364,48.93881928034301,2.683333266145458,0.03008471345406957,0.008413202027597797,0.030084713454069587,1.629780053782309
Track_16267,13,13,176,0,0,0,0,0,175.0,1.0,176.0,4.459553303656248,788.7363927459136,95.86262299537883,0.0,0.24895790106596186,1.9157942793729064,0.011438876664601163,0.13646503206284671,0.30039371856688013,2221.0170454545455,43.56763268654332,4.637771377891152,0.10235932109833604,0.02548316173517856,0.10235932109833602,1.9074938058009376
Track_16268,14,14,175,1,0,0,0,1,175.0,1.0,176.0,21.82590226213558,469.85022909769117,423.16247372634217,0.0,0.7292326030306284,4.2368938504514615,0.05331017311605608,0.6106632920611741,0.5158515952521822,2680.48,127.30486742728613,23.998410751604133,0.17144593685392334,0.1247194414979176,0.17102833990086874,1.6579474108854266
Track_16269,15,15,34,4,0,0,0,2,40.0,1.0,41.0,7.280282794770057,403.10675859895156,595.343463654707,0.0,2.531667410705974,6.003138160720451,0.34390675825994405,2.104524691600715,1.4932749758363784,2745.4411764705883,93.8500963235563,13.35294746243051,0.07757352501451521,0.18200706986925141,0.07189217236813007,1.6643561282174961
Track_16270,16,16,13,0,0,0,0,0,12.0,2.0,14.0,10.214933851370532,125.40409529370896,105.86517488221449,0.0,1.4377636142082046,8.411795395735396,0.28001326018349953,0.776119514984817,2.2582816676115454,2318.5384615384614,17.253163370498456,10.214933851370532,0.5920615038536794,0.851244487614211,0.5920615038536794,1.312717622130534
Track_16271,17,17,176,0,0,0,0,0,175.0,1.0,176.0,7.481832216906452,341.5503925797971,587.6964621899797,0.0,0.420820469903573,4.276228271884718,0.02430706130172926,0.3308283738345893,0.483569284735646,3085.6477272727275,73.64358223312529,9.017017838351654,0.10159516946394662,0.042753326953751156,0.10159516946394663,2.0269251800200565
Track_16272,18,18,161,6,0,0,0,3,174.0,2.0,176.0,5.035202384160692,465.76528494882496,587.4850449105923,0.0,0.938115883732224,5.96579375694579,0.011275338797845189,0.48248246089946556,1.2543680254845868,2044.111801242236,151.88694479986435,9.876525527649923,0.03315098865669717,0.0289379447365557,0.030846876423654877,1.6851148764244306
Track_16273,19,19,30,0,0,0,0,0,29.0,1.0,30.0,23.940012737950664,675.6857422227257,11.01336928220755,0.0,2.7869207577683253,7.851333944355777,0.46405133644726776,2.324098374199121,2.076747622082065,3364.5333333333333,80.82070197528142,23.940012737950664,0.2962113932798132,0.8255176806189884,0.2962113932798132,1.2322043601311337
Track_16274,20,20,3,0,0,0,0,0,2.0,1.0,3.0,2.6902941256545976,641.357959929422,522.8410672357986,0.0,2.270146443854081,2.334553517403275,2.2057393703048875,2.334553517403275,0.0910853569260312,1882.0,4.540292887708162,2.6902941256545976,0.5925375723971406,1.3451470628272988,0.5925375723971406,1.8742773229176146
Track_16275,21,21,167,4,0,0,0,4,175.0,1.0,176.0,14.939106954698774,179.49569158482163,598.4882092933439,0.0,1.2469321745792803,9.220676688076866,0.03619623304582776,0.879611078345612,1.488177652031418,3017.4610778443116,209.5222797358801,22.56608010064126,0.07130080377862791,0.08536632545542157,0.06846108168170774,1.75072699830101
Track_16276,22,22,171,3,0,0,0,2,175.0,1.0,176.0,8.353706352538165,227.667438222079,49.64528641840484,0.0,0.7126978608065447,4.30616001768363,0.04892288032053307,0.5987789706457215,0.5425119032209245,1844.8187134502923,122.92046360099036,8.813707151802237,0.06796025745277827,0.047735464871646656,0.06697854377958348,1.6144274699348438
Track_16277,23,23,175,1,0,0,0,1,175.0,1.0,176.0,17.161639449268115,442.83500624619717,218.49473625992246,0.0,1.038880035328057,4.923258827097873,0.05180523872464127,0.6222186467429427,1.094190078963465,3279.1828571428573,182.23875718469978,17.161639449268115,0.09417118353081566,0.09806651113867494,0.09439637667857151,1.4338779125512013
Track_16278,24,24,175,0,0,0,0,0,174.0,2.0,176.0,17.755844028967076,769.6171042377701,100.74160590752243,0.0,0.9088356570808891,7.198015757318805,0.03334842817373737,0.6457975690486877,0.9313227293536465,1813.142857142857,158.13740433207474,20.731941398688583,0.11228111466709896,0.10204508062624756,0.11228111466709899,1.6007562814968237
Track_16279,25,25,20,2,0,0,0,3,23.0,1.0,24.0,12.624906540506815,181.20292013624538,396.21326458386505,0.0,1.5780360397534534,5.7674337181898725,0.11551186955628194,1.5565746768398336,1.2555665633394344,2458.5,36.78363500784326,16.787708845626597,0.3432207430781337,0.5489089800220355,0.3478431203052847,1.7665792118545431
Track_16280,26,26,175,0,0,0,0,0,174.0,2.0,176.0,11.56813590885327,203.20906681145757,587.6109898355088,0.0,0.6808727833914946,2.235248750498846,0.017121512561225932,0.5811329280788772,0.4211030193245174,2580.8171428571427,118.47186431012005,12.21960698774429,0.09764458402183768,0.06648353970605328,0.09764458402183768,1.698674870325216
Track_16281,27,27,124,4,0,0,0,9,143.0,1.0,144.0,18.79255041437756,317.902493804264,442.62697235933797,0.0,1.0525809916891404,11.251008304113713,0.06295390401389495,0.7648994071062455,1.3026047979408455,1994.274193548387,132.9228553627659,19.07755195877116,0.14137937650443894,0.13141643646417872,0.1248516147468014,1.8076369540602457
Track_16282,28,28,112,0,0,0,0,0,111.0,1.0,112.0,18.799783144713974,418.50119565073817,532.871541893641,0.0,1.0493975703237954,6.489225267765981,0.0896783669796219,0.6374872457410653,1.2015557318397594,3512.401785714286,116.48313030594134,23.202081686550112,0.16139489980511856,0.1693674157181439,0.16139489980511862,1.6180852721476027
Track_16283,29,29,176,0,0,0,0,0,175.0,1.0,176.0,1.1982981592492399,606.5348720176452,404.4499289627007,0.0,0.6838149825568508,3.130655657453979,0.022083834169640104,0.5688870026979429,0.5297209144887906,2303.159090909091,119.66762194744885,6.768142824694631,0.010013553706076516,0.0068474180528527995,0.010013553706076513,1.5929742927475878
Track_16284,30,30,175,1,0,0,0,1,175.0,1.0,176.0,16.198008804428124,251.54532690740788,153.98889089465786,0.0,0.6858540362444062,3.320059820473049,0.019990530703377925,0.51715085552105,0.556283907694444,2212.102857142857,119.98581367897867,17.693610213639584,0.13499936623979397,0.09256005031101786,0.1349559023051864,1.6255687285664642
Track_16285,31,31,127,8,0,0,0,8,155.0,1.0,156.0,7.778814367103905,690.9860756414397,230.3659218674869,0.0,0.5636141161570744,3.958938031671385,0.011516834225423565,0.4043239578617637,0.5675118450835029,1691.2047244094488,75.18350130507514,10.394037319784339,0.10346438024400453,0.05018589914260584,0.08904301312534811,1.7658753511421763
Track_16286,32,32,170,1,0,0,0,5,174.0,2.0,176.0,6.857478542908361,167.46705305170696,17.638554951329375,0.0,0.5717513765301446,5.897465729042728,0.03651199968398851,0.35176933133242433,0.7507052125862033,2647.564705882353,97.12249431213498,9.637580793799748,0.07060649123023556,0.03941079622361127,0.06892995424477724,1.5467959664982904
Track_16287,33,33,43,2,0,0,0,8,55.0,2.0,57.0,8.203944670799231,140.68099213825408,594.3021208898417,0.0,0.7415358325674491,1.781509952878389,0.16613977913573105,0.7142096263474346,0.3819958061980897,1983.8837209302326,36.03783794328282,8.674074992290766,0.2276480815444808,0.14916263037816785,0.20115363793239244,1.564767264252708
Track_16288,34,34,176,0,0,0,0,0,175.0,1.0,176.0,9.823139412707839,640.3599396380158,182.08200879351384,0.0,0.3574176013381851,5.568415745486655,0.038027794820559256,0.28325319854154796,0.4715108722553686,2714.7329545454545,62.54808023418238,10.392107396835597,0.1570494150408715,0.05613222521547336,0.15704941504087144,2.054392641237898
Track_16289,35,35,22,0,0,0,0,0,21.0,1.0,22.0,13.57997229974563,719.746510952609,456.7395794210137,0.0,1.5726511499350218,4.983351254376957,0.2671954740269461,1.2217995303315043,1.1682614164663807,3807.2272727272725,33.02567414863546,16.458438894020208,0.4111944010174497,0.6466653476069348,0.41119440101744975,1.4761738609743695
Track_16290,36,36,172,2,0,0,0,3,175.0,1.0,176.0,39.38633455288148,593.045199304258,578.0618549109716,0.0,1.2596087581808977,7.384375204876365,0.07538265429231285,0.7729512904347313,1.3785368294167548,2152.279069767442,218.30969447624534,40.43992519638714,0.1804149588838675,0.22506476887360846,0.178678313731831,1.511939769665853
Track_16291,37,37,176,0,0,0,0,0,175.0,1.0,176.0,3.5820348153036914,806.173512540072,332.0536217099095,0.0,0.37865318898716743,4.77646448646534,0.01538033475682369,0.2418865025020431,0.5137244810161753,3341.0113636363635,66.26430807275429,11.68140153792266,0.05405677535138267,0.020468770373163952,0.05405677535138266,1.5556995770588622
Track_16292,38,38,175,1,0,0,0,1,175.0,1.0,176.0,7.232529284316664,223.63894631713717,598.9845213503872,0.0,1.0238372060884195,6.284878536375452,0.011930285345790138,0.5010856209559824,1.3320863081233547,2297.72,178.51236570156772,7.232529284316664,0.04051556459908114,0.04132873876752379,0.04036651385762846,1.8756834361425878
Track_16293,39,39,70,6,0,0,0,11,95.0,1.0,96.0,14.44622583181355,512.2878614267999,95.65752307290094,0.0,1.3405733346220297,6.299989639845599,0.14252473973882035,0.7008152802014862,1.6568834991455152,2614.2714285714287,104.18599008570672,14.44622583181355,0.138658046249113,0.15206553507172157,0.1134332088699914,1.435310588786555
Track_16294,40,40,97,4,0,0,0,4,105.0,1.0,106.0,6.6550855079058815,622.9198603206897,334.014079042643,0.0,1.0408211453446456,5.474087558250128,0.09603267119090066,0.706099926295272,1.0438614351529356,2317.865979381443,105.45474857035585,7.222782026166185,0.06310844791845323,0.06338176674196078,0.0608959253234361,1.6792318992073756
Track_16295,41,41,176,0,0,0,0,0,175.0,1.0,176.0,2.728472451187656,428.1216618121943,17.997647266641227,0.0,0.2652551970435028,1.5974626750332626,0.01662781057620924,0.1946595365430746,0.2445720361190119,2830.659090909091,46.41965948261298,3.83007607064457,0.05877838143577156,0.015591271149643749,0.05877838143577155,1.660986128753709
Track_16296,42,42,176,0,0,0,0,0,175.0,1.0,176.0,1.7690581267478525,860.9934831784884,96.00932237627636,0.0,0.22449939741713978,1.3519921119434242,0.00206152307282167,0.15282946105884124,0.22092793876230668,2369.5,39.28739454799948,4.008162466552621,0.04502864460982519,0.0101089035814163,0.04502864460982521,1.9158940872436887
Track_16297,43,43,176,0,0,0,0,0,175.0,1.0,176.0,20.356719401931684,76.455073277714,390.81988506397414,0.0,0.782287421538538,5.696710734738588,0.04446335058085338,0.6081796611553834,0.7188538327846341,1895.5113636363637,136.90029876924413,22.39944940867581,0.1486974066889692,0.11632411086818105,0.14869740668896916,1.6831356230310535
Track_16298,44,44,175,0,0,0,0,0,174.0,2.0,176.0,18.157427115424465,23.66439162540886,82.9313489253973,0.0,0.6067669729876438,4.3933634683676726,0.01724703936009585,0.31105316078031686,0.8589394465527795,2432.2057142857143,105.57745329985,19.06629104318821,0.17198205249235976,0.10435302939899117,0.17198205249235973,1.8452019454381903
Track_16299,45,45,175,1,0,0,0,1,175.0,1.0,176.0,6.165330312793463,309.6922158317746,354.7768229528031,0.0,0.4913651144143776,2.5892114859831596,0.011370314134423645,0.3924662231978098,0.43700575065023933,1869.5028571428572,85.74581683663914,11.735294728485393,0.07190240340866426,0.035230458930248364,0.07169914569990787,1.716029668109045
Track_16300,46,46,176,0,0,0,0,0,175.0,1.0,176.0,6.804629003309311,355.23143950711113,600.4387511321462,0.0,0.3165147514559786,2.5269329756587138,0.02335998849723379,0.21322196305946478,0.352896650800228,2105.9602272727275,55.39008150479627,8.043147175824716,0.12284923254211304,0.03888359430462464,0.12284923254211307,1.6660537957858237
Track_16301,47,47,172,2,0,0,0,3,175.0,1.0,176.0,9.70870254408879,590.4004605318636,145.0713275547551,0.0,0.5590176638607562,3.2579552490197092,0.016077144777879304,0.41567139573291895,0.4660923163322669,2090.389534883721,98.66152757614829,9.70870254408879,0.09840413768776775,0.055478300251935946,0.09924248165752923,1.4802464086808098
Track_16302,48,48,176,0,0,0,0,0,175.0,1.0,176.0,5.748583105932102,732.0236053065538,226.51970264699983,0.0,0.307154576777953,3.20209320179085,0.025065298097565386,0.1624169141071703,0.41674367617675734,2579.9147727272725,53.75205093614178,5.883883179991722,0.1069463026212991,0.03284904631961201,0.1069463026212991,1.742074112367071
Track_16303,49,49,80,4,0,0,0,9,92.0,1.0,93.0,17.662260343019845,440.7872830456073,604.4338857033441,0.0,1.0958190619550838,6.444997610112196,0.09419124879629241,0.8845350260112563,0.9858092554662471,1945.4375,91.2994496525969,17.662260343019845,0.19345418192800096,0.19198109068499833,0.1751941514345252,1.5529152923598242
Track_16304,50,50,41,0,0,0,0,0,40.0,1.0,41.0,18.285015363282337,79.16421547479382,9.116923058973354,0.0,1.2498487584729978,4.116520382310935,0.1334118971646802,1.0921797851076724,0.876129360726589,2666.0975609756097,49.993950338919895,21.76660646241402,0.36574455987822985,0.45712538408205844,0.36574455987822974,1.4110099792718942
Track_16305,51,51,175,0,0,0,0,0,174.0,2.0,176.0,9.037933712683282,345.4700295061083,221.22810226860295,0.0,0.9877940096598254,5.153411668890201,0.06612199735042723,0.7039762616589106,0.8605580186944188,1961.5314285714285,171.87615768080963,10.13385478801688,0.052583987416495455,0.05194214777404185,0.052583987416495455,1.8352443083214809
Track_16306,52,52,176,0,0,0,0,0,175.0,1.0,176.0,0.4645972461923963,459.7851646171066,604.0712936063956,0.0,0.33033669425465595,6.631729992014274,0.021809055197861426,0.22947359362980752,0.6900642837892633,2001.9261363636363,57.8089214945648,5.86082072395742,0.008036774154938659,0.002654841406813693,0.00803677415493866,1.8680739824204742
Track_16307,53,53,176,0,0,0,0,0,175.0,1.0,176.0,31.199330773080256,679.659991812454,317.6587651618027,0.0,1.3234254342854945,4.820205455935019,0.047886975548131205,0.9479574759178949,1.1699445247091815,1854.7954545454545,231.5994509999615,35.176102200675004,0.13471245565726941,0.17828189013188717,0.1347124556572694,1.6723808884246674
Track_16308,54,54,147,11,0,0,0,6,174.0,2.0,176.0,26.63240406757959,292.70870953744554,355.9615083197136,0.0,1.0967732229304732,4.343885449463212,0.0811098784266761,0.8373096641260129,0.8266118990566087,2239.5578231292516,175.58900281032712,27.116217883499,0.15167467006090446,0.1530597934918367,0.13955464109788857,1.479366206203948
Track_16309,55,55,175,0,0,0,0,0,174.0,2.0,176.0,0.6244927188654494,679.1313212627464,454.5111104121418,0.0,0.4602912643956007,1.5169752836603192,0.025727583337859548,0.4393594146076576,0.284440143902016,3928.24,80.09068000483454,1.3756461370443853,0.007797320722308176,0.0035890386141692494,0.007797320722308178,1.963330182443888
Track_16310,56,56,176,0,0,0,0,0,175.0,1.0,176.0,1.89565228943788,59.58793002055499,454.0639932512695,0.0,0.35750218925319316,1.2025895293979296,0.044855473321636426,0.32561610936067653,0.20714394593905458,3532.619318181818,62.56288311930878,2.720566040910571,0.03029995094412177,0.010832298796787886,0.03029995094412176,1.9514479553903101
Track_16311,57,57,145,2,0,0,0,3,148.0,1.0,149.0,9.95431853865729,573.6037116084377,336.67491621690397,0.0,0.631031025128656,5.183502209614419,0.03607496875053301,0.2908612527661822,0.9315579133125083,3284.793103448276,92.3759555585714,12.664791953779247,0.10775876123246929,0.06725890904498169,0.10658574042578776,1.6036280706889934
Track_16312,58,58,176,0,0,0,0,0,175.0,1.0,176.0,7.916915501553309,707.235689433151,406.37514701466387,0.0,1.1373595455477998,8.324297976139913,0.03351714167476373,0.8642033076521983,1.020607718039281,2006.9602272727273,199.037920470865,23.32055196320907,0.03977591547793617,0.045239517151733195,0.039775915477936186,1.5957027762643372
Track_16313,59,59,176,0,0,0,0,0,175.0,1.0,176.0,10.958544748062955,528.685682369056,370.4108698125296,0.0,0.6148605842843359,9.87288383209325,0.0848952914136695,0.4870304656102509,0.7796841546860145,1992.8806818181818,107.60060224975877,13.263590294711026,0.1018446413768797,0.06262025570321689,0.10184464137687968,1.8492331831729283
Track_16314,60,60,176,0,0,0,0,0,175.0,1.0,176.0,3.525851365436111,414.14882204466323,413.1475887664819,0.0,0.16818491873383562,1.4487471912286054,0.007124507834137505,0.12642981722978253,0.16884079750881067,3913.125,29.43236077842126,3.6390554587943456,0.11979505796290515,0.02014772208820635,0.11979505796290525,1.7586503375715705
Track_16315,61,61,176,0,0,0,0,0,175.0,1.0,176.0,29.086510391338436,132.0490387242902,413.1827516270867,0.0,0.9736952394277186,7.197853815591798,0.03741124755083991,0.6028145060277508,1.0651223447870712,2004.7727272727273,170.3966668998506,32.2093529888949,0.17069882246249465,0.1662086308076482,0.1706988224624945,1.67106324101715
Track_16316,62,62,21,1,0,0,0,6,26.0,2.0,28.0,3.1252018482997976,195.72341954979865,603.4015635908485,0.0,0.5824855241689146,1.5001620774629423,0.17053129589786517,0.5290368986548445,0.3554354433821342,1855.6666666666667,14.332634191650314,3.2127103256841156,0.21804797405074566,0.12020007108845375,0.2063571815968374,1.4627728473038297
Track_16317,63,63,13,0,0,0,0,0,12.0,1.0,13.0,2.394136443819341,367.42065589525583,611.4819675189544,0.0,0.5922848638366749,2.461300986765459,0.07799166068421724,0.5430556919343982,0.6334593864222239,2381.0,7.107418366040099,2.394136443819341,0.3368503612027042,0.1995113703182784,0.3368503612027042,1.9594891672677088
Track_16318,64,64,10,0,0,0,0,0,9.0,1.0,10.0,12.266625448124705,773.9285348432248,146.66725869234145,0.0,3.6816159523650076,5.463592757777179,2.0463726560589004,3.809630022761886,1.3697747898334411,3283.2,33.13454357128507,12.266625448124705,0.37020656167285065,1.3629583831249672,0.3702065616728507,1.4446042678241706
Track_16319,65,65,176,0,0,0,0,0,175.0,1.0,176.0,4.633685654680688,455.9622743543097,188.38975515525527,0.0,0.28468775911784144,1.7725000993348814,0.015715577809832567,0.23410219757348755,0.22160259857889553,3664.221590909091,49.82035784562221,6.411279353492262,0.09300787579726019,0.026478203741032505,0.09300787579726012,1.654910345024635
Track_16320,66,66,29,0,0,0,0,0,28.0,1.0,29.0,3.248706475497015,575.0555382880342,530.3829442129947,0.0,0.4945212820693161,1.762616436343344,0.05354500458890762,0.39824517597419967,0.36456786713722145,2919.103448275862,13.846595897940851,3.8169608829262436,0.2346213104969818,0.11602523126775054,0.23462131049698182,1.7425820047032787
Track_16321,67,67,12,1,0,0,0,1,12.0,1.0,13.0,10.656921529420787,265.88162542604385,370.0246006711556,0.0,1.233165144337093,2.788515714615555,0.2610158489881078,1.3167718944483229,0.7611609245261605,2271.1666666666665,15.149966079071302,10.656921529420787,0.7034287386387376,0.8880767941183989,0.7201604733936899,1.7027242439655903
Track_16322,68,68,176,0,0,0,0,0,175.0,1.0,176.0,4.429199227214349,859.33129842698,190.9948860804744,0.0,0.17796023400792738,2.010935901120296,0.014841532622230483,0.14177703638634748,0.19866890784353494,2219.494318181818,31.14304095138728,4.672310118851077,0.14222115412968522,0.02530970986979628,0.14222115412968517,1.8227100646794692
Track_16323,69,69,175,1,0,0,0,1,175.0,1.0,176.0,9.00159423336502,557.2841428745699,532.0396989964896,0.0,0.4254818340159724,7.401905254845597,0.01829174388082408,0.3126322955684873,0.6140395491838235,5715.622857142857,74.947156980695,9.902069857658454,0.12010587987591931,0.0514376813335144,0.12089277901247238,1.7448241474107509
Track_16324,70,70,161,4,0,0,0,8,175.0,1.0,176.0,15.948989725900129,490.1539339014061,52.44562782202652,0.0,0.8250616695772742,3.1107722196658414,0.07012827541885953,0.7419593549351348,0.5489528286128669,1794.6024844720496,135.7040575238093,21.93089468556354,0.11752772921400582,0.09113708414800073,0.110460935840948,1.5989054359552675
Track_16325,71,71,176,0,0,0,0,0,175.0,1.0,176.0,1.4941473191081536,97.30139189499918,120.87939335645942,0.0,0.2580905778599008,2.123734995589672,0.003517551939691698,0.10809253654575582,0.44638951169387864,3736.0738636363635,45.16585112548265,3.056692099202407,0.03308134977811042,0.00853798468061802,0.033081349778110426,1.8695404493314616
Track_16326,72,72,176,0,0,0,0,0,175.0,1.0,176.0,6.312587014626712,713.358057787838,372.08049304879995,0.0,0.7387120988485475,8.484053661904685,0.02329810303104893,0.46571331414222683,1.0340760468134986,2855.1761363636365,129.27461729849577,9.698555492774497,0.04883083119133059,0.03607192579786692,0.04883083119133057,1.4586977997327024
Track_16327,73,73,176,0,0,0,0,0,175.0,1.0,176.0,23.82430586155245,30.013596110047317,359.5849284217834,0.0,1.1671038804280776,4.980648788187032,0.040188491034142314,0.7318650377961087,1.117132090330904,2335.465909090909,204.2431790749136,24.138417556848935,0.11664676377179783,0.13613889063744258,0.11664676377179786,1.772999384135444
Track_16328,74,74,176,0,0,0,0,0,175.0,1.0,176.0,4.184664645928987,434.87294163221344,151.22775274525188,0.0,0.42016337578628793,2.8484779686570993,0.030862810309019134,0.3562288681688614,0.3367565305498089,1837.3806818181818,73.52859076260032,5.066400290448441,0.05691207464372459,0.023912369405308498,0.05691207464372453,2.0391039437730853
Track_16329,75,75,176,0,0,0,0,0,175.0,1.0,176.0,3.9576930602571476,671.1116199636402,196.85705143107472,0.0,0.3695111635413715,2.1948007874598305,0.013139441812767291,0.2653694701989159,0.3508789789723654,5170.602272727273,64.66445361974002,5.083152255760984,0.061203533606429314,0.022615388915755128,0.061203533606429314,1.737768440495737
Track_16330,76,76,26,4,0,0,0,10,47.0,1.0,48.0,9.904249741217146,61.872402467028984,418.7432948131204,0.0,1.542216073145294,5.2612790146246535,0.20420647293021754,1.0859790166758738,1.233020182772751,2106.653846153846,51.61083516284803,10.812275732784109,0.19190252802471025,0.21072871789823716,0.13664020338503122,1.6070919563416897
Track_16331,77,77,176,0,0,0,0,0,175.0,1.0,176.0,1.5062443686755114,162.3838925725024,121.49139057763999,0.0,0.11703797457750452,0.3945452810483269,0.01418359551668333,0.09405966191505444,0.07978003906882077,4704.221590909091,20.4816455510633,1.8441847865267267,0.07354117934129151,0.008607110678145779,0.07354117934129153,1.7994035428686437
Track_16332,78,78,65,6,0,0,0,11,96.0,1.0,97.0,3.0171986924034333,724.9046079156084,424.81851611371314,0.0,1.024333043287397,4.160588532651387,0.055078175303027326,0.7744154989567222,0.9159439092478482,2326.0153846153844,79.54693386879902,9.541012153662189,0.037929792459126824,0.031429153045869095,0.030682553151857098,1.4643023928143193
Track_16333,79,79,11,1,0,0,0,8,18.0,1.0,19.0,8.34703858524228,859.7279053429901,614.6828957686787,0.0,1.4899460136276879,3.8951821285171495,0.33867555500305174,1.4852974887168546,1.0714550766686375,1899.0,17.608864576301293,8.34703858524228,0.47402480432929534,0.4637243658467934,0.311235683444481,1.2945934284434122
Track_16334,80,80,175,0,0,0,0,0,174.0,2.0,176.0,10.947494990360429,754.037983063668,224.97675852205867,0.0,0.720511808269034,5.060315234679489,0.009923818590188784,0.6149641457425312,0.6336920685956422,2255.9714285714285,125.36905463881195,12.488548924941057,0.08732214677617332,0.06291663787563465,0.08732214677617332,1.712730875010854
Track_16335,81,81,175,0,0,0,0,0,174.0,2.0,176.0,7.206062781171062,385.0779776836689,156.8266163674173,0.0,0.326164320563286,2.008781924222485,0.025643723156366406,0.24528252411548468,0.30507268502257606,2034.0057142857142,56.75259177801175,8.282737825836982,0.1269732809623504,0.04141415391477622,0.12697328096235036,1.6004293339815199
Track_16336,82,82,55,1,0,0,0,1,55.0,1.0,56.0,9.776615793782168,367.1041085404853,332.7179440184244,0.0,0.5896493903543658,2.8765117732233154,0.09949219286054793,0.43750476347310974,0.4985336902622172,2036.490909090909,33.38652577236147,11.108953938399273,0.2928311816701692,0.17775665079603942,0.3014616036306113,1.6263031755950175
Track_16337,83,83,147,7,0,0,0,8,175.0,1.0,176.0,6.998605541797312,264.81257669484734,475.37986935201593,0.0,1.311663513255647,5.410029818489965,0.033988005925000994,0.722405903868302,1.2550006590052158,2262.2448979591836,201.56188308930697,11.070610764185155,0.03472187019951787,0.03999203166741321,0.030489551064929756,1.9156544024196889
Track_16338,84,84,176,0,0,0,0,0,175.0,1.0,176.0,6.018446227030276,748.7273490613018,159.33079455052894,0.0,0.19404960880272842,4.875464428164833,0.004450089328744976,0.101862029119246,0.4384887797116987,1752.909090909091,33.95868154047747,6.892941262847245,0.1772285010493271,0.03439112129731586,0.17722850104932708,1.929616885771155
Track_16339,85,85,45,4,0,0,0,7,64.0,1.0,65.0,1.3997880743480602,396.85230027888366,231.7932735911258,0.0,0.2896792228084015,1.2553716772040338,0.00715607327408759,0.2805477744736687,0.22572621439629467,1775.8444444444444,16.886816866878675,2.811484127188733,0.08289235830427964,0.02187168866168844,0.07550313222206732,1.409107227315764
Track_16340,86,86,175,1,0,0,0,1,175.0,1.0,176.0,1.0061427664388816,852.673815976455,63.92635923684063,0.0,1.1971762758651296,6.427085740954117,0.04460881186528004,0.9857952991836605,0.9248767457703087,3551.022857142857,209.00144293049104,26.46283560761507,0.004814046986142105,0.005749387236793609,0.004802456708089092,1.4894204089210243
Track_16341,87,87,176,0,0,0,0,0,175.0,1.0,176.0,1.9687543007968127,659.7038802919377,475.45118834377536,0.0,0.47531223210849144,4.579458652753965,0.007731006451568794,0.21330165187953737,0.7944153188959443,3773.1420454545455,83.17964061898606,6.840618826815664,0.02366870409809678,0.011250024575981787,0.023668704098096797,1.8578537768689258
Track_16342,88,88,176,0,0,0,0,0,175.0,1.0,176.0,2.2036980287048213,707.3576520482452,478.3182526950348,0.0,0.34583372491277564,2.392290882143774,0.0343924381604377,0.25496285859679074,0.36135207353314336,2394.1875,60.52090185973572,5.234458174356394,0.036412180932335565,0.012592560164027551,0.03641218093233556,1.8680338520434034
Track_16343,89,89,31,4,0,0,0,3,37.0,1.0,38.0,25.54788563556039,413.27490984108874,619.6740720899559,0.0,2.030421386486383,7.623806402374496,0.12861308590278345,1.156769135916598,2.101933470971748,1945.9354838709678,67.50181650901952,25.54788563556039,0.378477009313471,0.6904833955556863,0.3400690123494801,1.4196410462779412
Track_16344,90,90,176,0,0,0,0,0,175.0,1.0,176.0,10.886520696656243,823.7632496261435,25.87617867266241,0.0,0.375412204535854,2.950788346447337,0.03239835094304699,0.28272944745249207,0.3960157429754715,5525.801136363636,65.69713579377445,14.589126993674219,0.16570769128854265,0.06220868969517853,0.16570769128854265,1.4865077352457206
Track_16345,91,91,176,0,0,0,0,0,175.0,1.0,176.0,0.3422917466400082,251.2095835347795,542.1292327351618,0.0,0.281440119130072,2.3608890602556674,0.010866719073736517,0.18689428036828756,0.3154600447334744,4002.340909090909,49.2520208477626,3.2594581628350947,0.0069498010588850325,0.0019559528379429043,0.006949801058885033,1.8732806925357586
Track_16346,92,92,176,0,0,0,0,0,175.0,1.0,176.0,3.0445849052418676,607.0925792230563,480.66834495138846,0.0,0.3769301070203515,2.595426512277613,0.020440743656721622,0.2544747736198428,0.43899361702213113,2004.840909090909,65.9627687285615,5.809525318070323,0.046156111453878074,0.01739762802995353,0.04615611145387807,1.889578737490942
Track_16347,93,93,176,0,0,0,0,0,175.0,1.0,176.0,22.558861649082036,196.58724795145838,325.75224160407265,0.0,0.6189495350371947,6.937309412922127,0.01922061418045828,0.3690360616492174,0.7691285723894807,2204.4886363636365,108.31616863150914,23.768991259705302,0.2082686447840223,0.12890778085189736,0.20826864478402243,1.5975138970386453
Track_16348,94,94,176,0,0,0,0,0,175.0,1.0,176.0,30.671128166136683,577.7748778618306,438.86096475416366,0.0,0.9081857363560114,6.748929369778,0.0292156272571739,0.7274698107126357,0.8164700664587107,1974.590909090909,158.9325038623021,33.334969092609924,0.1929820988204522,0.17526358952078105,0.19298209882045234,1.5669591173712902
Track_16349,95,95,176,0,0,0,0,0,175.0,1.0,176.0,10.12141316066707,617.1093673004135,536.9188736191062,0.0,0.5373330693293661,4.055282624972969,0.01629117994476226,0.37989959934560336,0.5342530585339912,2157.3352272727275,94.03328713263903,10.28620821527002,0.10763649202638496,0.057836646632383255,0.10763649202638494,1.9112665879828354
Track_16350,96,96,31,0,0,0,0,0,30.0,1.0,31.0,5.094484722428107,299.96484005659494,121.07536906843313,0.0,1.1367692900595867,3.576090614112535,0.10515344523737309,0.7672687141226515,1.0746631842837964,1903.0645161290322,34.10307870178762,8.301978613116944,0.14938489181509187,0.16981615741427022,0.14938489181509193,1.8263677955875168
Track_16351,97,97,176,0,0,0,0,0,175.0,1.0,176.0,2.581675596911166,731.3969923928403,157.70170655270323,0.0,0.5657040715894834,2.599165280856388,0.036206063396521576,0.4996879704522858,0.37375974392066685,1972.215909090909,98.99821252815963,5.575071640380208,0.026078002127329514,0.01475243198234952,0.026078002127329518,1.678492818769082
Track_16352,98,98,176,0,0,0,0,0,175.0,1.0,176.0,7.715245127889048,230.28575743905597,422.14351292402023,0.0,0.5180823867789289,2.1035594637483923,0.020798396828752265,0.4204681830059858,0.3800064706742589,2666.75,90.66441768631256,9.836707982908873,0.08509672619949783,0.044087115016508846,0.08509672619949782,1.7873168087212197
Track_16353,99,99,176,0,0,0,0,0,175.0,1.0,176.0,14.407296019403041,789.3805193560934,470.83647600002934,0.0,0.8913553726001853,4.780162973537164,0.0354001460955113,0.5846979360068797,0.8788703002992859,3564.2670454545455,155.98719020503236,34.40732020039116,0.09236204588636947,0.08232740582516024,0.09236204588636944,1.477676375074247
Track_16354,100,100,67,2,0,0,0,3,72.0,1.0,73.0,4.747305036488566,861.7372691656569,456.77425365567507,0.0,0.6055385309861783,2.7208905426219014,0.06780591590262974,0.45272673414162085,0.47474647937716347,2113.507462686567,42.05417155931511,5.407789450407408,0.11288547272397821,0.0659347921734523,0.10888620426196677,1.5089152856908665
Track_16355,101,101,176,0,0,0,0,0,175.0,1.0,176.0,5.58709462166554,446.46422128167416,384.9641070684049,0.0,0.25292188618613587,1.0081919916333706,0.008563768502268589,0.21912109040830005,0.16956483255792482,2378.590909090909,44.26133008257379,5.76367396703397,0.12622970460314398,0.031926254980945944,0.12622970460314403,1.5554004774573031
Track_16356,102,102,176,0,0,0,0,0,175.0,1.0,176.0,18.1690853960357,816.3615301348941,471.6888911562331,0.0,0.5647798646149066,2.856194437462272,0.03169566715946502,0.430595631030968,0.4878363254530573,2257.1477272727275,98.83647630760859,22.745933939873613,0.18382975673361815,0.10382334512020401,0.18382975673361804,1.6715404712472848
Track_16357,103,103,172,1,0,0,0,4,175.0,1.0,176.0,2.893748339744335,537.8573087476636,456.93005673321875,0.0,0.36958759587268775,3.239771884698893,0.01705970684428328,0.19636917459170933,0.5684228931052545,2135.029069767442,64.90443940498534,4.43757660300599,0.04458475207971775,0.016535704798539056,0.044740962584239784,1.9325468425760541
Track_16358,104,104,176,0,0,0,0,0,175.0,1.0,176.0,2.736629990294926,791.7821223014779,27.10778072829154,0.0,0.41987593603620676,1.986738320439454,0.006770430985018585,0.3107771804193795,0.35703531108940495,1685.5568181818182,73.4782888063362,3.0916014899785007,0.03724406263063301,0.01563788565882815,0.03724406263063302,1.7677707891870968
Track_16359,105,105,43,3,0,0,0,10,59.0,1.0,60.0,14.21444792071778,413.0002481470361,620.5153452874248,0.0,1.4640514029262444,6.224931487089337,0.25603322860439187,0.953894964894954,1.3125245405342225,1932.5348837209303,78.47107517454474,16.913636863755837,0.18114251511273813,0.24092284611386067,0.16455900771811754,1.5946641759990365
Track_16360,106,106,175,0,0,0,0,0,174.0,2.0,176.0,11.804515286665103,365.18024910147403,127.46704873981717,0.0,0.8199474248633508,8.423205512779523,0.029907569134730923,0.48659068248945314,0.9681217644533723,3639.7942857142857,142.67085192622304,26.631569031631866,0.08273950233905782,0.06784204187738564,0.08273950233905782,1.3468213151255122
Track_16361,107,107,167,5,0,0,0,3,174.0,2.0,176.0,6.3133269292729235,246.4005495249843,482.5311160069314,0.0,0.8643224609768286,5.305517727650314,0.07317320805860969,0.7091517549963516,0.71853115586034,2026.6107784431138,148.22171711121493,7.94154409914617,0.042593805093594055,0.03628348809926968,0.04197911050265115,1.7418764114895415
Track_16362,108,108,176,0,0,0,0,0,175.0,1.0,176.0,5.975879690976224,818.542755243785,619.8328593883901,0.0,0.500767375874433,2.3926996269210736,0.013284831460053872,0.2843500937784539,0.5392701711236008,3120.971590909091,87.63429077802576,7.48553864169273,0.06819111146928654,0.03414788394843556,0.06819111146928653,1.9493293613887424
Track_16363,109,109,175,1,0,0,0,1,175.0,1.0,176.0,3.383974710298938,489.50497649548225,76.25986120755137,0.0,0.494519840438549,2.9566524916086925,0.014115903494348972,0.26507544968501867,0.5638026101905266,4239.331428571429,86.5089405927429,9.939530156015849,0.039117051799647334,0.01933699834456536,0.03910257337181247,1.6300781597490752
Track_16364,110,110,114,12,0,0,0,8,160.0,2.0,162.0,10.850928184518143,48.273120636511514,154.33188198071983,0.0,1.40409735513108,8.301980042865397,0.06739038348623494,0.7740469950215766,1.4884835452478313,2286.3859649122805,185.1497079214531,17.612669723515697,0.05860623981714019,0.06781830115323839,0.04830028409739949,1.6418846090199837
Track_16365,111,111,168,3,0,0,0,5,174.0,2.0,176.0,5.184181336562277,196.00754966584074,613.52971676568,0.0,0.8926070735596303,6.2408579565548425,0.016443389158809874,0.7338546334765171,0.7657137555744358,2053.6488095238096,150.69532985027502,10.470624465381734,0.03440173853903155,0.02979414561242688,0.03337879173824012,1.6494184120321127
Track_16366,112,112,176,0,0,0,0,0,175.0,1.0,176.0,20.876492456085625,50.31422917862515,529.9458974022838,0.0,0.5623285541824523,4.546335142982498,0.03468015249905073,0.4470608007837801,0.5250008126584588,2073.3579545454545,98.4074969819292,21.829880914443983,0.21214331322662566,0.11929424260620357,0.21214331322662575,1.8633209863863756
Track_16367,113,113,176,0,0,0,0,0,175.0,1.0,176.0,2.186038800167428,395.64535775144196,277.1984685388929,0.0,0.19270210343561095,2.956066322634032,0.007565259541600058,0.1262524396008206,0.30331317804979796,2664.4375,33.722868101231896,3.41078992543894,0.06482363224875205,0.012491650286671017,0.06482363224875201,1.7908046671458655
Track_16368,114,114,31,0,0,0,0,0,30.0,2.0,32.0,2.272486429110372,353.3652528260786,621.3424793451819,0.0,0.9240531501665149,3.3196742460083817,0.2833294092205267,0.7303588367155963,0.6674792484610087,2143.451612903226,27.721594504995448,5.086535444093349,0.08197531454047019,0.0757495476370124,0.0819753145404702,1.5338143801758364
Track_16369,115,115,5,0,0,0,0,0,4.0,1.0,5.0,11.894152804069945,130.16584383835948,484.0986468467545,0.0,3.306274002023791,9.855905230796617,0.7763162319851278,1.35190172256843,4.3735338693452155,2576.8,13.225096008095163,11.894152804069945,0.8993623030630145,2.9735382010174862,0.8993623030630143,1.6658252019096216
Track_16370,116,116,175,1,0,0,0,1,175.0,1.0,176.0,10.819490443152851,147.44467738690864,534.423692041268,0.0,0.9174564642692143,4.564692895111308,0.021927648221023832,0.6510837721753571,0.8783280374971673,2609.674285714286,159.74538469980544,22.391423872517173,0.06772959646680815,0.06182565967515915,0.06738811276936767,1.6152893263872192
Track_16371,117,117,176,0,0,0,0,0,175.0,1.0,176.0,6.561927196449003,325.05093061070966,191.56126980196595,0.0,0.5203144984559631,4.2125986438447605,0.02339206419926784,0.3434460020184811,0.5343732893658256,2240.7329545454545,91.05503722979361,9.200366165029905,0.07206550451337261,0.03749672683685144,0.07206550451337267,1.6713785197489817
Track_16372,118,118,176,0,0,0,0,0,175.0,1.0,176.0,6.446678493166455,370.707140818862,274.41819956400957,0.0,0.2564219555109725,2.6257521590040143,0.010086366737428264,0.18074970116596556,0.31509791570033024,3343.193181818182,44.873842214420186,11.209761842078699,0.14366228018457528,0.036838162818094024,0.14366228018457525,1.5502070063691555
Track_16373,119,119,176,0,0,0,0,0,175.0,1.0,176.0,1.0310120908375555,121.13395181982342,428.78348071417764,0.0,0.5673618751853937,5.90221100235429,0.017391402124788857,0.412732190172141,0.6492918663802731,2322.8125,99.28832815744391,11.486368807856575,0.010384021062401761,0.005891497661928888,0.010384021062401763,1.5774805023416283
Track_16374,120,120,176,0,0,0,0,0,175.0,1.0,176.0,13.573954152113997,318.7385829500614,536.8975255459444,0.0,0.758652200936677,4.106713912001268,0.07753605061887542,0.5924919854961104,0.6584096933519096,3759.028409090909,132.76413516391852,20.26640148504834,0.10224112208733768,0.07756545229779427,0.10224112208733774,1.606066157623992
Track_16375,121,121,174,1,0,0,0,1,174.0,2.0,176.0,11.374971456762228,140.59876048593497,437.8022343556452,0.0,1.0051053476690601,7.491997211247324,0.043338836368567626,0.700478875564047,0.9879210212376974,2376.712643678161,174.57397849996423,12.713112415680486,0.06515845920739304,0.06537339917679441,0.06504134052057514,1.6877175870877825
Track_16376,122,122,174,2,0,0,0,1,175.0,1.0,176.0,6.000273617197165,19.077539957665063,199.26941186886756,0.0,0.7909890051858265,3.532569667321087,0.09408842889277717,0.6439416241175415,0.5795696214710291,2074.557471264368,137.36453574975826,11.362579520839251,0.04368138824512953,0.03428727781255523,0.04334735070622144,1.6609018916114504
Track_16377,123,123,175,0,0,0,0,0,174.0,2.0,176.0,15.066733974924947,626.340547258123,199.80737994966032,0.0,1.1277548214468576,5.1835554342520735,0.08140832206721212,0.9671401103440738,0.7898612688206574,1699.9771428571428,196.22933893175326,20.175208769456166,0.07678125022968668,0.08659042514324682,0.0767812502296867,1.5926055413831601
Track_16378,124,124,4,0,0,0,0,0,3.0,2.0,5.0,1.9679032808341446,146.81552850406015,492.2795435386111,0.0,1.58211185508174,1.9129289677073837,1.313774988534306,1.5196316090035304,0.3044243888919356,2684.25,4.746335565245221,1.9679032808341446,0.4146152866316506,0.6559677602780482,0.41461528663165065,1.4123859963738812
Track_16379,125,125,175,1,0,0,0,1,175.0,1.0,176.0,9.435960254958182,81.16860064501051,202.0487223786367,0.0,0.5414116847402693,2.8452862938589565,0.03937310396100664,0.48234011969066565,0.35981511679186245,1855.4171428571428,94.96774499495285,10.348179492927986,0.09935963263589827,0.05391977288547533,0.09959107718804071,1.9941810689959392
Track_16380,126,126,165,3,0,0,0,7,175.0,1.0,176.0,11.370519007949717,816.1949060232124,228.97398663164958,0.0,0.7042134669745445,2.62798451553598,0.07043932724078691,0.6189205735542008,0.44504832444560755,2115.3636363636365,121.08813330053347,12.850084228293925,0.0939028350509688,0.06497439433114124,0.09226519710037,1.677698602482245
Track_16381,127,127,176,0,0,0,0,0,175.0,1.0,176.0,4.693102549426152,67.75260981802505,281.0710780232724,0.0,0.5685067283300618,3.6311446688527953,0.022101689053839378,0.4866653314262961,0.4783041444534634,2201.806818181818,99.48867745776084,7.611057351008808,0.047172227728312775,0.02681772885386373,0.047172227728312796,1.7573972651562684
Track_16382,128,128,3,0,0,0,0,0,2.0,1.0,3.0,5.2668511648607135,147.10381207162126,621.2959681085516,0.0,2.6492439022124703,3.142889925454267,2.1555978789706742,3.142889925454267,0.6981209010800924,3352.3333333333335,5.298487804424941,5.2668511648607135,0.9940291191124746,2.6334255824303567,0.9940291191124746,0.22257956450839744
Track_16383,129,129,176,0,0,0,0,0,175.0,1.0,176.0,9.424462664926784,698.453240398644,461.45399143752604,0.0,0.667357342167852,9.39464230676918,0.03909194527778708,0.4859977065973931,0.8557358979397045,2087.3522727272725,116.78753487937406,12.122751316511186,0.08069750487208242,0.05385407237101019,0.08069750487208238,1.8107792230788293
Track_16384,130,130,176,0,0,0,0,0,175.0,1.0,176.0,11.759421129444041,514.9980519214613,436.8171290570992,0.0,0.6770381239838908,4.755883261888904,0.014615189575933326,0.45825011624712597,0.7691636098427016,5376.244318181818,118.48167169718094,16.168700861449096,0.09925097241621579,0.06719669216825166,0.09925097241621583,1.3613238397124068
Track_16385,131,131,5,0,0,0,0,0,4.0,1.0,5.0,5.87999792765726,767.3729707574797,161.9091817641453,0.0,1.6269181321256512,2.391507979614025,0.287836541737537,2.0868263530239752,0.9313757021672772,1826.0,6.507672528502605,5.87999792765726,0.9035485270507656,1.469999481914315,0.9035485270507656,0.9960874305431755
Track_16386,132,132,176,0,0,0,0,0,175.0,1.0,176.0,21.925229375077976,17.688713560137966,612.58816654478,0.0,0.7147788719666883,3.0199180190091854,0.03964349506828907,0.5998816599285937,0.4776801039299219,2457.3977272727275,125.0863025941705,24.538234485365237,0.17528081748656446,0.12528702500044558,0.17528081748656454,1.5131673197709552
Track_16387,133,133,170,1,0,0,0,6,175.0,1.0,176.0,9.559916212638619,422.0460251461065,283.06543678930046,0.0,0.65492639336249,3.3224133584119735,0.043864057720923444,0.5625133634454877,0.44565919194018544,2041.605882352941,110.96019389073811,11.25213107298728,0.086156268094234,0.05462809264364925,0.08341104160298145,1.7296421137254232
Track_16388,134,134,176,0,0,0,0,0,175.0,1.0,176.0,8.776212124080438,328.11109450533036,461.33265165239607,0.0,0.3825671705631223,2.1680776652833322,0.03857155475151561,0.32980873046923237,0.29282189892920857,2863.903409090909,66.94925484854643,8.860789827736339,0.13108752508051227,0.05014978356617393,0.13108752508051233,1.9783727902987132
Track_16389,135,135,137,10,0,0,0,11,168.0,1.0,169.0,19.556721817245894,253.47774224273377,612.9635917080344,0.0,1.3001612702744911,6.1563612731898445,0.02133936614838887,0.8766634450822453,1.2927023348355173,2807.8613138686133,188.53608580800758,22.48043158664136,0.10372932976428256,0.11640905843598746,0.0895343224701741,1.6816425263422936
Track_16390,136,136,6,0,0,0,0,0,5.0,1.0,6.0,1.2379084826487339,759.9224282394794,121.82068152677171,0.0,1.0632280500856388,1.7495054590582002,0.322131344122022,1.3131111761688303,0.6064608861850623,1953.0,5.3161402504281945,1.7495054590582002,0.23285850717520576,0.24758169652974676,0.23285850717520576,1.5228365491111235
Track_16391,137,137,30,8,0,0,0,10,69.0,2.0,71.0,6.26045429650013,237.39794166896675,552.8206630533188,0.0,0.9941045456610256,5.466529638301241,0.04070826722961626,0.5289163952053401,1.2051935102664155,2208.6666666666665,45.36764092569542,6.26045429650013,0.1379938248663558,0.09073122168840769,0.09126929565348316,1.6318374425909978
Track_16392,138,138,175,1,0,0,0,1,175.0,1.0,176.0,10.618625706329698,861.4796314346999,259.5683261056888,0.0,0.49562454511607446,2.9776041624626255,0.016750942946093843,0.4089097417433786,0.44194904688894043,2347.194285714286,86.78906796984704,10.618625706329698,0.12234980689064327,0.06067786117902685,0.12242707060606975,1.719081330054921
Track_16393,139,139,176,0,0,0,0,0,175.0,1.0,176.0,4.769707769582993,187.00318005240652,488.05536569476425,0.0,0.35027788125047904,2.7302047787237966,0.03785852330995576,0.26481388160921443,0.3160177013455517,1927.3522727272727,61.29862921883386,5.653509051424238,0.07781100214419659,0.027255472969045676,0.07781100214419663,1.9175877486938941
Track_16394,140,140,20,0,0,0,0,0,19.0,1.0,20.0,0.8840104050916225,389.4130490847412,624.4604884950146,0.0,0.8131777144948725,2.3802074559344377,0.34292586510228973,0.6210161511681397,0.5266146173397785,2017.2,15.45037657540258,3.069432650589773,0.057216107373006767,0.04652686342587487,0.05721610737300677,1.8173867472401766
Track_16395,141,141,76,1,0,0,0,1,76.0,1.0,77.0,4.7020823326848795,511.8015421193024,194.814344193743,0.0,0.9178336344685623,3.7063743892129906,0.060563454611205415,0.8175386018198304,0.6653906373007163,2142.5526315789475,69.51796315186257,7.701655897114225,0.06763837890953653,0.061869504377432626,0.06740819038872538,1.614015676991973
Track_16396,142,142,176,0,0,0,0,0,175.0,1.0,176.0,7.752316195406209,413.58732129512396,163.01937121044588,0.0,0.2601040605479288,6.174703457576957,0.009652185510578587,0.1493328347987448,0.6312983144637113,2127.3579545454545,45.51821059588756,12.091765202628805,0.17031241109699088,0.04429894968803548,0.17031241109699097,1.7919028643995396
Track_16397,143,143,176,0,0,0,0,0,175.0,1.0,176.0,4.2257639763680475,70.46931157360744,622.7735189615343,0.0,0.5612478126828152,3.196967209475524,0.012945386432009383,0.35363428073260555,0.5998075459384805,2088.1136363636365,98.21836721949262,4.3955478627495,0.043024172524926615,0.024147222722103127,0.043024172524926595,1.8607210827513798
Track_16398,144,144,173,3,0,0,0,1,175.0,1.0,176.0,6.851213739834124,330.5625467278196,625.812156375826,0.0,0.5195180028453545,2.5956399040405893,0.012561013618840763,0.3818146660455876,0.42974474114183636,2425.2947976878613,91.28068260175598,6.929062150325626,0.07505655681525683,0.03914979279905214,0.07535791365194691,1.838255316253779
Track_16399,145,145,169,6,0,0,0,2,175.0,1.0,176.0,15.371055126456346,157.3013961356232,627.0208289968681,0.0,1.3214738041812082,8.085127256007722,0.03916840203264781,0.7973629379745674,1.381221720976577,2499.1775147928993,226.84203321165887,19.729401360713695,0.06776105340280617,0.0878346007226077,0.06646715239053146,1.5583803440151052
Track_16400,146,146,169,3,0,0,0,3,173.0,1.0,174.0,13.009159875332086,470.9958511923967,546.874235912031,0.0,0.8139651789880324,3.8323450060219972,0.06427402972554645,0.5696620133845857,0.8213935269666817,2104.994082840237,137.47668641416274,14.908380901903286,0.09462811633487184,0.07519745592677507,0.09238411896226913,1.876429852389443
Track_16401,147,147,176,0,0,0,0,0,175.0,1.0,176.0,5.669325744840175,580.6529301302287,495.47652125716445,0.0,0.611781945913005,5.692952713452263,0.011080169163170634,0.44088331126736724,0.6448347844051086,5641.761363636364,107.06184053477585,14.991998214696578,0.0529537481937709,0.03239614711337243,0.05295374819377088,1.4515423888340393
Track_16402,148,148,65,0,0,0,0,0,64.0,1.0,65.0,8.13125312859968,370.6225403900791,629.4358923555594,0.0,1.2480664405204913,5.42257250694181,0.11373787753347646,1.149237489095191,1.0283283563866887,2598.107692307692,79.87625219331143,11.439201512588127,0.10179813029936528,0.12705083013437,0.10179813029936527,1.5928508287249927
Track_16403,149,149,176,0,0,0,0,0,175.0,1.0,176.0,14.229627650177907,154.46163635477794,207.26855455449734,0.0,0.7801934769889327,5.7829913610445125,0.08683135944324813,0.6526988059271561,0.6730743319553569,3627.2897727272725,136.5338584730632,21.0779495502561,0.10422050478405893,0.08131215800101661,0.1042205047840589,1.606264331266019
Track_16404,150,150,176,0,0,0,0,0,175.0,1.0,176.0,1.4132282712808089,154.93607563764215,239.96854033087192,0.0,0.1790419768454715,2.4427228134602457,0.01186617725731327,0.1394658996840411,0.24526969458740094,3701.221590909091,31.332345947957535,2.5928646375080846,0.04510445127945911,0.008075590121604623,0.045104451279459154,1.8537971035775058
Track_16405,151,151,160,5,0,0,0,7,175.0,1.0,176.0,19.856376175779303,519.0010537288955,282.2611934976111,0.0,0.8253190373553492,4.4623622383234,0.05384353254694175,0.6310825115043159,0.6822910396453907,2005.6875,143.76915741084844,28.319865781983122,0.13811290636583362,0.11346500671873888,0.13748017625078168,1.6571728017345304
Track_16406,152,152,176,0,0,0,0,0,175.0,1.0,176.0,5.944702862280905,288.51812859176823,628.8999692337401,0.0,0.48651201219563295,2.0156895434927304,0.014614124792561588,0.44435100280989104,0.32547235751747794,2784.7897727272725,85.13960213423579,6.661626047676001,0.06982300496199359,0.03396973064160517,0.06982300496199359,1.8466746757386892
Track_16407,153,153,11,0,0,0,0,0,10.0,1.0,11.0,3.998900295536148,515.0295147846238,235.34612870615203,0.0,1.2474555896380086,2.0661100191007336,0.3316090039870137,1.5052881919222794,0.574285715997007,1805.1818181818182,12.474555896380085,5.586550491755136,0.3205645418364404,0.3998900295536148,0.32056454183644034,1.6210825042251715
Track_16408,154,154,176,0,0,0,0,0,175.0,1.0,176.0,17.79110711287681,745.1526902112648,389.20020423106035,0.0,0.6289243290881349,5.142565054585087,0.038429591650674326,0.3077351367452332,0.8449914538237069,2861.096590909091,110.06175759042355,19.72260204727494,0.1616465837215088,0.1016634692164389,0.16164658372150872,1.7231930870570553
Track_16409,155,155,165,1,0,0,0,11,175.0,1.0,176.0,122.89917182873553,641.0141090449558,116.71742682392886,0.0,1.5078911461172466,8.856536059209473,0.044961131634208486,0.8656961291363858,1.6246162155479766,2684.387878787879,253.83917564811262,133.95815654061175,0.4841615621975777,0.7022809818784888,0.46573718778496137,1.1039926018954145
Track_16410,156,156,176,0,0,0,0,0,175.0,1.0,176.0,8.796115399956886,189.74036250754915,630.0099420099734,0.0,0.45279953720588034,1.922072518462218,0.03987199710443915,0.3675473562077533,0.335620926469264,2080.8863636363635,79.2399190110291,9.546615095974293,0.11100611295088007,0.05026351657118221,0.11100611295088014,1.7054831427238901
Track_16411,157,157,4,0,0,0,0,0,3.0,1.0,4.0,7.685975247183152,190.16505521993798,391.44514219933615,0.0,3.942723747248052,6.512134458163886,1.903509071881398,3.4125277116988713,2.3496144076966976,3446.75,11.828171241744155,8.400031107902477,0.6498025003271592,2.561991749061051,0.6498025003271592,1.0823332611582166
Track_16412,158,158,174,2,0,0,0,1,175.0,1.0,176.0,4.0430016663464485,301.4473250375173,557.3832211601032,0.0,0.9190850772341608,5.506784303538703,0.022842306520467072,0.49641254513125754,1.077631889728242,2694.8563218390805,159.7067265816036,7.621225831397564,0.025315162065391406,0.02310286666483685,0.025136809678556877,1.7840951672158363
Track_16413,159,159,138,12,0,0,0,8,175.0,1.0,176.0,18.273221415986704,564.1423188804283,622.3490294808298,0.0,1.1015204102953071,12.592148781227284,0.03859108646792754,0.5638869924301918,1.6106745009204542,2481.036231884058,164.3745494535822,18.91941435824684,0.11116819164968654,0.1044184080913526,0.09479480099997331,1.535098406705745
Track_16414,160,160,176,0,0,0,0,0,175.0,1.0,176.0,20.57779644998989,532.4997806721683,488.5663181900942,0.0,0.6031710371213688,3.302389925634895,0.014215587780913098,0.48702889499349283,0.494462730802306,2403.6761363636365,105.55493149623956,20.761803468670607,0.19494869787986158,0.11758740828565652,0.1949486978798616,1.7830280906320353
Track_16415,161,161,145,9,0,0,0,11,175.0,1.0,176.0,5.981241461694105,700.1171174326165,426.2411913771289,0.0,0.8789212352650649,6.1869017102933475,0.057806964028669985,0.6786247118753136,0.8045777869302826,1890.9103448275862,137.67728857906462,10.682547853770918,0.0434439225483383,0.03417852263825203,0.0388869005172511,1.5824885535403987
Track_16416,162,162,86,7,0,0,0,3,97.0,2.0,99.0,2.5251183385688614,401.7789123743716,637.2294676750329,0.0,1.1976236820290007,4.6895468119941945,0.22830080627002294,0.969325695766145,0.8530195552597193,1958.7209302325582,116.19616557443912,6.36119438471612,0.021731511759320376,0.02603214782029754,0.02173650054764629,1.7512900737925998
Track_16417,163,163,175,0,0,0,0,0,174.0,2.0,176.0,4.531334061565938,156.79417488114237,96.87040468217114,0.0,0.9993866974627381,6.651754386176255,0.045981406168778764,0.6001256541376991,1.0410749308892775,2838.1428571428573,173.89328535851658,7.327753543464049,0.026058131297155413,0.02604214977911459,0.026058131297155437,1.7248195822040646
Track_16418,164,164,176,0,0,0,0,0,175.0,1.0,176.0,5.127171520143701,651.1284635398905,494.17942332660806,0.0,0.5948068804371378,4.301563101534654,0.02104424016632094,0.4570139364440532,0.5182770931781955,3193.119318181818,104.09120407649911,5.557024857360719,0.049256530036636145,0.02929812297224972,0.049256530036636145,1.8354225029908544
Track_16419,165,165,3,0,0,0,0,0,2.0,1.0,3.0,4.856895153581621,131.22614345889716,240.0242945832824,0.0,2.983141945607196,4.954730775635303,1.0115531155790891,4.954730775635303,2.788247662849052,2761.0,5.966283891214392,4.856895153581621,0.8140569979805364,2.4284475767908105,0.8140569979805364,1.7699531131078527
Track_16420,166,166,3,0,0,0,0,0,2.0,2.0,4.0,1.7370312682218318,217.0038054602463,284.54512787019627,0.0,1.3556092298225784,1.7392243473919653,0.9719941122531913,1.7392243473919653,0.5425137019979764,1671.6666666666667,2.7112184596451567,1.7370312682218318,0.6406828863392933,0.8685156341109159,0.6406828863392933,1.8563492874109195
Track_16421,167,167,176,0,0,0,0,0,175.0,1.0,176.0,1.3389798022849668,792.2273140967189,432.0837565610507,0.0,0.12163081473676353,0.5072439673211883,0.010960080978585463,0.09289671932230605,0.08740359288733437,2414.7727272727275,21.285392578933614,1.390478192170716,0.06290604212816679,0.007651313155914096,0.06290604212816678,1.8520049758775077
Track_16422,168,168,85,10,0,0,0,11,124.0,1.0,125.0,11.920915468904537,65.24378863902707,562.9799358350477,0.0,1.5856736077055427,7.622020218003046,0.017476446317213647,0.8045727252069018,1.832684015686762,2795.1882352941175,145.43889712183278,15.845376326118991,0.08196511184293773,0.09613641507181078,0.06062812334432394,1.4990406731806145
Track_16423,169,169,176,0,0,0,0,0,175.0,1.0,176.0,1.9764646293694206,328.14301400497123,289.4495049120159,0.0,0.16874393897643974,0.8547911966409948,0.011645856011376562,0.1525382580597849,0.11194301632318496,3408.755681818182,29.53018932087696,2.0989482598248475,0.06693030674111253,0.011294083596396689,0.06693030674111254,1.9944356979085085
Track_16424,170,170,176,0,0,0,0,0,175.0,1.0,176.0,5.906825012153344,822.9841358034897,165.69450118920074,0.0,0.5823076484361219,5.9967912874016,0.022597536178762756,0.4582988253052988,0.691953882969259,2353.1079545454545,101.90383847632135,8.415917994728566,0.0579646959375909,0.03375328578373339,0.05796469593759091,1.9411846033224929
Track_16425,171,171,25,0,0,0,0,0,24.0,2.0,26.0,6.039479296267777,265.0495354341302,97.60316067523274,0.0,0.9542589875085636,3.5208710164623973,0.10830253753426498,0.772541898483046,0.7767574983288305,2391.08,22.902215700205527,6.039479296267777,0.26370720524711405,0.25164497067782404,0.26370720524711405,1.6337070939016594
Track_16426,172,172,168,6,0,0,0,2,175.0,1.0,176.0,30.657817932168374,406.8124990396239,581.691886975357,0.0,1.2565332029418286,6.118062058243207,0.02000086166724481,0.8127842634380142,1.235318401410864,2571.3988095238096,217.45339310088073,40.58181052935507,0.1409856958081387,0.17518753104096213,0.1394213305552201,1.6555872120380482
Track_16427,173,173,85,3,0,0,0,1,87.0,1.0,88.0,13.741069059587405,108.18871475625974,40.7662574691358,0.0,0.8045344442514968,3.2541068442103795,0.028879623155944594,0.7062757670336018,0.5576047286595963,1792.9882352941177,68.30530111392434,13.741069059587405,0.20117134154300984,0.15794332252399315,0.19631642082264933,1.4612649789714043
Track_16428,174,174,95,1,0,0,0,1,95.0,1.0,96.0,0.621006064646312,426.97190861071215,204.17617803041037,0.0,0.19272872944712913,1.4616238318636858,0.011000038433646523,0.15015648753368196,0.1885726300255477,1702.9157894736843,18.279235957791453,1.4292546910284554,0.03397330534384894,0.00653690594364539,0.033917651833213824,1.7504388656012113
Track_16429,175,175,176,0,0,0,0,0,175.0,1.0,176.0,2.351634547854527,334.2481758095368,562.2152394160961,0.0,0.31562345667464875,1.6072799794421841,0.02809175220101374,0.2501788821465417,0.26265920004826115,1909.9431818181818,55.23410491806354,4.1221832686529565,0.04257577001280341,0.013437911702025868,0.04257577001280342,1.8773113274761568
Track_16430,176,176,29,0,0,0,0,0,28.0,1.0,29.0,9.920334639206043,118.65962108457063,494.65608920557577,0.0,1.6032456754254365,4.780454694451268,0.21315470506753503,1.3423925420342848,1.1437898188165365,2565.103448275862,44.89087891191223,11.526841673849747,0.22098775697112907,0.35429766568593013,0.22098775697112913,1.5608615169561175
Track_16431,177,177,176,0,0,0,0,0,175.0,1.0,176.0,3.2698949946980256,204.61591681107745,38.00800777641677,0.0,0.33883935588392317,1.95750833948649,0.015639136575690105,0.23735294834052006,0.32464205482999764,3612.7727272727275,59.296887279686565,4.897138439899996,0.05514446279911558,0.01868511425541729,0.05514446279911559,1.6338679597893309
Track_16432,178,178,176,0,0,0,0,0,175.0,1.0,176.0,4.517268677557424,432.62451390960274,433.04070652553327,0.0,0.8991597006921908,3.5838839207332556,0.09454118187259404,0.6221862342738117,0.7264609847623511,3203.7329545454545,157.35294762113327,12.14979742728609,0.028707874532060768,0.02581296387175671,0.02870787453206075,1.6941512068842715
Track_16433,179,179,142,8,0,0,0,9,171.0,2.0,173.0,13.376852389441732,816.8577954889591,487.1550769885129,0.0,0.7629569103841792,3.3201894032918005,0.06486930452595772,0.5624732434069747,0.6639647786467128,1781.4295774647887,113.87189774811884,18.393927287712458,0.1174728151016761,0.0782272069557996,0.10253161861579979,1.4539810691803787
Track_16434,180,180,42,0,0,0,0,0,41.0,1.0,42.0,14.732296747590095,255.551050907095,638.6958691715151,0.0,1.7188638300369703,13.712783642162943,0.23794775999077378,1.2049783769054676,2.1523500015637285,1982.452380952381,70.47341703151581,16.85036685510589,0.2090475723775646,0.3593243109168316,0.2090475723775647,1.8395933918324705
Track_16435,181,181,176,0,0,0,0,0,175.0,1.0,176.0,31.416614847271628,194.67631490263358,106.50452752404826,0.0,1.4441519509320477,8.278389986072522,0.04090243361657489,0.8274348655124075,1.3302548103915603,2094.625,252.7265914131084,33.112902986225535,0.12431068164061075,0.17952351341298073,0.12431068164061077,1.8346660822568166
Track_16436,182,182,176,0,0,0,0,0,175.0,1.0,176.0,3.3331577144338933,555.4827151080905,394.279979808113,0.0,0.5374695593672062,2.9918464089301975,0.0323252898900387,0.38893406553740145,0.5302023985699161,5592.8125,94.05717288926107,6.654845597569521,0.03543757070349342,0.01904661551105082,0.03543757070349341,1.6091012650902141
Track_16437,183,183,21,3,0,0,0,2,24.0,2.0,26.0,3.272149808352936,698.2239355133864,206.77552642460904,0.0,1.0504117533882686,3.523055084015627,0.0679091067775036,0.686728832218392,0.9976511125398139,2189.714285714286,23.544236191985277,7.65332667497647,0.13897880490456566,0.136339575348039,0.12979631550033044,1.5546565162114883
Track_16438,184,184,175,0,0,0,0,0,174.0,2.0,176.0,13.442024900450381,426.3133811116864,628.8129289076501,0.0,1.2943111185175729,5.919229048292482,0.06828274275663211,0.8570351335585852,1.1682452324429318,2164.9085714285716,225.2101346220577,22.86063154308284,0.05968658969547915,0.07725301666925506,0.05968658969547915,1.8282755937787185
Track_16439,185,185,75,1,0,0,0,3,77.0,2.0,79.0,8.662348378448327,449.0137438336534,566.4393764118603,0.0,1.0055726513597005,4.897134214684549,0.0637490633681152,0.7535987867222538,0.8772267165847155,2004.4666666666667,74.87813433073369,12.999237270049175,0.1156859536615467,0.11249803088893931,0.11187459278732707,1.6442245746824522
Track_16440,186,186,3,0,0,0,0,0,2.0,2.0,4.0,3.1196907480928866,127.80578014900948,564.6900931173733,0.0,1.5598565386012155,2.309192227840811,0.8105208493616203,2.309192227840811,1.0597206944928266,1841.3333333333333,3.119713077202431,3.1196907480928866,0.9999928425759063,1.5598453740464433,0.9999928425759063,0.008627728251035851
Track_16441,187,187,42,0,0,0,0,0,41.0,1.0,42.0,11.857282805190437,461.6102735842854,641.4527057979833,0.0,1.3020307750095421,4.190516181680248,0.40374905896456104,1.0882871325551822,0.847882610704867,2431.4761904761904,53.3832617753912,14.481092594284897,0.2221161167535935,0.28920201963879116,0.2221161167535934,1.527543586006796
Track_16442,188,188,176,0,0,0,0,0,175.0,1.0,176.0,5.173464209341617,396.53026029756614,171.82172832167126,0.0,0.1684625054102717,3.4327660383024408,0.004099288422852506,0.10910702462524526,0.3218948386374704,2719.3352272727275,29.480938446797555,5.370781677281786,0.17548505854648594,0.02956265262480924,0.175485058546486,1.9426698023038538
Track_16443,189,189,9,0,0,0,0,0,8.0,2.0,10.0,4.2268362161178565,228.8137143357984,297.6850544649399,0.0,2.5075783928468036,5.473248913682825,0.4989584796394756,2.117753205789144,1.6864897935914942,2489.4444444444443,20.060627142774432,10.074402105962195,0.21070309447630137,0.5283545270147321,0.2107030944763014,1.6504060097319433
Track_16444,190,190,162,5,0,0,0,8,175.0,1.0,176.0,5.008007330432332,374.37334015966593,105.90449161961882,0.0,0.7661309092888835,4.6268944392625375,0.015354349549518366,0.33707635412730147,1.0034670840598388,2596.617283950617,129.29065233837972,7.261364357676041,0.03873448884243671,0.028617184745327612,0.037352865415506926,1.7103684886546724
Track_16445,191,191,108,4,0,0,0,3,114.0,1.0,115.0,3.0405851638065977,488.007490335222,564.809619448706,0.0,1.0557902503426604,3.914932800452719,0.023330209805883757,0.7096042888654124,0.9360916223666664,2406.185185185185,115.00200406014875,4.555490311601336,0.026439410240331987,0.026671799682514014,0.025262403847599074,1.7048945853297892
Track_16446,192,192,3,0,0,0,0,0,2.0,1.0,3.0,13.207475947973927,37.98018353797363,40.20879284153293,0.0,9.196582567913849,15.439983787601966,2.953181348225733,15.439983787601966,8.829502680219658,1674.0,18.393165135827697,15.439983787601966,0.7180643380538859,6.603737973986964,0.7180643380538859,2.493021402291824
Track_16447,193,193,176,0,0,0,0,0,175.0,1.0,176.0,21.61093125031241,51.86918998159392,318.6816153956733,0.0,0.39185627109931415,6.975915378239561,0.012373539379674255,0.24486793054541034,0.632804389491929,5104.642045454545,68.57484744237998,22.7409081889666,0.31514370146387854,0.12349103571607092,0.31514370146387854,1.810551022236687
Track_16448,194,194,175,0,0,0,0,0,174.0,2.0,176.0,6.491564335210984,467.23987895096695,562.5942639824046,0.0,1.1030164613347029,5.843045632124987,0.021522675192889116,0.6776476411931465,1.077901930758572,2340.9314285714286,191.9248642722383,16.05766762259518,0.03382346711472955,0.03730784100695968,0.03382346711472955,1.6870347725342882
Track_16449,195,195,173,1,0,0,0,3,175.0,1.0,176.0,2.3220816434766176,386.5739421364311,244.5169389810052,0.0,0.8941804960140082,4.7694177773057245,0.011373159753364741,0.5378488881715373,0.8679967689231418,2493.150289017341,158.03073760627444,6.700264141167246,0.014693860692227901,0.013269037962723529,0.014839328325626615,1.7619685187520322
Track_16450,196,196,42,2,0,0,0,5,47.0,2.0,49.0,21.870091040052177,778.4240613850577,490.2661727611011,0.0,1.2562988872287009,6.007281957667299,0.06568923169184622,0.7798633994428059,1.2250917460423532,2328.714285714286,56.97918337086843,24.049138113412912,0.3838259825119507,0.465321085958557,0.3703904307238699,1.4019806054278925
Track_16451,197,197,176,0,0,0,0,0,175.0,1.0,176.0,11.521920194386572,361.1418803208639,94.35994049013438,0.0,0.6311981144144357,1.9301988206761997,0.01940201576242184,0.5213546632258698,0.4137886818890898,2450.784090909091,110.45967002252625,11.603354748160983,0.10430884133581862,0.06583954396792327,0.10430884133581862,1.811463695953396
Track_16452,198,198,171,2,0,0,0,3,175.0,1.0,176.0,10.527385125439974,83.28337489350024,234.05523426539108,0.0,0.6946156711802027,4.749258792077376,0.04006779784549358,0.4760456283014853,0.692678223390787,2212.1461988304095,120.00075117357721,11.399324704932864,0.0877276602228302,0.060156486431085565,0.08660398681889124,1.607526086285718
Track_16453,199,199,174,2,0,0,0,1,175.0,1.0,176.0,7.56704137750557,446.30871831100586,502.88387421601453,0.0,0.9073039901537028,5.004684098143919,0.0602688953002906,0.5541822366990075,0.9249082590513151,1921.183908045977,158.72263429907392,10.937373689850167,0.047674620641989435,0.04324023644288897,0.047657937044412,1.845751582900226
Track_16454,200,200,176,0,0,0,0,0,175.0,1.0,176.0,37.14710792366052,111.46880300000068,147.81517898571065,0.0,0.6590155054497149,6.438195863417104,0.02485814685637916,0.45648383750935634,0.7689825009943981,4450.994318181818,115.32771345370003,37.607532750137956,0.32210044586181585,0.21226918813520299,0.3221004458618157,1.6218375798521452
Track_16455,201,201,176,0,0,0,0,0,175.0,1.0,176.0,9.784482681191399,63.46182011128064,203.8808947894083,0.0,0.327463344535601,3.3929130696433174,0.007823607600710212,0.21037820865077825,0.4096115645542626,2150.0738636363635,57.306085293730206,9.784482681191399,0.17074072728994993,0.055911329606807995,0.17074072728995002,1.7756280301173228
Track_16456,202,202,156,6,0,0,0,8,175.0,1.0,176.0,6.92609640743042,95.08650202583931,181.57187779426147,0.0,1.3129766215907548,5.718069794919248,0.08378043454057967,0.9062873230537308,1.1865008938544004,3065.0641025641025,226.00633294131185,16.962822584079213,0.030645585534229046,0.03957769375674526,0.030143487024768472,1.274895589710559
Track_16457,203,203,176,0,0,0,0,0,175.0,1.0,176.0,3.429602564236977,681.7893338010892,644.6616419246012,0.0,0.209516184946765,0.9337590464079961,0.01255121504348325,0.17832660084340074,0.14611975889305007,2893.7727272727275,36.665332365683874,3.655994743676143,0.09353801923930846,0.01959772893849701,0.09353801923930845,1.9217569300066344
Track_16458,204,204,175,1,0,0,0,1,175.0,1.0,176.0,2.3701808145568704,603.7989194690492,42.85355219070697,0.0,0.20516384621317174,1.312486241860386,0.0013852701400065073,0.15549737806625344,0.22576203530291244,2192.405714285714,35.77346977880088,2.7187571505116983,0.06625526763862934,0.013543890368896402,0.06601499542382273,1.9869297175514358
Track_16459,205,205,10,1,0,0,0,1,10.0,1.0,11.0,1.528110890978433,709.9189803098055,42.40063797578921,0.0,1.867549798501811,4.293638069596096,0.5263601802177557,1.45563120749126,1.374886695686609,1680.8,18.593704963155854,4.705915456763587,0.08218431420776245,0.1528110890978433,0.0818243718161795,1.0903302994050668
Track_16460,206,206,173,2,0,0,0,2,175.0,1.0,176.0,12.698943659100886,825.2148393943442,396.00095285844156,0.0,0.7498876578007636,6.399876787051559,0.04826362748881247,0.5448673191661588,0.8898855984065384,1984.0693641618498,129.6729607770361,12.698943659100886,0.09793054452528357,0.07256539233771934,0.09676835134283424,1.699266080012557
Track_16461,207,207,176,0,0,0,0,0,175.0,1.0,176.0,3.034893231709977,257.3994619550399,210.33347712497746,0.0,0.5198289756860541,2.7835884226351877,0.027854352044578038,0.45973998339727784,0.3414453761275885,3302.534090909091,90.97007074505953,7.564950907026213,0.03336144741730673,0.017342247038342726,0.033361447417306754,1.902835122966331
Track_16462,208,208,176,0,0,0,0,0,175.0,1.0,176.0,17.348394920340166,457.75034276906985,237.3747225048598,0.0,0.6730231272424732,2.1500944612911197,0.05619714709878122,0.6016534315394066,0.3923671446944097,2625.784090909091,117.77904726743273,18.55137394028238,0.14729610506144072,0.09913368525908667,0.14729610506144067,1.5831504617920997
Track_16463,209,209,19,3,0,0,0,3,23.0,1.0,24.0,8.370210475494282,232.8229269680602,69.87914184627346,0.0,1.029010071283797,2.5163978210494298,0.4979973105292893,0.9397447402612794,0.5344282810196346,1723.7368421052631,23.055984122645434,8.370210475494282,0.3630385253116616,0.36392219458670794,0.35366242249959434,1.1594560341863112
Track_16464,210,210,172,1,0,0,0,3,174.0,2.0,176.0,9.789985855960515,544.0026863838912,639.1155607633481,0.0,0.8149892007180918,2.441791598935433,0.06445628535025379,0.7279061083030919,0.48718311258656977,2386.6976744186045,140.64455235936617,10.551488320722715,0.06960799897137683,0.056264286528508706,0.06903684917411655,1.6676864146303267
Track_16465,211,211,176,0,0,0,0,0,175.0,1.0,176.0,3.8410588494152518,278.69841681550366,171.4290980498205,0.0,0.8819123710517384,7.734857982663839,0.08376037216416318,0.5549156442260028,1.0526243170839418,3173.8238636363635,154.33466493405422,14.71410311413687,0.024887855564117763,0.021948907710944297,0.024887855564117763,1.5556616837831048
Track_16466,212,212,176,0,0,0,0,0,175.0,1.0,176.0,2.3203826493123647,215.11734148430276,402.3761920888894,0.0,0.3395612730946253,1.6942476480438917,0.019473183555840632,0.2979981918509588,0.21562721142888897,3845.25,59.423222791559446,3.1836202821594397,0.03904841474942613,0.013259329424642084,0.039048414749426136,1.819633930412476
Track_16467,213,213,176,0,0,0,0,0,175.0,1.0,176.0,6.551913720609311,381.3905644289687,303.674821155489,0.0,0.2893823019227146,8.130741988063075,0.019225163259149858,0.1821826430136814,0.6507675590024558,2266.8125,50.64190283647506,8.130741988063075,0.12937732102535185,0.037439506974910344,0.12937732102535188,1.5126721287394223
Track_16468,214,214,4,0,0,0,0,0,3.0,2.0,5.0,5.303915825739564,147.18804897219636,43.398221757223844,0.0,2.7824900275570728,5.4740426558869695,0.5899411711749784,2.2834862556092705,2.4799930244972606,1952.75,8.347470082671219,5.303915825739564,0.635392013773147,1.7679719419131878,0.635392013773147,1.0425051079647971
Track_16469,215,215,176,0,0,0,0,0,175.0,1.0,176.0,6.282708599104024,410.0412543378303,311.82718345096765,0.0,0.2992315567171324,1.5743931741782196,0.03038963457421391,0.22595845019834085,0.2642482700719864,1855.4261363636363,52.36552242549818,6.545220203951093,0.11997796084327432,0.035901191994880136,0.11997796084327433,1.7946179810675127
Track_16470,216,216,176,0,0,0,0,0,175.0,1.0,176.0,9.847462094436313,210.35887559799102,170.99130156057024,0.0,0.7813550717698959,3.8275073303333826,0.05089421785023456,0.6793663898262585,0.5960268476832244,2860.5397727272725,136.73713755973176,14.386064047322774,0.0720174655560168,0.0562712119682075,0.07201746555601678,1.6898079674767426
Track_16471,217,217,176,0,0,0,0,0,175.0,1.0,176.0,26.122769778023414,474.937511847975,330.1947899829969,0.0,0.678738670673935,4.425323850838531,0.025260329399242238,0.39035230038965274,0.8265457117270532,3836.0852272727275,118.77926736793866,29.09121943969428,0.2199270155211832,0.1492729701601338,0.21992701552118327,1.2330142927916083
Track_16472,218,218,8,2,0,0,0,1,9.0,2.0,11.0,6.372037886600834,122.17920526635108,465.2035339157356,0.0,1.8888236193245702,3.5068115737654053,0.34588833349523274,1.8526211408939968,1.070390695812719,2753.5,17.11049419035133,6.372037886600834,0.372405251170013,0.7080042096223149,0.3748387103902757,1.1827268036515675
Track_16473,219,219,167,5,0,0,0,4,175.0,1.0,176.0,6.256960293103619,104.30042276545855,462.0987345872261,0.0,0.8758783743849298,10.016301886679525,0.023330052628967108,0.6370826173492656,1.011934727397685,2115.502994011976,148.6685349843544,11.430661515633156,0.04208664794983074,0.03575405881773497,0.04082080327972777,1.8267594022715339
Track_16474,220,220,2,0,0,0,0,0,1.0,2.0,3.0,0.9716245994605088,100.09024679498565,260.9151809105088,0.0,0.9716245994605088,0.9716245994605088,0.9716245994605088,0.9716245994605088,NaN,1601.0,0.9716245994605088,0.9716245994605088,1.0,0.9716245994605088,1.0,NaN
Track_16475,221,221,176,0,0,0,0,0,175.0,1.0,176.0,13.104952411293882,193.4381274595641,67.5532759801341,0.0,0.6306523771766408,2.8249014878987087,0.01659591277529835,0.5138704462745504,0.4865862620565602,2562.2272727272725,110.36416600591217,15.501636939329254,0.1187428210221047,0.07488544235025076,0.11874282102210475,1.8036495269010238
Track_16476,222,222,176,0,0,0,0,0,175.0,1.0,176.0,9.213753954323096,452.02210021310043,128.99161556054676,0.0,0.5374102761403168,3.497480720575417,0.034178630744218515,0.420528327270044,0.42728737728591565,3532.4772727272725,94.04679832455547,9.478435568039757,0.0979698843391397,0.052650022596131975,0.09796988433913972,1.8216928600646587
Track_16477,223,223,29,0,0,0,0,0,28.0,2.0,30.0,5.883880982878113,314.32680544570013,563.0827389108924,0.0,1.074703604612321,3.67213279776493,0.30193194117912897,0.9783437561595529,0.6882619578904224,2302.896551724138,30.091700929144988,9.052312735252501,0.1955316848566491,0.21013860653136116,0.19553168485664907,1.6262453176805747
Track_16478,224,224,176,0,0,0,0,0,175.0,1.0,176.0,0.2383878379590273,397.4988267467995,211.69925531327507,0.0,0.25653121816190605,1.6548997214385504,0.010462493359268545,0.16991262501843296,0.30459510904727144,3495.034090909091,44.89296317833357,2.6960959503835955,0.005310138183840782,0.0013622162169087274,0.005310138183840783,1.9407039602268608
Track_16479,225,225,176,0,0,0,0,0,175.0,1.0,176.0,24.380666373270977,244.5237726605524,303.9899518654181,0.0,0.8989421929160991,3.1943375207476303,0.02462197093502581,0.7623288517896031,0.6109647563314816,2502.153409090909,157.31488376031737,25.84019400036949,0.1549800361573988,0.13931809356154845,0.15498003615739886,1.4871248863973627
Track_16480,226,226,47,0,0,0,0,0,46.0,1.0,47.0,12.328282951010511,507.9853217780369,509.59817984794626,0.0,1.2472040510277635,7.904393165916582,0.030022625868319757,0.4401138390682582,2.00694977321372,3839.063829787234,57.37138634727713,13.802320205701902,0.21488556815388193,0.2680061511089242,0.21488556815388196,1.582851913776235
Track_16481,227,227,140,0,0,0,0,0,139.0,1.0,140.0,32.10352596234792,202.68499704850268,570.3810978586757,0.0,1.3267991425028096,8.031704438532943,0.06924437249945378,0.8269168746083589,1.4427744654272134,2489.864285714286,184.42508080789057,32.14472070089076,0.17407353610320003,0.23096061843415772,0.17407353610320006,1.7079565960613685
Track_16482,228,228,176,0,0,0,0,0,175.0,1.0,176.0,8.104773882290825,288.14653883301594,467.99384079052857,0.0,0.33339895676209874,2.8893052537914086,0.006179118279270569,0.27785551858582486,0.31763928404685887,4188.9375,58.3448174333673,9.012462734065473,0.13891163326626024,0.04631299361309043,0.13891163326626027,1.9540140245882607
Track_16483,229,229,176,0,0,0,0,0,175.0,1.0,176.0,2.101629747226634,258.95500357523656,130.88974659695538,0.0,0.49947457110868726,2.5663420930637395,0.020622131686193923,0.38464535448601644,0.45994503597513703,2325.494318181818,87.40804994402028,3.3582890038276934,0.024043892394036984,0.01200931284129505,0.024043892394036984,1.9267521960687577
Track_16484,230,230,5,1,0,0,0,5,9.0,2.0,11.0,16.373226461051686,298.9869296418683,406.9080191832378,0.0,3.2574016256266676,5.685522319693129,0.6574753247965583,4.725067933201994,2.344403706773633,2557.6,22.837311126581618,16.96563356212699,0.716950711504472,1.8192473845612984,0.5584964931093834,1.5947352126372214
Track_16485,231,231,32,1,0,0,0,1,32.0,1.0,33.0,0.5833605178709066,428.3713060689342,569.9893692420655,0.0,1.0902293585752094,3.751775374329125,0.15992689750960346,0.7964984475668505,0.7690471295766107,1916.34375,34.522892132384484,5.839834916728599,0.01689778815847472,0.01823001618346583,0.01672126698852628,1.8011968035211958
Track_16486,232,232,174,2,0,0,0,1,175.0,1.0,176.0,7.192137087927476,227.72793917446288,241.43064341813152,0.0,0.4461316776575207,6.125907928721334,0.015996455932665472,0.2732197407301199,0.616491985349262,1889.3850574712644,77.33419450504798,7.192137087927476,0.09300073704728391,0.041097926216728434,0.09212061881039041,1.8568834595405914
Track_16487,233,233,176,0,0,0,0,0,175.0,1.0,176.0,27.43044211572435,292.1610754889873,248.1896496964129,0.0,0.6755073051341778,4.993975457597128,0.010410240849077932,0.5171675194526485,0.5982760697355146,2360.403409090909,118.2137783984811,29.80531917439803,0.2320409895305131,0.15674538351842485,0.23204098953051308,1.5490698141316244
Track_16488,234,234,176,0,0,0,0,0,175.0,1.0,176.0,17.84492019095413,341.1982872100438,313.76142049063617,0.0,0.8575144025864633,4.895325076158708,0.012417681329342737,0.6395092137885425,0.8290164609175626,2645.068181818182,150.06502045263105,17.84492019095413,0.11891458873713338,0.10197097251973788,0.11891458873713336,1.6689313446526908
Track_16489,235,235,157,7,0,0,0,5,172.0,1.0,173.0,22.116711262424992,431.7115741561667,404.8145604945437,0.0,1.0315107416753944,4.9991038993661085,0.04307834364568526,0.855780857957634,0.7998389317896721,1831.8917197452229,178.05912000002596,22.116711262424992,0.12420993242256712,0.12858553059549413,0.12465748091643107,1.501018920494275
Track_16490,236,236,176,0,0,0,0,0,175.0,1.0,176.0,2.652122998834197,287.26360607506786,105.91082232228577,0.0,0.21737515642948868,2.2177729100342813,0.01928942319889493,0.15893693271463175,0.23568533202079445,2566.3295454545455,38.04065237516053,3.8982985408652104,0.06971812608991843,0.01515498856476684,0.06971812608991845,1.947150197373554
Track_16491,237,237,174,1,0,0,0,2,175.0,1.0,176.0,1.3876329902198923,726.056983912228,132.94346111709262,0.0,0.577279773695348,4.4928845817826515,0.004947533654540984,0.18273931619370867,0.9281649946515209,3257.890804597701,102.2225390870251,5.771739315541601,0.013574628478349173,0.0079293313726851,0.013735681958726832,1.7880450595708355
Track_16492,238,238,4,0,0,0,0,0,3.0,1.0,4.0,1.4764375349074832,781.4847652691126,192.24903505586389,0.0,3.597599831790448,5.130256863906388,1.6239052223263761,4.0386374091385795,1.7942996034880974,5485.25,10.792799495371344,5.130256863906388,0.13679838447296977,0.4921458449691611,0.13679838447296977,1.8905297360432294
Track_16493,239,239,176,0,0,0,0,0,175.0,1.0,176.0,12.421676246760244,163.17379149828642,314.2344303298614,0.0,0.7596031798644013,5.522089069258889,0.01876561399999877,0.6227292738313004,0.6161249477022521,2722.3295454545455,132.93055647627017,13.543052650558735,0.09344485253078494,0.07098100712434426,0.0934448525307849,1.6993651340684617
Track_16494,240,240,166,5,0,0,0,5,175.0,1.0,176.0,20.746914015545304,612.3480186427123,187.83166608133524,0.0,1.3794488889150134,6.43503124183317,0.03140948288011679,0.936801705662938,1.3484375130543473,2741.740963855422,242.90371758161186,22.406586934891216,0.08541208929243606,0.1185537943745446,0.085942868436243,1.609777877861258
Track_16495,241,241,176,0,0,0,0,0,175.0,1.0,176.0,39.09703403330714,319.3441519830365,319.835526344892,0.0,0.9850266386721399,3.310024283946349,0.01941228282911321,0.8148937255044082,0.7090985009544745,3054.505681818182,172.37966176762444,39.9784204182674,0.22680769664121805,0.22341162304746937,0.226807696641218,1.5663656531622336
Track_16496,242,242,175,1,0,0,0,1,175.0,1.0,176.0,1.6780368158774646,298.694007713,75.17677717070528,0.0,0.6658064067725504,2.777591752961314,0.028023467656388763,0.4737262285241725,0.6076647822408675,2539.365714285714,116.43614341574983,2.6231219011628073,0.014411648880243518,0.009588781805014083,0.014401756587917237,1.825699354732735
Track_16497,243,243,176,0,0,0,0,0,175.0,1.0,176.0,16.079989454475676,666.3490510341804,304.70512288379155,0.0,0.6271918616306487,3.2710159665002005,0.03620400310719015,0.42542432622618465,0.5640634915498006,2140.375,109.75857578536356,18.755089988459503,0.14650326263271324,0.09188565402557529,0.1465032626327133,1.783001134214939
Track_16498,244,244,5,1,0,0,0,3,7.0,1.0,8.0,4.780868755729985,453.24515749596884,346.42386976765886,0.0,2.791097196616068,6.379017019434623,0.6259174095341438,2.657793746228954,2.5325605410917875,2463.8,15.66937062026393,6.379017019434623,0.3051091758304111,0.6829812508185693,0.24469991645099898,1.9331533531692242
Track_16499,245,245,176,0,0,0,0,0,175.0,1.0,176.0,15.030268881493088,443.1984275242841,308.9187575736456,0.0,0.5519784673695136,3.3240682061833318,0.017409783638207187,0.452588626524448,0.4421772879218825,2747.534090909091,96.59623178966487,17.552190449408574,0.1555989152270557,0.08588725075138907,0.15559891522705568,1.749485704061162
Track_16500,246,246,176,0,0,0,0,0,175.0,1.0,176.0,1.8976797165771666,58.05593972020196,376.3622310580764,0.0,0.6079507320182738,3.9308640398058823,0.015365310644417832,0.38105831847689126,0.6474123997437502,3295.681818181818,106.39137810319784,5.590820551908572,0.01783678104758122,0.010843884094726666,0.017836781047581206,1.7850414823304117
Track_16501,247,247,176,0,0,0,0,0,175.0,1.0,176.0,5.1190451914129325,90.2721430373652,344.92961652245566,0.0,0.5958619300536874,4.273260978015536,0.0303887982323873,0.4390667434831087,0.5931100120985711,1936.7670454545455,104.27583775939529,8.212356159759358,0.049091383981249334,0.0292516868080739,0.049091383981249334,1.8465632226206663
Track_16502,248,248,176,0,0,0,0,0,175.0,1.0,176.0,0.2935808112924194,314.8371162048624,79.04765526620655,0.0,0.48144976533808714,3.594944197624928,0.030293696893283702,0.34636335218598635,0.4946872511083682,2030.6420454545455,84.25370893416525,3.450911078081209,0.003484485312353663,0.0016776046359566824,0.003484485312353663,1.7766889308415292
Track_16503,249,249,175,0,0,0,0,0,174.0,2.0,176.0,0.8886490940522989,516.940467742458,467.777563506133,0.0,0.8494952669954445,4.688240089745768,0.04973120856117775,0.6237174310561822,0.7499702536514277,2501.1714285714284,147.81217645720736,7.13079655275593,0.0060120154871650166,0.005107178701449993,0.0060120154871650166,1.7175202669060117
Track_16504,250,250,175,0,0,0,0,0,174.0,2.0,176.0,7.128299420521567,528.5602487886367,244.4564604544731,0.0,0.5483330500676149,4.410473785076658,0.07106888723153634,0.47904897604014585,0.42861162775110495,2436.5314285714285,95.40995071176496,7.800167215536385,0.07471232683115284,0.04096723804897452,0.07471232683115281,1.868280267328869
Track_16505,251,251,176,0,0,0,0,0,175.0,1.0,176.0,11.744185905433067,830.1698769481875,510.6868115844341,0.0,0.486612575646848,5.706408801304986,0.008560163027006119,0.3458696530576848,0.6292488447780696,2235.465909090909,85.1572007381984,15.385231138669816,0.13791183603531787,0.06710963374533181,0.13791183603531787,1.698222335589044
Track_16506,252,252,28,1,0,0,0,6,33.0,1.0,34.0,7.448439345699294,361.16768405336126,466.1188799565013,0.0,0.9699760165538049,10.273102463169822,0.040356395296305934,0.3439512505976514,2.0266472446333497,3201.5714285714284,27.408384421653672,7.448439345699294,0.27175769396370336,0.2257102832030089,0.23269676708598153,1.5244168669322897
Track_16507,253,253,172,3,0,0,0,2,175.0,1.0,176.0,17.786083510268252,160.40025216967416,557.402925778749,0.0,1.2083317547633532,5.649827802227645,0.02552235488529128,0.7525650895231397,1.1936910425949854,3051.6046511627906,208.49423142978958,27.697597014222055,0.08530731708161295,0.10163476291581858,0.0841116378140069,1.6552023210048339
Track_16508,254,254,176,0,0,0,0,0,175.0,1.0,176.0,12.150375666045024,409.93300565780265,66.61079423702157,0.0,0.4016504917587941,3.3732633333643327,0.012286233380589855,0.2866238092479456,0.4233207914841882,1948.6875,70.28883605778901,14.922414666945167,0.17286352068848332,0.06943071809168586,0.17286352068848346,1.7290549248575526
Track_16509,255,255,4,0,0,0,0,0,3.0,1.0,4.0,1.6355873647041703,461.84680245382253,513.5204266296473,0.0,1.2145588420996094,1.7803019673781177,0.5939343946068977,1.2694401643138125,0.595084846115874,2388.25,3.6436765262988278,2.0653197998996853,0.44888379989251315,0.5451957882347235,0.4488837998925131,2.227547182060793
Track_16510,256,256,170,2,0,0,0,5,175.0,1.0,176.0,9.138566698627827,474.86443210321045,103.38184849020787,0.0,1.0101412036689157,3.71471362239388,0.02868919548996702,0.7775272981100884,0.776168663063463,2313.205882352941,172.46047922245802,10.691444177876557,0.052989338425993376,0.052220381135016154,0.05169612025066144,1.7648871383229174
Track_16511,257,257,5,0,0,0,0,0,4.0,1.0,5.0,2.8525299647118922,51.10922195340174,322.05011129465845,0.0,1.340804154051097,1.8999444108016919,0.6517281621129182,1.6092929661825413,0.5412167608746892,3128.4,5.363216616204388,3.3428646132486413,0.5318692435605298,0.7131324911779731,0.5318692435605298,1.9862339115816707
Track_16512,258,258,6,1,0,0,0,2,7.0,2.0,9.0,0.5973628352228739,19.269520116715935,350.1821612498522,0.0,0.539321420386774,0.99760407976247,0.22929619443310392,0.5348139680767325,0.31721118609376714,2685.3333333333335,3.1551994908000776,1.652964617011257,0.18932648695103524,0.08533754788898198,0.15823133416021604,1.1067721742106529
Track_16513,259,259,176,0,0,0,0,0,175.0,1.0,176.0,3.245265694358191,212.2031535331722,512.7576104076924,0.0,0.3525274695274961,2.10560452579753,0.030711439984437837,0.2697302826438008,0.2998702988423087,3248.0625,61.692307167311846,3.3295369674374884,0.05260405783750166,0.018544375396332517,0.05260405783750169,1.9737883815848587
Track_16514,260,260,56,0,0,0,0,0,55.0,1.0,56.0,7.908797197138386,383.54262765302155,323.56358990375054,0.0,0.6344010091599233,2.274763028633505,0.09446157740329711,0.5233888628151601,0.4504577802860325,3060.785714285714,34.892055503795774,11.194827569342255,0.2266646972482896,0.1437963126752434,0.22666469724828958,1.6365200757977372
Track_16515,261,261,15,1,0,0,0,2,16.0,2.0,18.0,6.0656831046683095,843.6654662435506,77.34646380663075,0.0,1.4911041097689892,3.579978681174565,0.09970458163512931,1.3040273123061572,1.1366618002311406,1811.0,22.02297438668474,6.0656831046683095,0.27542524448176575,0.37910519404176934,0.2542446175005866,1.1167700921553765
Track_16516,262,262,176,0,0,0,0,0,175.0,1.0,176.0,16.730489469445928,338.90295192976106,172.90523193410692,0.0,0.6539116665221941,3.222145291833794,0.033104875487951796,0.5389721669744457,0.48169527474085494,3224.3352272727275,114.434541641384,19.1311331477608,0.14620139364804804,0.09560279696826245,0.14620139364804807,1.3896649229692155
Track_16517,263,263,68,2,0,0,0,1,69.0,1.0,70.0,8.042919174549807,739.2873763971742,76.69209619424608,0.0,1.0391751358978667,5.4034751010781275,0.08388425883953117,0.7565453714813648,1.005460680479741,2097.544117647059,70.50053499013134,11.759373578661387,0.11408309420170576,0.11656404600796821,0.11216977964667592,1.5390826841171439
Track_16518,264,264,176,0,0,0,0,0,175.0,1.0,176.0,0.9957185856865494,813.9551009235612,573.5845703372523,0.0,0.31116134904822085,2.199364723210978,0.025390208184488457,0.23517596805549293,0.2925386640706193,2663.221590909091,54.45323608343866,4.086311724813374,0.01828575594957865,0.005689820489637425,0.018285755949578656,1.8319321818950405
Track_16519,265,265,13,0,0,0,0,0,12.0,1.0,13.0,12.452791625196532,134.8120169804082,274.69085148568826,0.0,1.7129764264819136,4.5360664813463885,0.34508312150258846,1.365470295859496,1.350022155814103,2414.230769230769,20.555717117782958,12.684861229358994,0.6058067229590106,1.0377326354330443,0.6058067229590104,1.310734727968831
Track_16520,266,266,176,0,0,0,0,0,175.0,1.0,176.0,26.543327259943048,373.7255329968393,34.92681523872986,0.0,0.8729970793208985,4.609852528001257,0.02482274801498644,0.6283067239983545,0.8064868042006275,1877.3011363636363,152.77448888115725,26.872346342209138,0.17374188226275797,0.15167615577110313,0.17374188226275797,1.6256692979542195
Track_16521,267,267,176,0,0,0,0,0,175.0,1.0,176.0,1.2071638357609085,554.5761137801171,354.4539992269491,0.0,0.24195677422807493,1.7764031099919697,0.004790707996130487,0.13445472081160662,0.32261324025055654,2926.994318181818,42.342435489913115,2.6001819053206945,0.028509551276248175,0.006898079061490906,0.028509551276248178,1.8839452615845491
Track_16522,268,268,3,0,0,0,0,0,2.0,2.0,4.0,1.026351431139674,5.276513496813833,434.2455119440959,0.0,0.7162333660516336,0.7316931375994808,0.7007735945037862,0.7316931375994808,0.021863418594155394,1704.0,1.4324667321032671,1.026351431139674,0.7164923332164924,0.513175715569837,0.7164923332164924,1.5445244434554528
Track_16523,269,269,5,1,0,0,0,10,14.0,1.0,15.0,11.397760248011764,251.41302780049946,570.5162866721801,0.0,1.3719211454515539,2.0534806704390767,0.8509851399350091,1.6059860534900505,0.5616829010303838,2009.2,15.260011761227002,11.761942532172807,0.7469037656295562,0.8141257320008403,0.5934202083698324,0.9357627980423855
Track_16524,270,270,176,0,0,0,0,0,175.0,1.0,176.0,31.4453977943527,677.1020128336004,339.1256849359238,0.0,0.7784522537904669,3.823491976968516,0.03265416816764273,0.5804776521490268,0.6684403334070987,3882.1875,136.22914441333188,31.44813498342622,0.2308272428030851,0.17968798739630115,0.2308272428030854,1.5883517890024277
Track_16525,271,271,176,0,0,0,0,0,175.0,1.0,176.0,10.605046610996329,397.20331025027195,321.2370463928802,0.0,0.6405019114239412,3.2805900959531686,0.04060164898189085,0.5376438933735769,0.4982541465686152,1899.2727272727273,112.0878344991897,13.198904843831608,0.09461371663017537,0.06060026634855045,0.09461371663017536,1.7902188929733085
Track_16526,272,272,35,1,0,0,0,4,38.0,1.0,39.0,13.079830670947825,217.71216394051848,565.7230673502738,0.0,1.2069916462312198,12.109966286377286,0.2825473726669665,0.7778038260157083,1.9822901366759775,1823.2,42.16790546252935,14.592046264035933,0.31018449997642494,0.34420607028810063,0.2851768455588483,1.57978023670312
Track_16527,273,273,76,5,0,0,0,6,90.0,1.0,91.0,9.109061845636349,326.9602766247691,378.3526800345525,0.0,0.8676065354164317,2.6253465862349277,0.1221187863744915,0.7702174312412451,0.5680991870334285,1808.8815789473683,71.59102193542368,9.572874666768945,0.12723748871545482,0.10121179828484832,0.11665633458635592,1.6261870098864526
Track_16528,274,274,90,6,0,0,0,3,98.0,1.0,99.0,12.181622038202494,620.8390436808688,573.5425245686234,0.0,1.0461424351627833,5.20117559229608,0.060189328056650705,0.70569210783114,0.9264830782557413,2243.722222222222,96.70294786415701,14.369789021841397,0.1259695004883881,0.12430226569594383,0.11881963824228388,1.7034171193104912
Track_16529,275,275,176,0,0,0,0,0,175.0,1.0,176.0,37.09102076742784,451.35058180430883,36.78022099914969,0.0,0.7273299802312645,4.84279220109293,0.025954315013066602,0.39155746604130665,0.820947183179122,3733.806818181818,127.28274654047132,45.62964820068548,0.2914065085454,0.21194869009958767,0.2914065085454001,1.5759263181761338
Track_16530,276,276,174,1,0,0,0,2,175.0,1.0,176.0,3.221308322507722,270.53519781951286,437.0676659396108,0.0,0.3399800819107598,3.9808366214136046,0.01589027496632385,0.18728289850434393,0.4783673942208192,4062.0344827586205,59.95701264469303,8.361055550339616,0.053726965044060604,0.018407476128615555,0.05414280749966779,1.4346100254212326
Track_16531,277,277,173,3,0,0,0,1,175.0,1.0,176.0,9.721683669370401,178.4779517212903,267.6048845075005,0.0,0.7785345423304505,3.6693250606502175,0.04238117949602255,0.5399427915046584,0.7449584057763746,2321.78612716763,136.01074712495125,11.32345399098653,0.07147731980649456,0.05555247811068801,0.07135518732977252,1.8145476958057303
Track_16532,278,278,21,2,0,0,0,4,27.0,2.0,29.0,8.371538689677264,351.3835009490725,508.75964107516074,0.0,1.2572390525056223,4.948057207189575,0.1690648926876374,0.939057864712074,1.186858031420178,1830.3333333333333,27.902864872769676,10.109844369254455,0.30002434258451444,0.3100569885065653,0.24661736993345484,1.3594498635176135
Track_16533,279,279,176,0,0,0,0,0,175.0,1.0,176.0,2.911556228536107,781.4472697788068,249.31139731834583,0.0,0.5512205341976679,2.0664877065422087,0.024175714440089667,0.49815355218879853,0.35125447463347964,2210.130681818182,96.46359348459184,9.103278833420081,0.03018295424585412,0.016637464163063467,0.030182954245854102,1.7289155983821782
Track_16534,280,280,172,1,0,0,0,3,174.0,2.0,176.0,2.039025861208992,225.59778361727479,265.75039844974566,0.0,1.042150058689899,5.629553487329379,0.06014363065961133,0.7300151168901494,0.9715871248707615,2078.8953488372094,179.5603379485098,4.435022845927902,0.011355658407112695,0.011718539432235588,0.011244579736402954,2.0282353841887573
Track_16535,281,281,139,2,0,0,0,2,141.0,1.0,142.0,5.380442814806617,25.734284669544255,7.098194779950544,0.0,0.710576004217634,4.081756964799916,0.05277129006050433,0.3950279673307591,0.8254160608222727,2255.201438848921,98.71911557340987,8.33264854804902,0.05450254272999025,0.03815916889933771,0.05370174150666983,1.7224831796249307
Track_16536,282,282,175,0,0,0,0,0,174.0,2.0,176.0,8.008474063476914,839.9034812425675,273.6643364386365,0.0,0.402671059282795,3.7855682523902003,0.009225035441108382,0.25593278725792484,0.5484895225281554,1841.2114285714285,70.06476431520635,12.108352416100093,0.11430102051651109,0.04602571300848801,0.1143010205165111,1.8979009046129112
Track_16537,283,283,176,0,0,0,0,0,175.0,1.0,176.0,0.9471230417901471,747.9324524795392,137.81992394224724,0.0,0.32902478376235605,1.3881761490455202,0.015793338136417825,0.2066387332396469,0.3073423166218969,2973.068181818182,57.579337158412336,4.060927055331658,0.01644900911562113,0.005412131667372269,0.016449009115621138,1.7990342769942977
Track_16538,284,284,176,0,0,0,0,0,175.0,1.0,176.0,11.539203133069687,839.7289284813919,466.0132458483312,0.0,0.722542114456088,4.335258806656064,0.013096869283225577,0.5397321077568259,0.6501355134680387,3898.340909090909,126.44487002981539,16.072669590745345,0.09125876858704328,0.06593830361754108,0.09125876858704329,1.6327990703173232
Track_16539,285,285,176,0,0,0,0,0,175.0,1.0,176.0,21.870758292485025,809.9636247326712,504.2408711766107,0.0,0.900549545385072,6.319454380666009,0.04714564159891031,0.6767375993247432,0.9359890928473992,2774.278409090909,157.5961704423876,28.285403907150314,0.1387772192121909,0.124975761671343,0.1387772192121909,1.6832131774303092
Track_16540,286,286,176,0,0,0,0,0,175.0,1.0,176.0,4.3332695112319355,230.48613417483574,134.60336907892238,0.0,0.36928307637545205,4.519702214965094,0.017396622802589017,0.2164614268177831,0.6846164876758523,2375.6022727272725,64.6245383657041,9.087426477570403,0.0670530052641982,0.024761540064182488,0.06705300526419819,1.8501497934741276
Track_16541,287,287,176,0,0,0,0,0,175.0,1.0,176.0,5.578711704109819,318.9254446043697,576.6492191641258,0.0,0.9117766030638665,3.0959049022043654,0.06517447060461894,0.7594625990116458,0.6790093301877228,2576.4602272727275,159.5609055361767,8.724440726502351,0.03496289824480205,0.03187835259491325,0.03496289824480207,1.7425704187536237
Track_16542,288,288,176,0,0,0,0,0,175.0,1.0,176.0,23.855008016911626,559.8831880302664,316.3596055792281,0.0,0.6587192188269536,4.406565695590724,0.00878564083030442,0.4985040273354242,0.6163763940946848,2542.994318181818,115.27586329471681,24.042383904850297,0.20693844604679634,0.13631433152520928,0.2069384460467962,1.5098229716073184
Track_16543,289,289,172,2,0,0,0,3,175.0,1.0,176.0,29.979868194984103,651.608238256813,239.77007207936092,0.0,0.8700420211109469,4.121180788476975,0.04556269321260379,0.7721184218863663,0.6204445481769676,1816.4360465116279,149.41117868399454,34.29625720457444,0.2006534481492291,0.1713135325427663,0.1969025959505013,1.4559270532711244
Track_16544,290,290,176,0,0,0,0,0,175.0,1.0,176.0,31.999931434251454,423.08855467417527,235.06960591375181,0.0,0.7732042624969226,5.248272762130908,0.01618509139647449,0.6168899852399031,0.7125889665538245,2740.528409090909,135.31074593696135,35.90628004951047,0.23649216632919606,0.18285675105286545,0.23649216632919587,1.4742851146431584
Track_16545,291,291,175,1,0,0,0,1,175.0,1.0,176.0,19.273517069957702,293.9096534411754,511.52579345411993,0.0,0.6526133909731648,6.233078191394082,0.03222590494262428,0.5767269985700529,0.5739605473847509,2356.9657142857145,114.17675021269952,19.296732043491982,0.1688042183198692,0.11013438325690116,0.1687590000148033,1.7429784747889872
Track_16546,292,292,176,0,0,0,0,0,175.0,1.0,176.0,0.27098138612868433,322.43360290875626,270.1032846830758,0.0,0.2077454609453288,0.8883058305222968,0.018614478782470512,0.17641670071986038,0.14937775801336856,2756.2272727272725,36.35545566543253,1.2891856989099344,0.007453664963587258,0.001548465063592482,0.007453664963587256,1.832574900339731
Track_16547,293,293,172,1,0,0,0,4,175.0,1.0,176.0,7.02123468481236,424.586691945685,82.97047807730993,0.0,0.6835769885849025,3.98231473574148,0.011015425108766023,0.5348229095380382,0.5974926801919983,2496.4011627906975,120.35638570053707,10.301474327950151,0.05833703499772866,0.04012134105607063,0.0586932294767957,1.8474776197680356
Track_16548,294,294,176,0,0,0,0,0,175.0,1.0,176.0,2.3416465025788726,11.869241122758279,135.83664855975246,0.0,0.279782401122044,1.905238809515716,0.0063386788658404665,0.22216692773002378,0.23782745407353978,1954.034090909091,48.96192019635776,3.6173254357784668,0.04782587147701503,0.013380837157593558,0.047825871477015086,1.908062540395132
Track_16549,295,295,175,0,0,0,0,0,174.0,2.0,176.0,7.457512077401,460.3930580801505,352.79252635853373,0.0,0.5865436800673841,7.543518589930731,0.010402783623500958,0.4274246409663232,0.7292016920654768,4135.874285714286,102.05860033172488,11.560994998104054,0.07307088332743708,0.04285926481264942,0.07307088332743711,1.3867018723615872
Track_16550,296,296,176,0,0,0,0,0,175.0,1.0,176.0,4.223709669919488,630.5226545572335,106.1130797319329,0.0,0.18463559042337588,1.2318567412443484,0.012543437123057586,0.15986072894714928,0.1524757866844101,2264.6988636363635,32.31122832409079,4.391910820366385,0.13071956372424104,0.02413548382811136,0.1307195637242411,1.7944748121748004
Track_16551,297,297,12,0,0,0,0,0,11.0,1.0,12.0,1.9252142715957417,624.6820668389004,438.42878731238005,0.0,0.7502062009291284,2.114840053892095,0.18473583205591915,0.6680955162671812,0.5013042402744053,2424.25,8.25226821022041,2.9086456967915786,0.23329516474166087,0.17501947923597652,0.23329516474166084,2.0674432617335574
Track_16552,298,298,12,2,0,0,0,5,19.0,2.0,21.0,2.6088757218998486,303.78608508165837,383.97512001803193,0.0,0.6488936568329536,1.5022243625859528,0.06052191368383861,0.5861868374896153,0.4897528711274808,1776.5,8.514961732280696,2.6088757218998486,0.3063872515139387,0.13730924852104467,0.21160516376629113,1.0877846718030144
Track_16553,299,299,176,0,0,0,0,0,175.0,1.0,176.0,17.983457050003075,834.2429173772707,49.49459519208745,0.0,0.6286975767910346,3.7186681380036566,0.04518881950551945,0.5092556102738647,0.5140456000884027,4103.818181818182,110.02207593843109,19.149169958030626,0.16345316970811122,0.10276261171430329,0.16345316970811127,1.5139064849575428
Track_16554,300,300,176,0,0,0,0,0,175.0,1.0,176.0,6.29241040886611,214.31797454972985,353.4774440402499,0.0,0.26945578211340515,2.0084034777809414,0.007813888626657507,0.22427084586450896,0.23828483801391284,2701.5113636363635,47.154761869845885,7.138877564519539,0.13344167501543308,0.03595663090780634,0.13344167501543303,1.9323234867483403
Track_16555,301,301,176,0,0,0,0,0,175.0,1.0,176.0,1.5248170711816431,345.2111867365978,272.39974045514157,0.0,0.09264831803588128,0.2955838679427537,0.006465425635645176,0.08846623643350539,0.05124149942854606,4377.579545454545,16.213455656279226,1.5248170711816431,0.09404639600017067,0.008713240406752247,0.09404639600017069,1.8790290194101182
Track_16556,302,302,175,1,0,0,0,1,175.0,1.0,176.0,2.255540299115562,583.4070589044007,381.6647339815904,0.0,0.37380202171523397,1.604146803907656,0.012993289396631046,0.32448031227392515,0.24367655115663256,1984.3828571428571,65.54948621326372,2.8983948263505748,0.034409732698395444,0.012888801709231783,0.03448028892430817,2.0524495729860357
Track_16557,303,303,176,0,0,0,0,0,175.0,1.0,176.0,28.683801924215487,237.94031808496138,101.33903850776784,0.0,0.7348600551012231,6.952938117690028,0.048975058556556074,0.5005818419124164,0.8663491552088238,2706.6704545454545,128.60050964271403,30.968512224305442,0.2230457873293552,0.16390743956694565,0.2230457873293552,1.7705749366230827
Track_16558,304,304,172,3,0,0,0,2,175.0,1.0,176.0,3.190875512099812,733.9644716906345,267.4564060333445,0.0,0.2653041544681725,3.960881194898811,0.004246151036079699,0.16562085995032064,0.5582796242732453,1777.9244186046512,45.78993499552319,3.329759136966798,0.06968508499546415,0.018233574354856067,0.06872705929316111,1.8914313152618347
Track_16559,305,305,175,1,0,0,0,1,175.0,1.0,176.0,4.615829602782347,30.21953113300217,253.6115096223613,0.0,0.3316303042221519,1.8863780180091454,0.025824621098238097,0.23406228591095937,0.31113653912508654,1857.8114285714287,57.862907184365135,7.586126008836639,0.07977182321785534,0.02637616915875627,0.07953485801191272,1.8226137806344787
Track_16560,306,306,38,1,0,0,0,1,38.0,5.0,43.0,4.750886565423497,40.878098186582314,549.0129747324764,0.0,1.7523340543967172,5.93225786634708,0.080335145776187,1.0138180060684954,1.6460013054031204,2056.7894736842104,68.52330050371135,8.388041242587724,0.0693324245986397,0.1250233306690394,0.07134674484887624,1.7519843248452618
Track_16561,307,307,117,0,0,0,0,0,116.0,3.0,119.0,9.53226495081492,544.2549532297458,375.85031422852796,0.0,0.5489506848714522,1.6077201320184278,0.08268039634263423,0.5122722463186095,0.30228808758669634,1791.4786324786326,63.67827944508846,9.53226495081492,0.14969413485857225,0.08217469785185276,0.14969413485857225,1.4394193828463078
Track_16562,308,308,65,4,0,0,0,9,82.0,1.0,83.0,3.3876350989512014,25.61869455556144,281.50568640841817,0.0,0.709966719227112,3.4202280170735815,3.0014804319212894E-4,0.5728336286165866,0.6299860052732571,1854.553846153846,49.87668565558781,5.246742406459097,0.06792021270907514,0.04131262315794148,0.05818952077488289,1.3566346320303433
Track_16563,309,309,17,4,0,0,0,10,34.0,5.0,39.0,5.13535503856259,506.9902235601585,88.86490064269924,0.0,0.8805772798738013,2.812659831316468,0.196681108219798,0.740632552017904,0.7820874504506257,1822.0,20.161427890021553,5.13535503856259,0.25471187192570915,0.1510398540753703,0.17152367830455081,1.4689461118347131
Track_16564,310,310,98,4,0,0,0,3,104.0,5.0,109.0,4.275543327458209,208.6350872933104,454.27375813593,0.0,1.2534008907703464,5.933377560874641,0.01193518933137417,0.7303222834023845,1.419023580309821,2337.591836734694,125.68141205568173,5.748739387269184,0.03401889951366856,0.04111099353325201,0.032799556658991195,1.651286884934385
Track_16565,311,311,174,0,0,0,0,0,173.0,3.0,176.0,13.24300571723069,628.618781435042,594.3040424608606,0.0,0.6416701711428358,2.1710118855823985,0.10104673465089356,0.5758677436414618,0.36695374897150473,5003.9885057471265,111.00893960771059,20.430388919904807,0.11929675000976986,0.07654916599555311,0.11929675000976986,1.585544927715705
Track_16566,312,312,126,15,0,0,0,10,171.0,5.0,176.0,23.579427385594986,242.1950754900485,620.1141197854889,0.0,1.317443263769472,22.248782119304803,0.07592617787386767,0.7874334839583808,2.2990367318093585,2020.7063492063492,188.5412655622346,29.407697374473717,0.12506242235767626,0.13789138821985372,0.10466590251888232,1.705607706279525
Track_16567,313,313,115,9,0,0,0,3,127.0,4.0,131.0,14.90241373255902,195.14700676193198,449.52000261262117,0.0,1.0001358489753231,4.8814258382041205,0.07768408867767368,0.5664495488103017,1.1534756070891705,2146.304347826087,129.38623553572535,15.54428608799096,0.1151777364172888,0.11734184041385055,0.11732590181031076,1.5586064352318452
Track_16568,314,314,8,0,0,0,0,0,7.0,5.0,12.0,2.0876310470329464,334.54515262438247,419.67133603864306,0.0,1.200786790671061,2.0589026219614173,0.06558912642208739,1.1716942105535095,0.8454877481867605,2085.5,8.405507534697424,3.681090865960714,0.248364663099204,0.29823300671899233,0.2483646630992039,1.713419613100777
Track_16569,315,315,66,7,0,0,0,7,89.0,4.0,93.0,3.700832445867907,269.0841376900932,148.43994325764456,0.0,0.5888308277610408,2.5958035044600223,0.08904729253693112,0.4317274514125155,0.4867079920202421,1821.3484848484848,42.95666473985821,5.7895493753284235,0.08615269524018737,0.041582387032223674,0.07061856321336937,1.3361200563916924
Track_16570,316,316,8,2,0,0,0,9,19.0,3.0,22.0,12.785340928504791,33.52100678742561,149.0244580823289,0.0,1.6129141761623327,3.017565932671638,0.9605109651314844,1.4051494346730737,0.7030566734744588,2629.25,24.585906216347738,15.802898512392217,0.5200272390205215,0.6729126804476205,0.41720302939410386,1.3688098344273725
Track_16571,317,317,45,1,0,0,0,6,50.0,3.0,53.0,13.597429005362468,15.686857157175394,453.4087064576611,0.0,1.3831293400753086,3.5391854895818864,0.07440862462962222,1.1531306949224711,0.8912928110431476,2311.9555555555557,64.81155341483256,18.147274288925686,0.2097994614992611,0.27194858010724937,0.19661832934036547,1.5103640899832529
Track_16572,318,318,19,2,0,0,0,3,22.0,5.0,27.0,1.8764691929824524,298.6886909493208,97.70011027791418,0.0,1.0520363632902765,4.814130260761785,0.06533263121629988,0.7036503074650464,1.4424045024869754,2300.4210526315787,19.233659789689796,4.380948835780983,0.09756173362223729,0.08529405422647511,0.08107519587984136,1.9048759679410339
Track_16573,319,319,15,0,0,0,0,0,14.0,4.0,18.0,3.8502142937907915,249.47002724262146,460.9394928365458,0.0,1.5855903331719308,4.028863713928148,0.12165903767731243,1.308740507706769,1.1794393387048117,2629.4666666666667,22.198264664407027,4.856364121471035,0.17344663432021662,0.27501530669934227,0.1734466343202166,1.450309111132244
Track_16574,320,320,172,1,0,0,0,1,172.0,4.0,176.0,13.007861462213533,135.91709820445632,248.58401376027405,0.0,0.4982137796605079,6.31217509266933,0.029832125973118538,0.3485493430357263,0.6735515936678128,2491.1802325581393,86.12362848109892,20.20955475207666,0.15103708113120545,0.07562710152449728,0.15179648699405904,1.5953107312980952
Track_16575,321,321,173,1,0,0,0,1,173.0,3.0,176.0,5.285369463976074,380.7463616302949,456.12081045532256,0.0,0.7408279728039895,4.124228171693184,0.033852827134786434,0.5932146459315771,0.6203215658428742,2302.901734104046,128.01328088417478,6.943607943999679,0.04128766505686411,0.03055126857789638,0.041239356098098805,1.7733878525455224
Track_16576,322,322,2,0,0,0,0,0,1.0,5.0,6.0,4.119621831273691,800.8561972507387,187.28712972079342,0.0,4.119621831273691,4.119621831273691,4.119621831273691,4.119621831273691,NaN,2303.0,4.119621831273691,4.119621831273691,1.0,4.119621831273691,1.0,NaN
Track_16577,323,323,71,7,0,0,0,4,83.0,4.0,87.0,6.093495832665683,506.1837470597504,630.7339605849984,0.0,0.401392648307893,2.236317839732953,0.035977042248083284,0.2899086322993642,0.394004981651338,1712.338028169014,30.90026057385053,7.163474817599431,0.19719884944343571,0.07341561244175522,0.1829022348845834,1.9102464808486885
Track_16578,324,324,3,0,0,0,0,0,2.0,5.0,7.0,0.8726919750711201,48.97977952685983,164.51855877441216,0.0,0.8620733669394259,1.143934336352861,0.580212397525991,1.143934336352861,0.3986116056481079,2812.3333333333335,1.7241467338788519,1.143934336352861,0.5061587612719047,0.43634598753556003,0.5061587612719047,2.299185010030536
Track_16579,325,325,8,0,0,0,0,0,7.0,4.0,11.0,4.685853131201967,390.47821164502614,121.1229115505516,0.0,0.9359127921832734,3.47529511906728,0.19036672275272182,0.501858686477463,1.1625271102688701,2248.875,6.551389545282914,4.747616433309097,0.7152456893020264,0.6694075901717096,0.7152456893020265,1.3466296095877075
Track_16580,326,326,9,0,0,0,0,0,8.0,5.0,13.0,1.2274395494897832,383.24740998030734,639.0658588579611,0.0,0.6974763274868672,1.3610068680405667,0.282535197777467,0.6460203066677983,0.3904417769965505,1992.0,5.579810619894936,2.366862936273006,0.21997871130488206,0.1534299436862229,0.21997871130488203,0.8504720069803076
Track_16581,327,327,19,2,0,0,0,7,26.0,4.0,30.0,4.2350907986166,53.70592475659958,52.395503079281816,0.0,1.3718097049071778,3.0976950029172574,0.04979226135522918,1.285581947641064,0.9380712409552201,1777.4736842105262,25.425113414521963,4.2350907986166,0.1665711664514212,0.1628881076391,0.11873957959068504,1.5656101662153237
Track_16582,328,328,137,11,0,0,0,8,169.0,4.0,173.0,25.054980992074018,346.4970507035003,413.4957302014738,0.0,0.9372615156133525,16.375520139188495,0.009956950642773263,0.500386917515297,1.7252760507464338,2282.5766423357663,130.320152613393,26.426558244533478,0.19225714894918808,0.14825432539688768,0.15817818498593608,1.4982332587756335
Track_16583,329,329,174,0,0,0,0,0,173.0,3.0,176.0,11.829927169057108,500.72108965656,394.8930366751579,0.0,0.2758028939567434,4.888268443937029,0.01059484066534638,0.1779205637332533,0.4924665928033107,6492.137931034483,47.713900654516564,12.632791497795889,0.24793460620028546,0.06838108190206421,0.24793460620028526,1.915623851100605
Track_16584,330,330,170,3,0,0,0,3,175.0,1.0,176.0,1.993561063229979,235.49376625141576,467.729455971058,0.0,0.8801736448842161,4.519363806185674,0.012196648679173321,0.37479996504838997,1.1749151108294682,2156.029411764706,154.23365784485225,3.6440195931705404,0.01292559024461026,0.011391777504171308,0.012942647817715399,1.8605891029838002
Track_16585,331,331,14,4,0,0,0,5,22.0,4.0,26.0,8.315572920879903,104.7749940698067,384.13826508788935,0.0,2.541609920621397,10.073824412606205,0.04828530342373,1.4351468278370565,3.0426330186114394,2384.9285714285716,41.38115443725743,11.385361722070538,0.2009507234383243,0.3779805873127229,0.14871699399894953,1.7744831179996778
Track_16586,332,332,8,2,0,0,0,11,19.0,5.0,24.0,2.302574113225878,497.2096787965301,102.1574861408097,0.0,0.6112833010641205,1.2999004838711137,0.230245319667181,0.3920624871956254,0.39989567829462375,1874.75,7.203744110983461,2.302574113225878,0.31963574465605615,0.12118811122241463,0.1982519578261841,1.1593357605503676
Track_16587,333,333,173,0,0,0,0,0,172.0,4.0,176.0,1.3445926420547314,67.30462206840551,645.4761242306637,0.0,0.10388328839215794,0.47317285895071864,0.011386911153131256,0.09441958354324952,0.07108359984266692,1850.057803468208,17.867925603451166,1.4437658131892797,0.07525174840637489,0.007817399081713555,0.0752517484063749,1.9010521228413249
Track_16588,334,334,48,4,0,0,0,7,63.0,5.0,68.0,4.074811063501086,16.29652937052516,241.59521594562034,0.0,0.5312574094439405,1.60967712078184,0.04635397514911386,0.37622118029533375,0.39644807205481686,1791.375,26.119214919051316,4.291236166639005,0.1560081754420928,0.06467954069049342,0.12174802561001938,1.6493536819163623
Track_16589,335,335,17,0,0,0,0,0,16.0,3.0,19.0,13.816727403447162,632.6028678604549,395.3617285300667,0.0,1.9151164898227986,7.401516041817201,0.4484822036584047,1.0527840823161667,1.9673683873440575,2456.6470588235293,30.64186383716477,13.816727403447162,0.4509101494893137,0.8635454627154476,0.45091014948931357,1.375213919417361
Track_16590,336,336,2,0,0,0,0,0,1.0,5.0,6.0,1.3461141242585681,36.98909472005684,646.8473674708005,0.0,1.3461141242585681,1.3461141242585681,1.3461141242585681,1.3461141242585681,NaN,1658.0,1.3461141242585681,1.3461141242585681,1.0,1.3461141242585681,1.0,NaN
Track_16591,337,337,7,1,0,0,0,7,13.0,3.0,16.0,2.240430668396811,273.3662521944187,247.66289759768503,0.0,0.7503069834440269,1.7778180944532913,0.16258306124722988,0.8772940297857196,0.6075962188122147,1726.7142857142858,6.095657201885973,2.3618424565476044,0.36754538422922317,0.17234082064590855,0.22969374462548264,1.604591493961489
Track_16592,338,338,163,4,0,0,0,5,171.0,5.0,176.0,18.58395230034314,352.0548747046787,58.68903479780911,0.0,0.7242906898841179,3.636766840949164,0.02303696121646079,0.5951864336929832,0.5342433758432158,1797.2576687116564,121.04951027209866,20.508589770953353,0.1535235645197538,0.10867808362773765,0.1500476053960123,1.6707766635691057
Track_16593,339,339,82,6,0,0,0,6,100.0,3.0,103.0,7.7781398702329625,707.3597238251452,504.31986706124076,0.0,0.9965107286638591,3.975416460528075,0.02849755509463347,0.477181012480972,1.1356957747936924,2585.0853658536585,85.93279790397965,10.736414348057105,0.09051421645695942,0.07778139870232963,0.07805374941283415,1.7815469305301985
Track_16594,340,340,174,0,0,0,0,0,173.0,3.0,176.0,7.1580465479472295,510.486540576863,253.60396930233347,0.0,0.5403572558421631,9.916010165070738,0.033573220803420414,0.39578908991750517,0.7956783946147998,2527.977011494253,93.48180526069422,9.916010165070738,0.07657154809949883,0.041375991606631385,0.07657154809949883,1.7353760750959695
Track_16595,341,341,2,0,0,0,0,0,1.0,5.0,6.0,7.69535009801311,783.783393648166,168.53928414900062,0.0,7.69535009801311,7.69535009801311,7.69535009801311,7.69535009801311,NaN,2468.5,7.69535009801311,7.69535009801311,1.0,7.69535009801311,1.0,NaN
Track_16596,342,342,169,4,0,0,0,2,173.0,3.0,176.0,2.312843544255817,591.1403584248402,344.47104499514614,0.0,1.1333855453978803,4.827214747022787,0.09235681118703748,0.6806495071647936,1.1202995112212275,2044.2721893491125,193.04972563911966,5.606475877116176,0.01198055856644606,0.013369037828068305,0.011795666428210042,1.7855484098018173
Track_16597,343,343,84,6,0,0,0,6,96.0,5.0,101.0,6.087347918241693,123.51144337832957,337.5291164228728,0.0,1.1027973599899112,4.787341667365989,0.022720902681371544,0.7110891828300216,1.199628582599245,2107.309523809524,99.22691522977547,9.500509083540997,0.06134774928904607,0.06340987414835096,0.05749911674519338,1.472453755087802
Track_16598,344,344,173,0,0,0,0,0,172.0,4.0,176.0,3.8973425497939105,59.17581122683746,174.30168651099308,0.0,0.5451399274551323,2.839859414596198,0.025341373766607132,0.46637084609192014,0.36853351855960875,2484.826589595376,93.76406752228273,8.445808921467572,0.04156541682524299,0.022658968312755292,0.04156541682524298,1.7818664520045029
Track_16599,345,345,4,1,0,0,0,2,5.0,1.0,6.0,20.58631770647327,388.2027505656042,133.30728938864615,0.0,4.880849275719187,9.01448473615283,2.048495003229774,3.5795680877749554,3.6607721572600664,1930.75,21.80168400270747,20.58631770647327,0.9442535587579717,4.117263541294654,0.8435547399049688,0.4011445157841329
Track_16600,346,346,172,1,0,0,0,1,172.0,4.0,176.0,1.8267006470249152,117.68140319810153,321.5817831331912,0.0,0.2862964603822725,0.8991745405468368,0.022592197080214437,0.257056554425662,0.16827287167685784,2069.6976744186045,49.10829854528086,2.374636016628408,0.03719739231732057,0.010620352598982065,0.037095647584330656,1.8786512440470815
Track_16601,347,347,7,1,0,0,0,1,7.0,1.0,8.0,0.5244570511272397,317.28359047733466,472.7220110588978,0.0,1.3727973609547677,3.9768074966257667,0.032720686170809005,1.001302978220206,1.391847177940322,1913.4285714285713,9.984367666162738,3.9768074966257667,0.05252781835194604,0.07492243587531996,0.05457647137609014,1.6145388673522703
Track_16602,348,348,4,0,0,0,0,0,3.0,3.0,6.0,2.281200461913867,756.42037298561,106.33582620410749,0.0,1.1029666879611262,1.8999517096848102,0.14668107825582685,1.2622672759427414,0.8874243543853824,2811.25,3.308900063883378,2.281200461913867,0.6894135265108652,0.7604001539712889,0.6894135265108651,1.5524843299361688
Track_16603,349,349,2,0,0,0,0,0,1.0,5.0,6.0,0.6996602869315094,356.59769769662813,325.6696320573153,0.0,0.6996602869315094,0.6996602869315094,0.6996602869315094,0.6996602869315094,NaN,1806.0,0.6996602869315094,0.6996602869315094,1.0,0.6996602869315094,1.0,NaN
Track_16604,350,350,157,6,0,0,0,9,171.0,5.0,176.0,1.6806472190051747,116.9981917844997,515.3644696205205,0.0,1.4964716328915435,6.829429717129673,0.022612256665208025,0.7413455799241712,1.5302601213851499,2898.312101910828,240.00957504143358,8.0784435593841,0.00700241737736938,0.00982834630997178,0.006567679663249646,1.9692640810224993
Track_16605,351,351,152,6,0,0,0,7,171.0,5.0,176.0,25.455125599820185,272.34594503183706,558.7858853215673,0.0,1.1420790041783186,7.260618057829178,0.06331565723358294,0.8409130490849965,1.0154552995756683,2068.3223684210525,182.12010830669809,26.300197938436234,0.13977108753390735,0.14886038362467946,0.13034158151937897,1.7683393406638332
Track_16606,352,352,100,1,0,0,0,1,100.0,5.0,105.0,16.499712238346646,140.0368241425275,321.8128226290484,0.0,1.1768692326209416,6.036189899288584,0.05939945443313218,0.7375900529142001,1.1265997417091103,3477.94,118.81255996697004,20.00843588127168,0.13887178462389477,0.16499712238346645,0.14020004755839383,1.6387194505151532
Track_16607,353,353,99,3,0,0,0,3,104.0,5.0,109.0,4.440969949091202,218.40548252052304,436.026269196473,0.0,0.9465814713951036,2.3290577989914696,0.09873053986607534,0.8519301326604084,0.5007439274327752,1918.8989898989898,96.15116418301929,5.588465300331384,0.046187375751769594,0.04270163412587694,0.04511141979458127,1.6322885764586228
Track_16608,354,354,42,9,0,0,0,11,69.0,4.0,73.0,21.03685214572343,735.5007874533616,323.75610166514514,0.0,1.1521249313745408,4.410338563290254,0.1539142505024163,0.7392261059294389,0.9822336630157146,1728.4285714285713,62.11396022747942,21.03685214572343,0.33868154708990295,0.304881915155412,0.2646257422723013,1.5221674376073226
Track_16609,355,355,169,2,0,0,0,2,171.0,5.0,176.0,12.706707518808987,268.810513799207,529.2939266360974,0.0,0.926145227929642,6.54785689888276,0.053260224952608015,0.7656965758441447,0.8949357489255095,2389.420118343195,157.5081119106614,16.622960783469413,0.08067335303984997,0.07430823110414612,0.0802338865042354,1.5242800976915865
Track_16610,356,356,55,6,0,0,0,8,73.0,3.0,76.0,9.481813395454049,778.8182428946552,576.835621096286,0.0,0.8229725200587958,2.2873607397362545,0.08347755934044541,0.6454857021216793,0.553767855942108,2008.4545454545455,48.54867347498465,12.426473897889982,0.19530530325076087,0.12988785473224723,0.1578276935941526,1.428912381473231
Track_16611,357,357,64,0,0,0,0,0,63.0,3.0,66.0,9.145450502545335,827.955073492501,536.1768587037308,0.0,1.1540583524977128,4.973634703583615,0.13046860950307834,0.9057284543908761,0.8725397211967407,3958.84375,72.70567620735588,12.918019299141699,0.12578729721820617,0.1451658809927831,0.12578729721820614,1.4625464051044825
Track_16612,358,358,11,1,0,0,0,1,11.0,5.0,16.0,0.49153903293803686,90.39657614410345,365.9262057768523,0.0,0.8031949472778995,2.093217742230696,0.020066809261048323,0.657685243803145,0.6349740440263544,1739.8181818181818,8.56003185138797,1.56808060364391,0.057422570554843906,0.044685366630730625,0.05563452158429704,1.5786258674661342
Track_16613,359,359,170,1,0,0,0,2,171.0,5.0,176.0,2.7842733885502544,312.01329631943844,393.49785823125507,0.0,0.7049862949923791,5.397682615399331,0.03911919577329626,0.4128460134283443,0.9203733134004543,3041.1588235294116,120.86962843584428,6.616454442200545,0.02303534332471373,0.016282300517837744,0.023095910705631172,1.7171390554212504
Track_16614,360,360,4,0,0,0,0,0,3.0,3.0,6.0,0.8511104228156378,468.4557863000257,616.6747999115938,0.0,0.9715098590481892,1.109926500927402,0.8818543696277598,0.9227487065894057,0.12160370784117502,1812.5,2.9145295771445676,0.8818543696277598,0.29202325805507534,0.28370347427187925,0.29202325805507534,1.7482774673409243
Track_16615,361,361,2,0,0,0,0,0,1.0,5.0,6.0,0.14407039575445493,378.0404255460655,480.2368925162277,0.0,0.14407039575445493,0.14407039575445493,0.14407039575445493,0.14407039575445493,NaN,1985.5,0.14407039575445493,0.14407039575445493,1.0,0.14407039575445493,1.0,NaN
Track_16616,362,362,92,3,0,0,0,1,94.0,5.0,99.0,16.525136642266258,230.0817078526006,573.4774484933084,0.0,1.1325755388810705,6.161195139473916,0.08590971968386504,0.7477299600361412,1.279679331444594,2460.858695652174,104.22022701972776,17.55980445434435,0.15855978359304695,0.17579932598155593,0.1552208395346743,1.6687954247168764
Track_16617,363,363,95,11,0,0,0,10,136.0,5.0,141.0,17.826759591038286,356.14412573862427,400.55730092455036,0.0,0.9920004041615255,5.154060877797552,0.06643641837173496,0.7375069474268863,0.9108373854795154,1853.0,111.2771114240764,23.30250724829409,0.1602014948348238,0.1310791146399874,0.13213615043915247,1.498157080491856
Track_16618,364,364,5,0,0,0,0,0,4.0,3.0,7.0,5.308147219408838,477.31622800820367,138.13975712455394,0.0,1.9614692191491732,2.755460333845605,1.242588984912703,2.0013206706682958,0.6223651547002009,1810.0,7.845876876596693,5.308147219408838,0.6765524495091686,1.3270368048522094,0.6765524495091686,1.8897664807215273
Track_16619,365,365,173,0,0,0,0,0,172.0,4.0,176.0,11.926081989899357,92.89267112702206,325.63411406295705,0.0,0.6862846946418945,4.885587001525941,0.013584359494148292,0.321855849725373,0.8403653090225299,3279.0404624277458,118.04096747840585,13.805658890796394,0.10103341445486787,0.06933768598778696,0.10103341445486787,1.6105857200122713
Track_16620,366,366,25,4,0,0,0,2,29.0,4.0,33.0,3.2265350566248565,252.23132006422355,403.0481521153104,0.0,1.1101578403702244,2.318385840947197,0.09877985746044392,1.1312033851900618,0.6468507192070783,2110.84,28.618369153661924,4.364040816328322,0.11274349839085776,0.11125982953878816,0.1002198295529619,1.736621363611812
Track_16621,367,367,40,1,0,0,0,1,40.0,4.0,44.0,10.069630805559628,197.58210617585837,528.5041932035105,0.0,1.0846959588633616,2.687486010517555,0.24497465708134394,0.8769459156059098,0.6385945402511846,1997.95,43.04426487231327,10.069630805559628,0.23393664255691746,0.2517407701389907,0.2320841781348448,1.8234182039518032
Track_16622,368,368,26,1,0,0,0,3,28.0,5.0,33.0,0.9553954935568297,258.73478571613964,588.4959445190005,0.0,0.7522213316461834,1.47588207468077,0.1461804908244797,0.5598303904201152,0.3962312937947662,2033.9615384615386,19.244074763628028,3.0119779666485007,0.049646216058283066,0.03412126762702963,0.04536067536446705,1.5871074652614328
Track_16623,369,369,10,2,0,0,0,3,13.0,5.0,18.0,2.087832228888336,585.5721864920791,367.2403177539014,0.0,0.9830097676637366,2.195860905246798,0.3740615182250409,0.6637121417084378,0.7067727937669133,1626.4,10.837552941177993,2.6570385920431963,0.19264793816650994,0.1606024791452566,0.16337831467021063,1.497405358363479
Track_16624,370,370,9,0,0,0,0,0,8.0,4.0,12.0,1.1862935398465184,211.8702130696371,531.7071829708434,0.0,1.0295619465904453,2.0305578837816505,0.3985807107604838,1.0627550029007793,0.5512232585504093,1756.5555555555557,8.236495572723562,1.3409383494532223,0.14402891731953504,0.1482866924808148,0.14402891731953504,1.8990319913745104
Track_16625,371,371,173,0,0,0,0,0,172.0,4.0,176.0,13.262778877478608,101.70125359782074,404.75735725305327,0.0,0.9870638054711601,4.265826201622726,0.04578278235632854,0.7065941694464544,0.8642446375134861,2853.335260115607,169.7749745410395,17.365406178955887,0.07811975182639543,0.07710917952022446,0.07811975182639541,1.7120590048076831
Track_16626,372,372,174,0,0,0,0,0,173.0,3.0,176.0,16.460850996914303,171.0608107837433,584.565745499813,0.0,0.7150903779798391,2.3449153083779373,0.06767019655142967,0.6705811357158116,0.43652283650654755,2070.2528735632186,123.71063539051218,16.460850996914303,0.13305930363184235,0.09514942772782833,0.13305930363184237,1.716675299656881
Track_16627,373,373,3,0,0,0,0,0,2.0,5.0,7.0,5.610255895767447,400.12455585656977,142.70528767202447,0.0,2.831953415100001,3.171480437853768,2.4924263923462333,3.171480437853768,0.4801637203705364,1790.3333333333333,5.663906830200002,5.610255895767447,0.9905275746863477,2.8051279478837237,0.9905275746863477,0.2775128545369893
Track_16628,374,374,115,5,0,0,0,7,132.0,1.0,133.0,5.237710868112017,75.96050657061404,183.89753094272442,0.0,0.5064167317873827,2.402221170510371,0.03639435703306615,0.4081655255877872,0.37530455912398214,2499.486956521739,62.39352970040363,6.371791177599805,0.0839463786271116,0.0396796277887274,0.07835370614371161,1.3728088297829837
Track_16629,375,375,169,1,0,0,0,3,171.0,5.0,176.0,1.8517043249222358,833.7060938827325,596.5490458174426,0.0,0.30276936167494883,1.6761877833818584,0.014320107939852845,0.22018490941584293,0.2919860859390392,1805.0295857988165,54.11133538844758,4.36351931158932,0.034220266634143404,0.010828680262703134,0.03576544272114539,1.9666453681379512
Track_16630,376,376,172,0,0,0,0,0,171.0,5.0,176.0,19.634189499724457,532.3377667307792,416.75060619487414,0.0,0.57946181889514,5.005988629254777,0.031190054701708977,0.4543410917975607,0.54982984918594,2126.8313953488373,99.08797103106895,22.21081748188531,0.19814907193495943,0.11481982163581554,0.19814907193495943,1.678954074511349
Track_16631,377,377,168,5,0,0,0,2,173.0,3.0,176.0,10.797600296141802,466.00639517424304,374.3860065467162,0.0,0.5604655768103802,3.043772273740156,0.023564902113933535,0.45293988099518484,0.46805172969094655,1749.9880952380952,97.16954364786687,10.83061894255916,0.11112124119128594,0.062413874544172264,0.11136076349125804,1.8281204604225487
Track_16632,378,378,3,0,0,0,0,0,2.0,5.0,7.0,4.60811751115884,127.76610062332857,626.4281793355067,0.0,3.0417220097941926,4.878873784341136,1.2045702352472498,4.878873784341136,2.5981249557020853,2144.0,6.083444019588385,4.878873784341136,0.7574849865176587,2.30405875557942,0.7574849865176587,1.9198245076054905
Track_16633,379,379,10,2,0,0,0,1,11.0,1.0,12.0,3.417910751902203,140.70415365723605,8.479195636109058,0.0,1.433910737713779,3.240466953592075,0.5608376023786227,1.5166964062165929,0.7981990606788453,1763.2,15.0747433333601,4.6301026989879155,0.22673094170289693,0.31071915926383664,0.2166935159152556,1.639468076707896
Track_16634,380,380,5,0,0,0,0,0,4.0,5.0,9.0,1.7288811373530735,114.95576309066671,148.34152531080977,0.0,1.5933922970020908,2.812907027410607,0.8117934090194728,1.6795810288148785,0.8907351086992571,2053.8,6.373569188008364,2.812907027410607,0.2712579225790629,0.43222028433826837,0.2712579225790629,2.4060082490443957
Track_16635,381,381,9,1,0,0,0,1,9.0,3.0,12.0,9.492977788283364,370.57737638460054,595.3195221078014,0.0,2.0676003943979895,5.814646266777027,0.2169280564807887,1.90007372003178,1.8476861566254321,2195.4444444444443,17.08010497497344,9.492977788283364,0.555791536538734,1.0547753098092627,0.5101446646397914,0.9943441335238842
Track_16636,382,382,16,2,0,0,0,8,24.0,3.0,27.0,15.953844772408488,369.9023524520413,377.7916054054741,0.0,1.6335911404759758,4.220312891543267,0.6840142569632799,1.4816933930312433,0.9294582129623034,1943.3125,31.45767455587712,15.953844772408488,0.5071527059023468,0.664743532183687,0.4069216070736048,1.2558761455782181
Track_16637,383,383,174,0,0,0,0,0,173.0,3.0,176.0,5.917759780265228,661.4166149532756,622.1532738464161,0.0,0.5480042661235969,2.2864305895262502,0.06483586578734625,0.47196452734980177,0.3921608700988988,2265.862068965517,94.80473803938226,9.023473930214235,0.0624205066397311,0.034206703932168944,0.062420506639731095,1.7899651913321433
Track_16638,384,384,27,2,0,0,0,2,29.0,5.0,34.0,1.926460327076712,100.66841318646935,233.79328961672056,0.0,0.47595220762908885,1.803318448866172,0.033780271652695336,0.41824534354241455,0.33391848055911993,1797.4074074074074,13.273103932502654,1.926460327076712,0.14514015236174502,0.0664296664509211,0.1395721364164571,1.886322724320829
Track_16639,385,385,57,5,0,0,0,2,63.0,6.0,69.0,13.428592080965531,87.90090511362446,607.4072552038848,0.0,1.0418024782920228,2.9635576539109993,0.12936167591167927,0.920014560888788,0.6109615766979262,2048.245614035088,61.87227277436894,15.674180841192614,0.21703731702140458,0.21315225525342113,0.20459948953363252,1.6316568379199683
Track_16640,386,386,14,2,0,0,0,7,21.0,6.0,27.0,12.661230594866069,253.52996662370919,290.74319994080423,0.0,1.823184040501586,5.268652780664858,0.2970872321766379,0.9257901738659731,1.9050302220108695,1886.7857142857142,27.353108111461534,12.661230594866069,0.46288087420532453,0.60291574261267,0.3306938461609167,0.782370190279548
Track_16641,387,387,20,2,0,0,0,3,23.0,10.0,33.0,4.019935393495489,709.6687657614405,261.1080469673178,0.0,2.7273846762693124,9.838055645473542,0.14315435237286253,1.57301399416441,2.542450659882408,2412.0,57.19306292933373,7.927115099872631,0.07028711503810203,0.17477979971719518,0.06408329607405067,1.5153005390417766
Track_16642,388,388,2,0,0,0,0,0,1.0,10.0,11.0,0.7932534153275619,289.9641095277433,432.7421128061893,0.0,0.7932534153275619,0.7932534153275619,0.7932534153275619,0.7932534153275619,NaN,1852.0,0.7932534153275619,0.7932534153275619,1.0,0.7932534153275619,1.0,NaN
Track_16643,389,389,8,1,0,0,0,1,8.0,10.0,18.0,1.353319657309721,319.6793351115691,429.0291756270584,0.0,0.7727255615458642,1.3918432966950176,0.1614208729671377,0.8754078644276369,0.41904889658602923,1867.5,5.570499803788188,1.5239816117350358,0.24294402746220428,0.16916495716371513,0.21891984112094698,2.436988410764692
Track_16644,390,390,7,1,0,0,0,2,8.0,6.0,14.0,7.569654124219206,197.68049816507641,552.8227871939855,0.0,1.206974949007638,2.8992053129043955,0.5010661760132723,1.1125282225752184,0.9099036356450579,1692.857142857143,9.466906139196267,7.569654124219206,0.7995911243778175,0.9462067655274008,0.7839489678765594,1.1819183782558922
Track_16645,391,391,148,7,0,0,0,10,169.0,7.0,176.0,4.772922208307018,206.56918696283728,226.7380794102361,0.0,0.7332756833037974,3.5040447764260128,0.06789334723898005,0.6348494954157037,0.4965709438138756,1754.1351351351352,113.76716612778945,6.222052821568872,0.041953424443620345,0.028242143244420224,0.038515041324122916,1.7737779489172976
Track_16646,392,392,76,1,0,0,0,2,77.0,9.0,86.0,0.08564263286082571,28.720497766430658,555.680701163833,0.0,0.8581407615503621,6.268131520828465,0.04981955487908464,0.408499881487179,1.4903105424073713,2128.7631578947367,64.53877187080937,6.27769496743948,0.0013269950818441515,0.0011122419852055286,0.0012961066937271384,1.654477802419567
Track_16647,393,393,12,3,0,0,0,8,26.0,4.0,30.0,16.695458162203707,244.90788764694148,136.52822150773406,0.0,0.619785457807165,1.2575126740560119,0.07207634774689382,0.5005552027649037,0.39880731294288874,1742.4166666666667,21.443489819655053,16.695458162203707,0.7785793405185703,0.6421330062386041,1.036056909935425,1.1060034726074046
Track_16648,394,394,28,4,0,0,0,7,42.0,1.0,43.0,11.076439945785747,301.08225366152107,441.19735849134355,0.0,1.331423962354675,5.120047839876175,0.10248311782241751,0.8647489435303956,1.3550626225872957,2705.535714285714,42.21594143443052,11.076439945785747,0.26237576539633944,0.26372476061394634,0.19807722263578526,1.4187527081476303
Track_16649,395,395,3,0,0,0,0,0,2.0,9.0,11.0,0.40313477676308923,89.02798453073363,435.0817363876651,0.0,0.9373965500948693,1.1313691013644958,0.743423998825243,1.1313691013644958,0.27431861273361613,1647.6666666666667,1.8747931001897387,1.1313691013644958,0.21502894197887218,0.20156738838154462,0.21502894197887218,3.021994956485393
Track_16650,396,396,2,0,0,0,0,0,1.0,10.0,11.0,1.3349553841358006,97.63802179619077,624.0322147777222,0.0,1.3349553841358006,1.3349553841358006,1.3349553841358006,1.3349553841358006,NaN,1805.5,1.3349553841358006,1.3349553841358006,1.0,1.3349553841358006,1.0,NaN
Track_16651,397,397,21,3,0,0,0,5,29.0,8.0,37.0,11.724548265213935,53.42085353959458,134.94258660658411,0.0,1.453391947010945,5.576878708069139,0.2114275741365952,1.0272537145169551,1.4243747096149262,2979.4285714285716,39.75835021754048,11.724548265213935,0.2948952409006481,0.40429476776599776,0.2781732543636786,1.3074248286424874
Track_16652,398,398,33,4,0,0,0,4,44.0,8.0,52.0,17.620285517951658,145.5646590469196,615.1463770832136,0.0,2.572588930564393,15.07507868670065,0.1903725934077368,1.367611834230081,2.8737236299662614,2148.2727272727275,91.7428063873411,19.924365933292165,0.19206176714889492,0.4004610344989013,0.15566460297683285,1.6078560978124172
Track_16653,399,399,7,0,0,0,0,0,6.0,9.0,15.0,0.9046804117804247,860.6034362410273,394.6773319228111,0.0,0.8668894004282967,1.5724765051733471,0.42635043766051794,0.7425794436266615,0.43257493717464357,2333.4285714285716,5.20133640256978,1.3262761053336898,0.1739323015780054,0.1507800686300708,0.1739323015780054,1.2998193771723598
Track_16654,400,400,16,1,0,0,0,1,16.0,9.0,25.0,2.3402532240628924,181.05047822104055,244.29861726633766,0.0,1.053112317073927,3.5740678298503847,0.113239571595959,0.7369339614933952,0.9065291596161825,2688.75,17.407414426627156,4.653405521253443,0.13444002461865542,0.14626582650393077,0.13888910435529844,1.8576773365180899
Track_16655,401,401,88,4,0,0,0,11,104.0,10.0,114.0,17.484745914088844,109.57222585953558,445.96540902996736,0.0,1.2784685571467573,5.331959255175002,0.13897520765920107,0.866276790225047,1.2044290676449805,1901.3977272727273,119.55897562349843,18.01425455792662,0.14624369122356673,0.1681225568662389,0.13150308306482647,1.9942249039735287
Track_16656,402,402,149,10,0,0,0,4,167.0,9.0,176.0,9.890339613654781,248.47435431479005,574.7954060960911,0.0,0.711963895399772,9.041786028059942,0.08275084530384319,0.4545270638191656,0.9917117828026065,2015.724832214765,119.98835024041696,12.227405100458945,0.08242749895167166,0.059223590500926834,0.08318341826543385,1.7402796914307916
Track_16657,403,403,38,3,0,0,0,10,50.0,6.0,56.0,9.262028341201102,240.6692459210354,448.50539936062523,0.0,1.622245093549338,6.291164448870001,0.11730598738643398,1.0253060059836308,1.4447609689169518,3321.9473684210525,69.7422092922205,11.038268189464787,0.13280377027336657,0.18524056682402204,0.11418778060146942,1.8367651998780008
Track_16658,404,404,170,0,0,0,0,0,169.0,7.0,176.0,11.610111633645902,747.7957608287323,107.90253497149784,0.0,0.8073867591772578,5.928301644623876,0.022326449208628852,0.4859342864290906,0.9775414459728441,4006.9058823529413,136.4483623009566,18.078664643149263,0.08508795149946997,0.06869888540618876,0.08508795149946999,1.4041676330554194
Track_16659,405,405,170,0,0,0,0,0,169.0,7.0,176.0,20.855537160789833,154.8992870852039,180.7634628315382,0.0,0.8439034181258183,3.132444614232652,0.0704577497914316,0.7676597507810538,0.5571429142290846,2241.735294117647,142.61967766326325,20.855537160789833,0.14623183492274794,0.12340554533011736,0.1462318349227479,1.6128581803695847
Track_16660,406,406,6,0,0,0,0,0,5.0,7.0,12.0,5.353404963425134,477.26421066597237,579.534274265193,0.0,1.1587042018062388,2.9197812151268225,0.3076335401003687,0.8286932029960439,1.0499682012905591,1917.3333333333333,5.793521009031194,5.353404963425134,0.9240330629819089,1.0706809926850267,0.9240330629819089,1.069484641424601
Track_16661,407,407,6,0,0,0,0,0,5.0,6.0,11.0,0.4381589910938552,493.5973264355151,583.3606450740026,0.0,0.6351510273850993,0.8899562089184685,0.3938384524631315,0.6440999042043978,0.17681992844017552,1799.8333333333333,3.1757551369254964,0.7303226147519126,0.13797001727218947,0.08763179821877104,0.13797001727218947,2.2636345746247795
Track_16662,408,408,35,3,0,0,0,7,44.0,1.0,45.0,8.868529000664436,498.9852215765047,524.6168118449732,0.0,0.34209745537269276,0.923578836013848,0.04484937081112115,0.25422644923865717,0.27848686246749277,1980.4,18.145210413203994,9.837170131470906,0.488753163987062,0.2015574772878281,0.5891814572787291,1.7356383534666437
Track_16663,409,409,4,0,0,0,0,0,3.0,8.0,11.0,1.2321945020622669,220.73309368015833,584.90224340094,0.0,0.8225467146534855,1.1334248922940973,0.6131662925815204,0.7210489590848387,0.27457894754118967,2127.5,2.4676401439604563,1.2373016990402723,0.49934124514794437,0.4107315006874223,0.4993412451479443,1.234594137407036
Track_16664,410,410,19,3,0,0,0,10,35.0,10.0,45.0,3.5014667437083986,250.67991287013803,379.37521414540686,0.0,1.2774094281668864,4.0672760041868825,0.15182894835246907,1.2077637125343863,1.0256938775963038,1670.578947368421,33.08375140154721,6.250439404663742,0.10583644826761233,0.1000419069630971,0.0783162428248707,1.4037993012817127
Track_16665,411,411,8,1,0,0,0,1,8.0,7.0,15.0,18.357340925076766,196.19106758560952,378.2685911374855,0.0,3.8434417970874186,6.583827796646537,1.0665681028169225,4.262640717118249,2.2896525451595386,2399.125,31.942012934786124,18.357340925076766,0.5747083304535542,2.2946676156345958,0.5970345686966061,1.3967821111777659
Track_16666,412,412,174,2,0,0,0,1,175.0,1.0,176.0,11.156002557179036,119.53099964988289,27.175631970041636,0.0,0.7268284698766154,6.528017102381177,0.03336544305650287,0.4205481892975598,1.06605632474579,3238.942528735632,130.79890629611907,13.73388379463067,0.08529125260361635,0.06374858604102307,0.08770788251022263,1.4832417810973917
Track_16667,413,413,169,2,0,0,0,1,170.0,6.0,176.0,32.75451714609643,783.8954649008994,180.6830054150264,0.0,1.1119597028249124,9.080470425825421,0.009385894534209488,0.3955962108795745,1.780740869651742,4530.834319526627,189.84161526188657,37.19201693463301,0.17253602220414932,0.1926736302711555,0.17327393230318672,1.5676750455306858
Track_16668,414,414,131,10,0,0,0,7,159.0,9.0,168.0,17.77656538110491,176.18020350496033,202.67729239262096,0.0,0.7015083565414991,2.0926277499898114,0.02039281702406457,0.606427255076074,0.4529032352773979,2450.0687022900765,101.3247975454153,17.780408486704133,0.1754414103135729,0.1118022979943705,0.15937414993253413,1.3726829493715242
Track_16669,415,415,111,7,0,0,0,10,141.0,1.0,142.0,36.83068415837766,699.6447132040585,10.963894950584208,0.0,1.0425291861159276,7.0860166388416825,0.041456346178915485,0.510576687557158,1.3647698899156802,1914.3063063063064,123.10781217114784,39.995235981816585,0.2991742238678942,0.26121052594594085,0.2505546409871873,1.6171856815044945
Track_16670,416,416,72,1,0,0,0,6,77.0,8.0,85.0,2.625178558997162,307.20946416198035,597.2911409398282,0.0,0.4887878943242931,3.3595784768742063,0.020818772844570104,0.419042704135704,0.44310510861104924,1964.361111111111,34.828853134092235,3.29918392063574,0.07537367219328578,0.03409322803892418,0.06975055731700376,1.7814712221860023
Track_16671,417,417,137,10,0,0,0,7,165.0,10.0,175.0,14.839186418325923,314.7312452026689,596.6455346030588,0.0,0.8150910514779001,12.614005654898948,0.009129825817443428,0.48587168156216165,1.4924538137765648,1975.2116788321168,116.1562364799525,15.94399102432994,0.1277519560552139,0.08993446314136923,0.1103367077559036,1.791472101608696
Track_16672,418,418,96,5,0,0,0,4,106.0,10.0,116.0,1.1941533434350156,231.71381575917465,482.99107981841115,0.0,0.33873787872663974,1.3361264305194642,0.021341549751482166,0.3030780080936936,0.20957410825521902,1762.6666666666667,33.53150434375298,1.557130227184202,0.03561287710783814,0.011265597579575619,0.03325756665278912,1.8553818741469486
Track_16673,419,419,5,1,0,0,0,4,8.0,3.0,11.0,1.8698129537079413,202.25226123693866,248.77069594772473,0.0,2.0818772718920373,4.0761696195018855,1.010064942670311,2.154058530155741,1.4283492600576928,1739.0,12.676373068528989,4.0761696195018855,0.14750378074230353,0.23372661921349266,0.11226724186343552,1.1090931772421448
Track_16674,420,420,77,2,0,0,0,2,79.0,9.0,88.0,8.59009896011937,21.65664398166685,540.6341038319352,0.0,0.8819199629057997,2.1687053060377237,0.07532267325310138,0.8067307172340956,0.5290717063773744,1890.7142857142858,68.99412744197835,11.164124834573546,0.1245047843723126,0.10873542987492874,0.12329398862529554,1.6850678833089672
Track_16675,421,421,17,4,0,0,0,2,22.0,10.0,32.0,11.138502160758435,797.8321373503578,611.6251619125948,0.0,1.1527619619101817,3.2914262758752946,0.2296708750392558,0.9009454188561324,1.0745271278251478,2132.176470588235,22.1989401210253,11.138502160758435,0.5017582866584165,0.5062955527617471,0.43920216791573446,1.1953156777171505
Track_16676,422,422,5,1,0,0,0,3,7.0,6.0,13.0,4.855464803871838,509.8589775730876,383.70191584692594,0.0,1.1768891393533052,2.440237220054287,0.5928128353176976,1.0141256529822273,0.8622579406003664,1880.6,6.485995063366313,4.855464803871838,0.7486075392342021,0.6936378291245483,0.5893824710674949,0.7920040826606086
Track_16677,423,423,50,8,0,0,0,6,69.0,6.0,75.0,24.789973679434354,71.6151242965094,129.55673349593985,0.0,1.045204643914699,4.835240354945198,0.12491551131003681,0.7170519993631138,0.9710253253157795,1735.02,67.38137157463909,25.46390545770147,0.36790544775382356,0.35927498086136744,0.3437364950042152,1.4375240088254253
Track_16678,424,424,31,1,0,0,0,4,34.0,6.0,40.0,9.49026700101785,303.63618167559576,580.9445314973843,0.0,1.1127131416390672,2.4184159585697493,0.20028513963432493,1.1028575807091532,0.5170287973324172,1965.5806451612902,36.024660360159096,9.49026700101785,0.2634380700924931,0.27912550002993675,0.250851265779763,1.7688368352269865
Track_16679,425,425,6,1,0,0,0,3,8.0,1.0,9.0,5.604448120932165,338.3440539296251,241.83591399948534,0.0,1.059125196287556,3.149131948123555,0.06803026503877951,0.455688165017204,1.2666131966114755,2610.5,6.114303049723304,5.604448120932165,0.9166127480687742,0.7005560151165207,0.6614477849947376,1.2277972957056005
Track_16680,426,426,37,2,0,0,0,3,40.0,6.0,46.0,25.63203773826197,333.19089378451105,67.79932113258916,0.0,1.5146499063652286,15.392548020914097,0.07128611684914744,1.1568655471556906,2.4582343209562967,1854.837837837838,57.42456671027369,25.63203773826197,0.4463601417766763,0.6408009434565493,0.42306868456111235,1.5961094967043779
Track_16681,427,427,35,5,0,0,0,10,61.0,6.0,67.0,8.472948173275206,266.58609569940666,609.334955603027,0.0,1.253129836608065,6.154135837320014,0.13469887831312086,1.1252537728203724,1.2846404985950457,1875.942857142857,50.45504512458752,12.302548760020203,0.16793064305765942,0.13890078972582307,0.11084309515907437,1.5726036392135863
Track_16682,428,428,5,0,0,0,0,0,4.0,6.0,10.0,3.047228385599606,114.6284067142356,478.39144263382843,0.0,4.451754254536411,10.271462383844131,0.9125370719645963,5.241511551904886,4.337633834435342,2429.6,17.807017018145643,7.252609586909285,0.17112514591828773,0.7618070963999015,0.17112514591828773,1.4404233062496903
Track_16683,429,429,27,5,0,0,0,9,43.0,6.0,49.0,5.595291256057124,145.66763629542814,48.58101079003209,0.0,0.8611974410319634,2.2528769900610555,0.1045489210332424,0.8219726996571233,0.6181747965995444,2349.074074074074,28.661456504624493,6.475870244327809,0.19522005991406371,0.13012305246644476,0.1510954936309608,1.8852955336021306
Track_16684,430,430,3,0,0,0,0,0,2.0,6.0,8.0,0.9072232647482011,134.70185251818046,488.6891474979736,0.0,0.9845877943075262,1.4128107867547808,0.5563648018602716,1.4128107867547808,0.6055987636388989,3297.3333333333335,1.9691755886150524,0.9072232647482011,0.46071222393441486,0.45361163237410057,0.46071222393441486,2.8024323668336177
Track_16685,431,431,21,3,0,0,0,4,28.0,1.0,29.0,8.895034401859478,616.088922640574,96.83988119425437,0.0,0.700224160362333,1.4424329242746112,0.13513625618966368,0.6990533927797373,0.376919634130658,1929.142857142857,17.281890377157367,9.20458517456618,0.5147026284587849,0.31767980006640995,0.4536830033142895,1.1992036971862448
Track_16686,432,432,2,0,0,0,0,0,1.0,6.0,7.0,1.1434308579523085,546.3170392098201,511.6477402521664,0.0,1.1434308579523085,1.1434308579523085,1.1434308579523085,1.1434308579523085,NaN,1972.5,1.1434308579523085,1.1434308579523085,1.0,1.1434308579523085,1.0,NaN
Track_16687,433,433,2,0,0,0,0,0,1.0,8.0,9.0,0.23601230196899295,333.4354295451955,523.6602126482769,0.0,0.23601230196899295,0.23601230196899295,0.23601230196899295,0.23601230196899295,NaN,1699.5,0.23601230196899295,0.23601230196899295,1.0,0.23601230196899295,1.0,NaN
Track_16688,434,434,2,0,0,0,0,0,1.0,8.0,9.0,0.9940106177656624,590.2005981523737,632.5185178206809,0.0,0.9940106177656624,0.9940106177656624,0.9940106177656624,0.9940106177656624,NaN,2168.5,0.9940106177656624,0.9940106177656624,1.0,0.9940106177656624,1.0,NaN
Track_16689,435,435,75,5,0,0,0,11,92.0,8.0,100.0,12.858989401595526,343.74865783635096,402.0666891390008,0.0,0.6712269419450291,12.83792905683768,0.02498392788537716,0.35407505557653907,1.5613606608208914,1764.8666666666666,51.9125207296641,13.115720033347337,0.247704970224025,0.13977162393038614,0.20823303594663056,1.66735828547201
Track_16690,436,436,5,1,0,0,0,8,12.0,7.0,19.0,2.929832317932219,850.9491751994876,17.15623903056767,0.0,1.254138463615281,2.90598755105649,0.46387601876258927,0.9349510907551074,1.117914380475256,2297.0,8.72756200456184,3.3002125685659154,0.3356988259035931,0.24415269316101826,0.19467762152609844,0.8777178802725617
Track_16691,437,437,2,0,0,0,0,0,1.0,8.0,9.0,1.9733313552636407,70.19765294358518,146.00709260237886,0.0,1.9733313552636407,1.9733313552636407,1.9733313552636407,1.9733313552636407,NaN,1975.5,1.9733313552636407,1.9733313552636407,1.0,1.9733313552636407,1.0,NaN
Track_16692,438,438,9,1,0,0,0,5,13.0,7.0,20.0,3.307716750907756,562.6103164735938,180.69955848533252,0.0,0.6703648034641199,1.81986318057608,0.11699984562641898,0.5358450288915698,0.5159891974853336,1635.7777777777778,5.947917655845053,3.307716750907756,0.5561134067915758,0.2544397500698274,0.37955416029452366,1.4788955502038708
Track_16693,439,439,60,1,0,0,0,1,60.0,7.0,67.0,1.0781640232755496,30.78546509217086,33.320888730819014,0.0,0.6861926362411861,3.747152023670079,0.03570360650189216,0.4309400358714035,0.7775283118660045,2242.5,41.14568325402785,3.7767747364724156,0.026203575636819822,0.017969400387925827,0.02618710758302259,1.8344282390372701
Track_16694,440,440,4,1,0,0,0,6,9.0,1.0,10.0,4.059152450601484,373.5420856384253,171.21227913128132,0.0,1.3048016472074309,2.5124281917688474,0.5139336011603887,0.8880431486930564,1.06243159390889,1614.75,6.998006548584624,4.549330127723236,0.5800441057635856,0.4510169389557205,0.345659388092434,1.5176476378153112
Track_16695,441,441,2,0,0,0,0,0,1.0,1.0,2.0,4.157659045946104,233.13997199428366,7.776108309134504,0.0,4.157659045946104,4.157659045946104,4.157659045946104,4.157659045946104,NaN,1804.0,4.157659045946104,4.157659045946104,1.0,4.157659045946104,1.0,NaN
Track_16696,442,442,2,0,0,0,0,0,1.0,1.0,2.0,1.1375666155164883,419.2624313373533,322.3549508367132,0.0,1.1375666155164883,1.1375666155164883,1.1375666155164883,1.1375666155164883,NaN,2134.5,1.1375666155164883,1.1375666155164883,1.0,1.1375666155164883,1.0,NaN
Track_16697,443,443,2,0,0,0,0,0,1.0,1.0,2.0,6.154155015243037,627.6801402375027,385.40846353695366,0.0,6.154155015243037,6.154155015243037,6.154155015243037,6.154155015243037,NaN,3597.0,6.154155015243037,6.154155015243037,1.0,6.154155015243037,1.0,NaN
Track_16698,444,444,2,0,0,0,0,0,1.0,1.0,2.0,0.43762233718079285,501.48041938599636,394.95592292797335,0.0,0.43762233718079285,0.43762233718079285,0.43762233718079285,0.43762233718079285,NaN,5984.0,0.43762233718079285,0.43762233718079285,1.0,0.43762233718079285,1.0,NaN
Track_16699,445,445,100,11,0,0,0,9,136.0,1.0,137.0,16.76227467179776,615.9074021843232,376.9177634261978,0.0,1.0030475549518458,4.513677748173516,0.04256422743406792,0.7290404021831487,0.9284861731515277,1715.09,119.03679423726254,25.036073772037305,0.14081591140960514,0.12325201964557175,0.12287754357916642,1.6043997732123
Track_16700,446,446,2,0,0,0,0,0,1.0,1.0,2.0,1.5414133325224393,569.7548424932943,275.23181724366145,0.0,1.5414133325224393,1.5414133325224393,1.5414133325224393,1.5414133325224393,NaN,1639.0,1.5414133325224393,1.5414133325224393,1.0,1.5414133325224393,1.0,NaN
Track_16701,447,447,2,0,0,0,0,0,1.0,1.0,2.0,1.3731767940340744,699.0556621688849,517.6641418881386,0.0,1.3731767940340744,1.3731767940340744,1.3731767940340744,1.3731767940340744,NaN,2475.0,1.3731767940340744,1.3731767940340744,1.0,1.3731767940340744,1.0,NaN
Track_16702,448,448,2,0,0,0,0,0,1.0,1.0,2.0,2.9140079467616022,82.04964134992284,334.7434618751312,0.0,2.9140079467616022,2.9140079467616022,2.9140079467616022,2.9140079467616022,NaN,3069.5,2.9140079467616022,2.9140079467616022,1.0,2.9140079467616022,1.0,NaN
Track_16703,449,449,2,0,0,0,0,0,1.0,1.0,2.0,0.7771143248610373,482.4547105648005,229.8909947231364,0.0,0.7771143248610373,0.7771143248610373,0.7771143248610373,0.7771143248610373,NaN,1633.5,0.7771143248610373,0.7771143248610373,1.0,0.7771143248610373,1.0,NaN
Track_16704,450,450,4,1,0,0,0,1,4.0,1.0,5.0,4.650633928168074,283.0131408246507,340.2191027880707,0.0,1.4338046156720157,2.1071499018164745,0.9438791533639793,1.2503847918355933,0.6029360101896761,2427.25,6.408563748832521,4.650633928168074,0.7256905151353612,1.1626584820420185,0.8108904583886329,1.2159439906754301
Track_16705,451,451,166,0,0,0,0,0,165.0,11.0,176.0,14.532819364757348,765.0362599149664,151.95482737747403,0.0,1.1484935976745052,10.198186890998072,0.0022608484547228702,0.7622516078479343,1.3546900992459197,2011.2349397590363,189.50144361629327,14.532819364757348,0.07668975543101256,0.08807769311974151,0.07668975543101253,1.4512034568174197
Track_16706,452,452,29,4,0,0,0,10,50.0,12.0,62.0,8.916549319193498,79.29944842684638,101.88884982930277,0.0,0.7712208727880946,3.7258255414086174,0.07838104229289854,0.6941737984197105,0.716006965131874,2179.206896551724,26.232876820081042,8.996417519114894,0.33989978988381314,0.17833098638386996,0.2312320538462258,1.3783256386773617
Track_16707,453,453,3,0,0,0,0,0,2.0,12.0,14.0,0.8771385087169835,573.4037305700484,53.87363683277875,0.0,0.4970122093010949,0.9226396558825035,0.07138476271968634,0.9226396558825035,0.6019281074736581,1749.0,0.9940244186021898,0.8771385087169835,0.8824114300435669,0.43856925435849176,0.8824114300435669,2.292114088271594
Track_16708,454,454,18,1,0,0,0,6,23.0,11.0,34.0,8.712379615744192,231.23833370562775,293.55909331464704,0.0,1.689339115071136,4.250766295414741,0.19517758432193894,1.5192736798807898,1.1840059292448804,2556.8333333333335,29.889830462140942,8.72679143667628,0.29148307237070037,0.37879911372800834,0.22422917361506636,1.6143314144086127
Track_16709,455,455,24,4,0,0,0,11,43.0,11.0,54.0,3.375815238256487,237.57138546135005,621.6204160929154,0.0,1.3274320511439834,3.821597084976045,0.10480711856372486,0.9309734957221836,1.0051459652361447,1903.375,40.33379619000169,12.303773536476918,0.08369693798108979,0.0785073311222439,0.059142259714601686,1.2958399943368202
Track_16710,456,456,73,4,0,0,0,10,92.0,12.0,104.0,1.7622392546024264,45.89928513802176,294.1490709748317,0.0,1.3654520124807747,5.881792735927242,0.05101387327330336,0.6750668605135922,1.648845926244118,2035.5479452054794,108.54343698666897,5.410292246092479,0.016235336778757617,0.019154774506548112,0.01402815648698442,1.8112081805113704
Track_16711,457,457,39,2,0,0,0,1,40.0,11.0,51.0,5.144043505606505,344.9490270951247,449.98739553774226,0.0,2.1434092928514383,6.299343094846095,0.25457855119570555,1.2036147656144027,1.944199563368855,2174.5384615384614,87.8307332773015,11.451678822447338,0.058567693945644234,0.12860108764016262,0.05999838111604011,1.8005504697500556
Track_16712,458,458,21,1,0,0,0,1,21.0,9.0,30.0,11.836728992340207,169.9027831888172,468.9042971087,0.0,1.556656641116306,5.31037677994682,0.12298054869477296,1.4028962707988597,1.2593302366605523,6647.619047619048,33.42225287293946,14.60579797464723,0.3541571251148031,0.5636537615400099,0.3620925428589081,1.1563135422689108
Track_16713,459,459,164,2,0,0,0,1,165.0,11.0,176.0,14.812956480791977,768.2265845465759,128.92765420024233,0.0,1.1240003886396532,6.350608737428177,0.0591316892124616,0.7588292269447012,1.120337716929746,2359.1036585365855,187.50145506477534,21.58375817530864,0.07900182148279652,0.08977549382298168,0.07987140816884813,1.3855631588193984
Track_16714,460,460,21,0,0,0,0,0,20.0,11.0,31.0,5.45166362406972,444.34891122282085,522.29144696203,0.0,1.4900619200609007,3.2143888422606004,0.4973732944822216,1.4507720419737729,0.7807113889462969,1865.095238095238,29.80123840121801,6.310386103509484,0.18293413014161533,0.272583181203486,0.18293413014161533,1.8009892863696777
Track_16715,461,461,15,2,0,0,0,2,17.0,11.0,28.0,3.1564725338164608,493.0226605425975,644.4341739333264,0.0,1.015265981446896,1.6738123389591635,0.0651216549971559,1.1934826795676352,0.4859849224005165,1881.8,15.799491327953849,4.190830825305052,0.19978317455269917,0.18567485493038005,0.18288296694996853,1.4354088173984856
Track_16716,462,462,52,2,0,0,0,4,58.0,11.0,69.0,4.352307632208641,31.653757473393515,525.4376883669681,0.0,1.0369942430329004,2.964205730788983,0.1753247257617382,0.9589572538744257,0.6073152605059022,1933.0,55.018568944269234,5.900681446387925,0.0791061584429302,0.07503978676221794,0.07236278047479688,1.6759999954344915
Track_16717,463,463,2,0,0,0,0,0,1.0,3.0,4.0,1.8060907167514613,135.26637762225369,525.8815768877785,0.0,1.8060907167514613,1.8060907167514613,1.8060907167514613,1.8060907167514613,NaN,1987.5,1.8060907167514613,1.8060907167514613,1.0,1.8060907167514613,1.0,NaN
Track_16718,464,464,2,0,0,0,0,0,1.0,3.0,4.0,1.5168564776804885,791.0248073134055,286.01527890405686,0.0,1.5168564776804885,1.5168564776804885,1.5168564776804885,1.5168564776804885,NaN,1631.0,1.5168564776804885,1.5168564776804885,1.0,1.5168564776804885,1.0,NaN
Track_16719,465,465,2,0,0,0,0,0,1.0,3.0,4.0,0.11239632645229083,157.52572928859115,258.4921440114881,0.0,0.11239632645229083,0.11239632645229083,0.11239632645229083,0.11239632645229083,NaN,2210.0,0.11239632645229083,0.11239632645229083,1.0,0.11239632645229083,1.0,NaN
Track_16720,466,466,3,0,0,0,0,0,2.0,3.0,5.0,7.792364249454105,709.9638803420934,256.37570650024344,0.0,4.174579013935886,7.719099495851926,0.6300585320198459,7.719099495851926,5.012708937634883,2082.0,8.349158027871772,7.792364249454105,0.9333113858237039,3.8961821247270527,0.9333113858237039,1.4947002724199063
Track_16721,467,467,2,0,0,0,0,0,1.0,3.0,4.0,0.6913638921410283,499.71825361028937,27.747774025350658,0.0,0.6913638921410283,0.6913638921410283,0.6913638921410283,0.6913638921410283,NaN,1618.0,0.6913638921410283,0.6913638921410283,1.0,0.6913638921410283,1.0,NaN
Track_16722,468,468,2,0,0,0,0,0,1.0,3.0,4.0,1.6039923576302282,599.9097627275939,569.5923137579027,0.0,1.6039923576302282,1.6039923576302282,1.6039923576302282,1.6039923576302282,NaN,1664.0,1.6039923576302282,1.6039923576302282,1.0,1.6039923576302282,1.0,NaN
Track_16723,469,469,12,2,0,0,0,9,22.0,3.0,25.0,1.2235467709578671,337.3914358194502,497.183697854634,0.0,0.21854231465569987,0.40251228316417687,0.026875272909291512,0.25882448125510643,0.11671904332031566,1673.0833333333333,3.2902524970421094,1.2530847070325417,0.3718701747230094,0.055615762316266686,0.25448509778935,1.7713211850502222
Track_16724,470,470,13,2,0,0,0,7,22.0,3.0,25.0,10.834380651230639,168.24384214140824,428.08538493850824,0.0,1.3500294239669763,3.833898054322623,0.14442231927814483,1.1402329005407599,0.9603462833765203,2504.3076923076924,24.113589187904253,10.834380651230639,0.4493060144138696,0.49247184778321085,0.36478601061606003,1.29152619052279
Track_16725,471,471,4,1,0,0,0,4,7.0,3.0,10.0,2.4966710252783697,37.035600230373966,466.9765377444659,0.0,1.0462982538904728,1.8065872904369429,0.23468584380873536,1.09762162742574,0.7872065205403492,2310.25,4.0776381369063595,2.815890111657599,0.6122836165085888,0.35666728932548136,0.34088491307261376,0.8894613742665329
Track_16726,472,472,2,0,0,0,0,0,1.0,4.0,5.0,1.3467082889650785,90.61480383783172,66.99926126562735,0.0,1.3467082889650785,1.3467082889650785,1.3467082889650785,1.3467082889650785,NaN,1819.0,1.3467082889650785,1.3467082889650785,1.0,1.3467082889650785,1.0,NaN
Track_16727,473,473,32,8,0,0,0,8,50.0,4.0,54.0,1.490499290537431,129.79799540490205,639.4698883223814,0.0,0.6792675071150291,1.4842576190438674,0.06851744449987501,0.6358745349841887,0.4362817036697631,1844.40625,24.59142401243688,3.198563636577503,0.06061053193924943,0.02980998581074862,0.043885487673857644,1.671611768620636
Track_16728,474,474,2,0,0,0,0,0,1.0,4.0,5.0,0.0847064165415196,144.90525119373933,509.86040351266655,0.0,0.0847064165415196,0.0847064165415196,0.0847064165415196,0.0847064165415196,NaN,1723.0,0.0847064165415196,0.0847064165415196,1.0,0.0847064165415196,1.0,NaN
Track_16729,475,475,2,0,0,0,0,0,1.0,4.0,5.0,5.739730093986053,241.05758925590865,447.13922624651457,0.0,5.739730093986053,5.739730093986053,5.739730093986053,5.739730093986053,NaN,2584.5,5.739730093986053,5.739730093986053,1.0,5.739730093986053,1.0,NaN
Track_16730,476,476,2,0,0,0,0,0,1.0,4.0,5.0,1.066301533121122,180.9397381970408,208.41002907004304,0.0,1.066301533121122,1.066301533121122,1.066301533121122,1.066301533121122,NaN,1954.0,1.066301533121122,1.066301533121122,1.0,1.066301533121122,1.0,NaN
Track_16731,477,477,10,2,0,0,0,8,18.0,7.0,25.0,2.727066983305747,55.450308251918514,597.5898776599256,0.0,0.8817149092313534,1.5620219234400168,0.25717740964321884,0.8852136053280771,0.4259754797909551,1777.9,10.793052854429163,2.727066983305747,0.2526687323861882,0.15150372129476372,0.17182846712531955,2.0473861053140125
Track_16732,478,478,4,1,0,0,0,2,5.0,7.0,12.0,7.061123928629056,141.3735392581444,457.18897086604557,0.0,1.8324070036445486,3.045015674072347,1.097330064760825,1.3548752721004735,1.0580157012792442,2498.5,11.58725235907834,8.158437480910683,0.6093872567724679,1.4122247857258112,0.7706938376228535,1.9237051561532201
Track_16733,479,479,2,0,0,0,0,0,1.0,7.0,8.0,0.1899872218383489,51.31422225482956,567.288372754816,0.0,0.1899872218383489,0.1899872218383489,0.1899872218383489,0.1899872218383489,NaN,2368.5,0.1899872218383489,0.1899872218383489,1.0,0.1899872218383489,1.0,NaN
Track_16734,480,480,2,0,0,0,0,0,1.0,7.0,8.0,1.84315820227291,241.97425732850496,562.3633687851429,0.0,1.84315820227291,1.84315820227291,1.84315820227291,1.84315820227291,NaN,1618.0,1.84315820227291,1.84315820227291,1.0,1.84315820227291,1.0,NaN
Track_16735,481,481,5,1,0,0,0,6,10.0,9.0,19.0,0.7063552464027765,194.32905037962865,259.9812163905115,0.0,2.22319472574111,4.796060627394911,0.7201785409572469,1.9219778161093262,1.7851446830836981,1636.2,13.213850148707923,6.1967000043673,0.053455672529466765,0.07063552464027764,0.03177208178052466,1.3224591552745573
Track_16736,482,482,25,4,0,0,0,3,31.0,9.0,40.0,1.0275773567007471,545.8612691612174,471.2332899440199,0.0,0.19000583889880512,0.4370611321106824,0.036942972530715365,0.12432737510158018,0.13484219580120274,2011.12,5.25965373880967,1.0568881683496085,0.195369772941232,0.033147656667766034,0.17445598966787587,1.6706794195859545
Track_16737,483,483,21,5,0,0,0,7,40.0,9.0,49.0,4.7583143616485195,224.441775980175,498.7294308755706,0.0,0.611745818818332,1.5904860878586904,0.1809823219812898,0.613078680531323,0.3654682742953706,1727.3809523809523,18.430292079610137,5.260032090565567,0.25817899906821085,0.11895785904121299,0.19445634997717817,1.5917562240679137
Track_16738,484,484,2,0,0,0,0,0,1.0,11.0,12.0,3.002409909160803,103.41067625142361,476.71803771703037,0.0,3.002409909160803,3.002409909160803,3.002409909160803,3.002409909160803,NaN,2662.0,3.002409909160803,3.002409909160803,1.0,3.002409909160803,1.0,NaN
Track_16739,485,485,35,4,0,0,0,7,58.0,11.0,69.0,16.8697893902511,360.30489247770544,433.44255787048587,0.0,1.818763449830668,6.216110651122772,0.034672066190400044,1.3560579908843355,1.6150734136643785,2031.2571428571428,70.56485282774986,19.22441343476012,0.23906787464618645,0.29085843776295,0.1599209824620292,1.3544341035016934
Track_16740,486,486,3,0,0,0,0,0,2.0,16.0,18.0,4.859339624220885,337.33693613638485,44.70404795999375,0.0,2.447944532852304,4.351775842328757,0.544113223375851,4.351775842328757,2.692424058332129,1888.0,4.895889065704608,4.859339624220885,0.9925346671476383,2.4296698121104425,0.9925346671476383,0.3905210219198515
Track_16741,487,487,5,0,0,0,0,0,4.0,14.0,18.0,0.4926059601188975,605.3113909325668,447.436661548374,0.0,0.8515890579837202,1.356123668413283,0.5196104919312778,0.8898673034403651,0.3699915599417972,1775.6,3.4063562319348817,0.9049848191254757,0.14461375340038554,0.12315149002972438,0.1446137534003856,2.213667695295847
Track_16742,488,488,6,0,0,0,0,0,5.0,14.0,19.0,3.734013240080519,637.4155197321363,515.7355080418837,0.0,2.0108079886031764,2.7689223370719054,1.4388708114527224,1.9877005782615675,0.5137064137007205,1621.0,10.054039943015882,3.764288431181108,0.37139431126632644,0.7468026480161039,0.37139431126632644,1.9713062823533778
Track_16743,489,489,105,9,0,0,0,11,149.0,15.0,164.0,0.8923676873049255,271.3296963200552,625.0760995816535,0.0,0.5836356079374498,2.310629197555222,0.028070868131043963,0.45987082989749734,0.4303616317216041,2019.6285714285714,69.64769613078454,3.178320016163115,0.012812594484521588,0.005989044881241111,0.01026161666592998,1.7881552336748727
Track_16744,490,490,29,6,0,0,0,4,40.0,15.0,55.0,2.6541301888476707,734.7728861799555,358.5060282172312,0.0,0.7535095707209264,2.0177502051546616,0.25843850751346664,0.6449138864110504,0.41631682952043997,2260.4827586206898,29.892881300855894,3.235504686728155,0.08878803492160113,0.06635325472119177,0.08805894085420542,1.4920352826991037
Track_16745,491,491,6,1,0,0,0,9,14.0,15.0,29.0,1.5678055426923265,143.0950324382482,628.9032235900486,0.0,0.7028199538956468,1.1424887080559833,0.25088161525767727,0.7857440454224275,0.3495006315791166,1993.8333333333333,5.7720343067973285,2.10251586371639,0.2716209674717334,0.11198611019230904,0.15933826234099283,1.4518903540466008
Track_16746,492,492,18,5,0,0,0,10,45.0,15.0,60.0,16.637796981841678,35.4696900293668,642.2003230310861,0.0,1.5658646631865931,15.67469248553349,0.0630523312171939,0.5423479765004021,3.676247513484283,1933.2777777777778,34.3845435262823,16.637796981841678,0.4838743015193541,0.369728821818704,0.2361179931516508,1.2541812218780695
Track_16747,493,493,148,4,0,0,0,8,160.0,16.0,176.0,2.748639931205131,247.2405904850822,641.1255451709728,0.0,0.8113963951256584,7.032876316218285,0.05746053733595386,0.5758976760487018,0.9823923000321063,2055.5945945945946,128.55010559705514,5.421402041431912,0.021381856657674326,0.01717899957003207,0.021172141844889036,1.8598549635089807
Track_16748,494,494,27,4,0,0,0,10,43.0,13.0,56.0,3.1838704382819913,290.05498113306965,430.0522248786338,0.0,0.8408963522485924,4.647072047827781,0.06698110268335224,0.5135794730112415,1.1624889691669382,2203.8518518518517,27.929187075946565,7.938847210956053,0.11399796312095435,0.07404349856469747,0.088053061910308,1.6178819834569702
Track_16749,495,495,140,8,0,0,0,5,160.0,16.0,176.0,29.051107394668716,413.9672112135849,447.9821605991702,0.0,0.971987313497691,4.542876400584011,0.11120095710322732,0.7506409294840057,0.7677855701339622,2030.2214285714285,145.1043728008801,29.859720841436662,0.2002083523322497,0.18156942121667946,0.1868022542015522,1.681064803143607
Track_16750,496,496,10,3,0,0,0,2,13.0,16.0,29.0,0.7560520634042194,342.88831954178534,83.47986957789115,0.0,1.0355925689210923,2.4445619564505523,0.08444553181071969,1.1078119036490406,0.7168239108664102,1702.7,12.018094959232135,3.389234809060973,0.06290947658251199,0.0581578510310938,0.05615900767971344,0.8532015891616347
Track_16751,497,497,164,0,0,0,0,0,163.0,13.0,176.0,15.866691377024463,263.032569269285,81.07327010032583,0.0,0.7718409428992342,5.397516415782488,0.04553845132994084,0.6173556705778666,0.6668443647257063,3390.109756097561,125.8100736925753,20.271168492479866,0.12611622353704127,0.09734166488972062,0.12611622353704138,1.6516535797154364
Track_16752,498,498,6,0,0,0,0,0,5.0,16.0,21.0,1.6104416677502726,42.78976754214387,568.8367003157628,0.0,1.1345001331148543,1.444765860941371,0.8774354670799105,1.0405540705905332,0.22429263382450249,2696.1666666666665,5.672500665574272,1.6930747327005922,0.2839033016820695,0.3220883335500545,0.2839033016820695,1.8919428468197084
Track_16753,499,499,3,0,0,0,0,0,2.0,15.0,17.0,1.58762201374275,202.04012833591852,437.8999977982039,0.0,0.8817150614841724,0.8875224276263509,0.8759076953419941,0.8875224276263509,0.008212855959935036,1752.0,1.763430122968345,1.58762201374275,0.9003033310275652,0.793811006871375,0.9003033310275652,0.900681817901445
Track_16754,500,500,2,0,0,0,0,0,1.0,16.0,17.0,1.9583345941074934,26.267467610994807,574.2000676416368,0.0,1.9583345941074934,1.9583345941074934,1.9583345941074934,1.9583345941074934,NaN,1799.0,1.9583345941074934,1.9583345941074934,1.0,1.9583345941074934,1.0,NaN
Track_16755,501,501,7,0,0,0,0,0,6.0,13.0,19.0,6.783629163686742,101.9351678490655,478.17845417407455,0.0,3.6125859888719294,6.800633616877807,1.0373268351370806,3.776532673822093,1.9258490398984016,2321.4285714285716,21.675515933231576,10.55786788127283,0.31296275413156355,1.130604860614457,0.31296275413156355,2.0154872348392248
Track_16756,502,502,11,1,0,0,0,1,11.0,15.0,26.0,3.0564830456500043,563.9737086663133,492.3113505606678,0.0,0.9698153738030184,1.3620400564238173,0.5380336926679721,1.0541279165532935,0.3177651570880274,3303.7272727272725,10.236187430698157,4.083067828591558,0.2985958459966903,0.2778620950590913,0.2865103014086974,1.0888134028765846
Track_16757,503,503,154,3,0,0,0,7,163.0,13.0,176.0,7.752596626039619,370.25427947384827,591.4174812284415,0.0,0.5802240485666039,4.108087374191784,0.019783338891312834,0.3826505470723477,0.6431230148561221,2073.474025974026,94.07766399533533,8.13519641493136,0.08240634702009626,0.04756194249104061,0.08197168422877076,1.9223131356984546
Track_16758,504,504,6,1,0,0,0,1,6.0,13.0,19.0,0.6053399964010399,220.2012847808595,121.58548540518247,0.0,0.5775968184176183,1.1180693302090066,0.06909936006521077,0.5683594307300747,0.39061904645578543,1778.3333333333333,3.28200736426541,1.1180693302090066,0.18444199820877888,0.1008899994001733,0.17467201373541338,1.570581050455517
Track_16759,505,505,19,2,0,0,0,4,25.0,15.0,40.0,1.37377238980863,99.7007838253878,595.1480809240372,0.0,0.8941870931328486,1.820082445949222,0.20119597153521787,0.9014808524511663,0.4735779505896286,1868.9473684210527,18.57098918945147,2.9387232986396015,0.07397410960687803,0.0549508955923452,0.061453465403778974,1.8503348191236935
Track_16760,506,506,29,1,0,0,0,1,29.0,19.0,48.0,19.739781332553957,23.85277035428424,152.39526230928936,0.0,1.4027754010897604,11.823292531389052,0.2555612345069968,0.8123007019324839,2.159660422241654,2857.6206896551726,40.900853791509014,19.739781332553957,0.48262516555710433,0.6806821149156537,0.48523955751352554,1.3454323551350873
Track_16761,507,507,10,1,0,0,0,1,10.0,21.0,31.0,1.7913315803832301,56.34033371510824,560.0662560800727,0.0,1.7251869857300821,4.733702208256562,0.5355948433293402,1.1251970591505662,1.5738799100137515,1818.4,16.42933790803104,5.294043844302716,0.10903248751780714,0.17913315803832303,0.10383405365332943,1.3949470774284367
Track_16762,508,508,106,2,0,0,0,1,107.0,20.0,127.0,6.004191433691873,634.7786913344236,415.56548202630836,0.0,0.8717993105771105,4.637225322923224,0.05804370171111589,0.5963229446732223,0.8164779161177006,2322.0849056603774,93.0570427356588,10.274556975369414,0.06452162305165442,0.05611393863263433,0.06436566071093613,1.6760514458177125
Track_16763,509,509,54,8,0,0,0,4,70.0,19.0,89.0,20.995830645396808,94.37428828802182,98.27001730351218,0.0,1.1310889124597343,5.768172243087197,0.11632073168651179,0.8794467437207456,1.1491762422210154,1898.9814814814815,79.15660000671002,20.995830645396808,0.2652442202370619,0.29994043779138296,0.26517847932848565,1.7975335720412877
Track_16764,510,510,15,2,0,0,0,3,19.0,21.0,40.0,2.181016487144833,10.239413534696872,104.76504992302202,0.0,0.763118453048784,2.2338172908572957,0.1480861468649263,0.6915470695994844,0.5041995843587916,1942.1333333333334,14.34718231245551,4.479955995719019,0.15201706088667896,0.11479034142867542,0.1504227043260048,1.0388496564019987
Track_16765,511,511,2,0,0,0,0,0,1.0,21.0,22.0,0.11263521003053886,27.97626901795143,105.83386726736596,0.0,0.11263521003053886,0.11263521003053886,0.11263521003053886,0.11263521003053886,NaN,1639.5,0.11263521003053886,0.11263521003053886,1.0,0.11263521003053886,1.0,NaN
Track_16766,512,512,16,0,0,0,0,0,15.0,20.0,35.0,1.086697643286599,148.63036489353485,31.005137594506174,0.0,0.4138112107263476,1.4724999411066049,0.06589986797142754,0.23080150121502407,0.4070892074084777,1767.0625,6.207168160895215,1.5521713831924628,0.17507140375747005,0.07244650955243993,0.17507140375747007,1.6705915331856709
Track_16767,513,513,15,1,0,0,0,4,18.0,19.0,37.0,0.8909028215394601,281.15735768955096,399.9037311547158,0.0,1.03361277411932,4.462156623883125,0.20620047014435378,0.48836187708001355,1.415754419762765,2586.866666666667,15.295380718247895,5.136229390744805,0.05824652801721918,0.04949460119663667,0.04788505176787127,2.070150396418162
Track_16768,514,514,154,3,0,0,0,4,159.0,17.0,176.0,3.237684572820553,284.84985447881024,527.5515743867595,0.0,0.6859042698454895,2.076227294234151,0.03162225947313952,0.6302828185742216,0.4263654351725899,2587.564935064935,106.6789641337889,8.829496924108833,0.03034979388026385,0.020362796055475176,0.0296875190178685,1.5531386209186644
Track_16769,515,515,4,1,0,0,0,4,7.0,21.0,28.0,7.686463074004453,226.5709260171116,533.9139824036354,0.0,0.8823710385791982,1.6666177272305998,0.4289172076779622,0.5515781808290325,0.6819410385649981,1698.75,9.313584024659994,7.7834964052687114,0.8252959390984889,1.0980661534292075,1.2444494497431868,1.2160162212110137
Track_16770,516,516,44,4,0,0,0,2,48.0,18.0,66.0,9.263091076196256,216.240642396512,195.95868899141578,0.0,0.8719635138690094,2.757095193211585,0.05108218471219089,0.8366514334211348,0.5518769264078263,2043.7727272727273,41.07594690168833,12.381470427444368,0.22551132170772958,0.192981064087422,0.22131782008990408,1.650845164620924
Track_16771,517,517,51,5,0,0,0,8,64.0,20.0,84.0,6.079876896419868,5.903521256479882,542.7086087413275,0.0,0.9297057889465568,4.433207333647213,0.13238446098130985,0.6916395473654557,0.9003735083852406,1888.9803921568628,52.30392331970767,6.590269920604427,0.11624131633982077,0.09499807650656043,0.10218079486651589,1.4527942620853345
Track_16772,518,518,5,0,0,0,0,0,4.0,18.0,22.0,2.434612551620649,131.87830045348957,49.608443459982674,0.0,1.296047830986816,1.8708730976606913,0.8554153563878152,1.2736134955469167,0.42331009788490853,1627.6,5.184191323947263,3.0551300108883397,0.4696224347227459,0.6086531379051623,0.46962243472274584,1.5283870995539992
Track_16773,519,519,153,2,0,0,0,1,154.0,22.0,176.0,9.542805550883642,322.3619746244775,606.5549337062374,0.0,0.6214134006947356,4.807337331558238,0.014493025425922762,0.4859138708723986,0.6263064114121255,2281.6339869281046,95.42616376467237,10.181534735042781,0.10000198241665538,0.06196626981093274,0.09971827086711504,1.8129394882982084
Track_16774,520,520,7,1,0,0,0,8,14.0,22.0,36.0,0.324142995804893,517.3483755318395,229.98800210224366,0.0,2.0923558424189412,4.495362715402011,0.12268257697279772,1.4096138575322434,1.7370321372815634,1871.7142857142858,13.53559567029603,4.489996490692708,0.02394744965057041,0.023153071128920927,0.011065551403605425,2.129868199028201
Track_16775,521,521,2,0,0,0,0,0,1.0,13.0,14.0,0.20631561365349896,366.15109369341883,245.4053297071356,0.0,0.20631561365349896,0.20631561365349896,0.20631561365349896,0.20631561365349896,NaN,1643.5,0.20631561365349896,0.20631561365349896,1.0,0.20631561365349896,1.0,NaN
Track_16776,522,522,6,1,0,0,0,7,12.0,23.0,35.0,3.58100765264156,129.79796008830053,30.00811597021094,0.0,0.620246556112833,1.2835864297070056,0.04182354083759498,0.2760143345107117,0.5982449698493635,2108.5,5.0333331221391475,3.58100765264156,0.7114585038869125,0.29841730438679664,0.48112690259340946,1.4591144337092914
Track_16777,523,523,26,4,0,0,0,10,51.0,23.0,74.0,19.423261071228016,228.7388661396272,300.36612826235216,0.0,1.5051640244950473,8.089348103768982,0.10770124016379332,0.9081610712185719,1.7826085860847394,2001.076923076923,49.147478831751016,19.423261071228016,0.39520361029546647,0.38084825629858854,0.2530277432231053,1.4615809463292917
Track_16778,524,524,14,0,0,0,0,0,13.0,23.0,36.0,4.466517809153437,14.14939117726279,532.0907169896548,0.0,0.7838687736052071,1.5656530607002204,0.12049274239965828,0.8805291952911662,0.4398120874480987,1934.4285714285713,10.190294056867693,4.466517809153437,0.4383109833953469,0.34357829301180287,0.4383109833953469,2.071706923329382
Track_16779,525,525,154,0,0,0,0,0,153.0,23.0,176.0,8.943128183940075,717.4663207151809,446.5849905153303,0.0,0.6345596022635496,5.832122948846445,0.02290154309457813,0.44130355805368676,0.8700089783862283,3807.279220779221,97.08761914632309,16.086224718621796,0.09211399210914495,0.05845181819568677,0.09211399210914496,1.7247575216467936
Track_16780,526,526,7,2,0,0,0,11,27.0,14.0,41.0,10.702414071466723,363.7058632287115,444.72260065924786,0.0,0.9881104894184954,3.1197752676713058,0.2910654806296008,0.7924743712965217,1.073398576051057,1880.5714285714287,13.904645185981893,10.759793071222623,0.7697006236632682,0.39638570635061937,0.4011552458914721,1.176803192451975
Track_16781,527,527,2,0,0,0,0,0,1.0,14.0,15.0,1.5477682382174758,220.49666175018803,622.9841408345787,0.0,1.5477682382174758,1.5477682382174758,1.5477682382174758,1.5477682382174758,NaN,1630.0,1.5477682382174758,1.5477682382174758,1.0,1.5477682382174758,1.0,NaN
Track_16782,528,528,2,0,0,0,0,0,1.0,14.0,15.0,0.3150722873091827,113.55279274188754,623.0695818274078,0.0,0.3150722873091827,0.3150722873091827,0.3150722873091827,0.3150722873091827,NaN,1790.5,0.3150722873091827,0.3150722873091827,1.0,0.3150722873091827,1.0,NaN
Track_16783,529,529,3,0,0,0,0,0,2.0,14.0,16.0,1.2216035786183244,576.8244211912121,335.06948032509564,0.0,0.635194409455319,0.9114430098892291,0.3589458090214089,0.9114430098892291,0.39067451732022174,1984.0,1.270388818910638,1.2216035786183244,0.9615981819375999,0.6108017893091622,0.9615981819375999,0.6194471621513664
Track_16784,530,530,2,0,0,0,0,0,1.0,14.0,15.0,5.477564567055879,491.8505818434171,427.42379637442093,0.0,5.477564567055879,5.477564567055879,5.477564567055879,5.477564567055879,NaN,2232.0,5.477564567055879,5.477564567055879,1.0,5.477564567055879,1.0,NaN
Track_16785,531,531,79,4,0,0,0,11,93.0,24.0,117.0,14.83288278727275,351.9667563234889,490.702062097783,0.0,1.0740916530777103,14.385778678456434,0.11668681225964227,0.7592813935390696,1.7702877315092767,2076.784810126582,88.55418582677069,16.543709515021643,0.1675006398487901,0.15949336330400807,0.14849139069928957,1.6310036641237764
Track_16786,532,532,2,0,0,0,0,0,1.0,24.0,25.0,3.008324692103927,102.12079729224533,636.615211005565,0.0,3.008324692103927,3.008324692103927,3.008324692103927,3.008324692103927,NaN,2764.0,3.008324692103927,3.008324692103927,1.0,3.008324692103927,1.0,NaN
Track_16787,533,533,2,0,0,0,0,0,1.0,24.0,25.0,0.5734361076475498,688.2440164894706,258.6030793725295,0.0,0.5734361076475498,0.5734361076475498,0.5734361076475498,0.5734361076475498,NaN,1666.0,0.5734361076475498,0.5734361076475498,1.0,0.5734361076475498,1.0,NaN
Track_16788,534,534,2,0,0,0,0,0,1.0,24.0,25.0,0.6312371243904273,461.04419858251106,511.3703115438776,0.0,0.6312371243904273,0.6312371243904273,0.6312371243904273,0.6312371243904273,NaN,3146.5,0.6312371243904273,0.6312371243904273,1.0,0.6312371243904273,1.0,NaN
Track_16789,535,535,8,0,0,0,0,0,7.0,24.0,31.0,0.23499239503395056,155.39809590803776,59.73668089387279,0.0,0.347239118910069,0.7321078064521939,0.15250611512720566,0.2551791016774551,0.22838086244254,1682.75,2.4306738323704833,0.7335547721333308,0.09667788080179283,0.033570342147707224,0.09667788080179286,1.7754357610933116
Track_16790,536,536,2,0,0,0,0,0,1.0,15.0,16.0,3.5458874803592897,309.797160242844,4.576464924550818,0.0,3.5458874803592897,3.5458874803592897,3.5458874803592897,3.5458874803592897,NaN,1708.0,3.5458874803592897,3.5458874803592897,1.0,3.5458874803592897,1.0,NaN
Track_16791,537,537,2,0,0,0,0,0,1.0,15.0,16.0,0.6115026047582047,448.5680136158477,619.5567565175018,0.0,0.6115026047582047,0.6115026047582047,0.6115026047582047,0.6115026047582047,NaN,1649.5,0.6115026047582047,0.6115026047582047,1.0,0.6115026047582047,1.0,NaN
Track_16792,538,538,7,2,0,0,0,3,12.0,15.0,27.0,6.798879930045948,72.18355138935796,120.72336805647038,0.0,1.2890225466040188,2.223690318863281,0.6690750870492983,1.247463280209508,0.6203760642000674,1730.5714285714287,12.86732364091066,7.791691237954459,0.528383377910029,0.566573327503829,0.43953717411420695,1.021376382067734
Track_16793,539,539,5,1,0,0,0,6,10.0,19.0,29.0,3.1276810248056672,41.526888851275736,175.54926393779004,0.0,1.332592880584526,2.3641064547371244,0.44339491271893666,1.3656539298977584,0.7929992190052016,1778.2,7.990740998651724,4.032320591026778,0.3914131399495241,0.31276810248056675,0.2347064186200475,1.8814105037935744
Track_16794,540,540,14,1,0,0,0,6,19.0,19.0,38.0,11.123108582725346,161.30090122947374,603.4901643281265,0.0,2.4995902081639954,5.772721526209425,0.2502395560973199,1.022085458028024,2.144178919112583,2211.6428571428573,35.27449006053755,11.208786100679651,0.3153301029621132,0.5854267675118603,0.23420909779522192,1.6725041749644796
Track_16795,541,541,4,1,0,0,0,5,8.0,20.0,28.0,1.2043590831731474,117.07482342732698,249.70467974270107,0.0,0.4657662860132632,1.2369641913617186,0.01747774822384593,0.142856918454225,0.6708126720570345,1639.5,1.4846875991590192,1.2369641913617186,0.8111868677662156,0.15054488539664343,0.3232197991083376,0.16811929089543365
Track_16796,542,542,2,0,0,0,0,0,1.0,20.0,21.0,0.7776910312448038,822.1600487996956,145.79768558456,0.0,0.7776910312448038,0.7776910312448038,0.7776910312448038,0.7776910312448038,NaN,1598.5,0.7776910312448038,0.7776910312448038,1.0,0.7776910312448038,1.0,NaN
Track_16797,543,543,3,0,0,0,0,0,2.0,19.0,21.0,0.40659007178936857,328.30837516727905,522.2636268377938,0.0,0.5865967901245016,0.7048958191825371,0.46829776106646614,0.7048958191825371,0.16730009130944262,2084.3333333333335,1.1731935802490032,0.7048958191825371,0.34656690816793617,0.20329503589468428,0.34656690816793617,2.5578194005781647
Track_16798,544,544,2,0,0,0,0,0,1.0,20.0,21.0,0.4667163184566422,832.0776501141993,373.4967173448714,0.0,0.4667163184566422,0.4667163184566422,0.4667163184566422,0.4667163184566422,NaN,2074.5,0.4667163184566422,0.4667163184566422,1.0,0.4667163184566422,1.0,NaN
Track_16799,545,545,153,2,0,0,0,4,157.0,19.0,176.0,11.37720239274681,128.04257051109798,549.3636710351126,0.0,0.7630778908125666,2.749719637991525,0.03818887213546807,0.6410214005395001,0.5797025237266201,2285.777777777778,117.17129424165375,13.220388383572736,0.09709888813963682,0.0724662572786421,0.09496574091732118,1.6900602572505012
Track_16800,546,546,3,0,0,0,0,0,2.0,18.0,20.0,1.8623705465245652,705.8343779801802,392.68509192435346,0.0,0.9400530400271745,1.0104692765905565,0.8696368034637924,1.0104692765905565,0.09958359675920717,1620.3333333333333,1.880106080054349,1.8623705465245652,0.9905667378463714,0.9311852732622826,0.9905667378463714,0.27570685322145905
Track_16801,547,547,3,0,0,0,0,0,2.0,18.0,20.0,1.385465064467898,175.03646343018636,376.0213815758727,0.0,2.790917736663626,3.271525269855987,2.310310203471265,3.271525269855987,0.6796816916193142,2678.3333333333335,5.581835473327252,2.310310203471265,0.24820958465872558,0.692732532233949,0.24820958465872558,2.7766366847294606
Track_16802,548,548,2,0,0,0,0,0,1.0,18.0,19.0,5.614476874154013,146.09904382599316,263.11884284217854,0.0,5.614476874154013,5.614476874154013,5.614476874154013,5.614476874154013,NaN,2728.0,5.614476874154013,5.614476874154013,1.0,5.614476874154013,1.0,NaN
Track_16803,549,549,2,0,0,0,0,0,1.0,18.0,19.0,0.7573741567938215,368.22285634074797,413.07589050214517,0.0,0.7573741567938215,0.7573741567938215,0.7573741567938215,0.7573741567938215,NaN,1728.5,0.7573741567938215,0.7573741567938215,1.0,0.7573741567938215,1.0,NaN
Track_16804,550,550,12,0,0,0,0,0,11.0,25.0,36.0,8.223406374550121,788.6691740000921,159.60110855800306,0.0,0.8751405755103394,4.251384960651099,0.20281014285622492,0.4816223727976271,1.1448994770240875,2347.75,9.626546330613733,8.223406374550121,0.8542426423896766,0.7475823976863747,0.8542426423896766,0.9946419835895675
Track_16805,551,551,7,2,0,0,0,9,24.0,25.0,49.0,2.0555118421691314,394.05830542196554,427.293005666622,0.0,0.48679904105302624,0.629479886610917,0.299774136908847,0.5523238544253978,0.13287880582416306,1912.857142857143,8.712511167086987,3.581241307646144,0.23592645136963286,0.08564632675704714,0.17593774747743973,1.1713483546793753
Track_16806,552,552,4,0,0,0,0,0,3.0,25.0,28.0,1.5361552388266628,592.7418787310329,630.6786684967858,0.0,0.6458838739514561,0.8608523408003834,0.29308416086549655,0.7837151201884883,0.3079582209749946,2491.25,1.9376516218543682,1.5361552388266628,0.7927922757118403,0.5120517462755543,0.7927922757118403,1.1737104982700879
Track_16807,553,553,60,3,0,0,0,10,79.0,26.0,105.0,4.753710825737274,133.27708655598198,282.20487077061586,0.0,0.8133866424008618,4.119066682816868,0.11510486724168369,0.6057296375138559,0.7063524652707418,2298.0,52.22700201121742,6.6112071525171645,0.0910201742906143,0.06017355475616803,0.07397902992180275,1.718547909707102
Track_16808,554,554,9,0,0,0,0,0,8.0,25.0,33.0,1.5857931784232735,305.3717145203751,4.393028956413713,0.0,0.9296296700673365,3.6128411672747816,0.2339671466700832,0.561111838307906,1.1286299814956107,1689.888888888889,7.437037360538692,3.0153484356570925,0.2132291531621953,0.1982241473029092,0.2132291531621953,2.1010873789303006
Track_16809,555,555,3,0,0,0,0,0,2.0,26.0,28.0,1.9106048761045562,279.59477698262236,361.93872806478475,0.0,2.0140748591223017,2.429812907969958,1.5983368102746454,2.429812907969958,0.5879423870748838,2169.3333333333335,4.028149718244603,1.9106048761045562,0.4743132727790377,0.9553024380522781,0.4743132727790377,2.2383126747651656
Track_16810,556,556,7,1,0,0,0,9,15.0,25.0,40.0,8.438415188862086,207.46399800424504,537.2810477663869,0.0,2.182226240168714,4.863080434547317,0.05694206326773466,1.5783357568728238,2.050326087359466,2443.714285714286,21.358741173775535,8.441327264445018,0.3950801744450582,0.5625610125908057,0.2577922500589639,1.7781999235206307
Track_16811,557,557,5,1,0,0,0,2,6.0,26.0,32.0,1.6273591594260683,757.4835299819395,122.33791093440797,0.0,1.0974907967393297,1.8217555619094319,0.39826338972833125,1.2693149165352215,0.600487686920247,1704.8,6.191221824525989,1.9302734102746826,0.2628494351437104,0.2712265265710114,0.2471333038753779,1.2448084076365982
Track_16812,558,558,2,0,0,0,0,0,1.0,26.0,27.0,0.7346897815178196,338.1596003934271,238.60351092768963,0.0,0.7346897815178196,0.7346897815178196,0.7346897815178196,0.7346897815178196,NaN,3299.5,0.7346897815178196,0.7346897815178196,1.0,0.7346897815178196,1.0,NaN
Track_16813,559,559,3,0,0,0,0,0,2.0,26.0,28.0,0.6967530533393806,707.4916291793055,43.86965483933725,0.0,0.8136301276499746,1.1450272665409629,0.48223298875898624,1.1450272665409629,0.468666328351276,1607.6666666666667,1.627260255299949,1.1450272665409629,0.4281755490985981,0.3483765266696903,0.4281755490985981,2.851416604193219
Track_16814,560,560,3,0,0,0,0,0,2.0,26.0,28.0,1.8238995882097773,458.4707414746911,445.44265585004604,0.0,0.9545147913411498,1.3209416915346803,0.5880878911476192,1.3209416915346803,0.5182058918720234,2266.0,1.9090295826822996,1.8238995882097773,0.9554066656458463,0.9119497941048886,0.9554066656458463,0.6510286754564283
Track_16815,561,561,5,1,0,0,0,9,13.0,26.0,39.0,3.1467209615876164,256.25711672720934,599.1685788879663,0.0,0.5894396741294957,1.5601465687573128,0.207194889414339,0.3114448075625791,0.6486020880190925,1602.4,4.222512701247034,3.1467209615876164,0.7452247474965075,0.24205545858366279,0.4106534887410462,1.855841348082438
Track_16816,562,562,5,0,0,0,0,0,4.0,25.0,29.0,1.1629035349529742,103.96991302527303,258.6098993711002,0.0,0.7625353586381367,1.4751219152886104,0.23906978721935754,0.6858535706318121,0.5165005565870832,1682.2,3.050141434552547,1.501283865091232,0.38126216764225923,0.29072588373824354,0.38126216764225923,1.3976103946605336
Track_16817,563,563,11,0,0,0,0,0,10.0,25.0,35.0,3.5928198405008915,288.60985867965644,342.7705198007367,0.0,0.8043060726466011,1.5204830506794687,0.1154360904472566,0.8219400355904366,0.41055423845139183,1848.0,8.04306072646601,3.5928198405008915,0.44669808704521846,0.35928198405008915,0.44669808704521835,1.803941617460076
Track_16818,564,564,58,4,0,0,0,10,75.0,25.0,100.0,14.33711480129589,202.97141689119348,264.0264534335462,0.0,1.1894734283415418,13.63995175073143,0.10759010947827595,0.7924067722400595,1.922777763240362,1941.155172413793,84.15741994659132,22.28112303107579,0.170360674203114,0.1911615306839452,0.1607110559421893,1.6861980272678407
Track_16819,565,565,40,0,0,0,0,0,39.0,25.0,64.0,6.47399402004672,855.9192182966253,69.25873313208011,0.0,1.5521782591980227,4.838142346510868,0.06594053786241841,1.371242517374846,1.0407146184610137,2070.475,60.53495210872286,12.643056645983192,0.10694638047155308,0.16599984666786463,0.10694638047155305,1.5730420674178702
Track_16820,566,566,6,0,0,0,0,0,5.0,25.0,30.0,0.6200957513066203,131.12787110802398,622.6021130280453,0.0,0.7804168595922945,1.130885839413034,0.4180240092076262,0.7537078218324147,0.33890002787373,3104.3333333333335,3.9020842979614723,1.5668373461977245,0.15891398133827372,0.12401915026132407,0.15891398133827372,1.5718310631228274
Track_16821,567,567,145,3,0,0,0,2,148.0,28.0,176.0,3.6294058455939338,87.35065728554139,65.06572346497487,0.0,0.48531166016693744,3.492392680440092,0.009979456497252591,0.2341198650797647,0.7113218877494484,1957.489655172414,73.1351568919098,4.7836363953426515,0.04962600751589306,0.024523012470229283,0.05053044153481468,1.774631928550638
Track_16822,568,568,34,4,0,0,0,5,41.0,25.0,66.0,2.739091426449482,339.2564435101777,421.2166562176208,0.0,1.1476261921616395,5.6492326212477035,0.06285975123446975,0.7453937868097593,1.3351916824634795,2413.470588235294,43.0678440860175,9.7430252210261,0.0635994553379272,0.06680710796218249,0.058213300130721415,1.5367278653359966
Track_16823,569,569,11,2,0,0,0,2,13.0,28.0,41.0,2.7333284167582947,178.9656576992667,6.752902285403081,0.0,0.46178441194594505,0.9908332366349987,0.1361705458767506,0.46835451970705005,0.29387241946917003,1723.8181818181818,7.067865112436497,3.7355753350794556,0.38672617166232787,0.21025603205833038,0.45531210369860264,1.6674892825278937
Track_16824,570,570,3,0,0,0,0,0,2.0,28.0,30.0,2.02554233979572,63.33850781127713,11.631333235677507,0.0,1.5560790032120422,1.6434908981571936,1.468667108266891,1.6434908981571936,0.1236190873441652,1905.6666666666667,3.1121580064240844,2.02554233979572,0.6508481688958647,1.01277116989786,0.6508481688958647,1.7278841525575652
Track_16825,571,571,71,11,0,0,0,9,104.0,28.0,132.0,8.054574442621046,489.29249719809343,579.3170905341602,0.0,0.6232658644945682,1.5240041640813087,0.04510185512455616,0.5923708804717139,0.36279839210440507,1699.0140845070423,50.661361936680265,8.746890509334795,0.1589885098763858,0.07744783117904852,0.12426130739865585,1.5089006723085923
Track_16826,572,572,24,0,0,0,0,0,23.0,28.0,51.0,5.373113008460893,139.6791787477083,38.4222468415674,0.0,2.07968251678456,6.271538726848709,0.21474710799507055,0.9068631890030213,2.2972593078283716,1968.25,47.83269788604487,10.623077657421995,0.11233138095747036,0.2336136090635171,0.11233138095747033,1.860223158416427
Track_16827,573,573,138,3,0,0,0,6,147.0,28.0,175.0,6.760309127766959,218.64741778789312,616.6107674161909,0.0,0.7847974560363479,4.84151657241989,0.04806010749368885,0.567071938928293,0.7873762016671862,2178.746376811594,118.16479676819168,7.2372847654922445,0.05721085562419163,0.045988497467802446,0.05859919284151259,1.8201501952418795
Track_16828,574,574,6,1,0,0,0,1,6.0,27.0,33.0,1.6009000241073013,639.9636023242261,398.7437253040707,0.0,0.9271524223130165,1.08040900007265,0.5670059499919873,1.0215116503353439,0.2136558691634713,2406.3333333333335,5.20276806155707,1.6009000241073013,0.30770159368361083,0.26681667068455023,0.2877808052519654,1.6507448390916708
Track_16829,575,575,5,1,0,0,0,10,14.0,30.0,44.0,1.0188080447243246,28.791239048320744,459.51170679750174,0.0,0.5603089159567787,0.9172197692094202,0.14294935077284607,0.6023208460871421,0.3181610079904531,2079.6,3.6707291715555757,1.4837143109302775,0.2775492271723702,0.07277200319459462,0.12987836017267326,0.6024447978108101
Track_16830,576,576,2,0,0,0,0,0,1.0,30.0,31.0,3.9654658730098933,686.7707312518955,7.174830660797773,0.0,3.9654658730098933,3.9654658730098933,3.9654658730098933,3.9654658730098933,NaN,2126.0,3.9654658730098933,3.9654658730098933,1.0,3.9654658730098933,1.0,NaN
Track_16831,577,577,4,0,0,0,0,0,3.0,29.0,32.0,2.1076914056547063,568.3952015065905,479.8883525308016,0.0,0.8413577931586693,1.35141598503416,0.406370499505584,0.766286894936264,0.47697428887669047,3016.5,2.5240733794760084,2.1076914056547063,0.8350357096560552,0.7025638018849021,0.8350357096560553,1.666056412789747
Track_16832,578,578,49,3,0,0,0,3,53.0,29.0,82.0,0.5075192265977537,274.1151378806413,248.191207179394,0.0,0.38898146270742234,2.1514046556020223,0.04234322390559158,0.28116668938632056,0.4104924036118814,1998.9591836734694,19.201676169536373,2.2684285926303795,0.026430985613794353,0.00957583446410856,0.02461771416421238,1.805125904762426
Track_16833,579,579,31,2,0,0,0,7,39.0,30.0,69.0,4.817072811331399,499.4442157400334,30.098056295153942,0.0,0.37212786498475225,0.7992460990567658,0.0718194326449913,0.40364287900587836,0.20051298512355778,1674.9032258064517,12.668046008992903,5.046996952121583,0.38025381403823555,0.12351468747003587,0.33191464303565876,1.5689758223617412
Track_16834,580,580,121,4,0,0,0,11,144.0,30.0,174.0,9.037843057177266,304.41447160388566,298.438911439504,0.0,0.8589920574030889,3.4438508188895804,0.0415863281530834,0.6900093138420935,0.6656017842777561,1985.8677685950413,107.13872474372855,9.481394012783245,0.08435645541605444,0.06276279900817545,0.07306563368923388,1.7116772869063792
Track_16835,581,581,4,0,0,0,0,0,3.0,29.0,32.0,10.83437939407371,107.99031079547393,386.05217510071134,0.0,4.537047239343337,6.912218512730985,1.4540306369301164,5.244892568368913,2.7970944709202072,2811.75,13.611141718030014,11.981027265081918,0.7959934308612728,3.6114597980245704,0.795993430861273,1.3567301361051487
Track_16836,582,582,31,6,0,0,0,11,51.0,27.0,78.0,1.909070056499346,53.761320970494815,271.7014220041493,0.0,0.9968511002460203,2.6552611760612215,0.1694746673575803,0.8205739612531225,0.58351539765969,2018.4516129032259,38.95219969355229,5.120700452904909,0.04901058403680735,0.037432746205869526,0.03755099051065021,1.8346028417295397
Track_16837,583,583,8,2,0,0,0,2,10.0,33.0,43.0,4.220903345010126,602.5769551017697,194.4666731556518,0.0,1.6724254101501557,3.2232267459383395,0.21329773884952977,1.7757665183389517,1.0851183304814374,1710.0,15.614696401724137,5.1837029298936175,0.2703160686841189,0.42209033450101263,0.2523821582351562,0.8201803106891229
Track_16838,584,584,7,0,0,0,0,0,6.0,32.0,38.0,0.6600967190166864,862.0315335842881,608.1556745034507,0.0,0.6592666706002858,1.630966841360512,0.18452518135890622,0.6684816872547796,0.5210236288922863,1662.142857142857,3.955600023601715,1.2460693260586622,0.16687650800842216,0.11001611983611441,0.16687650800842216,1.838162380861108
Track_16839,585,585,2,0,0,0,0,0,1.0,33.0,34.0,1.2519676404949993,605.2551198566925,269.46873773258187,0.0,1.2519676404949993,1.2519676404949993,1.2519676404949993,1.2519676404949993,NaN,1763.5,1.2519676404949993,1.2519676404949993,1.0,1.2519676404949993,1.0,NaN
Track_16840,586,586,5,1,0,0,0,4,8.0,32.0,40.0,2.5467773102620765,106.3353073261768,81.21370168249634,0.0,1.0374602991999344,2.039669668708989,0.19998220695590602,1.4374651248978245,0.8533705529432053,1912.6,4.949770024623361,2.5467773102620765,0.5145243713531653,0.31834716378275957,0.30685238175211293,1.2474098370616815
Track_16841,587,587,4,0,0,0,0,0,3.0,31.0,34.0,2.06482353766306,11.383754024049068,635.030128207346,0.0,1.7764562756831723,2.2093927888884686,1.458664921240032,1.6613111169210166,0.3883836872292188,1897.5,5.329368827049517,3.663039358081893,0.3874424166672289,0.6882745125543533,0.38744241666722895,1.5426438752084723
Track_16842,588,588,131,6,0,0,0,6,145.0,31.0,176.0,4.5275802916555135,72.42153894478764,77.22365949990933,0.0,0.9019991553681584,4.488421933762163,0.08086726704535158,0.7452120310948331,0.7525571221115293,2061.8396946564885,126.72017310879568,8.23203695220729,0.03572896233158044,0.031224691666589748,0.034617207212178744,1.5629227054797636
Track_16843,589,589,23,5,0,0,0,7,41.0,32.0,73.0,7.149674891811879,31.474920102974668,155.64418253126007,0.0,2.7087195995693967,13.90498825241544,0.06441163402945353,0.6886790974968579,4.452229786399612,2158.608695652174,71.130081503688,20.187349987515137,0.1005154885340765,0.17438231443443605,0.06437813440053282,1.5455667357146885
Track_16844,590,590,138,1,0,0,0,6,143.0,33.0,176.0,9.335538090862546,165.62141351029072,447.1626901022865,0.0,0.6985973477968702,8.082475704296646,0.010909921184652198,0.41561806761870823,1.1336960134780731,5303.202898550725,102.91736200135836,14.608023493604444,0.09070906899789494,0.06528348315288493,0.09344937159977207,1.385314773177812
Track_16845,591,591,3,0,0,0,0,0,2.0,33.0,35.0,1.4043524485029872,717.4967618371223,91.87661947340372,0.0,3.3170271872640673,4.00363956719492,2.6304148073332145,4.00363956719492,0.9710165397914803,2152.6666666666665,6.634054374528135,2.6304148073332145,0.2116884139350871,0.7021762242514936,0.2116884139350871,3.050953555835258
Track_16846,592,592,47,2,0,0,0,2,49.0,31.0,80.0,0.7241877319475006,389.19846251156855,440.7954095421636,0.0,0.8016391870239259,3.8050970588926676,0.0889150551674271,0.4390342564795709,1.0745179595509522,1930.127659574468,37.26597326810574,3.7467015232200023,0.019432948302125795,0.01477934146831634,0.018436400948891277,1.7575029453477113
Track_16847,593,593,17,3,0,0,0,2,20.0,36.0,56.0,18.041319543139014,139.97907761944455,71.39448788866736,0.0,1.8317471007908748,4.946913700491773,0.5703747187697248,1.514686296301422,1.1320245830636673,1900.5294117647059,38.063588451164506,18.041319543139014,0.4739784207756971,0.9020659771569507,0.4924620744683995,1.150131426156349
Track_16848,594,594,10,3,0,0,0,7,23.0,34.0,57.0,15.25785472444368,101.98088140265577,616.8578547767409,0.0,1.9800749446467192,13.053865805732046,0.14392739877313523,0.7503879249101825,4.166127498609008,2275.1,20.75625763227803,15.25785472444368,0.7350966149464347,0.6633849880192905,0.33503024206876686,1.3088949885160464
Track_16849,595,595,79,2,0,0,0,10,91.0,35.0,126.0,12.205086222299192,367.86692473374404,412.3140031233838,0.0,1.0468330669591064,5.077794938825874,0.07923086579079335,0.8417644365176481,0.9163242346277157,1985.4683544303798,85.81317586401295,12.205086222299192,0.14222858086082768,0.13412182661867245,0.12812150365891317,1.837474497879767
Track_16850,596,596,64,5,0,0,0,3,73.0,34.0,107.0,17.140975363105984,300.1367573053597,375.2286281940923,0.0,0.49748244034068373,1.126055564965998,0.08049107177489805,0.45554940145615513,0.256725916467208,1718.6875,34.621729061005716,17.140975363105984,0.4950929900959736,0.23480788168638334,0.471992300925402,1.217803437574034
Track_16851,597,597,7,0,0,0,0,0,6.0,35.0,41.0,1.6738970340674613,335.87172376043634,81.05477882125402,0.0,0.9657113793660264,1.6729952482787445,0.07364907692548422,1.237876083362757,0.5834467081443001,2212.0,5.794268276196157,2.938017481116642,0.28888842460817976,0.27898283901124354,0.2888884246081797,1.0530150138157062
Track_16852,598,598,47,5,0,0,0,8,61.0,36.0,97.0,2.217850712732686,138.5082828107588,341.807874582945,0.0,0.9118033392855092,2.9014414043788253,0.1543911362503598,0.9511884850396242,0.5707647162894591,1979.6382978723404,46.900791350916016,5.460879872205765,0.04728812987692519,0.03635820840545387,0.03987505511215196,1.6770666199620394
Track_16853,599,599,128,6,0,0,0,6,142.0,34.0,176.0,9.121653239990323,361.1325375422919,457.3525095794184,0.0,0.9364586437342415,6.018860540112937,0.05418721213838667,0.4414810865414238,1.320660720576944,2291.6875,134.89162071376415,14.020941947234626,0.06762208943538597,0.06423699464781918,0.06859565564119996,1.7373928331440727
Track_16854,600,600,34,3,0,0,0,4,39.0,31.0,70.0,20.66910200640035,253.84535339442542,300.25737809239945,0.0,1.484138020650807,5.052110814315593,0.14977476580490073,1.1401122934368852,1.0333511500874901,1770.3823529411766,54.20124685543985,20.66910200640035,0.3813399728889432,0.5299769745230859,0.35709412948715274,1.5314840158687897
Track_16855,601,601,11,0,0,0,0,0,10.0,36.0,46.0,0.30083157104283564,290.5591845664732,89.1825320069286,0.0,0.35534963180575446,0.5855822292597228,0.07357866629701316,0.3759157052624742,0.15636542606289494,2196.3636363636365,3.5534963180575443,0.8281793099198809,0.08465790987713191,0.030083157104283564,0.0846579098771319,1.6620101402985825
Track_16856,602,602,7,1,0,0,0,1,7.0,34.0,41.0,2.335987508538532,392.8317214195576,123.07481793649548,0.0,0.8082843430456536,1.7279917685154715,0.40171295599814677,0.7186612331356848,0.4812257727965271,1969.2857142857142,5.3953557916457315,2.626554475739078,0.43296264393825856,0.3337125012197903,0.4128652300282668,1.3051125694531889
Track_16857,603,603,8,1,0,0,0,2,9.0,35.0,44.0,1.9144369354704598,335.753119636134,45.14386362589915,0.0,0.43558429582828884,0.780972989532798,0.11693486163884761,0.40946125301609226,0.2276966332854673,1681.0,3.8149934192500856,1.9144369354704598,0.5018191973308256,0.2127152150522733,0.4883445456815264,1.3000033033759615
Track_16858,604,604,29,1,0,0,0,1,29.0,35.0,64.0,2.360830579905967,132.63195379283277,529.9964158960887,0.0,1.0633393189061395,3.58350679661105,0.12826077068530514,0.7562908580225242,0.9086947298381661,1818.448275862069,30.011454599449912,5.4126884975883485,0.07866431705543653,0.08140795103124024,0.07655877064245574,1.861923222230965
Track_16859,605,605,9,1,0,0,0,9,17.0,36.0,53.0,3.9920699484305575,776.5284550476176,142.51108430625146,0.0,0.5198716481119362,0.902912397324369,0.12416499028895851,0.6318118318398882,0.2704539372603448,1806.888888888889,8.156959413699244,4.646238530902104,0.48940662150728087,0.2348276440253269,0.4517031172562905,1.9574003601317964
Track_16860,606,606,12,0,0,0,0,0,11.0,36.0,47.0,4.457175994371101,484.9967148808932,138.70552213990712,0.0,1.016965220442509,2.2642619120469356,0.3053972855975099,0.9143273321310791,0.5989542253898087,1744.1666666666667,11.186617424867597,4.518563232822046,0.3984382253444102,0.4051978176701001,0.3984382253444101,1.8116799415443428
Track_16861,607,607,7,2,0,0,0,4,11.0,32.0,43.0,0.3875130134629593,320.1804327795362,429.34256718220564,0.0,0.4439087521261678,0.9493108337165439,0.041875540780334855,0.6330318951395167,0.3668061280373415,2157.1428571428573,2.999475155155766,1.1256019675417637,0.12919360668711236,0.035228455769359936,0.07935967831368032,1.281263132336968
Track_16862,608,608,9,3,0,0,0,2,13.0,31.0,44.0,4.802786475058415,383.53818880219563,475.7713899504597,0.0,0.7124217423045764,1.4527599203999548,0.06917916937981465,0.8807532823889515,0.5392689943632814,1812.7777777777778,9.558339876879373,5.869702772717125,0.5024707780768347,0.3694451134660319,0.518576415524508,1.0750679706025512
Track_16863,609,609,7,2,0,0,0,6,13.0,31.0,44.0,6.579403337034692,279.304124828221,415.88717218438796,0.0,0.7588050973163685,1.2939081980252927,0.31608122652681536,0.7744703919725938,0.3751768408999567,1915.4285714285713,11.946835519086664,7.4911893935119265,0.550723522268572,0.5061079490026686,0.6669801649891357,1.3310586645347255
Track_16864,610,610,2,0,0,0,0,0,1.0,31.0,32.0,3.2869446269769713,166.72966059950232,76.46985211737206,0.0,3.2869446269769713,3.2869446269769713,3.2869446269769713,3.2869446269769713,NaN,2453.0,3.2869446269769713,3.2869446269769713,1.0,3.2869446269769713,1.0,NaN
Track_16865,611,611,7,1,0,0,0,7,13.0,32.0,45.0,1.5390401742068371,69.3754641861854,58.61147653010518,0.0,0.5925496737278475,1.0410055064145916,0.31468221440323785,0.6326191833966329,0.28293581590443556,2311.8571428571427,5.75807354318975,2.6084136295833167,0.26728386892993183,0.11838770570821824,0.19979372355977806,0.994568048417894
Track_16866,612,612,2,0,0,0,0,0,1.0,35.0,36.0,1.6094127656567243,24.408494119788287,508.1135697692331,0.0,1.6094127656567243,1.6094127656567243,1.6094127656567243,1.6094127656567243,NaN,1906.0,1.6094127656567243,1.6094127656567243,1.0,1.6094127656567243,1.0,NaN
Track_16867,613,613,2,0,0,0,0,0,1.0,35.0,36.0,7.964586667317083,492.27513165116335,425.24810538553214,0.0,7.964586667317083,7.964586667317083,7.964586667317083,7.964586667317083,NaN,2038.0,7.964586667317083,7.964586667317083,1.0,7.964586667317083,1.0,NaN
Track_16868,614,614,2,0,0,0,0,0,1.0,29.0,30.0,1.2694407974311528,269.41000824714575,293.7624798149235,0.0,1.2694407974311528,1.2694407974311528,1.2694407974311528,1.2694407974311528,NaN,1777.5,1.2694407974311528,1.2694407974311528,1.0,1.2694407974311528,1.0,NaN
Track_16869,615,615,4,1,0,0,0,8,11.0,29.0,40.0,0.7313566099749742,332.335319995521,444.4839113053309,0.0,0.34636949914002174,0.7301826251704575,0.053463310822508624,0.2554625614270991,0.3473979146398916,1595.25,1.466814984000134,0.7313566099749742,0.49860181273885007,0.06648696454317947,0.1919538663428957,1.1329107158342913
Track_16870,616,616,2,0,0,0,0,0,1.0,37.0,38.0,0.7515545209690586,24.32026712332943,640.0341855495543,0.0,0.7515545209690586,0.7515545209690586,0.7515545209690586,0.7515545209690586,NaN,2048.5,0.7515545209690586,0.7515545209690586,1.0,0.7515545209690586,1.0,NaN
Track_16871,617,617,2,0,0,0,0,0,1.0,37.0,38.0,0.36197495200658686,379.8567983352532,642.2977240040536,0.0,0.36197495200658686,0.36197495200658686,0.36197495200658686,0.36197495200658686,NaN,1983.0,0.36197495200658686,0.36197495200658686,1.0,0.36197495200658686,1.0,NaN
Track_16872,618,618,2,0,0,0,0,0,1.0,37.0,38.0,1.3565303143227225,297.81126255244243,553.9996152508656,0.0,1.3565303143227225,1.3565303143227225,1.3565303143227225,1.3565303143227225,NaN,1808.0,1.3565303143227225,1.3565303143227225,1.0,1.3565303143227225,1.0,NaN
Track_16873,619,619,37,6,0,0,0,4,49.0,37.0,86.0,5.647464756607396,39.90721825773945,565.9537821159324,0.0,1.623376983407781,15.095669556363012,0.18071151384013967,0.808504859178808,2.754984762116887,2458.7297297297296,71.72977052676225,19.43302942143823,0.0787325083453367,0.11525438278790603,0.07099668405176282,1.4655979705260396
Track_16874,620,620,3,0,0,0,0,0,2.0,37.0,39.0,1.3497358679137708,257.7365395308811,286.01049893022787,0.0,1.0087437711637224,1.5522309749712775,0.4652565673561674,1.5522309749712775,0.7686069746008748,1633.6666666666667,2.0174875423274448,1.5522309749712775,0.669018191981829,0.6748679339568854,0.669018191981829,2.1612178709263388
Track_16875,621,621,40,4,0,0,0,3,46.0,37.0,83.0,0.6686667872952666,238.63537517723222,587.4177348116192,0.0,0.5019172657253924,1.118844110712966,0.07681739364949684,0.47300632958165223,0.2877372362055825,1835.7,21.59462345865952,2.683329485874266,0.030964503204946085,0.01453623450641884,0.028961415554036477,1.4702939285488896
Track_16876,622,622,19,4,0,0,0,2,26.0,37.0,63.0,2.1716244550657575,634.7628138475271,513.9065121374092,0.0,1.9594635073399367,5.881454261597434,0.298634994307386,1.2208952533625215,1.6441737882119438,1943.5263157894738,40.44065479131473,5.920322392232982,0.05369904286347382,0.08352401750252914,0.042625962254289135,1.1482129454911658
Track_16877,623,623,8,0,0,0,0,0,7.0,37.0,44.0,1.1335941865325498,302.25487628295764,421.96888347423726,0.0,0.5667691226310799,0.8197647398558524,0.29662466677515387,0.5975297773118062,0.19363718888928044,1951.25,3.9673838584175596,1.1335941865325498,0.28572838600616224,0.16194202664750712,0.28572838600616224,1.8975173073800338
Track_16878,624,624,2,0,0,0,0,0,1.0,37.0,38.0,0.6566073278091911,155.1819566004672,258.10977886193575,0.0,0.6566073278091911,0.6566073278091911,0.6566073278091911,0.6566073278091911,NaN,2307.0,0.6566073278091911,0.6566073278091911,1.0,0.6566073278091911,1.0,NaN
Track_16879,625,625,5,1,0,0,0,9,13.0,34.0,47.0,1.440981763004935,113.95247278587513,395.55965559645665,0.0,0.5097115678619362,0.8951360651614465,0.13032413643845076,0.552423300893987,0.3144771341842791,1971.8,3.2117634993938013,1.850166167803684,0.4486574940143976,0.11084475100037962,0.21746563741006514,1.4079366389419674
Track_16880,626,626,137,1,0,0,0,1,137.0,39.0,176.0,0.9495349002591947,566.0872638527328,596.6620377248877,0.0,0.3436585741282048,2.0242962850184933,0.0738249922599741,0.33263897839046824,0.21290009589390327,1821.5328467153286,46.9895414290524,2.953748916611058,0.020207366817845178,0.006930911680724049,0.02016801617217446,1.9681478909748424
Track_16881,627,627,3,0,0,0,0,0,2.0,38.0,40.0,6.427753719440125,155.9724347125883,600.335936523,0.0,3.365586173226618,6.221850248613255,0.509322097839981,6.221850248613255,4.0393673931308305,2605.0,6.731172346453236,6.427753719440125,0.9549233608358005,3.2138768597200627,0.9549233608358005,1.1917561828368641
Track_16882,628,628,4,0,0,0,0,0,3.0,38.0,41.0,0.9126455043629648,459.0105498507191,620.5944065151491,0.0,0.3758382035340442,0.7070888210195719,0.2074886029999245,0.21293718658263605,0.28688438516965686,1787.5,1.1275146106021325,0.9126455043629648,0.8094312000760504,0.30421516812098826,0.8094312000760504,1.2981076951119266
Track_16883,629,629,3,0,0,0,0,0,2.0,38.0,40.0,0.8207265237531419,16.230644252098887,343.671819936096,0.0,0.49766957363335623,0.8338629852721442,0.1614761619945683,0.8338629852721442,0.4754492823200547,2105.6666666666665,0.9953391472667125,0.8207265237531419,0.8245697217947552,0.41036326187657096,0.8245697217947552,1.7492781130365835
Track_16884,630,630,19,2,0,0,0,7,27.0,39.0,66.0,0.8209288340761707,308.5537124001095,622.9519469749648,0.0,1.5815787927360405,5.2195159930281,0.06575323880029074,0.9371843350761878,1.5557665468132251,1936.578947368421,29.685638602346877,4.30778025663802,0.027654073576549906,0.030404771632450766,0.019224316722059896,1.7475285554830842
Track_16885,631,631,5,0,0,0,0,0,4.0,38.0,42.0,4.7409372219135335,233.431983395685,66.0506616668027,0.0,1.5607616386042582,3.100702481527016,0.8891616116089602,1.2342873430395895,1.0364473274148673,1656.0,6.243046554417034,4.7409372219135335,0.7593948211965936,1.1852343054783834,0.7593948211965937,1.165116758238843
Track_16886,632,632,3,0,0,0,0,0,2.0,38.0,40.0,0.9318083483333541,45.95440137689252,636.4710815763708,0.0,0.7822163111530535,0.9574367309371147,0.6069958913689922,0.9574367309371147,0.24779909406332637,1686.6666666666667,1.564432622306107,0.9574367309371147,0.5956206327120622,0.46590417416667707,0.5956206327120622,1.9376140315390653
Track_16887,633,633,10,1,0,0,0,3,12.0,39.0,51.0,3.9120238067602933,439.53896424957236,453.84378761686,0.0,0.7726089917102038,2.0106777495945507,0.1117752835520833,0.6705417968103297,0.5845955678249136,2362.0,7.288806776048085,4.57009824922508,0.5367166296156574,0.3260019838966911,0.4219495079588337,1.4792167349546566
Track_16888,634,634,44,5,0,0,0,7,65.0,39.0,104.0,4.2276474202800856,179.28300856473177,244.13840723614604,0.0,0.7766910759980415,3.8459492315454837,0.17035907219789892,0.6326290108090943,0.6169255248153102,2063.4545454545455,42.72929042969455,6.677271778450375,0.09894026738487796,0.06504072954277054,0.0837407967629778,1.4923505876736378
Track_16889,635,635,3,0,0,0,0,0,2.0,38.0,40.0,0.23174973394719714,28.189391750518258,106.2240237231476,0.0,0.19529201899177598,0.20099317045119516,0.1895908675323568,0.20099317045119516,0.008062645715053775,1640.3333333333333,0.39058403798355196,0.23174973394719714,0.5933415383374075,0.11587486697359857,0.5933415383374075,1.872342507677651
Track_16890,636,636,2,0,0,0,0,0,1.0,39.0,40.0,0.664673212572746,258.92563568698847,570.722838530154,0.0,0.664673212572746,0.664673212572746,0.664673212572746,0.664673212572746,NaN,1961.0,0.664673212572746,0.664673212572746,1.0,0.664673212572746,1.0,NaN
Track_16891,637,637,3,0,0,0,0,0,2.0,39.0,41.0,2.4382987975712624,517.6717177588363,431.99907845674414,0.0,1.2227197948170132,2.061850005483962,0.38358958415006467,2.061850005483962,1.1867093245221911,1854.6666666666667,2.4454395896340264,2.4382987975712624,0.9970799556476336,1.2191493987856312,0.9970799556476336,0.21037231976172036
Track_16892,638,638,4,1,0,0,0,1,4.0,40.0,44.0,0.7415091960199001,180.74840027602752,399.70708294760027,0.0,0.6337089764345827,0.9579200074957142,0.227418890580082,0.7157880312279521,0.37210307561289546,3665.75,2.6169149605317004,1.5610038025154722,0.2833524234464392,0.18537729900497502,0.2925274943207489,1.713377928562042
Track_16893,639,639,22,2,0,0,0,11,40.0,40.0,80.0,8.216775542006097,453.2058078218923,489.886731961216,0.0,0.6498007288369294,2.501741464643173,0.09440032806818947,0.50867590106644,0.545970419671273,1830.6818181818182,18.331727647542095,8.623970201128119,0.4482270138410984,0.20541938855015243,0.31612674383703776,1.1373701027509082
Track_16894,640,640,4,0,0,0,0,0,3.0,40.0,43.0,1.6592463298268483,53.7161696510953,593.518800743095,0.0,0.6158838460988374,1.01679424963762,0.3243356185998826,0.5065216700590095,0.3589495829302342,1657.5,1.8476515382965122,1.6592463298268483,0.8980299019785036,0.5530821099422828,0.8980299019785036,0.8602467796035844
Track_16895,641,641,3,0,0,0,0,0,2.0,40.0,42.0,1.9574188253645,196.8208125004427,413.504986891457,0.0,1.414688101911107,1.6277175936396933,1.2016586101825206,1.6277175936396933,0.30126919638801386,1644.3333333333333,2.829376203822214,1.9574188253645,0.691819922257145,0.97870941268225,0.691819922257145,1.6378108833472522
Track_16896,642,642,2,0,0,0,0,0,1.0,40.0,41.0,2.930968661904592,260.8371276323671,60.523134485268784,0.0,2.930968661904592,2.930968661904592,2.930968661904592,2.930968661904592,NaN,1608.5,2.930968661904592,2.930968661904592,1.0,2.930968661904592,1.0,NaN
Track_16897,643,643,6,0,0,0,0,0,5.0,40.0,45.0,1.5104035002457725,448.6406818734363,370.6284644133623,0.0,0.6272870920486986,1.2309995675171261,0.25656989298323934,0.6641710855275051,0.40169819190030304,1630.3333333333333,3.136435460243493,1.5104035002457725,0.48156689955562304,0.3020807000491545,0.48156689955562304,1.498644516349129
Track_16898,644,644,98,10,0,0,0,10,136.0,40.0,176.0,12.173077821421979,237.0479306485195,66.85021925273315,0.0,1.1975477188078132,15.088203109665486,0.1315002784686237,0.7451339999931526,1.7892523337259683,1943.3367346938776,136.1049895323733,16.894823773930394,0.08943887996498869,0.08950792515751455,0.07474267935362257,1.4079547029470554
Track_16899,645,645,25,6,0,0,0,11,53.0,40.0,93.0,0.6625144924501712,96.77998202966918,384.10734804041465,0.0,1.1011357505365025,4.504859586795782,0.03188692374336256,0.7642663078802665,1.2473069983270668,2184.52,32.19844968924825,5.09247158189637,0.020575974894573853,0.01250027344245606,0.011352163832992977,1.4139281271405348
Track_16900,646,646,94,3,0,0,0,4,101.0,41.0,142.0,8.100420223134389,454.09063180649093,435.3587913611636,0.0,0.9602012354956273,5.453955038981528,0.01793392964553001,0.5700572251144645,1.2171303790312897,2596.691489361702,90.5174534068262,9.827693127105936,0.08949014712916692,0.08020218042707315,0.08352642910907647,1.5067501201443065
Track_16901,647,647,59,5,0,0,0,11,82.0,41.0,123.0,18.787081992874494,469.89000175344364,441.2541668427226,0.0,1.2609013894486218,13.951698436145458,0.09302762897413465,0.7989913682837407,1.9704862173960553,1968.4237288135594,78.39437958600969,24.072953721323564,0.2396483280062497,0.22911075601066455,0.18170394443839272,1.58979714123028
Track_16902,648,648,2,0,0,0,0,0,1.0,41.0,42.0,1.735253102746562,275.15806940053824,644.4019271299679,0.0,1.735253102746562,1.735253102746562,1.735253102746562,1.735253102746562,NaN,1743.0,1.735253102746562,1.735253102746562,1.0,1.735253102746562,1.0,NaN
Track_16903,649,649,6,1,0,0,0,2,7.0,38.0,45.0,3.715903065835593,411.29670738891195,438.9957294254013,0.0,1.0092459074935172,1.5958297656422835,0.5659063227626407,0.6971226707456207,0.5208852698347165,1659.3333333333333,6.303036744342662,3.715903065835593,0.5895417108540307,0.5308432951193705,0.5259801314802758,1.443397281535106
Track_16904,650,650,2,0,0,0,0,0,1.0,38.0,39.0,4.012776067070206,237.2131160074577,196.64016264637027,0.0,4.012776067070206,4.012776067070206,4.012776067070206,4.012776067070206,NaN,2149.5,4.012776067070206,4.012776067070206,1.0,4.012776067070206,1.0,NaN
Track_16905,651,651,2,0,0,0,0,0,1.0,38.0,39.0,0.8868090255233833,388.3656609612584,586.5603595648192,0.0,0.8868090255233833,0.8868090255233833,0.8868090255233833,0.8868090255233833,NaN,2202.5,0.8868090255233833,0.8868090255233833,1.0,0.8868090255233833,1.0,NaN
Track_16906,652,652,109,6,0,0,0,10,138.0,38.0,176.0,0.7344106307609422,336.12787223119767,498.7178364412668,0.0,0.33899068412456257,4.845135765785496,0.01288303636209511,0.24852411728290227,0.6293958278613313,1836.9633027522937,37.91134450115607,5.217972566900447,0.01937179069812591,0.005321816164934363,0.01569900417375144,1.710549347160179
Track_16907,653,653,2,0,0,0,0,0,1.0,42.0,43.0,0.817795144335017,33.63676147603577,396.96773473121925,0.0,0.817795144335017,0.817795144335017,0.817795144335017,0.817795144335017,NaN,1671.5,0.817795144335017,0.817795144335017,1.0,0.817795144335017,1.0,NaN
Track_16908,654,654,2,0,0,0,0,0,1.0,42.0,43.0,0.6877265526512812,545.095102890034,601.7362598894831,0.0,0.6877265526512812,0.6877265526512812,0.6877265526512812,0.6877265526512812,NaN,1595.0,0.6877265526512812,0.6877265526512812,1.0,0.6877265526512812,1.0,NaN
Track_16909,655,655,3,0,0,0,0,0,2.0,42.0,44.0,1.2325211574215635,432.7215081156855,611.0123913042071,0.0,1.109688257013745,1.1140039830602846,1.1053725309672053,1.1140039830602846,0.006103358306503158,1746.3333333333333,2.21937651402749,1.2325211574215635,0.5553456791272042,0.6162605787107818,0.5553456791272042,1.9640581475044754
Track_16910,656,656,8,0,0,0,0,0,7.0,42.0,49.0,2.183426538008414,245.29008255310413,193.88765560260555,0.0,1.2170005127427703,1.7606203163051957,0.7082132601253129,1.2173695516823637,0.39449305360833653,2020.875,8.519003589199393,2.3653497395815934,0.2563006946935223,0.3119180768583449,0.2563006946935223,2.560881913895383
Track_16911,657,657,4,0,0,0,0,0,3.0,46.0,49.0,2.641751912574324,257.61324651280614,457.15648256149996,0.0,2.158126760112226,2.6469127958984946,1.6400838637269872,2.187383620711195,0.5040516814608251,1829.75,6.474380280336677,2.6469127958984946,0.408031625914465,0.8805839708581079,0.4080316259144649,1.2772676161383825
Track_16912,658,658,124,4,0,0,0,6,133.0,43.0,176.0,3.060345194120405,336.23924043473176,238.18277000844913,0.0,0.7960200481767563,3.935947885425003,0.06689194500069741,0.6281116376223588,0.7315969217585104,2431.1129032258063,100.2503319338324,5.772045098195384,0.030527033029080698,0.023010114241506806,0.02890645065310894,1.6958031962787095
Track_16913,659,659,93,10,0,0,0,7,123.0,46.0,169.0,10.210582002473084,508.12131635097944,235.0925113901885,0.0,1.0607468555664081,3.609340039099311,0.09905923248244652,0.8188335002602437,0.8593197020744359,1798.7956989247311,116.1227186658768,10.431457604072337,0.08792923658506722,0.08301286180872426,0.07825888087539773,1.5551376391742093
Track_16914,660,660,5,0,0,0,0,0,4.0,45.0,49.0,1.4133863612429187,299.27476469910715,122.45179823689504,0.0,0.44322866051216436,0.763429422015293,0.18988421097040276,0.5405833768696388,0.2602275545232014,1725.6,1.7729146420486575,1.4133863612429187,0.7972106088591537,0.3533465903107297,0.7972106088591537,1.782199720893307
Track_16915,661,661,5,0,0,0,0,0,4.0,44.0,48.0,0.5472174335678438,155.23993658903728,60.006252830141776,0.0,0.27425298082661775,0.40640963884113085,0.1308462718258679,0.3664755606184571,0.13303185218664368,1661.4,1.097011923306471,0.5511754063915076,0.4988254201636132,0.13680435839196095,0.4988254201636132,1.7969986039917025
Track_16916,662,662,108,7,0,0,0,9,132.0,44.0,176.0,14.122899858934764,227.85841896204516,293.8702153572075,0.0,1.2619264264012948,7.443044021886327,0.04198420531467986,0.8451792019942995,1.266855683869071,2079.472222222222,149.9732294172183,20.094058908461577,0.09416947220390605,0.10699166559799063,0.08478439262351029,1.5664432164200717
Track_16917,663,663,4,0,0,0,0,0,3.0,46.0,49.0,0.9198821095190961,57.57003233139088,144.48779894827078,0.0,0.7747086375987025,1.0507875611051978,0.4999081195456045,0.7734302321453047,0.2754419458318391,2591.25,2.324125912796107,0.9198821095190961,0.39579701962550096,0.3066273698396987,0.3957970196255009,1.3715470775083183
Track_16918,664,664,2,0,0,0,0,0,1.0,46.0,47.0,1.589073056659319,647.0008541090355,152.63990113751055,0.0,1.589073056659319,1.589073056659319,1.589073056659319,1.589073056659319,NaN,1698.5,1.589073056659319,1.589073056659319,1.0,1.589073056659319,1.0,NaN
Track_16919,665,665,23,5,0,0,0,8,43.0,46.0,89.0,6.6320963477133335,341.47032995990594,639.1259844893393,0.0,0.8692527530492253,1.705334751084892,0.10369840807475367,0.925708049226676,0.44961776257424585,2029.1304347826087,25.252813416340665,6.6320963477133335,0.2626280184457316,0.154234798784031,0.17743377658913986,1.3503081325995732
Track_16920,666,666,4,0,0,0,0,0,3.0,45.0,48.0,1.7861742411214563,366.2580370032758,643.5725454904407,0.0,1.2236831004798197,2.22723944547657,0.5790574618290586,0.8647523941338303,0.880766371845329,1788.5,3.6710493014394587,2.22723944547657,0.4865568654774202,0.5953914137071521,0.4865568654774202,1.6542280660488502
Track_16921,667,667,4,0,0,0,0,0,3.0,45.0,48.0,4.942705221643842,69.39880685315026,9.97793266023967,0.0,3.0856277390541793,6.87556712796249,1.147613461898625,1.2337026273014224,3.282466034066303,2437.75,9.256883217162537,6.87556712796249,0.5339491819967999,1.647568407214614,0.5339491819967999,1.6628531108946665
Track_16922,668,668,37,0,0,0,0,0,36.0,46.0,82.0,14.478774430039978,578.3027048674109,13.744504350380263,0.0,1.2108097271729874,3.209240864338262,0.24492175700543214,1.0451583640200797,0.735332429934773,2699.6486486486488,43.589150178227555,15.108862902424553,0.3321646412200992,0.4021881786122216,0.33216464122009925,1.1904812830049774
Track_16923,669,669,2,0,0,0,0,0,1.0,47.0,48.0,1.0709698416721316,415.8371418267068,605.141683690774,0.0,1.0709698416721316,1.0709698416721316,1.0709698416721316,1.0709698416721316,NaN,2184.0,1.0709698416721316,1.0709698416721316,1.0,1.0709698416721316,1.0,NaN
Track_16924,670,670,7,1,0,0,0,3,9.0,47.0,56.0,2.935747029222232,858.7709997381046,612.8465989163512,0.0,1.4156623635844225,1.929040667616006,0.7915629074290534,1.5228685978470191,0.5007380412262203,1703.4285714285713,11.011790750486103,2.935747029222232,0.2666003282974331,0.32619411435802576,0.23041801685827842,1.1033126126594728
Track_16925,671,671,10,1,0,0,0,11,20.0,47.0,67.0,10.226940656815316,294.1548560468341,441.50557012602155,0.0,1.2550585321261267,5.744924087321985,0.13461096691611857,0.8074043113888907,1.7208070171790506,3855.8,15.056606565472503,10.715736823675439,0.6792327748184325,0.5113470328407658,0.4074288328007463,1.384235149155908
Track_16926,672,672,106,7,0,0,0,10,123.0,47.0,170.0,3.4981931176983623,317.8652761677489,560.83127994282,0.0,0.9305974783899208,7.626371400593947,0.04602454329998697,0.5621810260181809,1.0751200141047639,2004.2924528301887,105.24392430768089,9.205059204842394,0.033238908000725875,0.028440594452832212,0.030561650029440106,1.6295802638593089
Track_16927,673,673,13,2,0,0,0,3,16.0,47.0,63.0,9.601703142234985,175.15966610685933,434.08078993301245,0.0,1.7340026979595138,5.30962075583489,0.6554262708520708,1.5358733998894694,1.2922637011963989,2832.4615384615386,23.79002475014493,9.601703142234985,0.40360206612128435,0.6001064463896866,0.3460816105395115,1.16420985987409
Track_16928,674,674,6,0,0,0,0,0,5.0,47.0,52.0,2.6885295283936945,402.66945668193057,622.4828050437538,0.0,1.175296391906867,3.645010647235338,0.04136764251301794,0.5926013750485101,1.4411512472602537,1984.1666666666667,5.876481959534335,2.6885295283936945,0.45750664205335867,0.5377059056787389,0.45750664205335856,2.329705999747343
Track_16929,675,675,112,7,0,0,0,9,129.0,47.0,176.0,6.22047092060122,142.35473318968712,511.39500917868276,0.0,1.1258516334891928,4.985002980320398,0.10729133456752714,0.8788101679626639,0.9889285750262619,2435.9821428571427,135.88004045704568,6.867925157616181,0.045779136506569056,0.04822070481086217,0.042830425765265856,1.8219111905980327
Track_16930,676,676,3,0,0,0,0,0,2.0,47.0,49.0,0.32255687947836537,260.6051158027878,587.2923319168675,0.0,0.38334824538851103,0.41784249906648796,0.3488539917105341,0.41784249906648796,0.04878224137533299,1660.0,0.7666964907770221,0.3488539917105341,0.4207099984916644,0.16127843973918268,0.4207099984916644,2.2908727868596652
Track_16931,677,677,2,0,0,0,0,0,1.0,47.0,48.0,0.10941192432231571,123.6427577301587,473.95699627061697,0.0,0.10941192432231571,0.10941192432231571,0.10941192432231571,0.10941192432231571,NaN,3183.0,0.10941192432231571,0.10941192432231571,1.0,0.10941192432231571,1.0,NaN
Track_16932,678,678,16,3,0,0,0,11,28.0,45.0,73.0,0.6628344356972252,268.61670635671703,296.63340879565726,0.0,1.6033718092737619,5.027975493901657,0.2620035221046711,0.6721524584980665,1.678735154884459,2412.5625,31.283809060568966,5.047299800635462,0.021187779097292896,0.023672658417758043,0.014764297514049745,1.7521211257705096
Track_16933,679,679,33,5,0,0,0,6,47.0,44.0,91.0,12.274212317997181,358.1184570042929,474.9790506819454,0.0,1.118411661637496,4.8299083144484385,0.06185722028818015,0.6885350734376559,1.2273021044423036,1974.090909090909,49.2439591690656,12.274212317997181,0.2492531576483736,0.2611534535744081,0.233503872082348,1.4811447759287193
Track_16934,680,680,4,0,0,0,0,0,3.0,48.0,51.0,0.4463350776816278,473.9287303324672,576.0251811167116,0.0,0.34285974488387,0.5224030677881227,0.1995017289108061,0.30667443795268123,0.1644638288210182,1716.25,1.02857923465161,0.4463350776816278,0.43393358785121294,0.14877835922720925,0.43393358785121294,2.1456794478397456
Track_16935,681,681,30,8,0,0,0,5,42.0,43.0,85.0,9.098545346245224,197.9760777717722,427.5222467130157,0.0,1.2693996453804526,4.27066087189066,0.1669462559985287,0.9025507610762288,1.024613667566591,1900.8666666666666,44.910794620053586,11.98101010276087,0.20259150218158326,0.2166320320534577,0.17065707623427828,1.3127830214366585
Track_16936,682,682,20,1,0,0,0,2,21.0,48.0,69.0,0.9429604648748448,292.35594122159716,488.6268815224388,0.0,0.6698932093630197,1.5287534684272444,0.11002079017944108,0.6002198093396032,0.4403823754000703,1723.0,13.376977647064313,3.3495752743203786,0.07049129405413823,0.04490287927975451,0.06702990663609092,1.7960559101472018
Track_16937,683,683,110,6,0,0,0,6,128.0,48.0,176.0,5.948490560501238,109.4869404167714,494.8136593436906,0.0,1.4106281106621943,6.379376236155488,0.056825691890807724,0.6606504172965805,1.7806404987192552,2303.6545454545453,161.5125617163534,20.560120452175703,0.03682989420320082,0.04647258250391592,0.032944602587070375,1.5626400324859053
Track_16938,684,684,129,0,0,0,0,0,128.0,48.0,176.0,9.032555518053965,502.3679687994334,523.2776619877344,0.0,0.5031115509548688,6.362611915715367,0.03271111188808206,0.24888186222331649,0.9233057315998922,5055.062015503876,64.3982785222232,17.317304621344395,0.14026082257675446,0.0705668399847966,0.14026082257675443,1.2511639374108985
Track_16939,685,685,23,0,0,0,0,0,22.0,48.0,70.0,1.0780065480466752,452.1349298833478,642.5540910255824,0.0,1.10815849699239,5.158703589919528,0.24681227772788797,0.683370622252492,1.2367316524640293,2221.217391304348,24.379486933832585,5.025669078328427,0.04421777008566467,0.049000297638485235,0.04421777008566467,1.1935952964252987
Track_16940,686,686,34,5,0,0,0,6,52.0,48.0,100.0,9.65092583367212,635.6987070646261,398.60130386937993,0.0,1.0924458593276094,5.013774418022357,0.03598612469293428,0.8577575254621813,1.0946122743627722,2374.8529411764707,46.98467170342267,10.569267294839158,0.20540583734607823,0.1855947275706177,0.16988917664519282,1.56334011398452
Track_16941,687,687,69,17,0,0,0,10,128.0,48.0,176.0,9.279550362598531,287.8285205562802,409.65627612940756,0.0,1.8241965986463633,9.140171563464131,0.00736869441698745,0.42042384682290057,2.662659747054045,2010.2753623188405,147.8179883588194,10.018761903921368,0.06277686813104892,0.07249648720780102,0.03974159762253515,1.5691446145972239
Track_16942,688,688,21,0,0,0,0,0,20.0,48.0,68.0,5.633245127473068,67.03436608174844,21.96537846533271,0.0,1.5046997229297236,5.712082155076558,0.27946010007335076,1.005539330528346,1.5879965337509023,3553.809523809524,30.093994458594477,5.996380967125869,0.1871883486661666,0.2816622563736534,0.1871883486661666,1.2047819822631605
Track_16943,689,689,7,2,0,0,0,3,12.0,44.0,56.0,0.3082094868541743,798.3860467333828,263.0672426513992,0.0,0.2800688028924744,0.6735020415463485,0.037784632411277635,0.1925489017765644,0.2694661209436457,1959.0,2.6627108089963514,0.6735020415463485,0.11575026691326908,0.025684123904514525,0.09170647940526,0.9920594731102262
Track_16944,690,690,18,0,0,0,0,0,17.0,51.0,68.0,6.395401737677629,283.3941774593201,546.2199634419759,0.0,1.0417553858932587,2.9384646697611148,0.2121576527470629,0.894347314672737,0.7054114323404412,1839.9444444444443,17.709841560185392,7.178758775449889,0.3611213412578198,0.3762001022163311,0.3611213412578197,1.6272749643625684
Track_16945,691,691,9,1,0,0,0,4,12.0,50.0,62.0,0.09294681668967289,546.0742502722658,550.8819195509373,0.0,0.08676857168206471,0.1629515081745817,0.03522379072588061,0.06939104459509085,0.049687514309682594,1611.6666666666667,0.9717127518368811,0.23165791795841081,0.09565256451967981,0.0077455680574727405,0.08926697659440405,1.245287017886853
Track_16946,692,692,12,2,0,0,0,2,14.0,52.0,66.0,14.1414684489227,340.7335324063463,392.63316322665196,0.0,1.7432790268001361,14.177874073079753,0.0947806867369402,0.40779652524967885,4.139762366323255,1711.1666666666667,20.528928873873888,14.243511346630651,0.6888556405356258,1.0101048892087643,0.5794281200427538,1.8072341010716102
Track_16947,693,693,3,0,0,0,0,0,2.0,52.0,54.0,0.5687603655213551,138.74236345367007,7.195307481928677,0.0,0.3052567255393651,0.4254713548451143,0.18504209623361592,0.4254713548451143,0.1700091591598446,1685.6666666666667,0.6105134510787302,0.5687603655213551,0.9316098842972246,0.28438018276067756,0.9316098842972246,0.8130353869993315
Track_16948,694,694,6,1,0,0,0,7,12.0,52.0,64.0,6.246008715428263,430.04444254946776,612.8733854985567,0.0,1.8331716916158638,6.642063715611318,0.12446450697308095,1.0500837012665203,2.723181153049221,2524.0,10.037110006890885,7.737273992023072,0.6222915471824184,0.5205007262856886,0.2839345210632666,0.7704423881699379
Track_16949,695,695,15,2,0,0,0,2,17.0,51.0,68.0,0.6585695589341078,581.2550109661435,613.3442817673529,0.0,0.38259779596141413,0.732443121859931,0.05257882887987263,0.41905582656404544,0.18533249698360474,1704.5333333333333,6.4375132792115455,1.433397652647268,0.1023018563799791,0.0387393858196534,0.1012535519769705,1.1009550433923379
Track_16950,696,696,2,0,0,0,0,0,1.0,52.0,53.0,0.8217062872438342,287.5678314546544,298.7023872761712,0.0,0.8217062872438342,0.8217062872438342,0.8217062872438342,0.8217062872438342,NaN,2623.0,0.8217062872438342,0.8217062872438342,1.0,0.8217062872438342,1.0,NaN
Track_16951,697,697,13,3,0,0,0,10,27.0,52.0,79.0,4.120057670176286,447.06586433563666,620.1999170642507,0.0,1.2912343463955054,3.7053412910912997,0.25103073026027173,0.9819070807841259,1.193082133109272,1797.5384615384614,21.41654576335401,5.379396887742017,0.19237731965283325,0.15259472852504763,0.11817740826908567,1.7055996335126886
Track_16952,698,698,14,1,0,0,0,10,23.0,51.0,74.0,7.160205430121685,29.267010686565296,634.8385715439975,0.0,2.2118957425156354,5.692933952458287,0.19285898934760354,1.8243533055896604,1.6033208592224033,2406.0,33.035328116961004,8.266805743616903,0.216743887173486,0.3113132795705081,0.14074500600848616,1.9748886692201868
Track_16953,699,699,12,1,0,0,0,1,12.0,49.0,61.0,7.755667909740478,229.64426173658623,632.4978563588955,0.0,1.1688822107536583,2.297958950429489,0.22703743371547197,0.9032350271243947,0.7138761860398142,1807.0,13.257053787281889,7.884420604887624,0.5850219840837376,0.6463056591450399,0.5529262514212809,1.36153370464221
Track_16954,700,700,15,2,0,0,0,1,16.0,52.0,68.0,1.6330060046562245,222.37105208869784,453.1884639589606,0.0,0.5213693454954906,1.209040383859649,0.19449693118129047,0.3655774810343006,0.3349493973095287,1672.2666666666667,7.834752143510308,2.214887120030905,0.20843109963713125,0.10206287529101403,0.19575925622174267,1.9196555315921002
Track_16955,701,701,14,2,0,0,0,3,17.0,50.0,67.0,22.85824973796634,122.03943290070028,477.10327919255957,0.0,3.0738007506834633,17.91104749964979,0.1272539988565493,0.5715461066573094,5.1233892482870855,2666.6428571428573,41.28151527034233,22.85824973796634,0.5537163446708139,1.3446029257627259,0.4374398455930339,1.6609987738384338
Track_16956,702,702,64,4,0,0,0,11,82.0,49.0,131.0,4.893745151878337,100.84803729115474,235.89779877762425,0.0,0.7760719246109619,5.0311375401509215,0.02534273809838316,0.3770370205799309,1.2246703602352031,2386.921875,54.53262104875223,5.5244740420026615,0.08973977516142718,0.05967981892534557,0.07689985558395576,1.8505866373061024
Track_16957,703,703,127,0,0,0,0,0,126.0,50.0,176.0,15.439990196032037,283.47199591353365,333.85957036599586,0.0,0.7084682630246076,4.806900705207819,0.023055594134043584,0.49774498237198883,0.823464117486789,2137.0393700787404,89.26700114110058,15.93307429223868,0.1729641412690306,0.12253960473041299,0.17296414126903065,1.9601204155220735
Track_16958,704,704,9,0,0,0,0,0,8.0,51.0,59.0,1.8143286724424592,466.1795396012946,510.4343484644213,0.0,0.9476432980636859,1.8183169936686567,0.21735224277878362,1.232562325016396,0.5599686495407237,3096.6666666666665,7.581146384509486,2.518314886165688,0.23932115018246672,0.2267910840553074,0.2393211501824667,1.778146880088158
Track_16959,705,705,7,1,0,0,0,6,12.0,52.0,64.0,3.357616966623446,23.938096986175587,508.1087566773231,0.0,0.5786838016019182,1.625925926870764,0.15996521283476378,0.38434485978656235,0.5389603779902604,1702.2857142857142,5.37105450401805,3.357616966623446,0.6251317993722899,0.2798014138852872,0.48351347162429315,1.2626659536439522
Track_16960,706,706,25,5,0,0,0,7,36.0,52.0,88.0,5.996485300456974,360.23616592467596,506.9668870375405,0.0,0.840140467437541,1.949686013156966,0.07358995845148854,0.7031160917488579,0.5625082476323078,1708.28,23.56433028812207,7.255926467345549,0.2544729778923353,0.16656903612380483,0.19826331736149605,1.3426306289026233
Track_16961,707,707,7,1,0,0,0,11,17.0,49.0,66.0,14.305320763041786,407.87417000584855,439.80714956237136,0.0,2.8665571489992283,13.696234908851002,0.26842069669201,0.936098884524468,5.3130669404036475,1703.4285714285713,20.151970557607477,14.305320763041786,0.7098720555465208,0.8414894566495168,0.29355404860611184,1.2121263528707928
Track_16962,708,708,3,0,0,0,0,0,2.0,50.0,52.0,0.09936723493450471,591.9988159987889,628.9869419962123,0.0,0.771872745222447,0.7982348520569219,0.7455106383879719,0.7982348520569219,0.037281649018042984,2447.0,1.543745490444894,0.7455106383879719,0.06436762766242507,0.049683617467252354,0.06436762766242507,3.0323557401100065
Track_16963,709,709,2,0,0,0,0,0,1.0,50.0,51.0,0.6298095129472492,307.15663079920273,189.71256287009413,0.0,0.6298095129472492,0.6298095129472492,0.6298095129472492,0.6298095129472492,NaN,1686.0,0.6298095129472492,0.6298095129472492,1.0,0.6298095129472492,1.0,NaN
Track_16964,710,710,2,0,0,0,0,0,1.0,50.0,51.0,0.088068351894963,150.67049060888888,77.20749237187447,0.0,0.088068351894963,0.088068351894963,0.088068351894963,0.088068351894963,NaN,1896.5,0.088068351894963,0.088068351894963,1.0,0.088068351894963,1.0,NaN
Track_16965,711,711,2,0,0,0,0,0,1.0,50.0,51.0,0.09160020155400654,123.4473916907537,87.10962120534977,0.0,0.09160020155400654,0.09160020155400654,0.09160020155400654,0.09160020155400654,NaN,1631.0,0.09160020155400654,0.09160020155400654,1.0,0.09160020155400654,1.0,NaN
Track_16966,712,712,39,6,0,0,0,4,54.0,49.0,103.0,8.435128077498431,367.6825237341025,248.42341822275137,0.0,0.8806320648804961,3.0293024459348565,0.0779871216440727,0.7742197316060605,0.6431767633987316,1669.4102564102564,43.432878301516126,11.611100050531984,0.19421066269061849,0.1562060755092302,0.1773795001780088,1.6145703995972864
Track_16967,713,713,123,0,0,0,0,0,122.0,54.0,176.0,1.5272581587519365,244.13318166721186,143.36128154729252,0.0,0.5898942199147331,2.78064071751329,0.06319238959689873,0.47032715375358236,0.437197593337893,1815.219512195122,71.96709482959743,3.5839306747809863,0.021221617495720158,0.012518509497966693,0.021221617495720154,1.7714360634103226
Track_16968,714,714,53,2,0,0,0,4,57.0,55.0,112.0,7.441057139844861,395.37143457390437,144.06565768183515,0.0,0.47540831879052436,2.6487201772615676,0.06924115972001069,0.3527897098699776,0.44760053637570363,1712.2830188679245,27.686903468266696,7.441057139844861,0.2687572898274239,0.13054486210254143,0.274595241485588,1.2339219230808185
Track_16969,715,715,10,1,0,0,0,4,13.0,54.0,67.0,0.545402290054977,158.55517552708892,598.595334956098,0.0,0.7343127476671258,1.690287282420892,0.058329711481440276,0.7165209469290398,0.45541705188219533,2778.2,8.64042268569485,1.6782478245946535,0.06312217699233039,0.04195402231192131,0.05713372462238617,1.457376029539824
Track_16970,716,716,12,1,0,0,0,5,16.0,54.0,70.0,4.9132981905447215,373.90821685654663,370.5534536008244,0.0,0.7747439003893586,1.6385010442583707,0.08065539635159345,0.7033970756611431,0.4819036740696137,1862.4166666666667,9.68840011403287,4.9132981905447215,0.5071320478835514,0.3070811369090451,0.3963647042005973,1.5866483119824646
Track_16971,717,717,7,0,0,0,0,0,6.0,55.0,61.0,1.407854430580352,113.76224135426172,475.5748532207325,0.0,0.5657024691171109,0.8518580889044276,0.36967910905537554,0.6467259441159825,0.18441986397991156,1844.2857142857142,3.394214814702665,1.407854430580352,0.4147805921068908,0.23464240509672532,0.4147805921068907,1.1661145968679572
Track_16972,718,718,41,1,0,0,0,2,42.0,51.0,93.0,3.4682263299272544,350.59937118166533,616.9046627416162,0.0,1.1953052255076506,3.5559664606531904,0.05349249872423441,1.0499168759114297,0.8494723462679432,2543.878048780488,48.906279739031426,6.228330875714877,0.07091576681837262,0.08257681737922035,0.06908429379964408,1.7934790505364593
Track_16973,719,719,17,2,0,0,0,5,23.0,53.0,76.0,14.338358074191989,162.86195970470453,80.48756021803516,0.0,1.6464367018976782,15.341547048603925,0.09755523667025523,0.723934167414385,3.712547869288456,1797.3529411764705,28.45125274522768,15.073073373033072,0.5039622754958324,0.6234068727909561,0.3786400485803184,1.7565977131602144
Track_16974,720,720,7,1,0,0,0,11,17.0,55.0,72.0,5.394699409663797,226.22557358735648,179.77603705722342,0.0,1.5893877482968142,5.326298027081676,0.13561265433223438,0.9981737415825012,2.0537505304855728,2021.857142857143,11.028065687435461,5.394699409663797,0.48917911468464564,0.3173352593919881,0.19965880555707324,2.327806364212136
Track_16975,721,721,11,1,0,0,0,1,11.0,54.0,65.0,3.799894359464338,491.37764194518263,100.66067399077387,0.0,1.127433538519208,2.732043264121364,0.6663743735890518,0.8485278539155773,0.6465458052591366,1804.0,11.94070975878113,4.80594160602277,0.3182301920260575,0.34544494176948526,0.3063993840587703,2.046291291971128
Track_16976,722,722,2,0,0,0,0,0,1.0,55.0,56.0,0.7369876219075491,69.22923400266595,113.8029477592369,0.0,0.7369876219075491,0.7369876219075491,0.7369876219075491,0.7369876219075491,NaN,1802.5,0.7369876219075491,0.7369876219075491,1.0,0.7369876219075491,1.0,NaN
Track_16977,723,723,2,0,0,0,0,0,1.0,54.0,55.0,0.6237214396300191,123.540647885564,463.544840659191,0.0,0.6237214396300191,0.6237214396300191,0.6237214396300191,0.6237214396300191,NaN,2162.5,0.6237214396300191,0.6237214396300191,1.0,0.6237214396300191,1.0,NaN
Track_16978,724,724,13,2,0,0,0,1,14.0,54.0,68.0,3.5977608574942597,233.60788038158458,444.5588210186915,0.0,1.223357286427934,2.8996495862289016,0.29953221621320497,0.8697115551340259,0.9477732162503384,1671.4615384615386,15.570832989803165,3.696705962304617,0.2310576999862703,0.25698291839244713,0.21006366761652143,2.0799412197096285
Track_16979,725,725,92,13,0,0,0,6,123.0,51.0,174.0,11.047740996031933,717.9843989742698,93.8809746956247,0.0,1.4630752529439144,5.770559264953851,0.02903078046023821,0.5678567873604656,1.6956275938817413,1974.7717391304348,146.24552124273202,12.739443719076645,0.0755424227843215,0.0898190324880645,0.061390575985299387,1.737752932691351
Track_16980,726,726,4,1,0,0,0,1,4.0,57.0,61.0,1.3099049265072509,408.1480218527217,602.9612851615974,0.0,0.4218741489927323,0.9289866861282304,0.046447297877848286,0.2901884629721182,0.45576834343817635,2816.75,1.3120697448560452,1.3099049265072509,0.9983500737233814,0.3274762316268127,0.7762415222850125,0.04998995763209989
Track_16981,727,727,116,4,0,0,0,1,119.0,57.0,176.0,6.320301448413042,235.96002138710955,609.9812168288336,0.0,1.540299555383927,4.940316547973982,0.0975355508918327,0.9198564617451517,1.4238351101797913,2481.3706896551726,179.47609122905817,10.129469242023465,0.035215283579731485,0.053111776877420525,0.034481459591269026,1.8429589529464363
Track_16982,728,728,15,2,0,0,0,6,24.0,58.0,82.0,2.131050454610409,198.45540102422578,523.4123372409937,0.0,1.1167746379201364,4.817813689645609,0.041100980763318064,0.8005546639054688,1.2260786851214291,1749.8666666666666,20.87671030982564,4.621316582926264,0.1020778859783971,0.08879376894210038,0.07950912021736857,1.6190829472944037
Track_16983,729,729,12,3,0,0,0,8,25.0,57.0,82.0,12.845960228015338,142.00278886855074,46.26328128510985,0.0,1.2171535556750983,5.447286214275117,0.12898166697006228,0.7114554175333926,1.617167009094689,2337.8333333333335,24.110477212918084,13.557414852085106,0.5327957681871447,0.5138384091206135,0.42216399625568307,1.099171710081523
Track_16984,730,730,4,0,0,0,0,0,3.0,58.0,61.0,0.9696624473599398,154.90859504892353,260.42295462551294,0.0,1.741622194704879,3.0490777377386875,0.9481955982124053,1.2275932481635443,1.1408749972967802,2622.5,5.224866584114637,3.0490777377386875,0.18558606841905625,0.3232208157866466,0.18558606841905625,1.710454095831083
Track_16985,731,731,120,0,0,0,0,0,119.0,57.0,176.0,12.414932608762701,363.85353772368643,327.3568695290434,0.0,0.489146482516995,3.402720474974523,0.0814710932263124,0.35933501626856945,0.502966031685878,4092.116666666667,58.2084314195224,17.79024501446906,0.2132840948639424,0.10432716477951849,0.21328409486394237,1.2197229600999213
Track_16986,732,732,13,2,0,0,0,3,17.0,60.0,77.0,1.9061230209376734,182.3105154804509,400.5399644791313,0.0,1.1417969483859838,2.5917113840278274,0.13481026750539507,0.972456554601504,0.8012155985687534,3781.0,16.14166976180021,4.434795351301136,0.1180871030733497,0.11212488358456903,0.09820037069031058,1.1397447166081658
Track_16987,733,733,11,3,0,0,0,11,28.0,60.0,88.0,4.254780511829769,464.00125922055815,449.8378630974984,0.0,0.9641583545594954,4.0575258386616735,0.1289991867420833,0.5230711311306183,1.1486284873983652,2249.2727272727275,18.8349755937253,5.543684784190604,0.2258978510833436,0.1519564468510632,0.15760527939467894,1.3517231441842559
Track_16988,734,734,6,0,0,0,0,0,5.0,57.0,62.0,1.3666681531101204,335.32787861434275,59.43363970878156,0.0,0.6641868311443435,1.2105527054882614,0.3833702411547739,0.5213553541541548,0.3269767644272542,1642.6666666666667,3.3209341557217176,1.4174926105563594,0.41153124061657614,0.2733336306220241,0.4115312406165762,1.6989745066795314
Track_16989,735,735,8,1,0,0,0,10,17.0,59.0,76.0,1.9147252027015218,57.726838060159714,63.839359561471525,0.0,2.4577749066851564,5.693165777480566,0.495828353393332,0.996034771720507,2.2813304204374436,2389.875,22.534433993298475,5.693165777480566,0.08496886157739497,0.1126308942765601,0.04582636675563888,1.9576771718772756
Track_16990,736,736,3,0,0,0,0,0,2.0,59.0,61.0,0.3327443030687075,783.5968200679839,268.4579353774249,0.0,0.7408857021109514,0.8474250512393542,0.6343463529825485,0.8474250512393542,0.1506693924637895,1637.6666666666667,1.4817714042219028,0.6343463529825485,0.22455845896380747,0.16637215153435375,0.22455845896380747,2.791227969502652
Track_16991,737,737,3,0,0,0,0,0,2.0,60.0,62.0,1.0188872019883115,179.92956360530368,418.2283757214329,0.0,0.8935878092802775,1.3303267105457866,0.45684890801476835,1.3303267105457866,0.6176420773856071,2145.0,1.787175618560555,1.0188872019883115,0.5701102854172518,0.5094436009941558,0.5701102854172518,2.455331944960423
Track_16992,738,738,12,2,0,0,0,2,15.0,56.0,71.0,0.24347087133165693,572.0090276144646,282.8085244101562,0.0,0.18287978574288663,0.5257899421361959,0.02773914380456223,0.15641073454137414,0.1489491069644081,1636.6666666666667,2.132090792571588,0.5652263160342366,0.11419348190045805,0.016231391422110462,0.08875443153094248,1.6098825442326514
Track_16993,739,739,95,2,0,0,0,6,101.0,59.0,160.0,15.907742541227444,14.312722295062777,152.06224952194114,0.0,0.7988129868434861,17.309618647361727,0.014883006632906554,0.5368325333498093,1.7936157427539445,2634.136842105263,75.93436637491665,19.856589797991873,0.20949332035885979,0.15750240139829152,0.197170556804119,1.704006043816853
Track_16994,740,740,2,0,0,0,0,0,1.0,59.0,60.0,0.48197121092861345,260.0107903898802,57.729686442890255,0.0,0.48197121092861345,0.48197121092861345,0.48197121092861345,0.48197121092861345,NaN,2585.5,0.48197121092861345,0.48197121092861345,1.0,0.48197121092861345,1.0,NaN
Track_16995,741,741,2,0,0,0,0,0,1.0,59.0,60.0,0.3146524188876904,95.29267629196409,393.8512524410796,0.0,0.3146524188876904,0.3146524188876904,0.3146524188876904,0.3146524188876904,NaN,1711.5,0.3146524188876904,0.3146524188876904,1.0,0.3146524188876904,1.0,NaN
Track_16996,742,742,16,3,0,0,0,11,30.0,56.0,86.0,4.577743799928702,258.7366767696759,637.829567934541,0.0,2.0434715991249752,8.42291422091678,0.0742515181969254,1.0790463351431356,2.4808906855192316,2030.9375,33.70798087107995,7.112666804214305,0.13580593324283677,0.15259145999762339,0.07467266002765285,1.7252245750054223
Track_16997,743,743,7,1,0,0,0,1,7.0,53.0,60.0,0.6087497438440103,610.2389894952496,269.72591680521504,0.0,0.6392336917736613,1.0403306503696728,0.10742185250650889,0.8489258977093651,0.3608843492682941,1718.857142857143,3.9428240031484765,0.9516390861074925,0.1543943486592106,0.08696424912057289,0.1360445330709587,1.6218503134154894
Track_16998,744,744,4,0,0,0,0,0,3.0,56.0,59.0,0.4990606654532298,256.7490042099129,560.6487167287041,0.0,0.18892854842591356,0.3641562704516006,0.08085019296614315,0.12177918185999687,0.15312531292278847,1712.25,0.5667856452777407,0.4990606654532298,0.8805104180235127,0.1663535551510766,0.8805104180235127,1.0060740114860374
Track_16999,745,745,8,3,0,0,0,6,20.0,57.0,77.0,0.9383738680837215,701.3985822701648,246.1522854949121,0.0,0.5597070196781521,0.8704684647521839,0.1547911592886279,0.4601784580666584,0.27262183723711986,1633.5,8.428017880767205,1.9276591581649665,0.11133980508336332,0.04691869340418607,0.08382723774157004,1.0788901086345761
Track_17000,746,746,2,0,0,0,0,0,1.0,57.0,58.0,1.7152079392570618,99.92950205301972,508.9880561492352,0.0,1.7152079392570618,1.7152079392570618,1.7152079392570618,1.7152079392570618,NaN,2513.0,1.7152079392570618,1.7152079392570618,1.0,1.7152079392570618,1.0,NaN
Track_17001,747,747,2,0,0,0,0,0,1.0,57.0,58.0,0.3626471651278647,105.96711666726344,81.20098527444097,0.0,0.3626471651278647,0.3626471651278647,0.3626471651278647,0.3626471651278647,NaN,2061.5,0.3626471651278647,0.3626471651278647,1.0,0.3626471651278647,1.0,NaN
Track_17002,748,748,28,4,0,0,0,5,44.0,57.0,101.0,0.9889051991919815,195.04202547668993,598.8146625635379,0.0,0.4982147395548559,1.4925287546635944,0.055891484362349836,0.3411370351163181,0.38988475248933346,1728.0357142857142,16.419348189646648,2.343873976112849,0.06022804241495674,0.022475118163454124,0.04511130719162415,1.4800192176952793
Track_17003,749,749,19,4,0,0,0,8,30.0,57.0,87.0,4.601578139562585,515.8226378075403,604.6388798540054,0.0,0.4067146483236215,1.0494489635434399,0.1230336839495247,0.39245537046291346,0.22285709362066264,2171.3684210526317,11.488269079714383,4.988725590832213,0.40054581831547664,0.15338593798541952,0.3771340388590353,1.4109881913057336
Track_17004,750,750,12,1,0,0,0,8,19.0,56.0,75.0,6.953080174540277,431.5103654283678,612.1001136769302,0.0,2.5139775769398742,10.981622931725227,0.06432501252807282,1.6601537895674903,3.0734280038925066,2047.4166666666667,28.168353446563202,12.236394452265614,0.24684013525073886,0.3659515881336988,0.14556676697934254,1.4625023848342962
Track_17005,751,751,2,0,0,0,0,0,1.0,57.0,58.0,4.351945045906081,145.3562196942234,621.5038644867357,0.0,4.351945045906081,4.351945045906081,4.351945045906081,4.351945045906081,NaN,2302.5,4.351945045906081,4.351945045906081,1.0,4.351945045906081,1.0,NaN
Track_17006,752,752,22,5,0,0,0,9,50.0,56.0,106.0,4.466384796892817,40.64434398675186,549.2496553578916,0.0,1.3500342952268816,6.965061431999328,0.10845524120522461,0.7979435360294144,1.8617860684792804,2549.4545454545455,40.10840271402043,4.466384796892817,0.11135783264017973,0.08932769593785635,0.06616698276012631,1.706674366065156
Track_17007,753,753,5,1,0,0,0,3,7.0,57.0,64.0,6.889547433651388,29.140379216946247,166.2423454467342,0.0,1.1998784521623032,1.6320209877353204,0.8564561494139484,1.155939491349766,0.32073979260285573,1994.2,9.695576771855174,6.889547433651388,0.7105866516008337,0.9842210619501983,0.8202673030560151,1.0575028820586367
Track_17008,754,754,2,0,0,0,0,0,1.0,53.0,54.0,0.2117906586423192,632.2686040990287,559.7888894214334,0.0,0.2117906586423192,0.2117906586423192,0.2117906586423192,0.2117906586423192,NaN,1654.5,0.2117906586423192,0.2117906586423192,1.0,0.2117906586423192,1.0,NaN
Track_17009,755,755,4,1,0,0,0,1,4.0,58.0,62.0,1.2202736211900338,219.89886353862477,122.57465848526641,0.0,0.43458594820593277,0.5558580258093231,0.2610171347380578,0.4868826840704173,0.15422061859065464,1640.25,1.7906405286882154,1.2735346125877072,0.6814732502921621,0.30506840529750845,0.7019748488346172,1.033977593717138
Track_17010,756,756,7,1,0,0,0,6,12.0,58.0,70.0,4.874830349890542,569.2698206497198,493.6524663453064,0.0,0.5895730675797097,1.0661509173327643,0.09059654764833144,0.701573349023118,0.35168748481899703,2253.1428571428573,5.160791715857402,4.874830349890542,0.9445896324224448,0.40623586249087845,0.6890339549575095,0.31542850972723635
Track_17011,757,757,27,2,0,0,0,6,35.0,58.0,93.0,3.0130237424825954,443.65864327954876,590.0650277204676,0.0,0.8359003923316407,2.2551368706525574,0.012235189066970322,0.822515585444824,0.5221751051134726,1789.148148148148,23.933505891045108,4.9256546366993055,0.12589144925942253,0.08608639264235987,0.10298642449757983,1.9034025912156434
Track_17012,758,758,38,10,0,0,0,5,61.0,58.0,119.0,4.130398162826535,139.5908365245963,606.0007918780195,0.0,0.7878176462183379,4.004141860477368,0.0815058087697237,0.590570950638051,0.7084179627960087,1714.157894736842,39.216834543803905,5.443061733740327,0.10532206923057538,0.06771144529223828,0.08594811961532599,1.5309959367138308
Track_17013,759,759,3,0,0,0,0,0,2.0,62.0,64.0,0.5921931696880929,341.82428947702925,74.70337783710777,0.0,2.3094975046501496,2.5991854033531254,2.019809605947174,2.5991854033531254,0.40968055520111146,2066.6666666666665,4.618995009300299,2.5991854033531254,0.12820822895363992,0.29609658484404644,0.12820822895363992,3.0881040381826703
Track_17014,760,760,21,2,0,0,0,8,31.0,62.0,93.0,2.8805610334494016,142.54822335237438,456.01522347275034,0.0,0.45520872164674797,1.0946660007429765,0.11575702404606128,0.32078963648932796,0.3238234588198494,2760.095238095238,11.102925943115125,2.8805610334494016,0.2594416145985036,0.09292132365965812,0.20412904946879976,1.8933364595172686
Track_17015,761,761,2,0,0,0,0,0,1.0,62.0,63.0,0.6509458089101374,390.4297672761137,120.29315895643839,0.0,0.6509458089101374,0.6509458089101374,0.6509458089101374,0.6509458089101374,NaN,1698.5,0.6509458089101374,0.6509458089101374,1.0,0.6509458089101374,1.0,NaN
Track_17016,762,762,13,0,0,0,0,0,12.0,61.0,73.0,0.9983535713303823,365.5906382878469,490.59664746603477,0.0,0.7460623235778893,1.5798967693575618,0.16108333030303887,0.8422164246935079,0.46858120413413673,1855.3846153846155,8.952747882934672,1.9098022313690814,0.11151364747279428,0.08319613094419852,0.11151364747279428,2.1973127386086424
Track_17017,763,763,18,6,0,0,0,9,43.0,56.0,99.0,1.5515108530368769,154.9361585506159,158.0619322028618,0.0,0.29723197541184876,0.6476938155249555,0.03189739255997534,0.24526130536941365,0.19474186190472142,1634.3333333333333,7.238333030334925,2.0139611003741127,0.21434643122037822,0.036081647745043646,0.12139221459955112,1.3180979653577654
Track_17018,764,764,43,7,0,0,0,3,54.0,62.0,116.0,16.93380161241261,223.47168108835743,498.2505420793101,0.0,0.8997544555541639,12.191327195443442,0.0889818936334362,0.560514287474347,1.8445287878244154,1747.6279069767443,44.4572223922077,17.52045389089446,0.3809010257775507,0.31358891874838163,0.348527219634873,1.8909325903975789
Track_17019,765,765,2,0,0,0,0,0,1.0,62.0,63.0,1.7122332751836196,14.236182039840344,526.1353320321798,0.0,1.7122332751836196,1.7122332751836196,1.7122332751836196,1.7122332751836196,NaN,1830.0,1.7122332751836196,1.7122332751836196,1.0,1.7122332751836196,1.0,NaN
Track_17020,766,766,7,0,0,0,0,0,6.0,62.0,68.0,1.3868522333627025,210.00365904594148,530.7257797765247,0.0,0.9117935929029553,1.8108484116409074,0.40627122273328004,0.9580511165252897,0.5121728660867523,1854.4285714285713,5.470761557417732,2.295703694376357,0.2535025916971812,0.23114203889378374,0.2535025916971812,1.8064437421088566
Track_17021,767,767,7,0,0,0,0,0,6.0,62.0,68.0,2.3184647372215212,223.3600332234012,539.6640666295593,0.0,0.8113739452485283,1.6180431822998216,0.2351281293874202,0.8622667094116989,0.5262219792640956,1743.2857142857142,4.86824367149117,2.3184647372215212,0.4762425411855694,0.3864107895369202,0.4762425411855694,2.104425535053352
Track_17022,768,768,3,0,0,0,0,0,2.0,62.0,64.0,3.7296194486123153,494.91931718825975,411.6914258038178,0.0,2.9017637956512417,4.2671320288210115,1.5363955624814714,4.2671320288210115,1.9309222729820792,2727.3333333333335,5.803527591302483,3.7296194486123153,0.6426469746093304,1.8648097243061577,0.6426469746093304,2.1034776176406007
Track_17023,769,769,2,0,0,0,0,0,1.0,62.0,63.0,1.2363749139309683,300.0739885730874,578.9244304004569,0.0,1.2363749139309683,1.2363749139309683,1.2363749139309683,1.2363749139309683,NaN,1825.5,1.2363749139309683,1.2363749139309683,1.0,1.2363749139309683,1.0,NaN
Track_17024,770,770,5,0,0,0,0,0,4.0,62.0,66.0,0.47588903047621717,4.916511758687614,25.2126736543313,0.0,0.25969262301729024,0.3901782035123337,0.16767684581410566,0.3068606272457181,0.10809262181297608,1749.8,1.038770492069161,0.4890983060152049,0.45812721299801096,0.11897225761905429,0.45812721299801096,1.6665891657227545
Track_17025,771,771,3,0,0,0,0,0,2.0,61.0,63.0,2.033668199190537,170.05757871569995,32.88562170373634,0.0,1.3831628128098963,2.2190349968010517,0.5472906288187407,2.2190349968010517,1.1821017790107111,1752.3333333333333,2.7663256256197926,2.2190349968010517,0.7351514154212758,1.0168340995952685,0.7351514154212758,2.035177602771573
Track_17026,772,772,2,0,0,0,0,0,1.0,62.0,63.0,0.92825160834346,163.79872373961874,600.1563979479358,0.0,0.92825160834346,0.92825160834346,0.92825160834346,0.92825160834346,NaN,1716.0,0.92825160834346,0.92825160834346,1.0,0.92825160834346,1.0,NaN
Track_17027,773,773,90,6,0,0,0,8,112.0,61.0,173.0,16.91781302440139,289.0267634408001,429.14230988114235,0.0,0.5851702322163015,14.273636817087908,0.00817145227549268,0.1840780495850265,1.6982312619475188,1768.0111111111112,55.27171744432862,19.60848080689694,0.30608444619875497,0.15105190200358384,0.2581332639418152,1.8422455125907016
Track_17028,774,774,4,0,0,0,0,0,3.0,61.0,64.0,0.0853856313979194,518.1847606818797,619.3732198468763,0.0,0.42681707619405296,0.5983105865127101,0.13892564274388577,0.5432149993255629,0.25083857163994566,1856.75,1.2804512285821588,0.5983105865127101,0.06668401692461708,0.0284618771326398,0.06668401692461706,1.576297888964486
Track_17029,775,775,2,0,0,0,0,0,1.0,56.0,57.0,0.8698966183988485,81.55504069435155,36.5598383363855,0.0,0.8698966183988485,0.8698966183988485,0.8698966183988485,0.8698966183988485,NaN,1967.5,0.8698966183988485,0.8698966183988485,1.0,0.8698966183988485,1.0,NaN
Track_17030,776,776,12,2,0,0,0,8,26.0,56.0,82.0,4.181863081585433,777.896967137836,172.03451518616126,0.0,0.7619895662045422,3.1457005228541988,0.0982550969867229,0.4361259278586507,0.8523714505760245,2314.8333333333335,13.742485170419558,4.238269590765619,0.3043018078409002,0.1608408877532859,0.2110801707619591,1.1268912980611059
Track_17031,777,777,9,0,0,0,0,0,8.0,63.0,71.0,0.315658056447177,117.25823343535924,249.27327385236788,0.0,0.2136565598757669,0.46079503488536716,0.047200658614558653,0.2039900177086219,0.1307715395903801,1706.111111111111,1.7092524790061354,0.6265780571594775,0.1846760852034686,0.03945725705589712,0.18467608520346862,1.3463796587575776
Track_17032,778,778,2,0,0,0,0,0,1.0,63.0,64.0,0.6738388092187121,630.7596814897954,348.03625549493825,0.0,0.6738388092187121,0.6738388092187121,0.6738388092187121,0.6738388092187121,NaN,1859.5,0.6738388092187121,0.6738388092187121,1.0,0.6738388092187121,1.0,NaN
Track_17033,779,779,9,2,0,0,0,3,12.0,63.0,75.0,2.109613444714118,637.5033027592447,373.6141668028803,0.0,0.574184108133563,0.8590519321542626,0.12464005063153884,0.7466669057148041,0.27255664935387447,1655.111111111111,5.7330343410386435,2.109613444714118,0.367975023211168,0.17580112039284315,0.30617552437022416,1.3851484500377398
Track_17034,780,780,2,0,0,0,0,0,1.0,63.0,64.0,0.716026453563698,141.5681509686624,298.5806719940356,0.0,0.716026453563698,0.716026453563698,0.716026453563698,0.716026453563698,NaN,1627.5,0.716026453563698,0.716026453563698,1.0,0.716026453563698,1.0,NaN
Track_17035,781,781,8,1,0,0,0,1,8.0,63.0,71.0,1.2352442733570295,259.06440280723996,399.31991482195144,0.0,1.1595406302928,1.862615718256234,0.29031545277570603,1.1548141955670261,0.5507510840034805,2217.25,9.271598607616626,3.1520121981582965,0.1332288341669877,0.15440553416962868,0.13316095196305383,2.14599162028448
Track_17036,782,782,2,0,0,0,0,0,1.0,63.0,64.0,0.2967872514998458,421.8629753616681,610.3471000581632,0.0,0.2967872514998458,0.2967872514998458,0.2967872514998458,0.2967872514998458,NaN,1725.5,0.2967872514998458,0.2967872514998458,1.0,0.2967872514998458,1.0,NaN
Track_17037,783,783,34,3,0,0,0,3,38.0,64.0,102.0,2.58700560230888,244.0551059764214,560.5556730675867,0.0,1.0865392904312063,4.579295165501628,0.18193569435144388,0.6264714086153476,1.1562674800582946,2004.8823529411766,38.2711016073042,9.70619153850583,0.06759684183784088,0.0680790947976021,0.06265681820910875,1.7474722648010415
Track_17038,784,784,4,1,0,0,0,1,4.0,64.0,68.0,0.2000407469228236,563.1242420219194,181.93504427288798,0.0,0.10871528947514075,0.1678170207606344,0.03513856710891186,0.12319028055587597,0.0675132360425983,1640.75,0.49396288918605663,0.2128797758409401,0.40497120593906805,0.0500101867307059,0.4600106109466913,1.7994944785495932
Track_17039,785,785,13,2,0,0,0,4,18.0,64.0,82.0,4.172683252593236,622.7606929203815,470.7779873307362,0.0,1.2933333169499586,3.413576492225573,0.26040335230333983,1.2584094320138222,0.9454588754823278,2104.076923076923,19.416295997858402,4.599693581107466,0.21490624437603748,0.2318157362551798,0.17923897360184463,1.9832372781136
Track_17040,786,786,4,0,0,0,0,0,3.0,64.0,67.0,0.5319309067836461,277.6011480511528,396.744368942224,0.0,0.34428593649408257,0.5360289941582187,0.11070027397785724,0.3861285413461717,0.2157295360820398,1847.0,1.0328578094822476,0.6360117867509215,0.5150088442960925,0.17731030226121536,0.5150088442960925,2.2280023585338524
Track_17041,787,787,4,0,0,0,0,0,3.0,65.0,68.0,0.7598274255838922,472.8663218995232,575.3732163412442,0.0,1.0596339408634916,1.83426732344556,0.47713559601360617,0.8674989031313087,0.6986691176400102,1712.75,3.178901822590475,1.2369541738513785,0.23902198557510393,0.25327580852796405,0.23902198557510396,2.6227699642881337
Track_17042,788,788,2,0,0,0,0,0,1.0,65.0,66.0,0.4096731077537925,257.21961107679533,190.55177344612096,0.0,0.4096731077537925,0.4096731077537925,0.4096731077537925,0.4096731077537925,NaN,2231.0,0.4096731077537925,0.4096731077537925,1.0,0.4096731077537925,1.0,NaN
Track_17043,789,789,29,7,0,0,0,4,42.0,65.0,107.0,1.5070778814097399,128.3932816682276,622.0637373280568,0.0,2.063889191731408,7.155026896158088,0.036723730700523524,0.9817207525923252,2.2611315275987933,3668.0344827586205,69.59938252534059,15.169067516858782,0.021653609942028217,0.0358828067002319,0.01738601415424324,1.3652784315614015
Track_17044,790,790,102,4,0,0,0,2,107.0,69.0,176.0,5.450704522693511,299.10529662062896,443.0044678700288,0.0,0.9512517780559355,6.827576918398896,0.0826148093711509,0.46005426908450886,1.1121929715912142,3171.607843137255,98.7064974880322,7.797028473562469,0.055221334576828526,0.050941163763490754,0.05355171463395184,1.7932072696716939
Track_17045,791,791,102,5,0,0,0,3,110.0,66.0,176.0,8.82744103718333,46.1003306686454,587.986915510489,0.0,0.8795710531667783,4.026568417578395,0.02665400457391031,0.6165805485806644,0.8012530543309151,2001.6764705882354,93.32615989554893,14.057943065878376,0.09458699519044868,0.08024946397439392,0.09123704524548236,1.6626520858360467
Track_17046,792,792,3,0,0,0,0,0,2.0,69.0,71.0,0.15038332682122857,104.4917777280436,255.87159550389322,0.0,0.5573304939331368,0.6143837102717671,0.5002772775945066,0.6143837102717671,0.08068543232309716,1610.3333333333333,1.1146609878662737,0.6143837102717671,0.13491395900478947,0.07519166341061428,0.13491395900478947,2.964679242994561
Track_17047,793,793,101,4,0,0,0,5,110.0,66.0,176.0,8.302650046948962,172.38457366443257,515.6953953433551,0.0,1.1742013820953685,6.209037963029272,0.08150852472537122,0.8856161135331467,1.1935919690201924,2068.029702970297,122.31619415375562,8.41951976038906,0.06787858389799349,0.07547863679044511,0.06428082775354352,1.7456315658986694
Track_17048,794,794,7,1,0,0,0,3,9.0,68.0,77.0,0.2690447784088903,16.504690348074128,343.87075043834074,0.0,0.4856857654269039,0.8994024258325042,0.09458493784791175,0.6696986576539525,0.32553118721785335,2256.285714285714,3.1978694061051582,1.090221525494316,0.08413250956879227,0.029893864267654478,0.061549805235446065,1.0534556726110202
Track_17049,795,795,39,3,0,0,0,3,43.0,67.0,110.0,2.386381469185737,492.10903544319353,412.14564160321504,0.0,1.0331401783472653,2.7798725391195633,0.20664892580923572,0.9366126943223079,0.6123121107072377,1882.2307692307693,41.960900297607424,2.5715839978014743,0.05687155071174215,0.05549724346943574,0.053717050824812346,1.935997238509458
Track_17050,796,796,6,2,0,0,0,5,11.0,70.0,81.0,7.396251816371565,583.3727349025127,621.0402220980295,0.0,1.1397541035969598,4.068227759229605,0.10462583353130968,0.5310465682309191,1.6467131823623748,2863.1666666666665,8.458629192670703,7.396251816371565,0.8744031270197216,0.6723865287610514,0.5899399937574789,0.9718032217282561
Track_17051,797,797,12,0,0,0,0,0,11.0,69.0,80.0,3.9369918153593706,732.7173045461062,353.9182183072374,0.0,1.0828276381412953,2.5092010148602775,0.3866879220977711,0.9579812797215972,0.6090812969022892,2517.6666666666665,11.911104019554248,3.979245128154897,0.33053122606402235,0.3579083468508519,0.33053122606402235,1.2715789598785174
Track_17052,798,798,63,7,0,0,0,5,81.0,68.0,149.0,2.052831061873276,193.96870402914922,276.6680868362147,0.0,1.0375181691258242,3.2687347333453722,0.06568456058528475,0.9214081132694686,0.7063351224941908,1674.8095238095239,70.20819085604262,7.126708425259585,0.029239196122892188,0.0253435933564602,0.024427132083685636,1.5093509665152225
Track_17053,799,799,2,0,0,0,0,0,1.0,70.0,71.0,0.6551875818341828,380.8485666103337,474.71796267530425,0.0,0.6551875818341828,0.6551875818341828,0.6551875818341828,0.6551875818341828,NaN,2425.5,0.6551875818341828,0.6551875818341828,1.0,0.6551875818341828,1.0,NaN
Track_17054,800,800,42,3,0,0,0,5,53.0,69.0,122.0,11.693388047970377,158.7597784663651,420.0595465822116,0.0,1.2920994862799375,3.9209001303024995,0.14014230592891502,0.9647169480709693,0.969867531622436,2684.904761904762,57.12246308519948,11.693388047970377,0.20470735007573845,0.2206299631692524,0.17075307707494297,1.740058935671351
Track_17055,801,801,104,5,0,0,0,1,108.0,67.0,175.0,14.719231817905234,374.30447139264203,625.0678854468352,0.0,1.2057866474585521,14.746019010847174,0.022685951975141307,0.6928379952158972,1.73823484025077,2376.019230769231,129.72591214006312,17.39138994424864,0.11346408419940883,0.13628918349912253,0.11302926913843384,1.7905903392661526
Track_17056,802,802,110,0,0,0,0,0,109.0,67.0,176.0,0.9659298959482685,817.6871890429693,545.9696138088734,0.0,0.7045370900459852,2.800212307706969,0.04033354309837146,0.4713486238899881,0.6269466109317409,2859.481818181818,76.79454281501235,6.691860989863225,0.012578105950510869,0.008861742164663013,0.012578105950510862,1.7008529283548268
Track_17057,803,803,51,3,0,0,0,3,55.0,67.0,122.0,3.7075987918629036,579.7612393448188,364.27596706422156,0.0,0.6816088373295205,1.6185212674351692,0.09379734483507994,0.6524007790816162,0.3564708872956983,1705.6078431372548,35.25039690954444,4.159069683060591,0.10517892327218108,0.06741088712478006,0.09889966713003547,1.6902665691090417
Track_17058,804,804,8,1,0,0,0,1,8.0,68.0,76.0,6.915740986026025,235.75105152074315,375.4120112785918,0.0,0.9497450599468311,1.8247263033847387,0.13830450666371474,0.9221256679754269,0.5275040008072142,1663.375,8.472941723012555,6.915740986026025,0.8162148651681193,0.8644676232532531,0.9102101813529285,0.8478582796726716
Track_17059,805,805,10,1,0,0,0,3,12.0,69.0,81.0,0.5633842773651694,425.3639918037282,564.0307568498381,0.0,0.30993869350825054,0.4766959797197844,0.12769880082626558,0.31238254554146927,0.10315957641623569,1636.8,3.172544644053052,0.7247606328071597,0.17758119761095736,0.046948689780430784,0.15147734298357624,1.937369028384381
Track_17060,806,806,17,0,0,0,0,0,16.0,72.0,88.0,0.5742958270974233,139.17634416808357,7.3490395844793985,0.0,0.27496084366218565,0.654404567969243,0.05488824306462195,0.20210235719591152,0.20248691000568925,1695.6470588235295,4.399373498594971,0.6597192438909985,0.13054036609549888,0.03589348919358896,0.1305403660954989,2.1333980592955855
Track_17061,807,807,7,1,0,0,0,6,12.0,72.0,84.0,0.37684216613070176,141.48421350789377,588.0847814472274,0.0,0.9024686853820241,2.1455858524244436,0.14577831704324304,0.9633707537959652,0.7628296725188216,1721.0,6.9571894869600746,1.6506179447969873,0.05416586206786815,0.03140351384422515,0.03479734460917248,1.8295214117841911
Track_17062,808,808,8,2,0,0,0,3,12.0,68.0,80.0,9.06044536385408,58.21793905674772,141.88544625815496,0.0,1.4248032835395037,5.229688172645389,0.3025490980186411,0.9905345296742919,1.7105105262466995,2139.625,13.85427438506376,9.06044536385408,0.6539819489660254,0.7550371136545068,0.52992376026734,1.624610755278731
Track_17063,809,809,105,3,0,0,0,2,108.0,68.0,176.0,2.9248732816737095,301.64166086768546,421.6560460182875,0.0,0.4595212949079304,4.614095950309782,0.03443321178107635,0.29958270786368796,0.7345791054791719,2174.361904761905,49.26288016816211,4.0509070122320585,0.05937276244688618,0.02708216001549731,0.058935593008640624,1.9601901693748562
Track_17064,810,810,4,0,0,0,0,0,3.0,72.0,75.0,0.2934252769582238,343.0649325376911,449.1340786172922,0.0,0.8717741864143179,1.1273669523627405,0.528220184264396,0.9597354226158173,0.3091069341445527,2327.75,2.6153225592429536,1.2956146327909588,0.11219467974273903,0.09780842565274127,0.11219467974273903,1.8269922806067087
Track_17065,811,811,5,1,0,0,0,2,6.0,73.0,79.0,1.1309740708946088,164.23293421757663,535.1129768999842,0.0,0.6567807292410088,1.1086698746118482,0.21145602536799588,0.9840449317070378,0.45499498654016207,1986.4,3.273027087518342,1.1309740708946088,0.3455437552617783,0.1884956784824348,0.28699940496162973,1.5715658890887088
Track_17066,812,812,3,0,0,0,0,0,2.0,73.0,75.0,1.3258650363574955,19.975805484731538,455.4257419370537,0.0,0.9219714703153972,1.5117861784815063,0.3321567621492879,1.5117861784815063,0.8341239595756408,1793.3333333333333,1.8439429406307943,1.3258650363574955,0.7190379957765561,0.6629325181787478,0.7190379957765561,2.259032967004063
Track_17067,813,813,34,5,0,0,0,8,59.0,67.0,126.0,3.093960043034174,397.4208356202157,618.9458950366196,0.0,1.0669071147851548,5.546706772526426,0.09498659729197642,0.49967683027262205,1.5773149786124214,1970.9705882352941,47.48484653794712,10.411682312257607,0.06515678724078136,0.05244000072939278,0.04915142096503193,1.5689422380156746
Track_17068,814,814,3,0,0,0,0,0,2.0,73.0,75.0,0.2925245219689539,333.56744838510264,212.55193788272595,0.0,0.7065591354053269,0.8276221896612608,0.5854960811493929,0.8276221896612608,0.17120901323105162,1648.6666666666667,1.4131182708106538,0.5854960811493929,0.20700639713698088,0.14626226098447695,0.20700639713698088,2.9052311037570426
Track_17069,815,815,2,0,0,0,0,0,1.0,69.0,70.0,1.1699192807245302,382.42926930427404,638.203691616485,0.0,1.1699192807245302,1.1699192807245302,1.1699192807245302,1.1699192807245302,NaN,1794.0,1.1699192807245302,1.1699192807245302,1.0,1.1699192807245302,1.0,NaN
Track_17070,816,816,2,0,0,0,0,0,1.0,66.0,67.0,1.0039526369370864,281.7495426704889,416.69212224899036,0.0,1.0039526369370864,1.0039526369370864,1.0039526369370864,1.0039526369370864,NaN,1639.0,1.0039526369370864,1.0039526369370864,1.0,1.0039526369370864,1.0,NaN
Track_17071,817,817,2,0,0,0,0,0,1.0,66.0,67.0,0.8570028199949287,9.561531949753332,312.57622547174765,0.0,0.8570028199949287,0.8570028199949287,0.8570028199949287,0.8570028199949287,NaN,1765.5,0.8570028199949287,0.8570028199949287,1.0,0.8570028199949287,1.0,NaN
Track_17072,818,818,89,8,0,0,0,3,104.0,72.0,176.0,13.246174744120983,182.99494107958236,525.9767391192959,0.0,1.0581034620850205,5.227221168095756,0.10405487900677282,0.8994809953981493,0.8134657486726471,1912.629213483146,102.87897641400208,13.42628861864204,0.12875492356004958,0.12736706484731714,0.12037297807941863,1.5931188075651004
Track_17073,819,819,2,0,0,0,0,0,1.0,68.0,69.0,2.0292954707232287,27.120685883777583,453.614673411593,0.0,2.0292954707232287,2.0292954707232287,2.0292954707232287,2.0292954707232287,NaN,3110.5,2.0292954707232287,2.0292954707232287,1.0,2.0292954707232287,1.0,NaN
Track_17074,820,820,2,0,0,0,0,0,1.0,68.0,69.0,0.3096324448570173,449.8766631695324,633.3445096583998,0.0,0.3096324448570173,0.3096324448570173,0.3096324448570173,0.3096324448570173,NaN,1624.5,0.3096324448570173,0.3096324448570173,1.0,0.3096324448570173,1.0,NaN
Track_17075,821,821,5,1,0,0,0,5,9.0,67.0,76.0,1.1621311503146101,393.0750777479676,588.8528457503104,0.0,0.25660498209073235,0.3937819205794177,0.11206644035234471,0.3060328407083192,0.12099805170495435,1935.2,1.586752130124653,1.1621311503146101,0.7323961495002466,0.12912568336829,0.5032080137969915,1.1042037037223136
Track_17076,822,822,2,0,0,0,0,0,1.0,67.0,68.0,0.1485511946729747,157.73991337232042,508.5196899997096,0.0,0.1485511946729747,0.1485511946729747,0.1485511946729747,0.1485511946729747,NaN,1613.0,0.1485511946729747,0.1485511946729747,1.0,0.1485511946729747,1.0,NaN
Track_17077,823,823,2,0,0,0,0,0,1.0,67.0,68.0,0.15386847303802023,452.1560384263933,470.5587303755607,0.0,0.15386847303802023,0.15386847303802023,0.15386847303802023,0.15386847303802023,NaN,2203.5,0.15386847303802023,0.15386847303802023,1.0,0.15386847303802023,1.0,NaN
Track_17078,824,824,2,0,0,0,0,0,1.0,67.0,68.0,1.1581046823397034,184.3319196758868,150.58066764304283,0.0,1.1581046823397034,1.1581046823397034,1.1581046823397034,1.1581046823397034,NaN,1775.0,1.1581046823397034,1.1581046823397034,1.0,1.1581046823397034,1.0,NaN
Track_17079,825,825,28,1,0,0,0,1,28.0,74.0,102.0,1.4023686259502965,468.6527594185295,508.808070417779,0.0,1.0060088641856721,2.6201171822870406,0.0794738867815045,0.8437660437641997,0.7788557027158601,2876.035714285714,27.443429012370167,4.640460593348407,0.05110034264734836,0.05008459378393916,0.04978543983753148,1.4739736892018902
Track_17080,826,826,23,1,0,0,0,10,32.0,74.0,106.0,10.546436387552593,323.95637077514215,429.5543168539839,0.0,2.0330854926847044,7.859584099863769,0.13898081237770596,0.9610824294951357,2.1664674084118962,2513.6521739130435,49.14805588044786,18.021085048656982,0.2145850166119834,0.3295761371110185,0.1621063837683534,1.8680113277039152
Track_17081,827,827,85,8,0,0,0,5,102.0,74.0,176.0,4.973444136871751,407.2252195878551,606.293767576889,0.0,1.2197931348003201,6.403168571447025,0.03913342936151941,0.47183478363350123,1.726038625787194,2672.3058823529414,111.73004490386441,6.060466344206529,0.044513041600860705,0.0487592562438407,0.03997338143063297,1.8994493503384686
Track_17082,828,828,28,6,0,0,0,6,48.0,74.0,122.0,6.032505673795161,152.80931119644396,257.2901751009153,0.0,0.8957215395290693,6.694986097864154,0.14937969341068075,0.47470627011459304,1.2744495950595383,2094.6071428571427,37.15410597156795,7.233650984126444,0.16236444172311706,0.12567720153739917,0.14030833913347074,1.458598171597153
Track_17083,829,829,27,0,0,0,0,0,26.0,74.0,100.0,4.58349281619806,697.031931404277,394.1568002304336,0.0,0.8277546208844314,1.6708803175141855,0.2148735524675401,0.7711632042221717,0.412648887449506,1727.8148148148148,21.52162014299522,4.58349281619806,0.2129715507356856,0.1762881852383869,0.21297155073568563,1.7913743005154492
Track_17084,830,830,5,1,0,0,0,10,14.0,74.0,88.0,12.590268899531884,141.58630057061515,41.51877769152263,0.0,3.462398055396324,12.667669647834312,0.14605033486976,0.8342100781638542,6.144779841798093,1833.0,15.866213828758978,12.590268899531884,0.793526989829852,0.8993049213951345,0.25973470034547935,1.0651857991288678
Track_17085,831,831,9,0,0,0,0,0,8.0,75.0,83.0,4.377696529418629,138.06415423855415,81.2215494955514,0.0,2.1093236619836913,3.8865132753547216,1.0359908061969463,1.9819584463662985,1.1174372585468835,1728.6666666666667,16.87458929586953,9.439863369157267,0.25942536749562123,0.5472120661773286,0.25942536749562123,0.9854749879352462
Track_17086,832,832,27,2,0,0,0,1,28.0,75.0,103.0,2.686728548971428,216.1820453024602,571.2574435887979,0.0,1.0168208688475489,6.552776446863781,0.08870145322306194,0.600521977136322,1.611072794042482,2628.1111111111113,27.238882329041274,5.298606571429484,0.09863578529090083,0.09595459103469385,0.09436725186752658,1.6922305952011132
Track_17087,833,833,2,0,0,0,0,0,1.0,76.0,77.0,0.518325184632836,698.7735206565337,214.98188096262209,0.0,0.518325184632836,0.518325184632836,0.518325184632836,0.518325184632836,NaN,1605.5,0.518325184632836,0.518325184632836,1.0,0.518325184632836,1.0,NaN
Track_17088,834,834,3,0,0,0,0,0,2.0,76.0,78.0,2.2663677963202846,560.5817590889869,636.6135412806603,0.0,1.2331423780940096,2.087635837594215,0.37864891859380406,2.087635837594215,1.2084362393842956,1696.6666666666667,2.4662847561880192,2.2663677963202846,0.9189400334385014,1.1331838981601423,0.9189400334385014,1.1575950835167037
Track_17089,835,835,2,0,0,0,0,0,1.0,76.0,77.0,0.5243770148769442,130.49526776528555,307.14286483196014,0.0,0.5243770148769442,0.5243770148769442,0.5243770148769442,0.5243770148769442,NaN,2005.0,0.5243770148769442,0.5243770148769442,1.0,0.5243770148769442,1.0,NaN
Track_17090,836,836,66,9,0,0,0,10,99.0,77.0,176.0,13.248569410797744,91.33316495422028,98.77977413716853,0.0,1.040633431487307,12.81406125302511,0.05676783519831021,0.5673338661661055,1.7721749635629003,1939.7575757575758,82.3587068911209,15.592413095193928,0.16086422323643929,0.13382393344240145,0.12859853373260935,1.6655720111170684
Track_17091,837,837,2,0,0,0,0,0,1.0,77.0,78.0,0.4209401323592426,315.70617568127255,508.2032831508849,0.0,0.4209401323592426,0.4209401323592426,0.4209401323592426,0.4209401323592426,NaN,2740.0,0.4209401323592426,0.4209401323592426,1.0,0.4209401323592426,1.0,NaN
Track_17092,838,838,3,0,0,0,0,0,2.0,77.0,79.0,0.4271674657586721,22.324616430251492,508.68398824734595,0.0,0.36818151088603013,0.5256874851912864,0.21067553658077384,0.5256874851912864,0.22274708501728163,1650.0,0.7363630217720603,0.4271674657586721,0.580104450017998,0.21358373287933605,0.580104450017998,2.2449023205735803
Track_17093,839,839,2,0,0,0,0,0,1.0,77.0,78.0,0.9019520691560615,788.3721247033909,610.6316017691793,0.0,0.9019520691560615,0.9019520691560615,0.9019520691560615,0.9019520691560615,NaN,1821.5,0.9019520691560615,0.9019520691560615,1.0,0.9019520691560615,1.0,NaN
Track_17094,840,840,4,1,0,0,0,4,7.0,75.0,82.0,0.7893266644269336,93.69540163466391,511.34463389266193,0.0,0.6082772178745741,1.3600838508462205,0.1345463852317846,0.33020141754571714,0.6583920814777198,1863.25,2.363017194550861,1.3600838508462205,0.3340333985919053,0.1127609520609905,0.1853775692191741,1.273905264811659
Track_17095,841,841,3,0,0,0,0,0,2.0,78.0,80.0,0.38127093838098935,595.7954333462491,373.28395460119253,0.0,0.277028379607253,0.3722649502055026,0.1817918090090034,0.3722649502055026,0.13468484977394735,1604.0,0.554056759214506,0.38127093838098935,0.6881441874683064,0.19063546919049468,0.6881441874683064,1.7660654548379686
Track_17096,842,842,32,2,0,0,0,6,41.0,79.0,120.0,5.664546407784503,297.3183322141002,575.7429144839804,0.0,1.027276721962007,2.3171207570535866,0.19405219131734466,0.9006185956565135,0.5802401994752331,1803.6875,35.13251721816386,6.11148665127348,0.16123371896779076,0.13815966848254885,0.13449118969490148,1.720155005069492
Track_17097,843,843,10,2,0,0,0,3,13.0,79.0,92.0,3.278001996908712,445.27923441915146,454.0713912941571,0.0,1.397788370215432,4.544048389454957,0.23732701739425488,0.7747949862013447,1.4954299640299393,2176.4,15.408044767316214,4.171255682421381,0.2127461366066421,0.25215399976220865,0.18039497618895328,1.3900092248824059
Track_17098,844,844,4,0,0,0,0,0,3.0,79.0,82.0,0.06981577463894827,60.67675908400132,421.46386602879386,0.0,1.0726930895052882,1.4765168718334565,0.28685922227406585,1.4547031744083425,0.6806394857151049,1626.75,3.218079268515865,1.4384249942440863,0.021694858582879582,0.023271924879649422,0.021694858582879586,2.3970843934262587
Track_17099,845,845,21,3,0,0,0,7,34.0,78.0,112.0,0.26162653223625915,545.9390956058916,550.9149185915742,0.0,0.10774679420087604,0.22015340543416645,0.004689882028157609,0.12569915502602094,0.06499514245925674,1609.7619047619048,2.6680026358069338,0.3726215384779786,0.09806082225144824,0.007694898006948799,0.07141649145127173,1.8955422767006092
Track_17100,846,846,4,0,0,0,0,0,3.0,81.0,84.0,0.4941645648241617,319.5978758787367,428.4530668599297,0.0,0.5280742501071056,0.823805274543072,0.26907048884532825,0.49134698693291656,0.279185134831674,1873.25,1.5842227503213167,0.823805274543072,0.31192871376448406,0.1647215216080539,0.311928713764484,2.291874685611713
Track_17101,847,847,76,5,0,0,0,3,84.0,81.0,165.0,4.8006883327584315,228.07716535044383,179.91566041513124,0.0,1.1928209360474964,7.822981516299934,0.030037683913932516,0.6027270237762894,1.4982874671232598,1947.6447368421052,93.83778448739191,9.550856204406164,0.051159438162177134,0.05715105158045752,0.04791251549443113,1.7162960878909983
Track_17102,848,848,31,1,0,0,0,1,31.0,81.0,112.0,1.0615661004241432,305.945006020936,5.2602412036936945,0.0,0.9076380448988765,4.43264256799586,0.1432964493270401,0.5179552227722588,1.2199902762846522,1841.258064516129,27.52634634079218,4.27307043006133,0.03856545606457673,0.03424406775561752,0.03772877078927734,1.6786785200225036
Track_17103,849,849,3,0,0,0,0,0,2.0,81.0,83.0,0.6692901789948694,84.01025861482846,370.2448468926032,0.0,1.484836209163175,1.5387068038886227,1.4309656144377274,1.5387068038886227,0.07618452567383258,1667.6666666666667,2.96967241832635,1.4309656144377274,0.2253750867821537,0.3346450894974347,0.2253750867821537,2.6926678734354503
Track_17104,850,850,10,1,0,0,0,1,10.0,80.0,90.0,10.889476937067757,126.01281349460837,483.8345112166069,0.0,3.152541746728455,7.284692096934676,0.7947816053454037,2.298880657976337,2.242958215970725,2832.3,30.67175637853243,10.889476937067757,0.355032714875417,1.0889476937067757,0.3454189606963427,1.3715210681608185
Track_17105,851,851,12,3,0,0,0,11,26.0,83.0,109.0,1.2421077926077952,562.9216617993071,181.96596991856669,0.0,0.5568373648406647,1.3368395145438,0.06704368518171343,0.36946089432024576,0.42957331582185165,1649.8333333333333,8.214316298635751,1.5811826106028186,0.15121255956677573,0.047773376638761356,0.08579412886998233,1.1894300614137825
Track_17106,852,852,9,1,0,0,0,1,9.0,82.0,91.0,1.8194465171834218,87.51762976487835,474.08514517857736,0.0,0.5733923850671978,1.0719624319147416,0.11916755734628923,0.5503059179645824,0.28871535764099865,1682.5555555555557,5.112405062158405,1.8194465171834218,0.3558885681126507,0.2021607241314913,0.35256960049757097,1.4421772230388048
Track_17107,853,853,12,3,0,0,0,8,21.0,80.0,101.0,3.823558877590685,32.58886733510642,151.27163492721814,0.0,0.9332588796474864,1.6210698533639047,0.16435707488871168,0.9528348660885118,0.47078025545599994,1892.6666666666667,14.045833562270069,4.693150348479446,0.2722201470378755,0.18207423226622307,0.19509509765928693,1.503731447578042
Track_17108,854,854,9,1,0,0,0,1,9.0,80.0,89.0,0.23686470133675386,12.174825553032214,398.0465821224105,0.0,0.25329546768270617,0.5895332657565415,0.06042945774606478,0.26470920777469426,0.15849414407821183,1691.0,2.291072949236343,0.5895332657565415,0.10338592728603654,0.026318300148528206,0.103903557332878,0.9225981774077353
Track_17109,855,855,95,0,0,0,0,0,94.0,82.0,176.0,8.967598373247627,68.35001063719726,19.838315193542474,0.0,1.1142984935425746,7.3868686644257,0.029334979078197883,0.717973437247587,1.3425350079938347,3975.294736842105,104.74405839300204,8.967598373247627,0.08561438721040385,0.0953999826941237,0.08561438721040388,1.5954233315294417
Track_17110,856,856,69,6,0,0,0,10,93.0,83.0,176.0,0.8101362566975348,283.60079168804776,297.5468948027967,0.0,1.0102607272007795,7.934471837188012,0.04621118284174514,0.844497857868232,1.1592074515003694,1856.9130434782608,75.85226719112863,4.8729973242494635,0.010680448807893839,0.008711142545134783,0.008622667704080243,1.7024434241995192
Track_17111,857,857,59,8,0,0,0,7,83.0,83.0,166.0,3.238733577951868,5.828425205896623,26.843670626634005,0.0,0.5660810694381186,1.7523050356981726,0.02453577872232363,0.5003096258208248,0.3588531376289583,1960.9661016949153,42.31385035054977,3.5878426052346497,0.07654074377823167,0.039020886481347807,0.06893162232059659,1.5070704959479855
Track_17112,858,858,9,2,0,0,0,11,28.0,83.0,111.0,5.183727629703621,13.57256349651677,524.0050102818201,0.0,1.1278809492995139,3.6997504050853625,0.07982209150246553,1.1080329067616836,1.233351076633249,1924.6666666666667,13.067653521084116,5.385930607559929,0.39668388983071,0.1851331296322722,0.16414243874519885,1.7091504783332943
Track_17113,859,859,4,0,0,0,0,0,3.0,82.0,85.0,1.7148218196268046,30.19807750377997,527.1026715491306,0.0,1.4998914463958237,1.949759883017298,1.0075855676105276,1.5423288885596453,0.47251858431823596,1632.75,4.499674339187471,1.949759883017298,0.3810990952595158,0.5716072732089349,0.38109909525951574,2.459207167372322
Track_17114,860,860,71,2,0,0,0,2,73.0,80.0,153.0,2.151110354388107,308.5525646489054,243.5830273854145,0.0,0.7080109049083355,2.4835667592859836,0.1535417784999219,0.6671645687599095,0.4050708821605555,1891.2394366197184,50.862501786454324,2.5009276756184637,0.0422926572393061,0.029467265128604203,0.0416197899274154,1.785246840825541
Track_17115,861,861,2,0,0,0,0,0,1.0,83.0,84.0,11.951664826518286,337.70310927138325,439.62708952729736,0.0,11.951664826518286,11.951664826518286,11.951664826518286,11.951664826518286,NaN,2075.0,11.951664826518286,11.951664826518286,1.0,11.951664826518286,1.0,NaN
Track_17116,862,862,9,1,0,0,0,1,9.0,82.0,91.0,0.22838926319086128,335.97286610100457,50.95243766445173,0.0,0.38015594229923066,0.9702150516535191,0.09511640965432133,0.35871791235100664,0.29355396479831625,2698.4444444444443,3.399965450744852,1.0108786444731195,0.06717399529481295,0.025376584798984587,0.06675309254803129,1.7048484302328066
Track_17117,863,863,2,0,0,0,0,0,1.0,78.0,79.0,0.5068317364691325,45.9837347023268,412.45021484481,0.0,0.5068317364691325,0.5068317364691325,0.5068317364691325,0.5068317364691325,NaN,2004.0,0.5068317364691325,0.5068317364691325,1.0,0.5068317364691325,1.0,NaN
Track_17118,864,864,7,1,0,0,0,5,11.0,78.0,89.0,1.4868509823089495,409.1741268093409,573.1835571177293,0.0,0.4122822804531603,0.6517122702727733,0.03422023950475848,0.4838329025993501,0.20747391568375764,1979.857142857143,2.644794880242754,1.4868509823089495,0.562180074309762,0.1351682711189954,0.3278537000678883,0.9100986444871314
Track_17119,865,865,10,1,0,0,0,5,14.0,80.0,94.0,13.55776617187856,465.6321617138912,492.56965026162277,0.0,2.72406542697734,13.8677934393412,0.25072500623329014,0.9368014971012228,4.315304090648181,1662.7,26.48077242634298,13.78773136526089,0.5119852983741268,0.9684118694198972,0.35550242656780096,1.6621092063151683
Track_17120,866,866,5,1,0,0,0,4,8.0,80.0,88.0,0.6244455028229267,32.60287459381871,396.3645952844448,0.0,0.43288524887640734,0.8125520844542858,0.07675359259420497,0.7397071061281387,0.3975978229014052,1696.8,2.038555365882449,0.7397071061281387,0.30631765674542616,0.07805568785286583,0.1803149635046849,0.5506934207332035
Track_17121,867,867,44,9,0,0,0,9,69.0,80.0,149.0,6.100135377056273,265.4995441378238,642.5474560761874,0.0,0.7417843605884713,5.522259486209153,0.14494686742807691,0.5122595960397419,0.8514118515980325,1790.4772727272727,41.643254376529704,10.288440992962729,0.14648555854689235,0.08840775908777207,0.11918256003353395,1.7721188321139774
Track_17122,868,868,3,0,0,0,0,0,2.0,85.0,87.0,0.6352116399775892,118.92780166865354,501.0424322541233,0.0,0.46553209080552316,0.7353343672211399,0.1957298143899064,0.7353343672211399,0.38155803846609987,2588.0,0.9310641816110463,0.6352116399775892,0.6822425913522576,0.3176058199887946,0.6822425913522576,2.2266035227302683
Track_17123,869,869,74,6,0,0,0,4,92.0,84.0,176.0,3.51387561702618,634.2382103456014,512.9215433032052,0.0,1.2648807131785347,5.673633935811478,0.06292645043109799,0.9700416907406941,1.0237772534007517,1703.3783783783783,101.61289579495924,7.756807692520993,0.034581000664686244,0.03819430018506718,0.030195970091984596,1.4154322248971631
Track_17124,870,870,2,0,0,0,0,0,1.0,86.0,87.0,0.4811991907197107,127.78691630510903,357.7375806033714,0.0,0.4811991907197107,0.4811991907197107,0.4811991907197107,0.4811991907197107,NaN,1670.0,0.4811991907197107,0.4811991907197107,1.0,0.4811991907197107,1.0,NaN
Track_17125,871,871,21,1,0,0,0,1,21.0,85.0,106.0,0.34886628706256123,330.2549628337897,522.0177905059293,0.0,0.501824099257677,1.2864304437123508,0.10949676060670435,0.37741937523581714,0.339293814485511,1768.1904761904761,10.145978745760244,1.6398563669053996,0.034384685381717746,0.01661268033631244,0.03310458856178238,2.0110870019024056
Track_17126,872,872,88,3,0,0,0,2,92.0,84.0,176.0,3.2349145532003276,212.25662957431697,281.60080105095926,0.0,1.1595699779614257,4.9005855421248805,0.0877589171100507,0.8030465122960436,1.0576980660370927,1997.5227272727273,103.79916752215328,7.381688485296299,0.03116513003353247,0.03516211470869921,0.030323409002461183,1.761982077264582
Track_17127,873,873,40,6,0,0,0,9,58.0,85.0,143.0,8.497754382142114,271.1581091336638,605.9512651712718,0.0,1.040589439302482,3.874949503913039,0.059269579079726985,0.6716941193704509,1.0462752420291208,1984.2,49.89437861984147,10.22007516335109,0.1703148654658827,0.14651300658865712,0.14079809101932297,1.6140957739707424
Track_17128,874,874,26,2,0,0,0,7,33.0,86.0,119.0,3.168725407648746,268.8113868326838,290.15196291381613,0.0,0.5117788378949324,3.7120380032802336,0.03030534659586832,0.3142599194403036,0.712271949989999,1883.1923076923076,13.937906367425537,3.354694972093719,0.2273458670273762,0.096021982049962,0.18762397922689253,1.4819039455556389
Track_17129,875,875,25,5,0,0,0,6,37.0,84.0,121.0,4.729019131335407,108.15059134324449,534.7340450955847,0.0,1.3634038582125867,6.6496988841669635,0.21202374156703052,1.072520490890516,1.4574357924642467,2487.52,46.45972768642197,6.131520587881447,0.101787491378635,0.1278113278739299,0.09374429088200593,1.4952522327507187
Track_17130,876,876,5,1,0,0,0,10,14.0,84.0,98.0,1.490922983657872,765.7270630600814,243.88191606361042,0.0,0.3587512452059745,0.7204188116916369,0.05063925603709476,0.5805728965382173,0.34194243646918393,1623.6,2.268745146393389,1.490922983657872,0.6571575419248757,0.10649449883270513,0.29684774688813154,1.1748930193393514
Track_17131,877,877,2,0,0,0,0,0,1.0,84.0,85.0,0.20307146455684089,448.8906796228315,342.2401466560263,0.0,0.20307146455684089,0.20307146455684089,0.20307146455684089,0.20307146455684089,NaN,1616.0,0.20307146455684089,0.20307146455684089,1.0,0.20307146455684089,1.0,NaN
Track_17132,878,878,2,0,0,0,0,0,1.0,84.0,85.0,0.6434909286560184,545.2741635721236,471.7202575723311,0.0,0.6434909286560184,0.6434909286560184,0.6434909286560184,0.6434909286560184,NaN,1797.0,0.6434909286560184,0.6434909286560184,1.0,0.6434909286560184,1.0,NaN
Track_17133,879,879,27,3,0,0,0,4,32.0,84.0,116.0,0.7259824333340857,773.257589491909,483.56966418801613,0.0,1.4819532031089264,4.9031328077052185,0.029212367767374976,0.2434109315849716,2.0367004076999917,1976.111111111111,41.107868589055265,4.4658782888549515,0.017660425078019598,0.02268695104169018,0.015308817440453716,1.6852661821918105
Track_17134,880,880,3,0,0,0,0,0,2.0,88.0,90.0,0.6479869142714809,265.9532638862856,303.59443715977073,0.0,0.4229953880215716,0.729389510966935,0.11660126507620817,0.729389510966935,0.4333067241007425,2200.6666666666665,0.8459907760431432,0.6479869142714809,0.7659503302178265,0.32399345713574046,0.7659503302178265,2.402532242563
Track_17135,881,881,5,0,0,0,0,0,4.0,88.0,92.0,0.47882151931799766,157.00608127782294,599.4146944955489,0.0,0.589785290547363,0.9385312454902409,0.3482477502769842,0.5753932084353324,0.25085595339847905,2727.6,2.359141162189452,0.4969689579868942,0.20296433591689655,0.11970537982949941,0.20296433591689655,2.547764072263177
Track_17136,882,882,74,5,0,0,0,6,88.0,88.0,176.0,4.1878091639578345,742.3097442308047,313.89490174848623,0.0,0.8838978660041843,3.6813663619716186,0.029099538087419795,0.750186078269988,0.6747461699046111,1716.2702702702702,69.10543636143022,12.031646943175922,0.06060028536763823,0.047588740499520846,0.0538396372814589,1.5829029122837701
Track_17137,883,883,40,1,0,0,0,2,41.0,87.0,128.0,1.2899843652073075,797.373806636035,507.41788816114985,0.0,0.6755926972888104,1.4027740026718616,0.09103180721252509,0.6157304085593893,0.38192530365530497,1854.7,26.530178808688643,2.82041022838891,0.048623281980475656,0.03146303329773921,0.0465710085736599,1.8569385713308229
Track_17138,884,884,2,0,0,0,0,0,1.0,88.0,89.0,0.5226558529148921,345.7366552013411,519.5411081171335,0.0,0.5226558529148921,0.5226558529148921,0.5226558529148921,0.5226558529148921,NaN,1619.0,0.5226558529148921,0.5226558529148921,1.0,0.5226558529148921,1.0,NaN
Track_17139,885,885,4,1,0,0,0,1,4.0,85.0,89.0,0.6075998792463667,733.4495361676867,76.19500815564825,0.0,0.6898424826356713,0.9476349418743643,0.4361018341178708,0.6857906719147785,0.255790623284636,2351.5,2.505629282024884,0.9476349418743643,0.2424939250212404,0.15189996981159168,0.22019515126298056,0.9114220613292962
Track_17140,886,886,90,0,0,0,0,0,89.0,87.0,176.0,9.148339857064254,447.5158219029189,642.3636047742922,0.0,0.46708165555728615,5.533408097066,0.007987232794993231,0.3041601875209984,0.6457977362504501,2708.0444444444443,41.57026734459848,9.148339857064254,0.22006930533375468,0.10279033547263207,0.22006930533375474,1.5394043840235048
Track_17141,887,887,53,3,0,0,0,4,62.0,88.0,150.0,6.58283876651619,441.90087887198194,369.7212727726758,0.0,0.8856595331467093,2.006555430144259,0.0755303287024749,0.9100740058890365,0.509541354775498,1837.7735849056603,47.87420145696361,6.58283876651619,0.13750284216090405,0.10617481881477725,0.11988220624413401,1.3823968953359496
Track_17142,888,888,50,4,0,0,0,10,67.0,89.0,156.0,15.131092451571472,250.20195988970212,591.6369185715619,0.0,1.4219840560031332,11.436007836554083,0.11027493373370181,0.7338795349078842,2.0382752832341167,1906.3,76.57028858775605,15.131092451571472,0.19761049266818365,0.22583720076972347,0.15881837761563894,1.686895304430392
Track_17143,889,889,2,0,0,0,0,0,1.0,89.0,90.0,0.6594137150179987,450.9312882150282,517.7213535273168,0.0,0.6594137150179987,0.6594137150179987,0.6594137150179987,0.6594137150179987,NaN,1653.0,0.6594137150179987,0.6594137150179987,1.0,0.6594137150179987,1.0,NaN
Track_17144,890,890,3,0,0,0,0,0,2.0,89.0,91.0,0.8536926797693354,110.85080120124404,386.18899107362796,0.0,1.069222916760939,1.441902956131673,0.6965428773902054,1.441902956131673,0.5270491661038308,1813.3333333333333,2.138445833521878,1.441902956131673,0.39921173891197437,0.4268463398846677,0.39921173891197437,2.723241744833385
Track_17145,891,891,3,0,0,0,0,0,2.0,89.0,91.0,15.200862971224065,139.98052416610986,311.2965849477527,0.0,7.6562672636857245,14.857703379970163,0.4548311474012858,14.857703379970163,10.184368624212883,1703.0,15.312534527371449,15.200862971224065,0.9927071801243766,7.600431485612033,0.9927071801243766,0.7259283057448385
Track_17146,892,892,20,2,0,0,0,9,33.0,85.0,118.0,2.160974492285252,321.7598384415185,591.8169143647935,0.0,1.062889748299929,8.557250305658842,0.10210398777666545,0.6677269060527878,1.8525601556896738,1869.45,27.735040655266157,8.557250305658842,0.07791495672009911,0.06548407552379552,0.06160947137606322,1.5471103737322633
Track_17147,893,893,4,1,0,0,0,3,6.0,85.0,91.0,0.9046840139873787,234.66784183887023,550.323035986003,0.0,0.3039322721523977,0.803365142661182,0.03606576416602632,0.07236590962998495,0.43290220517878997,1693.25,1.0199941089552722,0.9046840139873787,0.8869502343636085,0.15078066899789647,0.4960995682692492,0.7881751890610793
Track_17148,894,894,52,12,0,0,0,7,86.0,90.0,176.0,1.0786748368638228,156.92518332661888,506.9881909579644,0.0,0.28182165605259335,1.0188590902680994,0.03196714964012197,0.23747455736579293,0.2074420449953656,1730.0,18.047694761469987,1.5555107718434524,0.059768011988250436,0.012542730661207242,0.044505914970801704,1.7941329228659801
Track_17149,895,895,8,3,0,0,0,8,23.0,90.0,113.0,1.0139369634749507,827.9585296756426,145.11746805048756,0.0,0.5161470936115704,1.2337155230488448,0.01366112686449324,0.365580147294612,0.47695633163073,1598.375,5.59444762414433,2.260529713615371,0.1812398705993842,0.044084215803258726,0.08541017928589668,0.9844858537505347
Track_17150,896,896,50,10,0,0,0,7,86.0,90.0,176.0,2.3535538692306166,130.93843801012954,530.8356100446873,0.0,0.49579638200521436,1.572788008306363,0.08587745317292715,0.4384111775420298,0.31225264981033574,1686.32,33.304913621862745,2.3535538692306166,0.07066686603521605,0.02736690545616996,0.05519787245216755,1.6374432630914784
Track_17151,897,897,2,0,0,0,0,0,1.0,90.0,91.0,0.4253208128307416,218.7899341149591,544.5815401175178,0.0,0.4253208128307416,0.4253208128307416,0.4253208128307416,0.4253208128307416,NaN,1774.0,0.4253208128307416,0.4253208128307416,1.0,0.4253208128307416,1.0,NaN
Track_17152,898,898,41,8,0,0,0,9,65.0,90.0,155.0,1.2053710506068422,359.3966194971895,365.1810198123141,0.0,0.37054458856540196,1.1325243184047413,0.028907963796950494,0.32055448716027435,0.2632030775501125,1739.0731707317073,16.74824736313649,2.144634168977462,0.07196998136413417,0.018544170009336034,0.050045718063598026,1.7355637382018432
Track_17153,899,899,64,6,0,0,0,9,86.0,90.0,176.0,2.0882516778287523,636.821388585163,372.06910871069846,0.0,0.5920429637978539,1.664585193367868,0.1182018555945155,0.46421406109260205,0.3745879287844499,1711.3125,41.12669866348018,3.205752316014582,0.05077605900040513,0.024281996253822703,0.04101390902115932,1.7470236517815552
Track_17154,900,900,29,4,0,0,0,9,43.0,90.0,133.0,1.3337629998356257,231.14104145646178,628.2594719341483,0.0,0.941308008809688,3.1089755798918532,0.0878320880249858,0.7459516078384861,0.6421937773800217,1846.448275862069,30.605323333169178,3.427558267585631,0.043579444834360936,0.031017744182223854,0.03295174787840881,1.5859893085795245
Track_17155,901,901,3,0,0,0,0,0,2.0,91.0,93.0,1.618023455738177,33.10163269382536,167.4406712043789,0.0,0.9164611880634477,1.1679381715381574,0.6649842045887381,1.1679381715381574,0.3556421606546091,1857.6666666666667,1.8329223761268953,1.618023455738177,0.8827561258525218,0.8090117278690885,0.8827561258525218,1.0209357541928004
Track_17156,902,902,4,0,0,0,0,0,3.0,91.0,94.0,0.9509470264869061,230.48407684345648,196.7365328901302,0.0,0.32174723876732425,0.6326465855747522,0.08692215410653441,0.24567297662068613,0.28070315067023016,2020.75,0.9652417163019726,0.9509470264869061,0.9851905594488475,0.31698234216230203,0.9851905594488473,0.20905781114955602
Track_17157,903,903,56,8,0,0,0,7,85.0,91.0,176.0,4.403318489475656,18.096356216164228,453.0378714984179,0.0,0.8120734694860491,2.6535124657933196,0.03817410570466972,0.5909960978700634,0.6722911699698433,1881.8214285714287,50.303455053993304,5.5354710478700015,0.08753511035672094,0.05180374693500772,0.06379194602650133,1.665538000006997
Track_17158,904,904,4,1,0,0,0,5,8.0,91.0,99.0,3.2152578559020286,340.98829654355086,379.4797965508861,0.0,0.7152173736532882,1.0219403818034285,0.513197369721364,0.6105143694350721,0.2700498146728169,2514.75,4.7116389695666845,3.2152578559020286,0.6824075182054381,0.4019072319877536,0.5619371771337645,0.38538537102079745
Track_17159,905,905,13,0,0,0,0,0,12.0,91.0,103.0,0.4472102631721189,116.97940551956448,249.09862277938603,0.0,0.15259594920407513,0.31709616909718136,0.020558326690598348,0.1583365555501609,0.11334043327730983,1643.8461538461538,1.8311513904489019,0.4472102631721189,0.24422353362191782,0.03726752193100991,0.24422353362191787,1.050841087946812
Track_17160,906,906,39,8,0,0,0,11,74.0,91.0,165.0,1.003660660867051,501.3072088602893,29.602763732398508,0.0,0.31469626948029594,2.301655564357784,0.011615710874220624,0.16189017857104784,0.4699867918996033,1650.871794871795,16.896947931199026,1.8901553729694405,0.05939893198190321,0.013562981903608799,0.04309864214789498,1.7760269363074677
Track_17161,907,907,21,3,0,0,0,1,23.0,92.0,115.0,5.410907548319646,271.3746895257337,355.20351109161794,0.0,1.4411849059794302,3.5261582840452936,0.3144998371548303,1.2452841664134968,0.889511351511507,1959.1904761904761,30.730276853696918,6.547282306819885,0.1760774097181198,0.23525684992694113,0.16323849143220134,1.5785622899549554
Track_17162,908,908,3,0,0,0,0,0,2.0,94.0,96.0,4.245094504061819,100.80154704094224,615.7654901057942,0.0,3.8907865722523463,5.945247338487174,1.8363258060175192,5.945247338487174,2.905446278972714,2407.0,7.7815731445046925,5.945247338487174,0.5455316586029502,2.1225472520309094,0.5455316586029502,2.8173746647329607
Track_17163,909,909,26,4,0,0,0,7,38.0,94.0,132.0,1.314209232387673,423.13169424744234,613.0972579110748,0.0,0.7565560283538352,2.2442719620621805,0.20097793646169793,0.6088460084335642,0.4604340403380779,1710.0,24.096869933377814,2.4308931886773735,0.0545385867965903,0.034584453483886134,0.04571301025667231,1.4781217741154287
Track_17164,910,910,30,3,0,0,0,8,42.0,92.0,134.0,9.700876679682516,179.10628531467643,238.21534986069682,0.0,0.48126317408025765,1.1488641058646278,0.05202756003713083,0.48147332977950025,0.2869069661025262,1728.8,19.324566467342617,9.93215395492788,0.5019971183351735,0.23097325427815513,0.4799312864932337,1.352255547958631
Track_17165,911,911,45,4,0,0,0,3,52.0,93.0,145.0,1.070965394797505,473.52917853838517,436.31017112212237,0.0,0.8891427335152632,3.2417845598929738,0.10323026199355274,0.7749970094225281,0.6415055471254569,1848.7777777777778,42.34764682974773,3.9958740237335393,0.02528984430004242,0.020595488361490482,0.0231633095398141,1.6340699084548775
Track_17166,912,912,6,0,0,0,0,0,5.0,94.0,99.0,0.18324790350695166,488.5366856465136,443.70950416212537,0.0,0.2268009534701846,0.3496169050238258,0.12357774939366677,0.22760729022343332,0.08410960278852905,1634.0,1.134004767350923,0.25610053189491655,0.1615935918285648,0.036649580701390336,0.16159359182856484,2.0338599662960837
Track_17167,913,913,22,5,0,0,0,4,33.0,93.0,126.0,0.9029936261508776,122.55737252299109,449.11761126188685,0.0,0.44888143051260043,0.925781667168474,0.029794477564641864,0.3889312862446598,0.2763274538206494,2115.4545454545455,12.302924363059903,1.8523081829844064,0.0733966656628531,0.027363443216693262,0.06095917843036091,1.6257904390925026
Track_17168,914,914,4,1,0,0,0,1,4.0,92.0,96.0,6.921899812995134,102.61646180063794,594.8638384724379,0.0,2.636785270816394,4.101098942872232,0.4934481314735098,3.3158087381034393,1.8972587451613858,2432.75,8.403803943922691,6.921899812995134,0.8236626959867128,1.7304749532487835,0.6562820918341215,0.5216508667579126
Track_17169,915,915,2,0,0,0,0,0,1.0,98.0,99.0,0.17413942540134839,470.34391393033764,494.90163638921405,0.0,0.17413942540134839,0.17413942540134839,0.17413942540134839,0.17413942540134839,NaN,1824.5,0.17413942540134839,0.17413942540134839,1.0,0.17413942540134839,1.0,NaN
Track_17170,916,916,36,2,0,0,0,2,38.0,98.0,136.0,0.9445927328892072,141.3953645681753,587.9020691056694,0.0,0.3631289235302071,1.29717137295987,0.01869124242123242,0.3087478139336825,0.2381549149818903,1750.0,13.336846647501817,1.550006981794328,0.07082579247217655,0.0248577034970844,0.06845420974850161,1.886111069526175
Track_17171,917,917,3,0,0,0,0,0,2.0,97.0,99.0,1.4260574771077625,61.917802997215176,420.8711312023309,0.0,0.7370090395785855,1.2461600943096935,0.22785798484747763,1.2461600943096935,0.7200483268972988,1729.6666666666667,1.474018079157171,1.4260574771077625,0.9674626772035035,0.7130287385538813,0.9674626772035035,0.7150215730694657
Track_17172,918,918,10,0,0,0,0,0,9.0,98.0,107.0,1.6907100597325027,447.35218406756155,343.4557241220209,0.0,0.4503351480057157,0.9605940200861466,0.08116209152648333,0.42660863071549865,0.281462812303458,1914.2,4.053016332051442,1.6907100597325027,0.4171485928547311,0.18785667330361142,0.41714859285473116,1.207820353789241
Track_17173,919,919,38,3,0,0,0,2,41.0,98.0,139.0,6.8484938660442225,735.7378811961121,343.8846717157746,0.0,0.6928275280477975,2.6152216580060617,0.10080226303231526,0.6377944973943219,0.4790975504138644,1758.6842105263158,26.4293437754819,8.956523550546725,0.25912462769497385,0.16703643575717617,0.2410938206047328,1.6512830636464924
Track_17174,920,920,2,0,0,0,0,0,1.0,98.0,99.0,0.8449506799479456,527.8183182551877,265.2181320002905,0.0,0.8449506799479456,0.8449506799479456,0.8449506799479456,0.8449506799479456,NaN,1637.5,0.8449506799479456,0.8449506799479456,1.0,0.8449506799479456,1.0,NaN
Track_17175,921,921,3,0,0,0,0,0,2.0,97.0,99.0,10.029368079278854,343.35077277780846,441.7362210345281,0.0,5.0148100172545895,9.800016968682298,0.22960306582688167,9.800016968682298,6.767304569471078,2374.6666666666665,10.029620034509179,10.029368079278854,0.9999748788857944,5.014684039639427,0.9999748788857944,0.047397408540912525
Track_17176,922,922,7,1,0,0,0,1,7.0,98.0,105.0,0.16476346063473243,45.934122101045844,170.44699953215098,0.0,0.4263441277258784,0.7630464265127803,0.14975725471045748,0.5075282567191437,0.2747482521602021,1678.0,2.707822021065728,0.7128576458324887,0.06084722679442788,0.023537637233533203,0.05520807184347319,1.5798036583871686
Track_17177,923,923,20,3,0,0,0,9,30.0,96.0,126.0,0.31119469132154903,581.4490083919663,613.5283104726097,0.0,0.28507449816422864,0.8254932544088256,0.0391708371231806,0.2704252793885909,0.19573656255128835,1675.85,6.220429875783531,0.5639173399610216,0.050027843338134356,0.010373156377384968,0.036387528327451776,1.9513175588466696
Track_17178,924,924,79,1,0,0,0,1,79.0,97.0,176.0,6.5555292878037905,350.55514155415165,616.5721280191959,0.0,1.0429737156362195,4.21077179574383,0.041120581682967124,0.7330296230256951,0.9435976654138634,2829.26582278481,82.35806614313913,8.965041327925288,0.07959790212181787,0.08298138338992139,0.07956229591011535,1.7777231977037262
Track_17179,925,925,2,0,0,0,0,0,1.0,98.0,99.0,0.3367644486643388,221.16058192708988,453.4153845200449,0.0,0.3367644486643388,0.3367644486643388,0.3367644486643388,0.3367644486643388,NaN,1753.5,0.3367644486643388,0.3367644486643388,1.0,0.3367644486643388,1.0,NaN
Track_17180,926,926,3,0,0,0,0,0,2.0,98.0,100.0,1.1385044867042884,223.57056431190213,192.71083922365162,0.0,0.8011398169219126,1.3370593243389337,0.2652203095048914,1.3370593243389337,0.7579046357294598,2075.0,1.6022796338438252,1.3370593243389337,0.7105529288748725,0.5692522433521442,0.7105529288748725,2.485258604340005
Track_17181,927,927,11,1,0,0,0,1,11.0,98.0,109.0,0.8750450678043904,621.4290119910803,470.84501766385205,0.0,0.8548964195055375,2.189307695334721,0.1760152031335204,0.774745112345153,0.6106333787668129,1815.0,8.959320848118974,2.150178378253259,0.09766868299934897,0.07954955161858095,0.09305168416144673,1.321664094700754
Track_17182,928,928,79,0,0,0,0,0,78.0,98.0,176.0,1.6615179618012281,398.34944744307955,231.98644095556642,0.0,0.3051296875736868,1.2248873954232042,0.033402015815435795,0.2652734199438833,0.2262481693639217,2243.4303797468356,23.800115630747563,2.6815237058452395,0.06981133989343731,0.021301512330784977,0.06981133989343728,1.770738041094303
Track_17183,929,929,3,0,0,0,0,0,2.0,92.0,94.0,0.5957217878401886,479.27249919065207,405.03186920735146,0.0,0.452108947993686,0.6742977955668686,0.2299201004205034,0.6742977955668686,0.3142224816460432,1981.6666666666667,0.904217895987372,0.6742977955668686,0.6588254783319487,0.2978608939200943,0.6588254783319487,2.0855607233795475
Track_17184,930,930,7,2,0,0,0,4,11.0,92.0,103.0,5.509160984808206,248.40604795080185,282.74818636830884,0.0,2.984922036541106,7.386351593230517,0.19473758048604942,1.2001564433188843,3.396851340077742,2166.5714285714284,22.904895573008226,7.808360867993739,0.2405232963079018,0.500832816800746,0.16778757055279922,0.9866923832553836
Track_17185,931,931,3,0,0,0,0,0,2.0,92.0,94.0,0.9163698022075157,453.34600435575254,564.9099536161337,0.0,0.5590268567198817,0.9009708576343862,0.21708285580537728,0.9009708576343862,0.48358184366541024,1763.0,1.1180537134397635,0.9163698022075157,0.8196116082725987,0.45818490110375787,0.8196116082725987,1.6197455089580448
Track_17186,932,932,2,0,0,0,0,0,1.0,92.0,93.0,0.5233864555035407,634.396918518926,432.4673026426685,0.0,0.5233864555035407,0.5233864555035407,0.5233864555035407,0.5233864555035407,NaN,1619.5,0.5233864555035407,0.5233864555035407,1.0,0.5233864555035407,1.0,NaN
Track_17187,933,933,2,0,0,0,0,0,1.0,97.0,98.0,0.23209902427618367,52.68314669699936,117.31468395107939,0.0,0.23209902427618367,0.23209902427618367,0.23209902427618367,0.23209902427618367,NaN,1612.0,0.23209902427618367,0.23209902427618367,1.0,0.23209902427618367,1.0,NaN
Track_17188,934,934,40,1,0,0,0,1,40.0,97.0,137.0,3.6519926785328902,776.5982267041046,142.85868156582876,0.0,0.6090838287347652,1.8704885744707305,0.10223294901318634,0.38618579721279533,0.47939647900340726,2614.6,24.08354246965251,4.7305894909284065,0.15163851759494013,0.09129981696332226,0.14989696435214364,1.7059350190890537
Track_17189,935,935,9,2,0,0,0,5,14.0,97.0,111.0,2.261532415109861,184.1198884145487,149.2924509917371,0.0,0.5810766514922409,1.2717825116400185,0.14605708613283294,0.4348422303399454,0.39015261467372864,1692.3333333333333,6.2613710840696,2.5110443209753384,0.3611880504676893,0.16153802965070435,0.2779977981146974,1.585896003610627
Track_17190,936,936,2,0,0,0,0,0,1.0,93.0,94.0,0.42015190104235,156.31737551195744,15.532757058628736,0.0,0.42015190104235,0.42015190104235,0.42015190104235,0.42015190104235,NaN,1628.0,0.42015190104235,0.42015190104235,1.0,0.42015190104235,1.0,NaN
Track_17191,937,937,2,0,0,0,0,0,1.0,93.0,94.0,0.46532746634880706,130.59477664500025,517.1578612855849,0.0,0.46532746634880706,0.46532746634880706,0.46532746634880706,0.46532746634880706,NaN,1679.5,0.46532746634880706,0.46532746634880706,1.0,0.46532746634880706,1.0,NaN
Track_17192,938,938,2,0,0,0,0,0,1.0,93.0,94.0,4.451210911919635,447.0857702699984,519.7400541349193,0.0,4.451210911919635,4.451210911919635,4.451210911919635,4.451210911919635,NaN,1682.5,4.451210911919635,4.451210911919635,1.0,4.451210911919635,1.0,NaN
Track_17193,939,939,2,0,0,0,0,0,1.0,96.0,97.0,0.3171705416855709,130.9037060640169,640.0406958740855,0.0,0.3171705416855709,0.3171705416855709,0.3171705416855709,0.3171705416855709,NaN,1595.5,0.3171705416855709,0.3171705416855709,1.0,0.3171705416855709,1.0,NaN
Track_17194,940,940,75,2,0,0,0,5,80.0,96.0,176.0,13.42929679621925,195.79626679361846,522.054246916903,0.0,1.059997481160679,4.8527511369037315,0.18194476901752774,0.9455658630244891,0.7752145281846244,2134.9466666666667,82.86584080840649,13.42929679621925,0.1620607075872075,0.16786620995274062,0.1583647253283376,1.5166318704595265
Track_17195,941,941,2,0,0,0,0,0,1.0,96.0,97.0,1.0958815528512713,782.8073987652326,571.4626265091747,0.0,1.0958815528512713,1.0958815528512713,1.0958815528512713,1.0958815528512713,NaN,1862.0,1.0958815528512713,1.0958815528512713,1.0,1.0958815528512713,1.0,NaN
Track_17196,942,942,4,0,0,0,0,0,3.0,99.0,102.0,1.337726573521446,204.35974523194812,423.65513313846725,0.0,1.2083510721169954,1.4353270227795465,0.9785510364390089,1.211175157132431,0.22840108803697404,1778.5,3.6250532163509863,1.337726573521446,0.36902260289243827,0.445908857840482,0.36902260289243827,2.6609931832513403
Track_17197,943,943,2,0,0,0,0,0,1.0,100.0,101.0,0.21727452732378322,104.71774927306492,255.93999751228478,0.0,0.21727452732378322,0.21727452732378322,0.21727452732378322,0.21727452732378322,NaN,1593.5,0.21727452732378322,0.21727452732378322,1.0,0.21727452732378322,1.0,NaN
Track_17198,944,944,74,2,0,0,0,2,76.0,100.0,176.0,5.92024407905406,228.2503926975907,573.5911767892394,0.0,2.483295697814417,8.699221439347797,0.1515890954318498,0.8656401959791415,2.6111808413797815,2537.608108108108,182.52607614054372,11.933383142795709,0.03243505916653528,0.07789794840860605,0.0313687767740125,1.7611275599647973
Track_17199,945,945,78,0,0,0,0,0,77.0,99.0,176.0,18.223404343947635,582.1482396686835,10.842545764720997,0.0,0.7104497018054817,2.5050239153271674,0.009678729616343574,0.5403856333698269,0.5891849876469546,3198.5641025641025,54.704627039022114,18.777409523064776,0.333123637438355,0.23666758888243683,0.33312363743835516,1.246648740306346
Track_17200,946,946,45,6,0,0,0,10,71.0,99.0,170.0,7.793786861145127,240.67823006379808,282.15656123788597,0.0,0.9222070949492304,3.990565067187091,0.05676227872672653,0.6470173958522197,0.8958353539975187,1909.5555555555557,48.312858573413095,8.814497125792567,0.16131909995145893,0.1097716459316215,0.11903144806933488,1.648967245650924
Track_17201,947,947,28,4,0,0,0,10,45.0,99.0,144.0,16.623937016778086,283.605404825161,287.23608931344313,0.0,1.6110685227846795,13.860742318529631,0.09483741230552187,0.6970713809159236,2.9371863477736593,1723.857142857143,45.9024454566462,19.103900415576565,0.3621579820290623,0.3694208225950686,0.22930174438299913,1.3540248181677785
Track_17202,948,948,4,1,0,0,0,6,9.0,100.0,109.0,16.318946349783097,122.38683480310875,468.41392147426654,0.0,4.533507052406346,12.228521019722715,0.5273004795812118,0.8446996579151116,6.665966961176545,2643.75,16.76432403470631,16.318946349783097,0.9734330066633662,1.8132162610870108,0.3999588486632157,0.2204230470898477
Track_17203,949,949,7,0,0,0,0,0,6.0,99.0,105.0,0.8236125923270032,278.2387919316645,396.30989960893186,0.0,0.36256123218043695,0.5571458754666924,0.11666951659108493,0.4125961233300013,0.159640615800836,1698.5714285714287,2.1753673930826216,0.8236125923270032,0.3786085030721622,0.13726876538783386,0.37860850307216215,2.0717897792858997
Track_17204,950,950,10,0,0,0,0,0,9.0,99.0,108.0,0.4091624169424053,292.6215057909504,488.27982748975364,0.0,0.7786067660188554,1.5640983353056221,0.14571460653490909,0.5586949572306692,0.513368111107682,1708.5,7.007460894169698,1.9446375210265028,0.05838953982359487,0.045462490771378365,0.05838953982359486,1.2794659432610633
Track_17205,951,951,72,2,0,0,0,3,75.0,101.0,176.0,12.285675879683518,235.2925610252359,446.99213515537883,0.0,0.9813213680200151,6.024802640030312,0.1462873275143442,0.6797416496518919,1.0474786333104318,2753.9444444444443,74.65510861158754,16.394000642283437,0.16456577598196148,0.16380901172911358,0.1669269793438071,1.643243861195386
Track_17206,952,952,3,0,0,0,0,0,2.0,101.0,103.0,0.8597834282416924,188.06517692321518,578.979309459038,0.0,1.1034308597716371,1.361179628372023,0.8456820911712511,1.361179628372023,0.3645118042396303,1607.3333333333333,2.2068617195432743,1.361179628372023,0.38959551503735845,0.4298917141208462,0.38959551503735845,2.488710229955948
Track_17207,953,953,75,1,0,0,0,1,75.0,101.0,176.0,10.480974633958711,401.9317457486235,634.989605597742,0.0,1.6072366743712936,6.177620435332183,0.11972509097316385,0.8990714233012673,1.6814020472559685,2194.5466666666666,122.61662697178019,10.75274177299365,0.08547759706659418,0.13974632845278281,0.08694819542208848,1.8976990138250716
Track_17208,954,954,5,0,0,0,0,0,4.0,102.0,106.0,0.989070283976228,18.17877242550738,592.3532925498254,0.0,0.755964467307072,1.2577715579104896,0.3971296907599788,0.7032877463871048,0.36124824525811217,1805.4,3.023857869228288,1.5828023629790577,0.3270888800830597,0.247267570994057,0.3270888800830597,2.1628006610203934
Track_17209,955,955,2,0,0,0,0,0,1.0,102.0,103.0,0.6050168445388867,349.2864822117988,70.88373416475439,0.0,0.6050168445388867,0.6050168445388867,0.6050168445388867,0.6050168445388867,NaN,1887.5,0.6050168445388867,0.6050168445388867,1.0,0.6050168445388867,1.0,NaN
Track_17210,956,956,74,1,0,0,0,1,74.0,102.0,176.0,0.507450112179823,506.17505546912895,629.8615208711566,0.0,0.30514634607128965,1.052413897990502,0.02426001082891217,0.2370109535128276,0.22675866685086515,1944.8108108108108,22.490665426486355,1.888739247805204,0.022562698904507263,0.006857433948375988,0.022472607116763323,1.9103001125739791
Track_17211,957,957,69,3,0,0,0,4,74.0,102.0,176.0,3.808966720390703,351.06952374550764,635.5794538057215,0.0,1.0279001275726702,3.7888517394947083,0.12872784371160662,0.7192503041712758,0.8256753330204514,2048.231884057971,71.98170023460922,7.445003841825202,0.05291576481211442,0.051472523248523014,0.05007541284197771,1.5674894678411813
Track_17212,958,958,3,0,0,0,0,0,2.0,102.0,104.0,0.7351756337719809,390.1972347088542,443.78547963413433,0.0,0.37741532961578106,0.4602090288368254,0.2946216303947367,0.4602090288368254,0.11708797231743967,2229.0,0.7548306592315621,0.7351756337719809,0.9739610133488874,0.36758781688599046,0.9739610133488874,0.4690393661255211
Track_17213,959,959,10,1,0,0,0,9,18.0,102.0,120.0,2.6859513814555815,41.35154651329963,562.9448263521274,0.0,0.6798519867045427,1.192240558083387,0.3117674469954496,0.6567511886787293,0.31283991583591875,2118.6,8.924574903299932,3.9061172329803964,0.3009612682462253,0.14921952119197676,0.2194882476041453,1.6353602205702584
Track_17214,960,960,4,1,0,0,0,3,6.0,99.0,105.0,3.8681361857367755,596.8036979768788,371.04678505660974,0.0,0.9726117647307093,1.252381801686423,0.6118611232111207,1.053592369294584,0.32784917054228363,1662.5,4.7534186638254905,3.8681361857367755,0.8137587827417981,0.6446893642894626,0.6628434773950735,0.35650052864193293
Track_17215,961,961,4,1,0,0,0,3,6.0,99.0,105.0,0.31281166484139916,261.4994897951721,583.7078950338741,0.0,0.6127977949106793,0.9845443610491988,0.1586809105038676,0.6951681131789714,0.4190480422760319,2013.25,2.3144361162436407,1.284813059169581,0.13515675055619875,0.05213527747356653,0.08507745606552926,1.538364581310385
Track_17216,962,962,5,0,0,0,0,0,4.0,105.0,109.0,0.9875301704331462,512.535481317782,191.6457581164631,0.0,0.6195569788283581,1.030490907662399,0.19761289378621813,0.7114173314348147,0.34731281932750707,1787.4,2.4782279153134326,0.9875301704331462,0.3984823850667701,0.24688254260828654,0.3984823850667701,2.1836463658130425
Track_17217,963,963,52,2,0,0,0,7,59.0,105.0,164.0,7.725738374587539,699.5151489623859,211.51477177421415,0.0,0.7000837360802833,3.0799691718161997,0.03890175928785924,0.5368467579557012,0.6148536821673745,2097.673076923077,38.18292080261808,9.016471623518626,0.20233492389240718,0.13094471821334813,0.18704150870079894,1.6425324233792313
Track_17218,964,964,13,1,0,0,0,2,14.0,104.0,118.0,4.8644350535564245,237.77319897747162,585.8981317553897,0.0,1.2813938553998727,5.877118593517539,0.17121619954695472,1.0200250656690306,1.5060420694934094,1878.6923076923076,18.62185789576776,4.8644350535564245,0.261221790048241,0.34745964668260176,0.27115757205982016,1.6090287490548751
Track_17219,965,965,48,7,0,0,0,8,71.0,105.0,176.0,12.034001116278151,115.05665098051462,497.0562346018105,0.0,1.0166822542644027,6.733916605328155,0.07517652862439378,0.46469759617117834,1.628176748459923,1967.5833333333333,69.51362659191683,12.366367648572988,0.1731171527983189,0.16949297346870637,0.16671184409659942,1.5478723891131387
Track_17220,966,966,66,2,0,0,0,5,71.0,105.0,176.0,9.379461710179552,608.0461821814126,191.3369278923964,0.0,1.0528030821814531,5.802741660311763,0.05775790341322573,0.5561985240825903,1.2275174126364332,1819.6060606060605,69.22320484602274,14.445884035752858,0.13549591832742852,0.13210509450957114,0.12547939566803293,1.6586775698079368
Track_17221,967,967,20,1,0,0,0,3,22.0,105.0,127.0,17.06449036060343,500.99745385869426,100.15801814235118,0.0,2.4996912523280503,12.850225843304731,0.18717857903692983,0.7161869292712424,3.2955718054384637,2396.1,51.04632194781986,17.06449036060343,0.3342942196314741,0.7756586527547014,0.31030178308313205,1.574159700317939
Track_17222,968,968,8,1,0,0,0,5,12.0,106.0,118.0,1.9943694199264428,141.84357475705366,456.0733348088253,0.0,0.48247148842505316,0.8999719733553284,0.06111766211812497,0.5640867542062941,0.34615212844584037,2185.75,3.6828887295659967,2.104460152780758,0.5415231266466922,0.1661974516605369,0.34447103227397013,1.4362476630724093
Track_17223,969,969,5,1,0,0,0,7,11.0,106.0,117.0,1.810253763980537,395.0681317775993,117.86459539411187,0.0,0.7084022034692805,1.5989150799324758,0.19935222880988776,0.5949997930723933,0.6155922875801871,1784.4,4.229074415546337,1.810253763980537,0.4280496359501108,0.16456852399823063,0.23230944679771462,1.7466099559204231
Track_17224,970,970,70,1,0,0,0,1,70.0,106.0,176.0,0.7715300727529728,129.86692022600204,482.01793644574997,0.0,1.2009344121703371,4.020833538290763,0.06558919096159488,0.7499100757997488,1.0326430262374307,3086.6714285714284,85.8119624627883,6.072740626626097,0.008990938449724198,0.011021858182185327,0.00917773532883161,1.655240895564894
Track_17225,971,971,71,0,0,0,0,0,70.0,106.0,176.0,10.601730215213271,418.88966346961996,527.1739564285319,0.0,0.621061460913498,4.755694649476762,0.04942745222365087,0.4095489568604471,0.6886010964405022,2752.8028169014083,43.474302263944885,10.998469638330059,0.24386199807985748,0.15145328878876102,0.24386199807985762,1.7364360745736906
Track_17226,972,972,48,0,0,0,0,0,47.0,106.0,153.0,3.1799670126196276,6.152241752964529,540.770408443652,0.0,0.5437118371142069,1.4167474888884444,0.03265967966338789,0.48369958217647985,0.324715388694488,1865.0833333333333,25.55445634436773,3.1799670126196276,0.12443884423784664,0.06765887260892825,0.12443884423784667,1.8097916442431223
Track_17227,973,973,42,6,0,0,0,6,57.0,107.0,164.0,4.126450400116456,21.390109130869924,536.1594967381409,0.0,0.7306090589325203,2.4676735652837327,0.10559552533767523,0.7342811846000632,0.48969062913489586,1796.404761904762,33.35571369385513,4.69737125742067,0.12371045146836838,0.07239386666870976,0.09908700937062447,1.642876402513703
Track_17228,974,974,2,0,0,0,0,0,1.0,107.0,108.0,0.2871363479558816,267.78100623983477,148.78315791300457,0.0,0.2871363479558816,0.2871363479558816,0.2871363479558816,0.2871363479558816,NaN,1819.5,0.2871363479558816,0.2871363479558816,1.0,0.2871363479558816,1.0,NaN
Track_17229,975,975,57,5,0,0,0,5,67.0,109.0,176.0,12.546444613597403,293.99492297424615,123.11768062978476,0.0,0.746987746883457,2.654828336589895,0.1181184422521889,0.5669042422468281,0.5318209156254459,1794.5438596491229,46.90009078586337,14.306233743531978,0.2675142926883023,0.18726036736712542,0.2506873347633924,1.632925952925529
Track_17230,976,976,42,3,0,0,0,10,61.0,108.0,169.0,11.160380801524502,135.8139858159719,311.4776048956012,0.0,1.448181800596481,5.208105826314221,0.14432686591370175,0.7459186195975406,1.5368841657401706,2864.0,65.13955110213037,12.578648010473096,0.17133033023249533,0.1829570623200738,0.12633570056239965,1.6426543869412806
Track_17231,977,977,26,3,0,0,0,7,37.0,109.0,146.0,3.5924121978178447,14.268195690173789,236.96747872067934,0.0,0.5971472354681648,2.14760545360533,0.0574718520743122,0.534068054486331,0.44152675986946466,1807.8461538461538,18.701806986198868,3.5924121978178447,0.19208904254379755,0.09709222156264445,0.1625934372559289,1.48650758221331
Track_17232,978,978,37,6,0,0,0,11,67.0,109.0,176.0,3.16727408371529,180.90113164055296,396.9177519577769,0.0,1.0902521534584564,4.724013145914358,0.08918049483409336,0.6577896513859697,1.1648370062015974,2844.2432432432433,53.80069245962942,9.761488996856054,0.05887050777444783,0.04727274751813866,0.043359462641905225,1.619894967698564
Track_17233,979,979,31,1,0,0,0,3,33.0,108.0,141.0,2.7593272205712136,371.3355254267718,472.5184820160907,0.0,0.5463453699028624,2.5193536069231928,0.11532270663388995,0.436724832421293,0.4523208841455619,2595.3548387096776,17.240611528379194,3.065991649483339,0.16004810595199465,0.08361597638094587,0.1530460053057874,1.5684916429472577
Track_17234,980,980,2,0,0,0,0,0,1.0,108.0,109.0,0.7977308835794398,219.47586225294316,302.7623753616101,0.0,0.7977308835794398,0.7977308835794398,0.7977308835794398,0.7977308835794398,NaN,1711.0,0.7977308835794398,0.7977308835794398,1.0,0.7977308835794398,1.0,NaN
Track_17235,981,981,2,0,0,0,0,0,1.0,108.0,109.0,0.2559972224922199,572.4624319326783,623.1099175936414,0.0,0.2559972224922199,0.2559972224922199,0.2559972224922199,0.2559972224922199,NaN,1639.5,0.2559972224922199,0.2559972224922199,1.0,0.2559972224922199,1.0,NaN
Track_17236,982,982,2,0,0,0,0,0,1.0,108.0,109.0,0.1958572322075849,572.0872409081237,283.97847351480897,0.0,0.1958572322075849,0.1958572322075849,0.1958572322075849,0.1958572322075849,NaN,1613.0,0.1958572322075849,0.1958572322075849,1.0,0.1958572322075849,1.0,NaN
Track_17237,983,983,55,5,0,0,0,5,66.0,110.0,176.0,0.6306157695360931,274.0784919292304,246.86265659474802,0.0,0.31269705899663147,1.4135784357221755,0.021981908860109877,0.2592187340048931,0.2517121736995764,2101.7454545454543,18.974530445680756,1.4245782344477653,0.033234855078041865,0.009554784386910502,0.03055604174074893,1.7749510804460802
Track_17238,984,984,10,2,0,0,0,3,13.0,110.0,123.0,0.4736960217717064,15.24565824826773,342.9814155448139,0.0,0.38669162794366374,0.8725914626928095,0.07127411069526625,0.30097947436533556,0.25985866004994823,1872.5,4.187343764119956,0.7651619297804552,0.11312565876025274,0.03643815552090049,0.09423052605165035,1.8277429972127666
Track_17239,985,985,5,1,0,0,0,3,7.0,110.0,117.0,0.2733927742771726,30.813336668238584,32.39184043633743,0.0,0.5517029456982205,0.8161138783852839,0.17295704890634317,0.8135872297387438,0.3181801249303262,2755.6,2.725682929511912,0.8161138783852839,0.10030248614651928,0.03905611061102466,0.07079191966538494,1.3717390843152393
Track_17240,986,986,58,5,0,0,0,2,66.0,110.0,176.0,1.856566804740341,718.4204170167216,263.9141551086863,0.0,0.6831701293263435,4.565620906360027,0.09101342712379298,0.5683141770812182,0.7857107398134289,1892.155172413793,40.64497216452664,6.524537870357272,0.045677649801927546,0.02812980007182335,0.041175395211675056,1.824352148500657
Track_17241,987,987,48,1,0,0,0,6,53.0,110.0,163.0,7.587469354148628,133.47680516117458,68.8891209396064,0.0,1.1420598483436262,5.718209018199914,0.16509254617628444,0.766068444926748,1.2496685575704531,1814.4791666666667,58.58324366317879,10.220553315732694,0.12951603359097655,0.14315979913487978,0.12535227408835886,1.8606269825536466
Track_17242,988,988,3,0,0,0,0,0,2.0,111.0,113.0,1.3813565802675307,236.2008341247853,121.28783825686382,0.0,1.6432684195497789,2.1330285851152713,1.1535082539842862,2.1330285851152713,0.692625468452812,1736.3333333333333,3.2865368390995577,2.1330285851152713,0.4203076514565994,0.6906782901337654,0.4203076514565994,2.5102134402804084
Track_17243,989,989,4,1,0,0,0,5,8.0,111.0,119.0,5.73847341828382,633.6719682595013,623.8450950281527,0.0,1.495222070295433,2.367681566483158,0.49331695603495734,1.6246676883681845,0.9438632312225306,2387.25,6.952250991061087,5.73847341828382,0.8254122910208663,0.7173091772854775,0.4797342090755443,0.7346157946406778
Track_17244,990,990,5,1,0,0,0,7,11.0,112.0,123.0,2.5364066059242916,697.4351106261286,244.5452738864828,0.0,1.3712641477915013,2.555003363210544,0.2474876483320436,2.3233251915451456,1.2375681088483739,1868.2,7.999739307713913,2.7816969005387437,0.3170611576652891,0.23058241872039015,0.16815317391018805,2.145562386720037
Track_17245,991,991,3,0,0,0,0,0,2.0,112.0,114.0,1.6597355213711134,330.4946313641329,373.45736680288854,0.0,0.9371629824313119,1.3568913336813033,0.5174346311813206,1.3568913336813033,0.593585526850236,1601.6666666666667,1.8743259648626238,1.6597355213711134,0.8855106062049145,0.8298677606855567,0.8855106062049145,1.0928853803727256
Track_17246,992,992,5,1,0,0,0,5,9.0,113.0,122.0,3.119517916835636,340.53523572037705,380.22441624211865,0.0,0.7447722824254677,1.6861684556173395,0.3244462505763701,0.6062291394238305,0.6399015119227233,1973.6,4.790315550123525,3.119517916835636,0.65121345017766,0.3466131018706262,0.4653947388345688,1.3876055932472982
Track_17247,993,993,47,2,0,0,0,5,53.0,113.0,166.0,3.9237245817736333,90.37246261929623,600.5704261771535,0.0,0.8841276747988791,2.4849466630302994,0.12996276045401114,0.7486281443865297,0.5091399254676171,1987.468085106383,42.36590080355253,6.014984323214612,0.09261515764689265,0.0740325392787478,0.08373512264005159,1.6622764230400557
Track_17248,994,994,4,0,0,0,0,0,3.0,113.0,116.0,5.85488321329382,46.706153211034305,293.5095964660908,0.0,2.3818019077719885,4.863838371479634,0.7880969811226837,1.4934703707136467,2.178248530371713,1844.75,7.145405723315965,6.115421926994891,0.819391290012955,1.9516277377646067,0.819391290012955,1.2379325011974087
Track_17249,995,995,9,1,0,0,0,3,11.0,115.0,126.0,2.372982244447021,59.719833781734486,421.4012639473576,0.0,0.6136014505776887,1.008517878876295,0.24332303700331878,0.5752729880842006,0.27948678664776466,1672.111111111111,5.798573737054895,2.372982244447021,0.4092355037727369,0.21572565858609283,0.35157292796976464,1.1860298119218557
Track_17250,996,996,4,0,0,0,0,0,3.0,117.0,120.0,1.5328898405258693,304.28816823349786,526.3149971569525,0.0,0.7522251080516198,1.0066757559277828,0.5648955529002578,0.6851040153268189,0.22841052463314557,1624.75,2.25667532415486,1.5328898405258693,0.679269110677207,0.5109632801752898,0.6792691106772071,0.9035132864835989
Track_17251,997,997,61,0,0,0,0,0,60.0,116.0,176.0,4.49251825133997,813.7379650844595,97.40470590695011,0.0,0.7571281842097095,2.1854984783391793,0.1007834476656662,0.573594041159571,0.5180202436233354,1987.7868852459017,45.42769105258258,5.641954369792555,0.0988938276906893,0.0748753041889995,0.09889382769068933,1.6831939941386422
Track_17252,998,998,6,1,0,0,0,1,6.0,117.0,123.0,0.7690160776894719,834.4444216606304,103.70990986343953,0.0,0.5939631235426666,0.9678414496915368,0.3449015481244121,0.5626396381496538,0.23726022973191377,1953.1666666666667,3.314717165837745,0.9678414496915368,0.2320005114207428,0.12816934628157864,0.21578670661760666,1.6946887555131427
Track_17253,999,999,5,0,0,0,0,0,4.0,114.0,118.0,0.7390769955957832,631.0149319649515,357.07437948677295,0.0,0.4241918474578211,0.9704478786061829,0.10733450027828996,0.36631729989286443,0.3792818752381721,1951.8,1.6967673898312845,0.7390769955957832,0.435579443608515,0.1847692488989458,0.435579443608515,1.102605994423604
Track_17254,1000,1000,7,2,0,0,0,10,26.0,117.0,143.0,7.60129232215169,225.33043748872575,196.20705312338606,0.0,1.5954393933590736,5.086218033478308,0.3711444738858159,0.7296220605561049,1.8700268937001885,2165.4285714285716,19.117376456519832,7.85990591371069,0.39761168795519164,0.29235739700583424,0.18324569283092507,0.9532177109362555
Track_17255,1001,1001,14,2,0,0,0,6,21.0,115.0,136.0,5.310064823779807,144.21785325938424,50.05671990012185,0.0,1.3596542367252507,4.795958897663885,0.22552750125920626,0.7424322431720954,1.5045166816377487,2893.714285714286,25.92104017665735,9.69540075168256,0.2048553911259192,0.25286022970380034,0.18597392107041738,1.0279090851010688
Track_17256,1002,1002,6,0,0,0,0,0,5.0,116.0,121.0,6.426896759156755,252.17720904141223,592.6547074684438,0.0,1.6817494440464644,6.303054353055704,0.12793340937245848,0.6894051196206811,2.600064217943576,1921.3333333333333,8.408747220232321,6.426896759156755,0.7643108528334605,1.285379351831351,0.7643108528334603,1.7408975601294103
Track_17257,1003,1003,11,1,0,0,0,4,14.0,114.0,128.0,2.4842593867312153,194.22831979866717,598.7425401866434,0.0,0.6960261305660409,1.3824053700093561,0.1287822667312774,0.8279437203380948,0.41024097443984686,1669.7272727272727,7.785931865512249,2.4842593867312153,0.31907027053951387,0.17744709905222966,0.25494315695866393,1.6143952951279772
Track_17258,1004,1004,14,2,0,0,0,1,15.0,115.0,130.0,0.571542502455419,70.80201467041654,220.22061925685074,0.0,0.7239378201979394,1.5044947882121544,0.31692277731517826,0.7050537510215794,0.36417576586437395,1680.2142857142858,10.529571306824396,1.9813002310897814,0.05427975040968596,0.038102833497027935,0.05263274335717098,1.819731709690881
Track_17259,1005,1005,48,3,0,0,0,8,62.0,114.0,176.0,0.6047381975919929,130.62333924146873,639.1584877800898,0.0,0.3420389432359802,1.0193689604142222,0.021295193718207407,0.2819478602748369,0.21730846142681998,1841.75,18.071551232074015,1.519734794733023,0.03346354664444536,0.009753841896645046,0.028516758367820284,1.7362611394395384
Track_17260,1006,1006,3,0,0,0,0,0,2.0,114.0,116.0,0.862541064440229,81.01480346239164,96.78026180477484,0.0,0.5074890707445455,0.6821989947825539,0.33277914670653713,0.6821989947825539,0.24707714405572465,1742.3333333333333,1.014978141489091,0.862541064440229,0.8498124532758715,0.4312705322201145,0.8498124532758715,1.192157873916761
Track_17261,1007,1007,8,1,0,0,0,1,8.0,115.0,123.0,0.6488737486914945,862.9940060922753,454.9334482714895,0.0,0.1838749642617311,0.4641019722307532,0.05404997953255077,0.15972848049877017,0.13767420982233716,1653.5,1.4468532303308883,0.9654932780692435,0.4484724055549852,0.08110921858643681,0.4411107238665967,1.2583309471473207
Track_17262,1008,1008,3,0,0,0,0,0,2.0,115.0,117.0,0.501279987504338,347.3885643998827,461.74680592081546,0.0,2.9187289279709105,3.0737736985689517,2.7636841573728694,3.0737736985689517,0.21926641735477503,1887.0,5.837457855941821,2.7636841573728694,0.08587299469650064,0.250639993752169,0.08587299469650064,3.0063563508096802
Track_17263,1009,1009,3,0,0,0,0,0,2.0,115.0,117.0,6.053134266319869,212.15180509450286,189.34636704349626,0.0,3.8565222146769376,6.878639858911355,0.8344045704425197,6.878639858911355,4.273919759563342,2235.3333333333335,7.713044429353875,6.053134266319869,0.7847918317808709,3.0265671331599346,0.7847918317808709,3.004531018326261
Track_17264,1010,1010,2,0,0,0,0,0,1.0,116.0,117.0,0.8431756505778163,404.74010707611205,430.18301133366566,0.0,0.8431756505778163,0.8431756505778163,0.8431756505778163,0.8431756505778163,NaN,1905.5,0.8431756505778163,0.8431756505778163,1.0,0.8431756505778163,1.0,NaN
Track_17265,1011,1011,7,2,0,0,0,10,18.0,116.0,134.0,3.8254979237085855,709.0237523895215,502.44546140956885,0.0,0.6691441771337425,3.303256614766503,0.06053260643885144,0.1443935083749534,1.2920415172258417,2435.285714285714,4.862902975170039,3.89340574129751,0.7866695969961895,0.21252766242825474,0.3176111661594518,0.6536330000245968
Track_17266,1012,1012,12,1,0,0,0,4,15.0,118.0,133.0,1.3210859737075666,189.35340465279685,399.7395610838512,0.0,1.4223228474022385,4.353305715365977,0.16813148323262325,0.6407003500635459,1.627368936344574,3106.6666666666665,18.415307417874956,4.3830229740304905,0.07173846972683413,0.08807239824717111,0.06192152394094524,1.99749937956013
Track_17267,1013,1013,2,0,0,0,0,0,1.0,118.0,119.0,1.0281137430947291,446.0581741549111,514.8275242890447,0.0,1.0281137430947291,1.0281137430947291,1.0281137430947291,1.0281137430947291,NaN,1638.5,1.0281137430947291,1.0281137430947291,1.0,1.0281137430947291,1.0,NaN
Track_17268,1014,1014,2,0,0,0,0,0,1.0,118.0,119.0,0.9676972613663193,204.36689985707972,423.07646770157703,0.0,0.9676972613663193,0.9676972613663193,0.9676972613663193,0.9676972613663193,NaN,1586.0,0.9676972613663193,0.9676972613663193,1.0,0.9676972613663193,1.0,NaN
Track_17269,1015,1015,28,1,0,0,0,3,30.0,118.0,148.0,1.7701835655381948,195.23619428759716,261.9513015329479,0.0,0.6669830986499024,1.4759230235015381,0.07323659240998866,0.6421030367379449,0.3985157271973741,1765.6785714285713,20.053543986404254,3.9330852252532233,0.08827285425151435,0.05900611885127316,0.08846718750551925,1.970474991158094
Track_17270,1016,1016,5,1,0,0,0,10,14.0,120.0,134.0,0.6680944169509109,162.94566649652853,523.1044181300149,0.0,2.6123935558891547,4.874196695364313,0.06490123440344718,4.803171729381335,2.5842048190679825,1761.2,11.09858656759109,4.874196695364313,0.06019635138962731,0.04772102978220792,0.018267167163473416,1.7883768823250783
Track_17271,1017,1017,37,2,0,0,0,6,45.0,121.0,166.0,2.0784850317480834,445.3975987251166,346.63436613941826,0.0,0.2488767689264679,0.9247383499586941,0.04484300538091815,0.21261136720617158,0.16654313726213657,1750.2972972972973,9.9117150351965,2.080388815116183,0.20969983745168044,0.04618855626106852,0.18558805813938864,1.7642084461024037
Track_17272,1018,1018,17,3,0,0,0,3,21.0,120.0,141.0,1.3012840496002838,489.20501833564316,443.0539906143345,0.0,0.24727313126130293,0.5804504358586651,0.028710948213473773,0.2118350527640014,0.16613042092643282,1686.1176470588234,5.024338064947299,1.3012840496002838,0.2589961170564531,0.061965907123823036,0.2505970090957489,1.5629188019284825
Track_17273,1019,1019,56,1,0,0,0,1,56.0,120.0,176.0,1.3157262408567119,331.2390664326573,522.5945981926064,0.0,0.6172666622302185,3.801119373462563,0.0361220015800596,0.3617932741605885,0.8695202753915356,1809.625,34.11564163241244,3.9992739977085208,0.03856665675625671,0.023495111443869853,0.03806314658073501,1.939240169405544
Track_17274,1020,1020,33,4,0,0,0,5,42.0,121.0,163.0,2.6593777481215746,347.38467123028903,522.1493191610787,0.0,0.546621936844418,1.5650760386470686,0.13253355698037636,0.5267257082745863,0.31801498904852016,1725.3636363636363,20.87536947502946,4.179999134434954,0.12739308644585423,0.06331851781241844,0.11583603500794087,2.019038427638337
Track_17275,1021,1021,4,0,0,0,0,0,3.0,119.0,122.0,0.5571860158905676,288.35349743523403,271.04983450197096,0.0,9.874338718597944,14.827738816679222,0.29303302407316456,14.502244315041448,8.299250012898685,1602.75,29.623016155793835,14.502244315041448,0.018809226344819383,0.18572867196352252,0.018809226344819383,2.1939893685599063
Track_17276,1022,1022,56,2,0,0,0,1,57.0,119.0,176.0,3.1850054643353007,136.41258709297225,37.19120951479211,0.0,0.9860130203987336,6.257172572465488,0.07266369653761302,0.5619135716109456,1.387628420073574,1932.6785714285713,54.7098459808542,6.249175491262163,0.058216312022700605,0.05587728884798773,0.056669930002944104,1.939135249898184
Track_17277,1023,1023,35,7,0,0,0,6,55.0,121.0,176.0,4.343568828342425,112.38781921037862,46.735161180100604,0.0,0.5365370887504604,3.235628752201209,0.061641516320590416,0.27983838864148974,0.6723816557696358,1711.7428571428572,27.649703505159682,7.572536861525374,0.15709278139390812,0.078973978697135,0.14719202148924554,1.1732349011571606
Track_17278,1024,1024,10,1,0,0,0,1,10.0,120.0,130.0,0.5679144839355134,155.359411366848,59.17508826065362,0.0,0.3136205347014597,0.6371155703773403,0.11424087723448204,0.2938899655492463,0.17885186826602842,1674.8,2.973329501937205,0.6406021820205461,0.19100287524995183,0.05679144839355134,0.1810833223902638,1.954019564072062
Track_17279,1025,1025,57,1,0,0,0,1,57.0,119.0,176.0,2.276549905220041,131.54955281371028,283.43904010291334,0.0,0.6786786848933475,2.7587516880440424,0.006728017757776222,0.44525720406809044,0.6584917421063384,2492.2982456140353,38.11330468395325,2.737928615269349,0.05973110765644342,0.03993947202140422,0.05884886752805652,1.700063288913696
Track_17280,1026,1026,7,0,0,0,0,0,6.0,120.0,126.0,1.6123169854956354,335.4887364706378,642.2229727485657,0.0,0.4572785646619218,0.8635206069764194,0.23358452354952441,0.4766755507200931,0.22589651341435318,1850.857142857143,2.7436713879715304,1.6123169854956354,0.5876494512295309,0.2687194975826059,0.5876494512295308,1.5907585471482921
Track_17281,1027,1027,40,5,0,0,0,7,55.0,120.0,175.0,0.41942710178345316,51.600232683767445,116.50398198526662,0.0,0.27662247981363414,0.6779485879414349,0.01347318197642944,0.2420144063803026,0.16014306791708777,1719.65,12.014099862716815,0.7797551968643621,0.03491123817649088,0.007625947305153694,0.027568067896330917,1.7494249423256736
Track_17282,1028,1028,5,0,0,0,0,0,4.0,121.0,125.0,3.481678742895778,721.2433921394978,416.1048787138252,0.0,1.725484301987056,3.2282178603029474,0.1762554093661539,1.9567526279850087,1.2577684479650435,2250.4,6.901937207948224,3.6564114327639965,0.5044494955541323,0.8704196857239445,0.5044494955541323,2.4627687689047453
Track_17283,1029,1029,12,4,0,0,0,5,21.0,122.0,143.0,18.30367247303923,242.5369120136094,555.9778083939187,0.0,1.861628352821101,13.659345632883937,0.03714291241907274,0.5615574546699138,3.9728368381701666,2488.0,24.162299140538273,18.30367247303923,0.7575302485321135,0.8716034510971062,0.468194121440127,1.3084027505431741
Track_17284,1030,1030,3,0,0,0,0,0,2.0,122.0,124.0,3.0312977081961696,230.93991511878528,195.3454997987185,0.0,2.2379063578346057,3.7469562807813923,0.7288564348878194,3.7469562807813923,2.1341188673294194,2980.3333333333335,4.475812715669211,3.7469562807813923,0.6772619635276536,1.5156488540980848,0.6772619635276536,2.9704028123461095
Track_17285,1031,1031,12,2,0,0,0,1,13.0,122.0,135.0,1.8978381905685757,695.7617112909684,390.77207729059074,0.0,0.5243755751480113,1.135092085527877,0.1219500355199357,0.4513336808728323,0.30494763259093227,1711.6666666666667,6.1595748570394395,1.9993412461148843,0.30811188022167485,0.14598755312065967,0.2784026564918722,1.5808302631769353
Track_17286,1032,1032,23,5,0,0,0,11,43.0,123.0,166.0,13.131240683453441,140.50578866634893,607.1670513212202,0.0,1.1991840671459255,12.713838543838566,0.09186179639771724,0.5965021059419795,2.6599063622282006,1724.3478260869565,31.21107699784373,16.407974281060945,0.4207237284493783,0.3053776903128707,0.2546545594453017,1.833946245118344
Track_17287,1033,1033,10,2,0,0,0,8,18.0,124.0,142.0,0.19411890993794925,104.63653100736542,255.35164816500856,0.0,0.33557746970614033,0.9425445385773593,0.019103482012784456,0.2634009697752239,0.2860405516352683,1674.0,3.63888760773851,0.8281971653079855,0.05334567342094689,0.010784383885441624,0.03213679361396143,1.3931248305807726
Track_17288,1034,1034,2,0,0,0,0,0,1.0,125.0,126.0,0.3574466908339157,97.59052771612716,626.8298624325246,0.0,0.3574466908339157,0.3574466908339157,0.3574466908339157,0.3574466908339157,NaN,1719.0,0.3574466908339157,0.3574466908339157,1.0,0.3574466908339157,1.0,NaN
Track_17289,1035,1035,8,2,0,0,0,11,24.0,125.0,149.0,3.161983632586607,318.2566220344814,442.97002113882576,0.0,0.47007072996026217,0.8077332917483956,0.08295742171796751,0.4525427049517866,0.21653664676923995,1866.875,6.918282978330198,3.495016303155744,0.4570474556317998,0.13174931802444195,0.28027551946401663,1.4002833475017453
Track_17290,1036,1036,2,0,0,0,0,0,1.0,125.0,126.0,2.4574454873018983,617.9847533831369,568.5953948076664,0.0,2.4574454873018983,2.4574454873018983,2.4574454873018983,2.4574454873018983,NaN,1813.5,2.4574454873018983,2.4574454873018983,1.0,2.4574454873018983,1.0,NaN
Track_17291,1037,1037,19,6,0,0,0,10,43.0,125.0,168.0,4.248383262613906,389.48470301048275,442.42259087520307,0.0,0.5749823250014328,1.8533871917205478,0.024517782494914157,0.39342942958058863,0.510889603230623,2231.684210526316,15.253192541521415,4.248383262613906,0.27852420082216806,0.09879961075846294,0.17183069194034226,1.3517084614088157
Track_17292,1038,1038,7,2,0,0,0,10,18.0,125.0,143.0,2.6399048996670302,43.74356308890476,171.436549441914,0.0,0.4276649712262058,0.735327507474948,0.18790622483939265,0.4244366500659436,0.2010453898636083,1852.4285714285713,5.608871244634974,3.3502883904443044,0.47066598331922227,0.14666138331483503,0.3429352254273383,1.7439710998631361
Track_17293,1039,1039,48,2,0,0,0,2,51.0,125.0,176.0,1.7885550529481462,305.51808642975516,4.86865956341108,0.0,0.6106037072222454,4.402021980497944,0.09200175100011035,0.33861302977779206,0.9229467822485036,1731.0208333333333,29.2293630869044,4.51915977465292,0.0611903532632728,0.035069706920551884,0.05743448083551732,1.8430592382474882
Track_17294,1040,1040,44,5,0,0,0,2,50.0,126.0,176.0,1.0603831352604516,428.2861079037271,202.82798941881586,0.0,0.16960231871187043,0.6285265134510641,0.0437649492255396,0.1473024787617824,0.12207014372085709,1621.159090909091,8.112326158650166,1.4337956037117805,0.13071258656553963,0.021207662705209032,0.1250434714942651,1.6789447914697222
Track_17295,1041,1041,24,2,0,0,0,2,26.0,126.0,152.0,0.43431212645394945,469.5133649257904,508.05031626047315,0.0,0.9157548576948489,3.396275722970258,0.14916695967467278,0.5898108179053525,0.9051000584594914,2490.75,22.566769868228086,5.337509178050103,0.01924564875655601,0.016704312555921134,0.01824103079067412,1.602941477675911
Track_17296,1042,1042,4,0,0,0,0,0,3.0,126.0,129.0,1.134473338434302,135.70911236691532,625.9451016110293,0.0,0.41171080943995886,0.5212689484076057,0.20551042600955371,0.5083530539027171,0.17869150421284702,1701.25,1.2351324283198766,1.134473338434302,0.9185034028921911,0.37815777947810064,0.9185034028921911,0.6008393114700279
Track_17297,1043,1043,6,1,0,0,0,6,11.0,119.0,130.0,3.256465027543672,248.1083215116117,448.14367116353066,0.0,0.45583217640145857,0.904038648512328,0.10847999489104755,0.42914200165532346,0.3093304052140115,2379.6666666666665,5.811097571463064,3.910272380407291,0.5603872568816273,0.29604227523124294,0.6494545373438356,1.2828556715482988
Track_17298,1044,1044,9,0,0,0,0,0,8.0,128.0,136.0,0.42942451223226186,453.020027135628,559.7585055968132,0.0,1.1942268322344942,1.845341762939158,0.5877055700230718,1.0593438548767198,0.4851806020544632,1817.0,9.553814657875954,1.6943423623062497,0.04494796346904781,0.05367806402903273,0.04494796346904781,2.087435843648895
Track_17299,1045,1045,21,4,0,0,0,11,50.0,115.0,165.0,1.455782792987995,443.66297977990257,454.5217294927603,0.0,0.5051720512960178,1.3578638078989644,0.10884562244706251,0.4077703845535029,0.3203985713205639,1834.6190476190477,20.54921445270629,4.820054203988304,0.07084371990659094,0.0291156558597599,0.057635128042146724,1.5371772639034977
Track_17300,1046,1046,31,3,0,0,0,9,44.0,129.0,173.0,7.806224859357638,503.58826402773195,191.86875970533052,0.0,0.6542416879470603,2.0112685869412936,0.07458433535622559,0.6088454271405378,0.4132094909602964,1755.4516129032259,23.558840867074256,8.055607854808846,0.3313501247112538,0.1774142013490372,0.271175323458436,1.5461308767464104
Track_17301,1047,1047,35,5,0,0,0,6,47.0,129.0,176.0,2.5935767783014896,427.0516696445108,592.0931861895841,0.0,2.121978584060359,5.389230024646956,0.06813141411323596,2.5102005815715778,1.6035665580794194,2156.6285714285714,82.60730240478523,5.729645998388307,0.031396458942487514,0.055182484644712544,0.026005203379160444,1.791516157062535
Track_17302,1048,1048,6,0,0,0,0,0,5.0,128.0,133.0,2.8420197091865798,433.6816404282076,217.87717442864815,0.0,0.720729940721645,1.1009148612387498,0.3434996204710909,0.8453037627698994,0.31898740602311193,1688.0,3.603649703608226,2.8420197091865798,0.7886503802911119,0.5684039418373159,0.788650380291112,1.661812030422039
Track_17303,1049,1049,6,1,0,0,0,11,16.0,127.0,143.0,11.180944098732061,266.9632163262664,299.6687335612903,0.0,2.0889355563318697,4.6750646607578945,0.23161093314074077,0.7924723800868253,2.191465083619099,1927.3333333333333,19.161873962614425,11.180944098732061,0.5834995116107394,0.6988090061707538,0.334528752719327,1.4611556650077533
Track_17304,1050,1050,48,1,0,0,0,1,48.0,128.0,176.0,12.94018229666292,633.5332042753698,405.53669649856425,0.0,0.8323576055429577,3.668970177785691,0.11564679288655215,0.6129082394279646,0.6947911374900622,2047.9791666666667,39.73965863269954,13.209618538100749,0.32562389164599337,0.2695871311804775,0.32388378430761416,1.5012816758365901
Track_17305,1051,1051,19,3,0,0,0,7,28.0,128.0,156.0,5.902362306587792,148.80205148191536,73.6899083088258,0.0,1.027672673126041,5.504270721782205,0.09948955036804848,0.8108769153298355,1.2362502163279223,2117.1052631578946,21.07669750913458,5.902362306587792,0.2800420845832097,0.21079865380670684,0.20512236952402937,1.8546790751787077
Track_17306,1052,1052,38,2,0,0,0,11,49.0,127.0,176.0,1.12925341810928,734.3070219602906,74.4228503923903,0.0,0.6353150923882879,1.3674753638783093,0.1207694790593858,0.568093312513922,0.33804823222316766,2220.657894736842,25.097435043787783,3.1959282617733873,0.044994774013322816,0.023045988124679184,0.036274894773936965,1.4000989693715415
Track_17307,1053,1053,2,0,0,0,0,0,1.0,119.0,120.0,0.7316184871806085,123.45356471450444,342.06949127913214,0.0,0.7316184871806085,0.7316184871806085,0.7316184871806085,0.7316184871806085,NaN,2542.0,0.7316184871806085,0.7316184871806085,1.0,0.7316184871806085,1.0,NaN
Track_17308,1054,1054,5,1,0,0,0,1,5.0,131.0,136.0,1.056017641477864,305.2265630022295,260.3695776606288,0.0,0.8488455444602729,1.464346819818714,0.3116817008656349,0.8280115142992909,0.4729790385918725,1665.2,3.7070638787067267,1.056017641477864,0.28486631901424747,0.2112035282955728,0.24881267230997098,1.56085596157087
Track_17309,1055,1055,2,0,0,0,0,0,1.0,131.0,132.0,0.6017952904542843,98.19751576049086,384.24188103806273,0.0,0.6017952904542843,0.6017952904542843,0.6017952904542843,0.6017952904542843,NaN,1742.0,0.6017952904542843,0.6017952904542843,1.0,0.6017952904542843,1.0,NaN
Track_17310,1056,1056,31,2,0,0,0,9,45.0,131.0,176.0,1.2620515962010135,230.8919618934554,480.82711422728573,0.0,0.24659608821675089,0.5276476039908682,0.02933054305853896,0.2235353806581405,0.1394369836785938,1709.6774193548388,8.205613253379656,1.356740461318086,0.15380344615695976,0.028045591026689187,0.11373088368716505,1.6800251412780782
Track_17311,1057,1057,45,2,0,0,0,1,46.0,130.0,176.0,5.672967357265335,460.59905260375996,491.8078714260166,0.0,1.7362224007697498,5.921264164746562,0.09853708441940219,0.7485684056131289,1.7114158944063023,2485.511111111111,78.41045992356715,5.672967357265335,0.07234962481785241,0.12332537733185511,0.07103086406279467,2.1590582118066584
Track_17312,1058,1058,3,0,0,0,0,0,2.0,131.0,133.0,1.225086718627397,493.8491720435227,411.23107542272754,0.0,0.8649408566988508,1.4765755131685916,0.2533062002291101,1.4765755131685916,0.8649820263969162,1886.0,1.7298817133977016,1.225086718627397,0.7081910336060928,0.6125433593136985,0.7081910336060928,3.032466713379859
Track_17313,1059,1059,15,3,0,0,0,8,30.0,130.0,160.0,3.8468627093911807,184.5796848489109,540.9214363219813,0.0,0.7239905698582887,1.4087903905043608,0.08634668060261173,0.7153214742984045,0.359294696224399,1848.8,14.077013186182807,4.147057241564681,0.2732726508466328,0.128228756979706,0.17711384970774557,1.4875036437396505
Track_17314,1060,1060,20,4,0,0,0,11,43.0,133.0,176.0,13.237691681421545,257.0885576937493,587.1464656309861,0.0,1.8952254381689215,6.805448957603598,0.0569281806158965,0.35902904128201224,2.714580997328895,1971.8,44.638461019208464,19.31537242122838,0.2965534962266107,0.3078532949167801,0.16243624041592308,1.1417672802192422
Track_17315,1061,1061,33,0,0,0,0,0,32.0,132.0,164.0,10.067556969954415,715.7595345534846,5.156689481294713,0.0,0.48323729973678003,2.13703992768027,0.0736790245290628,0.36865029075964295,0.462820887643573,1748.8484848484848,15.463593591576963,11.36696539095718,0.6510489887317154,0.3146111553110755,0.6510489887317154,1.2217789011326725
Track_17316,1062,1062,27,5,0,0,0,6,41.0,132.0,173.0,1.0596940117870437,444.8026734528265,601.9760475129426,0.0,1.0241599729273907,5.000749921152428,0.08488659611209454,0.5603714031764535,1.279283560644124,1770.037037037037,33.78428211944528,6.010484199955182,0.03136648007024289,0.025846195409440092,0.025236482671318474,1.4898909232113773
Track_17317,1063,1063,45,0,0,0,0,0,44.0,132.0,176.0,1.0178508028623159,545.0576813635375,371.50688835077864,0.0,0.46696496366993484,1.133159533472198,0.0809224930403135,0.46853042417731,0.24387752281591815,1872.0,20.54645840147714,3.264880307370571,0.049538990271391,0.02313297279232536,0.04953899027139101,1.8712959697089682
Track_17318,1064,1064,39,4,0,0,0,5,48.0,128.0,176.0,1.8989649197750025,651.283064830757,114.46366693591295,0.0,0.7188532174734271,1.8351653434576758,0.018910721199601684,0.5578830440996417,0.519698627655389,1900.4358974358975,28.831815672934773,4.233508016673134,0.06586352178845307,0.03956176916197922,0.055034558099396204,1.8528592350979527
Track_17319,1065,1065,13,1,0,0,0,10,22.0,132.0,154.0,1.028282722570965,257.7634541377298,561.6066417150952,0.0,0.8313363483195236,1.3895827074270213,0.14993875395116604,0.8090330521863094,0.4137561872326346,1726.7692307692307,11.475423719345944,2.3862141886294856,0.0896073859858809,0.04674012375322568,0.0562228800024285,1.5864562295542677
Track_17320,1066,1066,6,0,0,0,0,0,5.0,132.0,137.0,0.7582024612774555,486.2635355299521,479.88189733515,0.0,0.43975166722623216,0.5510887261201903,0.24939457947168628,0.4884666370016803,0.1272590886784964,1758.8333333333333,2.1987583361311605,0.7582024612774555,0.3448321031094102,0.1516404922554911,0.3448321031094101,2.1715316981844737
Track_17321,1067,1067,44,1,0,0,0,1,44.0,132.0,176.0,6.080561474726365,347.7522938927754,483.29372913091134,0.0,0.8820012263017606,2.54911455590088,0.02876981748741797,0.7403820398051864,0.521003990239219,2142.9772727272725,38.97428966071625,6.080561474726365,0.15601468372251584,0.13819457897105375,0.15668297826580685,1.6519956946733554
Track_17322,1068,1068,5,1,0,0,0,5,9.0,132.0,141.0,7.114330936026359,160.10626100589644,598.6331520773736,0.0,0.7239966659405932,1.332457443502001,0.19750735537738692,1.0098144054596803,0.5367731341458793,2318.0,9.558273881272378,7.114330936026359,0.7443112662805719,0.7904812151140399,1.091829910690365,0.6413715356877642
Track_17323,1069,1069,13,4,0,0,0,9,32.0,132.0,164.0,1.6274095615594348,630.0091875099658,354.5478762486713,0.0,0.46289451438492163,1.0795275599318666,0.07882354390802856,0.4591979026248615,0.29859170026835785,1793.6153846153845,8.658682939198322,1.6274095615594348,0.1879511668214648,0.05085654879873234,0.10986638903316619,1.4871320729253938
Track_17324,1070,1070,14,2,0,0,0,11,25.0,132.0,157.0,6.937118372212812,29.338910605344154,555.3977108854364,0.0,0.7975460367393963,6.665102873165217,0.054483367129359896,0.2482528495889476,1.7768290722015754,1967.857142857143,11.052901215715314,6.937118372212812,0.6276287317532006,0.27748473488851244,0.3479231569163731,1.5183113996874493
Track_17325,1071,1071,2,0,0,0,0,0,1.0,134.0,135.0,0.822358228199768,355.09585002268864,472.8376563486049,0.0,0.822358228199768,0.822358228199768,0.822358228199768,0.822358228199768,NaN,1616.0,0.822358228199768,0.822358228199768,1.0,0.822358228199768,1.0,NaN
Track_17326,1072,1072,10,3,0,0,0,11,24.0,134.0,158.0,1.8668401794033864,201.67035076375134,542.0266863321856,0.0,0.552977209753966,1.7032118373815845,0.10037432305596557,0.414081042195728,0.5039630755034737,1704.8,9.222352316095826,2.8484924664973907,0.2024255976585474,0.0777850074751411,0.1406658468072304,1.303703639579615
Track_17327,1073,1073,6,1,0,0,0,1,6.0,134.0,140.0,0.23767683249323873,425.5950972594985,563.7631944670815,0.0,0.2336472042163574,0.3283635072610218,0.1289467835585874,0.25264705930621256,0.07456487562358857,1607.3333333333333,1.2971828046403746,0.2825730476556234,0.18322539555951886,0.03961280541553979,0.1695411059952522,1.9406261932642594
Track_17328,1074,1074,2,0,0,0,0,0,1.0,134.0,135.0,0.42709057831189445,291.14231674634635,572.0251548409158,0.0,0.42709057831189445,0.42709057831189445,0.42709057831189445,0.42709057831189445,NaN,1733.5,0.42709057831189445,0.42709057831189445,1.0,0.42709057831189445,1.0,NaN
Track_17329,1075,1075,34,3,0,0,0,3,41.0,135.0,176.0,0.23519249161631944,321.8787689514134,590.9850791502928,0.0,0.5363600611560151,1.2043063970699819,0.0602042295839259,0.45818241597700476,0.33661473937608066,1722.6176470588234,19.04302529848612,1.9035050358421703,0.012350584422897172,0.005736402234544377,0.010695058506371126,1.7270818909022856
Track_17330,1076,1076,14,3,0,0,0,2,18.0,135.0,153.0,0.9221518941306428,30.503935321994508,32.61517438491553,0.0,0.3536409808996019,0.7402512854154711,0.06827831998350564,0.3196527624949931,0.20291701063305626,2275.3571428571427,5.688108884942254,0.9355561756969416,0.1621192408204057,0.051230660785035714,0.1448663010002792,1.4007593570287058
Track_17331,1077,1077,2,0,0,0,0,0,1.0,135.0,136.0,7.9761960463086705,121.70916215452542,464.8933295803968,0.0,7.9761960463086705,7.9761960463086705,7.9761960463086705,7.9761960463086705,NaN,1882.0,7.9761960463086705,7.9761960463086705,1.0,7.9761960463086705,1.0,NaN
Track_17332,1078,1078,4,1,0,0,0,1,4.0,135.0,139.0,2.259896334911006,701.7811823019701,250.30323180128013,0.0,0.9768727102397128,1.8280564979358576,0.5206234835115379,0.5819381492717429,0.7377840147271343,2537.0,3.512556279990881,2.259896334911006,0.6433765482376478,0.5649740837277515,0.5783497458835898,1.407683510977423
Track_17333,1079,1079,9,0,0,0,0,0,8.0,135.0,143.0,0.42719123988134566,604.7176607369444,327.8213911477386,0.0,0.22359436960646634,0.6006639677194844,0.07572868595710192,0.20266311004112206,0.17323210857973598,2104.3333333333335,1.788754956851731,0.468141128347331,0.23882043666462657,0.05339890498516821,0.23882043666462663,1.974141021169556
Track_17334,1080,1080,2,0,0,0,0,0,1.0,135.0,136.0,0.6342976861146592,289.34802188077356,545.9200390037563,0.0,0.6342976861146592,0.6342976861146592,0.6342976861146592,0.6342976861146592,NaN,1661.0,0.6342976861146592,0.6342976861146592,1.0,0.6342976861146592,1.0,NaN
Track_17335,1081,1081,6,0,0,0,0,0,5.0,135.0,140.0,2.700153846934103,616.5017269164904,341.5472698141193,0.0,0.9227198114013886,2.962318964166246,0.22390549660086542,0.436627790792697,1.1468851718300146,1806.1666666666667,4.613599057006942,2.8217975171279783,0.5852597535178576,0.5400307693868206,0.5852597535178574,2.632789742489252
Track_17336,1082,1082,19,1,0,0,0,8,26.0,135.0,161.0,14.779310135983266,41.406284443335494,564.3350424698939,0.0,1.6447233076192354,13.028663530142632,0.30924528220775166,0.7499570801835196,2.9030039299520465,2508.8947368421054,32.70425487206794,14.779310135983266,0.45190786929091553,0.5684350052301256,0.34561132720429727,1.6971385396504484
Track_17337,1083,1083,6,0,0,0,0,0,5.0,136.0,141.0,0.2826124368367024,290.9705884811854,87.85966549975659,0.0,0.24430425643121984,0.42531994159055175,0.07956283375787424,0.23222541854558848,0.13657212986004502,2010.0,1.221521282156099,0.3274904021624415,0.23136104214071906,0.05652248736734048,0.23136104214071904,1.5074066900727627
Track_17338,1084,1084,2,0,0,0,0,0,1.0,138.0,139.0,0.36889117101832436,22.22345863141596,23.48868786970904,0.0,0.36889117101832436,0.36889117101832436,0.36889117101832436,0.36889117101832436,NaN,1675.0,0.36889117101832436,0.36889117101832436,1.0,0.36889117101832436,1.0,NaN
Track_17339,1085,1085,3,0,0,0,0,0,2.0,137.0,139.0,0.49465641381551406,12.103343584100207,479.9190230883382,0.0,0.9753568216796109,1.0669070649467598,0.883806578412462,1.0669070649467598,0.1294715956669581,1734.3333333333333,1.9507136433592218,1.0669070649467598,0.25357715393003155,0.24732820690775703,0.25357715393003155,2.6638421002285178
Track_17340,1086,1086,20,4,0,0,0,8,38.0,138.0,176.0,13.553317791786922,42.76808150115998,557.3315908974516,0.0,1.448710339523378,7.976343656818652,0.08250729038875859,0.7203499942095968,2.1694706948846427,2363.8,33.61099833506226,13.553317791786922,0.40324056002967323,0.3566662576786032,0.24619570106467625,1.5010958601585214
Track_17341,1087,1087,23,3,0,0,0,10,38.0,138.0,176.0,4.281648933417443,62.06711099043287,557.7889965801917,0.0,1.0259874066942443,5.70068912253394,0.04547487324109141,0.5204779901473341,1.5871153755805354,2945.304347826087,29.725049543597326,4.8963927439758,0.1440417761840096,0.11267497193203796,0.10982100871498938,1.578488291564859
Track_17342,1088,1088,39,0,0,0,0,0,38.0,138.0,176.0,0.8234382135192743,204.97660896643424,563.2246346144007,0.0,1.7154165116060713,7.22538742583416,0.24259438662407287,0.9196051346723076,1.8945609395824636,2856.641025641026,65.18582744103072,11.248586597945016,0.012632166313516293,0.021669426671559848,0.012632166313516295,1.652630684119675
Track_17343,1089,1089,3,0,0,0,0,0,2.0,138.0,140.0,0.8827437128189083,433.36136622862756,607.9137875791257,0.0,1.330071895110485,1.533157556293591,1.126986233927379,1.533157556293591,0.28720649636865575,1838.6666666666667,2.66014379022097,1.533157556293591,0.33184060052091446,0.44137185640945414,0.33184060052091446,2.5361436850923855
Track_17344,1090,1090,7,0,0,0,0,0,6.0,138.0,144.0,0.8792619648599587,563.4634932172474,636.4206391613574,0.0,0.7045458653205834,1.3319086491626442,0.39940218608977823,0.6936717916041186,0.3353130899924642,1631.4285714285713,4.2272751919235,1.3319086491626442,0.20799733278302987,0.14654366080999312,0.20799733278302987,1.854752511395554
Track_17345,1091,1091,18,4,0,0,0,9,34.0,138.0,172.0,3.9978983852180194,583.2516550191211,630.7996812559787,0.0,0.6598885456347101,1.120562407648927,0.12186752677860369,0.6628871832372241,0.32125635128327934,1626.2222222222222,14.894290317587883,4.567099712470647,0.26841818575921755,0.11758524662405939,0.17818955549677057,1.565147412655
Track_17346,1092,1092,2,0,0,0,0,0,1.0,127.0,128.0,0.3211672313240345,12.17317457980096,397.7319205815121,0.0,0.3211672313240345,0.3211672313240345,0.3211672313240345,0.3211672313240345,NaN,1599.0,0.3211672313240345,0.3211672313240345,1.0,0.3211672313240345,1.0,NaN
Track_17347,1093,1093,2,0,0,0,0,0,1.0,127.0,128.0,0.5746103564927203,238.79393235405328,194.82321046085735,0.0,0.5746103564927203,0.5746103564927203,0.5746103564927203,0.5746103564927203,NaN,1867.5,0.5746103564927203,0.5746103564927203,1.0,0.5746103564927203,1.0,NaN
Track_17348,1094,1094,3,0,0,0,0,0,2.0,139.0,141.0,0.4594891736681044,361.7506593448702,410.0228508682265,0.0,0.8859898529757071,1.0994950488725754,0.6724846570788389,1.0994950488725754,0.30194194367447563,1685.3333333333333,1.7719797059514142,1.0994950488725754,0.2593083725083605,0.2297445868340522,0.2593083725083605,2.9439373449531487
Track_17349,1095,1095,2,0,0,0,0,0,1.0,140.0,141.0,0.08382829533805553,29.200112620765218,105.58722009056365,0.0,0.08382829533805553,0.08382829533805553,0.08382829533805553,0.08382829533805553,NaN,1596.5,0.08382829533805553,0.08382829533805553,1.0,0.08382829533805553,1.0,NaN
Track_17350,1096,1096,19,3,0,0,0,10,35.0,140.0,175.0,13.221322433973322,213.46893393156205,138.93503242099703,0.0,1.4101329082953165,13.864308966171604,0.03864063075285622,0.7801011256784858,3.131888306687495,1680.7368421052631,27.448361542243592,13.221322433973322,0.4816798413859944,0.3777520695420949,0.2678840181091528,1.6441984483574126
Track_17351,1097,1097,6,2,0,0,0,3,9.0,141.0,150.0,3.9305616915009445,55.029597361105765,421.36123666954995,0.0,0.9925294100559922,2.9321095216856654,0.37928199268403523,0.5287867725685208,1.0916014926321445,2009.3333333333333,7.494791240120366,4.100858878347706,0.5244391158569242,0.43672907683343826,0.4400162578646418,0.41566341768738263
Track_17352,1098,1098,11,1,0,0,0,2,12.0,141.0,153.0,1.7907953412790376,496.08799557452255,644.6317438229343,0.0,0.33766209915186496,0.929076759239714,0.09480650402612355,0.2653623772339702,0.23501611149256857,2038.909090909091,4.403300139042498,2.025457269978189,0.40669390791708504,0.14923294510658647,0.4419594188433577,1.3759558530723062
Track_17353,1099,1099,25,2,0,0,0,9,34.0,141.0,175.0,0.1927938595752282,862.8779522121565,455.42799082824376,0.0,0.2505077063789128,0.8846439970319748,0.018167952018489746,0.2162488084050815,0.20032179602626743,1671.0,6.230629452986895,0.5893937447341064,0.030942918533344167,0.005670407634565535,0.022635661459406736,1.8708624720717548
Track_17354,1100,1100,19,4,0,0,0,11,35.0,141.0,176.0,0.6727106673351938,293.5659596001763,487.7603394440234,0.0,1.41955720443835,6.904907612449521,0.009259132346390649,0.9087364762824824,1.9045412810985762,1922.421052631579,35.10185124769602,7.1552486490474445,0.019164535300096132,0.01922030478100554,0.013539647941563638,1.5520967831519068
Track_17355,1101,1101,28,2,0,0,0,4,32.0,144.0,176.0,2.0023040489175865,575.3506054830269,360.30317840701144,0.0,1.0427109429533565,2.170130332337532,0.3277944045168268,0.8380221123790954,0.5886469483564835,1906.142857142857,31.74747699608357,3.1036672783686354,0.063069706268772,0.06257200152867458,0.060008962168793124,1.6265035635057055
Track_17356,1102,1102,2,0,0,0,0,0,1.0,144.0,145.0,1.342352622792901,210.88321926305133,189.16834959669774,0.0,1.342352622792901,1.342352622792901,1.342352622792901,1.342352622792901,NaN,1641.5,1.342352622792901,1.342352622792901,1.0,1.342352622792901,1.0,NaN
Track_17357,1103,1103,2,0,0,0,0,0,1.0,144.0,145.0,0.9334418839942334,518.084825180812,600.3548110728059,0.0,0.9334418839942334,0.9334418839942334,0.9334418839942334,0.9334418839942334,NaN,1780.5,0.9334418839942334,0.9334418839942334,1.0,0.9334418839942334,1.0,NaN
Track_17358,1104,1104,9,1,0,0,0,6,14.0,142.0,156.0,1.3656378944157594,36.12380631083554,645.3825876229827,0.0,0.2955658915911177,0.49695148239242964,0.15275086768873877,0.30196966009048876,0.11641619873716488,1685.4444444444443,3.2810323388613734,1.553867130897722,0.41622201593102276,0.09754556388683996,0.33002983991733165,1.3093251359527005
Track_17359,1105,1105,7,0,0,0,0,0,6.0,143.0,149.0,5.570742226582396,251.5328425306313,60.41695861810654,0.0,1.73442579344231,5.1735742414246175,0.7392824163229741,0.9660067452708624,1.7277260801445304,2816.285714285714,10.406554760653858,5.570742226582396,0.5353109030516818,0.9284570377637326,0.5353109030516817,1.008029413067393
Track_17360,1106,1106,5,0,0,0,0,0,4.0,143.0,147.0,7.3822097430678895,361.79062116099857,409.35606202514305,0.0,2.2999879390321447,7.703256560317497,0.3292527217680415,0.620105510850466,3.604298336984,1989.0,9.199951756128579,7.705238175467982,0.8024183103080085,1.8455524357669724,0.8024183103080085,2.493397095116958
Track_17361,1107,1107,8,0,0,0,0,0,7.0,144.0,151.0,3.2678326239209787,132.52654488532806,309.994644714675,0.0,2.203853205314417,5.038177294820479,0.2248663447705672,1.2284570470851863,1.908159728412229,2473.375,15.426972437200922,7.827347694951197,0.21182591964972072,0.46683323198871124,0.21182591964972075,1.5267086512558787
Track_17362,1108,1108,22,4,0,0,0,5,33.0,143.0,176.0,6.641824937484169,395.31457303514003,620.1000412659287,0.0,0.6839634788674699,5.870474255906741,0.049844923462085126,0.3338199158584533,1.2264203551310462,2489.409090909091,16.243420427513904,7.179224802119942,0.4088932480152961,0.20126742234800513,0.29426632936786423,1.4714783153983924
Track_17363,1109,1109,2,0,0,0,0,0,1.0,139.0,140.0,0.5461002952486701,190.1065990509204,42.09879929097929,0.0,0.5461002952486701,0.5461002952486701,0.5461002952486701,0.5461002952486701,NaN,1765.5,0.5461002952486701,0.5461002952486701,1.0,0.5461002952486701,1.0,NaN
Track_17364,1110,1110,2,0,0,0,0,0,1.0,139.0,140.0,0.3644970157893716,444.1391262709597,517.6215376548969,0.0,0.3644970157893716,0.3644970157893716,0.3644970157893716,0.3644970157893716,NaN,1663.0,0.3644970157893716,0.3644970157893716,1.0,0.3644970157893716,1.0,NaN
Track_17365,1111,1111,23,3,0,0,0,5,31.0,145.0,176.0,6.314437172927795,241.88516094255468,561.2887962438497,0.0,0.9097795555651221,4.675805883257723,0.13284354797587677,0.7458692671201781,1.0236386381975437,1854.0,22.57193516539681,6.314437172927795,0.27974726697815183,0.20369152170734822,0.22389107389956947,1.2318592082448572
Track_17366,1112,1112,11,4,0,0,0,9,30.0,146.0,176.0,6.743265737438027,229.10420969663764,154.1540766544968,0.0,2.4799570297429296,6.008925045792199,0.16261540822768264,1.4642023536866566,2.3087247385127068,2102.2727272727275,36.515935867212605,6.743265737438027,0.18466638132894622,0.22477552458126757,0.09063686260909433,1.4433274511181087
Track_17367,1113,1113,12,1,0,0,0,1,12.0,145.0,157.0,0.0826984584101906,51.61993238082979,572.2810916153453,0.0,0.4133171938341289,0.8090278742029787,0.11724705465493215,0.41375893645190365,0.2299325730141704,1729.5,4.6853465328600326,0.6478620739114134,0.017650446520912886,0.0068915382008492175,0.016673727354335293,2.2800921346518424
Track_17368,1114,1114,3,0,0,0,0,0,2.0,146.0,148.0,4.753769096245833,772.282855325986,482.3472068818049,0.0,2.385655197455081,3.7215370726626023,1.0497733222475596,3.7215370726626023,1.8892222656468791,1918.6666666666667,4.771310394910162,4.753769096245833,0.9963235888650125,2.3768845481229164,0.9963235888650125,0.2071730159231528
Track_17369,1115,1115,10,0,0,0,0,0,9.0,146.0,155.0,0.3243379780954651,273.13948887992575,348.54417008317375,0.0,1.3295517643643022,3.116516069738098,0.3395066840585398,0.78834326015777,1.089070485179083,1725.8,11.96596587927872,3.116516069738098,0.027105039523563763,0.036037553121718344,0.02710503952356376,1.8043573688477799
Track_17370,1116,1116,23,3,0,0,0,6,30.0,146.0,176.0,6.32951484892103,494.2605446462549,103.26434162217684,0.0,1.3273915069045663,6.850611481920186,0.07417360618314006,0.5196886295067672,2.1716109889391437,2294.0,31.410044973432836,8.478870674752065,0.20151244145860486,0.21098382829736767,0.15894619424631928,1.210940893304033
Track_17371,1117,1117,19,3,0,0,0,7,31.0,145.0,176.0,8.615286965977907,355.7279950968578,498.1369561277059,0.0,0.799263407456211,1.6629681155718787,0.19061698930169002,0.7414072586603707,0.522157905588131,1756.9473684210527,23.37780693199148,8.615286965977907,0.3685241729919616,0.27791248277348085,0.34771075490367265,1.3342366055163324
Track_17372,1118,1118,15,1,0,0,0,1,15.0,146.0,161.0,0.6295295279265881,798.2189102092011,504.3023109557122,0.0,0.5068971795425792,1.0091479972066677,0.23619770263995102,0.5287556456241679,0.2152089798289436,1647.3333333333333,7.332758216236059,1.0233708446233774,0.08585166854849997,0.04196863519510587,0.08279516416520231,1.7475627023825633
Track_17373,1119,1119,2,0,0,0,0,0,1.0,146.0,147.0,1.7162835801433503,216.62638986626007,434.28622436222213,0.0,1.7162835801433503,1.7162835801433503,1.7162835801433503,1.7162835801433503,NaN,1608.0,1.7162835801433503,1.7162835801433503,1.0,1.7162835801433503,1.0,NaN
Track_17374,1120,1120,28,2,0,0,0,2,30.0,146.0,176.0,18.067707568727478,25.076721565138886,525.7866439495149,0.0,1.2423706724582049,14.52692575686262,0.24545432884744092,0.6866857964771508,2.6758544136450007,1895.6785714285713,34.2952333147668,18.067707568727478,0.5268285362837263,0.6022569189575826,0.4847642755168493,1.7274437257237583
Track_17375,1121,1121,14,4,0,0,0,8,30.0,146.0,176.0,3.5981391129448927,102.83609282532095,529.7447428289177,0.0,0.7903958543738125,1.8162476219017927,0.07843799843310773,0.7531739394827287,0.5902470475505365,1842.9285714285713,13.970197680766965,4.753837672458002,0.25755821035363863,0.11993797043149643,0.1517441795371216,1.1927810060416064
Track_17376,1122,1122,2,0,0,0,0,0,1.0,145.0,146.0,0.347417434554314,344.4189168649509,85.17126575882412,0.0,0.347417434554314,0.347417434554314,0.347417434554314,0.347417434554314,NaN,1889.0,0.347417434554314,0.347417434554314,1.0,0.347417434554314,1.0,NaN
Track_17377,1123,1123,2,0,0,0,0,0,1.0,145.0,146.0,0.06035844105869608,545.5506560380211,550.0928832126241,0.0,0.06035844105869608,0.06035844105869608,0.06035844105869608,0.06035844105869608,NaN,1613.0,0.06035844105869608,0.06035844105869608,1.0,0.06035844105869608,1.0,NaN
Track_17378,1124,1124,10,1,0,0,0,2,11.0,148.0,159.0,3.843023832944407,697.8488163580693,244.96513395392094,0.0,1.2716031698492922,3.787566054283011,0.1871973383645665,0.8017388379604861,1.3976333960432326,1923.3,14.335022634849139,4.203143339958775,0.26808634564704686,0.3493658029949461,0.2747443630832976,1.7298587750218142
Track_17379,1125,1125,12,0,0,0,0,0,11.0,149.0,160.0,0.9263211402724181,337.23621662431236,642.443685210046,0.0,0.44636685778756124,0.9173337014021535,0.05551432379527667,0.34031922029091155,0.2907593274068154,1840.8333333333333,4.910035435663173,1.4121213373734032,0.18865874847750558,0.084211012752038,0.18865874847750555,1.6850428365102552
Track_17380,1126,1126,2,0,0,0,0,0,1.0,149.0,150.0,0.25456658526152903,456.0115787293439,448.49911917652395,0.0,0.25456658526152903,0.25456658526152903,0.25456658526152903,0.25456658526152903,NaN,1699.5,0.25456658526152903,0.25456658526152903,1.0,0.25456658526152903,1.0,NaN
Track_17381,1127,1127,18,3,0,0,0,4,26.0,150.0,176.0,0.5500521071027514,155.23680726739806,59.27338320922058,0.0,0.2545889141197613,0.5683522428984485,0.015591600084667045,0.23455344706877532,0.14793265095932268,1717.1666666666667,5.024141075613924,0.8248799522243728,0.1094818196432786,0.021155850273182748,0.08309808125907168,1.9075265081581505
Track_17382,1128,1128,5,0,0,0,0,0,4.0,150.0,154.0,0.853325589687474,487.37934817668355,567.1778674474716,0.0,0.4661697569868605,0.8029671749998958,0.20165370235413563,0.4525098696888841,0.24968267455430637,1703.6,1.864679027947442,0.853325589687474,0.4576259918720585,0.2133313974218685,0.4576259918720585,1.9792303736884078
Track_17383,1129,1129,10,0,0,0,0,0,9.0,150.0,159.0,2.5603418332661647,194.2928948230836,598.7609853363178,0.0,0.7651270040619087,1.5310889208606964,0.26510221021074715,0.6912931776330905,0.46062668261552203,1702.8,6.886143036557177,3.16652205679294,0.37181072476621735,0.28448242591846273,0.37181072476621724,1.406250804978478
Track_17384,1130,1130,23,1,0,0,0,4,26.0,150.0,176.0,4.503858906214133,127.92827586964158,335.74379590532686,0.0,0.9179641274294489,2.2775188365151076,0.14650470125368245,0.8569541355038067,0.5288229883275323,1853.8260869565217,21.618454112679753,5.43770221589705,0.20833399477775377,0.17322534254669744,0.1887060042659574,1.3414552263351627
Track_17385,1131,1131,8,3,0,0,0,5,14.0,150.0,164.0,2.500121030491034,267.11440700424185,54.32122389437875,0.0,0.7288783209862101,1.0817959904277155,0.23122489241999586,0.7885812086260982,0.2628173212344617,1669.0,7.761545467210828,2.500121030491034,0.32211639306282025,0.17858007360650244,0.2450067020306961,1.6397221970791211
Track_17386,1132,1132,3,0,0,0,0,0,2.0,147.0,149.0,2.2156318344755834,28.01860342994293,21.210807254791444,0.0,1.1487051531627344,1.3905054476101804,0.9069048587152884,1.3905054476101804,0.34195725579338593,1859.0,2.2974103063254687,2.2156318344755834,0.9644040632947783,1.1078159172377917,0.9644040632947783,0.5478114004045682
Track_17387,1133,1133,13,3,0,0,0,5,21.0,147.0,168.0,3.8056856162790624,708.5882158194628,501.84363378485637,0.0,1.0285656454881655,3.6287449046251976,0.033187176439853035,0.2349806638139081,1.5279799440937638,2462.076923076923,12.807646241570703,3.8056856162790624,0.2971416874340793,0.18122312458471726,0.17619013952065968,1.8350971523970647
Track_17388,1134,1134,20,2,0,0,0,5,25.0,151.0,176.0,3.98099084287682,111.60284969550773,445.31866741956946,0.0,1.068348515272436,4.6535462809377535,0.07546818218522887,0.6943956655543412,1.1951598216218313,2350.65,21.556823939439525,3.98099084287682,0.18467427548978374,0.1592396337150728,0.14905214116805848,2.0311612895079882
Track_17389,1135,1135,12,2,0,0,0,9,22.0,151.0,173.0,0.9613987920101537,80.99682593436482,96.74851204758194,0.0,0.3987629555632586,1.0563846734051585,0.05455864180610646,0.30815408282514695,0.3298515357507515,1657.4166666666667,5.306816140525884,1.1282915373972324,0.18116301122029885,0.04369994509137062,0.10958877819942879,1.7774190767218403
Track_17390,1136,1136,2,0,0,0,0,0,1.0,151.0,152.0,0.8054245232210381,415.0280624908376,376.8141028386858,0.0,0.8054245232210381,0.8054245232210381,0.8054245232210381,0.8054245232210381,NaN,1901.0,0.8054245232210381,0.8054245232210381,1.0,0.8054245232210381,1.0,NaN
Track_17391,1137,1137,2,0,0,0,0,0,1.0,151.0,152.0,0.4796625426456449,224.07295263620767,497.4094560858688,0.0,0.4796625426456449,0.4796625426456449,0.4796625426456449,0.4796625426456449,NaN,1592.0,0.4796625426456449,0.4796625426456449,1.0,0.4796625426456449,1.0,NaN
Track_17392,1138,1138,4,1,0,0,0,7,10.0,148.0,158.0,4.478917087516495,625.7424610661391,622.4543632936127,0.0,1.0541122390889137,1.8806283136095279,0.45075759729897785,0.8309508063582355,0.740596607563401,2695.0,6.317639898359586,4.478917087516495,0.7089541600304686,0.4478917087516495,0.4248994482207792,0.5005505278014482
Track_17393,1139,1139,22,1,0,0,0,3,24.0,152.0,176.0,15.086717479816686,198.4378523009358,259.52945780600146,0.0,1.1921177517789454,5.654745824378135,0.22379746144316032,0.7218164931325429,1.5271870487538273,2015.090909090909,25.906514579426695,15.392764447527961,0.5823522663985682,0.6286132283256952,0.5273080007303331,1.7718960936824875
Track_17394,1140,1140,3,0,0,0,0,0,2.0,156.0,158.0,0.4893081658006171,688.4797818199244,262.4858574529276,0.0,0.8378264865399231,1.0350020055990958,0.6406509674807503,1.0350020055990958,0.2788482932214368,1681.0,1.6756529730798462,1.0350020055990958,0.29201044229418804,0.24465408290030854,0.29201044229418804,2.7839561685224146
Track_17395,1141,1141,2,0,0,0,0,0,1.0,156.0,157.0,0.2462271025375462,825.7747215903978,145.69983708600088,0.0,0.2462271025375462,0.2462271025375462,0.2462271025375462,0.2462271025375462,NaN,1606.5,0.2462271025375462,0.2462271025375462,1.0,0.2462271025375462,1.0,NaN
Track_17396,1142,1142,18,1,0,0,0,1,18.0,153.0,171.0,2.082324093897072,702.2524435920355,267.3764612757162,0.0,0.6120769756455219,1.692567260308457,0.14874031654026637,0.5071509494119119,0.3887518262128204,1792.5555555555557,10.65498570790072,2.4922931903342946,0.1954318992988437,0.11568467188317068,0.18900346931227857,2.0408301787851513
Track_17397,1143,1143,9,0,0,0,0,0,8.0,154.0,162.0,1.1293716469242454,93.58299510257439,366.03324025822474,0.0,0.6317004262545403,1.0449863102955264,0.31382729139932686,0.6820715914587072,0.23526898419235429,1620.888888888889,5.053603410036323,1.2508840404152843,0.22347848758399663,0.14117145586553068,0.22347848758399666,2.0519739562080614
Track_17398,1144,1144,3,0,0,0,0,0,2.0,156.0,158.0,0.8934518296242712,627.1556515235883,493.6734367352396,0.0,0.8678522006437611,1.1752107474091678,0.5604936538783545,1.1752107474091678,0.43467062534692325,1739.3333333333333,1.7357044012875222,1.1752107474091678,0.5147488414280224,0.4467259148121356,0.5147488414280224,2.319789316209899
Track_17399,1145,1145,2,0,0,0,0,0,1.0,156.0,157.0,0.5226947387289598,44.65028688034946,294.89526768767803,0.0,0.5226947387289598,0.5226947387289598,0.5226947387289598,0.5226947387289598,NaN,1618.0,0.5226947387289598,0.5226947387289598,1.0,0.5226947387289598,1.0,NaN
Track_17400,1146,1146,6,0,0,0,0,0,5.0,153.0,158.0,0.3296961652470391,248.81925364419862,450.37911776337114,0.0,0.37822449611690734,0.6159643229213353,0.20951502740212807,0.3028810381985239,0.1638219311302749,3051.8333333333335,1.8911224805845364,0.49502602292044956,0.17433887473281565,0.06593923304940782,0.17433887473281565,1.824119776013084
Track_17401,1147,1147,2,0,0,0,0,0,1.0,156.0,157.0,0.060057384293745276,45.33136969102202,170.90218555969983,0.0,0.060057384293745276,0.060057384293745276,0.060057384293745276,0.060057384293745276,NaN,1591.0,0.060057384293745276,0.060057384293745276,1.0,0.060057384293745276,1.0,NaN
Track_17402,1148,1148,5,0,0,0,0,0,4.0,155.0,159.0,0.7307498547326189,11.9923924115115,217.51027047826688,0.0,0.4056108695148727,0.7381373250146203,0.21301760022132787,0.36672694489732044,0.23049867956648296,1696.6,1.6224434780594905,0.7381373250146203,0.45040080878911476,0.18268746368315472,0.4504008087891147,2.036435971300551
Track_17403,1149,1149,20,1,0,0,0,2,21.0,155.0,176.0,0.40789000709236783,66.28355506905146,64.19395261576419,0.0,0.2913432553466185,0.7824341488362143,0.00788648215671199,0.2514243942078766,0.19662273751211465,1846.9,5.904855798319366,0.8038183092082951,0.06907704794560116,0.019423333671065135,0.06666821117227066,1.5517616116031059
Track_17404,1150,1150,5,0,0,0,0,0,4.0,154.0,158.0,0.8508255927301268,510.37553749199435,611.1625751625028,0.0,0.5423294514520793,0.7586310441102768,0.3135746750385358,0.5898486867901143,0.18493497273293516,2349.6,2.169317805808318,0.8508255927301268,0.39220882733366835,0.2127063981825317,0.3922088273336684,2.3048440591540214
Track_17405,1151,1151,11,1,0,0,0,10,20.0,153.0,173.0,0.33786447893461585,51.99939801435042,65.878853421623,0.0,0.14227697280331142,0.20800069126396592,0.02956625843168287,0.1583659093904866,0.05403092185487856,1617.4545454545455,1.7184323123499428,0.33786447893461585,0.1966120379059847,0.016893223946730793,0.11873477214112903,1.7251792973606532
Track_17406,1152,1152,3,0,0,0,0,0,2.0,156.0,158.0,0.6482678332462992,15.224907150168626,339.3342177567141,0.0,0.9184707127810159,0.9665747160938901,0.8703667094681415,0.9665747160938901,0.0680293338895071,2416.0,1.8369414255620318,0.9665747160938901,0.3529060993591316,0.3241339166231496,0.3529060993591316,2.4275653578603906
Track_17407,1153,1153,8,3,0,0,0,5,17.0,152.0,169.0,3.6150809729918407,493.0225487039163,619.7620316867594,0.0,0.7551756171913167,1.2765199280707726,0.2224489306386601,0.8471263358906186,0.401761363945951,1683.625,9.463518708159226,3.7632035823302363,0.3820017780357957,0.2126518219406965,0.28159254231697894,0.9720789984775449
Track_17408,1154,1154,6,0,0,0,0,0,5.0,152.0,157.0,0.518561479384574,12.502461975549027,480.06343818779334,0.0,0.9056035497220469,1.1662022496612687,0.4942106028374265,1.026193705287116,0.2736278350373051,1789.1666666666667,4.528017748610234,1.1005047578414076,0.11452284601661154,0.1037122958769148,0.11452284601661154,2.2533496801935162
Track_17409,1155,1155,2,0,0,0,0,0,1.0,158.0,159.0,0.5217277971474664,59.21428375905769,79.00867671913797,0.0,0.5217277971474664,0.5217277971474664,0.5217277971474664,0.5217277971474664,NaN,1697.5,0.5217277971474664,0.5217277971474664,1.0,0.5217277971474664,1.0,NaN
Track_17410,1156,1156,11,1,0,0,0,8,18.0,158.0,176.0,0.5722752806975966,383.24880026839696,136.5645318303831,0.0,0.40193101816503435,1.0820783555563063,0.04438960974143743,0.24393889713208466,0.32320226785947903,2168.909090909091,4.374427059581843,1.5162310434263246,0.13082291072703384,0.03179307114986648,0.07910081509760993,1.3254437216447656
Track_17411,1157,1157,15,2,0,0,0,4,19.0,157.0,176.0,8.448647191844115,102.84442960054224,195.17408546666013,0.0,1.0867316822716933,2.2399179717742688,0.4174853469837826,1.0532544393424088,0.5071458873386807,1939.9333333333334,19.110957701498133,8.979032977055637,0.4420839250343699,0.44466564167600603,0.40917702955570534,1.328351346328538
Track_17412,1158,1158,4,0,0,0,0,0,3.0,157.0,160.0,0.47474817081993287,48.14928600763815,355.70089158206923,0.0,0.5199713742435648,0.627067428371515,0.4162451158770478,0.5166015784821316,0.10545154576384368,1687.5,1.5599141227306945,0.7165712086346361,0.3043425044379151,0.15824939027331095,0.30434250443791516,2.2405430343853716
Track_17413,1159,1159,2,0,0,0,0,0,1.0,158.0,159.0,1.1725064449898317,483.89415549351986,137.71124432547083,0.0,1.1725064449898317,1.1725064449898317,1.1725064449898317,1.1725064449898317,NaN,1609.0,1.1725064449898317,1.1725064449898317,1.0,1.1725064449898317,1.0,NaN
Track_17414,1160,1160,9,2,0,0,0,6,19.0,157.0,176.0,8.298031974396475,161.31329713506764,597.6657257591276,0.0,0.6221763985762662,1.7013063372327537,0.08752806907048971,0.4444960112185015,0.5589448915750105,2053.222222222222,11.109723589084625,8.298031974396475,0.7469161503306296,0.4367385249682355,0.7019528962648368,1.3798785953509853
Track_17415,1161,1161,4,0,0,0,0,0,3.0,157.0,160.0,0.32617202610979507,293.8050079105521,362.45934686135683,0.0,0.2589453588238354,0.4703601520064,0.08168472055312934,0.2247912039119769,0.196575755059351,1626.75,0.7768360764715063,0.5450674399926974,0.419872397779609,0.10872400870326503,0.4198723977796091,1.7401996213334843
Track_17416,1162,1162,3,0,0,0,0,0,2.0,157.0,159.0,3.3856934969136816,122.2044783726629,620.3754300781513,0.0,1.8135089399610966,2.2762795191915615,1.350738360730632,2.2762795191915615,0.6544564294149762,2815.3333333333335,3.6270178799221933,3.3856934969136816,0.9334647936685416,1.6928467484568408,0.9334647936685416,0.7600632327726694
Track_17417,1163,1163,20,0,0,0,0,0,19.0,157.0,176.0,1.228438785086189,115.28318596655087,237.78767642918893,0.0,0.3569022944572772,0.8051094502109576,0.09994839047712394,0.3167068598427824,0.19998406910390115,1804.35,6.781143594688268,1.4311890417444002,0.18115510576246113,0.06465467289927311,0.18115510576246116,1.9744890190184374
Track_17418,1164,1164,2,0,0,0,0,0,1.0,158.0,159.0,0.82052396573969,465.18088433110347,469.3717337236608,0.0,0.82052396573969,0.82052396573969,0.82052396573969,0.82052396573969,NaN,2164.0,0.82052396573969,0.82052396573969,1.0,0.82052396573969,1.0,NaN
Track_17419,1165,1165,16,2,0,0,0,1,17.0,153.0,170.0,2.8925349990589098,223.79030655795063,627.6832145893268,0.0,1.235871587134894,2.4707349642127174,0.39715525977303107,1.17087408525511,0.6167331313887061,1760.1875,20.963487690725202,2.8925349990589098,0.13797966453543145,0.17014911759170057,0.13767540201013537,1.5291525954137275
Track_17420,1166,1166,3,0,0,0,0,0,2.0,157.0,159.0,2.206870160537911,474.93325431159616,629.0026402288299,0.0,1.9340252143134082,2.218215027644615,1.6498354009822016,2.218215027644615,0.40190508830127064,1800.0,3.8680504286268165,2.218215027644615,0.5705381047271828,1.1034350802689554,0.5705381047271828,1.9592333482827227
Track_17421,1167,1167,3,0,0,0,0,0,2.0,158.0,160.0,1.025544468803518,173.17490380697484,549.9079189564281,0.0,3.895799690473762,4.3205347283995845,3.47106465254794,4.3205347283995845,0.6006660510497489,2542.6666666666665,7.791599380947524,4.3205347283995845,0.1316218171215578,0.512772234401759,0.1316218171215578,2.9930847788130897
Track_17422,1168,1168,13,1,0,0,0,2,14.0,158.0,172.0,6.756496512564244,146.9931257925301,46.75773248925906,0.0,0.8827653119221027,2.8820375531562488,0.19363242036246492,0.5123103788677721,0.9265864361335595,2419.153846153846,15.785983278356014,9.681760912404467,0.42800606040347206,0.4826068937545888,0.54669897790136,1.1528696283157869
Track_17423,1169,1169,4,0,0,0,0,0,3.0,158.0,161.0,0.31265552404805136,281.4041050173656,644.7230299545145,0.0,0.3331480358204949,0.42624325571675514,0.15558617978532985,0.4176146719593996,0.153833587533425,1652.0,0.9994441074614846,0.31265552404805136,0.31282942359045335,0.10421850801601712,0.31282942359045335,2.601919927654993
Track_17424,1170,1170,4,0,0,0,0,0,3.0,158.0,161.0,1.766255839833116,237.50393437395903,120.26019804447908,0.0,1.785623159057275,2.2817416419134458,0.8787648433946881,2.196362991863692,0.7865216983566747,1898.0,5.356869477171826,2.42079710155832,0.3297179159133845,0.5887519466110387,0.32971791591338456,1.3667805453239796
Track_17425,1171,1171,4,0,0,0,0,0,3.0,160.0,163.0,2.3607558466512417,185.32541525140263,40.5895429233514,0.0,1.0879227610255198,1.928385712610873,0.22957741574281673,1.1058051547228693,0.8495453150834255,1667.75,3.263768283076559,2.3607558466512417,0.723322136222826,0.7869186155504139,0.7233221362228259,1.5252194751496222
Track_17426,1172,1172,4,1,0,0,0,1,4.0,160.0,164.0,0.36512596249665746,139.48015086189378,7.059607947627311,0.0,0.32294585859054303,0.5176034607435328,0.15830653707443273,0.2929275779536635,0.18151967584483955,1659.75,1.1271441128460618,0.5423451415469391,0.32393902282353854,0.09128149062416437,0.2826526124922334,1.229835010305186
Track_17427,1173,1173,12,3,0,0,0,3,18.0,153.0,171.0,2.8834942425672363,488.9956151851223,118.77936207243647,0.0,0.5682299354589726,0.9348789455555171,0.11472531614149924,0.6310103970678774,0.27694981111031475,2036.9166666666667,8.113288568257282,3.479156682189584,0.35540388072091034,0.1601941245870687,0.28191778466876466,1.2764114096269208
Track_17428,1174,1174,15,2,0,0,0,1,16.0,160.0,176.0,1.9877291523628269,90.51830738507797,506.5064530491816,0.0,0.5926764308561738,0.975148026533889,0.08678562518873563,0.6381066527615586,0.2824675010046372,1880.2,9.113752220224312,2.0239143512330005,0.21810217178736335,0.12423307202267668,0.20961365351277925,1.7251624239336079
Track_17429,1175,1175,8,0,0,0,0,0,7.0,160.0,167.0,0.8395386427065933,98.50049868939958,381.17435935524827,0.0,2.6160308817032054,4.802551781029961,0.15606125437896395,3.6455273293555823,2.061796439705308,2707.25,18.312216171922437,8.516352192722913,0.04584582416593751,0.11993409181522761,0.04584582416593751,1.433529155536488
Track_17430,1176,1176,8,2,0,0,0,11,23.0,152.0,175.0,1.8504408289431882,422.7408577353391,612.7667384519707,0.0,0.7091383130144437,1.5074886648981973,0.0775166706508214,0.6269250884330109,0.50621826861949,1634.125,6.884534416465285,2.1685911600040986,0.2687822758961901,0.08045394908448644,0.11345311289484335,1.544973194813977
Track_17431,1177,1177,2,0,0,0,0,0,1.0,152.0,153.0,1.6605199763743368,309.68116300289256,495.5831555108813,0.0,1.6605199763743368,1.6605199763743368,1.6605199763743368,1.6605199763743368,NaN,2220.5,1.6605199763743368,1.6605199763743368,1.0,1.6605199763743368,1.0,NaN
Track_17432,1178,1178,5,1,0,0,0,8,12.0,152.0,164.0,0.4327279568222703,581.3614740872708,613.0498673732006,0.0,0.1991037722546629,0.2706034562102513,0.047561770994576,0.2622639769284149,0.1038450771309015,1630.6,1.1769092569752595,0.6846961470585538,0.36768166641361283,0.03606066306852252,0.1811149164085112,1.367432766652138
Track_17433,1179,1179,2,0,0,0,0,0,1.0,152.0,153.0,0.40204597922228547,129.23875745417666,470.47789246473474,0.0,0.40204597922228547,0.40204597922228547,0.40204597922228547,0.40204597922228547,NaN,1991.5,0.40204597922228547,0.40204597922228547,1.0,0.40204597922228547,1.0,NaN
Track_17434,1180,1180,6,0,0,0,0,0,5.0,162.0,167.0,2.042717536136936,484.6905893603837,93.73193846932736,0.0,0.44721540755113165,0.6251121036300329,0.08171026094569503,0.6120986186698062,0.24722859815151885,1697.5,2.236077037755658,2.042717536136936,0.9135273524329035,0.4085435072273872,0.9135273524329034,1.3778621838455307
Track_17435,1181,1181,2,0,0,0,0,0,1.0,162.0,163.0,0.3284006210308714,548.0433051795699,600.8832200787274,0.0,0.3284006210308714,0.3284006210308714,0.3284006210308714,0.3284006210308714,NaN,1658.5,0.3284006210308714,0.3284006210308714,1.0,0.3284006210308714,1.0,NaN
Track_17436,1182,1182,2,0,0,0,0,0,1.0,159.0,160.0,0.4240629561274807,617.532056733282,379.03067900269366,0.0,0.4240629561274807,0.4240629561274807,0.4240629561274807,0.4240629561274807,NaN,1601.5,0.4240629561274807,0.4240629561274807,1.0,0.4240629561274807,1.0,NaN
Track_17437,1183,1183,7,0,0,0,0,0,6.0,164.0,170.0,1.6305944154030825,452.31733443440345,439.5223484594845,0.0,0.5452530758914992,1.2260377167402492,0.17298662886301192,0.5075848162978795,0.41707008377601856,3094.4285714285716,3.2715184553489953,1.6305944154030825,0.4984212797996079,0.2717657359005137,0.4984212797996079,1.7611047854950077
Track_17438,1184,1184,2,0,0,0,0,0,1.0,164.0,165.0,1.42622430050905,230.10255726087277,639.1467682929064,0.0,1.42622430050905,1.42622430050905,1.42622430050905,1.42622430050905,NaN,1650.0,1.42622430050905,1.42622430050905,1.0,1.42622430050905,1.0,NaN
Track_17439,1185,1185,4,0,0,0,0,0,3.0,164.0,167.0,0.42327303055085214,149.04585144775547,30.34251845045089,0.0,0.3152273596501537,0.4418830175682057,0.21081735837809193,0.2929817030041633,0.11712807794866661,1673.25,0.945682078950461,0.5024491532849306,0.44758491249047455,0.1410910101836174,0.44758491249047455,1.2275369612742104
Track_17440,1186,1186,7,1,0,0,0,3,9.0,164.0,173.0,2.403499963651015,207.48115303090407,73.05698839942795,0.0,1.125218958009047,1.8788768892256726,0.2785177530146511,1.1899646421072088,0.6658170474140453,1715.2857142857142,7.5868670070982365,2.6585746757985036,0.3167974292158162,0.26705555151677945,0.23733651980882486,1.2878679812049922
Track_17441,1187,1187,13,1,0,0,0,1,13.0,163.0,176.0,0.8934589285903456,425.1477751018135,563.1337257334895,0.0,0.3396196682145122,0.7040431482264744,0.11482196352731656,0.36419465067108314,0.16478804621664842,1680.2307692307693,4.190257982101463,1.029030810211731,0.21322289281631904,0.06872760989156504,0.2023664007826395,2.0798873292100777
Track_17442,1188,1188,2,0,0,0,0,0,1.0,164.0,165.0,0.49378078829134003,213.65986662718623,149.73722255641343,0.0,0.49378078829134003,0.49378078829134003,0.49378078829134003,0.49378078829134003,NaN,1642.0,0.49378078829134003,0.49378078829134003,1.0,0.49378078829134003,1.0,NaN
Track_17443,1189,1189,5,0,0,0,0,0,4.0,166.0,170.0,0.5106558223779161,409.90300885105796,370.95918863828126,0.0,0.3396062363323698,0.43229374515341146,0.19634672606144718,0.365069066796279,0.10065301415813273,1882.8,1.3584249453294792,0.5504381725188231,0.37591758317870044,0.12766395559447902,0.37591758317870044,2.02937358256513
Track_17444,1190,1190,2,0,0,0,0,0,1.0,166.0,167.0,0.8273589205064548,263.0026869083522,629.3572481930544,0.0,0.8273589205064548,0.8273589205064548,0.8273589205064548,0.8273589205064548,NaN,1845.0,0.8273589205064548,0.8273589205064548,1.0,0.8273589205064548,1.0,NaN
Track_17445,1191,1191,7,1,0,0,0,1,7.0,165.0,172.0,5.113112518942878,471.3837739426785,438.00209932277824,0.0,1.387067779026419,1.9992255067423688,0.5461239209154538,1.4935610376187003,0.544794637052329,1857.0,8.868530595073969,5.113112518942878,0.5765456254706907,0.7304446455632683,0.526610636198302,1.4194082130396548
Track_17446,1192,1192,7,1,0,0,0,2,8.0,166.0,174.0,2.421068579965091,318.5581947122034,444.41105187449426,0.0,0.7058002567447472,1.4707424526830724,0.1956518929624994,0.7141299790736633,0.46365863478034297,1656.0,4.626105326393483,2.421068579965091,0.5233492125983562,0.3026335724956364,0.4287807628342701,1.6801418685137264
Track_17447,1193,1193,9,1,0,0,0,2,10.0,166.0,176.0,0.6752370808722916,196.52360528711944,451.488792888349,0.0,0.45033667408163935,1.0650530989000824,0.18914593696096696,0.31009111615725715,0.31097939441633304,1635.7777777777778,4.0431489007399914,1.4058339717720763,0.16700772033122682,0.06752370808722916,0.149940504456868,1.5425799640579037
Track_17448,1194,1194,6,0,0,0,0,0,5.0,165.0,170.0,2.7392683652585883,469.3465796455121,508.0827258808386,0.0,1.2387250331159692,3.1317443079042904,0.18976132681680988,1.0374193654717394,1.15769896320113,2887.5,6.193625165579846,2.7392683652585883,0.4422722221683137,0.5478536730517176,0.4422722221683137,2.196215501771655
Track_17449,1195,1195,2,0,0,0,0,0,1.0,167.0,168.0,0.4193450301531167,208.06391933557333,460.28400102833757,0.0,0.4193450301531167,0.4193450301531167,0.4193450301531167,0.4193450301531167,NaN,1602.5,0.4193450301531167,0.4193450301531167,1.0,0.4193450301531167,1.0,NaN
Track_17450,1196,1196,4,0,0,0,0,0,3.0,167.0,170.0,0.28061504901005996,56.4362084262502,419.8695596900702,0.0,3.81475105532095,5.740489313134508,0.6499079219823062,5.053855930846035,2.7622527752540678,2199.75,11.44425316596285,5.740489313134508,0.024520171385639798,0.09353834967001999,0.0245201713856398,1.7009542592745777
Track_17451,1197,1197,2,0,0,0,0,0,1.0,167.0,168.0,1.0637563955834066,246.75788817410626,60.73973766865241,0.0,1.0637563955834066,1.0637563955834066,1.0637563955834066,1.0637563955834066,NaN,2460.5,1.0637563955834066,1.0637563955834066,1.0,1.0637563955834066,1.0,NaN
Track_17452,1198,1198,10,0,0,0,0,0,9.0,167.0,176.0,0.6172322845935285,194.02089011360295,273.825755743585,0.0,0.5023603231329616,0.9069655474074378,0.14400273109789652,0.5348964984883738,0.2461408465459896,1707.7,4.521242908196655,0.7257938917696142,0.13651827542256917,0.06858136495483651,0.13651827542256917,1.456990431904205
Track_17453,1199,1199,2,0,0,0,0,0,1.0,168.0,169.0,0.5376103796237498,298.0744951982657,487.87885746036864,0.0,0.5376103796237498,0.5376103796237498,0.5376103796237498,0.5376103796237498,NaN,1927.5,0.5376103796237498,0.5376103796237498,1.0,0.5376103796237498,1.0,NaN
Track_17454,1200,1200,9,0,0,0,0,0,8.0,168.0,176.0,0.29218343173305455,242.05715011956758,82.65780770506761,0.0,0.7177612735274272,1.363845428888777,0.3011953627626231,0.7350571524230181,0.357808617793605,1689.2222222222222,5.742090188219418,1.363845428888777,0.05088450758445133,0.03652292896663182,0.05088450758445133,1.8906503215070278
Track_17455,1201,1201,6,1,0,0,0,3,8.0,168.0,176.0,1.0407852141549472,204.68184098622518,421.36436137152845,0.0,0.7766405502790603,1.2749070844921118,0.11518057975893504,0.7525373810236349,0.47411010482009364,1827.6666666666667,4.228744490672106,1.0407852141549472,0.2461215655026552,0.1300981517693684,0.16751398278472826,1.8274465697260736
Track_17456,1202,1202,2,0,0,0,0,0,1.0,169.0,170.0,0.7178232117643173,412.3660374904348,214.06622697764925,0.0,0.7178232117643173,0.7178232117643173,0.7178232117643173,0.7178232117643173,NaN,1680.5,0.7178232117643173,0.7178232117643173,1.0,0.7178232117643173,1.0,NaN
Track_17457,1203,1203,7,0,0,0,0,0,6.0,169.0,175.0,1.1588268909085,41.23837076924234,546.2061161149695,0.0,4.314215124655687,6.413859240201096,0.7727487271463335,6.031399017046444,2.7536957677251794,2811.4285714285716,25.88529074793412,6.838180069849461,0.044767775729966826,0.19313781515141668,0.04476777572996683,2.423280584577906
Track_17458,1204,1204,6,1,0,0,0,2,7.0,169.0,176.0,0.20515595750089397,610.5521978414773,497.155278482185,0.0,0.421779125198731,0.5496327340655014,0.32591054501166994,0.4028145906928941,0.09906525070960512,1659.5,3.102368617338434,0.8753989391239365,0.06612881407912777,0.02930799392869914,0.06948659186224543,1.2321337043226754
Track_17459,1205,1205,7,0,0,0,0,0,6.0,170.0,176.0,12.361256877842461,141.22755422831565,69.55742668042372,0.0,2.5736789593704175,11.696471515434283,0.42397198208172177,0.7646873309845251,4.481541371066455,1822.7142857142858,15.442073756222506,13.073403612998332,0.800492024127355,2.06020947964041,0.800492024127355,1.801905620454851
Track_17460,1206,1206,2,0,0,0,0,0,1.0,170.0,171.0,0.31418541775497305,92.56374007982873,434.14595165790587,0.0,0.31418541775497305,0.31418541775497305,0.31418541775497305,0.31418541775497305,NaN,2128.5,0.31418541775497305,0.31418541775497305,1.0,0.31418541775497305,1.0,NaN
Track_17461,1207,1207,6,1,0,0,0,1,6.0,170.0,176.0,2.482730116254848,221.35006996675256,562.8875006046576,0.0,0.7992647071650862,1.5026181245510943,0.22764584569138246,0.8579814009822212,0.5551062758352785,1755.5,4.223969381516814,2.5503603902892813,0.5877718070397819,0.4137883527091413,0.5177112776276688,1.593366804964965
Track_17462,1208,1208,6,1,0,0,0,3,8.0,165.0,173.0,0.7387100807089381,391.36309695539313,115.64604486105104,0.0,0.733986263825992,1.545404924747246,0.280597493829194,0.5979347738350337,0.489588754525402,1738.3333333333333,5.056678873116407,1.545404924747246,0.14608601796650664,0.09233876008861726,0.12580447978316422,1.929826509092962
Track_17463,1209,1209,2,0,0,0,0,0,1.0,154.0,155.0,0.6362682579593831,206.9906306292276,528.6276061374829,0.0,0.6362682579593831,0.6362682579593831,0.6362682579593831,0.6362682579593831,NaN,1645.5,0.6362682579593831,0.6362682579593831,1.0,0.6362682579593831,1.0,NaN
Track_17464,1210,1210,2,0,0,0,0,0,1.0,165.0,166.0,2.5657209388759554,354.52938670177355,411.8331708497549,0.0,2.5657209388759554,2.5657209388759554,2.5657209388759554,2.5657209388759554,NaN,2166.5,2.5657209388759554,2.5657209388759554,1.0,2.5657209388759554,1.0,NaN
Track_17465,1211,1211,3,0,0,0,0,0,2.0,174.0,176.0,0.5476444192704841,360.7769779150619,474.17485478005284,0.0,0.27480783017348964,0.33791658954256476,0.21169907080441458,0.33791658954256476,0.08924926340428611,2686.3333333333335,0.5496156603469793,0.5476444192704841,0.9964134190149336,0.27382220963524206,0.9964134190149336,0.17410413434880936
Track_17466,1212,1212,3,0,0,0,0,0,2.0,174.0,176.0,0.9186513298990252,285.8029896952485,644.0768055355265,0.0,0.8796343005578986,1.3062054729805765,0.45306312813522065,1.3062054729805765,0.6032627373575431,1918.0,1.7592686011157972,1.3062054729805765,0.5221779831211564,0.4593256649495126,0.5221779831211564,2.6950257037928464
Track_17467,1213,1213,3,0,0,0,0,0,2.0,174.0,176.0,0.24464836935191023,306.8884534391187,491.5507689756567,0.0,0.940253864050141,0.9712896322056312,0.9092180958946507,0.9712896322056312,0.043891204244161326,1948.0,1.880507728100282,0.9092180958946507,0.13009697630918954,0.12232418467595511,0.13009697630918954,2.889105312131075
Track_17468,1214,1214,2,0,0,0,0,0,1.0,174.0,175.0,0.31190084898833925,100.42542263953561,232.65264027694582,0.0,0.31190084898833925,0.31190084898833925,0.31190084898833925,0.31190084898833925,NaN,1641.0,0.31190084898833925,0.31190084898833925,1.0,0.31190084898833925,1.0,NaN
Track_17469,1215,1215,3,0,0,0,0,0,2.0,174.0,176.0,1.072004772651162,151.80641554297068,410.3057117620811,0.0,0.5929563367178794,0.8767776487582237,0.3091350246775352,0.8767776487582237,0.40138394877798106,2564.3333333333335,1.1859126734357588,1.072004772651162,0.903949166463843,0.536002386325581,0.903949166463843,1.0174397151294168
Track_17470,1216,1216,3,0,0,0,0,0,2.0,174.0,176.0,1.9166941425889055,267.10408186890265,351.3648965329749,0.0,1.001337084404644,1.1824976385775574,0.8201765302317306,1.1824976385775574,0.2561997126783599,1892.0,2.002674168809288,1.9166941425889055,0.9570673914112034,0.9583470712944527,0.9570673914112034,0.5983440299132121
Track_17471,1217,1217,5,0,0,0,0,0,4.0,172.0,176.0,0.6571819064143137,725.5522067922919,24.914985555764623,0.0,0.49123924228368143,0.7636046769031278,0.27553202217756434,0.604472471081754,0.23266385007546592,1692.0,1.9649569691347257,0.7723377259679135,0.33445104230638983,0.16429547660357843,0.33445104230638983,1.9380193499476484
Track_17472,1218,1218,6,0,0,0,0,0,5.0,171.0,176.0,2.1864202192613815,27.34714207675188,523.744640284243,0.0,0.8301718220429735,1.5415791858939412,0.32232850977922256,0.8702826839855379,0.5102145653069076,1804.3333333333333,4.150859110214867,2.1864202192613815,0.5267392029473635,0.4372840438522763,0.5267392029473634,1.1562942715023525
Track_17473,1219,1219,3,0,0,0,0,0,2.0,173.0,175.0,1.0469270366804337,212.07087767594916,135.58950811435523,0.0,0.9402580416841635,1.0596246320477858,0.8208914513205411,1.0596246320477858,0.1688098509864683,1748.3333333333333,1.880516083368327,1.0596246320477858,0.5567232558868669,0.5234635183402169,0.5567232558868669,1.9852888697494815
Track_17474,1220,1220,3,0,0,0,0,0,2.0,174.0,176.0,0.6357084477258343,28.665833343441804,554.5298196967726,0.0,0.6224475815425103,0.7365855947648268,0.5083095683201939,0.7365855947648268,0.16141552628131955,1744.6666666666667,1.2448951630850207,0.6357084477258343,0.5106521951217657,0.3178542238629172,0.5106521951217657,2.129292028603768
Track_17475,1221,1221,3,0,0,0,0,0,2.0,174.0,176.0,0.8623784153995937,185.61280104656524,570.9265761437247,0.0,0.5837901178250628,0.7682328509218639,0.3993473847282617,0.7682328509218639,0.26084141462665705,1747.0,1.1675802356501257,0.8623784153995937,0.7386031289913099,0.43118920769979685,0.7386031289913099,1.5805156378398664
Track_17476,1222,1222,3,0,0,0,0,0,2.0,173.0,175.0,0.49896718471790563,487.46805399813024,577.9973991796537,0.0,0.24958281383980419,0.3636001543800676,0.1355654732995408,0.3636001543800676,0.1612448693377522,1625.3333333333333,0.49916562767960837,0.49896718471790563,0.9996024506682778,0.24948359235895282,0.9996024506682778,0.06340130270545401
Track_17477,1223,1223,3,0,0,0,0,0,2.0,174.0,176.0,0.17257087837079246,380.7740295903698,469.84143853994857,0.0,0.8113945921598413,0.8857908424302761,0.7369983418894066,0.8857908424302761,0.10521218612215183,1877.0,1.6227891843196827,0.7369983418894066,0.10634214230552619,0.08628543918539623,0.10634214230552619,3.0333489864354597
Track_17478,1224,1224,6,0,0,0,0,0,5.0,171.0,176.0,1.2202928015678576,340.23758205135454,607.0176283472406,0.0,0.5549072680340736,1.0575533663216503,0.044987761628083586,0.4053769963101323,0.43362609838495714,1814.0,2.774536340170368,1.4633874995995846,0.4398186406500361,0.2440585603135715,0.4398186406500361,2.363272470574332
Track_17479,1225,1225,2,0,0,0,0,0,1.0,171.0,172.0,1.8963500026731213,145.99826921283523,638.2157893150309,0.0,1.8963500026731213,1.8963500026731213,1.8963500026731213,1.8963500026731213,NaN,1800.5,1.8963500026731213,1.8963500026731213,1.0,1.8963500026731213,1.0,NaN
Track_17480,1226,1226,2,0,0,0,0,0,1.0,171.0,172.0,7.158124944027942,259.2578918040391,585.1716346694473,0.0,7.158124944027942,7.158124944027942,7.158124944027942,7.158124944027942,NaN,2585.5,7.158124944027942,7.158124944027942,1.0,7.158124944027942,1.0,NaN
Track_17481,1227,1227,3,0,0,0,0,0,2.0,172.0,174.0,0.23299601228187233,861.7522354239609,307.34614767795864,0.0,0.23712283766548242,0.2545346516538108,0.2197110236771541,0.2545346516538108,0.024624023487811522,1624.0,0.47424567533096484,0.23299601228187233,0.491298127535417,0.11649800614093617,0.491298127535417,2.124072587598169
Track_17482,1228,1228,2,0,0,0,0,0,1.0,173.0,174.0,0.3967216843390257,347.7433742329015,463.5905856448227,0.0,0.3967216843390257,0.3967216843390257,0.3967216843390257,0.3967216843390257,NaN,1699.5,0.3967216843390257,0.3967216843390257,1.0,0.3967216843390257,1.0,NaN
Track_17483,1229,1229,3,0,0,0,0,0,2.0,172.0,174.0,1.246586640316572,237.41232565510995,5.9104565811422605,0.0,0.6918617137843487,0.9841127369806351,0.3996106905880623,0.9841127369806351,0.41330536062160217,1627.0,1.3837234275686974,1.246586640316572,0.9008929208540721,0.623293320158286,0.9008929208540721,0.9987136991158397
Track_17484,1230,1230,2,0,0,0,0,0,1.0,173.0,174.0,1.268647045346767,13.305769209724033,238.14873627893664,0.0,1.268647045346767,1.268647045346767,1.268647045346767,1.268647045346767,NaN,1759.0,1.268647045346767,1.268647045346767,1.0,1.268647045346767,1.0,NaN
Track_17485,1231,1231,2,0,0,0,0,0,1.0,172.0,173.0,0.2790595807153678,615.8499686222757,342.6011083061346,0.0,0.2790595807153678,0.2790595807153678,0.2790595807153678,0.2790595807153678,NaN,1872.5,0.2790595807153678,0.2790595807153678,1.0,0.2790595807153678,1.0,NaN
Track_17486,1232,1232,2,0,0,0,0,0,1.0,172.0,173.0,1.2257369936305829,592.6644980488718,365.0966379144327,0.0,1.2257369936305829,1.2257369936305829,1.2257369936305829,1.2257369936305829,NaN,2235.0,1.2257369936305829,1.2257369936305829,1.0,1.2257369936305829,1.0,NaN
Track_17487,1233,1233,2,0,0,0,0,0,1.0,175.0,176.0,1.0827486037893508,270.67215975177464,600.7306607528944,0.0,1.0827486037893508,1.0827486037893508,1.0827486037893508,1.0827486037893508,NaN,1697.5,1.0827486037893508,1.0827486037893508,1.0,1.0827486037893508,1.0,NaN
Track_17488,1234,1234,2,0,0,0,0,0,1.0,175.0,176.0,0.4036126806498359,167.79576879887662,407.4972247555146,0.0,0.4036126806498359,0.4036126806498359,0.4036126806498359,0.4036126806498359,NaN,1647.0,0.4036126806498359,0.4036126806498359,1.0,0.4036126806498359,1.0,NaN
Track_17489,1235,1235,2,0,0,0,0,0,1.0,175.0,176.0,1.235123582321097,67.59393856957388,221.0518332909116,0.0,1.235123582321097,1.235123582321097,1.235123582321097,1.235123582321097,NaN,1705.0,1.235123582321097,1.235123582321097,1.0,1.235123582321097,1.0,NaN
Track_17490,1236,1236,2,0,0,0,0,0,1.0,175.0,176.0,0.4292390818399098,696.6976166573453,245.06037676941204,0.0,0.4292390818399098,0.4292390818399098,0.4292390818399098,0.4292390818399098,NaN,1902.5,0.4292390818399098,0.4292390818399098,1.0,0.4292390818399098,1.0,NaN
Track_17491,1237,1237,2,0,0,0,0,0,1.0,175.0,176.0,0.345829015717799,489.2312142626937,115.41773343409332,0.0,0.345829015717799,0.345829015717799,0.345829015717799,0.345829015717799,NaN,1986.5,0.345829015717799,0.345829015717799,1.0,0.345829015717799,1.0,NaN
Track_17492,1238,1238,2,0,0,0,0,0,1.0,175.0,176.0,0.7986944992767775,14.58869122589698,150.7754053272106,0.0,0.7986944992767775,0.7986944992767775,0.7986944992767775,0.7986944992767775,NaN,2078.0,0.7986944992767775,0.7986944992767775,1.0,0.7986944992767775,1.0,NaN
Track_17493,1239,1239,2,0,0,0,0,0,1.0,175.0,176.0,0.710060045405475,45.663594417218114,154.93858959483276,0.0,0.710060045405475,0.710060045405475,0.710060045405475,0.710060045405475,NaN,1795.5,0.710060045405475,0.710060045405475,1.0,0.710060045405475,1.0,NaN
