LABEL,TRACK_INDEX,TRACK_ID,NUMBER_SPOTS,NUMBER_GAPS,NUMBER_SPLITS,NUMBER_MERGES,NUMBER_COMPLEX,LONGEST_GAP,TRACK_DURATION,TRACK_START,TRACK_STOP,TRACK_DISPLACEMENT,TRACK_X_LOCATION,TRACK_Y_LOCATION,TRACK_Z_LOCATION,TRACK_MEAN_SPEED,TRACK_MAX_SPEED,TRACK_MIN_SPEED,TRACK_MEDIAN_SPEED,TRACK_STD_SPEED,TRACK_MEAN_QUALITY,TOTAL_DISTANCE_TRAVELED,MAX_DISTANCE_TRAVELED,CONFINEMENT_RATIO,MEAN_STRAIGHT_LINE_SPEED,LINEARITY_OF_FORWARD_PROGRESSION,MEAN_DIRECTIONAL_CHANGE_RATE
Label,Track index,Track ID,Number of spots in track,Number of gaps,Number of split events,Number of merge events,Number of complex points,Longest gap,Track duration,Track start,Track stop,Track displacement,Track mean X,Track mean Y,Track mean Z,Track mean speed,Track max speed,Track min speed,Track median speed,Track std speed,Track mean quality,Total distance traveled,Max distance traveled,Confinement ratio,Mean straight line speed,Linearity of forward progression,Mean directional change rate
Label,Index,ID,N spots,N gaps,N splits,N merges,N complex,Lgst gap,Duration,Track start,Track stop,Track disp.,Track X,Track Y,Track Z,Mean sp.,Max speed,Min speed,Med. speed,Std speed,Mean Q,Total dist.,Max dist.,Cfn. ratio,Mn. v. line,Fwd. progr.,Mn. γ rate
,,,,,,,,,(frame),(frame),(frame),(µm),(µm),(µm),(µm),(µm/frame),(µm/frame),(µm/frame),(µm/frame),(µm/frame),(quality),(µm),(µm),,(µm/frame),,(rad/frame)
Track_837,0,0,195,0,0,0,0,0,194.0,0.0,194.0,4.980911943936045,150.97169903026978,194.15236581552844,0.0,0.20727108613860815,1.0091939236437963,0.012018515962430159,0.17045451397929648,0.15606442952928337,1877.9846153846154,40.21059071089001,5.370068850712869,0.12387064840077298,0.02567480383472188,0.12387064840077308,1.9823832111092798
Track_838,1,1,2,0,0,0,0,0,1.0,9.0,10.0,0.14302738344577595,549.2719556044735,15.626782661361093,0.0,0.14302738344577595,0.14302738344577595,0.14302738344577595,0.14302738344577595,NaN,2228.5,0.14302738344577595,0.14302738344577595,1.0,0.14302738344577595,1.0,NaN
Track_839,2,2,23,1,0,0,0,3,25.0,0.0,25.0,26.5687902943576,268.99846340979826,350.7419468265038,0.0,1.092858006299934,6.566805230758671,0.19649444053667486,0.7686296109931853,1.3542613986295233,1752.9565217391305,43.74329183087456,26.5687902943576,0.6073797645838125,1.062751611774304,0.9724516869052728,1.5022711686251262
Track_840,3,3,195,0,0,0,0,0,194.0,0.0,194.0,15.657982590010759,406.29741833257935,191.8525944145193,0.0,0.6791198941845129,5.532642401712803,0.030217013400745837,0.4850774523862895,0.6387613676333537,3696.266666666667,131.7492594717955,25.376342407024538,0.11884683566940862,0.08071125046397298,0.11884683566940862,1.3957064935003394
Track_841,4,4,195,0,0,0,0,0,194.0,0.0,194.0,0.8967993401621979,219.18546611085762,352.07144382034244,0.0,0.0960999579096382,0.29022131311750365,0.0026788894570571016,0.08587418199457629,0.05683102747863938,2931.4871794871797,18.64339183446982,0.9595644375856479,0.04810279954016216,0.00462267701114535,0.04810279954016219,1.886710206439962
Track_842,5,5,194,1,0,0,0,1,194.0,0.0,194.0,6.936509453954288,93.8296909826023,209.4437144944304,0.0,0.535621040148506,3.4906434211633925,0.031917322317979446,0.4076992304118022,0.5225924002722043,5551.742268041237,103.54215863754494,12.343225375539891,0.06699212712220849,0.035755203370898395,0.06675466550190957,1.5347421777507633
Track_843,6,6,195,0,0,0,0,0,194.0,0.0,194.0,0.50829150436923,735.3474962936658,206.7840172478528,0.0,0.3323457931670264,1.4502363472369495,0.007497159992577456,0.2116377370894306,0.31054329659749186,3616.702564102564,64.47508387440314,4.597190569328819,0.007883533821520529,0.0026200593008723193,0.00788353382152053,1.8916961133012042
Track_844,7,7,195,0,0,0,0,0,194.0,0.0,194.0,2.0441053253110697,836.4012835383143,362.5973961678466,0.0,0.34524729999868786,1.2187480608470729,0.028894899702343654,0.2777147744142906,0.2424519463874628,5611.523076923077,66.97797619974546,2.7273860465987694,0.030519066733444213,0.01053662538820139,0.030519066733444216,1.9172468288511237
Track_845,8,8,15,1,0,0,0,1,15.0,4.0,19.0,0.07160593875106765,461.9570845937661,16.933345009138087,0.0,0.11897219717860699,0.2019750694991172,0.03945506780962647,0.12836523513006926,0.05014998002948328,1684.0,1.7443060784154447,0.23935860501603862,0.04105124647396494,0.004773729250071176,0.04012474648093299,2.0425246137498485
Track_846,9,9,192,3,0,0,0,1,194.0,0.0,194.0,4.7571729980696835,50.61773765637178,366.6373498962502,0.0,0.4772193360089374,4.556584670362826,0.03799844744248811,0.2972904837458806,0.6630912134097935,5670.151041666667,94.91508949526472,15.194408346909576,0.05012030250792754,0.024521510299328267,0.0513841507437767,1.3373413937466958
Track_847,10,10,152,0,0,0,0,0,151.0,0.0,151.0,1.6072715090158936,675.3684263742147,209.74709775614633,0.0,0.5392653981326894,3.399155498194867,0.024880818695081217,0.37112249236581,0.5051342323549696,1942.2236842105262,81.42907511803607,3.654631325786308,0.0197382999461318,0.010644182178913202,0.019738299946131792,1.8736419279449539
Track_848,11,11,162,9,0,0,0,7,182.0,0.0,182.0,2.78542919026805,356.6674393988039,362.03609928843747,0.0,0.6123005049184174,6.644500275009462,0.016247910555743247,0.23918723070489456,0.8895015790682707,4682.351851851852,112.49237628694952,9.460485759206655,0.024761048545751035,0.015304555990483791,0.02499517127218924,1.7267802502864544
Track_849,12,12,195,0,0,0,0,0,194.0,0.0,194.0,13.33929235836401,765.8130848219091,212.44304902564252,0.0,0.48401175661722173,7.162981606761164,0.013268173269794084,0.20266185907760537,0.9417615708658573,2889.2871794871794,93.89828078374097,14.51644780795287,0.1420610925676691,0.06875923896063924,0.14206109256766905,1.8458458463377014
Track_850,13,13,195,0,0,0,0,0,194.0,0.0,194.0,2.131148504171646,710.7755300074504,365.8107563368215,0.0,0.30224311255683367,1.0559852981866664,0.009937711039694186,0.2664832135541223,0.17316783752180032,5129.343589743589,58.63516383602574,4.048157256182755,0.036345911987752604,0.010985301567895081,0.036345911987752604,1.528021825283846
Track_851,14,14,195,0,0,0,0,0,194.0,0.0,194.0,7.769395323278881,458.7259325359821,363.6272891886042,0.0,0.8584963815094866,6.388949182594346,0.05390489692002929,0.6101671105370132,0.9138192467714193,3065.230769230769,166.5482980128403,12.877261195663001,0.046649502972884706,0.040048429501437534,0.04664950297288468,1.546319993157149
Track_852,15,15,184,5,0,0,0,5,194.0,0.0,194.0,27.594624092954156,614.4796761776992,212.5523887613593,0.0,1.264109660893735,5.800186659603244,0.07017626573676385,0.8755369024757428,1.2312767246134364,2609.157608695652,238.18744136855722,34.00366497957374,0.11585255685355744,0.14224033037605235,0.11252214485528682,1.5867338217803744
Track_853,16,16,195,0,0,0,0,0,194.0,0.0,194.0,11.612767660314649,499.83959966225734,215.8343613982257,0.0,0.8634278547292492,5.168415533245858,0.036214907062169475,0.5997413517956413,0.9041704892064195,3415.85641025641,167.50500381747435,17.370755610988024,0.06932788511183084,0.05985962711502396,0.06932788511183084,1.6347391799425894
Track_854,17,17,195,0,0,0,0,0,194.0,0.0,194.0,12.8195925882426,205.7922372794265,366.83756607899284,0.0,0.7758841835245105,4.6348983806385196,0.03842836989523371,0.6232864649951814,0.5959880634316571,1811.323076923077,150.52153160375508,13.261649018740696,0.08516783247987351,0.06608037416619897,0.08516783247987354,1.6175254435425552
Track_855,18,18,195,0,0,0,0,0,194.0,0.0,194.0,2.0187334672915522,750.2579195023601,368.19542203752326,0.0,0.9140607708114649,3.218717019481711,0.027568613130719243,0.7824605599476162,0.6464620778470277,1847.3435897435897,177.3277895374243,7.958347941761456,0.011384191234535785,0.010405842614904908,0.011384191234535792,1.744137539041379
Track_856,19,19,23,1,0,0,0,9,31.0,0.0,31.0,7.638899228569153,125.0742713143588,382.6344064990204,0.0,1.6282270136592245,5.853040055142595,0.05628958421325381,0.4757358465154927,2.185291125967587,3057.782608695652,36.32760055842222,7.638899228569153,0.21027811116465672,0.24641610414739204,0.15134013996832327,1.6676675707180988
Track_857,20,20,83,9,0,0,0,5,109.0,0.0,109.0,7.436863782029485,44.4008835730115,390.7347356966293,0.0,1.0749882347030055,17.85878705133875,0.09499846485822383,0.5737762080695014,2.4426593561868257,2170.156626506024,121.95512179010672,20.153270818759516,0.06098033172258929,0.06822810809201363,0.06346870215827384,1.5197195830741475
Track_858,21,21,11,0,0,0,0,0,10.0,0.0,10.0,0.36383678001888897,85.98326159023917,224.60421917812508,0.0,0.24465214971381194,0.5674071199326319,0.01614158952485115,0.2291211628240702,0.14550087312230606,1753.2727272727273,2.4465214971381193,0.849549900647998,0.14871595465010068,0.036383678001888894,0.14871595465010065,1.5294157702602513
Track_859,22,22,195,0,0,0,0,0,194.0,0.0,194.0,0.8834920537554509,366.1454449963985,385.1392839985495,0.0,0.1585532246618925,0.5534907450624088,0.013114993487580847,0.1503926772160874,0.09559125523268158,3093.3282051282054,30.75932558440714,1.1997806607132653,0.028722738128020613,0.004554082751316757,0.02872273812802061,1.8441983606332846
Track_860,23,23,178,7,0,0,0,6,194.0,0.0,194.0,2.9158494836827855,16.104727399105087,385.4211962309393,0.0,0.8691502991684275,3.421409312058344,0.0753925220383059,0.7175164830199308,0.6609741092559646,2346.4606741573034,160.20557523998664,12.412096331984612,0.018200674223196458,0.015030151977746316,0.017292926197145234,1.5654202636534904
Track_861,24,24,177,7,0,0,0,4,193.0,0.0,193.0,0.6556740405102304,448.21613752531573,228.9431890853856,0.0,0.7473905176756585,5.729885579582393,0.02713981035392346,0.45027084777730764,1.0223633474115372,2437.361581920904,138.37293487485553,5.782556008658949,0.004738455833889928,0.0033972748212965304,0.004545515016516211,1.7351204593404939
Track_862,25,25,71,6,0,0,0,5,84.0,0.0,84.0,4.512451661796548,308.0993700752143,395.30502246230765,0.0,1.4361572773674867,6.405178930403334,0.06867622913273241,0.7836630195760567,1.4908152491116957,3156.549295774648,113.90525065923896,5.733653969342107,0.03961583540425262,0.053719662640435095,0.037405139038047854,1.7000276016134657
Track_863,26,26,164,3,0,0,0,9,180.0,0.0,180.0,5.101130165339226,761.5981207037953,228.6160266990772,0.0,0.2255384089971031,1.8255852743396563,0.0026880338255220234,0.1446893817093911,0.25715632690329016,1811.9939024390244,40.03133617163696,6.09416130215139,0.12742842615764308,0.028339612029662366,0.1256531521867141,1.8456649625519492
Track_864,27,27,55,4,0,0,0,5,64.0,0.0,64.0,15.0771631816998,39.50172165134736,386.90669537698295,0.0,0.8568298448770346,3.1305428360165766,0.08055334585146276,0.5933490120696959,0.8301869258284738,2278.3454545454547,63.322963714802185,17.595940114555447,0.23809945550883002,0.23558067471405938,0.27494452500994293,1.6236921657091867
Track_865,28,28,195,0,0,0,0,0,194.0,0.0,194.0,2.3039104598142353,181.38891822698614,400.71866097995826,0.0,0.4407889555782285,1.6595754398657954,0.0509658065031283,0.3781567502283757,0.2794840105588305,5694.189743589744,85.51305738217636,2.5257647668524963,0.026942206609659163,0.011875827112444512,0.026942206609659174,1.977196113736658
Track_866,29,29,195,0,0,0,0,0,194.0,0.0,194.0,22.927463392534627,290.90179216666127,215.24899115861973,0.0,0.5370116993067475,4.940397967310193,0.015959608576166042,0.3667013442528774,0.6880996764178989,1819.4820512820513,104.18026966550897,22.927463392534627,0.22007490925246892,0.11818280099244653,0.2200749092524688,1.9306053148987856
Track_867,30,30,72,0,0,0,0,0,71.0,0.0,71.0,6.136388502130168,212.43182595539645,235.32047190375275,0.0,0.5890411972345636,1.828418522080531,0.03343408334179361,0.48613441117259215,0.43180839314536945,1936.6944444444443,41.821925003654016,7.695694789780329,0.14672659141333227,0.08642800707225588,0.14672659141333227,1.4901934656579117
Track_868,31,31,195,0,0,0,0,0,194.0,0.0,194.0,10.162403035859354,334.4694362765475,401.84316372181524,0.0,1.0710917563316318,5.326582673574881,0.00854358882159227,0.7462921002476726,0.9952541989631483,2034.6512820512821,207.79180072833645,10.307057109700589,0.04890666041797054,0.05238352080339873,0.04890666041797051,1.6531365791997923
Track_869,32,32,195,0,0,0,0,0,194.0,0.0,194.0,8.186972197505945,543.2363239483722,41.7618657984331,0.0,1.0306909523961052,8.327567839767674,0.028369551943088895,0.6065090849258171,1.1819414235035761,3928.948717948718,199.95404476484433,12.936462715780682,0.04094426900508175,0.04220088761601003,0.04094426900508174,1.5832291570726134
Track_870,33,33,28,1,0,0,0,3,30.0,6.0,36.0,0.8303517761104947,572.7183578378111,32.39346157851484,0.0,0.3588187961922518,0.9243666600423873,0.06700637790862467,0.3114843090451405,0.23133315171127103,1984.892857142857,10.711669689945559,2.359303663242535,0.07751842617868428,0.02767839253701649,0.07713752130807178,1.4952377755269315
Track_871,34,34,195,0,0,0,0,0,194.0,0.0,194.0,0.4832846893497164,283.0910292140251,37.58154929847452,0.0,0.33392013247545993,3.684651690186129,0.01164454913793806,0.12264561519632498,0.7625528185372846,2240.948717948718,64.78050570023926,4.2966186304274485,0.007460341411751768,0.0024911581925243114,0.007460341411751772,1.973372118076918
Track_872,35,35,195,0,0,0,0,0,194.0,0.0,194.0,0.3519122990815424,825.1873799583747,407.2999121256032,0.0,0.1114260265058167,0.5644185617634264,0.008478180711759762,0.09416397290805296,0.08038732704860682,3585.102564102564,21.616649142128438,0.9927506552207287,0.01627968778915436,0.001813980923100734,0.016279687789154357,1.8485500351546196
Track_873,36,36,195,0,0,0,0,0,194.0,0.0,194.0,5.829878096377156,263.104014290142,413.72982342620554,0.0,0.3723037540337733,1.2536750280791429,0.018228848054894886,0.3393374491107521,0.2278358308338274,5745.174358974359,72.226928282552,6.874678569018864,0.08071612949633761,0.03005091802256266,0.08071612949633758,1.5754965137604375
Track_874,37,37,195,0,0,0,0,0,194.0,0.0,194.0,4.261433862737597,415.98726347470074,409.91474527429085,0.0,0.24271559388465672,0.7853087900174152,0.014453927528141817,0.21081482811688615,0.15093203191929128,2442.0461538461536,47.08682521362335,4.948477998532393,0.09050161788152712,0.0219661539316371,0.09050161788152702,1.6840699107886032
Track_875,38,38,190,4,0,0,0,2,194.0,0.0,194.0,4.080311546401181,490.29845432355506,40.33659990056655,0.0,1.0105436514717192,4.912524117646719,0.04503875402910997,0.6243433938491567,0.9954026668045829,2270.2,193.11801582586273,5.2456858168327,0.021128590872021263,0.021032533744335984,0.020813087800517042,1.8406787722669287
Track_876,39,39,195,0,0,0,0,0,194.0,0.0,194.0,0.24350285100158808,461.2749489798507,42.40686228414993,0.0,0.14616366507414946,0.5843006812838154,0.005533061343554881,0.12880876792735305,0.09239798416751911,3035.174358974359,28.355751024385,0.6119372016035255,0.008587423792520386,0.0012551693350597323,0.008587423792520388,1.9326854009731438
Track_877,40,40,190,5,0,0,0,1,194.0,0.0,194.0,19.672116578891398,675.5059534180288,243.30129912801414,0.0,0.9138161613913615,6.896770800809609,0.06448658572037243,0.6186223122655705,1.0730947067461638,2669.6315789473683,178.28875081141,21.894168114318532,0.11033851821475903,0.10140266277779071,0.1109661516856921,1.4438151633899923
Track_878,41,41,194,1,0,0,0,1,194.0,0.0,194.0,6.343943288137821,605.0258271630839,412.56168031944765,0.0,0.7192945644544849,4.5072738671491965,0.03631474730078115,0.5504761702991312,0.6029697195609185,1803.0309278350514,139.13181156675267,8.087183584384238,0.0455966411757251,0.03270073859864856,0.04546223510454148,1.6792367505348895
Track_879,42,42,195,0,0,0,0,0,194.0,0.0,194.0,13.146720115698626,362.53902924596207,244.93772808280062,0.0,0.5957668660328349,2.203338486510277,0.03914574513659931,0.4842356587587821,0.4136482744987966,4605.302564102564,115.57877201036993,14.136407210307132,0.11374684024605383,0.067766598534529,0.11374684024605379,1.706447938832992
Track_880,43,43,121,9,0,0,0,8,157.0,1.0,158.0,1.1814327190609941,60.766470962020115,408.3367312843047,0.0,0.6526592850603562,4.448292256476874,0.018382025628870622,0.4079323224454093,0.8097789768941366,2222.4628099173556,127.78794725426108,27.215577503412284,0.009245259388276144,0.007525049165993593,0.011529827795673965,1.4238939032235496
Track_881,44,44,195,0,0,0,0,0,194.0,0.0,194.0,0.4120366730408136,602.7007961310817,238.40202274274876,0.0,0.11411406838293252,0.3891331615709305,0.004503007739231393,0.10237039772696321,0.06838014876871912,2053.0820512820515,22.138129266288917,0.7278324926889219,0.01861208181073579,0.002123900376499039,0.018612081810735797,2.045456578295533
Track_882,45,45,46,1,0,0,0,3,48.0,0.0,48.0,1.5651636858373463,817.4333120558109,48.303864849268905,0.0,1.1098024355742928,4.424423912521704,0.05101272759328302,0.7322928700799891,1.0665760860538362,2726.8260869565215,51.622571452794666,6.11382995284339,0.030319366931741906,0.032607576788278046,0.029381424786119256,1.5548127571635668
Track_883,46,46,195,0,0,0,0,0,194.0,0.0,194.0,3.2037145011101527,374.45632821460725,420.6732185125905,0.0,0.2982562333056708,1.2221802657676575,0.023909101447009216,0.24180828168803103,0.206780680978261,3125.74358974359,57.86170926130012,3.5157062422150043,0.05536847324441046,0.016513992273763673,0.055368473244410445,1.7597094693503774
Track_884,47,47,195,0,0,0,0,0,194.0,0.0,194.0,16.70015033769637,36.554333243447246,417.5347429308327,0.0,0.9048340738971958,7.543048939162102,0.00823929713278065,0.7135700089269396,0.9586741942510324,3610.0871794871796,175.5378103360559,18.723639866642674,0.09513705512063185,0.08608324916338336,0.09513705512063182,1.5951854018765947
Track_885,48,48,50,1,0,0,0,3,52.0,0.0,52.0,3.7863222385846536,810.1337126714676,425.20317387866965,0.0,0.8761163258002017,2.372037600744642,0.1399301864720017,0.7914027161739283,0.5465043456588144,2807.96,46.5188575848629,10.873169351731914,0.081393276515387,0.07281388920355103,0.08310984176335989,1.4048778355894977
Track_886,49,49,195,0,0,0,0,0,194.0,0.0,194.0,3.9578140563771007,77.51797908910639,50.87160939672409,0.0,0.27098305783664733,1.5294738878073797,0.022925652521542102,0.18817022425191435,0.2416232544263701,1768.1692307692308,52.57071322030956,4.115688284845311,0.07528553093413397,0.020401103383387117,0.07528553093413393,1.8082293299339984
Track_887,50,50,190,3,0,0,0,2,194.0,0.0,194.0,48.45298665183693,642.583258621561,433.0922477837591,0.0,1.0238225744571647,8.70597606217428,0.05448484138028584,0.6465922885025089,1.3099767548554402,3791.3684210526317,201.008548662063,49.89039428914907,0.24104938309512616,0.2497576631537986,0.2439462357881894,1.175006695356158
Track_888,51,51,189,4,0,0,0,3,194.0,0.0,194.0,51.258530341149424,780.2996768321033,56.010503349420645,0.0,1.2681053445577988,8.174179526394886,0.06421438559499584,0.8139728708909516,1.3517704515966373,4075.5873015873017,244.38194893306854,51.30116650372301,0.20974761255868427,0.2642192285626259,0.20835747573854904,1.344735208503866
Track_889,52,52,192,3,0,0,0,1,194.0,0.0,194.0,1.6149423750709009,325.18114390905487,244.5272424876895,0.0,0.6740444734699795,2.7234106304411716,0.013418450573856391,0.27388940261630396,0.7786039650403485,2280.921875,129.26667123525291,3.6807402482025147,0.012493107153133549,0.00832444523232423,0.012349994043375216,1.9913442311934566
Track_890,53,53,195,0,0,0,0,0,194.0,0.0,194.0,16.31989399927195,264.9333740546039,444.9828272443221,0.0,0.4382486469527765,1.4693997148243185,0.046997927169494885,0.4016350679505746,0.26181386916195254,4784.128205128205,85.02023750883862,16.31989399927195,0.1919530511494437,0.08412316494470078,0.19195305114944364,1.5314648617489837
Track_891,54,54,195,0,0,0,0,0,194.0,0.0,194.0,7.509525696704894,413.7124971132647,438.74367640290734,0.0,0.7322542054122563,3.447082479204712,0.08188164044013144,0.6210144762602652,0.5072018068820147,2137.1384615384613,142.05731584997773,8.460576348819464,0.05286264668435287,0.03870889534383966,0.05286264668435287,1.4587609105007122
Track_892,55,55,190,1,0,0,0,2,191.0,3.0,194.0,26.64743733711403,442.30576176763094,260.8773602638618,0.0,0.9555658188141186,5.821920243248566,0.027542472474794792,0.7292615645302483,0.9004481165669704,2453.9842105263156,186.5169744662767,30.566611335459854,0.1428686982156256,0.1395153787283457,0.14600289794949742,1.436175596276481
Track_893,56,56,195,0,0,0,0,0,194.0,0.0,194.0,2.5023546894299105,324.54276651320674,441.3411161105469,0.0,0.8030035494006937,4.3874270013572705,0.039384677449856534,0.2664176167849477,1.0257572149454826,2355.3025641025642,155.78268858373454,4.832957930273533,0.016063111454677925,0.012898735512525312,0.016063111454677922,1.7775009843899485
Track_894,57,57,195,0,0,0,0,0,194.0,0.0,194.0,0.23650358516238384,165.57824285787407,444.41653378867284,0.0,0.3399070167907675,1.8426065254704498,0.009913427663833602,0.30448371003933966,0.23629607435986577,3183.9076923076923,65.94196125740888,3.2774359959501647,0.0035865415685647595,0.001219090645166927,0.003586541568564758,1.6989905710207545
Track_895,58,58,47,9,0,0,0,8,74.0,1.0,75.0,17.69978241456101,800.4870771093689,63.35497539204653,0.0,0.7146315980223376,4.677684816800586,0.08445790208266407,0.3394561928947312,1.150311591925451,2015.404255319149,65.68979923724305,18.334878244338157,0.269444915650253,0.23918624884541906,0.3346986748239793,1.5040164463213406
Track_896,59,59,194,1,0,0,0,1,194.0,0.0,194.0,32.386841886948005,542.0267211253845,249.51055460465736,0.0,1.571221542206215,7.294791050455001,0.020424237956757532,0.914873837648155,1.5420537536571879,2625.298969072165,310.5405486962546,34.98899979032621,0.10429182927291782,0.16694248395334024,0.10625012416704116,1.7622934248005298
Track_897,60,60,195,0,0,0,0,0,194.0,0.0,194.0,0.7684575688265792,134.25331062527803,264.78722150196757,0.0,0.10813194390000447,0.3282591760406575,0.004123075759483558,0.10131553163135439,0.06335294308154596,1999.4102564102564,20.977597116600887,0.9859691930098712,0.036632297043137065,0.0039611214887968005,0.0366322970431371,2.0161839331694
Track_898,61,61,195,0,0,0,0,0,194.0,0.0,194.0,23.065289789360175,605.475938029846,443.9309794754673,0.0,0.4395817967500291,3.7030173126284387,0.011242321082892413,0.31714064616827586,0.4129447376632913,3192.9846153846156,85.27886856950563,23.77903540367466,0.270468993975466,0.11889324633690812,0.2704689939754659,1.675620665108906
Track_899,62,62,195,0,0,0,0,0,194.0,0.0,194.0,4.065659695748643,718.3227010094813,452.6306878548635,0.0,0.1773547046444941,1.3671277286951085,0.01103422501888828,0.14536041774023647,0.14949102269877207,1724.871794871795,34.406812701031846,4.379914463496628,0.11816438014982758,0.020957008740972387,0.11816438014982755,1.846224905945499
Track_900,63,63,59,4,0,0,0,9,77.0,0.0,77.0,6.096236412365249,634.8636253840375,461.98334907779844,0.0,0.4885168661470562,9.849101059628143,0.0390814601936635,0.24358786242448363,1.2956523510277618,3467.2203389830506,61.43169954237712,20.694648206639044,0.09923600450220188,0.07917190145928894,0.1620658506301319,1.8238696619401957
Track_901,64,64,146,5,0,0,0,6,164.0,0.0,164.0,1.5435299094767974,509.9815321779066,275.0956247905687,0.0,1.0178602397849321,5.448951116331585,0.04633106824113658,0.4564800956611853,1.3088697621840517,2460.095890410959,152.93530360985338,9.139389366375745,0.010092698500893093,0.009411767740712179,0.00924662087468986,1.6542035977396372
Track_902,65,65,195,0,0,0,0,0,194.0,0.0,194.0,1.0405114774544704,829.6393198105324,459.67493611304576,0.0,0.13755415451512168,0.41514299922724085,0.008826881991865935,0.12300647373387126,0.08258428211722588,1970.8461538461538,26.685505975933616,1.1975152815946115,0.0389916338252255,0.005363461223992116,0.03899163382522552,1.8849744707143177
Track_903,66,66,195,0,0,0,0,0,194.0,0.0,194.0,7.307582993739692,78.43508592905872,470.88806051554616,0.0,0.4912635868159359,2.2780025855130814,0.0640679338894663,0.3985478530869026,0.3384614329834273,7064.169230769231,95.30513584229155,10.85651750025672,0.07667564742609559,0.0376679535759778,0.07667564742609558,1.5167973051254393
Track_904,67,67,184,7,0,0,0,4,194.0,0.0,194.0,0.20942698957936678,694.2368146668215,279.1793694010371,0.0,0.2625339261868642,4.647869109517053,0.008076201001639381,0.12443316060925734,0.7176537894950729,3294.5760869565215,51.75908739250907,4.869537574370311,0.0040461878315434996,0.0010795205648420968,0.004111927858320774,1.9652271724777555
Track_905,68,68,195,0,0,0,0,0,194.0,0.0,194.0,3.0688909676049767,613.4833777827922,473.5878992624041,0.0,0.2744132681797455,0.923128660626254,0.01462720468008384,0.24858392521435385,0.14880044907479864,6674.307692307692,53.2361740268706,3.093754167248897,0.057646722810245056,0.01581902560621122,0.05764672281024503,1.681204146380554
Track_906,69,69,194,1,0,0,0,1,194.0,0.0,194.0,14.892144512923498,142.22293175467445,461.7714609289193,0.0,1.1133089879078841,5.213017375567543,0.04413492758262069,0.9077030836509997,0.8195862535282705,2982.4123711340208,216.1827597268681,23.782328163527964,0.06888682766256979,0.07676363150991494,0.0689508773787663,1.3708902758684405
Track_907,70,70,36,1,0,0,0,1,36.0,0.0,36.0,4.484366140557264,57.07033582738714,471.38636220174544,0.0,0.6125346977783983,2.224748879782761,0.047890263186494114,0.5613946262714011,0.411966310206164,1919.861111111111,21.794746106900597,5.660365202682479,0.20575445653562513,0.12456572612659067,0.2033610937933443,1.614218844688427
Track_908,71,71,195,0,0,0,0,0,194.0,0.0,194.0,0.49903265051519763,223.05674490103254,276.6072988005769,0.0,0.10177728516569841,0.298759602703416,0.010607373784693022,0.09262475186564272,0.053635436237979325,1788.1692307692308,19.744793322145494,0.7482169820727732,0.025274138977969922,0.0025723332500783382,0.025274138977969925,1.903895667646784
Track_909,72,72,189,5,0,0,0,2,194.0,0.0,194.0,6.8526438733174935,830.5163643195953,473.5009634009559,0.0,0.35819264253988,3.331831019629344,0.0340002651935999,0.25673119156380564,0.41965844469531066,1921.8783068783068,69.80444756470683,7.026412428150671,0.09816915844746538,0.03532290656349223,0.09861427167521873,1.920505136989604
Track_910,73,73,195,0,0,0,0,0,194.0,0.0,194.0,15.580523897412586,317.2598403331489,467.2365000777199,0.0,0.6021486671486737,2.4727831162014198,0.07530235716927537,0.5539728466265975,0.38645224317376986,2744.594871794872,116.8168414268427,18.762948582809074,0.13337566490504701,0.0803119788526422,0.13337566490504704,1.4910887178874888
Track_911,74,74,32,5,0,0,0,5,46.0,0.0,46.0,19.201993397834286,796.8723373664764,83.39247847296785,0.0,2.4829568541718876,12.087332944195975,0.06450643225625513,1.5663351664642302,2.80880361332999,2974.875,92.53487092169297,22.15763621955548,0.20751088974970147,0.41743463908335404,0.1681199729193749,1.230551063254635
Track_912,75,75,195,0,0,0,0,0,194.0,0.0,194.0,1.2351020019837786,215.47989326435,482.35957545991664,0.0,0.10689924646903634,0.28918713759079323,0.007279944728148598,0.10394883955111887,0.05821231808167235,4624.958974358974,20.738453814993065,1.3320299486619824,0.059556127616941706,0.0063665051648648385,0.059556127616941755,1.9275953716298095
Track_913,76,76,195,0,0,0,0,0,194.0,0.0,194.0,3.4709666054806005,727.1255072818526,485.2908438079407,0.0,0.35243640241140645,1.1643611158190985,0.024462133016150682,0.32462606580487885,0.21597847283493707,7394.117948717949,68.3726620678129,3.7697362589444863,0.05076541559897216,0.01789158044062165,0.050765415598972186,1.6885282051400634
Track_914,77,77,32,1,0,0,0,1,32.0,0.0,32.0,6.617988726905375,447.95595095775525,484.1012209691552,0.0,0.7439449917567168,2.349777990211567,0.08095966937640625,0.6606813686207773,0.5394406999166868,2217.28125,23.221490379813567,6.617988726905375,0.2849941420064231,0.20681214771579298,0.277993870524535,1.3673406807755846
Track_915,78,78,194,1,0,0,0,1,194.0,0.0,194.0,4.238167623748102,12.367698963879953,291.43291557904365,0.0,0.5461740639683215,2.223889243115914,0.027918375040953194,0.43623479491822353,0.40515674528952544,1812.0463917525774,105.66708327508535,7.316242715089557,0.04010868372996339,0.02184622486468094,0.03999864934258035,1.5065168770385968
Track_916,79,79,88,0,0,0,0,0,87.0,0.0,87.0,8.378835832953056,436.1462961982814,291.1769996030151,0.0,1.6252475398236081,5.257594622748164,0.03212610142723914,1.0774441414118412,1.4220742183485957,3238.965909090909,141.39653596465394,12.655888445722612,0.05925771643406868,0.09630845785003513,0.059257716434068686,1.4928614975057883
Track_917,80,80,188,4,0,0,0,4,194.0,0.0,194.0,15.019225017546841,596.7560132935138,290.0622828114347,0.0,0.8968068309728855,6.453732234160702,0.034568276992925064,0.660162527656756,0.8774781896402796,3098.6063829787236,177.52201461466998,18.132698006374895,0.0846048590094453,0.07741868565745794,0.08632704723432091,1.492255225933148
Track_918,81,81,168,10,0,0,0,6,193.0,1.0,194.0,0.4511043304352656,516.5919134949003,495.04956507452664,0.0,0.13709831932525846,0.45435619895910906,0.015223978108575247,0.1277382772837971,0.08813783258942433,1923.1785714285713,24.032996949847377,0.760951967995169,0.018770207118847505,0.002337328136970288,0.017048554267285375,1.7548630266954748
Track_919,82,82,60,3,0,0,0,3,64.0,0.0,64.0,1.5905227074252424,577.2634067245789,87.41166390936883,0.0,0.41489129351851933,0.9848645951279332,0.07013980492319631,0.3519927935735928,0.2289649812794257,2267.4166666666665,25.730506191072774,2.688333751542471,0.06181466837901059,0.024851917303519412,0.05989982844123025,1.437487505585252
Track_920,83,83,195,0,0,0,0,0,194.0,0.0,194.0,0.294126927918186,54.94593114104086,499.7082911600696,0.0,0.15186515652277321,0.6461833133744813,0.008962349683704502,0.13378170380257248,0.09388056593374901,2681.6769230769232,29.46184036541801,0.9122394304156236,0.009983318226903064,0.0015161181851452887,0.009983318226903065,2.0468399897921374
Track_921,84,84,56,7,0,0,0,9,80.0,1.0,81.0,17.37943164632109,646.0677648125655,507.369201130788,0.0,1.516483158622771,15.585513496119015,0.025154267556085803,0.2147530247362503,4.081767979689211,2133.9464285714284,94.22447244749823,31.530172421856104,0.18444711012847423,0.21724289557901363,0.14325440697693456,1.6347359357500069
Track_922,85,85,195,0,0,0,0,0,194.0,0.0,194.0,9.85040076604521,176.61496981561925,302.7506054627982,0.0,0.8049527652616615,5.866477987367461,0.04102846900796468,0.5456685506883829,0.8043334223619848,2634.5333333333333,156.1608364607623,21.566434025021277,0.06307856047198022,0.05077526168064541,0.06307856047198021,1.6267733550618708
Track_923,86,86,194,1,0,0,0,1,194.0,0.0,194.0,3.6027947232345694,781.6058811450924,498.78585510288065,0.0,0.27821784813613265,0.9217439994486453,0.01709654453270403,0.2303752895456645,0.17928720479207402,1726.8298969072166,53.71784608062712,3.6027947232345694,0.0670688604644907,0.01857110682079675,0.0667502352750204,1.7720105042656449
Track_924,87,87,66,2,0,0,0,1,67.0,0.0,67.0,11.862346270057694,291.89844609909204,88.95270330788412,0.0,1.241994044524651,5.582849533497606,0.11134731955465813,0.6834131262260401,1.441180956623941,2667.712121212121,86.600986534057,13.550219206619312,0.13697703392088573,0.1770499443292193,0.14255297367144923,1.5885314505310795
Track_925,88,88,195,0,0,0,0,0,194.0,0.0,194.0,6.02528189573415,304.2984060385424,511.71218108844863,0.0,0.528524086984504,3.333930331871778,0.031071400845146244,0.44662503456039576,0.385661284008709,6000.28717948718,102.5336728749937,9.47495660756667,0.05876393312351164,0.03105815410172242,0.058763933123511594,1.6457215574027309
Track_926,89,89,168,8,0,0,0,7,188.0,6.0,194.0,4.2446388101471095,606.7681013495119,506.8610354553025,0.0,0.6148631081860327,10.57423836308767,0.012470445858904618,0.20921207677081088,1.1570402543791847,3452.3273809523807,114.05179662669096,8.025154596746635,0.037216764099214185,0.022577866011420797,0.03672015073083495,1.7828955981398071
Track_927,90,90,164,11,0,0,0,6,194.0,0.0,194.0,37.326230938062935,39.24243479317822,298.14461257102926,0.0,0.6465367471113938,21.804565599581128,0.01758731558724668,0.244597880043922,2.438799055180554,2221.871951219512,202.70418031539742,38.4736003734841,0.1841413969854258,0.19240325225805635,0.2975905903534152,1.5505243255519634
Track_928,91,91,195,0,0,0,0,0,194.0,0.0,194.0,0.29536881021042144,118.54866899650892,90.5570948278771,0.0,0.0964392477615852,0.32175568267672217,0.005873344299637568,0.09172397253429093,0.05438225095253685,2759.702564102564,18.709214065747524,0.5177350362425018,0.015787344629894267,0.0015225196402599043,0.01578734462989426,1.990742641841422
Track_929,92,92,195,0,0,0,0,0,194.0,0.0,194.0,9.609827810166024,510.1994711357652,514.0222402099085,0.0,0.7670305445021423,3.811453376358053,0.042866781814718175,0.6190595281781622,0.6105222134372257,2141.8102564102564,148.80392563341567,10.658402327383856,0.06458047238511848,0.049535194897763014,0.0645804723851185,1.4540859985706172
Track_930,93,93,195,0,0,0,0,0,194.0,0.0,194.0,3.34206408755446,434.3735512823743,93.80113857152014,0.0,0.2410401910369638,1.3695549287510589,0.008264706950321828,0.19187960766038042,0.17978318024613185,3576.4,46.761797061170974,4.042300552670877,0.07146996688734122,0.017227134471930205,0.07146996688734122,1.880044885349853
Track_931,94,94,195,0,0,0,0,0,194.0,0.0,194.0,0.3754312350385813,46.77170261660475,92.47533664332116,0.0,0.15281750980242959,0.45572099012262385,0.010962213998392931,0.1347429597252562,0.09392183325919304,2451.266666666667,29.646596901671323,0.9414332715816197,0.01266355245709218,0.0019352125517452642,0.012663552457092171,1.9298461570386054
Track_932,95,95,41,2,0,0,0,1,42.0,0.0,42.0,0.8294924680171881,641.8206394944465,515.9267186434844,0.0,0.4506046679055005,2.1400161087042897,0.035457168648548316,0.3881593634616545,0.35911673515668946,2142.2195121951218,19.23897261698273,3.134671008366546,0.04311521641675264,0.019749820667075906,0.04382959625979237,1.8641920500041016
Track_933,96,96,39,0,0,0,0,0,38.0,0.0,38.0,3.2552896843362387,615.734592570733,92.72633332147319,0.0,0.5862755676772433,3.939953073733314,0.03876905471039322,0.4315714749555463,0.7321237457803135,1929.2307692307693,22.27847157173524,4.893453532473106,0.14611817843313066,0.08566551800884839,0.14611817843313063,1.6040517767492426
Track_934,97,97,195,0,0,0,0,0,194.0,0.0,194.0,16.43184929571273,278.14749833833207,102.89242514077563,0.0,0.5802364001440055,4.3420075628913635,0.02401307094164241,0.4937896523341181,0.48850271892622726,3757.902564102564,112.56586162793701,16.43184929571273,0.14597542325953833,0.08470025410161201,0.14597542325953827,1.4981138208973988
Track_935,98,98,115,2,0,0,0,6,121.0,0.0,121.0,17.883742384479035,16.442794604380776,532.4113218810129,0.0,1.0844655026242602,9.669002026264694,0.023654629195752803,0.6546149516376536,1.5952952904573228,3870.330434782609,130.54171136666773,18.12214162636806,0.13699638374011264,0.1477995238386697,0.1362878980299648,1.3888964840700782
Track_936,99,99,11,0,0,0,0,0,10.0,0.0,10.0,0.4340673672449919,6.202980318004009,93.81887742463594,0.0,1.533385507539014,3.1440429072053817,0.21188842161697993,0.920163556751777,1.3340306321168445,2056.181818181818,15.333855075390138,3.580350453835934,0.02830777812303981,0.04340673672449919,0.02830777812303981,2.114510290710959
Track_937,100,100,195,0,0,0,0,0,194.0,0.0,194.0,22.485531552234587,619.381534060963,537.7254294932494,0.0,0.720877017401012,4.29014627357203,0.02172648851671288,0.5855748352947431,0.6589746096780088,4280.117948717949,139.8501413757964,22.485531552234587,0.16078304484378675,0.1159048018156422,0.1607830448437868,1.5408264954122597
Track_938,101,101,195,0,0,0,0,0,194.0,0.0,194.0,2.7011991259998394,309.510208180353,9.752022838721473,0.0,0.3984552027002697,1.4838034570226755,0.027688120047749887,0.34882708985883015,0.27096062768632767,4618.087179487179,77.30030932385233,2.779233693039257,0.03494422143491136,0.013923706835050719,0.03494422143491137,1.9312206816348074
Track_939,102,102,140,5,0,0,0,9,160.0,0.0,160.0,1.9009371186043407,285.6675505402459,304.2091367954483,0.0,0.4359814161961532,2.8028683508701078,0.013574012133999775,0.36535540352941137,0.39096317684769555,2584.0857142857144,64.77066633501447,3.743721308987283,0.029348734946960248,0.011880856991277128,0.02725083352160999,1.785696985606543
Track_940,103,103,195,0,0,0,0,0,194.0,0.0,194.0,9.619407561589092,668.8904656396232,525.086934311277,0.0,0.47788569450744306,5.529208935649475,0.02312672167550555,0.3112924292250725,0.7037240711998013,5298.2,92.70982473444396,11.290379388418236,0.1037582326268302,0.04958457505973759,0.1037582326268302,1.6099687588052685
Track_941,104,104,182,3,0,0,0,9,194.0,0.0,194.0,25.58073055854683,281.86579298055227,551.0923048478754,0.0,1.3069439771786453,7.121119689645627,0.015058966694624011,0.7645961441135091,1.49872940221324,3997.269230769231,248.9262541293988,35.118917173128985,0.10276429317595906,0.13185943586879809,0.10089142164566883,1.3372421908018137
Track_942,105,105,195,0,0,0,0,0,194.0,0.0,194.0,0.7799185583664165,576.7975370245962,529.0234878281642,0.0,0.2577586612030092,0.9714024485819892,0.011333957158144819,0.2275125402730255,0.16077520677390078,2462.097435897436,50.0051802733838,1.323749263487033,0.015596755258205577,0.004020198754466064,0.015596755258205579,1.9926476576173455
Track_943,106,106,80,6,0,0,0,5,92.0,0.0,92.0,35.93221585512652,85.2088089883545,97.23154038719748,0.0,2.0549154743467293,11.375210152427607,0.03995070718080646,1.3202693354611728,2.152931208347554,4775.1625,176.93064042762936,35.93221585512652,0.20308645109903403,0.3905675636426796,0.19006502628379082,1.51456509687102
Track_944,107,107,195,0,0,0,0,0,194.0,0.0,194.0,5.42646029126501,603.6332092790876,527.7733237111079,0.0,0.34004944597863285,4.017717362867776,0.012187066653569695,0.25605414920013586,0.4197958894378914,1800.697435897436,65.96959251985479,6.421572648357123,0.08225699271420867,0.027971444800335102,0.08225699271420868,1.9802156176806252
Track_945,108,108,20,0,0,0,0,0,19.0,0.0,19.0,12.725160570045116,634.0482210000067,105.55086115423228,0.0,1.5255099895606965,12.804774852632525,0.07516181060773451,0.3609668611484241,2.937544139358698,2435.15,28.984689801653236,12.725160570045116,0.43903042113354945,0.6697452931602692,0.43903042113354945,2.28886488808689
Track_946,109,109,195,0,0,0,0,0,194.0,0.0,194.0,8.275857547820143,594.331149723004,109.99780108014863,0.0,0.619259763972057,3.0961126698822765,0.05234842324105921,0.517033103055946,0.4743824260200576,2980.979487179487,120.13639421057906,9.550668769608508,0.06888718112609528,0.042659059524846096,0.06888718112609528,1.7748580104697704
Track_947,110,110,195,0,0,0,0,0,194.0,0.0,194.0,0.8406711850637008,748.5580872824061,312.7118629718366,0.0,0.11181183979111793,0.4055407499865075,0.0026895848596382426,0.09082411425592431,0.07202561060263005,3241.230769230769,21.69149691947687,1.0371754367786923,0.03875579394932672,0.004333356624039695,0.038755793949326704,1.9162435134582931
Track_948,111,111,195,0,0,0,0,0,194.0,0.0,194.0,0.5124018176190788,842.4739087851174,108.83351529751832,0.0,0.11894282643069565,0.487808376310482,9.686324932929322E-4,0.099605619809444,0.08313196126675104,2384.1384615384613,23.074908327554954,1.0294212122585948,0.022206017477746292,0.002641246482572571,0.022206017477746292,1.9396723418829938
Track_949,112,112,9,1,0,0,0,2,10.0,0.0,10.0,12.461034972690104,506.3942478153657,544.4376742069134,0.0,2.8897916853465464,6.9833474532581095,0.11604473854814823,4.674546702915627,2.8419765140990423,4650.0,23.35042295986867,12.461034972690104,0.5336535014421935,1.2461034972690104,0.4312087627588203,1.4630497500087842
Track_950,113,113,195,0,0,0,0,0,194.0,0.0,194.0,11.106195449999001,519.3743302131096,107.99247399246684,0.0,0.5141654093708693,2.187214878695778,0.014897845670963408,0.4596272100259086,0.31441357613762355,2250.620512820513,99.74808941794872,12.149668547046893,0.111342437883332,0.057248430154634024,0.11134243788333208,1.5021146288354132
Track_951,114,114,22,2,0,0,0,4,27.0,0.0,27.0,12.02577474713136,644.4165824643402,543.4583946009262,0.0,1.6707338508613043,13.456647572162813,0.10874286214389821,0.3425522696113867,3.052254343998226,2548.7727272727275,41.41211882779629,12.250598467992807,0.29039264561994643,0.4453990647085689,0.26658887917962204,1.7771865438524024
Track_952,115,115,16,4,0,0,0,6,28.0,1.0,29.0,25.56173642893073,390.1283310198983,9.58419017298507,0.0,1.2754081115023859,6.671924917073934,0.07380253729384555,0.5231181256189779,1.9985603706351418,2627.25,40.9730263679063,26.71699493521314,0.6238674243734396,0.9129191581760975,0.7157859119311315,1.0602163236610922
Track_953,116,116,195,0,0,0,0,0,194.0,0.0,194.0,27.152726587946013,832.5597605149069,291.28142770645945,0.0,0.8387402957511143,3.4367814297461377,0.04374391453258682,0.7189244900548546,0.6230278181516207,2203.8410256410257,162.7156173757162,32.202383386068355,0.16687228322558242,0.13996250818528871,0.16687228322558242,1.537782799413194
Track_954,117,117,195,0,0,0,0,0,194.0,0.0,194.0,1.4915315896928298,632.4638387697372,311.115250892322,0.0,0.13090888120398753,0.5138573620617808,0.010435120567640739,0.11536224779399697,0.08049036317446234,1911.9846153846154,25.396322953573566,1.6958021159980592,0.05873021824535246,0.007688307163365102,0.05873021824535243,1.8979887874289683
Track_955,118,118,23,2,0,0,0,6,29.0,0.0,29.0,6.474416925107993,289.96787716258865,545.1294156842935,0.0,1.0885725118497782,4.2537427636986385,0.08560171815553219,0.8128794959886485,1.08882469750521,2571.6521739130435,30.69891105821018,7.597886400884865,0.21090054017979448,0.22325575603820663,0.20509038544325808,1.2803649012817977
Track_956,119,119,136,1,0,0,0,1,136.0,0.0,136.0,5.03380147423677,308.19118474722535,312.8196711098993,0.0,0.42623580508027403,4.895952348693604,0.028854824009045425,0.3027408532082914,0.49377395054787115,3243.294117647059,62.43778603453064,9.551735026814448,0.08062107569690048,0.0370132461340939,0.08683748688621573,1.4767183970078244
Track_957,120,120,110,0,0,0,0,0,109.0,0.0,109.0,11.606489229050988,440.2465028696118,9.716345392736446,0.0,0.6612897862209395,3.541832485725134,0.05136555997279293,0.5636687402055193,0.4832216989740899,2987.5636363636363,72.08058669808243,11.805154303898238,0.161021014960187,0.1064815525601008,0.16102101496018706,1.68280377325864
Track_958,121,121,195,0,0,0,0,0,194.0,0.0,194.0,10.626117635845453,401.4789783488874,128.011642942606,0.0,0.6785777721233562,5.193720805621723,0.03894943453979107,0.5358073646714924,0.5908614799649,7678.410256410257,131.64408779193113,11.176615958176058,0.08071853293283074,0.05477380224662605,0.08071853293283075,1.5305563517348564
Track_959,122,122,36,2,0,0,0,7,43.0,1.0,44.0,1.4486660674038991,353.3630846802734,551.5276713566068,0.0,0.8418683445027233,1.810555211882043,0.20583438581316968,0.8176743774773777,0.4024115534358407,1693.111111111111,31.522589616540113,2.039546640043762,0.04595644219038954,0.033689908544276725,0.04001802510364819,2.031218352966699
Track_960,123,123,193,2,0,0,0,1,194.0,0.0,194.0,15.475657984270558,569.1044952854818,128.20673423254394,0.0,0.6500268389422763,4.355546615459894,0.03817242422141048,0.587951788100104,0.4521288454353729,1877.0777202072538,125.375618748169,18.363429771899035,0.12343434982646151,0.07977143290861112,0.12272021419671716,1.3893051944920267
Track_961,124,124,195,0,0,0,0,0,194.0,0.0,194.0,5.941715600100133,785.8958715022492,562.3548920343001,0.0,0.7025218848009127,2.6467041300180174,0.032377812429039685,0.6303498071177981,0.42495788386091954,6422.830769230769,136.289245651377,8.082914341150627,0.04359636427439645,0.030627400000516152,0.04359636427439643,1.574680296882212
Track_962,125,125,192,2,0,0,0,2,194.0,0.0,194.0,5.147409721063677,798.8590616322927,317.7434867979004,0.0,0.7375576204119334,8.936404615177654,0.021598821586795863,0.30368757073180697,1.2526415822839339,4840.015625,141.8759597081045,11.027107969557932,0.03628105657684328,0.026533039799297303,0.03597419247662079,1.628337882115582
Track_963,126,126,195,0,0,0,0,0,194.0,0.0,194.0,0.3391660161102865,605.9425900186849,313.302025143594,0.0,0.11078544768715395,0.5363778889748095,0.005266599738621109,0.09911325190219178,0.07401425987006378,2155.5538461538463,21.49237685130787,0.4782606232602776,0.015780758845648443,0.0017482784335581779,0.015780758845648446,1.9074402674743722
Track_964,127,127,195,0,0,0,0,0,194.0,0.0,194.0,0.7317096309163813,643.465822791787,560.3073785523641,0.0,0.21610144426448658,0.9690348073055286,0.007948619655491254,0.169795662458349,0.1751245974110104,2109.3179487179486,41.92368018731038,1.2862421793812613,0.017453373073336675,0.0037716991284349553,0.01745337307333667,2.0169520935912026
Track_965,128,128,195,0,0,0,0,0,194.0,0.0,194.0,0.6433725208332426,322.67615361162575,127.82810021163613,0.0,0.26973304642242585,0.8377367851506029,0.0047185494032173985,0.23719550590667693,0.16776822363364063,3087.979487179487,52.328211005950635,1.3461061111536676,0.012294945851676065,0.0033163532001713536,0.01229494585167607,1.9358153277368544
Track_966,129,129,191,1,0,0,0,4,194.0,0.0,194.0,6.528831659671632,464.48503874437375,573.912867821894,0.0,0.4388654585429633,5.380557457441113,0.012600919246326043,0.2722232607650025,0.7698777133879069,2527.832460732984,83.88662230710524,8.32348400845224,0.07782923522382229,0.033653771441606355,0.07668357303246678,1.3669098901103713
Track_967,130,130,195,0,0,0,0,0,194.0,0.0,194.0,0.8800326134048952,342.8794334777101,572.4178406314926,0.0,0.6327169223186456,3.5211089593764617,0.010399346102825044,0.4648775362676493,0.5722765340138025,2453.979487179487,122.74708292981722,7.331388820971908,0.007169478837293992,0.0045362505845613155,0.00716947883729399,1.73277369424313
Track_968,131,131,195,0,0,0,0,0,194.0,0.0,194.0,3.7328606965250923,466.71182749566213,318.1243383299551,0.0,0.4489187063975135,2.22662431440996,0.010163648259517575,0.33550333803545945,0.4101343740182312,5798.415384615385,87.09022904111764,4.110917565953479,0.04286199195506431,0.019241549982088105,0.04286199195506432,1.8385016226938022
Track_969,132,132,195,0,0,0,0,0,194.0,0.0,194.0,2.2124181242319856,189.46258565186824,151.2371068701046,0.0,0.26892264587495657,1.1541474891887105,0.0062283803068863336,0.2227998989156288,0.19101200166464685,5324.0615384615385,52.170993299741596,4.168177290689531,0.04240705388760432,0.011404217135216421,0.04240705388760434,1.8631294333945991
Track_970,133,133,195,0,0,0,0,0,194.0,0.0,194.0,0.2996053202816559,396.2883094543713,573.7037061186544,0.0,0.11352960869900469,0.3229468991870384,0.006871426642525842,0.10873493770259679,0.061840532850095005,1860.323076923077,22.024744087606916,0.9623836866125264,0.013603123790675077,0.0015443573210394634,0.013603123790675081,1.9986129216298603
Track_971,134,134,185,3,0,0,0,7,194.0,0.0,194.0,19.2770567021718,368.25251782352694,602.485061586222,0.0,1.324135925744008,6.53799627670632,0.0821342685843407,0.898244031185559,1.2602486475604584,3591.281081081081,254.65588777343766,45.22680104918514,0.07569845280515258,0.09936627166067939,0.07504235005545015,1.4403539312439224
Track_972,135,135,195,0,0,0,0,0,194.0,0.0,194.0,1.1321826754266626,95.50709140543728,592.6793142973694,0.0,0.3652585173076943,1.4252960973089557,0.01076942820078759,0.31823165253397717,0.2312409315468683,3942.9282051282053,70.86015235769264,2.8104540431889857,0.015977705914482866,0.005835993172302384,0.015977705914482852,1.8144804267421584
Track_973,136,136,130,0,0,0,0,0,129.0,0.0,129.0,1.4658892460917319,66.84934980457435,163.20903559805325,0.0,0.3791139260863833,2.5613832373388394,0.035255903129020244,0.28764186912962664,0.361992033197189,2238.276923076923,48.90569646514344,2.429104344824122,0.029973793485110985,0.011363482527842883,0.029973793485110988,1.9709387878265612
Track_974,137,137,195,0,0,0,0,0,194.0,0.0,194.0,11.006309019559897,189.96975749318338,326.63823403197415,0.0,0.5966228137416609,3.1376230397945912,0.035869131703362526,0.5145945785771985,0.47615337567498334,2042.1692307692308,115.74482586588229,12.535682706071174,0.0950911536409697,0.05673355164721596,0.09509115364096976,1.6169116187101225
Track_975,138,138,176,6,0,0,0,8,194.0,0.0,194.0,0.17239219602678024,395.25328049669866,588.8919769216379,0.0,0.14037131808885214,0.7607641360409949,0.011672453683696944,0.11679664731422272,0.10253859639805626,1708.5738636363637,25.5260181650973,0.6459049905917036,0.006753587453859085,8.886195671483517E-4,0.006330492434258357,1.910212152053763
Track_976,139,139,140,5,0,0,0,5,150.0,0.0,150.0,20.75692346444607,818.0331520468835,315.8131122151896,0.0,1.1443776622502666,18.877898223435075,0.10794128436885798,0.759008911484965,1.708854271286998,2222.6785714285716,163.63893429108623,22.1321161804659,0.12684587292363433,0.13837948976297382,0.12092117342702141,1.6519063238694702
Track_977,140,140,195,0,0,0,0,0,194.0,0.0,194.0,4.72335058655228,262.74718980182047,325.80424835320844,0.0,0.3501367358199363,2.355628397094502,0.026631755798222898,0.25396228950425764,0.3032446988430381,2016.0307692307692,67.92652674906768,6.204742602911016,0.06953617110442217,0.02434716797191897,0.06953617110442221,1.906478064189628
Track_978,141,141,23,0,0,0,0,0,22.0,0.0,22.0,14.989914372018031,9.694309802078635,164.65750341343164,0.0,1.1306957787790557,3.535659925572973,0.1958066970833097,0.9548353598993438,0.736580788243621,3522.7391304347825,24.875307133139216,14.989914372018031,0.6026021826298686,0.6813597441826378,0.6026021826298684,0.7635151815995271
Track_979,142,142,103,5,0,0,0,9,119.0,0.0,119.0,20.77001556106296,739.1582725299367,600.0235985187894,0.0,1.26867677532389,7.10618285201393,0.047721131191376456,0.7921530701930282,1.4480332484778202,4855.640776699029,146.87957277649465,20.77001556106296,0.1414084693224735,0.17453794589128538,0.13757479390030317,1.2418668147417042
Track_980,143,143,67,4,0,0,0,5,75.0,0.0,75.0,1.9736161126501481,304.3304613760017,596.4602473346581,0.0,0.21621045822614196,0.5554594159744494,0.003956464855540932,0.20109594527273109,0.12319149966779791,1920.044776119403,15.071730474230904,2.0806000663856468,0.13094820903442808,0.026314881502001976,0.12170956815825411,1.59275067645884
Track_981,144,144,168,8,0,0,0,6,194.0,0.0,194.0,9.80369438034965,561.4107656623477,172.10124743657488,0.0,1.188735557976842,6.962216209716518,0.04327915896752374,0.5729414368082194,1.5840854865569494,2972.6964285714284,222.5485424436712,10.576810764735768,0.04405193704124592,0.05053450711520439,0.04251114284930717,1.4808537325892743
Track_982,145,145,163,5,0,0,0,4,170.0,0.0,170.0,2.2905178847284553,128.41591117274444,605.4622944869124,0.0,1.5475495985996457,16.366090147491803,0.04400962579892002,0.7190379829888623,2.2397937258874983,4193.828220858895,277.63162023244945,19.890742399178244,0.008250205372178788,0.013473634616049737,0.00870643152777903,1.4050757873008484
Track_983,146,146,165,7,0,0,0,8,194.0,0.0,194.0,17.72342376962299,329.11742485838107,324.34496397956815,0.0,0.7101970230775454,6.1328377676332195,0.015923147684802557,0.4210818635742223,0.8789819543303441,2527.4121212121213,131.22696721135495,21.533771353415727,0.13505931094999352,0.09135785448259273,0.1286373379695475,1.6464456528560523
Track_984,147,147,195,0,0,0,0,0,194.0,0.0,194.0,0.5652482129175505,81.4822670530215,607.3835321406167,0.0,0.21662671574245965,1.4860433662116665,0.0036808071030683225,0.1517032968077928,0.24577794482906362,2341.117948717949,42.025582854037154,1.9591586725550647,0.01345009811953745,0.002913650582049229,0.013450098119537445,2.0341175852107116
Track_985,148,148,195,0,0,0,0,0,194.0,0.0,194.0,4.399851817303691,599.8478004029912,172.91341730644547,0.0,0.4034332858912728,1.8282230552083358,0.037404013227112766,0.3618401981405518,0.24790667350621864,6808.635897435897,78.26605746290686,4.399851817303691,0.05621660218912831,0.022679648542802532,0.05621660218912825,1.7672886562791075
Track_986,149,149,188,2,0,0,0,5,193.0,0.0,193.0,5.022990300790888,527.6062551140847,609.9860448749647,0.0,0.8592291142991244,4.941633141006907,0.029135883025307494,0.2500836742505484,1.19122576923368,2192.7925531914893,166.83563693102238,8.419617792807793,0.030107418254216433,0.026025856480781803,0.030289774924597578,1.9286593932507645
Track_987,150,150,195,0,0,0,0,0,194.0,0.0,194.0,0.14607521964725373,802.4989252219157,12.703731744787724,0.0,0.182719969367962,0.5747584619615212,0.004276907942523619,0.12278249119669064,0.14220888374103968,4595.717948717948,35.447674057384624,0.5728441593888149,0.004120868957742593,7.52965049728112E-4,0.0041208689577425925,1.9260780013703065
Track_988,151,151,29,1,0,0,0,3,31.0,0.0,31.0,2.6548498463369197,496.3434735199051,171.62861718903096,0.0,0.6634579578444573,1.9251723220195929,0.017754818095101634,0.6872820255157216,0.3838417059934894,1773.9655172413793,19.283834847231226,3.5905638671027806,0.13767229741225995,0.0856403176237716,0.12908175508514938,1.491320806279806
Track_989,152,152,195,0,0,0,0,0,194.0,0.0,194.0,0.3146078830678237,350.8297651131582,331.27969946337015,0.0,0.0996871125593726,0.3350983741989832,0.013548463582169101,0.08314639725506881,0.06009315621973175,4920.461538461538,19.33929983651829,1.0160505079226418,0.01626780109555732,0.0016216901189063078,0.016267801095557324,1.9000309397304314
Track_990,153,153,93,5,0,0,0,3,100.0,0.0,100.0,12.643739570588377,779.2570889427052,618.4171533753555,0.0,1.3046525513953093,6.371729958822947,0.02213322892019725,0.530467239670771,1.6830321618163828,3343.2150537634407,130.36575178126535,13.402157456634901,0.09698666557611482,0.12643739570588378,0.09691269569868283,1.487584501905943
Track_991,154,154,10,0,0,0,0,0,9.0,6.0,15.0,3.981348606538657,766.0934595433755,616.1772086082343,0.0,0.8001304216041593,1.9506117297830445,0.36261086703120704,0.5344330741953438,0.6010635697914798,1788.0,7.201173794437435,3.981348606538657,0.5528749506940188,0.44237206739318413,0.5528749506940189,0.809241265593917
Track_992,155,155,195,0,0,0,0,0,194.0,0.0,194.0,7.946938526767729,602.3874081124267,344.34485197256714,0.0,0.42949927995788173,4.133904822975462,0.020868521040439757,0.28643182416072105,0.5657898502401715,7729.6051282051285,83.32286031182907,10.346055498362226,0.09537524872558327,0.0409636006534419,0.0953752487255833,1.4725025055956722
Track_993,156,156,195,0,0,0,0,0,194.0,0.0,194.0,10.552032299593225,702.0155329942813,632.2361439551481,0.0,0.32300146609170477,3.88537438015946,0.031994501885211524,0.24557616256442574,0.3575385631873067,5853.5641025641025,62.66228442179073,10.949778932445458,0.16839526992928733,0.05439191907006817,0.16839526992928733,1.9018839452199523
Track_994,157,157,184,2,0,0,0,8,193.0,1.0,194.0,14.041266115968615,847.912629399698,163.59421950899556,0.0,0.8986384578375465,6.382055503207552,0.06946473557842069,0.7305937571469003,0.7216984567304405,2194.858695652174,167.97749147121544,19.227976862363544,0.0835901643308843,0.07275267417600319,0.08095878107762357,1.6609876841149527
Track_995,158,158,63,0,0,0,0,0,62.0,0.0,62.0,4.33208603404864,389.76647393007454,176.55853792863513,0.0,1.558688307213958,7.98442674432454,0.15798719010130066,1.0896943463821307,1.5362514262490223,3397.2380952380954,96.6386750472654,11.031726601088902,0.04482766378915939,0.0698723553878813,0.044827663789159394,1.5134126643233414
Track_996,159,159,195,0,0,0,0,0,194.0,0.0,194.0,0.19437640793810101,491.053387579952,633.0865519530493,0.0,0.10035822628210381,0.30438319771733174,0.008210788841738502,0.09544440199591364,0.05321025105246461,7017.9794871794875,19.46949589872815,0.45696393825587733,0.009983638454183022,0.0010019402471036134,0.009983638454183028,1.9396797527124379
Track_997,160,160,33,3,0,0,0,7,46.0,0.0,46.0,3.618032905372953,416.3953523286433,625.528259162231,0.0,0.5718559281501986,1.288697584693596,0.05875603781757124,0.5211650499467054,0.35140328590972364,1698.4848484848485,24.480420933036072,4.392681224555,0.14779292052492674,0.07865288924723811,0.13753969378556455,1.6688827523087173
Track_998,161,161,195,0,0,0,0,0,194.0,0.0,194.0,18.069758511220307,210.0031458184732,629.3298527837703,0.0,0.7838922000288341,3.0483200467163827,0.016106656438399106,0.6694113235248137,0.5707828207596416,4966.830769230769,152.0750868055938,22.048468777207184,0.11882129342013728,0.09314308510938303,0.11882129342013727,1.544497699666293
Track_999,162,162,38,3,0,0,0,8,50.0,0.0,50.0,13.508083250997709,690.542704749073,9.446675411969585,0.0,0.8328043720772607,2.180109535702303,0.05976148169059957,0.5873850641242321,0.5783098328276375,3285.7631578947367,44.54910488144339,14.077273637408142,0.3032178376410971,0.2701616650199542,0.32439991200585444,1.531798756429903
Track_1000,163,163,27,1,0,0,0,3,29.0,0.0,29.0,3.6045242746304234,186.90574021504477,185.82273316902777,0.0,0.8273992427577346,6.009037920225801,0.0554577835247829,0.572907246909018,1.1874141753224925,4180.481481481482,22.294117175582848,3.6863140346044494,0.1616805117799507,0.12429394050449735,0.15022244894764916,1.572932124785573
Track_1001,164,164,52,1,0,0,0,6,57.0,9.0,66.0,1.6161242818560801,426.05882631901176,637.010652722611,0.0,0.46647796866703994,1.2774750778665762,0.05908866978408954,0.37520122734150096,0.30426168919636337,1860.3076923076924,24.60308715401849,4.346710702955069,0.06568786558121484,0.02835305757642246,0.06078112897258851,1.6445354891796093
Track_1002,165,165,195,0,0,0,0,0,194.0,0.0,194.0,3.400121971649026,857.8813268352185,340.01238127733234,0.0,0.1523941069916438,1.4073895338723739,0.012471999545064515,0.117212767609313,0.15181346972408774,2341.3128205128205,29.56445675637889,3.7721902614711693,0.11500708434006347,0.017526401915716628,0.11500708434006343,1.8428762800736718
Track_1003,166,166,122,1,0,0,0,3,124.0,0.0,124.0,6.099232610344803,810.4673250968953,633.7678059739404,0.0,0.5876066629460129,2.5857257695614524,0.0551424054382304,0.48937454853738815,0.4208352868369537,1935.0655737704917,72.50849064141786,7.898161603860132,0.08411749515664081,0.049187359760845185,0.08370796803807572,1.3607394254455776
Track_1004,167,167,195,0,0,0,0,0,194.0,0.0,194.0,4.389451494856124,259.6709642192536,177.45949766058285,0.0,0.33834701143515783,1.7498469968417387,0.0050187048298576285,0.2867327051929773,0.23626562974083862,2321.451282051282,65.6393202184206,5.012704078471516,0.06687228752902741,0.022626038633278993,0.0668722875290274,2.09507516833994
Track_1005,168,168,195,0,0,0,0,0,194.0,0.0,194.0,0.3809346303421913,105.72162039241073,642.0741790501123,0.0,0.11016907031081771,0.3177794155493412,0.007300435586942506,0.09799804973399294,0.06577076918999536,2130.5435897435896,21.372799640298638,0.7948358108411671,0.017823337922652636,0.001963580568774182,0.017823337922652636,1.9227483676425083
Track_1006,169,169,194,1,0,0,0,1,194.0,0.0,194.0,2.38286033653419,755.3689931235378,643.9824181922303,0.0,0.32986778664854244,2.254823757848236,0.022941810493231907,0.25193147880598954,0.29265284097102445,2192.3041237113403,63.86453211235371,4.641309199155535,0.03731116877740749,0.012282785239866957,0.037235479598235664,1.7534263930469003
Track_1007,170,170,13,3,0,0,0,4,23.0,6.0,29.0,15.013845818585036,137.01757795978656,486.53874421914713,0.0,0.8947623605383439,2.822978486783298,0.18695678193711116,0.6335295341465065,0.7542969716936246,1810.7692307692307,24.29853422398189,15.013845818585036,0.6178910085764285,0.6527759051558711,0.7295522631988243,1.1286893848292083
Track_1008,171,171,27,1,0,0,0,1,27.0,8.0,35.0,2.5414409148351704,727.7231557714448,538.445576167311,0.0,1.4700633885016925,4.16252585415629,0.13278698692838864,0.4706657390871815,1.4991317521281753,3116.8888888888887,41.67298862803657,7.299970922475694,0.06098532883061214,0.0941274412901915,0.06402951194242543,1.900192217660606
Track_1009,172,172,194,1,0,0,0,1,194.0,0.0,194.0,17.143615857005233,434.9617233818465,493.8927364762573,0.0,0.7681530549642173,5.529193302271316,0.03234727533095714,0.45198562978090845,0.9369672225831981,2651.077319587629,151.17187674475807,21.391048797645443,0.11340479609147734,0.08836915390208883,0.11504107590407918,1.628905776043499
Track_1010,173,173,8,2,0,0,0,6,17.0,0.0,17.0,2.2414190647517342,299.5503482500709,49.03503195998748,0.0,0.4302915592052129,0.6567216126773956,0.047928528167070314,0.4620128043633339,0.1996268008784671,2039.0,5.1188024731668715,2.2414190647517342,0.437879577596794,0.13184818027951378,0.3064159113951694,1.0770950349212902
Track_1011,174,174,12,4,0,0,0,4,22.0,1.0,23.0,56.97731234054817,339.76970084312353,272.62136502620524,0.0,2.8482823635800143,15.523269023002333,0.015794439087665604,0.17982428816907065,5.917204820735013,1868.4166666666667,60.23468743368941,57.68562375612973,0.9459219391363625,2.5898778336612804,0.9092770670412239,1.382150092523143
Track_1012,175,175,15,2,0,0,0,3,18.0,0.0,18.0,0.11326891750278513,709.1740046680604,569.0850738379285,0.0,1.030939361823463,2.909094160823741,0.28161200184764035,0.754819235028592,0.9115556831660807,2307.4666666666667,17.124568948827832,2.692541956117499,0.006614409848286332,0.006292717639043618,0.006103867862716427,1.7674683359834376
Track_1013,176,176,24,4,0,0,0,8,38.0,1.0,39.0,0.4949765136678416,360.0870919039746,590.2768433396154,0.0,1.7599621143077244,11.80703491637961,0.03664923113130114,0.4970977385767975,3.2951601814050506,2174.9583333333335,50.22297112237468,11.551730611210028,0.00985558007832249,0.013025697728101096,0.007401123934548281,1.6442465274946196
Track_1014,177,177,15,2,0,0,0,9,32.0,0.0,32.0,0.5578826472277326,475.99077437994964,6.6861419188667215,0.0,0.3758967321177503,2.3593481160173457,0.03172308105160245,0.21510330369418312,0.5908441358752171,2122.133333333333,7.483991712360574,2.9136604054810817,0.0745434613865663,0.017433832725866644,0.04637931441342104,1.7049970866430681
Track_1015,178,178,193,2,0,0,0,1,194.0,0.0,194.0,19.82881359353458,630.464351796037,72.23032686716589,0.0,0.6022535262673632,8.585339827565896,0.020032739619076863,0.41450249002616973,0.8673661068981182,1908.0725388601036,116.19780880823923,19.82881359353458,0.17064705261575105,0.10221037934811639,0.16971321028470213,1.5997212284049145
Track_1016,179,179,2,0,0,0,0,0,1.0,8.0,9.0,0.025936658068830273,68.91757156086584,287.3695534375138,0.0,0.025936658068830273,0.025936658068830273,0.025936658068830273,0.025936658068830273,NaN,1655.5,0.025936658068830273,0.025936658068830273,1.0,0.025936658068830273,1.0,NaN
Track_1017,180,180,55,7,0,0,0,3,66.0,0.0,66.0,1.9147577974974428,686.0861826868422,186.30142832870573,0.0,0.8206162665446596,4.2655540845006765,0.0696622236810184,0.6056995976681084,0.8354387125043117,2189.072727272727,49.741103336570546,5.50199209047324,0.03849447778713985,0.029011481780264286,0.03535328625938884,1.5969921459371412
Track_1018,181,181,17,3,0,0,0,3,21.0,0.0,21.0,0.6624842860718321,670.8038193180439,417.9711481498704,0.0,0.47346716006666084,0.9731692465635567,0.08365855577409666,0.4665095222111997,0.24142244696396692,1772.8823529411766,9.472727505312063,2.5622325984805405,0.06993595938448856,0.031546870765325336,0.06662948019643804,1.2803844760481646
Track_1019,182,182,24,3,0,0,0,9,38.0,0.0,38.0,4.560850860912666,313.79954079649787,226.73310890182037,0.0,0.9228652947833061,3.4784697024504707,0.02553893043905302,0.30022825295053757,1.0676884280455134,2021.8333333333333,23.802963245369536,4.7203120693493394,0.19160853268132078,0.1200223910766491,0.13005407371487626,1.5448809045664496
Track_1020,183,183,2,0,0,0,0,0,1.0,11.0,12.0,0.3799555662768486,339.9266469169477,234.5803598432811,0.0,0.3799555662768486,0.3799555662768486,0.3799555662768486,0.3799555662768486,NaN,1697.0,0.3799555662768486,0.3799555662768486,1.0,0.3799555662768486,1.0,NaN
Track_1021,184,184,168,7,0,0,0,7,192.0,2.0,194.0,21.948390364931385,506.5782435832152,546.0197639131753,0.0,1.1917383203390997,11.616801978025089,0.06202936282519987,0.632748285881018,1.631390396130239,2554.1964285714284,226.68315395842004,23.411293641103892,0.09682409116716863,0.1143145331506843,0.09592251184652432,1.62455798125576
Track_1022,185,185,2,0,0,0,0,0,1.0,11.0,12.0,0.5993056952411373,858.6541636998008,184.3721606620207,0.0,0.5993056952411373,0.5993056952411373,0.5993056952411373,0.5993056952411373,NaN,1922.0,0.5993056952411373,0.5993056952411373,1.0,0.5993056952411373,1.0,NaN
Track_1023,186,186,12,2,0,0,0,1,13.0,11.0,24.0,0.5514090249959654,605.5267540655697,332.4087915083691,0.0,0.5217981984702643,1.0003135862837937,0.1448019035002014,0.6061053022294648,0.2842972182884771,1851.0,6.774807320164323,1.6904744304352977,0.0813911007261814,0.042416078845843495,0.08128828150459906,1.6196293061522717
Track_1024,187,187,175,11,0,0,0,6,194.0,0.0,194.0,0.608212441677395,775.8209575359939,334.7043231788165,0.0,0.2179639324150816,2.8734173877603024,0.006626270740619724,0.15187766976277395,0.3323816346105377,1732.2742857142857,42.77897242715291,2.366638966233357,0.014217556130248396,0.0031351156787494585,0.014383644321387412,1.8568352272947197
Track_1025,188,188,19,3,0,0,0,8,36.0,0.0,36.0,6.4995978481327485,455.9982512480587,633.4848677128626,0.0,0.46536632660432165,2.972776239143395,0.029243266583105925,0.2550833007325215,0.6711400100676835,3462.2631578947367,12.629662696193911,6.4995978481327485,0.5146295672719331,0.18054438467035414,0.38796185789321674,1.6329025287822085
Track_1026,189,189,11,1,0,0,0,1,11.0,11.0,22.0,0.3068093781685961,177.3083286963479,530.284083237466,0.0,0.8147281114454645,2.133982414161331,0.143559405221256,0.33295226475848977,0.835286470897011,2946.0,8.844887190065325,2.133982414161331,0.034687766115684075,0.027891761651690553,0.0342344412324326,2.2605890396232056
Track_1027,190,190,59,6,0,0,0,6,71.0,10.0,81.0,32.90734102097206,285.2141039688879,344.00963931418215,0.0,1.1338660538842067,25.802803950953336,0.0465645285052547,0.30345776828733073,3.9830167260686946,1726.7457627118645,81.28393648504913,40.50806061158434,0.40484433264406233,0.46348367635171916,0.4087640464797364,1.6429883675235342
Track_1028,191,191,8,0,0,0,0,0,7.0,0.0,7.0,11.780556934473342,655.8832647175562,187.98798870166854,0.0,2.491087483315866,13.435777591252675,0.2687277497232742,0.739090348329623,4.839137791142391,1953.375,17.43761238321106,11.780556934473342,0.6755831403739463,1.6829367049247632,0.6755831403739463,2.3291683733859467
Track_1029,192,192,6,1,0,0,0,3,8.0,0.0,8.0,3.9346574030824324,181.33350538569564,636.055328256467,0.0,1.282433794874129,2.556488672907654,0.6326773507858492,1.0877368307619324,0.750721487827231,3027.1666666666665,10.210347537776503,4.5071487199828315,0.38535979196838177,0.49183217538530405,0.38351467136249123,1.6179301406490174
Track_1030,193,193,89,3,0,0,0,4,96.0,0.0,96.0,28.233469090907356,549.156010359834,238.6301545680187,0.0,0.9870152035368015,5.039479132847667,0.04051188066467383,0.8363708319577593,0.77226490582058,1831.9213483146068,92.72232243125063,30.1708985869215,0.3044948438585669,0.29409863636361827,0.29796768612050323,1.3801302306284773
Track_1031,194,194,11,2,0,0,0,7,21.0,2.0,23.0,1.5062603659668334,417.8694577921167,17.8364536438797,0.0,5.117263372891802,20.498588102585458,0.28339752799607776,1.5959980039218742,8.08122059230431,2435.090909090909,55.96730785673477,20.2300051651381,0.026913218156259397,0.07172668409365873,0.014016609829703854,1.6454032976262927
Track_1032,195,195,73,4,0,0,0,4,80.0,0.0,80.0,0.8041654265699199,656.0901284202503,18.567446224554338,0.0,0.31274363868880395,0.7958624209990119,0.012065572819192788,0.2985855188231665,0.18462409580046998,1758.849315068493,23.731022653502134,1.8041605494541264,0.03388667392516454,0.010052067832123998,0.032141558096170655,1.7507333743870146
Track_1033,196,196,7,0,0,0,0,0,6.0,1.0,7.0,7.825421897950078,635.3748526641084,23.036374876574634,0.0,1.8722236859646637,6.796801217985895,0.20721591199225928,1.302381741585918,2.452044672231017,3662.714285714286,11.233342115787982,7.825421897950078,0.6966245501373791,1.3042369829916798,0.6966245501373792,1.466013545241817
Track_1034,197,197,4,0,0,0,0,0,3.0,0.0,3.0,1.6540537477770638,55.537702644118326,482.5188610596595,0.0,0.9143142175550036,1.1329861925527234,0.5823248416489563,1.0276316184633314,0.2922971191377952,2601.25,2.742942652665011,1.6540537477770638,0.6030216294059245,0.5513512492590212,0.6030216294059245,1.0364177921862252
Track_1035,198,198,38,1,0,0,0,3,40.0,0.0,40.0,1.994359187314891,531.7141835270683,308.4970541392139,0.0,0.476504862005742,1.2244172288522621,0.10339845865268169,0.46050208877779314,0.2718805793958822,1887.657894736842,18.175691950955883,3.7026267857877673,0.10972672692166775,0.04985897968287227,0.10463477638612523,1.531332817672106
Track_1036,199,199,154,8,0,0,0,9,194.0,0.0,194.0,61.67880161689157,487.3836257709933,540.7817888080467,0.0,0.8763095481922327,6.388507364298256,0.02911914105550842,0.6161549139250166,0.8409685676436326,2183.1103896103896,191.96782115521162,65.23094130055416,0.3212976073058747,0.3179319670973792,0.3628078317225361,1.647406379098268
Track_1037,200,200,7,0,0,0,0,0,6.0,0.0,6.0,0.42770770053085744,535.2746462299099,212.66271552599702,0.0,0.2557710216978322,0.3732798350492727,0.11685027909602777,0.2657340511235237,0.08171270065217583,2141.714285714286,1.5346261301869935,0.5975636189121153,0.2787048207492345,0.0712846167551429,0.2787048207492345,1.9679573396193155
Track_1038,201,201,8,2,0,0,0,7,15.0,0.0,15.0,17.336920078920368,659.5919283612794,522.3155023188496,0.0,0.7760244306735772,2.00850442816022,0.21637364865235328,0.5239591527670698,0.6074559086758478,1969.125,19.995015918750024,17.65881627514867,0.8670620793386282,1.1557946719280245,1.4893792337501703,1.2655758531593395
Track_1039,202,202,12,1,0,0,0,6,17.0,0.0,17.0,3.5745080846304425,474.6210295937132,338.3568415849793,0.0,0.7450465740625101,2.862121402528642,0.022575514575788973,0.6522617314316549,0.7676014789985396,2548.5,8.330965402142345,3.6413837464455523,0.4290628891234192,0.21026518144884956,0.2822174999105601,1.6801570601144646
Track_1040,203,203,30,6,0,0,0,8,52.0,0.0,52.0,7.012486987955446,106.59207250957297,521.032511309818,0.0,1.1468230184890815,6.763940398708553,0.06581981778555383,0.6088108688697891,1.4106619173251094,2502.1666666666665,50.5769880397553,8.531662249737565,0.13864975475493685,0.1348555189991432,0.11759052340683995,1.5982155809454976
Track_1041,204,204,2,0,0,0,0,0,1.0,7.0,8.0,0.26923172377260945,45.64156958023663,559.1922206736151,0.0,0.26923172377260945,0.26923172377260945,0.26923172377260945,0.26923172377260945,NaN,1659.5,0.26923172377260945,0.26923172377260945,1.0,0.26923172377260945,1.0,NaN
Track_1042,205,205,12,2,0,0,0,7,21.0,4.0,25.0,0.9434214581760184,620.1174882672077,7.570152137348752,0.0,0.3302579281809923,0.7413710044522557,0.08252252493784583,0.308632235907642,0.1680212840466528,2424.3333333333335,5.136391592278763,1.0447542639767609,0.1836739744676416,0.04492483134171516,0.13602953179399485,1.0810725161025072
Track_1043,206,206,6,1,0,0,0,2,7.0,0.0,7.0,9.072630069839867,281.60449852536317,69.81478503527664,0.0,0.8321801079019318,2.8897610984214346,0.1949503923925146,0.33029404929506523,1.1567114633878768,2018.6666666666667,9.940422736352527,9.301242591396118,0.9127006275760178,1.296090009977124,1.5574633395705508,1.3237198675301929
Track_1044,207,207,8,2,0,0,0,8,16.0,10.0,26.0,19.98403856277276,159.03334236560275,225.0573085737413,0.0,0.4141719682910123,2.2167498726790784,0.035581350466638365,0.11883918940354112,0.7970660761273174,1664.25,20.66878410993635,19.98403856277276,0.9668705452859995,1.2490024101732975,3.015661381737218,1.3781961553843936
Track_1045,208,208,2,0,0,0,0,0,1.0,5.0,6.0,0.05861714328094833,818.9991624243291,441.1317645392139,0.0,0.05861714328094833,0.05861714328094833,0.05861714328094833,0.05861714328094833,NaN,4097.0,0.05861714328094833,0.05861714328094833,1.0,0.05861714328094833,1.0,NaN
Track_1046,209,209,3,0,0,0,0,0,2.0,0.0,2.0,0.8581543907839874,746.4301696848485,610.3948563865474,0.0,0.4290859769441451,0.44582272280883395,0.41234923107945626,0.44582272280883395,0.02366933299183478,3021.6666666666665,0.8581719538882902,0.8581543907839874,0.9999795342830499,0.4290771953919937,0.9999795342830499,0.012805302649790476
Track_1047,210,210,3,0,0,0,0,0,2.0,0.0,2.0,3.2235802779921388,291.4515242808425,355.92288405000835,0.0,2.231726697910866,2.5229400665027004,1.9405133293190313,2.5229400665027004,0.41183789540692756,2250.0,4.463453395821732,3.2235802779921388,0.722216631859482,1.6117901389960694,0.722216631859482,1.5441732923402942
Track_1048,211,211,174,4,0,0,0,3,182.0,12.0,194.0,19.605824651718795,445.7724522766331,297.9939931885624,0.0,1.2546509267905608,6.934509195079686,0.08615590313939366,0.632397847673979,1.4674172781631576,2797.574712643678,227.33377362949003,29.01712334955014,0.08624246339953204,0.10772431127318019,0.08585998621046143,1.4794881955615231
Track_1049,212,212,16,1,0,0,0,1,16.0,16.0,32.0,4.342337598964006,51.718410181084856,421.28001526220265,0.0,1.0681336422734422,3.677779656579867,0.24310484452034922,0.5685093693012149,0.9991442383639627,2054.625,18.461552582143923,5.832103469132703,0.2352097733732281,0.2713960999352504,0.2540844040429287,1.3666520157176774
Track_1050,213,213,9,1,0,0,0,6,14.0,18.0,32.0,1.5240161684605218,823.9776878747781,437.0758285356048,0.0,0.26181283326149263,0.5990388284540112,0.02501058162300503,0.2864201894456718,0.20289441188934917,1861.4444444444443,2.4917708081279835,1.5319860593862966,0.6116197218015745,0.10885829774718013,0.4157867144673347,1.1065948285565785
Track_1051,214,214,181,1,0,0,0,1,181.0,13.0,194.0,11.03500503104629,122.09920093502534,380.2573342205468,0.0,0.6945879612428595,6.426758848870244,0.010864163807060696,0.40591641224871666,1.0379526046282324,3344.3480662983425,125.25495488973148,17.657274661121004,0.08810034733365228,0.060966878624565145,0.08777416544259448,1.709663696520218
Track_1052,215,215,100,5,0,0,0,6,116.0,19.0,135.0,4.622272171414861,632.1749840525694,31.36159437276076,0.0,1.49196113813069,7.267364917246085,0.22162663927460205,1.2625533561724196,1.2178950203980967,4442.96,163.22193167539214,19.28107861855835,0.028318940500026743,0.03984717389150742,0.026707916763457254,1.3365751436574178
Track_1053,216,216,25,1,0,0,0,1,25.0,12.0,37.0,3.497482278195846,465.88617600670955,234.73709667794125,0.0,1.7371569500176234,5.921540341042035,0.44925246411505515,1.4287314471278643,1.4554534609296503,2436.92,44.448216119207935,11.86555914480245,0.07868667369722489,0.13989929112783384,0.08053347806392196,1.129809401415759
Track_1054,217,217,178,2,0,0,0,2,180.0,14.0,194.0,0.6058264378355931,114.36480119373262,589.4708969906584,0.0,0.4029500894353247,4.89419371118704,0.02725265641503378,0.23221700408049933,0.7795396980580044,1812.3820224719102,71.71846186150064,5.727226127613872,0.008447287101688501,0.0033657024324199617,0.00835265339470826,1.8566608574235304
Track_1055,218,218,91,4,0,0,0,4,98.0,16.0,114.0,16.2419525175567,185.00690378381594,184.53790595637466,0.0,1.0084753271447098,6.211163874337868,0.06691676744510475,0.6915351729027888,1.1155365513553268,4631.219780219781,95.38453002121452,16.27977032236214,0.17027868684727304,0.1657342093628235,0.16434136255178972,1.388729305169234
Track_1056,219,219,166,3,0,0,0,6,175.0,19.0,194.0,18.769149578977462,311.48111986162576,320.51094324713875,0.0,0.6629484465602984,7.477896776126547,0.005202753885889112,0.418948156659323,0.8427290417985456,4789.753012048192,124.19566427000281,31.652790866423768,0.15112564266473194,0.10725228330844264,0.16178072950456415,1.5333866860780945
Track_1057,220,220,2,0,0,0,0,0,1.0,1.0,2.0,0.4092356384364218,22.081581669880322,522.5574094538903,0.0,0.4092356384364218,0.4092356384364218,0.4092356384364218,0.4092356384364218,NaN,2487.5,0.4092356384364218,0.4092356384364218,1.0,0.4092356384364218,1.0,NaN
Track_1058,221,221,3,0,0,0,0,0,2.0,14.0,16.0,0.34833327181176127,572.8053636027013,161.78617076973876,0.0,0.37523284401419554,0.4551978717221737,0.29526781630621735,0.4551978717221737,0.11308762670016306,2305.6666666666665,0.7504656880283911,0.4551978717221737,0.4641561597931222,0.17416663590588063,0.4641561597931222,2.2702108527006093
Track_1059,222,222,10,3,0,0,0,3,16.0,16.0,32.0,53.86498542785117,298.86242402936017,377.0012452579111,0.0,2.0956441442946074,11.487947746264231,0.0906172624016812,0.29308576857976176,3.8172698883552907,1938.2,58.52120995848246,53.86498542785117,0.9204352655398851,3.366561589240698,1.606456706118815,1.261207118549796
Track_1060,223,223,175,2,0,0,0,3,178.0,16.0,194.0,1.9627361646289962,454.43362995028207,497.1614825488453,0.0,0.7562278818651201,7.070844647959176,0.03527305085746332,0.4413551528950317,1.0075432394213242,3537.074285714286,136.7076596070758,11.256988861650703,0.014357177719743566,0.011026607666455034,0.01458106469079082,1.687255465941692
Track_1061,224,224,3,0,0,0,0,0,2.0,15.0,17.0,0.27204663161339665,710.7255307889864,515.8718268770541,0.0,0.2705084357962143,0.3295237010760847,0.21149317051634398,0.3295237010760847,0.0834601885458387,1664.0,0.5410168715924286,0.27204663161339665,0.502843156836597,0.13602331580669833,0.502843156836597,2.176053788687277
Track_1062,225,225,41,9,0,0,0,9,78.0,21.0,99.0,47.54333001229889,809.9069595890152,73.92122460281308,0.0,2.0285012985160646,29.264310638657182,0.027653607504984273,0.4328362027173615,5.423751535739849,1855.6097560975609,132.1020031619267,47.59988593782943,0.35989863040927317,0.6095298719525498,0.3004828601285328,1.4577094541147098
Track_1063,226,226,3,0,0,0,0,0,2.0,21.0,23.0,1.512561337585652,642.837454669152,12.383026690008071,0.0,0.9306336668911115,1.1540394425459999,0.707227891236223,1.1540394425459999,0.3159434778436243,1857.3333333333333,1.861267333782223,1.512561337585652,0.8126513102833129,0.756280668792826,0.8126513102833129,1.2877622259954289
Track_1064,227,227,116,13,0,0,0,9,172.0,22.0,194.0,14.214594576863654,508.9303771820458,545.0618209252463,0.0,0.6291142642054103,4.131433150299541,0.0837264257874576,0.42549783089446175,0.6934391386891133,2077.0258620689656,92.78600618622431,16.495938664745804,0.15319761202281446,0.08264299172595148,0.1313640405695331,1.5335568078320612
Track_1065,228,228,6,1,0,0,0,2,7.0,23.0,30.0,12.869655220383938,829.0077907744584,51.34909854235047,0.0,1.7494577507640252,4.0412301326122915,0.2810971435496599,1.2267846507008688,1.6604379789697072,2206.8333333333335,14.515097679066095,12.869655220383938,0.8866392431478267,1.8385221743405626,1.0509097310510307,0.535037648632533
Track_1066,229,229,2,0,0,0,0,0,1.0,23.0,24.0,0.5335392608017747,5.904949631705501,96.12522145499095,0.0,0.5335392608017747,0.5335392608017747,0.5335392608017747,0.5335392608017747,NaN,1835.0,0.5335392608017747,0.5335392608017747,1.0,0.5335392608017747,1.0,NaN
Track_1067,230,230,19,5,0,0,0,5,30.0,23.0,53.0,22.067597402368495,653.7651962951084,183.55753715928248,0.0,0.9014136506136744,3.4634923403013467,0.09740132962423398,0.6659406367489622,0.8044582983203703,2080.6315789473683,35.45718589687887,22.067597402368495,0.6223730632923975,0.7355865800789498,0.8160366548456073,1.6443169491650043
Track_1068,231,231,39,0,0,0,0,0,38.0,24.0,62.0,29.744105709701355,428.64289970326513,509.4250728636674,0.0,1.2937844117085548,5.229380405745041,0.26183147707235416,0.9976636632482997,1.0348713615484681,2012.6666666666667,49.16380764492509,29.744105709701355,0.6050000423995165,0.7827396239395094,0.6050000423995167,1.258584496793338
Track_1069,232,232,3,0,0,0,0,0,2.0,24.0,26.0,0.1998485074751072,110.77189167115955,14.851553808212325,0.0,0.107354903662969,0.16194705500891138,0.052762752317026616,0.16194705500891138,0.07720496083255633,1958.3333333333333,0.214709807325938,0.1998485074751072,0.9307842523081828,0.0999242537375536,0.9307842523081828,0.8769558059417395
Track_1070,233,233,153,7,0,0,0,3,163.0,31.0,194.0,15.273972462427478,365.5805987894796,580.5040102677003,0.0,0.5364461217829253,5.959235619585269,0.009714269087624799,0.18171250716805812,1.087744400970508,2092.97385620915,91.9910930288531,21.57624337362131,0.16603751471500378,0.09370535253022992,0.1746780314466475,1.7813716826045516
Track_1071,234,234,3,0,0,0,0,0,2.0,31.0,33.0,0.5921988348455611,841.1029062017011,495.3054878642652,0.0,0.2973748864994964,0.3202699221111818,0.27447985088781096,0.3202699221111818,0.03237846987306053,1662.3333333333333,0.5947497729989928,0.5921988348455611,0.9957109052088096,0.29609941742278056,0.9957109052088096,0.18585654563038617
Track_1072,235,235,149,11,0,0,0,3,163.0,31.0,194.0,12.26528813376256,719.1673352921724,525.6509999136684,0.0,1.135722078184615,16.407875840636887,0.01680232312871265,0.3280350352594171,1.9317775222055256,2706.3489932885905,197.43911091421575,26.679494950986456,0.06212187685089222,0.07524716646480098,0.0662549121040943,1.8923554429759402
Track_1073,236,236,159,0,0,0,0,0,158.0,36.0,194.0,6.709773057469419,716.2153991610986,566.6359703598497,0.0,0.25546788304065693,6.339380068354677,0.007878965636596387,0.10933694415073412,0.6454346429756288,2096.949685534591,40.363925520423784,7.017814089239251,0.1662319254373397,0.04246691808524949,0.16623192543733964,1.914192759038522
Track_1074,237,237,7,1,0,0,0,4,10.0,37.0,47.0,2.8472034887731965,253.32551011201915,353.6920272659775,0.0,0.5523857871078566,0.8185050122501973,0.36856049375070166,0.5543806354546854,0.19401501110078573,1745.857142857143,4.788556697649946,3.301227045256442,0.5945848965661205,0.2847203488773197,0.5154374995201069,0.967056249859333
Track_1075,238,238,51,0,0,0,0,0,50.0,32.0,82.0,14.880949300314146,53.50695318733082,481.41981971524496,0.0,0.9322301856690229,5.554722334973817,0.08371642138872677,0.4589438423624643,1.1812426886701806,2624.0,46.61150928345117,16.80333795491988,0.31925482630954927,0.29761898600628295,0.31925482630954943,1.6599405939115297
Track_1076,239,239,139,9,0,0,0,5,158.0,36.0,194.0,13.106963243905064,460.0444711369006,244.40997535650752,0.0,1.0951709583296882,6.4419610969682095,0.034012287630008,0.5917787133467015,1.4075740121122522,1828.8489208633093,157.71587577045815,15.276714090055236,0.08310490735239055,0.0829554635690194,0.07574658818157469,1.7029931968274834
Track_1077,240,240,48,9,0,0,0,6,77.0,32.0,109.0,20.59510448707114,630.5573525263904,99.67030442809245,0.0,2.2674804395200976,19.728365516027,0.04716685967406256,0.2863278165426914,4.4576258072243675,2145.9583333333335,181.81139925676283,28.422951326080906,0.11327730038525109,0.2674688894424823,0.11795863143105699,1.6199498417617932
Track_1078,241,241,19,3,0,0,0,7,32.0,38.0,70.0,46.85354555732142,319.19503912497777,244.74397844089142,0.0,0.5068752193802102,6.7446614356596575,0.020902151614356414,0.12778269679655355,1.5596088134329837,1967.4736842105262,49.96070421178463,46.98005556485367,0.9378079491975956,1.4641732986662943,2.8886267126190064,1.657680039414587
Track_1079,242,242,21,1,0,0,0,7,27.0,39.0,66.0,5.0354816684380115,142.1839123488388,613.9965179494867,0.0,0.6328025291203344,1.8989882512389529,0.05681362938883492,0.49363783562054253,0.5299934881446456,2859.2380952380954,15.687307712478866,7.782752021035212,0.3209908137667504,0.1864993210532597,0.2947196202147207,1.3016709800973443
Track_1080,243,243,121,10,0,0,0,8,153.0,41.0,194.0,45.79644509175907,93.19657304978885,66.62336884498936,0.0,1.6618555770383163,8.634947887832878,0.09527379788440338,1.1082909226823163,1.5964624053304683,3551.206611570248,222.57894335089327,45.93347565003081,0.20575371776997553,0.299323170534373,0.18011382858419817,1.3607089221260296
Track_1081,244,244,28,5,0,0,0,9,47.0,40.0,87.0,0.3033140419859517,296.79272045684075,356.1261971433103,0.0,0.16679277346205112,0.5177428512096668,0.0045807074376173875,0.13372038394063698,0.11624343621204662,1769.9642857142858,5.377399206106961,0.58436445027417,0.05640534212923721,0.006453490255020249,0.03869166583819984,1.8225020274294077
Track_1082,245,245,16,2,0,0,0,2,18.0,39.0,57.0,0.21757683167453531,154.52629161881197,222.59066520414237,0.0,0.2437240104782566,0.7237648627836066,0.014130215152144451,0.20274623200774147,0.20455044462305833,1689.4375,3.7426188241141354,0.9389201948735464,0.05813491619094685,0.012087601759696406,0.049595449114664805,1.7995031289967027
Track_1083,246,246,19,2,0,0,0,5,24.0,39.0,63.0,12.771556810160169,360.4362340726625,589.2913749968137,0.0,0.9850661599269133,5.073317534530838,0.1341319477940026,0.3985002527285692,1.5664398420891148,1861.7368421052631,29.54454937460982,12.880709663938111,0.4322813202605781,0.5321482004233403,0.5402156952207382,1.7282243800236077
Track_1084,247,247,7,0,0,0,0,0,6.0,38.0,44.0,2.4204645512809404,621.1635720713779,7.759369944101946,0.0,1.0234506716855616,2.383234150862337,0.07266838828920179,0.8378612326845197,0.8841213871523693,2739.8571428571427,6.14070403011337,3.9919311812382343,0.3941672712788689,0.4034107585468234,0.39416727127886897,0.8501445908219247
Track_1085,248,248,2,0,0,0,0,0,1.0,40.0,41.0,0.43201918996294053,60.43173095185126,84.2113621781485,0.0,0.43201918996294053,0.43201918996294053,0.43201918996294053,0.43201918996294053,NaN,2542.0,0.43201918996294053,0.43201918996294053,1.0,0.43201918996294053,1.0,NaN
Track_1086,249,249,2,0,0,0,0,0,1.0,38.0,39.0,0.021668105004975857,523.9560245748779,620.1031912186083,0.0,0.021668105004975857,0.021668105004975857,0.021668105004975857,0.021668105004975857,NaN,2169.5,0.021668105004975857,0.021668105004975857,1.0,0.021668105004975857,1.0,NaN
Track_1087,250,250,32,4,0,0,0,9,53.0,36.0,89.0,5.497999469857947,473.5783536912859,339.26418072660675,0.0,0.4448918191918004,1.7385572945027858,0.04617803966961899,0.2860101757054553,0.4325034401734562,2924.875,22.446857314462182,5.497999469857947,0.2449340410033999,0.10373583905392353,0.23317092960345323,1.8248910485215792
Track_1088,251,251,137,3,0,0,0,6,146.0,43.0,189.0,17.986726787979997,288.5347176644128,544.4372275969711,0.0,0.5804605159378879,3.1684269449129094,0.03566500683438038,0.46538274613630737,0.480048854677082,2053.4379562043796,93.64429646079594,18.726026627878117,0.19207498446539256,0.1231967588217808,0.2122396880392868,1.6838041615314987
Track_1089,252,252,4,0,0,0,0,0,3.0,45.0,48.0,0.2238231472149124,343.3768923013717,235.13392075074663,0.0,0.4959175490574347,0.6364650297364968,0.27599533818291844,0.5752922792528887,0.19289857562300408,1947.5,1.4877526471723042,0.5752922792528887,0.15044379026333557,0.07460771573830413,0.15044379026333557,3.0439825681762054
Track_1090,253,253,12,4,0,0,0,8,22.0,45.0,67.0,2.664485573617086,181.8767897681573,633.653236049563,0.0,0.6741511312472848,1.3233443490665624,0.1478131099953749,0.6444440696161682,0.39300232895941223,2209.5,10.453773428638467,2.664485573617086,0.25488265953015943,0.12111298061895845,0.17965256602756202,1.678626749130992
Track_1091,254,254,130,10,0,0,0,6,150.0,44.0,194.0,3.3238762249771088,475.3483715579188,7.564713086269185,0.0,0.6029536210026565,15.681217089060661,0.011861610039208255,0.20857835452908896,1.93373660758294,2229.492307692308,79.83233424739274,16.120850676173326,0.041635713853446096,0.022159174833180726,0.03675104363140245,1.8179546264877746
Track_1092,255,255,27,3,0,0,0,3,32.0,46.0,78.0,2.2673238488169325,734.3931488570199,609.1096994943725,0.0,1.7543151145631197,5.594083771862667,0.11053770453422057,1.0863389926512483,1.8093104907332107,2773.222222222222,52.035449881712346,6.436191462693094,0.04357267697254549,0.07085387027552914,0.04038833712789051,1.558026471488637
Track_1093,256,256,4,0,0,0,0,0,3.0,49.0,52.0,0.5194123987232007,495.04027254875865,169.78537745008677,0.0,0.4617504609275918,0.8996522963242011,0.0772417827846704,0.4083573036739039,0.41379691290079296,1660.75,1.3852513827827753,0.5812844864537654,0.3749589462092968,0.17313746624106688,0.37495894620929676,2.404217607731888
Track_1094,257,257,96,13,0,0,0,9,145.0,49.0,194.0,14.590899717209135,652.5578341877468,17.833536035021794,0.0,1.0143155483367798,32.28299287771852,0.023297262445288864,0.3320525074245399,3.6810550428846547,1870.8020833333333,155.10538282363248,32.37128018612817,0.0940708791119144,0.10062689460144231,0.0992066963445891,1.5374141969073778
Track_1095,258,258,56,2,0,0,0,4,63.0,54.0,117.0,9.566603959615406,732.634842337038,587.2982501606659,0.0,1.546519422802859,6.211878179451446,0.21599689854152287,1.1896351488508827,1.255954608716812,2688.089285714286,103.04214170494339,20.415274599525564,0.09284166459785893,0.15185085650183186,0.098188780731006,1.382214432599543
Track_1096,259,259,5,0,0,0,0,0,4.0,52.0,56.0,1.0455071007061507,53.79702986661945,471.01240194521824,0.0,0.3710357618889064,0.6799697533940163,0.14353073221282509,0.49492823333304414,0.261218289990752,1672.2,1.4841430475556256,1.0455071007061507,0.7044517052639194,0.2613767751765377,0.7044517052639194,0.6744398428524434
Track_1097,260,260,11,3,0,0,0,7,20.0,50.0,70.0,27.108288782770753,92.58331400525522,223.51117919075057,0.0,0.6417857154324138,3.3927370448155862,0.06422865828517042,0.41539876694067557,0.9835390350371677,1754.090909090909,30.44965908577689,27.81464038666693,0.8902657565526932,1.3554144391385377,2.111942361050066,1.2191189843043824
Track_1098,261,261,2,0,0,0,0,0,1.0,55.0,56.0,0.23237535932570605,500.0664606339576,544.8654938477409,0.0,0.23237535932570605,0.23237535932570605,0.23237535932570605,0.23237535932570605,NaN,2821.0,0.23237535932570605,0.23237535932570605,1.0,0.23237535932570605,1.0,NaN
Track_1099,262,262,13,3,0,0,0,6,24.0,47.0,71.0,1.9472516827842212,456.18308122978766,633.2236377822127,0.0,0.48888467508102096,0.8605966475041537,0.1418320021767455,0.6024729884310857,0.26476276029411805,3168.5384615384614,9.582263588889935,2.659901341162154,0.20321416382679597,0.08113548678267589,0.16596038067511448,1.5479712713137308
Track_1100,263,263,7,1,0,0,0,4,10.0,57.0,67.0,1.7411431672959945,767.2554913777441,606.3940462419688,0.0,0.7115080064592205,2.058980200281085,0.30177943156603776,0.6037676954167462,0.6753643462639038,1691.7142857142858,6.684118820422309,3.787750623847399,0.2604895595177327,0.17411431672959946,0.24471167597406182,1.5794020825181694
Track_1101,264,264,2,0,0,0,0,0,1.0,58.0,59.0,0.37409275164805594,658.9521525794611,534.6836850069697,0.0,0.37409275164805594,0.37409275164805594,0.37409275164805594,0.37409275164805594,NaN,1664.0,0.37409275164805594,0.37409275164805594,1.0,0.37409275164805594,1.0,NaN
Track_1102,265,265,9,2,0,0,0,7,19.0,57.0,76.0,32.78655700326575,279.789712815312,553.8075761937927,0.0,1.614276197294076,5.761958178472428,0.2873134026209227,0.9441516814581291,1.8211229374231552,1974.3333333333333,36.598728747491506,32.78655700326575,0.8958386841650328,1.7256082633297762,1.0689671731654844,1.1263995753759328
Track_1103,266,266,5,0,0,0,0,0,4.0,56.0,60.0,0.29950098926068824,462.02558165937216,16.42350880360567,0.0,0.18189371463249437,0.3032403707772122,0.08089416059875362,0.2128361881132012,0.09749184256814895,1661.8,0.7275748585299775,0.29950098926068824,0.41164285124669164,0.07487524731517206,0.41164285124669164,1.588364281644702
Track_1104,267,267,2,0,0,0,0,0,1.0,47.0,48.0,0.14767749053805204,830.5014572967394,22.658832635287858,0.0,0.14767749053805204,0.14767749053805204,0.14767749053805204,0.14767749053805204,NaN,1686.5,0.14767749053805204,0.14767749053805204,1.0,0.14767749053805204,1.0,NaN
Track_1105,268,268,8,2,0,0,0,3,12.0,56.0,68.0,0.28381507326147387,523.7671361736105,620.1049379488121,0.0,0.11499809389492976,0.22588886075704018,0.017989084183640664,0.10294326494835394,0.08587603351613476,2202.0,1.0942675815008271,0.34257984070108777,0.25936533080164115,0.023651256105122823,0.20566650545297083,1.3977248400691298
Track_1106,269,269,4,0,0,0,0,0,3.0,59.0,62.0,0.16115574826577758,404.9924659843228,420.0312090761592,0.0,0.17728014933447706,0.2693973374754999,0.0850104008341637,0.17743270969376762,0.0921935629910866,1717.0,0.5318404480034311,0.20032455302074234,0.30301521606859416,0.053718582755259196,0.3030152160685941,2.3362186595467396
Track_1107,270,270,82,6,0,0,0,9,96.0,60.0,156.0,7.449033223534884,355.3130338582639,546.4402946804996,0.0,1.237909169155624,4.936394519464723,0.09778578961708469,1.0673589770854641,0.9558429253857151,1881.1463414634147,107.17985014355574,9.196451775086267,0.06950031385150954,0.07759409607848837,0.06268157471635434,1.6946957850833446
Track_1108,271,271,121,6,0,0,0,4,133.0,61.0,194.0,5.172457009515004,294.3504107025582,94.31075484937048,0.0,0.6786558546259249,2.962332543497114,0.009153735810844839,0.5753988875605174,0.5317022657613165,1796.7685950413222,88.00786130936746,6.93716064745766,0.058772670220136956,0.03889065420687973,0.05730541325443403,1.830035699335395
Track_1109,272,272,9,1,0,0,0,1,9.0,57.0,66.0,1.056853542120031,617.7969340520385,134.17906386922417,0.0,0.774549640680251,0.9830693507265955,0.4639047810594721,0.853504453740727,0.19537256303180356,1701.2222222222222,6.807885836168547,2.0720967140343216,0.15523960999834044,0.11742817134667011,0.15160832202250896,1.5582211694868622
Track_1110,273,273,82,1,0,0,0,7,88.0,60.0,148.0,0.07828875579987334,27.40257869439252,511.3044699782037,0.0,0.10999974463817402,0.24892689113386127,0.0068917747556586995,0.10508676696366133,0.05835490066351645,1703.5,8.995069019032107,0.550468756289026,0.008703519187482278,8.89644952271288E-4,0.008087700159646988,1.9445200211791391
Track_1111,274,274,132,2,0,0,0,1,133.0,61.0,194.0,5.736163290891612,387.04896190008316,172.85475216422898,0.0,1.6180270001904615,7.5000067087561995,0.059216972822716214,1.2588279439437302,1.300252318262955,2852.568181818182,221.05079754231144,20.826452336251567,0.025949525424325375,0.043129047299936926,0.02665533226260137,1.4312663434051296
Track_1112,275,275,21,4,0,0,0,5,28.0,63.0,91.0,20.261675909807533,764.3091453167808,71.59887704812897,0.0,1.194885714757306,19.932998959423028,0.05733740804731956,0.18675035716299887,4.4123992483933785,1793.952380952381,24.60458569632886,20.63562919201879,0.8234918547248973,0.7236312824931261,0.6056071083250865,1.4774853392663672
Track_1113,276,276,5,0,0,0,0,0,4.0,63.0,67.0,0.1620281291718254,393.90183959436206,26.957970562402455,0.0,0.43894946515709005,0.5625090993590403,0.3369595991786831,0.462176696537249,0.09697970821688194,1877.4,1.7557978606283604,0.45776013388297204,0.09228176705594071,0.04050703229295635,0.09228176705594072,2.0696207127730575
Track_1114,277,277,10,2,0,0,0,4,15.0,64.0,79.0,4.659994262405771,669.1410982646701,424.3029084652941,0.0,1.6627493643407936,5.019848415105819,0.058398586527973965,0.6835059160251769,1.9463324962469446,2800.8,15.660984898842436,4.659994262405771,0.29755435513830353,0.3106662841603847,0.1868389132017802,1.551563840165919
Track_1115,278,278,6,0,0,0,0,0,5.0,64.0,69.0,36.82553970716077,410.3641112481998,22.83450690423059,0.0,7.8201941335134375,35.899167621816396,0.05806023800596602,1.045316174004559,15.702475942413564,1800.3333333333333,39.10097066756718,36.82887593442294,0.9418062794463106,7.3651079414321545,0.9418062794463105,2.048531271690332
Track_1116,279,279,7,0,0,0,0,0,6.0,64.0,70.0,1.3617160858805177,495.60797703549423,173.56982425950304,0.0,0.8547301670416563,1.875377879475042,0.52611951532839,0.6714796479651468,0.5146587799221077,1798.857142857143,5.128381002249938,1.8470841324184317,0.26552553043213867,0.22695268098008628,0.26552553043213867,1.5948874668439614
Track_1117,280,280,2,0,0,0,0,0,1.0,65.0,66.0,0.36424360467471323,326.62786206912637,270.87525421010594,0.0,0.36424360467471323,0.36424360467471323,0.36424360467471323,0.36424360467471323,NaN,1814.5,0.36424360467471323,0.36424360467471323,1.0,0.36424360467471323,1.0,NaN
Track_1118,281,281,80,4,0,0,0,4,89.0,60.0,149.0,3.4414747985558707,19.010954098492526,526.8210181638157,0.0,0.7890427069631889,5.128028481167734,0.048214757175900166,0.37079392627103175,1.2256933776402705,3058.5,69.73029726016163,7.229174482619785,0.04935408185219449,0.03866825616354911,0.04900654403406468,1.537321935139477
Track_1119,282,282,89,8,0,0,0,6,105.0,66.0,171.0,24.97961015993078,726.4079661208134,537.4735725559319,0.0,0.8738707980536644,29.436945700488717,0.02800757826836964,0.2254705957253562,3.2004834158009157,1938.1460674157304,82.95660630727343,25.773688665961007,0.30111658699496036,0.2379010491421979,0.27223824125038265,1.7326786858699106
Track_1120,283,283,6,1,0,0,0,6,11.0,66.0,77.0,4.399006639498122,680.8124024236334,15.27803944029587,0.0,1.0908784860957295,2.1194926364308695,0.3358678340710443,1.0200911888113875,0.724832977425421,2032.0,11.574939563346973,6.193991016725445,0.38004575448738837,0.39990969449982927,0.3665941712088503,1.7341612762455436
Track_1121,284,284,9,0,0,0,0,0,8.0,67.0,75.0,1.1912755045512524,804.1417769672408,421.39803650880856,0.0,1.203430591796376,2.6845836267365684,0.4783469817099623,1.0381493981761658,0.7718630511393848,2823.777777777778,9.627444734371007,2.6215007691752343,0.12373745447722712,0.14890943806890655,0.12373745447722712,2.0314075735495285
Track_1122,285,285,20,3,0,0,0,2,23.0,69.0,92.0,10.000682023820497,55.500797395244334,461.2316172681538,0.0,1.477999542635173,5.988112421183288,0.2544388122963757,1.103089824909753,1.5858381620108133,1925.85,32.819546170738384,10.467334027948274,0.3047172551318524,0.434812261905239,0.29418971343522754,1.7458242396691661
Track_1123,286,286,13,2,0,0,0,6,21.0,68.0,89.0,17.451294385636103,649.022180234555,501.84683577197967,0.0,1.7393411449024745,18.40210904795148,0.05840645236285282,0.31230379721359613,5.248702891692176,2295.4615384615386,22.36315783437022,17.451294385636103,0.7803591297296569,0.831014018363624,0.4777751741221641,1.7110185699668223
Track_1124,287,287,2,0,0,0,0,0,1.0,72.0,73.0,0.19566379416200821,111.04302674504022,14.71418668067404,0.0,0.19566379416200821,0.19566379416200821,0.19566379416200821,0.19566379416200821,NaN,1822.0,0.19566379416200821,0.19566379416200821,1.0,0.19566379416200821,1.0,NaN
Track_1125,288,288,15,2,0,0,0,3,19.0,72.0,91.0,0.6811124650544366,573.2757964158614,32.877552354155156,0.0,0.3964429129410314,1.4097826341421333,0.08074143522945526,0.3078957352918247,0.37664103849057456,1854.0666666666666,6.331603738620379,1.4550289397955998,0.10757345108316066,0.03584802447654929,0.0904241778737043,1.4573220841723311
Track_1126,289,289,2,0,0,0,0,0,1.0,76.0,77.0,0.4620070561495712,632.5735536500567,527.9111917952334,0.0,0.4620070561495712,0.4620070561495712,0.4620070561495712,0.4620070561495712,NaN,1663.0,0.4620070561495712,0.4620070561495712,1.0,0.4620070561495712,1.0,NaN
Track_1127,290,290,11,1,0,0,0,1,11.0,78.0,89.0,0.756441994403664,385.9936089510522,496.71255104334483,0.0,0.5439130963760845,1.254833616411956,0.07272408367926647,0.48615085150561793,0.3702836038030929,1820.6363636363637,6.360961325356107,1.9323380621946777,0.11891944561717893,0.06876745403669672,0.12643095835506044,2.1998581236833035
Track_1128,291,291,2,0,0,0,0,0,1.0,79.0,80.0,0.35953950146580715,636.1780651377044,22.791103009560977,0.0,0.35953950146580715,0.35953950146580715,0.35953950146580715,0.35953950146580715,NaN,3048.5,0.35953950146580715,0.35953950146580715,1.0,0.35953950146580715,1.0,NaN
Track_1129,292,292,12,1,0,0,0,1,12.0,81.0,93.0,0.7358052081549309,89.21148727735397,226.87993383883114,0.0,0.21219618970464116,0.4924290303222846,0.07577072836159429,0.17172863238015146,0.1481872024600456,1761.5,2.505886719131204,0.7358052081549309,0.29363067473777743,0.061317100679577574,0.2889641928298793,1.0883980435769132
Track_1130,293,293,31,4,0,0,0,7,41.0,81.0,122.0,0.6610616825739403,426.3516657436787,636.727506838369,0.0,0.4193024292075167,0.8914552235984088,0.06364651334830854,0.4025331106564515,0.22017009847612426,1943.516129032258,14.011678306740766,1.3233360682519657,0.04717933627236613,0.01612345567253513,0.03845304617721516,1.894229627872639
Track_1131,294,294,98,8,0,0,0,6,113.0,81.0,194.0,41.331504234835286,458.62806971681687,18.164159263920126,0.0,0.6613022166271548,20.119665128804897,0.006840426636121816,0.15266881815957845,2.595594631963721,1713.2142857142858,104.75992251223258,41.686754463215294,0.39453546016139046,0.3657655242020822,0.5530988933737424,1.9351066948176676
Track_1132,295,295,2,0,0,0,0,0,1.0,78.0,79.0,0.46696642339114164,288.52825311269146,77.05129138482778,0.0,0.46696642339114164,0.46696642339114164,0.46696642339114164,0.46696642339114164,NaN,2949.5,0.46696642339114164,0.46696642339114164,1.0,0.46696642339114164,1.0,NaN
Track_1133,296,296,35,0,0,0,0,0,34.0,80.0,114.0,43.08738291417289,30.857259954851685,289.5139727618203,0.0,1.4622128351593127,42.308075880820745,0.04218605017085238,0.16246350202940177,7.224982824094713,1726.0285714285715,49.71523639541663,43.08738291417289,0.8666836575304955,1.2672759680639085,0.8666836575304955,2.2443718849389214
Track_1134,297,297,38,2,0,0,0,1,39.0,82.0,121.0,3.9164682633605246,604.5454695620385,287.0047715474434,0.0,0.8772825368017971,3.8100735762191857,0.12279302753959323,0.721955990933834,0.6981755168843348,2012.8684210526317,33.423033318238915,4.995575752593684,0.11717872001830881,0.10042226316309037,0.11446969357122698,1.6845341934203018
Track_1135,298,298,19,2,0,0,0,9,28.0,84.0,112.0,5.651080391216544,617.321087205764,191.9183567062998,0.0,0.7668080251730056,1.9714340124203964,0.2082369384954473,0.6360736994307865,0.5673214625583154,1674.9473684210527,15.885423022809109,5.86093273943222,0.35574000031994313,0.20182429968630514,0.2632005574547423,1.9829261259613928
Track_1136,299,299,35,7,0,0,0,6,52.0,86.0,138.0,4.508718925884191,214.16010096643853,237.23293088320523,0.0,0.4755603541121098,1.8950631805795894,0.015260111803622377,0.2938134424180732,0.46979090028960874,1740.7714285714285,22.340490544487274,4.508718925884191,0.20181825985001745,0.0867061331900806,0.18232414127953206,1.3090128688274665
Track_1137,300,300,5,0,0,0,0,0,4.0,86.0,90.0,9.266884634208694,378.1650857181004,584.9805857347428,0.0,2.614747600938667,3.1781785430392704,2.2661124507368084,2.6683252197790237,0.4138823276024987,1895.0,10.458990403754669,9.266884634208694,0.886020951972762,2.3167211585521734,0.886020951972762,0.4347981594322989
Track_1138,301,301,107,1,0,0,0,2,108.0,86.0,194.0,17.262189000000465,341.4329774050135,635.7397259249184,0.0,1.0540300478099505,5.623230437750595,0.10569236628479864,0.8115767666586343,0.8533941816999229,3284.8504672897197,112.6405625892248,19.459429843789696,0.15325020226463043,0.15983508333333762,0.15164186606011928,1.4688538946084377
Track_1139,302,302,97,6,0,0,0,5,106.0,88.0,194.0,0.5731206985882693,226.0361473922296,219.41899971685805,0.0,0.08234648243427325,0.2685146798553477,0.007423421307544937,0.07616370391859506,0.04625648687773881,1686.0515463917525,8.384712281111451,0.6037103191811402,0.06835305486621876,0.0054067990432855595,0.0656591378702924,1.9145893582093436
Track_1140,303,303,5,1,0,0,0,2,6.0,88.0,94.0,1.1111550670120205,677.9333592361675,247.37136518400698,0.0,0.5907462597825647,0.9970489793680567,0.158065382144839,0.8029803182155296,0.3794207660285957,1808.2,2.6791158034199367,1.1111550670120205,0.41474693463926127,0.18519251116867008,0.31348909637927064,0.7950475277294736
Track_1141,304,304,2,0,0,0,0,0,1.0,89.0,90.0,0.6500585170006067,377.98624178399245,7.178229654067813,0.0,0.6500585170006067,0.6500585170006067,0.6500585170006067,0.6500585170006067,NaN,2204.0,0.6500585170006067,0.6500585170006067,1.0,0.6500585170006067,1.0,NaN
Track_1142,305,305,26,5,0,0,0,6,35.0,91.0,126.0,5.673008044087836,284.2007433310586,76.78500197786687,0.0,1.7083961328516428,5.965587579710067,0.024160531183434912,0.6029606221718625,2.145396973226931,2504.653846153846,54.28707674965069,8.709799928008383,0.10450015701249449,0.1620859441167953,0.09487608933312357,1.645662433356219
Track_1143,306,306,34,0,0,0,0,0,33.0,91.0,124.0,3.8440345500514588,302.92071342581744,594.7934226364297,0.0,0.2544760294735202,3.11280981594059,0.019859101747020404,0.15804932189818122,0.5236509203655094,1763.8235294117646,8.397708972626168,3.996513708322677,0.45774800753178946,0.11648589545610481,0.45774800753178946,1.7962915372230837
Track_1144,307,307,63,3,0,0,0,9,77.0,94.0,171.0,0.4127901724020561,626.4371767566149,96.55627940639617,0.0,0.29775556060815056,2.2691680356452215,0.021972119873415123,0.1726115266879729,0.44414580262631986,2439.4603174603176,20.755257498465234,1.998684959747666,0.019888463076527974,0.005360911329896832,0.018004403742947553,2.0848500724938632
Track_1145,308,308,84,11,0,0,0,6,103.0,91.0,194.0,3.279311175187375,314.2563939471405,227.377716662209,0.0,1.8437946130603378,36.23223057642815,0.0202277655365428,0.15178964031044437,6.549362876414645,2032.8095238095239,188.4142872752074,47.26816049308608,0.017404790383000242,0.03183797257463471,0.01726763509835291,1.6843255674527424
Track_1146,309,309,63,7,0,0,0,8,100.0,90.0,190.0,46.4151536593594,814.5701648669991,47.860120189443194,0.0,2.0373096734007574,15.96565021236189,0.05340435059105429,0.5656135874194487,4.106669681291411,2127.4603174603176,152.39904015142164,46.4151536593594,0.30456329392391135,0.464151536593594,0.22782571675459332,1.7073974624759072
Track_1147,310,310,99,2,0,0,0,1,100.0,94.0,194.0,0.262077885057544,154.46905979669742,222.5980045916677,0.0,0.15727634307689875,0.4461742580133487,0.011292287396371075,0.1404628333708313,0.09071421409960935,1700.878787878788,15.484530584126594,0.6155690067823465,0.01692514239509486,0.0026207788505754398,0.01666352866110344,1.887805769306886
Track_1148,311,311,79,4,0,0,0,3,87.0,96.0,183.0,17.1567272918928,194.2081462692286,176.0898855917034,0.0,1.697132545127701,11.36462558199159,0.038964007611370456,1.1267238405104862,1.7821162545114368,2266.8860759493673,158.17655997832637,20.326934262947063,0.10846567465017348,0.1972037619757793,0.11619820887999097,1.2474653938273825
Track_1149,312,312,13,1,0,0,0,1,13.0,98.0,111.0,0.10878648275082954,238.05160541530387,339.2056939223503,0.0,0.23444592378726328,0.42289683009448364,0.12640056847276956,0.19015840975306084,0.10479257421917444,1940.7692307692307,2.9997338297971265,0.4467405979518776,0.03626537850466113,0.00836819098083304,0.03569348037983529,2.1702042258362275
Track_1150,313,313,12,2,0,0,0,9,26.0,91.0,117.0,16.768646611143545,436.93199452541694,24.280072803440387,0.0,2.9811006340822193,19.133899233311,0.42011963091566346,1.2353171889461305,5.411083785165317,1752.0833333333333,55.25167225023818,24.041234873336563,0.3034957301418376,0.644947946582444,0.21634558028967776,1.47316977233378
Track_1151,314,314,22,2,0,0,0,5,28.0,99.0,127.0,62.17954945108995,634.500604512517,93.67667761356167,0.0,4.158664563192968,19.896259962796886,0.023527039040185087,0.12438485067544648,7.369708515224135,2179.909090909091,128.92049212408904,62.224463097854645,0.4823092778085322,2.2206981946817836,0.5339931030592092,1.344976833937135
Track_1152,315,315,4,0,0,0,0,0,3.0,100.0,103.0,0.35781557433813493,54.740585576561045,355.6101272011213,0.0,0.23189868195034585,0.33006749724799933,0.1617893107940949,0.20383923780894342,0.08757788712453116,1837.75,0.6956960458510376,0.35781557433813493,0.5143274515818512,0.11927185811271164,0.5143274515818513,2.45012030109077
Track_1153,316,316,48,4,0,0,0,8,61.0,100.0,161.0,7.534493763228695,779.9505018757068,616.894500221939,0.0,0.6609472950849785,6.301921536169021,0.01789148267076944,0.1533009524755681,1.3385209198237484,2380.1666666666665,41.42731408119587,9.40116244490209,0.18187261062740853,0.1235162912004704,0.1868776710623951,1.5348159124549396
Track_1154,317,317,3,0,0,0,0,0,2.0,90.0,92.0,0.5439661911466753,455.6286394014042,632.6978591019823,0.0,0.27484028913091374,0.3206599677388414,0.22902061052298608,0.3206599677388414,0.0647988109109077,3052.0,0.5496805782618275,0.5439661911466753,0.9896041676909489,0.27198309557333766,0.9896041676909489,0.2927627335967721
Track_1155,318,318,2,0,0,0,0,0,1.0,92.0,93.0,0.9411793595721488,498.79486176596083,172.69973215043638,0.0,0.9411793595721488,0.9411793595721488,0.9411793595721488,0.9411793595721488,NaN,1726.0,0.9411793595721488,0.9411793595721488,1.0,0.9411793595721488,1.0,NaN
Track_1156,319,319,15,4,0,0,0,8,33.0,101.0,134.0,69.05175145919847,515.2365565685874,313.83366183728543,0.0,1.5969623293451352,11.856441156836887,0.10783338454877453,0.45434297196232365,3.1593133110198854,1733.0,105.83411790240616,69.06016131117805,0.6524526573072951,2.0924773169454083,1.3102859588450457,1.2993698891706345
Track_1157,320,320,24,1,0,0,0,2,25.0,103.0,128.0,33.63919718865042,644.0282837538949,431.63198936202315,0.0,1.4756417069110785,9.613628979679863,0.018041001252939573,0.6790958988726548,2.349372999282511,2408.2916666666665,53.167017218314534,33.63919718865042,0.6327080011000253,1.3455678875460169,0.9118527087192855,1.0834611866646073
Track_1158,321,321,7,0,0,0,0,0,6.0,103.0,109.0,1.5773206346073467,759.0435771409599,327.3653317863167,0.0,0.3966652207606215,0.8426491672587411,0.1045016443891784,0.4928287118417073,0.2801614676234831,1826.142857142857,2.379991324563729,1.5773206346073467,0.6627421782289403,0.26288677243455777,0.6627421782289403,1.5947259893805685
Track_1159,322,322,22,0,0,0,0,0,21.0,103.0,124.0,23.347488460554896,803.5212352307225,421.9375126870767,0.0,2.564014739667752,14.421557719257002,0.18766775185325332,1.223123754527497,3.4892824747984075,2972.818181818182,53.8443095330228,28.040978664035578,0.4336110661097036,1.1117851647883283,0.4336110661097037,1.2781347225109698
Track_1160,323,323,86,3,0,0,0,3,90.0,104.0,194.0,10.842502981666879,57.851508052496385,459.716539248407,0.0,1.1279038376358732,6.364040482196652,0.06771903818671819,0.791799579122601,1.1701897346595362,2710.0232558139537,100.35401896411412,13.21621659909565,0.10804253874021807,0.12047225535185421,0.10681075046643015,1.428350453535045
Track_1161,324,324,87,0,0,0,0,0,86.0,108.0,194.0,10.590513042245844,739.6534135958881,576.8774826660925,0.0,1.4348913028638972,7.593769787805694,0.06727305966793988,0.8502765622962075,1.4789433684718643,3271.793103448276,123.40065204629508,17.869208942894677,0.08582218056897056,0.12314550049123074,0.08582218056897051,1.5403006916937068
Track_1162,325,325,19,2,0,0,0,3,22.0,108.0,130.0,0.2779926390277489,550.9278549794034,219.21243225916479,0.0,0.808289619996207,1.9699375541507989,0.07974838779763854,0.7187437373431039,0.470908459472169,1699.1052631578948,17.79613636121971,2.681940258566028,0.015620954649096422,0.012636029046715859,0.015633046291965443,1.8371020713005617
Track_1163,326,326,60,11,0,0,0,9,91.0,103.0,194.0,34.663000169297014,50.23402019880237,397.53336563787514,0.0,1.6109938464973066,19.044004841759516,0.038003647228475074,0.5631063252430049,3.613845123038618,2074.5,141.25632267722307,41.04710346980721,0.2453907868499699,0.38091208977249463,0.23644540331466218,1.4399642775756543
Track_1164,327,327,3,0,0,0,0,0,2.0,108.0,110.0,0.17290896850847065,56.86072171009854,278.3884635288564,0.0,0.15195976809348644,0.23075342544926297,0.0731661107377099,0.23075342544926297,0.11143105886151776,1762.3333333333333,0.30391953618697287,0.23075342544926297,0.5689300881339071,0.08645448425423533,0.5689300881339071,2.586851873792578
Track_1165,328,328,31,6,0,0,0,9,57.0,106.0,163.0,9.541338205996098,69.04109952543527,291.785934065459,0.0,0.6237873468318288,2.337921356153386,0.04721594474956331,0.5148778442789869,0.559524390871767,1694.9354838709678,25.589338022763148,9.541338205996098,0.37286381529325,0.16739189835080873,0.26834769765847316,1.4619816814870077
Track_1166,329,329,17,1,0,0,0,4,20.0,109.0,129.0,8.879117052492798,365.7049428981411,601.2571281217569,0.0,1.9030352065502498,9.149049433556415,0.3192681384018386,0.811584440229814,2.4148942351943337,2179.0,34.36285089372726,8.879117052492798,0.25839291041226237,0.44395585262463994,0.23328830233752024,1.0157865420138472
Track_1167,330,330,2,0,0,0,0,0,1.0,109.0,110.0,0.13586492004973516,715.8765916756204,617.6700620318012,0.0,0.13586492004973516,0.13586492004973516,0.13586492004973516,0.13586492004973516,NaN,1668.5,0.13586492004973516,0.13586492004973516,1.0,0.13586492004973516,1.0,NaN
Track_1168,331,331,2,0,0,0,0,0,1.0,104.0,105.0,0.042182609795105686,739.5755189421395,223.11493946071184,0.0,0.042182609795105686,0.042182609795105686,0.042182609795105686,0.042182609795105686,NaN,2403.5,0.042182609795105686,0.042182609795105686,1.0,0.042182609795105686,1.0,NaN
Track_1169,332,332,4,0,0,0,0,0,3.0,112.0,115.0,0.25139852417276876,818.3670496555361,39.99358410302859,0.0,0.31996495250727774,0.5084542991827361,0.1681227098009338,0.28331784853816333,0.17310013100739766,2361.75,0.9598948575218332,0.5084542991827361,0.26190214709744974,0.08379950805758958,0.26190214709744974,2.171292789783848
Track_1170,333,333,61,8,0,0,0,7,81.0,112.0,193.0,7.9797273068075345,142.82176153507243,599.8032573633704,0.0,1.8911934164538955,7.119642990458617,0.1822576516550056,1.3010663295817033,1.796123502642774,3724.55737704918,135.00913931695914,12.61150550415843,0.05910508982709412,0.09851515193589548,0.05209152648205464,1.4410769009052684
Track_1171,334,334,11,3,0,0,0,9,23.0,113.0,136.0,0.19519898104266167,634.8277582303489,524.5078194574354,0.0,2.050087756472351,15.275272403003882,0.07259303763868342,0.21342212881598208,4.773559606781918,1710.909090909091,32.22084304022688,15.237245011021734,0.0060581587141888505,0.00848691221924616,0.004139779964273262,1.626139215033167
Track_1172,335,335,18,0,0,0,0,0,17.0,113.0,130.0,5.9982586232748005,861.5274062340202,304.64681477753345,0.0,1.1253079314709262,3.631673711794551,0.122846189426958,0.7949872232266361,1.0030412654781917,2766.5,19.130234835005744,9.528135943182658,0.31354861427517855,0.3528387425455765,0.31354861427517855,1.1703267010148797
Track_1173,336,336,9,1,0,0,0,6,14.0,113.0,127.0,9.9262754407519,461.56307377343705,636.4233666339437,0.0,1.737315655164431,4.435518704312118,0.2981806772119611,1.562286717180083,1.6133819140101133,3280.3333333333335,19.815021489084597,14.358384474744847,0.5009469934826938,0.7090196743394214,0.4081121771002029,1.1458090007769497
Track_1174,337,337,14,1,0,0,0,3,16.0,113.0,129.0,2.1114915292405954,388.45705314647176,497.66722771084477,0.0,0.6190988964441496,1.011050125475832,0.27257638651468025,0.5711875612624517,0.2465647815955452,1814.7857142857142,9.317727879760307,2.3199043069874343,0.22661013033307345,0.1319682205775372,0.21316177647143064,1.8872973405510605
Track_1175,338,338,2,0,0,0,0,0,1.0,111.0,112.0,0.17833395887728773,829.4300558081787,60.26667718093998,0.0,0.17833395887728773,0.17833395887728773,0.17833395887728773,0.17833395887728773,NaN,1999.5,0.17833395887728773,0.17833395887728773,1.0,0.17833395887728773,1.0,NaN
Track_1176,339,339,2,0,0,0,0,0,1.0,101.0,102.0,2.2896326234341053,675.4182207688898,8.373453427900387,0.0,2.2896326234341053,2.2896326234341053,2.2896326234341053,2.2896326234341053,NaN,2587.0,2.2896326234341053,2.2896326234341053,1.0,2.2896326234341053,1.0,NaN
Track_1177,340,340,3,0,0,0,0,0,2.0,117.0,119.0,0.49550776365802335,663.8872161992687,182.21330382119837,0.0,0.24776167752865272,0.3768795356542078,0.11864381940309766,0.3768795356542078,0.1826002261057251,2417.6666666666665,0.49552335505730544,0.49550776365802335,0.9999685354905617,0.24775388182901167,0.9999685354905617,0.018589538505716898
Track_1178,341,341,3,0,0,0,0,0,2.0,119.0,121.0,0.7189978495859611,467.4611650161796,640.1275636926663,0.0,0.4546099796875977,0.5456073575047549,0.36361260187044053,0.5456073575047549,0.1286897258494123,1961.3333333333333,0.9092199593751954,0.7189978495859611,0.790785378358882,0.35949892479298057,0.790785378358882,1.3495891596543048
Track_1179,342,342,14,1,0,0,0,1,14.0,120.0,134.0,0.6032643282826798,862.4858169435345,127.7081831665603,0.0,0.12670122054326505,0.3044293158966327,0.02182585695205458,0.10409977193149401,0.09074131295338772,1713.857142857143,1.7017544789335222,0.6032643282826798,0.3544955137481063,0.04309030916304856,0.3400938757992026,1.855074752002725
Track_1180,343,343,2,0,0,0,0,0,1.0,118.0,119.0,0.3881774352403041,469.05513046256226,341.60628527716835,0.0,0.3881774352403041,0.3881774352403041,0.3881774352403041,0.3881774352403041,NaN,2013.0,0.3881774352403041,0.3881774352403041,1.0,0.3881774352403041,1.0,NaN
Track_1181,344,344,12,0,0,0,0,0,11.0,122.0,133.0,2.090573274113577,394.2822772365707,202.99869088482342,0.0,0.3800578891716882,0.898810190585798,0.08335155466459974,0.20117673961588214,0.29006203136676695,1747.0833333333333,4.18063678088857,2.2003850269806238,0.5000609676665664,0.190052115828507,0.5000609676665663,1.1155064890097441
Track_1182,345,345,19,1,0,0,0,2,20.0,122.0,142.0,1.6634502799238702,141.9046803754761,501.1008201294493,0.0,0.21728365020220824,1.2305588541540469,0.026712595868189627,0.19294563482612512,0.26422804033673736,1722.842105263158,4.125627030395355,1.817773385885156,0.40319938464346916,0.0831725139961935,0.3827831220563149,1.8548463694553576
Track_1183,346,346,2,0,0,0,0,0,1.0,123.0,124.0,0.24919398066601497,110.37909842602849,607.8578580144998,0.0,0.24919398066601497,0.24919398066601497,0.24919398066601497,0.24919398066601497,NaN,2003.0,0.24919398066601497,0.24919398066601497,1.0,0.24919398066601497,1.0,NaN
Track_1184,347,347,3,0,0,0,0,0,2.0,123.0,125.0,0.26023036916110115,304.4136097439946,407.9586112778745,0.0,0.22374892987211292,0.2818587691796534,0.16563909056457243,0.2818587691796534,0.08217972285604494,2119.6666666666665,0.44749785974422585,0.26023036916110115,0.5815231592612303,0.13011518458055057,0.5815231592612303,2.003579616139992
Track_1185,348,348,4,1,0,0,0,6,9.0,123.0,132.0,10.092760475850596,90.45516185159718,57.98705765223514,0.0,1.1010172536048715,1.5059459258092363,0.6542328944777448,1.1428729405276332,0.4273964153228262,1659.25,10.160289403980414,10.092760475850596,0.9933536412748871,1.1214178306500662,1.0185288441015803,0.09936504546824056
Track_1186,349,349,2,0,0,0,0,0,1.0,123.0,124.0,0.6366471910916711,577.6433842045509,86.37319636109325,0.0,0.6366471910916711,0.6366471910916711,0.6366471910916711,0.6366471910916711,NaN,2664.5,0.6366471910916711,0.6366471910916711,1.0,0.6366471910916711,1.0,NaN
Track_1187,350,350,18,1,0,0,0,4,21.0,124.0,145.0,2.5156421412398715,82.87132486821642,79.23988241196106,0.0,0.5028090079637647,1.35991044588517,0.06254354334441194,0.4397856520615866,0.3860058100676944,1894.9444444444443,8.82801399171366,2.8288314364825964,0.2849612770891797,0.11979248291618436,0.2382464932386758,1.4412396998175172
Track_1188,351,351,2,0,0,0,0,0,1.0,124.0,125.0,0.35013635411511873,633.9470746871408,107.85837005652478,0.0,0.35013635411511873,0.35013635411511873,0.35013635411511873,0.35013635411511873,NaN,2183.0,0.35013635411511873,0.35013635411511873,1.0,0.35013635411511873,1.0,NaN
Track_1189,352,352,69,0,0,0,0,0,68.0,126.0,194.0,3.4889081164690214,46.85232634536714,471.2424457044548,0.0,0.3875038245565191,1.980936185209472,0.037750147726954474,0.30981840073987266,0.34863700662128816,2121.144927536232,26.35026006984331,4.4021677384353195,0.13240507331697726,0.05130747230101502,0.1324050733169773,1.7317741645191929
Track_1190,353,353,47,6,0,0,0,6,63.0,126.0,189.0,4.706366268522168,698.1605259579519,6.526516687067299,0.0,0.4383242983645427,2.044588689863473,0.018301832989836415,0.31523809001738684,0.44464292819822876,1868.5531914893618,23.167346146992,4.891955450487579,0.20314654249395903,0.07470422648447886,0.1704314060690045,1.5160605542889152
Track_1191,354,354,25,2,0,0,0,9,36.0,128.0,164.0,38.09891099386499,808.221817650917,629.9619853378168,0.0,0.8181758657249296,9.380488480481288,0.08698616618531081,0.4068284511362954,1.8450362067608588,2065.56,48.56056171450997,38.601626885365654,0.7845648742255174,1.0583030831629163,1.2934909565258643,1.6974613075098632
Track_1192,355,355,33,6,0,0,0,7,55.0,128.0,183.0,33.54290770726595,794.9139896164533,64.5663529788927,0.0,1.5643831782023845,30.426368079604526,0.029588885118278778,0.2625074265808218,5.387790099384006,2003.3030303030303,102.33087043167447,33.693993526224965,0.32778874611119707,0.6098710492230172,0.3898476138843511,1.8909407972044738
Track_1193,356,356,2,0,0,0,0,0,1.0,130.0,131.0,0.050696910662986865,171.65836677521926,232.43562950390958,0.0,0.050696910662986865,0.050696910662986865,0.050696910662986865,0.050696910662986865,NaN,1658.0,0.050696910662986865,0.050696910662986865,1.0,0.050696910662986865,1.0,NaN
Track_1194,357,357,52,4,0,0,0,5,64.0,130.0,194.0,0.8603671361130681,592.5220885205578,291.536820237033,0.0,1.2890664414401563,6.285917431629666,0.032782831453011974,0.4182746410401797,1.7724313147847126,2509.576923076923,70.50906546483243,6.579629610906617,0.012202220103770778,0.01344323650176669,0.01042866067225192,1.8163535494037994
Track_1195,358,358,56,1,0,0,0,2,57.0,132.0,189.0,3.2894039176506267,291.4225309059921,557.0632009452918,0.0,0.6604779650361493,2.1605970143083524,0.11178564210759788,0.5741515178180806,0.40624585444731576,2109.9464285714284,38.61693623517624,5.40132564082607,0.08518034412720454,0.05770884066053731,0.0873743617735662,1.4113627690421862
Track_1196,359,359,25,1,0,0,0,6,30.0,135.0,165.0,1.910507139844965,619.12638157094,365.45637024200704,0.0,0.47229533307228744,1.1044174281969241,0.115064203100907,0.41894028781972376,0.282982576861866,1769.6,12.807471119782978,1.910507139844965,0.14917130181101187,0.0636835713281655,0.13483845142805673,1.2285478244843084
Track_1197,360,360,3,0,0,0,0,0,2.0,138.0,140.0,1.3948414311693276,615.7174364620752,190.89600607829493,0.0,1.0362367666856238,1.3952564581961353,0.6772170751751123,1.3952564581961353,0.5077305168931701,1665.3333333333333,2.0724735333712476,1.3948414311693276,0.6730322046141498,0.6974207155846638,0.6730322046141498,1.8165611834085544
Track_1198,361,361,5,0,0,0,0,0,4.0,138.0,142.0,0.20886976955548828,52.71480987089004,426.40937966070004,0.0,0.15688999758101566,0.3082612446558024,0.014088029269094613,0.20707706167314088,0.1281622745098512,1662.4,0.6275599903240626,0.2440798913385739,0.33282837143207783,0.05221744238887207,0.33282837143207783,2.000502185378904
Track_1199,362,362,2,0,0,0,0,0,1.0,133.0,134.0,0.2132366958144373,523.7117132950424,620.3068627247853,0.0,0.2132366958144373,0.2132366958144373,0.2132366958144373,0.2132366958144373,NaN,2214.0,0.2132366958144373,0.2132366958144373,1.0,0.2132366958144373,1.0,NaN
Track_1200,363,363,55,1,0,0,0,7,61.0,133.0,194.0,11.740674686471033,192.1119096755133,191.28753053980856,0.0,1.5251682847689167,6.141148970402561,0.07119560247805976,0.874406198646165,1.4691414461406331,3327.6545454545453,86.10445167177784,11.779181306144558,0.13635386392361445,0.19247007682739398,0.1261959606356198,1.5055030798314963
Track_1201,364,364,27,4,0,0,0,7,41.0,139.0,180.0,0.5100162038051502,643.4235866496988,91.18998218830531,0.0,1.627298222298497,19.952167371440055,0.015550558423482885,0.11010932542693727,5.3848271021291305,2205.3703703703704,43.038649499492244,19.900299807843556,0.011850190694556232,0.012439419605003664,0.007644216305621876,1.8087083199096148
Track_1202,365,365,54,2,0,0,0,1,55.0,139.0,194.0,7.112156682852355,460.0195963742779,294.64357780340936,0.0,0.5316310356509107,2.2148162006975807,0.028396643623041427,0.372769585904534,0.52371708004981,2122.9444444444443,30.83791386731547,8.926717051141877,0.23063027912502204,0.12931193968822463,0.2432362503628095,1.3852702224343099
Track_1203,366,366,42,8,0,0,0,5,54.0,139.0,193.0,19.230781070685797,54.66004964733324,385.57618344248544,0.0,2.0996466721813434,16.780946936093308,0.08631566437553247,0.6493996775447399,4.012527903503665,1871.095238095238,131.7138997907576,23.666991975224903,0.14600418863336415,0.3561255753830703,0.16961214479628994,1.5869909322449836
Track_1204,367,367,2,0,0,0,0,0,1.0,140.0,141.0,0.23834482075110575,176.76793441292077,530.0856118344077,0.0,0.23834482075110575,0.23834482075110575,0.23834482075110575,0.23834482075110575,NaN,3081.0,0.23834482075110575,0.23834482075110575,1.0,0.23834482075110575,1.0,NaN
Track_1205,368,368,54,0,0,0,0,0,53.0,141.0,194.0,13.569656488968187,10.11523116723007,171.93239313613793,0.0,1.4051480114043597,6.79062364542843,0.16282530637725376,1.0694278684837275,1.2835654125825735,3126.3518518518517,74.47284460443109,13.747571203634479,0.18220945582305312,0.25603125450883374,0.1822094558230532,1.1247371596240496
Track_1206,369,369,17,1,0,0,0,3,19.0,146.0,165.0,2.0447608005103723,468.30188898527496,359.1218577059497,0.0,0.7970641174005578,2.971575231834328,0.11919623848152676,0.4990817892001352,0.7729415866457293,1720.3529411764705,13.452243705315862,3.5543303745009007,0.15200146869940764,0.10761898950054591,0.13501923766374105,1.3642045595305705
Track_1207,370,370,42,2,0,0,0,8,50.0,144.0,194.0,6.1745415364808025,39.708027529032314,299.3188611914965,0.0,0.66631075631344,5.365482630612519,0.06788645266559985,0.394108235159766,0.9039993186321595,2529.095238095238,31.656303250184795,7.112572481836042,0.19504935518472954,0.12349083072961604,0.18533519016391894,1.6271913917742444
Track_1208,371,371,2,0,0,0,0,0,1.0,145.0,146.0,0.663214031761823,305.6895452621602,390.7141048954618,0.0,0.663214031761823,0.663214031761823,0.663214031761823,0.663214031761823,NaN,2176.5,0.663214031761823,0.663214031761823,1.0,0.663214031761823,1.0,NaN
Track_1209,372,372,3,0,0,0,0,0,2.0,144.0,146.0,1.4438495785113767,213.55870423849782,179.9930672650596,0.0,0.7260030107859197,1.1309689530490048,0.32103706852283453,1.1309689530490048,0.5727083278476548,1667.0,1.4520060215718393,1.4438495785113767,0.9943826382678269,0.7219247892556884,0.9943826382678269,0.2557526794949781
Track_1210,373,373,10,2,0,0,0,9,23.0,147.0,170.0,0.5468710694190483,512.319057159647,290.7492515340269,0.0,0.3112571396621343,0.97393682362869,0.05028106747015928,0.1589548743303251,0.31254386227849146,1894.3,3.577557419509163,1.0867106840051612,0.1528615771299286,0.02377700301821949,0.0763902252781386,1.8283110917051082
Track_1211,374,374,39,3,0,0,0,3,44.0,147.0,191.0,16.421084553732637,825.6289665123945,306.9674256520553,0.0,1.866954333280518,21.164300139609967,0.05436932079858246,1.1896001602641806,3.3977365938192436,1906.4358974358975,72.79289590431372,21.536679533590025,0.22558636182462305,0.3732064671302872,0.19990122976093777,1.4968841725632303
Track_1212,375,375,12,3,0,0,0,5,20.0,148.0,168.0,0.7958913823256429,635.496333664818,523.7613018514008,0.0,3.840267615694053,14.870529331942974,0.028037801950685726,0.3349881918005473,5.888218269892058,1724.25,60.93090561851107,14.660029528836784,0.013062195190544612,0.039794569116282145,0.0103624468653313,1.6372635639108686
Track_1213,376,376,28,1,0,0,0,1,28.0,149.0,177.0,14.067267596388144,633.1763085514864,105.73569363960114,0.0,0.7844515530605682,14.270687805308274,0.03795466388000405,0.2673927090657818,2.698525939581255,2439.035714285714,21.373522610251467,14.224668359854352,0.6581632729852872,0.5024024141567194,0.6404505315804103,1.9731728540904478
Track_1214,377,377,29,4,0,0,0,6,44.0,150.0,194.0,18.659310492668332,634.5327505270651,19.21834963768098,0.0,1.65116790249449,9.464708366569099,0.24512967491401144,1.0553704419330967,1.981786946605988,3508.655172413793,66.94741011154092,23.11604444052165,0.27871594228335494,0.4240752384697348,0.25683350422998547,1.3435866046778837
Track_1215,378,378,3,0,0,0,0,0,2.0,150.0,152.0,1.02402169847165,739.7321391876562,607.4758404524746,0.0,3.873850370175456,4.341561523987263,3.4061392163636492,4.341561523987263,0.6614434569938259,3052.3333333333335,7.747700740350912,3.4061392163636492,0.13217104438977975,0.512010849235825,0.13217104438977975,3.033189907352694
Track_1216,379,379,2,0,0,0,0,0,1.0,150.0,151.0,3.3643622969298637,575.9455954041014,86.53860316763837,0.0,3.3643622969298637,3.3643622969298637,3.3643622969298637,3.3643622969298637,NaN,2333.5,3.3643622969298637,3.3643622969298637,1.0,3.3643622969298637,1.0,NaN
Track_1217,380,380,8,1,0,0,0,4,11.0,149.0,160.0,1.812232959388759,5.191841720083699,525.4503706811684,0.0,0.816561765918268,1.3322795789367985,0.26835010768487555,0.8237382556800318,0.3568232234068623,2077.375,6.789332792167379,2.093861324476599,0.26692357185369825,0.16474845085352355,0.20175871284918045,1.9512665572880508
Track_1218,381,381,2,0,0,0,0,0,1.0,152.0,153.0,0.1334263640673039,298.6926651595543,47.6520991790639,0.0,0.1334263640673039,0.1334263640673039,0.1334263640673039,0.1334263640673039,NaN,1979.0,0.1334263640673039,0.1334263640673039,1.0,0.1334263640673039,1.0,NaN
Track_1219,382,382,26,3,0,0,0,6,42.0,152.0,194.0,1.2156803597599999,546.2089834573449,219.80127729926642,0.0,0.6434784267891174,1.5162356451025072,0.07418459287050987,0.5686764036302873,0.4022118992763412,1811.923076923077,20.10988676817885,1.992044872468863,0.06045187492968126,0.028944770470476187,0.04498172629486156,1.699560352233416
Track_1220,383,383,2,0,0,0,0,0,1.0,151.0,152.0,0.3666197773253359,447.76615993966425,301.17741130991715,0.0,0.3666197773253359,0.3666197773253359,0.3666197773253359,0.3666197773253359,NaN,1737.5,0.3666197773253359,0.3666197773253359,1.0,0.3666197773253359,1.0,NaN
Track_1221,384,384,9,1,0,0,0,1,9.0,153.0,162.0,2.102572511830152,65.39373903606887,354.26083084178555,0.0,0.350197388051192,0.5860370425259975,0.16961721553532946,0.3524260617573394,0.16612080982627114,3224.6666666666665,3.304819128951959,2.102572511830152,0.6362140951710511,0.233619167981128,0.6671071114527486,1.2414134070839025
Track_1222,385,385,5,1,0,0,0,3,7.0,156.0,163.0,0.7213290690664957,618.9915909780118,183.13927498316093,0.0,0.20503621994500348,0.5773415785727397,0.03703445212667946,0.11491011548615811,0.25032984050865764,1666.4,0.9312482361600524,0.8059002647930965,0.7745830177792915,0.10304700986664225,0.5025795437229694,0.9592803132464386
Track_1223,386,386,20,2,0,0,0,1,21.0,156.0,177.0,0.48621645181130974,427.215011926249,636.1087852764708,0.0,0.6933716826267032,4.236933630899619,0.02910056607758535,0.22167152094151604,1.1922579503064454,1915.65,13.576829146297504,4.16473600743076,0.035812224384064256,0.02315316437196713,0.0333921401062355,1.8222202967077525
Track_1224,387,387,7,2,0,0,0,1,8.0,156.0,164.0,4.178981976816739,294.6532267928143,356.38884565782683,0.0,1.3020319346650704,3.4733650141801986,0.020774160857710895,1.781399986462423,1.3300566118993526,2279.4285714285716,11.461555804543776,4.178981976816739,0.3646086140556973,0.5223727471020924,0.40119810673957507,1.0978741581970517
Track_1225,388,388,21,3,0,0,0,4,26.0,157.0,183.0,3.552303195986494,310.03174927338887,255.28516333622252,0.0,1.876187785527452,4.100968946471677,0.19555899479234018,1.716127120123305,1.4209147371730058,2185.095238095238,43.75911013559117,3.872358234896206,0.08117859766753466,0.13662704599948053,0.07282162641362182,1.693654385649992
Track_1226,389,389,13,0,0,0,0,0,12.0,157.0,169.0,0.3292696139224631,494.6724390305323,178.88159159592195,0.0,0.5509576726931632,1.2395588101199422,0.06125877491401756,0.5218957379596814,0.39881176335129864,2200.153846153846,6.611492072317958,1.0368661923150453,0.049802617975010705,0.027439134493538592,0.049802617975010705,2.24691956459049
Track_1227,390,390,35,2,0,0,0,1,36.0,157.0,193.0,1.8117483987083576,79.92277561609332,78.56012381084402,0.0,0.3120875051237403,1.0352104321289723,0.021742882677310654,0.2809340837902692,0.2419883785390214,1981.6857142857143,11.062722601103847,2.1802237969258154,0.1637705711365826,0.05032634440856549,0.16125715891320763,1.6795642862053308
Track_1228,391,391,19,4,0,0,0,3,25.0,158.0,183.0,0.0923213955678597,177.07472528988993,525.4485007190322,0.0,0.20589289764796048,0.5700141899955996,0.07402834891508214,0.17380044607766923,0.12976882430285389,1826.578947368421,4.784315163606615,0.5700141899955996,0.019296679338796738,0.003692855822714388,0.017935809660751395,2.0095807970419433
Track_1229,392,392,21,1,0,0,0,1,21.0,159.0,180.0,2.4140354356849913,141.78917461434884,500.99289903570997,0.0,0.21061360888038344,0.5364641420518443,0.008402346932803222,0.22205815173628018,0.13605876763818864,1835.6666666666667,4.321018859333344,2.4140354356849913,0.5586727376740573,0.11495406836595197,0.5458055107504441,1.2818102928263773
Track_1230,393,393,3,0,0,0,0,0,2.0,159.0,161.0,0.1580219616924069,27.657912969112697,511.2935072669032,0.0,0.092015992072397,0.16349532271006884,0.020536661434725156,0.16349532271006884,0.1010870388171462,1668.0,0.184031984144794,0.1580219616924069,0.8586657500148304,0.07901098084620345,0.8586657500148304,1.9016605762240448
Track_1231,394,394,12,1,0,0,0,8,19.0,161.0,180.0,0.9995487850780705,739.2132667851264,223.31957329587067,0.0,0.3584661461323567,0.7731217270315767,0.06568530109600283,0.30972332670789926,0.2210625090027382,2263.3333333333335,4.4686100162239475,2.0208513035837803,0.22368225946078563,0.05260783079358266,0.14675815655450553,1.303002313509047
Track_1232,395,395,6,1,0,0,0,8,13.0,162.0,175.0,0.15511932994178876,715.8217354984689,617.7476393969304,0.0,0.15045800294872785,0.372518587810264,0.03600800942586634,0.08325396369943046,0.1347349715108197,1664.5,1.0403540901505701,0.372518587810264,0.1491024367668304,0.011932256149368365,0.07930622443150841,1.0487549496466513
Track_1233,396,396,12,3,0,0,0,9,27.0,162.0,189.0,31.13906020510401,794.2589530822833,68.41544043540502,0.0,0.6048518246988184,3.082116111983509,0.049521521083159235,0.3857371334102954,0.8507528600081488,1869.3333333333333,35.458553939231905,31.667819408443947,0.8781818981808861,1.1532985261149633,1.9067455515890028,1.6108043842582276
Track_1234,397,397,26,2,0,0,0,6,32.0,162.0,194.0,2.6013647515065554,761.6702284727791,212.5270250901653,0.0,0.6668435446061989,1.80393695106587,0.03483487619647919,0.6470728945026332,0.4039270463837064,2430.1153846153848,17.173317845643734,2.6013647515065554,0.15147712136280236,0.08129264848457986,0.1219066288368838,1.8910200609481533
Track_1235,398,398,9,1,0,0,0,2,10.0,160.0,170.0,3.787723342882827,456.4596919364282,634.2251656143625,0.0,1.058967197512837,2.3667189574636347,0.08237349250731815,1.496943979014058,0.9766849859082878,3445.777777777778,11.731384478340894,3.826562489245686,0.3228709578034821,0.3787723342882827,0.35768089434488,1.1786406794559248
Track_1236,399,399,2,0,0,0,0,0,1.0,160.0,161.0,0.5008499794257382,681.4659075573193,12.934987644425247,0.0,0.5008499794257382,0.5008499794257382,0.5008499794257382,0.5008499794257382,NaN,2234.0,0.5008499794257382,0.5008499794257382,1.0,0.5008499794257382,1.0,NaN
Track_1237,400,400,8,2,0,0,0,9,17.0,164.0,181.0,0.29000594528195994,533.166949266137,344.7184503916091,0.0,0.10825482151578705,0.2669468291772309,0.03535778165329057,0.1063818550782494,0.08128798133852884,1667.625,1.1243920849220799,0.32084131667107246,0.25792243575074375,0.017059173251879996,0.1575834961715051,1.6286701404345518
Track_1238,401,401,24,1,0,0,0,3,26.0,164.0,190.0,0.32935413489781085,827.3807076241084,78.91630715321575,0.0,0.12847562130419182,0.3333068837508733,0.03521679138048504,0.10405414860774549,0.08362327087162953,1717.7083333333333,3.060589664137867,0.5000410605272104,0.10761133344890457,0.01266746672683888,0.0985982134061536,1.8713238131868968
Track_1239,402,402,2,0,0,0,0,0,1.0,164.0,165.0,0.8941479679399923,127.42315269540697,610.2289362344881,0.0,0.8941479679399923,0.8941479679399923,0.8941479679399923,0.8941479679399923,NaN,2883.5,0.8941479679399923,0.8941479679399923,1.0,0.8941479679399923,1.0,NaN
Track_1240,403,403,7,0,0,0,0,0,6.0,166.0,172.0,3.7573317744676507,304.6565655816864,445.3513521298052,0.0,0.7437596761006592,1.353000391593802,0.16629519356276407,1.063171843700445,0.503375064882083,1674.857142857143,4.462558056603955,3.7573317744676507,0.8419681552170131,0.6262219624112751,0.8419681552170131,0.9485075934654311
Track_1241,404,404,24,3,0,0,0,2,29.0,165.0,194.0,7.210463300450739,108.30155078508012,37.210279104094525,0.0,1.804220464237722,5.235106396119008,0.17123674240661166,1.0126056750615358,1.7975001549459435,2267.9166666666665,48.22209474325843,8.20708227582813,0.14952613192853426,0.2486366655327841,0.1378083612624538,1.911947005912307
Track_1242,405,405,23,1,0,0,0,6,28.0,166.0,194.0,0.18383599846965576,129.90873383266984,474.82320263122705,0.0,0.12681867947553513,0.26455616114134367,0.010071482934132086,0.13362429009615615,0.07081713419197984,1692.0434782608695,3.0400281154593336,0.3254229737439056,0.060471808643743095,0.006565571373916277,0.05177132738701049,2.1436906409663288
Track_1243,406,406,16,1,0,0,0,1,16.0,168.0,184.0,0.5049978060328815,676.6495086122443,209.3254616899534,0.0,0.2182520130602675,0.45000057635047136,0.09362613674506386,0.22255961105427813,0.09155097408627204,1824.0625,3.376344205910686,0.6864523105339959,0.14956940857772252,0.03156236287705509,0.14461430359563074,1.5704895749045442
Track_1244,407,407,3,0,0,0,0,0,2.0,170.0,172.0,0.5110523079713298,91.03863926127575,226.8683369967782,0.0,1.0390930288043612,1.2570747746464401,0.8211112829622821,1.2570747746464401,0.30827274131963317,1781.0,2.0781860576087223,1.2570747746464401,0.24591268240889622,0.2555261539856649,0.24591268240889622,2.878360299405752
Track_1245,408,408,15,3,0,0,0,3,19.0,172.0,191.0,0.8728659830893125,741.2228587586271,586.6609109699672,0.0,0.611060522672107,2.3837789360616424,0.05361872443449122,0.45956326215533877,0.6213381793770028,2350.4,10.513400096388985,4.847175048815063,0.08302413825087034,0.0459403148994375,0.0751812843325978,1.2131642028928504
Track_1246,409,409,15,2,0,0,0,6,21.0,173.0,194.0,12.56680777874683,742.5504764964766,604.0819977949546,0.0,1.157374261348274,5.362833905304808,0.08696658633168261,0.3915949574148677,1.5941317797595873,2142.3333333333335,22.43691551211955,12.56680777874683,0.5600951597807072,0.5984194180355633,0.5170491845381453,1.590733706175296
Track_1247,410,410,22,0,0,0,0,0,21.0,173.0,194.0,0.5776071199045988,260.209247184652,549.3030261787502,0.0,0.3700177225568239,0.8049533594425595,0.020892168217897307,0.3052168408950703,0.21897009753333788,1847.6818181818182,7.7703721736933025,1.9097510612711728,0.07433455013391704,0.02750510094783804,0.07433455013391706,1.6186014333714713
Track_1248,411,411,14,1,0,0,0,7,20.0,174.0,194.0,0.13762823515461567,811.9128550656959,87.44127303134213,0.0,0.322925037339344,1.3304158303917912,0.007590696280574245,0.19138478606825263,0.42170549481764924,2762.0,4.251160359375492,1.1126553847689422,0.03237427514374774,0.006881411757730783,0.02130962595662562,1.7964334350672757
Track_1249,412,412,4,1,0,0,0,6,9.0,175.0,184.0,0.19848289609506325,285.3084336982055,333.0767186916388,0.0,0.10939244831469183,0.23150146026716897,0.04295985740092253,0.053716027275984,0.1058861742514241,1799.0,0.6504735085999795,0.39406626998390015,0.3051360177945754,0.022053655121673694,0.20160125732108514,1.51668236848392
Track_1250,413,413,19,1,0,0,0,1,19.0,175.0,194.0,0.08123599715402051,778.8540768870313,615.357170693525,0.0,0.11939454022832086,0.22823487795115105,0.02658776876084351,0.12320704390510233,0.06848902163700434,2149.315789473684,2.191155497185572,0.2633414999652939,0.03707450122018452,0.004275578797580027,0.03581050514875925,1.998009625404111
Track_1251,414,414,20,0,0,0,0,0,19.0,175.0,194.0,1.609778964707164,72.75437756591757,359.86656261804364,0.0,0.4941265314094775,0.9537886260476429,0.09450307321420252,0.529332249508047,0.23667212482576727,2431.15,9.388404096780073,2.6827253895617496,0.17146460123710136,0.08472520866879811,0.1714646012371014,1.375827343356492
Track_1252,415,415,2,0,0,0,0,0,1.0,175.0,176.0,3.006714696837172,356.8664984499377,543.2853682639054,0.0,3.006714696837172,3.006714696837172,3.006714696837172,3.006714696837172,NaN,1782.0,3.006714696837172,3.006714696837172,1.0,3.006714696837172,1.0,NaN
Track_1253,416,416,8,2,0,0,0,9,19.0,175.0,194.0,27.954586171997335,628.0817035808432,11.246682411820098,0.0,0.7433545798926379,2.8931944591607808,0.06533567520754004,0.13083277088058065,1.0350330594833315,1965.5,31.487572664824764,28.065810291697787,0.8877974326431907,1.4712940090524913,1.9792627217888255,1.3356121429823211
Track_1254,417,417,15,2,0,0,0,2,17.0,176.0,193.0,0.3859761227886439,27.62026025091621,511.3644255611205,0.0,0.16962037324360602,0.3004880794615838,0.04116318790436071,0.17651984686382144,0.08971817597885821,1728.1333333333334,2.5964671109703694,0.3859761227886439,0.14865434696162752,0.0227044778110967,0.13385466248496516,1.7804935289081827
Track_1255,418,418,18,0,0,0,0,0,17.0,177.0,194.0,3.2222706083488584,860.5416314531026,302.469228079289,0.0,0.6579457080678629,3.5025035789040904,0.04673481177649737,0.4176922337322015,0.8078010972511119,3321.5,11.185077037153672,5.395345650898921,0.28808658158056344,0.189545329902874,0.2880865815805635,1.1247202807402537
Track_1256,419,419,4,0,0,0,0,0,3.0,179.0,182.0,0.3080344283385826,618.4052723924368,182.80068777111873,0.0,0.4397657297486336,0.5841440212839716,0.274110427290052,0.4610427406718772,0.156108105960477,1678.5,1.319297189245901,0.5289288184618833,0.23348372970812775,0.10267814277952753,0.23348372970812775,2.3680417101099662
Track_1257,420,420,16,0,0,0,0,0,15.0,179.0,194.0,1.8925808784767548,65.23635513779364,414.20663759666866,0.0,1.525456236045507,3.964071946497619,0.09222153807961242,0.42929011292011315,1.5368350356814557,2267.625,22.881843540682606,4.8805306586112005,0.08271103135164151,0.12617205856511698,0.08271103135164151,1.2706259114726657
Track_1258,421,421,3,0,0,0,0,0,2.0,180.0,182.0,0.341627895659343,812.4255548683062,634.4901489536155,0.0,0.18127996888924874,0.24124196787155172,0.12131796990694574,0.24124196787155172,0.08479907218777462,2144.3333333333335,0.3625599377784975,0.341627895659343,0.9422659815990405,0.1708139478296715,0.9422659815990405,0.725483218446997
Track_1259,422,422,2,0,0,0,0,0,1.0,181.0,182.0,0.21718975378263272,343.8406904593314,133.34601563674144,0.0,0.21718975378263272,0.21718975378263272,0.21718975378263272,0.21718975378263272,NaN,2302.0,0.21718975378263272,0.21718975378263272,1.0,0.21718975378263272,1.0,NaN
Track_1260,423,423,4,1,0,0,0,1,4.0,181.0,185.0,2.9352860829799696,456.4057171455444,631.7553636419555,0.0,0.6446650418607289,1.399582757204745,0.21527111049826506,0.3191412578791767,0.6558374947991344,2905.0,3.333577882786932,3.002925254499928,0.8805212255986102,0.7338215207449924,1.1382989197412143,1.0154549294898034
Track_1261,424,424,8,0,0,0,0,0,7.0,182.0,189.0,0.2678020370173854,721.5437726142591,529.2160702202835,0.0,4.382338508958512,14.10808239563883,0.3541386606421935,0.8263937729147205,5.25080383580512,2966.125,30.676369562709578,14.548120053681082,0.008729912986278779,0.03825743385962649,0.008729912986278779,2.4120609901822725
Track_1262,425,425,8,1,0,0,0,3,10.0,184.0,194.0,6.5172188925059364,17.70520993593389,523.674424428605,0.0,1.4567174296749612,4.276428592500014,0.16777452295664194,0.7331433638157671,1.4573326729018048,3016.25,14.761643021081237,6.728347693191062,0.441496849855984,0.6517218892505936,0.44739074028654474,0.894975135171869
Track_1263,426,426,2,0,0,0,0,0,1.0,185.0,186.0,0.8521713020974494,130.28095768934918,612.5141927555385,0.0,0.8521713020974494,0.8521713020974494,0.8521713020974494,0.8521713020974494,NaN,3717.5,0.8521713020974494,0.8521713020974494,1.0,0.8521713020974494,1.0,NaN
Track_1264,427,427,7,0,0,0,0,0,6.0,186.0,192.0,0.12179262995253555,620.0297005219189,365.5356586117555,0.0,0.24156030290900565,0.3755918577191808,0.12121444818276725,0.26687033743647304,0.09120884136545729,1706.4285714285713,1.449361817454034,0.43654610171206226,0.0840319018245409,0.020298771658755925,0.0840319018245409,2.0950803186890448
Track_1265,428,428,7,1,0,0,0,2,8.0,186.0,194.0,2.0783389215682466,731.7047597260413,621.2632209423234,0.0,0.7288054499795945,2.9128390113927796,0.021947939492019942,0.43661940377398745,1.093202952923905,2420.5714285714284,4.531749339408529,3.14499188244548,0.4586173607385587,0.25979236519603083,0.356463258066065,1.0276322192901397
Track_1266,429,429,7,0,0,0,0,0,6.0,187.0,193.0,0.4002716751226376,190.42129753373226,638.7423372299147,0.0,6.52429966525008,19.43644851799695,0.06575073951179328,0.557521935484065,9.730532736739619,1986.5714285714287,39.14579799150049,19.43644851799695,0.01022515047999651,0.06671194585377294,0.010225150479996512,1.5322347712362536
Track_1267,430,430,6,1,0,0,0,1,6.0,188.0,194.0,23.990053795692525,357.522580483022,623.7365149223666,0.0,3.010876392900711,12.409954768051213,0.09990139515287648,0.9419630607894097,5.265736805342142,1694.5,27.464336732554766,24.94250344023416,0.8734983855355949,3.9983422992820876,1.3279662721158876,1.0780675461172413
Track_1268,431,431,6,1,0,0,0,1,6.0,188.0,194.0,2.7092774212344204,353.79327652887355,539.7422083614747,0.0,0.7478350676896534,1.0563075368886443,0.44769915981892916,0.698018823357134,0.26788213906362696,1670.3333333333333,4.437194161805401,3.217778455086954,0.6105834728972221,0.4515462368724034,0.6038045772143332,0.8485825189291518
Track_1269,432,432,2,0,0,0,0,0,1.0,188.0,189.0,0.7254151442899184,383.98455240948863,277.5391689193067,0.0,0.7254151442899184,0.7254151442899184,0.7254151442899184,0.7254151442899184,NaN,3151.5,0.7254151442899184,0.7254151442899184,1.0,0.7254151442899184,1.0,NaN
Track_1270,433,433,2,0,0,0,0,0,1.0,188.0,189.0,0.4396811493984052,612.40845953457,14.464632209935262,0.0,0.4396811493984052,0.4396811493984052,0.4396811493984052,0.4396811493984052,NaN,2075.5,0.4396811493984052,0.4396811493984052,1.0,0.4396811493984052,1.0,NaN
Track_1271,434,434,2,0,0,0,0,0,1.0,190.0,191.0,0.18147167141817602,512.8239265032349,291.7921233934328,0.0,0.18147167141817602,0.18147167141817602,0.18147167141817602,0.18147167141817602,NaN,1955.0,0.18147167141817602,0.18147167141817602,1.0,0.18147167141817602,1.0,NaN
Track_1272,435,435,2,0,0,0,0,0,1.0,190.0,191.0,0.9855999777219329,90.2743553597732,227.03060025261072,0.0,0.9855999777219329,0.9855999777219329,0.9855999777219329,0.9855999777219329,NaN,1676.5,0.9855999777219329,0.9855999777219329,1.0,0.9855999777219329,1.0,NaN
Track_1273,436,436,3,0,0,0,0,0,2.0,190.0,192.0,0.31139148226374985,707.8966513049173,515.6978514363856,0.0,0.3155153192735829,0.3928789263591692,0.23815171218799655,0.3928789263591692,0.10940866237453946,1675.3333333333333,0.6310306385471658,0.3928789263591692,0.49346491793278463,0.15569574113187493,0.49346491793278463,2.226562855418164
Track_1274,437,437,6,0,0,0,0,0,5.0,189.0,194.0,0.8021113520966068,641.615396530931,545.7481647884789,0.0,0.4253145042002572,0.679014677597259,0.14657194138021734,0.4564831186617826,0.24311346468071238,1750.5,2.1265725210012856,0.9261218653343907,0.3771850450314936,0.16042227041932136,0.3771850450314936,2.3263070614559265
Track_1275,438,438,2,0,0,0,0,0,1.0,191.0,192.0,0.6935592825664115,136.15969321013944,515.5092618720619,0.0,0.6935592825664115,0.6935592825664115,0.6935592825664115,0.6935592825664115,NaN,2134.5,0.6935592825664115,0.6935592825664115,1.0,0.6935592825664115,1.0,NaN
Track_1276,439,439,2,0,0,0,0,0,1.0,193.0,194.0,0.13740812330245664,593.198709155784,96.03579892568871,0.0,0.13740812330245664,0.13740812330245664,0.13740812330245664,0.13740812330245664,NaN,1693.5,0.13740812330245664,0.13740812330245664,1.0,0.13740812330245664,1.0,NaN
Track_1277,440,440,2,0,0,0,0,0,1.0,193.0,194.0,1.5407374270319727,445.6592889434604,306.54748161897226,0.0,1.5407374270319727,1.5407374270319727,1.5407374270319727,1.5407374270319727,NaN,1874.0,1.5407374270319727,1.5407374270319727,1.0,1.5407374270319727,1.0,NaN
